ech;Variable;mean;sd;min;max
1;C14.0;0.4304119045199779;0.15179761227624483;0.2908695748858791;0.6484434764828163
1;C18.0;5.47986822317962;1.2668468782775197;4.474839307052448;7.678740988093665
1;C18.2;8.88213578778581;0.3582978051693747;8.615598149372499;9.5050661520905
1;C18.3;0.3006973054216811;0.06918930664571828;0.21783178831368658;0.39975567964698805
1;C20.0;0.3972156721598148;0.04864282283593291;0.3234997871557561;0.4506169611287735
1;X9.cis.beta.carotene;61.280600659632555;19.93295039436375;32.777901873449174;81.12556425416462
1;eau;45.32658784493;11.408984203355324;31.805798506953725;58.89763310400154
1;ratio.alpha.beta;1.1718933983959274;0.12827638956045317;0.9900258605673523;1.339005654841457
1;ratio.alpha.natif;0.4855778594183674;0.022665934498714888;0.4519183964854325;0.5100942759219432
1;ratio.beta.natif;0.5170317054859375;0.017974520369777525;0.49826119281261827;0.5460281850319412
1;tlip.MS;74.20232171312773;6.160487006910507;63.50436669444378;78.6596806219532
1;total.beta.carotene;412.98035172212377;119.09665786530843;222.2219883691266;532.5590951760084
1;total.carotene;639.0740329918715;150.5568093166179;377.2801766663477;743.6075698795676
1;total.trans.carotene.natif;548.3726645572182;136.3223959197675;320.9510015313842;644.2583374605256
1;trans.alpha.carotene;279.5235082913865;75.16304401164652;155.96759044760873;352.8063444744678
1;trans.beta.carotene;316.60652681603295;121.57789816128984;173.59145409850814;491.6154416039741
2;C14.0;0.29896439068068953;0.036544310699320716;0.26532557822537506;0.3712616381537893
2;C18.0;5.45336130663341;0.8000378447740155;5.018557991349357;7.238219759436045
2;C18.2;6.664879249248948;0.12503161430954648;6.48917599149178;6.790854859324054
2;C18.3;0.5256127497090243;0.0475720600491515;0.4368587706612361;0.5671093597885359
2;C20.0;0.44943270685913383;0.024050056288202913;0.41206371199440733;0.4754388980615522
2;X9.cis.beta.carotene;233.3396615045997;17.77849718816988;201.70591045776575;251.96290930837966
2;eau;49.14780461974059;3.778370131603036;41.661821373437576;52.59527780680044
2;ratio.alpha.beta;1.313230404858467;0.09147627820857719;1.158115034824507;1.4557500186396086
2;ratio.alpha.natif;0.423205397919235;0.010049987656249029;0.41270040592510143;0.4402654441215275
2;ratio.beta.natif;0.5750374562644293;0.010748755048442965;0.5599616079000058;0.5905401182928298
2;tlip.MS;72.4951472082231;1.7674622345838937;69.71843463241942;75.07041937551737
2;total.beta.carotene;1667.5224410976577;88.0427644025155;1522.8669151370157;1747.465573461931
2;total.carotene;2732.323605563131;184.8009534044186;2433.5663791756724;2947.2194460047995
2;total.trans.carotene.natif;2279.337033129866;197.88728128145596;1955.9638119577132;2492.9646237158195
2;trans.alpha.carotene;716.5808992044833;45.82791838765023;671.5760638470941;795.0843086731142
2;trans.beta.carotene;1131.4672259841507;109.46529726892078;1019.3168162318459;1308.8225674063567
3;C14.0;0.40014593786911795;0.14106704608301723;0.28494021824173493;0.5885322063509353
3;C18.0;6.743532475727357;1.4624120801553309;4.912935700584902;8.178109128919019
3;C18.2;7.7326920447955025;0.23501734843055896;7.422869164456529;7.9754688559646
3;C18.3;0.36064019939777836;0.04543758756763557;0.3038487066657038;0.41542578904300703
3;C20.0;0.48323565351822234;0.011846821438452783;0.47068303925594107;0.502078414376688
3;X9.cis.beta.carotene;169.6680047493849;25.15415152838762;134.91164168213626;207.0147633505899
3;eau;34.2804453937353;6.682453316047197;27.56059358934603;42.931591506485226
3;ratio.alpha.beta;1.2187602230590717;0.17509902983473793;0.9820515642277193;1.4322610847534962
3;ratio.alpha.natif;0.4537501400676742;0.021927938995430676;0.41745663376608966;0.47856021803861304
3;ratio.beta.natif;0.5524911155943754;0.02604222312596426;0.5105516661602237;0.5855292497986142
3;tlip.MS;79.21049682515334;0.342318427610154;78.7850106058825;79.628035497371
3;total.beta.carotene;1134.8316607717104;410.0675762569406;660.031651254069;1608.947802428281
3;total.carotene;1974.7732736401576;800.4207428610772;982.8462676033993;2781.741895352579
3;total.trans.carotene.natif;1683.6895201570278;678.8044296311562;920.566611817228;2430.3551935804708
3;trans.alpha.carotene;606.9828643945428;90.42296225479973;493.2305323284531;732.8497096710807
3;trans.beta.carotene;837.0622184222888;189.539238966506;628.6526112619094;1061.1306821722778
4;C14.0;0.6356236526622909;0.10809225620410917;0.48795114779830934;0.8575383864909234
4;C18.0;7.32609347218385;1.0504713551641582;4.873928189559279;8.4103615939314
4;C18.2;7.504703996450611;0.2605500591919096;7.168338024953476;7.883496999272477
4;C18.3;0.34525566487092363;0.049547755723808096;0.27944657661515815;0.4060048560574658
4;C20.0;0.5109212092398714;0.018011258454873235;0.46707198598024574;0.5261516798974923
4;X9.cis.beta.carotene;147.3987713580614;41.908744522331986;93.74352030570613;193.00916470496924
4;eau;27.90546452717219;2.5353377362759786;24.495080206702873;33.414678731051985
4;ratio.alpha.beta;1.0935701897100354;0.14012175246811132;0.8566962568791457;1.2515092185542995
4;ratio.alpha.natif;0.3990273349760078;0.028733815345186802;0.3582902631372258;0.45729732134201406
4;ratio.beta.natif;0.599241394214553;0.02660272065685504;0.5488157404111231;0.6389742986969275
4;tlip.MS;77.462935807215;3.8960908134476737;67.82218927646616;80.28743772627286
4;total.beta.carotene;1043.8751303196077;217.87688015869134;677.0982099753058;1296.4469879024336
4;total.carotene;1632.9820061731189;340.9981799436761;1048.7881854562338;2044.1219627401258
4;total.trans.carotene.natif;1391.5198209745745;270.0459695932974;945.2455896685306;1750.4525848572323
4;trans.alpha.carotene;619.0905450821143;181.97652856560123;391.9235565768868;1024.0212190332009
4;trans.beta.carotene;767.6253219016722;158.44806033220664;574.1705734618625;944.4390667715061
5;C14.0;0.7282188193833925;0.087174906473129;0.623260154654286;0.84566544894604
5;C18.0;6.412639102435348;1.16557919374912;5.161067663022991;8.312590582826584
5;C18.2;7.316247035265567;0.40533672158570133;6.8381064345598395;8.062980503317249
5;C18.3;0.4126090593032251;0.0841013711820619;0.25997174579062043;0.5003648305931154
5;C20.0;0.4679947902334492;0.018204286630125657;0.44801305595633856;0.5047559706341557
5;X9.cis.beta.carotene;172.05537875006894;47.58638791009722;81.16331725185525;216.2541588880541
5;eau;30.895417040210997;1.3358503083245916;28.718480257059973;32.633245447281645
5;ratio.alpha.beta;1.1058367291921762;0.16915125706577494;0.9214904314554004;1.4940741507642903
5;ratio.alpha.natif;0.4149989671198182;0.022457813828434932;0.37419824413662134;0.4402776827590939
5;ratio.beta.natif;0.5793014693923231;0.026326353281664817;0.5582423033270892;0.6356001943492268
5;tlip.MS;77.9225899784511;2.5031179933498464;73.87629889254028;80.62268625741268
5;total.beta.carotene;1284.1346093103573;481.5608925030276;424.4963836917759;1671.5368749260745
5;total.carotene;2003.881663990151;720.4615771380671;745.2335765868427;2738.786834589634
5;total.trans.carotene.natif;1662.6118301889728;585.259038288981;666.2657083095581;2275.6235742004583
5;trans.alpha.carotene;739.2351784939594;253.84136295551772;357.7396997685596;1144.7845184543867
5;trans.beta.carotene;1025.765240073979;345.4827416090223;367.0168365781098;1351.9409192001197
6;C14.0;0.7438354125684006;0.20102615372945923;0.5895431478054668;1.0096856514845838
6;C18.0;6.922171646037943;0.8690666242362665;5.811048205339553;8.34281567807967
6;C18.2;8.585529594299574;0.417438361176094;8.055298568500115;9.189267304622184
6;C18.3;0.237565559294136;0.04416997462994133;0.17988941895938423;0.31226157302311885
6;C20.0;0.49738034780025275;0.024252960996100657;0.4540276824320238;0.5239643362414043
6;X9.cis.beta.carotene;54.6130814700795;21.54751738559431;34.67914735273964;89.0526733574469
6;eau;26.05260211991458;1.810895186166982;23.439978251614455;28.871342111614634
6;ratio.alpha.beta;1.2904968825891163;0.08446389955356623;1.1829106203858357;1.3964329476622406
6;ratio.alpha.natif;0.5036105371283836;0.020777282455825243;0.46805654282140496;0.5227041254333178
6;ratio.beta.natif;0.4991892853480772;0.023069445839705716;0.4753251838840902;0.5398840531063251
6;tlip.MS;79.61207661459318;0.35367065298400324;78.93138581350011;79.9630599657337
6;total.beta.carotene;340.516589356067;179.3967937053409;178.94401132291725;661.2424767026212
6;total.carotene;557.007469531065;236.16692119189608;309.5615618964676;941.558129206569
6;total.trans.carotene.natif;466.44986589174187;176.56994233069676;272.6672667139272;758.4577223769711
6;trans.alpha.carotene;262.8564025595343;95.7425535758173;157.7513406570951;417.93556038103145
6;trans.beta.carotene;227.31189574971063;110.98963208920699;132.9032172127761;435.7824326706999
7;C14.0;0.366250183724437;0.07133634503358917;0.27434175065227107;0.5000821796541088
7;C18.0;6.993461005302855;1.2718543158941829;4.948412252037137;8.367245058295
7;C18.2;6.867065261377259;0.37846906413178544;6.5966215035556335;7.803369915678194
7;C18.3;0.42330144127449565;0.07251436109385076;0.29541346025694304;0.5189436238661187
7;C20.0;0.46990911503500626;0.015282834019870732;0.4442329930505292;0.4939429906301176
7;X9.cis.beta.carotene;208.37629971031953;30.43356843541399;143.85343853788333;239.0577498713847
7;eau;36.71669675698976;7.75635089064773;26.262572117268732;50.36860012451154
7;ratio.alpha.beta;1.2694033218933403;0.12222745092211172;1.0651121224799598;1.4533448065224195
7;ratio.alpha.natif;0.44598836594342917;0.028046224218181315;0.42209924093329915;0.5111655074093693
7;ratio.beta.natif;0.5547206752737909;0.037300273032449885;0.46632650106312895;0.5902965670167394
7;tlip.MS;75.66255511723885;3.4261687113430237;68.08494944965047;79.65791874755494
7;total.beta.carotene;1398.8220337956143;312.2908765935895;817.4031191725055;1751.1629101654821
7;total.carotene;2289.985483178821;502.5227966248944;1325.309842881358;2800.0863370475563
7;total.trans.carotene.natif;1888.8497941881328;444.2368145981186;1037.5531204399915;2365.1808174153366
7;trans.alpha.carotene;637.1743741476055;103.96433273751198;493.7557300720683;796.8119899708073
7;trans.beta.carotene;1055.00484042263;196.59668108035447;740.4449798799532;1232.1234345252813
8;C14.0;0.356528637378268;0.05753628593842774;0.2728418981968332;0.4362505731431468
8;C18.0;7.343250770407809;0.8420158114020273;5.72941477325145;8.07476357609032
8;C18.2;7.9492168665681;0.45840311261708605;7.339953152347594;8.611369491091114
8;C18.3;0.3372141234465488;0.035938029152640716;0.2806084802790095;0.3862804969487808
8;C20.0;0.48538470469779144;0.020047591904756013;0.45376335885487845;0.5217954780892857
8;X9.cis.beta.carotene;145.28482548928062;42.41214745329716;65.90373088513626;198.84610880844062
8;eau;29.390249789380928;4.173142229584676;26.617912813025143;39.11002806078879
8;ratio.alpha.beta;1.14511974321555;0.09643345448267847;1.0231362267094486;1.3077588285186
8;ratio.alpha.natif;0.49539946184132905;0.009551822324563187;0.48438814118589385;0.5072921213851003
8;ratio.beta.natif;0.5061392373720841;0.010582741913013755;0.4893885964814003;0.5225943161009371
8;tlip.MS;78.72793651427068;1.3571224247032587;76.30424873891185;79.95414901226039
8;total.beta.carotene;862.7290574031952;307.39670040580194;532.723087183072;1338.3168043594032
8;total.carotene;1437.1617231040696;509.6659904627044;936.9218416553439;2318.0009871747957
8;total.trans.carotene.natif;1186.4813706647724;416.4900532664863;776.1394764808567;1906.8680383239473
8;trans.alpha.carotene;470.1404113942485;101.83914784916949;338.0772776727933;612.6713231417052
8;trans.beta.carotene;703.2323776274762;209.09848197718273;449.17188963971734;986.8901049697697
9;C14.0;0.45456699981485277;0.15050910843941048;0.3279752018778563;0.7071707134045971
9;C18.0;6.264312771921194;1.2070638087530237;4.740980269799377;7.930281805297122
9;C18.2;7.562155508580845;0.596417010313641;6.869585888529953;8.541557776271091
9;C18.3;0.32994224635122305;0.04811129848354255;0.2809122704067498;0.3930677240329635
9;C20.0;0.4228289789099377;0.027375883933203973;0.37582658220387477;0.4564403113936733
9;X9.cis.beta.carotene;110.2060111376904;62.157689735503;48.17972122220089;193.47625123333484
9;eau;34.38121242411494;3.9629823231985872;28.275275520062387;38.84047490014446
9;ratio.alpha.beta;1.2511716209798507;0.131121150371148;1.0194175054738799;1.3623947110058403
9;ratio.alpha.natif;0.4920210149311775;0.03518482214038037;0.4575370479929065;0.5485591944812029
9;ratio.beta.natif;0.5053437822078183;0.03727967173544133;0.4473414622032144;0.5473040985601145
9;tlip.MS;78.22720694112168;1.7138783492829293;76.45605784626386;80.777679117842
9;total.beta.carotene;855.4714236785143;594.8884501127923;370.52296524314755;1701.7164787275585
9;total.carotene;1367.655070475601;888.3436168634411;589.0815680259234;2672.2552730352736
9;total.trans.carotene.natif;1175.9814354403238;695.1059181677192;587.0069486486514;2218.0132320675043
9;trans.alpha.carotene;508.5482882345074;209.05175422822586;267.39720522146325;841.0109392608908
9;trans.beta.carotene;584.9916853837823;355.55418592915765;241.78657614746365;1062.3856012878605
10;C14.0;0.6408567515435021;0.12243973091324532;0.485391059209523;0.7754648605020644
10;C18.0;6.465995798771954;1.4559054082543095;5.197155180305645;8.528823999968905
10;C18.2;9.065994810188368;0.8106741220053654;7.771975464328052;9.762859193616551
10;C18.3;0.3021830559117763;0.09015527071376025;0.2248045088853883;0.43785110635822044
10;C20.0;0.4626590876075521;0.061664016496983345;0.3724678697628773;0.5323854692652988
10;X9.cis.beta.carotene;102.83181330298073;51.59160840932389;62.116239375140225;183.12029656109272
10;eau;23.487681012795;1.6893200756172355;21.673463266942832;25.279157000705368
10;ratio.alpha.beta;1.0800246634091542;0.2425358652313115;0.7792801239089969;1.34514470503494
10;ratio.alpha.natif;0.4473661185649084;0.02923182301307237;0.40876260438480744;0.481050675082715
10;ratio.beta.natif;0.5554966104923247;0.02661904825779571;0.5255145775882336;0.5875634242990642
10;tlip.MS;83.20081397385853;1.7575277744373419;80.35980009029583;84.7030592552947
10;total.beta.carotene;690.4449906699394;375.72177707265246;395.4014237481801;1166.4624441387546
10;total.carotene;1238.70022197109;617.8513668133102;746.5247901187633;2021.0822363804753
10;total.trans.carotene.natif;1061.4468658178519;537.9566899412115;617.2829629563201;1764.7115478383191
10;trans.alpha.carotene;481.0348914409283;227.12931243869124;285.7526479889027;800.7336119704061
10;trans.beta.carotene;579.25108182262;328.99915465208716;311.7217838788371;1086.5501081332382
11;C14.0;0.32320642500781765;0.050934882692046816;0.26248982684646405;0.38046605847245873
11;C18.0;6.791955241681712;0.9981203969687017;5.490478802037672;7.735575179972662
11;C18.2;7.536631053304504;0.24871050147422405;7.200720103023926;7.853632429388486
11;C18.3;0.35578873667899463;0.02651089247923152;0.3232850733317541;0.3951049988719966
11;C20.0;0.4775996532842403;0.023031523806514888;0.4511265772242002;0.5189182896688098
11;X9.cis.beta.carotene;165.5292152083883;34.27417508179189;100.31596981934322;193.59528727935714
11;eau;26.73891260875885;1.7464653369410812;24.500713517646194;29.172709202871115
11;ratio.alpha.beta;1.3095652804259104;0.1322627181267307;1.1328753514797154;1.4505905645866948
11;ratio.alpha.natif;0.4660963423384819;0.04169071281383562;0.4243923537477162;0.5251884618260829
11;ratio.beta.natif;0.529626763042051;0.042380484013292356;0.46429669002013185;0.5667574462087422
11;tlip.MS;79.97881376302645;0.46017234691145537;79.2809710129247;80.69188782748002
11;total.beta.carotene;1110.58807684602;284.49334246815584;576.3156271539898;1392.06973697393
11;total.carotene;1932.5954210655998;564.1253470439345;997.4490708838347;2675.389089629358
11;total.trans.carotene.natif;1624.4545377485883;469.12274671926207;834.1290201503973;2233.222545696721
11;trans.alpha.carotene;738.2105375925495;43.6074944245798;677.3835347229684;787.9785439151757
11;trans.beta.carotene;950.4999133681646;247.40473461350194;466.0782864420173;1161.598067665279
12;C14.0;0.5843734051168266;0.22205730777255192;0.4107360091197341;0.9115218441185916
12;C18.0;7.3611244370573905;1.0277810292059812;5.772949756694507;8.548741729906249
12;C18.2;7.950084278951964;0.34713414044923063;7.66985242752204;8.65295045972066
12;C18.3;0.35838247451847566;0.040463233719287825;0.3131527544708512;0.4264466108261202
12;C20.0;0.5062456202303001;0.01373579241190834;0.49164101419523365;0.5223802326032652
12;X9.cis.beta.carotene;130.56814024495173;26.973962284938175;94.03915252511217;161.28207251962473
12;eau;30.4485486726342;3.8602402768372364;26.671765526413136;37.92444122407953
12;ratio.alpha.beta;1.1261952081603102;0.22416837942106743;0.858544076355157;1.4348002725078774
12;ratio.alpha.natif;0.4343138562079095;0.02583682763756517;0.4036859205665186;0.4668749360330575
12;ratio.beta.natif;0.5571371256492491;0.02600936157410372;0.5267242203428697;0.5986113105646269
12;tlip.MS;79.32347930504453;0.3172230153964941;78.88421875169483;79.67393030246693
12;total.beta.carotene;1100.6758533202526;237.03025447436775;784.703384601939;1415.4958214120563
12;total.carotene;1736.3866174073635;304.1871964221174;1201.6955385747058;1962.2292990836647
12;total.trans.carotene.natif;1467.4738799793854;241.40834891088122;1118.856333449378;1671.0526900806844
12;trans.alpha.carotene;693.8639995621132;249.62761303670501;413.0157400915915;1107.932156870749
12;trans.beta.carotene;871.7363730932575;214.15839788768102;619.1820182057705;1142.379003065797
13;C14.0;0.4224160204984944;0.06562968850107154;0.35178743921843714;0.5367534005887834
13;C18.0;7.3023494394659245;0.5894079682873468;6.21021429648736;7.91372668243738
13;C18.2;7.991230235362146;0.32608409621261447;7.6391367027009744;8.422954158739799
13;C18.3;0.24297325503148948;0.03389888009515981;0.18019705504432884;0.2812456561457678
13;C20.0;0.4531850334127015;0.02545729625799315;0.41255437393958133;0.4854356941004827
13;X9.cis.beta.carotene;57.162844755239156;13.092159019431543;46.21588840070551;79.4984880437338
13;eau;22.86026077870261;1.7952766161473555;21.37802035125149;25.797262960705922
13;ratio.alpha.beta;1.101002824614252;0.1476589013231562;0.8265354949973313;1.2499908275047458
13;ratio.alpha.natif;0.47546312291504567;0.015218579889746356;0.4543256173748963;0.5000173854799269
13;ratio.beta.natif;0.5233022016167581;0.015243948422322275;0.504977353368115;0.5485999764634446
13;tlip.MS;81.026294844605;1.338150089265327;79.97757448379687;82.8132387243655
13;total.beta.carotene;510.4077548623039;218.89594515068308;234.3696982245852;891.1026659653478
13;total.carotene;843.14543337762;365.5762560720231;379.22472520364283;1478.7937916396288
13;total.trans.carotene.natif;732.8300690054899;309.01676794546324;322.2398423927834;1258.4349793567476
13;trans.alpha.carotene;334.57246409920094;114.88365021740213;175.3983936155213;457.4092615407335
13;trans.beta.carotene;330.7084595758078;124.54083586750407;206.88567469196528;536.9043558269132
14;C14.0;0.6357755484836639;0.03669802397956615;0.5961317670742119;0.6912592752468063
14;C18.0;7.7862398685783765;0.7775687851646508;6.7169653029917376;8.511846153092216
14;C18.2;8.017468718075612;0.42216765693102554;7.07621379320156;8.366224927909162
14;C18.3;0.29918377105367544;0.0483694514781719;0.23096155664592513;0.3877534146131868
14;C20.0;0.4429945086655053;0.015444290378485374;0.419548413017734;0.4713121606708894
14;X9.cis.beta.carotene;97.19250586850794;57.60641609973303;44.884963998221174;198.6410881359803
14;eau;25.967166253644816;5.246801565475963;20.91732490383819;34.08684735657866
14;ratio.alpha.beta;1.0829926004402213;0.1615859632354879;0.7867603666374169;1.2765219909252272
14;ratio.alpha.natif;0.46026804987975456;0.019481534751200298;0.4219564526973536;0.48785071821611686
14;ratio.beta.natif;0.5408347314008485;0.025126905130426404;0.5041084602030512;0.5819895904309376
14;tlip.MS;79.55792096568763;0.9920156828794533;77.94885708782381;80.77458563177258
14;total.beta.carotene;663.1208313744801;296.1393690591202;379.1229288934673;1224.711983378807
14;total.carotene;1111.52570894031;511.0833530581746;644.6780107162166;2154.6039944661698
14;total.trans.carotene.natif;955.7939179883226;398.65862277556243;592.2134784915357;1802.5401525523293
14;trans.alpha.carotene;487.0747363026406;263.43233708811465;299.8112943057427;1099.273793188864
14;trans.beta.carotene;477.4643985637743;211.59563551850806;221.2475869264867;840.5262926253059
15;C14.0;0.5820199870636583;0.18834547847760713;0.38298278178521816;0.8185641320798274
15;C18.0;7.5416973218211005;1.4189162521134708;4.786567494059351;8.988546769316029
15;C18.2;8.316711358374048;0.47626450862424924;7.641963878997236;9.103449364041477
15;C18.3;0.2750099869997864;0.06451634784970425;0.20301915924669506;0.4196548203691626
15;C20.0;0.47166477822329206;0.038793548407380495;0.3823663862586622;0.5088580374400182
15;X9.cis.beta.carotene;50.32664488055602;23.17015917506228;34.73344264028084;108.97102085997197
15;eau;28.167297254645455;5.0088119475955795;23.477934049186352;40.42035672197908
15;ratio.alpha.beta;1.0761600342773585;0.16625817981589952;0.88578290068912;1.3613765971603502
15;ratio.alpha.natif;0.46346381509718815;0.027850915966735505;0.414039009494199;0.505930334554279
15;ratio.beta.natif;0.5295233071064841;0.03041992038043417;0.4755367905344724;0.583383073110435
15;tlip.MS;78.36394672366212;2.588167680479746;72.49588510617004;81.12932251405138
15;total.beta.carotene;340.9582135006171;261.0906536980614;187.41979891269716;991.192381606802
15;total.carotene;587.2505806930707;494.31073883902945;321.2767702972848;1849.9755712246306
15;total.trans.carotene.natif;517.7594909541538;433.39648588070884;266.4851827635693;1606.0431623913946
15;trans.alpha.carotene;259.2551104033296;204.1296634013504;142.42608231060186;761.2924098198744
15;trans.beta.carotene;254.21861806056074;187.39181992486712;142.28506114915777;739.6402206261946
16;C14.0;0.427106296039346;0.1056069971277925;0.31705932699388883;0.6334326995621737
16;C18.0;8.123286176951199;0.15902235107601487;7.929956905531636;8.384520538166594
16;C18.2;8.230497345062988;0.41539753283265435;7.519235980221469;8.774364136241696
16;C18.3;0.2771938119304645;0.044871640932452106;0.21389711014078988;0.3343234998910647
16;C20.0;0.4868242241282566;0.024156121503988236;0.4558680442551609;0.5275142393337483
16;X9.cis.beta.carotene;78.15350063903377;44.3852533633922;41.701224192750175;140.89054727196623
16;eau;28.643512622337692;2.4958038372083506;23.810419395945715;32.09758142272713
16;ratio.alpha.beta;1.0275828340753717;0.12369424054387566;0.8795365065707602;1.2000365405482563
16;ratio.alpha.natif;0.4621532279354118;0.01890630903780905;0.4455762021816995;0.5037947429842647
16;ratio.beta.natif;0.5362194165428515;0.024312905612337423;0.48158019747955194;0.557547228232669
16;tlip.MS;78.51337548472554;1.2495726138747367;76.43387677519287;79.84134057100383
16;total.beta.carotene;519.5672131210965;357.75537885942566;223.6525384457234;1114.064183170576
16;total.carotene;857.0783989692676;625.9574185306823;355.2568809153843;1955.5401212207373
16;total.trans.carotene.natif;751.5589718981456;517.9940306317579;285.2054565177293;1685.6399818661926
16;trans.alpha.carotene;298.8461748094934;149.60252253652965;171.4077227790455;524.9623508208668
16;trans.beta.carotene;397.9485062753156;245.34569422025132;183.8616626423981;755.3108145462515
17;C14.0;0.4075728235508332;0.04573593941477204;0.34697503293543874;0.4497959733694212
17;C18.0;6.800382810664018;1.065020040937854;5.056408435725212;8.0924857142992
17;C18.2;7.729690208191383;0.18518405128552284;7.505951038447233;8.009916218804676
17;C18.3;0.19844218608701591;0.02813840772270301;0.16376263531086419;0.24805063253375212
17;C20.0;0.4487612920972262;0.011759221858441632;0.43877336786624405;0.4701300136390871
17;X9.cis.beta.carotene;52.66257640966412;7.127157077581379;46.65057737842454;66.6510158715295
17;eau;22.56199191265651;0.864405748276136;21.28136339293532;23.974629095743175
17;ratio.alpha.beta;1.0259269356506495;0.1459670543387169;0.8855463010947625;1.2976911913921862
17;ratio.alpha.natif;0.4542301559865722;0.011753801369274732;0.4386729984458295;0.47413240348548114
17;ratio.beta.natif;0.5445537027919067;0.009913160785331162;0.5302913678343998;0.5564455861452469
17;tlip.MS;82.4909425813228;1.9640960214759577;80.14181607907966;84.76925668179801
17;total.beta.carotene;328.9061899047983;72.58228300368013;260.4802239156154;427.89353292386215
17;total.carotene;546.7913822907271;160.45081770564616;424.6656259206865;827.9165755589
17;total.trans.carotene.natif;473.2305494118431;104.15916696275464;383.16924789590405;633.6386773180107
17;trans.alpha.carotene;244.8852321198738;78.31140651680238;180.06094584223243;386.96946679135914
17;trans.beta.carotene;236.125458737042;38.80718120673618;193.2671909594352;296.91882435821907
18;C14.0;0.450846086751981;0.051787676617170694;0.39977216557553086;0.5440428668155828
18;C18.0;5.411505255207557;0.8711236740603436;4.78016550437099;7.165181878758103
18;C18.2;7.770478127284157;0.21955792954855952;7.434852070617934;8.014609756628523
18;C18.3;0.35832113089594375;0.027343675697348843;0.3291250334959125;0.3997199370695843
18;C20.0;0.46665463944127655;0.01672202490075819;0.43712981712067567;0.4829992775730805
18;X9.cis.beta.carotene;154.58362706459397;18.150181982987256;136.58888579409404;180.44078106644199
18;eau;29.08845957204122;3.6590547952004444;23.99351931555927;34.02696322260394
18;ratio.alpha.beta;1.0170719166230662;0.154008410601788;0.8307866801862244;1.2017198655765666
18;ratio.alpha.natif;0.47047723642379324;0.027490933301289523;0.4293011595099918;0.4980661397960687
18;ratio.beta.natif;0.5307248795256484;0.03043098655514011;0.49226213643813743;0.5707419396368714
18;tlip.MS;79.64060124912577;1.2093534513159139;77.3455721466244;80.64275659125167
18;total.beta.carotene;1245.7278752829652;208.68729094069826;952.9998091216762;1523.3255661117066
18;total.carotene;2063.677663057308;359.9095352740226;1603.7527920427517;2471.7988826596684
18;total.trans.carotene.natif;1769.4510623197557;313.4077845937124;1326.0799851792149;2096.6031656209375
18;trans.alpha.carotene;776.6872625690611;204.22075755685032;555.6563308758599;1076.4972420372249
18;trans.beta.carotene;894.9593422561649;124.77345302042838;764.0519223566837;1097.7640084731318
19;C14.0;0.3751389392168317;0.03857509775533088;0.3230133329272204;0.4506265084177842
19;C18.0;8.050100223084344;0.31398285894442646;7.750110826749997;8.669229502346367
19;C18.2;7.590031954015397;0.22986471463608324;7.244036880129899;7.817341618255463
19;C18.3;0.3179343743294552;0.04187921125992396;0.26287667265402687;0.37972623269072225
19;C20.0;0.507230823574796;0.016304920874788145;0.4726872852909568;0.5279237543865763
19;X9.cis.beta.carotene;150.65210576573196;34.0845795347107;101.6879794002856;200.3062107925093
19;eau;29.48209522754399;2.6469134786491773;25.757280645224483;32.98102517038146
19;ratio.alpha.beta;1.1465367528481831;0.19716180717987808;0.9112827570464686;1.4270887990179097
19;ratio.alpha.natif;0.4083573802310093;0.01291589005090321;0.39436173836733873;0.42857058067068704
19;ratio.beta.natif;0.5932883828107632;0.010430515968656205;0.5785052919676843;0.6115988765412035
19;tlip.MS;79.27236508176966;0.9422590207852569;77.44125266617982;80.46622984704423
19;total.beta.carotene;1078.2296742595274;282.4704394041651;631.6911580185449;1341.3218125679603
19;total.carotene;1753.6986159338412;397.05251521706776;1106.0938485078184;2054.243271642388
19;total.trans.carotene.natif;1444.4876446540077;343.3945573128804;843.3108985823123;1708.9035120801898
19;trans.alpha.carotene;567.8565256143612;96.53287889160075;450.6864039768699;711.9515038335028
19;trans.beta.carotene;827.5224178394784;245.54877188058714;530.3097994350584;1188.3850610441568
20;C14.0;0.8333364952626313;0.08291746792500582;0.769206213174891;0.9722633088943459
20;C18.0;4.770839193159385;0.22817707013000896;4.584475688024908;5.159712293387
20;C18.2;8.420825013572067;0.2753569894124407;8.108067914879184;8.715605957784692
20;C18.3;0.22519822354159208;0.030700650463740785;0.1743102189608088;0.24935467286389662
20;C20.0;0.3960035170293374;0.02559884652183523;0.3549394358245604;0.4184845233884266
20;X9.cis.beta.carotene;43.70810374494319;2.3536422286828964;41.73401572784269;47.58114016184666
20;eau;24.936811972267794;1.6591271680256385;22.662321321139075;27.025800770083688
20;ratio.alpha.beta;1.1875065941460292;0.09600919948766301;1.0544395236498771;1.2971392249500744
20;ratio.alpha.natif;0.5113726098938828;0.037891677303676194;0.46956787335275807;0.5629981215623863
20;ratio.beta.natif;0.48317294146110445;0.04139431934016091;0.42755713863676953;0.5290966100242531
20;tlip.MS;81.39582753578979;1.838953151202181;78.99762506188858;83.0352443733489
20;total.beta.carotene;262.7034934175547;89.69201406451712;174.91475660324258;363.3432377278681
20;total.carotene;436.001743534681;128.2687964940464;298.71707247343994;580.7580812596467
20;total.trans.carotene.natif;377.741187297492;136.04497264149035;242.8692574437464;540.409107085372
20;trans.alpha.carotene;225.5662155131426;55.500913097931914;165.0983124291935;283.8462940097042
20;trans.beta.carotene;171.56153085077275;67.69554132459892;125.1862770380475;283.26120899779414
21;C14.0;0.8672226997687054;0.20811685735692956;0.5674194283698023;1.2334449030762407
21;C18.0;6.782140215895311;1.5020034389159136;4.714676773957309;8.583832573293353
21;C18.2;8.32993327124529;0.4516549588130255;7.60317549203308;9.126252165844885
21;C18.3;0.3048110784519168;0.05896479741567937;0.21374751685379356;0.40517199982185226
21;C20.0;0.4527740736223219;0.024167621995394968;0.4048922166644944;0.4901872593101077
21;X9.cis.beta.carotene;92.5146763477832;52.60975642533442;43.711450336745244;189.6128877106554
21;eau;25.6260436573356;2.2681867883028093;22.09654813232133;29.337594416357277
21;ratio.alpha.beta;1.07562257618442;0.19205876538531336;0.8225685583660913;1.3909418831612197
21;ratio.alpha.natif;0.4525292646028868;0.01393886769405215;0.4368080239800032;0.4863691206915108
21;ratio.beta.natif;0.5414332807428632;0.01461938882917332;0.517131144185118;0.5605291852798274
21;tlip.MS;80.64500592323493;1.9377838475276516;78.23204607577586;83.58684565922506
21;total.beta.carotene;758.1332375524591;506.94927685279305;287.26198285110854;1546.3924820080263
21;total.carotene;1283.5088662792418;849.0789277856816;474.04112530241264;2593.156222905432
21;total.trans.carotene.natif;1092.2684740643117;699.2320660397742;422.15523712017267;2158.810348983685
21;trans.alpha.carotene;402.53849013254836;224.19811902687576;175.00987968147314;822.6009465628495
21;trans.beta.carotene;516.8211461449519;281.5629344645856;267.4411473374466;998.5280571910982
22;C14.0;0.9929467222210389;0.07603636520885357;0.8527293429411181;1.1027148511832419
22;C18.0;5.9587823811202245;1.3086378299449717;4.59134968849138;8.215918514100185
22;C18.2;8.692527203750897;0.3084064609061575;8.179952095805026;9.12170631259639
22;C18.3;0.33236640933807926;0.047115180703529914;0.2825629058257864;0.41893859928110805
22;C20.0;0.40709799513942707;0.05028386228869659;0.3264283060676895;0.4670154038224528
22;X9.cis.beta.carotene;81.65394485060449;26.671828648980828;56.438485922497605;133.45517702859996
22;eau;28.817626446648585;4.947752675585344;20.364281413419686;35.20744422855576
22;ratio.alpha.beta;0.9694749017755732;0.15680802180117182;0.8168720609006885;1.2272364284611232
22;ratio.alpha.natif;0.45839898521950556;0.030455390143340665;0.4036450670719634;0.5053382003130525
22;ratio.beta.natif;0.5415936169681119;0.03205960717632966;0.49052307628400676;0.5908414182876384
22;tlip.MS;77.23702732985949;3.3240026434777876;72.18789985085091;81.34129074891486
22;total.beta.carotene;777.5598006222333;368.44293964879114;289.2862513606755;1324.4202833459929
22;total.carotene;1258.3077808621795;585.4421357874621;465.0371494168815;2114.8631057155853
22;total.trans.carotene.natif;1127.1742549048056;524.5033152835404;411.661522735532;1927.5913056121678
22;trans.alpha.carotene;441.83648279392486;218.78557905296512;181.6342832716767;876.9166033447689
22;trans.beta.carotene;525.0829385401466;217.71422473802718;231.43797026643654;850.4084584617689
23;C14.0;0.8439717635915178;0.20850979180140558;0.5617664860412187;1.105199350928352
23;C18.0;5.248243503888202;0.3379261336170793;4.849264800295589;5.778483446361631
23;C18.2;8.946916958558617;0.3744363257536485;8.677181305311422;9.65235038795002
23;C18.3;0.28153800205281315;0.045383226452745555;0.24658821695486627;0.34366898638620397
23;C20.0;0.4396722994998828;0.013050014737778903;0.42701564056957575;0.4634042836848264
23;X9.cis.beta.carotene;99.48196088579935;51.18415258527804;59.40349737154428;165.6341774334459
23;eau;22.957321035253326;1.46348625704424;21.368215854191813;24.89896597117167
23;ratio.alpha.beta;0.9977268123152285;0.05924200226301341;0.9178319680570396;1.071905458295712
23;ratio.alpha.natif;0.4556948272074559;0.0132008241763622;0.43777475584582143;0.4718306803573428
23;ratio.beta.natif;0.5427495095955622;0.015221564533190164;0.5196455587610598;0.5591154773294756
23;tlip.MS;82.39225927864793;1.8724933586438932;79.63312349004272;84.30310662304714
23;total.beta.carotene;733.1945339425146;485.4891168083766;387.5571581732038;1465.3998068902438
23;total.carotene;1321.6804823689106;761.7518842833765;682.3269817344751;2457.745364156934
23;total.trans.carotene.natif;1113.9734640971885;680.309499226602;575.018972146089;2121.4783936316653
23;trans.alpha.carotene;521.0110781715122;248.39820125097208;331.92096346342584;933.6777674369483
23;trans.beta.carotene;508.9251135040485;268.9914227456812;288.47333520477787;903.2885067388052
24;C14.0;1.2396661700730516;0.1208519572420861;1.031575172375536;1.3840408655853087
24;C18.0;4.817463339826466;0.18715510798558868;4.649130821548486;5.066502922303742
24;C18.2;9.244912258682623;0.5128085928488525;8.21969099725961;9.642960411408934
24;C18.3;0.2883915026651185;0.05152187014488773;0.2171028550393119;0.3531397109906789
24;C20.0;0.4035101004988311;0.05094093152024043;0.34877322534716676;0.4707620725542993
24;X9.cis.beta.carotene;112.78102012246633;56.357826610464244;53.92947556901926;176.88096416433166
24;eau;27.144974654341592;1.7264200872269977;25.461541776720225;30.0155912409075
24;ratio.alpha.beta;1.1442376036123287;0.2041549304706309;0.8970185668778542;1.4180441906866608
24;ratio.alpha.natif;0.4965903501851003;0.027679029733218962;0.4629426069220657;0.5466006940656043
24;ratio.beta.natif;0.5055018569388184;0.03028274266611437;0.4457579522852268;0.5296645314020124
24;tlip.MS;80.07376229622297;1.8136383554165556;78.39643282400075;83.22220490773785
24;total.beta.carotene;771.3226284736543;464.79712442801844;368.0202562504959;1470.7477589674816
24;total.carotene;1337.6268665064383;809.9171666717666;668.1567292428082;2452.885786111493
24;total.trans.carotene.natif;1164.5464568132004;713.8454209162983;594.7547164048482;2196.261126663498
24;trans.alpha.carotene;553.3269344687083;245.72833462954216;299.8221968887612;988.5592942226443
24;trans.beta.carotene;537.1247968252652;263.64312241840594;263.39904416314823;798.0354146511755
25;C14.0;0.7091612970136034;0.062004013165917714;0.5852268412268063;0.8299829052344923
25;C18.0;4.896072535691734;0.666229437211857;4.409863868008305;6.795959773903389
25;C18.2;8.9967911391558;0.2681618554182148;8.584398333277354;9.376939197979885
25;C18.3;0.4039304835070057;0.0486663350429011;0.3098227561245336;0.5062076460371248
25;C20.0;0.3717122986602614;0.025609086017681398;0.33526595242294116;0.4329337953354704
25;X9.cis.beta.carotene;94.16544526408615;48.45885443956214;45.540394679782715;224.92221225563952
25;eau;47.46968051055496;8.301236475165114;29.574000523424814;56.03032295779429
25;ratio.alpha.beta;1.2769804551159047;0.16416710381743962;0.9454249764321438;1.4696148300986422
25;ratio.alpha.natif;0.5184064802329097;0.026794410375681522;0.47473627309477145;0.5615908476664206
25;ratio.beta.natif;0.4791647505962236;0.030293561943706027;0.43593336980875996;0.5298768441500621
25;tlip.MS;70.27624003877497;3.15232660201856;65.6479795805599;76.12728539949637
25;total.beta.carotene;796.6169743660934;437.5514395371223;237.01530820892665;1708.0473137545857
25;total.carotene;1273.763805025301;696.7424958857778;401.4241930333179;2832.1606190705083
25;total.trans.carotene.natif;1095.2525455036075;615.1751706951258;357.0490831257109;2464.1163578395244
25;trans.alpha.carotene;433.51600873337134;257.3621989980608;182.18134869460025;1162.723965580654
25;trans.beta.carotene;628.071157623085;317.09357225539236;173.9036568509747;1117.3226073517246
26;C14.0;0.9457999616925045;0.09643560694437572;0.7961696029699744;1.0425733755559887
26;C18.0;5.212277256159886;0.5812101070407353;4.716092631045065;6.208283537955245
26;C18.2;8.302878346697007;0.37773251932799684;7.828646247453503;8.801960328888873
26;C18.3;0.32218997379073333;0.034323287648135394;0.27683632060735036;0.36471044572717753
26;C20.0;0.419166164262101;0.04244733680107578;0.3618221706876432;0.4634081487285497
26;X9.cis.beta.carotene;101.92234425540175;37.482659429762286;62.62258804918801;149.51894514421554
26;eau;22.07638956596843;1.2569835588572627;21.41072357031909;24.628247499608392
26;ratio.alpha.beta;1.1697321842217385;0.18230975369430338;0.956757743055345;1.407022769787636
26;ratio.alpha.natif;0.48417809858643696;0.025000109833285298;0.45840263466435366;0.5220848795785522
26;ratio.beta.natif;0.5166145170518116;0.02707244884269325;0.4720331202000819;0.5422630512217608
26;tlip.MS;82.21943448838644;1.2846696306007679;80.46217205968695;83.827366198998
26;total.beta.carotene;818.2507073461074;413.294650012133;437.15702478802655;1389.5336146162438
26;total.carotene;1464.7626071795137;810.9389299710521;761.7746324199719;2555.115319261859
26;total.trans.carotene.natif;1256.844367489765;661.338969750267;656.9322355453763;2134.3297294316535
26;trans.alpha.carotene;535.9918597894947;156.49165924271244;375.11354376586166;754.2729426129428
26;trans.beta.carotene;561.1059923305053;201.73155814597578;343.4129055769643;854.348481270948
27;C14.0;0.8831167540376612;0.16136285058266603;0.6856400834914708;1.135197952588547
27;C18.0;6.173994966302329;1.1632097117209073;4.64936406205853;7.920610937851539
27;C18.2;8.5036973196365;0.4293486231351915;7.8442489346742805;9.412606217844846
27;C18.3;0.29896375102898576;0.042011963664040766;0.23664322198002494;0.3520622215870175
27;C20.0;0.4503747675277479;0.027604759049824436;0.4168789626419962;0.49530183860428073
27;X9.cis.beta.carotene;82.83419272441986;26.775960911386285;52.77813155139246;143.67965641984608
27;eau;21.629684194512766;1.4133390064435138;20.18786051410844;25.190508213785442
27;ratio.alpha.beta;0.9718345193880815;0.1610707932046866;0.8203282051225476;1.3364438943448667
27;ratio.alpha.natif;0.4601027793616792;0.022635400736547094;0.4297636602954711;0.5006933079691361
27;ratio.beta.natif;0.5419654926746212;0.02325546959255502;0.497135600298009;0.573236997323633
27;tlip.MS;80.39218163291507;1.1549830667369632;79.26544701581923;82.68068693956698
27;total.beta.carotene;646.4863983645812;237.3327495980341;368.6688575942568;1073.0841542394276
27;total.carotene;1100.990863854772;363.08372710354143;548.4700145292971;1672.060188535291
27;total.trans.carotene.natif;953.4909580109536;327.29522033584925;512.0408901636455;1475.8401402028373
27;trans.alpha.carotene;458.2002603516688;209.63296543471319;185.07644941632208;979.2787904382435
27;trans.beta.carotene;491.49005864187166;152.79361477072462;289.22700213759833;748.2135014070283
28;C14.0;0.6692126450742435;0.10764860046984719;0.5084132710078839;0.8672834397258046
28;C18.0;4.893848949223721;0.17171208300583288;4.69513735665953;5.182506577550111
28;C18.2;8.270554473652385;0.3644702456165614;7.807739763154797;8.95435794458639
28;C18.3;0.40822629689626067;0.026853505181484872;0.37445299059490855;0.4389700993465524
28;C20.0;0.42495931516219126;0.011347613339445813;0.40615287956185797;0.44352366853699476
28;X9.cis.beta.carotene;173.90873362193847;15.569227573890926;154.21093030086527;200.82962837425384
28;eau;25.250408117382854;2.2669466813671937;21.235023971768584;28.386263126272702
28;ratio.alpha.beta;1.363047209689436;0.176877164435429;1.0334404678084606;1.535594363021002
28;ratio.alpha.natif;0.48694622803393905;0.009570933129964468;0.47114156094528725;0.5009578930588648
28;ratio.beta.natif;0.5145481333232459;0.008693585785025366;0.5032717332370372;0.5274604781228797
28;tlip.MS;81.09747717135433;1.719445570268243;79.06583534367907;83.38354496421621
28;total.beta.carotene;1267.7911402923821;183.25173835246903;1097.8665541384935;1567.5273615162957
28;total.carotene;2357.345670404876;270.12907840093044;1999.107955468254;2779.338757605865
28;total.trans.carotene.natif;2004.6602098304188;274.6741673111433;1697.6375876505779;2403.740590154459
28;trans.alpha.carotene;971.9798017629407;195.15899684377956;615.1430858246102;1145.153700311467
28;trans.beta.carotene;991.8094420482977;106.06277169455136;858.6477333700788;1182.9250423754252
29;C14.0;0.7715764507865411;0.16959704257885386;0.6614737641027386;1.1072030865609712
29;C18.0;4.760033481338667;0.12330145907117727;4.549305873680668;4.921270621602069
29;C18.2;7.5758259681905775;0.16354805201960418;7.356904396641427;7.846065661027592
29;C18.3;0.18165484184893207;0.02831261903909677;0.13750090271908746;0.21759628696803915
29;C20.0;0.37426807236205417;0.03788640846378224;0.33771081387965585;0.4235684356409287
29;X9.cis.beta.carotene;50.32444678775426;4.133409604584027;44.93077775300548;55.79976763634496
29;eau;26.15381336661856;0.9762965090295898;25.108245544826115;27.35236787947041
29;ratio.alpha.beta;0.9573581410771436;0.049704470998689944;0.9020359892035533;1.0283091473614925
29;ratio.alpha.natif;0.4600023286129668;0.018601258442034096;0.4333727484069703;0.47927863474109705
29;ratio.beta.natif;0.5372588873537408;0.013304240860869293;0.5228724441899321;0.5572528726765461
29;tlip.MS;83.86975766531482;0.6883153527441064;83.01975681124128;84.6657644271721
29;total.beta.carotene;240.43514914252208;23.93284417694668;211.85002299172578;274.53657799963906
29;total.carotene;395.8811460829097;28.857252900234894;357.1981088878151;435.45703742033066
29;total.trans.carotene.natif;331.0713417142693;43.16480554677463;290.1920415213415;400.63590016025154
29;trans.alpha.carotene;174.49722007416452;6.870102429219728;167.80258638173856;186.87583764297176
29;trans.beta.carotene;176.9788979710273;22.17905754660277;150.91853440890716;211.37280531354867
30;C14.0;0.7996668610910839;0.1319679961703347;0.5659968206582038;1.058109214577489
30;C18.0;5.5298941088838705;1.1520614279843797;4.561894727761874;7.664697939017389
30;C18.2;8.635609702979103;0.5047673330322727;7.647465002328366;9.372139052400847
30;C18.3;0.41554445294230113;0.04970477815011783;0.3430404530630177;0.5196226106580955
30;C20.0;0.42013372273155886;0.04865278106168773;0.3518278322530146;0.4960434630602132
30;X9.cis.beta.carotene;158.68486605458304;42.007136553019066;70.39073656537518;199.02222541354254
30;eau;32.190746432190494;6.687286429408129;24.007513940750847;46.33459349852421
30;ratio.alpha.beta;0.9625318508846588;0.12862316043056912;0.768354642083695;1.167820490604477
30;ratio.alpha.natif;0.424903155085829;0.0195960804853112;0.40021318272040857;0.45652397422943414
30;ratio.beta.natif;0.5720438685062988;0.022683693741577974;0.5310638062009922;0.5980411079756753
30;tlip.MS;73.88712504312538;3.5756948825781465;69.53009736011735;79.53204925699443
30;total.beta.carotene;1187.128782688676;293.91750871414985;759.6224868245845;1630.9028858069962
30;total.carotene;1904.7053067904767;480.50255700744435;1272.2914998570614;2578.5350021343565
30;total.trans.carotene.natif;1625.1994905583958;419.02822467168215;1068.9030237807565;2243.852113902664
30;trans.alpha.carotene;531.1558324500857;97.74351926098564;371.7199209765686;673.0701882065408
30;trans.beta.carotene;950.6588115319383;241.1651123604142;632.7790689102012;1370.6082335226706
31;C14.0;0.9261052655211051;0.11828712263227237;0.7396965147404461;1.081753472359143
31;C18.0;5.038719585283845;0.4988174297523344;4.466636898559268;6.004015782513509
31;C18.2;8.68262401214304;0.3543979354418453;8.258317383710066;9.049934623621654
31;C18.3;0.3731112929933794;0.03299047987934492;0.3184997935804916;0.4145967631319076
31;C20.0;0.43811367734927575;0.0207224385411899;0.40068844535880643;0.466785704478945
31;X9.cis.beta.carotene;152.80880523106785;23.712487624860763;110.8520073647205;180.87812752301852
31;eau;22.905746575171154;1.928231430534263;20.08803675096419;26.15075547105409
31;ratio.alpha.beta;1.1627508333647965;0.14384217639627908;0.9909876950136911;1.4305089618434055
31;ratio.alpha.natif;0.46944979662508896;0.03239090557891413;0.4165688753708989;0.514506846489031
31;ratio.beta.natif;0.5401101004702216;0.03217226491235291;0.49064523902915286;0.5908699923262005
31;tlip.MS;81.40050814578908;1.909481255361764;79.42992940512782;83.97743501048812
31;total.beta.carotene;1138.1804076962742;207.62044860183585;877.4952766102111;1430.9586700421146
31;total.carotene;1924.0341058300105;188.71086249564357;1615.323229370911;2125.716892055493
31;total.trans.carotene.natif;1640.2246802801576;140.39693539857606;1411.5389835456822;1811.5656332503856
31;trans.alpha.carotene;715.754151771593;202.59504428529294;502.5971884225276;1024.0546667211102
31;trans.beta.carotene;873.5873388575795;150.14932039992345;682.7790233023408;1086.0151153935901
32;C14.0;0.9438427668427751;0.15750333949997308;0.7322620002337987;1.182883706676253
32;C18.0;5.832195941658435;1.4685191112649234;4.826292508674707;8.566357904029363
32;C18.2;8.237353716575987;0.5430450013235815;7.26386020491272;8.695831712127951
32;C18.3;0.28898289189435955;0.05523291817328431;0.23395956114709723;0.3840875436654102
32;C20.0;0.4340867961101547;0.026994313261275812;0.3816180191599788;0.466706800929124
32;X9.cis.beta.carotene;76.26591100577134;27.463702405161744;55.38084641421669;131.2594202737652
32;eau;24.80490912999662;2.3891798565056623;21.95357635171596;29.469602080996694
32;ratio.alpha.beta;0.9057665896698465;0.04870021076933341;0.8245409556184149;0.9797169453484711
32;ratio.alpha.natif;0.4648833751660383;0.020210679067493093;0.4382720473877436;0.48790680129667413
32;ratio.beta.natif;0.5381340200642893;0.022248282136456597;0.5115751001435708;0.5686939024492105
32;tlip.MS;80.50659669394933;2.7101508095548343;76.08354305379645;83.55749404101266
32;total.beta.carotene;613.4444219302273;319.5441250493536;318.4993087007554;1130.741751191543
32;total.carotene;1070.1043070036253;598.2249501581168;520.3929311836248;1967.3339301869855
32;total.trans.carotene.natif;955.6254724513165;512.0178250928857;491.66126544155804;1760.1252527959568
32;trans.alpha.carotene;352.39924583089044;117.62988322317136;192.31697094840268;549.2749325379917
32;trans.beta.carotene;457.43894980349376;178.7836095792256;286.3040114997348;723.6869014571192
33;C14.0;0.962534224040915;0.24225031927118906;0.6663862247018578;1.2300626472636949
33;C18.0;5.181589749833621;0.4863399079966223;4.682781432975565;6.0522575820314986
33;C18.2;8.967610893451761;0.22777019227592377;8.652998207820671;9.283295464445954
33;C18.3;0.2961957677832083;0.048473595624750496;0.25351913155113703;0.35910768582864205
33;C20.0;0.4225791777576296;0.04157417472685208;0.344431373960044;0.4665061726284806
33;X9.cis.beta.carotene;83.29674181828857;48.369576502330744;48.60347454966501;162.22328292640609
33;eau;26.94188380025678;2.726020551891546;22.888526791267953;30.27351614146163
33;ratio.alpha.beta;1.1235265186708443;0.25533944030602523;0.8327814366576666;1.514496451780375
33;ratio.alpha.natif;0.48460806202914947;0.030806390292840106;0.44552300743786594;0.5330540467708894
33;ratio.beta.natif;0.5102073236910859;0.03273176677957728;0.4561767129349532;0.5402561796556911
33;tlip.MS;81.33769128524624;2.2835999415423562;77.80933251765809;83.5771434435514
33;total.beta.carotene;599.494478257831;357.5267865355896;303.2780217950683;1244.2276485577304
33;total.carotene;1022.7370427742379;676.0363436694511;453.72900245788355;2209.2851566330933
33;total.trans.carotene.natif;879.3302660719997;538.4870561498062;427.9495832523686;1845.9574405337323
33;trans.alpha.carotene;399.99910043490576;197.64357435934102;192.04732700118447;664.2821273097785
33;trans.beta.carotene;440.05524484719734;286.4254589730859;173.34539114950738;850.1828093120318
34;C14.0;0.9328208956025742;0.10421655204891953;0.7215472674967929;1.0375646440191695
34;C18.0;5.451203907374755;0.7514945554992889;4.895206296032614;7.282863520849016
34;C18.2;8.034152552055794;0.5022893506697378;7.237996376493061;8.625735873519288
34;C18.3;0.3610345363560331;0.09545289657165396;0.23222619376959105;0.5063902454161066
34;C20.0;0.43183776881216956;0.02019740711768832;0.3998043674048035;0.4664391043847626
34;X9.cis.beta.carotene;136.09603644530793;83.96902894678432;47.42221348265744;230.12469762779858
34;eau;28.649797307541167;3.955944762198993;24.84048575697904;38.28700979899289
34;ratio.alpha.beta;1.0711918294942184;0.23495569912709838;0.7788572971677793;1.3681940435206215
34;ratio.alpha.natif;0.49643812336568355;0.02667648548415503;0.4618371868863451;0.5419266679788587
34;ratio.beta.natif;0.505488906416566;0.028622601968734514;0.4609191565338645;0.5387627996961498
34;tlip.MS;77.59987944469253;2.311186790057458;74.38033402144839;81.87739891654648
34;total.beta.carotene;1069.903505976111;549.1904686151912;405.5308968695793;1707.401381471023
34;total.carotene;1733.575691085396;910.5455877430601;591.9500038183662;2866.080196313997
34;total.trans.carotene.natif;1453.9618206720947;733.7475727384713;589.2708425119531;2452.468482026449
34;trans.alpha.carotene;491.24982164502745;250.48333146216527;216.8118288361273;1056.9245081093325
34;trans.beta.carotene;716.22511377965;374.73392000779756;253.7608112381288;1143.6526003928275
35;C14.0;1.3763918924736853;0.06506378410637446;1.2641110328535283;1.4554895745093623
35;C18.0;4.767498302057706;0.07660031698350743;4.711144683894059;4.931805665046932
35;C18.2;9.221768977358797;0.1616952658792312;8.93097757668051;9.448928646889415
35;C18.3;0.4405847012042538;0.04065876148068215;0.3696244751675941;0.49972267586064795
35;C20.0;0.4344509130356637;0.017897056955343823;0.41155497436898014;0.4624035162224491
35;X9.cis.beta.carotene;171.88746121776217;13.935441455570908;157.7569338404915;195.08237073388602
35;eau;27.16594073712928;4.632290104697434;21.248806425261645;35.12484737841038
35;ratio.alpha.beta;1.0741031633158888;0.15253776765501656;0.910605424486706;1.2881200362468193
35;ratio.alpha.natif;0.4684845185493183;0.01903960191168015;0.4370341883628211;0.5007302139527422
35;ratio.beta.natif;0.5324437323449712;0.02324378376501825;0.49089241877374024;0.5719793712869756
35;tlip.MS;78.93119825786886;1.7936545416058853;76.82258341483178;82.83158124688151
35;total.beta.carotene;1369.6250990255076;280.0667888242473;829.5122797707236;1618.865810029741
35;total.carotene;2315.5141177795667;491.44216539255075;1343.6683404928442;2771.1660190389007
35;total.trans.carotene.natif;2021.364918733931;437.1445510477793;1214.604875519283;2459.3931214243366
35;trans.alpha.carotene;988.7442199921177;105.58384484437207;805.5818946201084;1114.528778994263
35;trans.beta.carotene;1007.4090114836154;195.2245703569582;635.6290039643006;1184.6038296056574
36;C14.0;0.6760933796447824;0.04372016947005972;0.6244542080318064;0.7428248425104178
36;C18.0;5.325365343723522;0.8635819744233583;4.465586088146347;7.58975115103936
36;C18.2;8.729916273274265;0.34760666463294376;8.126973365845062;9.106679235195749
36;C18.3;0.3538449810876589;0.027681379001559626;0.30209390366896277;0.38641258841129816
36;C20.0;0.3814895529815831;0.01772159199589004;0.34060319673957046;0.40423382835651006
36;X9.cis.beta.carotene;67.93390851977323;20.310892674714047;39.856889106610886;106.13856636314456
36;eau;34.80417340564048;4.222793052505278;30.873253950040233;44.8621423305173
36;ratio.alpha.beta;1.3342780403122163;0.07590746147491598;1.1933631843857138;1.4351285896384312
36;ratio.alpha.natif;0.5020680907654628;0.020070372172684304;0.47023240097976443;0.5472755427387952
36;ratio.beta.natif;0.4989027703880007;0.021618047816018813;0.4487117313539737;0.5248019270202928
36;tlip.MS;73.02374128452993;2.3308691628495177;67.43250773103645;75.84487162445453
36;total.beta.carotene;343.1604394128613;100.13861209192252;188.40925096117036;490.0957005960543
36;total.carotene;585.5470359438913;150.48024442069115;370.9017172493114;823.1734294652739
36;total.trans.carotene.natif;476.6192748607588;120.00573115742826;286.9600393524283;667.7412974736319
36;trans.alpha.carotene;244.69655143348606;50.75950905528774;165.02088082784113;329.40463433970893
36;trans.beta.carotene;202.2793977891091;41.61764465730026;152.11538102158897;269.4947340866245
37;C14.0;1.024964574722095;0.11670436223272443;0.8863679005196293;1.2204219474634437
37;C18.0;4.789390205417043;0.3352959335196708;4.226710704688337;5.343658267953232
37;C18.2;8.595317285010216;0.36635616768068097;7.827312919490988;9.341374071248701
37;C18.3;0.3043741464858841;0.06294732793026928;0.22739119746500738;0.39942954852933693
37;C20.0;0.39233757387328577;0.03243736192058743;0.3375405541943014;0.4282023995020623
37;X9.cis.beta.carotene;87.98062944347967;46.28969089556255;47.477782001621996;171.33909539033633
37;eau;24.354175206907797;3.51773128232543;21.322262585873823;32.8169512749633
37;ratio.alpha.beta;1.1118458358180652;0.17001983187977368;0.7815376961525252;1.3420378428443578
37;ratio.alpha.natif;0.4980354064649776;0.03185513654036257;0.46282185299204365;0.5548211153839957
37;ratio.beta.natif;0.503315670199645;0.031316219867787265;0.44281117909925954;0.5390530143587111
37;tlip.MS;80.32185188841967;2.3775009243244507;76.02364784880058;83.12225866607857
37;total.beta.carotene;704.1402754344427;416.91854437541997;244.13973247164256;1591.7061151182245
37;total.carotene;1187.6407997618126;723.3613041735285;413.56172731938454;2677.3187335931343
37;total.trans.carotene.natif;1018.9600687156792;568.0173994638438;378.9211980938318;2243.8783078466968
37;trans.alpha.carotene;506.6857744428592;310.6886851764955;205.532580314202;1162.1439367836779
37;trans.beta.carotene;519.9045416012237;294.59604495121505;151.7197917387148;1013.5236385192043
38;C14.0;1.1986889646801748;0.21003495842166509;0.6756019346121444;1.3627215622875293
38;C18.0;5.05365518716675;0.7461506425569662;4.662870171963316;7.019977454628033
38;C18.2;8.63639889442359;0.31427552308832685;8.039438493381237;8.941399658028619
38;C18.3;0.3054399785905734;0.05000250702850405;0.2382114264735561;0.3953337329609527
38;C20.0;0.39103096856509245;0.046434757903417806;0.3353738108126165;0.4629014165467284
38;X9.cis.beta.carotene;88.67307891730076;61.14281154981707;39.589587600065485;197.54818579430014
38;eau;25.403950220705;5.1068421050218005;19.476519914190515;32.77170196766897
38;ratio.alpha.beta;1.0182865250940032;0.16454253314851014;0.8963586336330466;1.2974245658148624
38;ratio.alpha.natif;0.4672725711933856;0.03222949000193639;0.42786188424721766;0.5247179601700752
38;ratio.beta.natif;0.529060115726177;0.03369272481667243;0.4686392317418363;0.562462566356589
38;tlip.MS;79.42082288166438;2.0408739783152163;77.07752634528973;83.2288797796982
38;total.beta.carotene;595.6386667618353;434.0185420308949;270.6755496876833;1608.4005398380575
38;total.carotene;1031.2711662215836;717.8642236248523;404.9064221145675;2640.626946348543
38;total.trans.carotene.natif;898.0476630826558;602.1476705422037;362.8366304025039;2220.001391888519
38;trans.alpha.carotene;369.50598073823744;210.09167392905877;163.59283553253985;769.2638244613647
38;trans.beta.carotene;434.1992280745682;254.78716528169264;204.86079069389197;889.3835126823737
39;C14.0;1.1317060096220362;0.13889818557569905;0.8602070555074086;1.254302438483818
39;C18.0;4.783037930856808;0.2153314254934922;4.5985638133188305;5.217701637165382
39;C18.2;8.601118941901365;0.3671232299817269;7.809721505831385;8.94483273450984
39;C18.3;0.3556203631377451;0.07830655137762779;0.24861699562573225;0.4410531313385778
39;C20.0;0.44074085049174544;0.035263968127715734;0.39087733102599154;0.49634183839566215
39;X9.cis.beta.carotene;102.55376424398163;64.33234874677781;36.69316216832716;189.68720392759002
39;eau;28.72267456908475;2.6575222255930107;25.116446471715417;32.3674714422861
39;ratio.alpha.beta;1.0552133504181669;0.2158676068981376;0.8631074384492696;1.349121889136717
39;ratio.alpha.natif;0.4667858443852118;0.012545676757390331;0.44790437670877814;0.48406662934877787
39;ratio.beta.natif;0.5348653151681482;0.017073487657074348;0.516956415090331;0.5675744077486393
39;tlip.MS;77.97332099269622;1.4415343119577562;75.23731333396282;79.31207873063371
39;total.beta.carotene;841.9039555981826;571.3111029281002;259.01191928560297;1619.1314187080975
39;total.carotene;1357.9985558264812;905.3217746464799;424.5307708662147;2451.2917800504674
39;total.trans.carotene.natif;1182.246850504457;773.0646277230734;359.24114752137575;2086.912564596574
39;trans.alpha.carotene;554.6708373218598;428.7678035121611;165.1800581043872;1148.339059119334
39;trans.beta.carotene;589.9250847129193;374.63578866845916;196.47940229555948;1128.4158864622377
40;C14.0;0.5647906447745487;0.05776374330717677;0.5183329310315542;0.6708713904336027
40;C18.0;5.321990089027582;0.5133574626397289;4.830495466028642;6.054799150584883
40;C18.2;8.450945275884747;0.3940933025670661;7.741719942702249;8.950278661420436
40;C18.3;0.275417050519479;0.05108585286995014;0.2020247337154511;0.33187866492587387
40;C20.0;0.4013288875345146;0.02561257985297507;0.36439668708877065;0.4334473866651104
40;X9.cis.beta.carotene;80.60184887544578;19.73074142556466;53.41669946294203;97.78411134780085
40;eau;23.37651563816834;1.7896207691819002;20.703128154639682;25.90719218567847
40;ratio.alpha.beta;1.2800547501690722;0.11453631647435002;1.1379064796519431;1.4510280134539508
40;ratio.alpha.natif;0.5199238553333935;0.01584612452545238;0.49035947436627225;0.5337182552145362
40;ratio.beta.natif;0.4693573297345815;0.019947002419016584;0.45623252081200166;0.5085795822560677
40;tlip.MS;81.32946188337736;1.7299115383948698;78.94048744888215;83.31366129822734
40;total.beta.carotene;603.2232889063465;235.201101377379;369.1368214741166;876.7412413985898
40;total.carotene;1210.1894014048773;551.6444452476169;697.8078919473445;1921.003513846304
40;total.trans.carotene.natif;986.3436789659404;425.15761154167757;556.0917775693198;1526.9664073074239
40;trans.alpha.carotene;425.24942523689896;103.15895294743845;290.06070547979886;551.1769352426604
40;trans.beta.carotene;450.15476023092566;134.36248357306215;291.6250348732625;591.0415585011726
41;C14.0;0.9715172622222387;0.11683722013496502;0.7536185145488202;1.0744467755053784
41;C18.0;4.743968435651968;0.3331037549766186;4.39552479877319;5.277767494516179
41;C18.2;8.102127905009867;0.26504957262270895;7.710434296975977;8.433137890577092
41;C18.3;0.3197184294276814;0.03367340724413295;0.2623128789877259;0.364722645792588
41;C20.0;0.42338707787174684;0.020127770946510498;0.40772501547828893;0.4611526824767423
41;X9.cis.beta.carotene;122.0285416835432;71.06557894016993;42.48295118198649;197.79990550744526
41;eau;29.143511707646752;2.897682924202827;23.985931386123845;31.67516749442175
41;ratio.alpha.beta;1.088459860824573;0.11283916843671139;0.9393409615529974;1.2663482610451957
41;ratio.alpha.natif;0.4825023522712805;0.02838129512157878;0.4453942908399507;0.5299925954300169
41;ratio.beta.natif;0.5289610351714771;0.023060676046000424;0.4853905056611575;0.548514770200688
41;tlip.MS;78.7495226116085;2.0957902628536775;75.66756785677644;81.3304382941292
41;total.beta.carotene;894.029989861716;421.2856096093677;235.8228744220432;1311.337860387428
41;total.carotene;1624.2135732857641;787.5055892719595;399.73881419655817;2469.339241710754
41;total.trans.carotene.natif;1407.3291160553892;661.3230449862315;358.8551400224129;2084.588223429889
41;trans.alpha.carotene;457.31849949372423;155.05144708303777;191.32993675817366;653.8185661256801
41;trans.beta.carotene;615.6114956164488;232.46153780520095;212.64038256037696;802.4490022542786
42;C14.0;1.284135405111034;0.031726128544882146;1.2380168247653;1.3309478495418043
42;C18.0;4.663942675686891;0.17183096791754165;4.48621249709812;4.969175471334816
42;C18.2;9.040543855743318;0.20308800480428074;8.692519497753496;9.22303689043794
42;C18.3;0.3156325449921611;0.047349271695001666;0.22224799426551445;0.3527971302924609
42;C20.0;0.3796178672480451;0.024454188199548352;0.3484644503417066;0.40959365100370726
42;X9.cis.beta.carotene;101.84577092144809;48.791608555844945;36.89117275240452;148.8496530867088
42;eau;26.454300056312817;2.319132598933498;23.745579379465468;29.964660845225495
42;ratio.alpha.beta;1.029474413740861;0.1204755855479798;0.8915820900612547;1.2151253274411766
42;ratio.alpha.natif;0.4754117603176473;0.034241522033610985;0.43832366434967496;0.5311594969507906
42;ratio.beta.natif;0.5393577503079925;0.042334300379561624;0.47606886135385595;0.5854810753163013
42;tlip.MS;81.43418939019769;1.95315395744762;78.91408227176477;84.15545511238228
42;total.beta.carotene;643.746059804928;227.59977901966542;211.56930559813551;845.345970704541
42;total.carotene;1151.5514249651114;491.49387696413896;329.37893399364873;1739.1082085586065
42;total.trans.carotene.natif;1011.4275039828977;431.3519965879191;289.5121300874847;1534.7154038318693
42;trans.alpha.carotene;386.23628636218774;116.43602290762999;153.80768935217003;480.4529105312955
42;trans.beta.carotene;515.5839633294014;205.79054055232692;179.84909215061802;759.4916536712055
43;C14.0;1.1524493656070303;0.07027426802962392;1.0633153659548655;1.2533615399439528
43;C18.0;4.969372628015559;0.24764024994130568;4.652098509300721;5.2635054618041535
43;C18.2;8.500271537801142;0.5248318284445936;7.827777682870146;8.968556415874392
43;C18.3;0.3080167181565302;0.021005549466165976;0.28315571384216776;0.33837576224251026
43;C20.0;0.38735913256592763;0.017740828016264813;0.36513731813702965;0.40897783900788776
43;X9.cis.beta.carotene;70.20056997616192;7.414500358647015;61.28732920062833;83.20448878361167
43;eau;25.495149308082414;4.948832208253838;20.52559092403234;34.96978170256986
43;ratio.alpha.beta;0.8943969213434168;0.057246294970466446;0.8239075960810531;0.9653458382295577
43;ratio.alpha.natif;0.4419536224899298;0.023672401898369447;0.41575618437320844;0.4721245872140824
43;ratio.beta.natif;0.5654112278537193;0.02570490328425152;0.5372497909768388;0.5955234586406327
43;tlip.MS;82.69965591255992;2.300061508247426;78.33230078167985;84.72825501585493
43;total.beta.carotene;578.74715867047;110.25016391515624;466.8023669735167;758.1008493848707
43;total.carotene;1046.0618518952667;157.78334387949067;881.0431892079213;1265.2948610760427
43;total.trans.carotene.natif;920.2054321567172;152.32776597492276;785.3837921476345;1177.1640895435246
43;trans.alpha.carotene;362.727578855475;39.504941720318996;311.793679629652;422.3171425648924
43;trans.beta.carotene;402.2382515089321;111.8883676454018;277.1498925046735;513.2529171246165
44;C14.0;1.0242285998990557;0.04175918092384522;0.9682622459569988;1.0781168355808692
44;C18.0;4.831812654747392;0.6081798006319645;4.35292563813074;6.016625675353029
44;C18.2;8.285204801362665;0.2677243787992816;7.825405648286859;8.56981134049876
44;C18.3;0.2868297588826004;0.05054665875508781;0.24359486308245945;0.366792953736665
44;C20.0;0.38611332454715663;0.011735739606988843;0.3756472034008807;0.4017811115427364
44;X9.cis.beta.carotene;49.50587138418297;18.913497559031562;37.11862285034781;86.80009967891105
44;eau;34.36448366749212;4.668305198851802;28.557902397841808;40.14367010286264
44;ratio.alpha.beta;1.0265485152480374;0.10319685336550954;0.9124101947412062;1.1574565831662686
44;ratio.alpha.natif;0.49454249834681807;0.04213714245414266;0.44572821569815635;0.5548346813128098
44;ratio.beta.natif;0.5014488007067387;0.034921949923892304;0.4524179510149031;0.5485332284184401
44;tlip.MS;79.15156418049314;1.1159789632947439;77.86535682852671;80.55678393561605
44;total.beta.carotene;405.198270589224;308.3717612198697;203.91985880551368;1000.5963323947836
44;total.carotene;710.3600782685386;560.7241947825577;363.28499409555485;1808.807684310075
44;total.trans.carotene.natif;640.2646609456212;536.6968833700257;299.5453648197356;1693.5649446159255
44;trans.alpha.carotene;261.6998687711432;128.27139285032075;155.7322215270531;502.67704822111847
44;trans.beta.carotene;299.4902438367023;226.0830779156451;129.0019486206066;719.0565179331745
45;C14.0;0.8235989816746807;0.10555154655269222;0.7381417071710812;0.9987690052933152
45;C18.0;5.481375883592372;1.2269741011825142;4.404192250117536;7.2995183437325935
45;C18.2;8.93110563578602;0.27990216074221874;8.485757352618887;9.266513921742321
45;C18.3;0.2976134711808562;0.0197570575705885;0.26573064188150125;0.3227556128869349
45;C20.0;0.375386542611629;0.03448524507532908;0.30971024855376844;0.409109636175304
45;X9.cis.beta.carotene;58.38390612328368;18.260616389618164;37.92093727951471;79.787362645495
45;eau;27.678121972172892;3.6227061431603578;24.012275840363994;31.957359687832632
45;ratio.alpha.beta;1.2530857707757;0.06824219820810776;1.1778799676531375;1.3771644340516096
45;ratio.alpha.natif;0.5312495593770091;0.028829589689747307;0.48709681926307924;0.5675705478031813
45;ratio.beta.natif;0.4715667337247383;0.03034792876065765;0.4382373897155151;0.5211874835317452
45;tlip.MS;82.90222340970287;0.9976781258748697;81.16856334335723;84.1029697177534
45;total.beta.carotene;415.8126279119963;147.50336956576893;184.7490323713268;575.592983567652
45;total.carotene;667.3398660772825;196.74822671225294;354.52580087190984;865.5431264626559
45;total.trans.carotene.natif;592.0644322284174;171.80499953132684;299.82293500103;756.2540552065047
45;trans.alpha.carotene;303.4602823916212;99.90097709603108;146.1712305075377;391.33926465964186
45;trans.beta.carotene;319.8794198027504;127.51414680489749;136.9377055432697;437.3184268423864
46;C14.0;1.012202856189042;0.16046004553479418;0.7347202279343061;1.1876801063975784
46;C18.0;4.75019664137936;0.303615608335839;4.401759592170692;5.112282004242186
46;C18.2;8.27945925798575;0.328563666154346;7.947905593165565;8.782177802260044
46;C18.3;0.31246639776032503;0.07197889066596717;0.21317641960822212;0.3936840018024162
46;C20.0;0.4028275408406854;0.01585341826116867;0.38181813836113443;0.4244679105767929
46;X9.cis.beta.carotene;98.11800865659696;56.461415850296895;42.53688019752367;171.98770817971487
46;eau;24.250971283556964;1.9089728820854646;21.913201834404095;27.315730950431345
46;ratio.alpha.beta;1.0722948783879305;0.1743534175361668;0.8312296769271535;1.3633280030579487
46;ratio.alpha.natif;0.4467927971914734;0.025865228835854775;0.3997492026253927;0.47073740755674903
46;ratio.beta.natif;0.5531940129260303;0.029424146250540954;0.5094501546607995;0.5964703313856099
46;tlip.MS;83.46504598550587;0.9775763125719658;82.16505431797127;84.6522169646099
46;total.beta.carotene;617.0129685979825;350.36029940882065;235.39253379658294;1144.0722068295681
46;total.carotene;1051.5767090255304;609.0910927760716;389.8405552890846;1926.5210882356987
46;total.trans.carotene.natif;930.1058676637031;500.91318839623796;331.22883147441166;1556.6964605361625
46;trans.alpha.carotene;568.5310386828806;348.7548299394649;165.71904339965982;930.9339582309728
46;trans.beta.carotene;478.08460332447197;254.9406442940416;211.62817633299292;882.8454893086227
47;C14.0;0.8996220259818528;0.10952094271565195;0.7073297675516187;0.9980762092004757
47;C18.0;4.6157796153515065;0.14172511333316484;4.462448598911086;4.8258985557665754
47;C18.2;8.732682273813761;0.16042750028793262;8.490043260059334;8.897481347269961
47;C18.3;0.38813986812252427;0.0611993956416885;0.30418604068304916;0.4751858479449864
47;C20.0;0.3678299870931611;0.017792938718579038;0.3361808414612685;0.3933921747808716
47;X9.cis.beta.carotene;101.51875801538078;56.84917168243899;41.0627577761806;185.697386173848
47;eau;50.367962034936276;4.389437166108977;42.5632056575063;54.600124504783565
47;ratio.alpha.beta;1.304359686581058;0.11160095662372226;1.1064501267928926;1.4034338895758192
47;ratio.alpha.natif;0.48303294891368903;0.03538095226135241;0.43686548611812115;0.5306493837338604
47;ratio.beta.natif;0.5137433523694506;0.031026106974139014;0.47141956132379853;0.5546713720822274
47;tlip.MS;69.89442476526438;4.938464186795739;63.56135882733483;75.86804059906434
47;total.beta.carotene;486.80822864352666;271.7807988797619;212.3701368576125;863.3568714002591
47;total.carotene;766.7298191500231;330.5357601589796;382.317337989613;1226.5774140615986
47;total.trans.carotene.natif;654.2099833116564;299.21025775021224;307.5716111644647;1062.1437825246453
47;trans.alpha.carotene;609.0262727052304;335.5640624589798;162.94528928833316;989.0155139330819
47;trans.beta.carotene;240.74847912245292;113.36250999898043;128.65694485649522;408.3517296376745
48;C14.0;1.1327435571969093;0.06961015859819701;1.0467921042623154;1.2371001647476363
48;C18.0;4.767603406171978;0.21643429422409255;4.459347158482088;5.120361418389133
48;C18.2;9.052515038973583;0.6215582134432064;7.826512514582365;9.538315660326857
48;C18.3;0.2662485012149243;0.04254967721823848;0.20229779821119226;0.30795776138303166
48;C20.0;0.37397788622743966;0.024131329677331677;0.35562089615284415;0.4204868703161743
48;X9.cis.beta.carotene;71.11943673463152;51.41307634694733;39.4090221854435;174.74625792521093
48;eau;22.355523586644818;1.0296035991898702;21.34525571621235;23.551852799672346
48;ratio.alpha.beta;1.054498058520421;0.1630647615563147;0.9274307649855787;1.3762316138305932
48;ratio.alpha.natif;0.5051522423280117;0.021803407967731142;0.4765873591091703;0.5394494393890398
48;ratio.beta.natif;0.49737890267308577;0.025909747687730408;0.45813957780494013;0.5289710384349741
48;tlip.MS;82.69244001406967;1.6497398964431698;79.93955022013922;84.29032879971125
48;total.beta.carotene;390.59223619921073;160.04274024265848;213.17435377531928;653.5733050339053
48;total.carotene;689.8862583089807;271.59312532525155;398.79821361571464;1040.315417796391
48;total.trans.carotene.natif;564.9424908486882;206.25734212186646;309.79053097239046;777.1859858212301
48;trans.alpha.carotene;294.6089456054761;121.96851468880406;161.8487434327831;499.9486062519516
48;trans.beta.carotene;269.9237560247291;116.74450502488264;133.81800145264947;412.3350106204179
49;C14.0;1.209639981981814;0.03940367482949758;1.154890311303953;1.2651402557157174
49;C18.0;4.568910285157827;0.3209647634236271;4.1895811746645455;4.889380156031893
49;C18.2;9.468492108473574;0.3102580986744467;9.147039338165888;9.963617371485187
49;C18.3;0.26624854179862845;0.017692873004753574;0.2434567949775737;0.2977871151902121
49;C20.0;0.36369791726564543;0.009571371646328205;0.35499328112510947;0.3799922303932529
49;X9.cis.beta.carotene;36.470791531926636;2.901979422519362;32.53418769402738;39.10224255116471
49;eau;22.64023472058285;0.8218555002559926;21.425293295437292;23.662001467792667
49;ratio.alpha.beta;1.0866097355825979;0.1566037286545947;0.9505831650611596;1.3641841736495166
49;ratio.alpha.natif;0.49589517439518044;0.03264862803663921;0.457673689417773;0.536785078088194
49;ratio.beta.natif;0.5043916500172111;0.028070625212784958;0.46697848068588693;0.5363923694710487
49;tlip.MS;83.28193542500419;0.6497436819532527;82.25774920238543;84.11741052612042
49;total.beta.carotene;218.62369504849212;37.98495927374756;172.42299323847578;263.6268318117774
49;total.carotene;378.97331715942045;68.51502908534735;301.59212861675206;463.69437538242556
49;total.trans.carotene.natif;324.44840094282665;68.89688545987322;239.22834505540905;399.02910888129
49;trans.alpha.carotene;155.60596523065806;19.687037350156235;127.53867798783506;185.62761742128524
49;trans.beta.carotene;137.93082253152647;26.12183250473259;105.32110854852044;163.37513891861036
50;C14.0;0.5822828773878793;0.0601785411199989;0.5148813009335736;0.6440875976177213
50;C18.0;6.653846116683887;1.4721416286681939;4.815806189879063;8.045544746432471
50;C18.2;7.667347356649475;0.2533432235775987;7.2248420364985595;7.88319933182856
50;C18.3;0.29279453010316375;0.07891122666788737;0.23093475776198688;0.43997854437370376
50;C20.0;0.45152600476545285;0.031620457636411824;0.41612667028832107;0.49383078395751506
50;X9.cis.beta.carotene;62.87147600177827;41.969886175608416;33.71609396694129;144.90202477663826
50;eau;31.627383976656347;7.442093242704401;25.033744816092096;45.03665594241469
50;ratio.alpha.beta;1.26182305281279;0.11150466054250789;1.1284777200076166;1.3977137770569614
50;ratio.alpha.natif;0.5096650386465758;0.028880235470363037;0.4799917542969546;0.5630120456716552
50;ratio.beta.natif;0.4960146981681232;0.03302117995247409;0.44065576524710204;0.5356338489307557
50;tlip.MS;78.89931898245361;2.7080028765025794;74.40273522435088;81.34453722345799
50;total.beta.carotene;421.1361376627706;332.21144856499455;186.92193711534938;1039.0603353142699
50;total.carotene;672.6340489646471;441.0784765133287;343.3828791813001;1468.0854905600718
50;total.trans.carotene.natif;605.2265856712953;415.9560564587356;286.611692161581;1333.2065581643576
50;trans.alpha.carotene;447.92629191466744;370.82707932442304;183.64938626222963;1002.6780362966713
50;trans.beta.carotene;298.48603409371844;274.4217991976574;115.97954386644946;818.4580198588866
51;C14.0;1.1638829195410874;0.04735708441110969;1.1155274048405752;1.2335584697732747
51;C18.0;4.498831937615731;0.15938217702856705;4.32072106132746;4.684977370056169
51;C18.2;8.807731099162101;0.3885364278341906;8.294193905675183;9.180765337064967
51;C18.3;0.3623922165330779;0.06102911509094482;0.2571391797013067;0.40606577423168927
51;C20.0;0.39501412547944803;0.013872322302513004;0.3765215843625226;0.4139090179993233
51;X9.cis.beta.carotene;136.5985291903526;51.6911993417807;48.43578303693442;177.23919094185453
51;eau;29.036127858293412;2.303054392596658;25.677127922468177;31.25048019071054
51;ratio.alpha.beta;1.0334865583280233;0.19450425170385813;0.786219030854591;1.3009816902596607
51;ratio.alpha.natif;0.4897725595471886;0.031186589568949614;0.44728381322004895;0.523620181345163
51;ratio.beta.natif;0.5104374624053599;0.027469397089241624;0.48229599327616723;0.5461982118914318
51;tlip.MS;78.99922393646827;2.261192451191222;76.96581079281859;82.52103198300215
51;total.beta.carotene;880.0889828048737;377.96587682710816;372.9261407514248;1325.4381551723325
51;total.carotene;1498.6804497152789;680.330198803923;600.333217850841;2263.0236947319295
51;total.trans.carotene.natif;1319.983982818739;592.731597515794;544.1722992727368;1936.831787422553
51;trans.alpha.carotene;439.98804356242516;112.1065485668985;269.0344674839732;535.1771359926829
51;trans.beta.carotene;673.4570994015373;300.82339711921713;237.97691359419125;1048.2216085926939
52;C14.0;1.1043149259269232;0.06215121954343433;1.0312227150917832;1.170444428836216
52;C18.0;4.782981955626245;0.21110988973308809;4.4805867641116865;5.043664850408005
52;C18.2;9.46572389292729;0.36089198222504243;9.059835863455794;9.974410189833195
52;C18.3;0.28972061177832015;0.07603548691221211;0.22407040862719757;0.4324713337335919
52;C20.0;0.38883386873659664;0.07449061739404204;0.29144947284772854;0.47185430319225624
52;X9.cis.beta.carotene;76.84657948938822;50.307531180053275;34.19755191092311;175.20428220317015
52;eau;23.809728717801722;2.404364868301944;21.840155612976332;27.484090889130556
52;ratio.alpha.beta;1.000683755426538;0.03475950624294279;0.9593138531065394;1.0621401418510759
52;ratio.alpha.natif;0.4665538918776713;0.02889823265655776;0.4101686098245157;0.4937507613630057
52;ratio.beta.natif;0.5347778797200413;0.033876932365497665;0.509326240855461;0.6002770126338507
52;tlip.MS;83.34675654272353;2.009656473289495;79.89749575583782;85.23755192300867
52;total.beta.carotene;480.67714587241267;359.41561450078257;206.69071107060364;1188.7254699734572
52;total.carotene;811.2961744835026;569.5420074762167;353.3455434176507;1906.417992720274
52;total.trans.carotene.natif;698.7016573796114;450.04674266201755;280.17279746863716;1541.557920314272
52;trans.alpha.carotene;330.3261411086058;161.03788169701932;149.72411172344087;592.4040873274108
52;trans.beta.carotene;352.15051373967657;232.52740803047394;122.32210712719736;781.2090092880024
53;C14.0;1.1867468745646965;0.07139686259181645;1.0551678415889314;1.250669193609637
53;C18.0;4.771366815012688;0.433777028385878;4.318584190148213;5.323344631312658
53;C18.2;9.911763182084538;0.36155092520292725;9.18242086487963;10.126292039978923
53;C18.3;0.2756565900627037;0.025358147735819493;0.24416181202103296;0.31884384154662837
53;C20.0;0.3866410730431158;0.03125524196204193;0.35524418229771343;0.424763423084803
53;X9.cis.beta.carotene;41.88590531944002;11.914129978516584;35.78132117635243;66.15372609160065
53;eau;21.688879700395432;1.438513414817665;19.778302526330535;23.937595934210172
53;ratio.alpha.beta;1.137611851881726;0.1600397035445937;0.8710352652614752;1.3197765194722284
53;ratio.alpha.natif;0.5186873597747604;0.03400433167167184;0.4735841323532261;0.565521844363342
53;ratio.beta.natif;0.4852987629936358;0.02837699660792398;0.454612400194889;0.5173536211330511
53;tlip.MS;83.31441886128682;0.31159252631489803;83.06177183550297;83.87989117129104
53;total.beta.carotene;323.5302678896691;198.03629537127597;226.2329715524525;725.92081353285
53;total.carotene;527.1878600600613;311.5448322159556;362.61985071084274;1153.8193528042598
53;total.trans.carotene.natif;499.25459450878924;331.9571267831408;321.7314520569495;1170.628492137034
53;trans.alpha.carotene;221.2504198995799;102.57893109644472;162.59730535189777;426.25865066600306
53;trans.beta.carotene;191.02177730095968;127.840567540994;124.22538963944027;450.355696408559
54;C14.0;1.2397595696178858;0.048113153005278034;1.1586698864725018;1.2738124876623225
54;C18.0;4.734246419786549;0.1438990492996764;4.509547286977624;4.892212861130227
54;C18.2;9.75718903842352;0.379661249525853;9.461000747537433;10.38806468609427
54;C18.3;0.28259185867726994;0.0405242331370503;0.24549940340937695;0.33943126826711145
54;C20.0;0.3588649931589876;0.02022615040303411;0.32739107186549177;0.3823412642808765
54;X9.cis.beta.carotene;66.81654414591065;32.857345158625876;40.03160772219464;116.2083814877299
54;eau;23.34760616979476;1.0646327297125284;22.38137607495964;24.966040422986804
54;ratio.alpha.beta;1.0952022618688089;0.10746554542890803;0.9808760422993918;1.2499302507996832
54;ratio.alpha.natif;0.5167819715465825;0.022484647218733615;0.4907803411410384;0.5506109518446392
54;ratio.beta.natif;0.48925950871055957;0.024484877315574197;0.45321843953491997;0.5184565787452171
54;tlip.MS;83.54618068788517;0.9453145810407866;82.41290856905655;84.63150238056369
54;total.beta.carotene;509.23018311631415;349.04337457133283;270.4405615585984;1108.5648722370124
54;total.carotene;934.213026599452;774.0840629031908;395.81234210369723;2268.683192582606
54;total.trans.carotene.natif;800.7650323750959;641.3788597861076;368.4741154540033;1917.3628254562805
54;trans.alpha.carotene;339.14800972657684;206.5340820805459;151.83854594592992;632.235278386958
54;trans.beta.carotene;327.76516559693135;138.11153530425685;225.94406205962474;545.9065896179029
55;C14.0;0.4393638388697041;0.030576835029578014;0.37943115722746595;0.4595800252817825
55;C18.0;6.656610203203479;0.8051292916810832;5.201618133776763;7.6335787833235464
55;C18.2;7.712272447088874;0.25613001950948433;7.353851126947202;8.129256187729212
55;C18.3;0.3702321084599485;0.07606175516387823;0.30010955369588577;0.4888946850581536
55;C20.0;0.4434945417654377;0.038012358409443774;0.4015186405218717;0.49811078763499467
55;X9.cis.beta.carotene;147.0756862016697;48.755453929382945;83.08904383907176;205.79505160854015
55;eau;29.677593261135115;6.3734196067119475;23.68520296095232;39.57629847287693
55;ratio.alpha.beta;1.2218263566641359;0.07365952140685475;1.1206205927073862;1.3288780661432966
55;ratio.alpha.natif;0.49279156495856963;0.007807821616329815;0.48080988256595425;0.5018247449191077
55;ratio.beta.natif;0.5114007743084957;0.01054271999017846;0.49767558015161406;0.5253154554352091
55;tlip.MS;80.2791328814958;2.3724295600457777;76.17038962738525;83.35893381613656
55;total.beta.carotene;1157.9667205538397;528.0668245456435;467.91266485059515;1749.5000093468852
55;total.carotene;1898.626046616206;859.9465055781209;736.5724659155537;2757.9768104972595
55;total.trans.carotene.natif;1605.8857651117694;742.4041423733375;616.1008376266053;2372.3150624738682
55;trans.alpha.carotene;550.327601201231;122.08731505741964;359.88640351701383;686.4831611020194
55;trans.beta.carotene;784.4162164373444;309.6373694156325;395.91168440034767;1180.5597189813907
56;C14.0;0.8553739560485113;0.05759409559081848;0.8157835300030769;0.9471041207007844
56;C18.0;6.336254507913385;0.9883705175913519;4.726570986162933;7.107319187664123
56;C18.2;9.781095222936816;0.3175313832785478;9.26580344896587;10.042187995160315
56;C18.3;0.26467769271183944;0.022315917664176118;0.24560344387099722;0.29735039729988183
56;C20.0;0.4450058879492517;0.017574349826943506;0.4243320962352465;0.467617979229673
56;X9.cis.beta.carotene;48.49911117797366;13.145453638844577;38.715628179728185;69.04315461075542
56;eau;25.172397118345007;0.767555642991207;24.227562851692255;25.956722879139146
56;ratio.alpha.beta;1.1720120031021948;0.04076978135974459;1.1111283179464764;1.2238814215194946
56;ratio.alpha.natif;0.5137791042419054;0.021870078436794633;0.48440772901105184;0.5445222800317808
56;ratio.beta.natif;0.48667476126878206;0.0279344822797056;0.45247205459030937;0.5237693633466771
56;tlip.MS;82.60970082724562;1.1356283638881566;80.93515928116209;83.59954522331736
56;total.beta.carotene;259.3820748245558;102.45091625829573;179.9579431017179;406.2214439808365
56;total.carotene;455.3778025384005;156.46387189919125;311.6227307802232;624.4767557444269
56;total.trans.carotene.natif;389.18316810688566;141.99738857018122;256.10626476385454;564.0848678735221
56;trans.alpha.carotene;214.6805086839131;75.32261663912521;142.58052788967382;305.189881673808
56;trans.beta.carotene;174.1735139419831;36.3144567640629;146.76587876679554;237.4392926294098
57;C14.0;1.129636106207746;0.03772549660671804;1.1001849689471936;1.1913747426412629
57;C18.0;4.779500109672631;0.769581449903671;4.280063214142538;6.145644471926576
57;C18.2;10.466689884654144;0.29753252923210616;9.971983741354666;10.70810885233252
57;C18.3;0.2916015009224827;0.04447397926017823;0.24648044696967464;0.36112263064182487
57;C20.0;0.3387602399553168;0.023649691735778567;0.3138964012532111;0.3722238737947382
57;X9.cis.beta.carotene;46.00296343584675;21.06385263852956;31.719929961159668;83.31027662118113
57;eau;35.66441917762568;9.662862622717132;24.36487402117562;50.372162445576606
57;ratio.alpha.beta;1.0833643095302083;0.15625073688760663;0.9440698927268952;1.336612372879507
57;ratio.alpha.natif;0.4964985372870787;0.028653646931464372;0.45998739563283336;0.5261103849294224
57;ratio.beta.natif;0.509862224270704;0.025988816348980544;0.47767698577691126;0.541327889372596
57;tlip.MS;78.9420949532509;3.1642564692623623;74.39132385441991;83.09806278644687
57;total.beta.carotene;278.39750448510716;159.81993021034614;165.29972883897;554.7302907580786
57;total.carotene;498.01667965520045;295.6716132140317;306.27761257463055;1020.113741609764
57;total.trans.carotene.natif;426.33531324819506;246.74034228862337;258.243909586942;854.5753742338543
57;trans.alpha.carotene;229.04778930089725;141.53366890190557;139.1668877654347;476.30536129572897
57;trans.beta.carotene;195.15546877576764;93.08179633751419;135.96836282052536;359.23695903026123
58;C14.0;0.808942036341374;0.06784246988273701;0.7200701325082531;0.8989746412797947
58;C18.0;6.3171850179962314;1.5411992837357897;4.603015178414115;8.414972110765715
58;C18.2;8.583496612090881;0.5279158924666966;7.902153569240268;9.032583420561567
58;C18.3;0.31603503311276954;0.09899002594607315;0.24478917439447173;0.5029924106512172
58;C20.0;0.43305637490988097;0.05299694681715221;0.3866971357115259;0.5189544649501338
58;X9.cis.beta.carotene;84.00602248492454;63.62895765037582;35.48032074756934;173.2097001184563
58;eau;33.17726377316871;11.934413720499125;24.376899879919453;55.339631418104176
58;ratio.alpha.beta;1.2208849291872192;0.1254461992941508;1.032142010739543;1.3693392985259727
58;ratio.alpha.natif;0.5145220215534853;0.04284861014886703;0.46789725889975403;0.5860300844179591
58;ratio.beta.natif;0.4847944629458734;0.037385944377049785;0.42126861887290235;0.5266067320836598
58;tlip.MS;78.7880975891728;6.943328635668106;65.18388889204456;83.25760639499414
58;total.beta.carotene;553.1522047509617;560.8114388241584;195.44256639155122;1574.5879104046828
58;total.carotene;924.2665181445196;919.2531859427785;336.1901522781464;2618.2749870699154
58;total.trans.carotene.natif;787.5336620911379;784.2832801828624;300.5137250174249;2272.6393188016777
58;trans.alpha.carotene;387.6532700358123;376.2925069264861;162.41900926052125;1109.964973486822
58;trans.beta.carotene;384.25931970515694;378.2692543946222;140.1471343386387;1051.6705580532553
59;C14.0;1.3028563367565063;0.0458197550089284;1.251532541162798;1.3538481568627707
59;C18.0;4.389044367993837;0.18057829618213828;4.205302935883194;4.621866130785164
59;C18.2;9.95608067664602;0.29774879878559596;9.726511401924824;10.47213892292515
59;C18.3;0.2828259818357611;0.031282324442021905;0.23209072661612595;0.3074937896727861
59;C20.0;0.34517637162191595;0.0058560979197886855;0.3387977557285911;0.35294999754327483
59;X9.cis.beta.carotene;54.745423352620875;14.742332751000971;40.86879738745909;76.21134341985795
59;eau;34.40007165586817;8.018099561893157;27.279366741646008;44.12341458207177
59;ratio.alpha.beta;1.1099440284125408;0.16214014211087482;0.886784321667179;1.31056777221362
59;ratio.alpha.natif;0.4977390174452787;0.029431291191923375;0.4549930348927328;0.5285491056344221
59;ratio.beta.natif;0.5033379311114793;0.03169981497720515;0.46853158787665833;0.5474865335624306
59;tlip.MS;79.0692963954389;3.0689272682445483;75.40952416941727;81.62941760583215
59;total.beta.carotene;443.99766190070767;201.00345963956212;223.80052640473681;766.7957422028933
59;total.carotene;786.7613269056841;392.45992207406744;403.45047331807973;1443.91564054988
59;total.trans.carotene.natif;707.2384987957357;383.56434775444916;323.0260724731763;1346.17472947287
59;trans.alpha.carotene;401.77650000986586;200.43981554844126;181.12351361359845;710.7061174355366
59;trans.beta.carotene;279.7788917245642;105.10385830639227;133.3952181104699;356.53569335617425
60;C14.0;1.1313993131668172;0.015686714342967468;1.1109206825621387;1.155120082225155
60;C18.0;4.903957760160168;0.7321145032983295;4.231647395525827;6.025640367297637
60;C18.2;9.35460114764962;0.35095229724300686;9.06951046507168;9.969347872921004
60;C18.3;0.3008760400798069;0.051589295599263764;0.238571127102051;0.3532912908454815
60;C20.0;0.396322884160527;0.04838086935852712;0.35671978599202037;0.4833837643315897
60;X9.cis.beta.carotene;91.98105693487413;62.894775225268205;38.001721861495916;170.33216704616615
60;eau;25.008160396290194;4.01077621683393;22.22576243007761;32.97776612426668
60;ratio.alpha.beta;1.0072690437966263;0.13423559528081955;0.8484727578149315;1.2350808456135733
60;ratio.alpha.natif;0.5000966045760621;0.053915647702579686;0.44228825956878254;0.5772637477555326
60;ratio.beta.natif;0.513934042271776;0.046427422602540826;0.43904307848848056;0.5541863829141831
60;tlip.MS;82.67924526337809;1.4495648128204017;79.84586928470526;83.75788154066153
60;total.beta.carotene;723.1034094279294;481.4962138512636;240.76493439562066;1249.5040045915991
60;total.carotene;1267.6757648531866;918.9135636521936;403.32540766565376;2514.029815375265
60;total.trans.carotene.natif;1096.9314914338584;772.9504036031136;356.120075405534;2161.399559649263
60;trans.alpha.carotene;342.4598640510794;151.88880634854522;166.63138736917665;497.7297206459344
60;trans.beta.carotene;434.31144467659095;267.56009244515735;142.63510667238998;707.651409343745
61;C14.0;0.41048092244600737;0.03259794870030121;0.3735358155023027;0.4691923156422195
61;C18.0;6.253387673318282;0.6395188074359975;5.392706893758814;7.149971261566
61;C18.2;7.736634989897541;0.2712629351452901;7.221786303242944;7.9644811423978945
61;C18.3;0.3155133754338591;0.04404716268164393;0.24517494448243238;0.3535367060628073
61;C20.0;0.48300236286724035;0.011336049587001192;0.47080349456042897;0.5040470393113136
61;X9.cis.beta.carotene;138.35698307192385;35.319160285507046;70.79053139269229;171.92377457611371
61;eau;25.779988725915143;2.7756851336317045;23.10521366171026;29.07154910906389
61;ratio.alpha.beta;1.2835417929478419;0.24118533214469845;0.8454302224558444;1.4989279185616122
61;ratio.alpha.natif;0.41114130941894134;0.027680365853931268;0.3720489272822243;0.4395797481909602
61;ratio.beta.natif;0.5849633942429556;0.02117135310243375;0.561551853180221;0.6170759125494244
61;tlip.MS;80.60228349641336;0.42725550016388864;80.05836471817673;81.37312971690702
61;total.beta.carotene;988.8982989346958;388.445340430271;424.75877504940195;1439.5539450270296
61;total.carotene;1821.1476520749354;652.2765991464587;727.206954459047;2373.6396967326627
61;total.trans.carotene.natif;1532.542103137461;528.055414805328;670.8184957795437;1924.7303311176217
61;trans.alpha.carotene;789.8288740647464;252.83092095474265;376.8027688270026;1064.3104939869802
61;trans.beta.carotene;711.145378338821;228.3347695116347;351.3854809557693;913.3245391229069
62;C14.0;1.075624059330652;0.09902914885687124;0.9131037542994123;1.1748906155547598
62;C18.0;4.896272448323876;0.22652667307170704;4.622568279949831;5.122713960753641
62;C18.2;8.150902725433598;0.39716832669092766;7.7918151575255346;8.907506441453586
62;C18.3;0.25719581719456813;0.029045713825171904;0.21794736622094216;0.28164218066152463
62;C20.0;0.4315646757913469;0.020401963154212138;0.41242504292954124;0.46715813936691425
62;X9.cis.beta.carotene;52.06585914742836;10.958098897985524;41.22284516925993;66.94094706379843
62;eau;23.869039805040202;1.2642118186752551;22.46384935115697;26.156365258732748
62;ratio.alpha.beta;1.1410631094406611;0.09991111587794495;1.0184898776084295;1.2306669245723578
62;ratio.alpha.natif;0.4710299168386731;0.02172412408613952;0.4401042366703578;0.501018565815013
62;ratio.beta.natif;0.5357482797243512;0.025571429995335706;0.5073978157567103;0.5719120619621707
62;tlip.MS;83.17097203858778;1.300130264132301;81.33512308539738;84.58137327912074
62;total.beta.carotene;377.14034688013504;97.16316789923326;213.0821878113563;453.5173618194542
62;total.carotene;612.3046521683149;190.33800166855718;368.7708083545918;852.9664115641
62;total.trans.carotene.natif;550.3579389513487;178.95506829142337;296.62146732630384;742.753943896877
62;trans.alpha.carotene;298.3164114581595;102.65273328638396;164.77924992263348;401.4526755031016
62;trans.beta.carotene;247.75824415483143;81.96913129522285;172.5253395045139;371.81200514616364
63;C14.0;0.6926913736080884;0.062488133333349835;0.6102243028490765;0.7954189771978739
63;C18.0;7.0388846321655665;0.6893466559338916;5.875497945328928;7.789724705836383
63;C18.2;8.83829634093318;0.5634510704011026;7.9390366971160455;9.335725282053474
63;C18.3;0.29760049934476157;0.07771160458663703;0.24136932620028284;0.4481655192571275
63;C20.0;0.4636074069898004;0.04115246847639729;0.39708143043333827;0.520197654702341
63;X9.cis.beta.carotene;71.5357534782509;49.1403160745155;38.884038560339846;168.98212835583482
63;eau;25.46119436811959;5.458453556356593;21.689000899418428;36.40315523175839
63;ratio.alpha.beta;1.272302723393099;0.08997708002256803;1.112979461864921;1.3643741264729687
63;ratio.alpha.natif;0.48416270735630795;0.013022079437080475;0.4742029660140321;0.5097787490414084
63;ratio.beta.natif;0.5144804797555613;0.013362398985244313;0.490217210940028;0.5287367727692212
63;tlip.MS;80.1813682191453;2.22790802750878;76.24682526611448;82.98860148430268
63;total.beta.carotene;512.505693792606;541.4267612607027;192.4689554031763;1605.8321733010523
63;total.carotene;871.8617187658365;887.7700710800516;386.8540483665579;2671.95606128766
63;total.trans.carotene.natif;748.7521864786953;741.4605976847209;324.69228003975127;2249.664768719238
63;trans.alpha.carotene;333.280990971876;185.31928228052686;173.44902883168237;690.122227685998
63;trans.beta.carotene;299.3094640165402;307.4625252138901;127.49389964562903;918.7056776276759
64;C14.0;0.8270060068489472;0.15230689139008743;0.6868890927740935;1.0165949849433407
64;C18.0;6.502518626769937;1.2371694283524104;4.864191181844792;8.58952856971186
64;C18.2;8.03852275128923;0.7610799728107062;7.486005981534536;9.539107441729868
64;C18.3;0.3963128337910138;0.05216864004716892;0.3453856632896388;0.4552602346723571
64;C20.0;0.47254506477879116;0.022181097045112407;0.4478600698819002;0.5096438025707939
64;X9.cis.beta.carotene;196.1420069148297;22.526863062262656;169.29897976214673;230.53988916557125
64;eau;27.347842832463517;5.491381861537781;22.42078230575029;36.14730495453328
64;ratio.alpha.beta;1.3483038765597712;0.11264721732647594;1.2230441414610895;1.506490741298659
64;ratio.alpha.natif;0.4842333511905459;0.05827607296999457;0.42767149719599346;0.5754442405323998
64;ratio.beta.natif;0.5189617250265226;0.06229868058448438;0.4258217009668685;0.5843160012505181
64;tlip.MS;79.30526903222157;0.6530767911655324;78.22441979683943;79.92815450057775
64;total.beta.carotene;1463.8515869305459;188.70523861534085;1142.5781524611057;1677.8785542804121
64;total.carotene;2513.7812981489747;268.6057915883405;2031.2596201070367;2775.395635958064
64;total.trans.carotene.natif;2079.644333734967;239.2774390271665;1642.2063790885115;2305.6413816339177
64;trans.alpha.carotene;624.8991161353465;79.86453554554906;551.4364658153182;731.0408270388612
64;trans.beta.carotene;904.8477196861018;226.44050609764375;688.2549230233604;1253.808612225711
65;C14.0;0.43350965203497843;0.05195748623843904;0.3676786186644317;0.5121928239156034
65;C18.0;6.986798985654844;0.8951951028913847;5.764956557413507;8.371682076185907
65;C18.2;8.056940101396115;0.7129289707794576;7.187741190355435;9.293958048312101
65;C18.3;0.31927997409827263;0.06655363107255248;0.23575761465188827;0.405202725910518
65;C20.0;0.46201792626484034;0.03296103525307148;0.40614946186886086;0.4983346816467737
65;X9.cis.beta.carotene;117.88288397616657;54.48509581149335;59.28714749239443;183.80366370234154
65;eau;25.44653133608843;3.443815740876637;21.499491786707992;31.471228347914835
65;ratio.alpha.beta;1.0340496836040005;0.10601654430308395;0.8865891044372859;1.1555660263346221
65;ratio.alpha.natif;0.45272716998491624;0.027553859302931524;0.4093416347558611;0.48827200149841615
65;ratio.beta.natif;0.5401780666186154;0.028372507576092595;0.5123455837682664;0.5889373452100028
65;tlip.MS;79.96352610902211;2.298559884189422;76.47005330799557;82.23040175136671
65;total.beta.carotene;844.0494093084035;432.27381700526934;419.2178629126849;1423.0153828135133
65;total.carotene;1480.090184794684;715.0475840869855;786.779320857553;2299.4459034592014
65;total.trans.carotene.natif;1225.9620718781148;569.2151116836446;649.455773669868;1917.8492968497076
65;trans.alpha.carotene;543.4331228050258;225.98830510096343;288.6902440884822;843.4855093877145
65;trans.beta.carotene;598.764846894151;287.5688018840477;298.7495426311727;1052.1302782714774
66;C14.0;0.4074386081516601;0.11411201253984946;0.2669949215166029;0.5941073669167739
66;C18.0;6.89391921990661;0.7467142676748127;6.092276680916174;7.982711322484155
66;C18.2;7.396584045776387;0.33996212285076016;7.0192312975746685;7.883779511779275
66;C18.3;0.31568843215014736;0.03793877338739368;0.28582104651719875;0.38972771099755954
66;C20.0;0.45862360986945977;0.02259567793258973;0.42706701838876754;0.48526559354269644
66;X9.cis.beta.carotene;116.46959027511018;46.4602787657128;51.95484055449069;176.71593743248457
66;eau;37.98267197656534;3.657099067462488;32.42123642436647;42.62821044314891
66;ratio.alpha.beta;1.168796431629717;0.191283262133645;0.9487603224561362;1.4000535211400043
66;ratio.alpha.natif;0.44873762613996543;0.0247390235123648;0.4259651767315201;0.4908896042736567
66;ratio.beta.natif;0.5548676331591377;0.02618934058334668;0.5073103889238578;0.5797950555468813
66;tlip.MS;79.65044369711556;0.8478184091620478;78.64077183552469;80.70876065557509
66;total.beta.carotene;885.572231517076;258.86870998290084;442.4952646607676;1230.383379854561
66;total.carotene;1680.858597620744;556.8440231077287;778.3299161871693;2273.5949009000556
66;total.trans.carotene.natif;1429.5343428615586;450.3576077446517;652.9731566664742;1831.275426283495
66;trans.alpha.carotene;549.6756239124005;171.01725012338676;335.8891912429415;839.3725510718253
66;trans.beta.carotene;646.3486979491622;267.39987985174776;364.6897425532828;1125.405513699736
67;C14.0;0.3755555411429852;0.12334850896832746;0.29277813513360523;0.6191094876775568
67;C18.0;7.591474547503083;0.5775911310408982;6.7805526920612635;8.290519848018238
67;C18.2;8.448405250610643;0.31174026377413006;7.926577268185626;8.826089379764783
67;C18.3;0.27271466186507265;0.03480140799930196;0.2380382891601807;0.3276557824696434
67;C20.0;0.46273452178777513;0.023256362622970247;0.4342497109027693;0.49902900321545035
67;X9.cis.beta.carotene;78.00658290427216;56.180209856917486;44.6770948343783;190.08395060549378
67;eau;25.887986644743435;3.869846138782756;22.073959334377058;31.553224655173175
67;ratio.alpha.beta;1.1445422049342542;0.26341544388922644;0.8211608413840789;1.4858351801811358
67;ratio.alpha.natif;0.45799823671954115;0.02463033669384345;0.4185476367768847;0.4817798714707425
67;ratio.beta.natif;0.5387641579967878;0.02495426250192401;0.5102750516384739;0.5790294925637686
67;tlip.MS;80.24458080801084;1.8392228890854245;77.55666126574577;83.03627986183136
67;total.beta.carotene;538.6931719540227;303.28051664759636;258.9802932814322;1045.995700158118
67;total.carotene;918.7426071206943;609.1484254316434;428.83014237584194;1979.1932225538396
67;total.trans.carotene.natif;793.6691912206643;511.1214004204427;364.2097294638515;1726.9317715816182
67;trans.alpha.carotene;334.6153057368826;152.0276506752297;177.49350724910755;523.1740780807529
67;trans.beta.carotene;372.6072464189768;176.93459477604023;181.84396523302428;621.2527492903275
68;C14.0;0.37992706878194754;0.04966911599633358;0.32494416743238363;0.45002906972352064
68;C18.0;8.005889091893179;0.45354825940483223;7.491785073723602;8.71804973978828
68;C18.2;8.041771789945734;0.44880156482003614;7.5257797516135785;8.469350416784456
68;C18.3;0.29931476582027206;0.05467049876147944;0.20775955511291563;0.33797287585452196
68;C20.0;0.4784748766049912;0.020529082979186035;0.4564664163740479;0.5075068704298316
68;X9.cis.beta.carotene;110.58833957815018;62.9781756329777;57.12588613870096;193.95387380601292
68;eau;25.50328162668249;2.8184526728141783;22.710920243044516;29.1118018755725
68;ratio.alpha.beta;0.9987274233389482;0.13996584021984618;0.7945621378820571;1.1269218977721134
68;ratio.alpha.natif;0.4408367926418406;0.0110286063702887;0.4234041855918598;0.45170168169916947
68;ratio.beta.natif;0.5578716267188206;0.01689922570406995;0.5443679161446972;0.5855104245987736
68;tlip.MS;78.89216960934272;1.9774155324240779;76.52751673018835;81.45023950786116
68;total.beta.carotene;723.7589237563362;304.88052200472896;321.97008951724956;1127.0737815646364
68;total.carotene;1259.3729108755083;502.4020367479809;611.6940717919207;1966.7588041444378
68;total.trans.carotene.natif;1075.1804551760722;436.23198292112755;511.9184590497546;1651.9631639284444
68;trans.alpha.carotene;484.69277241609944;97.73701086224415;367.0218339912053;592.9381455377998
68;trans.beta.carotene;517.9315914436124;195.692524847471;276.18409158028373;804.822504852756
69;C14.0;0.9925897561570792;0.11080506611406543;0.846751973267643;1.1230595769596483
69;C18.0;5.365663035679865;0.8441610187940725;4.409407688139616;6.3239198484480585
69;C18.2;10.135043091178948;0.22275705178200633;9.744187058530333;10.363601740805136
69;C18.3;0.287771471330336;0.026326194933564948;0.26437507019831297;0.3388846298953063
69;C20.0;0.42278540415292265;0.018140783512440795;0.399873510893112;0.4551859936693192
69;X9.cis.beta.carotene;44.16487905388602;10.080493288214086;30.284954062939704;55.920997794697044
69;eau;23.552129916565132;1.379953411594837;22.14890889481705;25.87566109024377
69;ratio.alpha.beta;1.223877338488608;0.07391631523364724;1.0983383524701837;1.3242118705819381
69;ratio.alpha.natif;0.5058011549960783;0.041266798816650865;0.4678805100690247;0.5637879972487972
69;ratio.beta.natif;0.49782630000478695;0.04330723434912449;0.4386067226202268;0.5366144579152148
69;tlip.MS;81.95844760888515;0.612095487054394;80.83507712511609;82.61631290891798
69;total.beta.carotene;284.427550024777;85.16003787798395;186.64413381588733;387.8491877589329
69;total.carotene;470.04406776701825;125.30447807438067;361.42207684954343;630.9941249060093
69;total.trans.carotene.natif;423.2785143732619;125.68401774449045;286.4630640744458;579.7359032233467
69;trans.alpha.carotene;227.06690583978084;99.38862570470253;154.02355908359186;385.1544656887593
69;trans.beta.carotene;183.64044154820544;60.401046535143685;121.67476176806206;277.90059146839957
70;C14.0;0.8689383005622361;0.09501804407006065;0.7625784718986821;1.0039329652915936
70;C18.0;5.30275535957542;0.8090371870959574;4.323439313228939;6.33401807938515
70;C18.2;7.50776626087967;0.36732335240032266;7.039588298056197;7.936088184810621
70;C18.3;0.4196987498197026;0.08135084796995876;0.30064467338964385;0.5109572900106777
70;C20.0;0.4338274348853453;0.032311533104910174;0.3973877276253724;0.4732083376321911
70;X9.cis.beta.carotene;210.99791522638213;32.322338910372416;180.71528526964937;258.40475372975425
70;eau;39.98751332568194;6.444183166748152;31.938749100375258;47.88918331024821
70;ratio.alpha.beta;1.0881623944543348;0.23250644524544117;0.7998897622293675;1.3430085815365387
70;ratio.alpha.natif;0.42717754437662686;0.03407633315020523;0.3667477448244922;0.47029233368718854
70;ratio.beta.natif;0.5715637217414283;0.03900598705704686;0.5231074931995651;0.6402736857495224
70;tlip.MS;76.85336027911048;3.4557552814229227;72.82446617942416;80.38451176429263
70;total.beta.carotene;1402.73648976249;349.7270842002469;856.780391829076;1733.386230436894
70;total.carotene;2381.040725500585;628.2161748663691;1314.0202871455156;2932.017231421294
70;total.trans.carotene.natif;2070.607412620989;513.8014818043557;1213.7571758960241;2557.6901110647646
70;trans.alpha.carotene;620.0663899575106;67.32326113936193;511.7533507485513;689.2156550377973
70;trans.beta.carotene;1072.6542751382926;276.49494565080295;737.0904898895976;1377.6956592378797
71;C14.0;0.8482410664762489;0.13276068013555428;0.6663975982627338;0.9886034547042345
71;C18.0;6.649961300036738;1.0827949848813228;4.9908047196289;7.723865549616159
71;C18.2;7.065693646302262;0.17381396456253137;6.879884603853619;7.297759401877059
71;C18.3;0.3828380596019261;0.04517256864508089;0.34401798272244255;0.44575204602487567
71;C20.0;0.4247413421222923;0.0298207216916449;0.3813068941327941;0.45621403304942426
71;X9.cis.beta.carotene;169.6483898440094;13.890939307003219;146.36187014825057;182.9238395260353
71;eau;26.622300354841087;2.8113598952933567;22.628464190666364;30.272747461311788
71;ratio.alpha.beta;0.9315970117222345;0.15434062692285916;0.7592556809558346;1.1806829383793107
71;ratio.alpha.natif;0.39498200887002394;0.028807261352435623;0.3534005555472915;0.4255817192542818
71;ratio.beta.natif;0.615327850454299;0.022122904153877108;0.5895637034380916;0.6402153045840876
71;tlip.MS;79.26777556496899;1.6297511558125526;76.38585310908861;80.2928641368745
71;total.beta.carotene;1321.1995623115101;142.37198488272497;1137.3522292911816;1519.342746639558
71;total.carotene;2211.088857619675;251.96166158828376;1977.8765433483582;2506.590662390563
71;total.trans.carotene.natif;1835.1969136859097;204.25228201140894;1656.2597239411375;2102.3307029586463
71;trans.alpha.carotene;798.7634680605898;275.4152905012467;492.40546341679504;1078.4948648941454
71;trans.beta.carotene;957.6866756007734;194.27256374497958;694.5593490007545;1227.5628237471894
72;C14.0;1.0931402403465602;0.05707109379401531;1.0017888891574898;1.158084813480685
72;C18.0;4.82997351355688;0.16454761515876026;4.651746278061709;5.091826846265703
72;C18.2;7.135178276832161;0.23132628199328317;6.809690747544014;7.478315275524491
72;C18.3;0.43726453440047497;0.04714164973686138;0.3737326518207019;0.504254506777179
72;C20.0;0.4245785122655129;0.018049175694595077;0.3961920726383379;0.4515136371703602
72;X9.cis.beta.carotene;184.03949151917772;46.39252921176645;108.34838505779051;222.00331986301043
72;eau;35.26828046642957;4.1282431530006765;32.18978994489196;43.38971493598595
72;ratio.alpha.beta;0.9275847794372806;0.19829967579972146;0.6269609955246532;1.1671122972250403
72;ratio.alpha.natif;0.40441572382351415;0.04893001173050449;0.3355027199916951;0.47055678657671707
72;ratio.beta.natif;0.5979427185613594;0.04605271646554878;0.5308933247456845;0.6548078092743733
72;tlip.MS;75.40596834957343;2.2152013941530457;71.63274524306969;78.61675543005276
72;total.beta.carotene;1377.8775440876798;315.0876917986997;840.0821504783153;1626.4512810912427
72;total.carotene;2104.066584121218;449.16193500330826;1362.589973475563;2653.2490715174063
72;total.trans.carotene.natif;1829.0366103590277;381.16248615977173;1162.3352979524989;2268.4017271741504
72;trans.alpha.carotene;726.2981313035599;263.5508172213375;476.6129276830786;1103.711064551173
72;trans.beta.carotene;1130.8006366812374;312.1072132348047;658.3599520866512;1400.4404017376653
73;C14.0;0.3971665516472841;0.036745876704395754;0.34069798279602587;0.45915598875185387
73;C18.0;7.36415356797652;1.1935665458018703;5.084634790919983;8.601308526004884
73;C18.2;6.770176308791376;0.39825579839476877;6.2794589448254055;7.357560947852275
73;C18.3;0.27840405306737354;0.03577121368582933;0.23330456374207587;0.3176418932617656
73;C20.0;0.44692527944536375;0.019281400762042218;0.4223720330792979;0.47016460358859646
73;X9.cis.beta.carotene;46.46975143669187;7.853935169972125;35.784771521785856;60.763466588401414
73;eau;29.08800405797033;2.4831667098286014;25.23384352437838;32.16459855779006
73;ratio.alpha.beta;0.8531717780007694;0.07889346499229755;0.7735295181815005;0.9791723156021848
73;ratio.alpha.natif;0.4324259858135177;0.011200292309082918;0.4218854498056243;0.4483548134724036
73;ratio.beta.natif;0.5627871528582433;0.020814561267673316;0.5301973827921763;0.5810596400329834
73;tlip.MS;77.28014491105074;1.4345340819204617;75.62622510239964;79.38471963961055
73;total.beta.carotene;380.5018905704941;148.9103484952967;243.3888158827826;592.2620665393035
73;total.carotene;613.504716197416;276.22857754446204;386.0084163742151;1002.4721780692795
73;total.trans.carotene.natif;566.7734408768255;249.70435883786186;359.1453553276174;939.8465599082722
73;trans.alpha.carotene;232.76066536697607;88.1874002637204;163.6450994583806;375.96915006833973
73;trans.beta.carotene;272.50495079638694;86.80360199236424;182.42361835234016;440.68083915658724
74;C14.0;0.8359111205594828;0.06125483405738563;0.7743632754839266;0.9379100762327984
74;C18.0;5.967466606753862;1.1518042741815302;5.035752831908336;7.920633283023671
74;C18.2;9.486969646398437;0.6938364311882432;8.358162611032006;10.135495082268658
74;C18.3;0.24722689291687297;0.034235506337209405;0.20098927014392032;0.28983131416039626
74;C20.0;0.46801696047679225;0.03816176538183054;0.3988838115379222;0.5042605626906395
74;X9.cis.beta.carotene;48.41440647638711;4.072423800294962;41.957172603959634;52.92592439446392
74;eau;23.959444758747633;0.9436060087332419;22.877789447273926;25.02626140741588
74;ratio.alpha.beta;0.9225906175244658;0.042954783305795045;0.8805862977534593;0.9818995975070963
74;ratio.alpha.natif;0.420026311012045;0.03977121498515215;0.3760281451324424;0.4925758105728566
74;ratio.beta.natif;0.5824222514597412;0.038899069486418664;0.5100674269649041;0.6253147951928608
74;tlip.MS;83.59858044299857;1.2266410085385393;81.32361435473909;84.86042261110987
74;total.beta.carotene;351.21735084735536;59.65902420469852;289.76608491496404;440.2802008528831
74;total.carotene;532.8783441005424;132.50713634639084;416.861568946692;748.7763085449062
74;total.trans.carotene.natif;486.99209934467336;114.45737913128934;375.07682004928137;660.0858603749989
74;trans.alpha.carotene;217.53104895545243;45.61406434659863;173.03221691796207;275.70740236641336
74;trans.beta.carotene;255.32878391150837;47.64074612201789;216.94644608074404;347.68676221641624
75;C14.0;0.4024756777677225;0.06608704535236486;0.334977149500955;0.5237841966355574
75;C18.0;6.920303939345097;1.127371402611981;5.633637537682176;8.357822062321038
75;C18.2;7.6037503775713775;0.22953963588271373;7.178974450205258;7.855859962033595
75;C18.3;0.30761279461478025;0.05254121434364326;0.24470615961277317;0.3731002412871806
75;C20.0;0.463307724842373;0.01509690694161989;0.4451638498259616;0.4892176447460627
75;X9.cis.beta.carotene;120.32695949295608;38.19929412437599;75.4625559913601;169.96946890637605
75;eau;23.957901897929986;1.2969863607369196;22.26641744868211;25.93794370762282
75;ratio.alpha.beta;0.9666311552556417;0.10979958120928064;0.7606925379924944;1.0465614394011482
75;ratio.alpha.natif;0.42799233374582446;0.020356769899746146;0.3994361553449044;0.4580753475850567
75;ratio.beta.natif;0.5694907450549452;0.019089552066670526;0.5405806044135439;0.5910493624247142
75;tlip.MS;80.1979068909939;1.057818609912333;78.13615663345291;80.89260772417333
75;total.beta.carotene;925.9526151797178;304.30837852933263;663.0279117557247;1308.9757833047229
75;total.carotene;1660.3289995304501;516.621245360289;1199.0802465699367;2567.642357261102
75;total.trans.carotene.natif;1423.7029651391701;474.305573950217;962.5404836022763;2262.368864048321
75;trans.alpha.carotene;562.6586073955003;221.1198026794135;391.4285639312176;973.2102288812979
75;trans.beta.carotene;678.2424440577407;217.43687643668036;447.74922786807235;995.9650106341062
76;C14.0;0.7718667317209855;0.07662768945068484;0.6710126327130308;0.8706495163785378
76;C18.0;5.069690894521519;0.5048967813711065;4.59388862837868;5.824166959329597
76;C18.2;7.380858064429067;0.4574145766109301;6.597717790567671;7.943774777632402
76;C18.3;0.34064128229951185;0.05297737051707502;0.28943359914468947;0.43663958806248293
76;C20.0;0.421891444567672;0.022353567754319948;0.3978371844835374;0.4526254150490249
76;X9.cis.beta.carotene;150.844065475009;54.23795745382973;81.86841649711845;231.20711982819415
76;eau;30.335330667587495;4.320983344409078;26.71239616175778;36.8257075151394
76;ratio.alpha.beta;1.1115390897736064;0.07947713599933916;1.0136618858972628;1.2510492499529504
76;ratio.alpha.natif;0.5229754168442468;0.020920344962493814;0.4938466385977717;0.5497627176771449
76;ratio.beta.natif;0.4811097272819809;0.02364579858045424;0.44977290991544394;0.5136302636263472
76;tlip.MS;77.92681951083814;1.9309715342928797;75.00455113549565;80.54692985067175
76;total.beta.carotene;1082.9131720505804;327.77156553062764;535.0573205141866;1464.0545929926677
76;total.carotene;1915.4438980766827;506.4258289746762;1031.5726230553346;2513.7175107229214
76;total.trans.carotene.natif;1632.350858680736;493.3418182572685;769.6279806295389;2241.3901531649694
76;trans.alpha.carotene;516.452462973112;57.88360291314101;438.0393009708835;590.8247033998466
76;trans.beta.carotene;724.653516446566;165.06911314243527;447.77626008685513;938.1882290512631
77;C14.0;0.610346247719393;0.10866863599214706;0.4709690193350083;0.7537899639652598
77;C18.0;6.530466871750714;0.9416350403817308;4.938621881249554;7.291864380703632
77;C18.2;7.774632711857254;0.4930730835980833;7.086395388027688;8.569115974435865
77;C18.3;0.3934835732961484;0.04147656265975187;0.34693980155110876;0.4645995762396194
77;C20.0;0.4602670747504005;0.04158676042588201;0.4082811962244009;0.5090922370198165
77;X9.cis.beta.carotene;170.90985980693907;19.231812263459258;145.97997391451793;204.86009111816915
77;eau;26.013788072827854;3.6971983148761245;23.044575831596436;32.963357443736534
77;ratio.alpha.beta;1.230131245399473;0.12057960148622186;1.0582047775826202;1.365423556035205
77;ratio.alpha.natif;0.46890104199569177;0.032228171610074366;0.436730712684713;0.5154906632535271
77;ratio.beta.natif;0.5374612522160119;0.03875145045126529;0.4821135752121946;0.5819339421309778
77;tlip.MS;79.96193475090811;1.6545947974297477;77.08598563195893;82.23596292999848
77;total.beta.carotene;1269.168349250132;209.54978115667203;914.6860515467911;1489.7576212273366
77;total.carotene;2251.2147889796274;461.738938170135;1374.7085397620715;2558.4724576528183
77;total.trans.carotene.natif;1873.2450015117483;359.29583634105757;1216.7715218147;2161.3165654108693
77;trans.alpha.carotene;1008.418027544984;176.45200087148027;670.1362116664637;1184.994495529336
77;trans.beta.carotene;968.920619878118;145.22820285007768;772.4283546355925;1167.274079137705
78;C14.0;0.34860928155048326;0.09947838876108457;0.2795564963542845;0.546835449196027
78;C18.0;7.358695090553688;0.48141916208752483;6.450533973749235;7.730273805150244
78;C18.2;7.367525889507443;0.32233899924469595;6.972983808902324;7.864305109841442
78;C18.3;0.3603564569457604;0.048378999609145476;0.3047497474934641;0.435302575394545
78;C20.0;0.466162032185322;0.03205415193970176;0.42863706019832926;0.5124519094834882
78;X9.cis.beta.carotene;173.10500900206037;31.080144811392966;119.86009196420544;206.43251697468804
78;eau;25.504262848368853;3.560438926334479;21.408394428742245;31.249397660178047
78;ratio.alpha.beta;1.1257314667947351;0.08390417115968854;0.9757817454041735;1.2346575668913906
78;ratio.alpha.natif;0.4552632520184879;0.024957520292715533;0.4246672255910991;0.49219165449756375
78;ratio.beta.natif;0.5518681615399691;0.02833676345130223;0.5096985673171456;0.5861829908992431
78;tlip.MS;79.58303687996113;1.1993939342814866;77.75860190240735;80.64739284834764
78;total.beta.carotene;1122.5561812645308;139.73355775985902;968.1565410921123;1363.2754792022076
78;total.carotene;1930.0081328610895;363.9965010115342;1312.3345031498986;2303.8911562044027
78;total.trans.carotene.natif;1619.9491857316623;297.64556706335185;1090.7033371666012;1932.044616203257
78;trans.alpha.carotene;631.2368391900726;76.98988174758603;553.7072878926889;773.4817916758278
78;trans.beta.carotene;829.7445825155919;149.76414702791652;653.0746371455633;1025.1007228275676
79;C14.0;0.6185409673671073;0.04950841612092271;0.5499585682416059;0.6862710358247577
79;C18.0;4.533554233286657;0.09386282844093481;4.395090654350902;4.644003938702455
79;C18.2;7.506793791594415;0.6068971532540368;6.344930943799347;8.011587063541835
79;C18.3;0.43204663743968136;0.06212724791493661;0.3526358820048648;0.5064097307073091
79;C20.0;0.387640731910146;0.00753280349323267;0.37830329426252923;0.39731039153838743
79;X9.cis.beta.carotene;215.330983487267;59.70391189505652;124.27145870175681;280.63708915394324
79;eau;36.35733736861486;7.932093459537938;29.097630554143112;47.965189669173924
79;ratio.alpha.beta;1.266383950909858;0.05572531295245897;1.154003382932573;1.2980888401401982
79;ratio.alpha.natif;0.5482431251220176;0.022315629162515515;0.5277982653226341;0.5770692753549579
79;ratio.beta.natif;0.4574034137256408;0.030110060062291076;0.4167509585852374;0.4827963467506731
79;tlip.MS;76.30287981117569;2.0573420181139426;73.87673185609596;79.00097303605133
79;total.beta.carotene;1551.18083095593;277.60261119356375;1063.0821284283268;1757.0520134235499
79;total.carotene;2561.364607985401;428.7867572495768;1801.0172152887299;2917.315849726703
79;total.trans.carotene.natif;2243.212495446213;355.0553464028956;1694.918502631498;2550.1738022150307
79;trans.alpha.carotene;799.09391462865;312.1353389984299;482.4192507111377;1209.9953447682458
79;trans.beta.carotene;976.0349603418712;132.78958682271758;788.2462058315356;1083.6478421114334
80;C14.0;0.7004899042952277;0.10843859144565675;0.5700821740076806;0.8664153166297335
80;C18.0;5.947601832633566;1.268397551427644;4.439764508017924;7.675813137008048
80;C18.2;8.271513340650761;0.3939042652218682;7.8660252114672975;8.978298220469618
80;C18.3;0.34436825992354536;0.08671466647140948;0.2455918035069378;0.4980048868859899
80;C20.0;0.42463820971043353;0.02106485180185611;0.40264025950675597;0.4630277885390608
80;X9.cis.beta.carotene;138.69929340587032;90.34828405525005;37.8327792227705;258.3399081837598
80;eau;32.69588071556263;9.542310789468468;24.00606886330245;49.087795244992215
80;ratio.alpha.beta;1.2192586512357577;0.16474453884074355;0.9540793678912316;1.365500289866154
80;ratio.alpha.natif;0.5354511806782852;0.040234875323224804;0.4807785912562656;0.5839992559743146
80;ratio.beta.natif;0.46295000107762135;0.04523749299617934;0.4113764304900764;0.5239384233633666
80;tlip.MS;78.89801436847537;3.5087201042497367;72.87238389163201;82.7852505484892
80;total.beta.carotene;833.4755874527006;557.4664193265181;206.06669177293938;1649.162575075329
80;total.carotene;1445.1679403211099;983.5017852394561;358.7649226254874;2698.038223596851
80;total.trans.carotene.natif;1225.2842763683745;824.1494603304791;295.9514134308154;2233.3569772646115
80;trans.alpha.carotene;562.6260884014399;366.505606068796;166.40422407000176;1137.7293873830752
80;trans.beta.carotene;618.7701654984103;411.57682562533074;141.73573706125188;1216.4829178135983
81;C14.0;0.7004944570570952;0.0895551308795946;0.5858571266916677;0.8452944753155075
81;C18.0;5.787020319406725;0.9666807474158424;4.3340159152795605;6.917736839793674
81;C18.2;8.795974723498427;1.0263876846501552;7.7035132047023245;9.86657043693318
81;C18.3;0.25617168752425196;0.03537328943866672;0.20713313440146897;0.3003481010332117
81;C20.0;0.4132827319626622;0.025603552219894736;0.3876872086080144;0.4504042083627069
81;X9.cis.beta.carotene;48.67130986756635;6.028327268433206;41.780352098147716;58.04440172776251
81;eau;25.943711410852003;4.048764058570803;22.166949743317417;33.43226568248432
81;ratio.alpha.beta;1.177769302559719;0.16449862404372964;0.9745114577316141;1.3905135877617405
81;ratio.alpha.natif;0.4787420427408064;0.015660102967777086;0.45632219412458974;0.5001181580978544
81;ratio.beta.natif;0.5183714818345965;0.015308005460146734;0.5006581702684084;0.539491745882683
81;tlip.MS;82.72069989213148;2.0622090530876624;79.77169936656513;85.17259962183017
81;total.beta.carotene;325.7337887742885;95.6886181411645;235.28911016116086;490.039169785359
81;total.carotene;533.6626102005073;164.76939208776827;402.89083678567744;804.797644644694
81;total.trans.carotene.natif;462.9603160807717;130.01986795392753;355.941410225738;656.7625815352537
81;trans.alpha.carotene;360.2577266885525;242.23336697048188;228.27225651443484;850.4468223313195
81;trans.beta.carotene;191.61076338803738;49.603945238256216;131.97916196099163;265.520565417734
82;C14.0;0.4598064742177954;0.09123867659697166;0.292538102017603;0.5657328667731917
82;C18.0;6.441735927377068;1.3662265408690148;4.766502731235391;8.395944337440197
82;C18.2;6.961741822275188;0.22470945184912183;6.539159236595235;7.331694626860955
82;C18.3;0.35792975839097674;0.06696018891463235;0.2700202968143529;0.4588827026943403
82;C20.0;0.42819710936171773;0.020594100574350585;0.3952594314675548;0.4526616977413536
82;X9.cis.beta.carotene;146.9792075625817;63.35462043988184;51.80955292809114;217.80664531997058
82;eau;31.938469054897308;2.3504809104501936;28.613817969576996;35.499164373878415
82;ratio.alpha.beta;1.082417225847121;0.15920956633857256;0.8733951512235234;1.3072823149472035
82;ratio.alpha.natif;0.49705653184980403;0.03625968181439485;0.42250567043857035;0.5340183364321738
82;ratio.beta.natif;0.5065900371054364;0.03449991918774658;0.4758500574419173;0.5781738772119138
82;tlip.MS;76.87098364046493;2.4205764927936246;71.69262058274104;79.44905005883113
82;total.beta.carotene;1148.8953709500897;475.973607539552;492.1350065556856;1610.2323687214227
82;total.carotene;1906.2694178298077;777.5802920871511;773.1180013779973;2671.421859004554
82;total.trans.carotene.natif;1604.6112132025105;665.1450009235807;680.7843564059428;2290.9261064486072
82;trans.alpha.carotene;656.2728981106064;230.33808030943078;362.2716759824453;1092.3408017663387
82;trans.beta.carotene;807.6873838512785;286.12716487481475;395.37040576277536;1204.598399959827
83;C14.0;0.6311318588573136;0.11873255570022698;0.4656560274746252;0.8243680830682343
83;C18.0;6.1111858266871275;1.0771150967462517;4.852458932576731;7.720109484728982
83;C18.2;7.157699052839825;0.7055713224549282;6.531392789149805;9.04326825273485
83;C18.3;0.35902165481195647;0.04864535700808164;0.2906484048820214;0.4340462015733149
83;C20.0;0.4275855023895234;0.0193885102681551;0.40720170534641825;0.46451312323890176
83;X9.cis.beta.carotene;97.78158929408552;63.31137137138555;43.96412028017792;211.32847842486296
83;eau;31.82535501952846;3.041481632322854;27.9363469205644;37.743036236550964
83;ratio.alpha.beta;0.9696644026606668;0.17674829953793783;0.7516110684836346;1.2118097252183841
83;ratio.alpha.natif;0.4320826889155298;0.029767050598479835;0.36075809332095304;0.46810948338845115
83;ratio.beta.natif;0.566454711460007;0.024288194624872944;0.5327915094278063;0.6167613721617939
83;tlip.MS;73.96793746973519;1.7944381927824042;71.40277991929565;75.9312539867495
83;total.beta.carotene;897.8409993524871;395.19501817157794;483.6736246235351;1534.8455898585953
83;total.carotene;1408.4899908055638;642.0936048657478;711.6393469682154;2596.8799428517173
83;total.trans.carotene.natif;1223.9771215387548;525.7361731674597;665.3699731053633;2157.434451404117
83;trans.alpha.carotene;411.93407989294343;103.11069129977578;246.2201801262911;567.4492400699579
83;trans.beta.carotene;625.779801105096;264.5395408702152;249.34436842242695;1066.1657061751198
84;C14.0;0.2696738067141475;0.03078048063084439;0.25033901076636045;0.3373042224824123
84;C18.0;6.912416898959911;0.8628812176226284;5.921956388610872;8.17196674190192
84;C18.2;7.4149138196782625;0.36162734598145135;6.907293468098279;7.927831619197512
84;C18.3;0.3766180714876611;0.05805879526303099;0.31177918872228466;0.44390053554953846
84;C20.0;0.45428459239264735;0.022507116916675965;0.4286049890561074;0.49000246890109894
84;X9.cis.beta.carotene;170.10857820031816;49.60128248959252;95.81923671804276;220.79825748359946
84;eau;31.338327641345302;6.950964498605624;24.70798842790943;44.91559206667755
84;ratio.alpha.beta;1.0207419575354113;0.16864082949750311;0.7919958245329219;1.2571572788971488
84;ratio.alpha.natif;0.4242398508343638;0.022940852530449255;0.3991423838978065;0.46827474666639624
84;ratio.beta.natif;0.5768355553422657;0.02360770880516532;0.5324863942661444;0.6030250723829993
84;tlip.MS;77.83275402742461;2.2799203977745433;74.78584605974058;80.40515999367116
84;total.beta.carotene;1135.0475355600545;217.22685446186387;783.7304433113545;1421.9442676474202
84;total.carotene;1912.33533395566;322.15022203598727;1608.2246248857036;2555.4585650622607
84;total.trans.carotene.natif;1596.0488800308808;293.0873089857206;1319.5943337709414;2185.397022606098
84;trans.alpha.carotene;569.0359297406328;63.955996771458466;462.0542870004971;650.2793650721856
84;trans.beta.carotene;903.5623777388456;172.11976176873384;670.503258728737;1160.6348057315486
85;C14.0;0.9886533048584306;0.16214958102856014;0.6665962490784347;1.0891382375187058
85;C18.0;5.093836337368415;0.5952778420031678;4.575304418062315;6.248251959575999
85;C18.2;7.795981477578759;0.217065332421256;7.496033531151466;8.02553958933978
85;C18.3;0.3423690931350513;0.07570594935254829;0.25609065405430187;0.4464364587175052
85;C20.0;0.4056944349347187;0.028626301580484566;0.3698717853515885;0.45044915264151564
85;X9.cis.beta.carotene;122.46064267443631;60.44990662943446;67.20707737633931;193.04149481364087
85;eau;29.10613344915942;4.100415691623496;21.120539347628053;32.490240650806406
85;ratio.alpha.beta;1.0206812057150945;0.25166033427550766;0.7403270963198061;1.4475453092866188
85;ratio.alpha.natif;0.4539751992550156;0.045051629932190654;0.4019137634876278;0.5244583810154329
85;ratio.beta.natif;0.5475732174435157;0.04222695994564777;0.4838483279778575;0.5872569097678629
85;tlip.MS;82.77707991819953;0.9099663623479122;81.43337654356687;83.66909044699045
85;total.beta.carotene;889.5660333579785;461.891245621773;439.99488680764154;1445.7209160141208
85;total.carotene;1492.8632445917983;722.1566799046809;765.1346318909892;2241.2075595910046
85;total.trans.carotene.natif;1285.317049409733;608.3527966959319;656.6600484936;1939.9281080129865
85;trans.alpha.carotene;732.6075945427596;229.19798577878163;452.485434177358;1137.3964775116276
85;trans.beta.carotene;667.9459427426087;343.9844629508942;330.8894569870288;1076.445034292172
86;C14.0;0.5610826867018777;0.08078326290008085;0.43038320452372647;0.675011801404421
86;C18.0;7.503315891516613;0.7090866956122142;6.211297138129052;8.194518428960675
86;C18.2;7.824250607345347;0.41967935346238217;7.245221785597302;8.436046877358788
86;C18.3;0.22982673885776597;0.03298789090564544;0.18230555911061092;0.27233564370983177
86;C20.0;0.455585893824427;0.01149541546534756;0.43929387964778654;0.47263515088554475
86;X9.cis.beta.carotene;38.93578358827494;6.944444978883877;26.60419492915951;47.076120107467005
86;eau;23.31256229152906;1.1374415928628703;22.02037436689984;25.63063867003909
86;ratio.alpha.beta;0.9643926886461793;0.08720004858343079;0.8701572025119583;1.1038583031636127
86;ratio.alpha.natif;0.4532272758803056;0.020695654852611788;0.42672698698210476;0.4894776856183462
86;ratio.beta.natif;0.5523292099645273;0.01828143398965995;0.5267693918321988;0.5706191807034261
86;tlip.MS;79.92203442164144;1.5327898835508122;77.0055015478213;82.1537731419658
86;total.beta.carotene;287.87428719116957;103.8643397737776;206.06450826269653;456.68037597356584
86;total.carotene;463.7397903806456;143.64271024719613;341.29570402161266;712.3278819052376
86;total.trans.carotene.natif;410.57547795980736;155.5109610856817;285.3694899223138;685.9665111141668
86;trans.alpha.carotene;235.33117738276863;77.83327171926095;144.9006671694992;369.0375469530291
86;trans.beta.carotene;186.69687840333594;50.63697367515599;142.46460255563227;289.6766949681896
87;C14.0;0.6344104402141466;0.11597805036251546;0.47089606893623775;0.8152315585980124
87;C18.0;6.260488834367069;1.0203482137385775;5.010203858081981;7.582141389603514
87;C18.2;7.385120828426973;0.22381683462675617;7.015100020006215;7.68070529279971
87;C18.3;0.38547823910316376;0.04136847928809759;0.33415206446126094;0.4288311079789311
87;C20.0;0.4276216657112711;0.035628614565888825;0.3888822861366986;0.47427943006458745
87;X9.cis.beta.carotene;178.91414828438033;16.76881809525066;159.2325621523597;201.46869155349222
87;eau;28.88903867561019;3.379249002108879;25.211475579838602;33.90868404353094
87;ratio.alpha.beta;1.0313277625548065;0.16013989426757444;0.8301660094499135;1.2437192555379972
87;ratio.alpha.natif;0.44227643942449313;0.01783497221303532;0.4108261765278059;0.4657011868308374
87;ratio.beta.natif;0.5633480500766979;0.016770582312560067;0.5469817938615745;0.5932409793035139
87;tlip.MS;80.31272209880649;0.48430982890325924;79.84177997812012;81.02565923997597
87;total.beta.carotene;1390.9534036562484;217.76694109504203;984.4450148857571;1583.5892923536612
87;total.carotene;2317.623942160873;483.18505080567365;1397.648206041547;2705.039801217335
87;total.trans.carotene.natif;1941.940805276655;401.37522019585583;1202.3699285529399;2277.5073071074685
87;trans.alpha.carotene;558.1753634271786;41.96383779125166;500.93827204078485;609.0798956689647
87;trans.beta.carotene;881.3987092223042;157.97952254495982;586.0234271406556;1015.9867788403952
88;C14.0;0.36256644320267845;0.02378762254502812;0.32256699139559736;0.3900189550129991
88;C18.0;7.325000845555636;0.8221655051674791;6.003374652723261;8.255680038788995
88;C18.2;9.219251000580568;0.5299445712604092;8.355056960825504;9.825931336382018
88;C18.3;0.30236600591116475;0.03546984435862497;0.26566533565618505;0.3682692823033398
88;C20.0;0.47390281225072406;0.01821751110445922;0.45143805863183084;0.49681446837203597
88;X9.cis.beta.carotene;131.84981530989813;32.39092245737585;96.01614955321908;186.39409251309618
88;eau;24.132934285358544;1.4335691953397334;22.657673341699706;26.544149262383847
88;ratio.alpha.beta;1.2182838810798495;0.17628484360090985;1.0038998483774701;1.4466534959642305
88;ratio.alpha.natif;0.440272921898156;0.024121809267307337;0.41324710119800856;0.4827019029168638
88;ratio.beta.natif;0.5555492308927139;0.025214794669269194;0.5082737745698169;0.5824756259581847
88;tlip.MS;82.19307452087982;1.049421929844175;80.98186120838392;83.60025809094041
88;total.beta.carotene;922.8408877698447;245.7283574871025;678.8469567159118;1374.039422539773
88;total.carotene;1749.371960649125;360.0390688078927;1257.2927221960788;2282.5231382960574
88;total.trans.carotene.natif;1468.2661956375234;354.23035255067;1022.8196492148542;1958.78181114847
88;trans.alpha.carotene;653.1055776386536;166.7376616920997;445.95522766319306;865.3584731527313
88;trans.beta.carotene;624.3593611849645;136.81990331369786;529.5899213631435;895.4340224575753
89;C14.0;0.40601746966617497;0.03491032282286084;0.3595910419225729;0.4408111128679231
89;C18.0;6.499299525469289;0.5603820247386609;6.084482090645914;7.308158379125703
89;C18.2;8.569355716469836;0.32945286202855273;8.07520377007259;9.021912190874506
89;C18.3;0.3304989621525627;0.04642015318750492;0.2671513264470537;0.38349314928469264
89;C20.0;0.45481815948097;0.03996671602575658;0.4155018735625713;0.51730550485638
89;X9.cis.beta.carotene;136.53856803092316;23.43217896905281;98.93247703534026;158.78413539565122
89;eau;22.955453962631378;0.6928679020921484;21.857190595617165;23.68407814636022
89;ratio.alpha.beta;1.3124191425764427;0.150276656537468;1.1179853321512352;1.4792321060564173
89;ratio.alpha.natif;0.4515646856599486;0.018451540978885163;0.42910324183319104;0.4709458755598899
89;ratio.beta.natif;0.5498539123530707;0.015336148859467689;0.5307986383147794;0.575830243279474
89;tlip.MS;82.9147680104863;1.6279537399081534;80.5102629174024;84.4692407431033
89;total.beta.carotene;857.6153821413109;350.05779337107117;566.9393701203109;1400.1205042055733
89;total.carotene;1497.901529817477;655.1853491809244;847.6548175699626;2477.002153380674
89;total.trans.carotene.natif;1275.5192605320947;535.973377015856;772.4129337558218;2057.2723975191375
89;trans.alpha.carotene;831.794369638019;180.46360136425332;594.0598805698485;1043.879114972661
89;trans.beta.carotene;731.4966766698394;140.52220324322425;555.1865880039177;892.5260041171135
90;C14.0;1.0728858601872588;0.08737638643486625;0.9814015431149631;1.213425467199548
90;C18.0;5.084551805451242;0.5620093091917588;4.594660584877909;6.004961568228014
90;C18.2;9.125118190715503;0.8619481605267633;7.885120713147843;10.017818852309468
90;C18.3;0.32132270136809765;0.05275737271441337;0.26242600656037385;0.3885232432696568
90;C20.0;0.4041649917691233;0.04549655043854679;0.33595330015406083;0.46314095309031467
90;X9.cis.beta.carotene;72.79395825249033;26.84032314617664;44.243983319966716;108.23974356890001
90;eau;27.940866080513274;3.366154161275748;23.904012333552664;31.792052844588184
90;ratio.alpha.beta;1.1848781904402144;0.17472688528512198;0.872153471759123;1.3197743153029218
90;ratio.alpha.natif;0.46233835814943053;0.013840796076958645;0.44058004738948414;0.4754507761380917
90;ratio.beta.natif;0.5401664127986436;0.014406829260828185;0.5308916927664136;0.5686816254457236
90;tlip.MS;79.66549615574115;3.1562783908466305;73.86394420483597;82.44369600072724
90;total.beta.carotene;576.1063009362346;271.69065924227675;340.23555816557376;1008.2017774768481
90;total.carotene;903.4314461055168;427.35646004306517;547.5223103721605;1656.3087696536572
90;total.trans.carotene.natif;796.8309618497374;369.21804320724823;485.67019768105996;1459.7453210916187
90;trans.alpha.carotene;422.62244835816705;121.67955938912046;205.03681011335166;523.2759170521715
90;trans.beta.carotene;414.9438802104443;268.21902038758117;168.3013636136454;845.5544905699426
91;C14.0;0.872312750358677;0.11370347462970681;0.656985922145906;0.9689937813185824
91;C18.0;5.627994641190772;1.2462830005350318;4.7577086649158025;7.6750768067796695
91;C18.2;7.424835778872681;0.20717089360295654;7.23172196265208;7.7853793729265846
91;C18.3;0.3976608988071262;0.07570284418788796;0.2959144651842884;0.48210843612122384
91;C20.0;0.443231051902889;0.02124563085676754;0.425794236046749;0.48262887056022813
91;X9.cis.beta.carotene;159.1393250947028;43.113716398392214;78.29295992750414;198.57739999952352
91;eau;28.922825569316682;4.672451824880835;23.774714302622066;34.74560540027032
91;ratio.alpha.beta;0.8783786716955357;0.13063573505672352;0.7554816027972906;1.1326008009931154
91;ratio.alpha.natif;0.4017557960034613;0.03624080352341114;0.3825522293068613;0.4749575670452606
91;ratio.beta.natif;0.6037019280053025;0.032394029912357965;0.5396543375224205;0.6272947566657066
91;tlip.MS;76.8259540717011;3.2052952241492982;73.32230537668708;79.91721935925993
91;total.beta.carotene;1265.2539121933103;419.8998670823638;523.8692928945203;1681.7611306504548
91;total.carotene;1970.9401328215379;654.7188248499391;860.1256161132536;2836.414124205441
91;total.trans.carotene.natif;1671.049562217694;558.8776048510882;749.68569228167;2446.7722622388046
91;trans.alpha.carotene;652.1417006667193;181.52138769804813;426.5486362686859;895.8296352144306
91;trans.beta.carotene;960.5382227818776;341.7626421730147;491.00448449140305;1309.6530562343673
92;C14.0;1.2332508012148258;0.050197424867786195;1.1733369734758354;1.301909496121678
92;C18.0;4.67137403875735;0.3668761751668051;4.405263965321169;5.375782718903178
92;C18.2;9.299222514038616;0.31055130988635626;8.765733736792368;9.619072376198696
92;C18.3;0.443585959969105;0.06787114792548707;0.3532393480764738;0.5079630586242815
92;C20.0;0.41635458268885905;0.021532066602603723;0.38391002145118636;0.45073754564040236
92;X9.cis.beta.carotene;188.74436816686247;23.934938893679867;161.48653674237198;230.414043023791
92;eau;34.01232682924448;4.184356281031475;28.432534836248436;38.372504547383876
92;ratio.alpha.beta;1.064804861817751;0.11849405682354387;0.9405604383573494;1.2366904080921963
92;ratio.alpha.natif;0.4157720157350295;0.022461230167222228;0.3901114220636457;0.45073791212804365
92;ratio.beta.natif;0.5887850223931818;0.02539555736979064;0.5419291508242359;0.6159299603377083
92;tlip.MS;76.7057032636835;3.760693173746471;72.70092541323162;82.77156734212578
92;total.beta.carotene;1428.3859311005237;186.607329764;1160.2828751138236;1649.4799929839146
92;total.carotene;2418.700920914978;244.5261864911431;2095.3069905403695;2746.7938413105653
92;total.trans.carotene.natif;2106.8979749498444;204.20618833506026;1812.1539747807255;2368.7862140999555
92;trans.alpha.carotene;656.8171121262011;103.63781337333842;592.1889249722465;865.1004141741206
92;trans.beta.carotene;1040.1373085341768;255.2053819995953;709.3674585678833;1410.552439826767
93;C14.0;1.1568218771239485;0.10067729967217506;1.0066258131200871;1.2977204349767928
93;C18.0;5.144417435216575;0.4397424024709215;4.676627257062228;6.149504627690013
93;C18.2;8.99127154293475;0.5536431284658154;8.341468637628083;9.938581395501386
93;C18.3;0.27401100984247545;0.023554010339169103;0.23480657591398774;0.3046386562360096
93;C20.0;0.417836709953918;0.01632869176694024;0.39441413846645645;0.43803520512505434
93;X9.cis.beta.carotene;65.40354262005751;14.615832507996622;50.10711104153844;93.36243216580908
93;eau;23.415472443015354;1.5981737680495283;20.528257519771337;25.233084091897013
93;ratio.alpha.beta;0.9473485669473235;0.056620292599684666;0.858555911618976;1.0297798228611938
93;ratio.alpha.natif;0.4486650959782232;0.008273462870410303;0.43704900593138324;0.4564189862476056
93;ratio.beta.natif;0.556845964195022;0.015168071034358053;0.5353088780428719;0.5777094724704488
93;tlip.MS;83.01515071254998;1.6693416124542;79.45402298201802;84.44544159798727
93;total.beta.carotene;449.17925126112414;90.78505711417992;315.72401236924793;590.6349173254498
93;total.carotene;766.5970212293076;166.83853118296787;492.4738670100726;1045.9348456851487
93;total.trans.carotene.natif;662.4378313356425;167.09935723832768;412.27641426581505;956.4012859840236
93;trans.alpha.carotene;413.903579250437;175.1076252225581;178.39038169468245;633.5682097627506
93;trans.beta.carotene;333.2571217785618;96.46990037470744;229.69013579073066;523.9318871496855
94;C14.0;0.8939342405131084;0.06819606773726063;0.8009458251268625;1.0084691434216921
94;C18.0;4.5746609893484225;0.10348515322447148;4.433133969700295;4.7272503953271805
94;C18.2;8.936904000293524;0.2917056204296997;8.5292331754739;9.615196603679326
94;C18.3;0.45175158513134234;0.061214803687730045;0.3594445785536169;0.5265272678637318
94;C20.0;0.36025200818818676;0.027073333114816744;0.3263881351523862;0.39846448398036066
94;X9.cis.beta.carotene;164.11022991662503;91.52778188367715;61.35766118961076;272.0440667207702
94;eau;46.435662565342255;6.830384076724812;35.21571946325801;54.37565911353081
94;ratio.alpha.beta;1.248450264869492;0.07838021308780319;1.0477734403813452;1.353568269946329
94;ratio.alpha.natif;0.4693135230384524;0.02644676976294875;0.4200278308499552;0.5069655470998561
94;ratio.beta.natif;0.5364778012568296;0.029566892908348623;0.49337356482937134;0.5914906608859747
94;tlip.MS;67.70353845974194;2.510043757355917;64.0608589885735;72.29569087750609
94;total.beta.carotene;1047.62121893252;608.9572503128094;274.208790380045;1770.193629964531
94;total.carotene;1682.1659711825557;980.1621554545037;487.37563705423156;2877.5484844447174
94;total.trans.carotene.natif;1466.1070546024519;824.0163054188836;449.3050624496815;2481.15183634546
94;trans.alpha.carotene;459.1888390318645;161.8584379660982;229.46598403894808;672.0341315522409
94;trans.beta.carotene;743.547888258579;372.56452856648997;218.51680664344153;1120.9480804228872
95;C14.0;0.4169863980118136;0.02579818883683726;0.3878328516402518;0.4540075843505825
95;C18.0;5.977673809163616;0.9842810160595121;4.668142661355455;7.10023313301927
95;C18.2;8.752672537715044;0.3375765296060051;8.426899702483416;9.333240869155084
95;C18.3;0.31535326479004705;0.04737357733669754;0.24350265176470112;0.364075086644179
95;C20.0;0.4196502416412394;0.03137488402379848;0.3799064729256586;0.4623382263701965
95;X9.cis.beta.carotene;116.3563801213066;50.3281669368651;63.198479460844794;183.39733152353148
95;eau;24.59690394653987;1.958009664828368;22.81412503781569;28.2342768890654
95;ratio.alpha.beta;1.3067755202441298;0.07439734841714889;1.1758590202832386;1.3772660739551135
95;ratio.alpha.natif;0.4807461442568996;0.015360277556079676;0.462120284000883;0.5036159670397341
95;ratio.beta.natif;0.5254818491076657;0.015563922491618462;0.4998020934573602;0.5380777037371558
95;tlip.MS;81.81571946141712;1.4107757160891872;80.01847538660365;83.34407157175832
95;total.beta.carotene;729.8652691962885;307.53576677366203;390.37090322987495;1176.847482527636
95;total.carotene;1315.9685650478207;602.9261390707114;691.6509039925538;2126.9136685492617
95;total.trans.carotene.natif;1093.3515724505103;516.8542455025641;580.1993672674059;1764.590556056405
95;trans.alpha.carotene;482.50043452618155;144.47567360725242;285.9914829185827;606.9892219924193
95;trans.beta.carotene;511.1280562582183;220.59320036533413;320.9178251607254;868.8668417882732
96;C14.0;0.5616311603232343;0.12221590719302759;0.4854676877227305;0.8058368353257113
96;C18.0;6.072098750590134;1.0768036250870001;5.064193476250001;7.572840342248825
96;C18.2;9.061261485463454;0.2805821366765156;8.627088903089795;9.486600910197916
96;C18.3;0.34032418631038136;0.031637157994236526;0.3077713624204137;0.3775682233329571
96;C20.0;0.42640907930695326;0.03839991566845851;0.3856316030993883;0.47486342194318404
96;X9.cis.beta.carotene;122.94652117856221;31.98924404021091;94.79619170661789;163.92098725705378
96;eau;25.792428036931454;1.5219136186120865;23.88697514120681;28.403870719591005
96;ratio.alpha.beta;1.1413043490956085;0.15939464964483907;0.866001559317225;1.3078902188434625
96;ratio.alpha.natif;0.4544246719398473;0.01865023696569913;0.4278580460987504;0.4762736893119774
96;ratio.beta.natif;0.5466674617324381;0.02316576158647232;0.5113310120887872;0.5646713617743495
96;tlip.MS;80.4845864560018;1.16580694127804;79.14805626074128;82.4115895872189
96;total.beta.carotene;895.8882674241144;229.43905447712734;551.763648974489;1248.9427712015988
96;total.carotene;1536.34216365709;454.52828743540243;979.0993770077416;2260.7539250612313
96;total.trans.carotene.natif;1332.8691522743404;374.03809262984066;789.0121979820422;1882.3359934715759
96;trans.alpha.carotene;493.3120937609613;70.38281280620407;360.36876958017683;560.0962862084663
96;trans.beta.carotene;667.1184674945329;171.17127918614457;438.65308725588454;964.5959597582091
97;C14.0;0.41930945938041925;0.08000989186991855;0.33162296972565825;0.5630319115462206
97;C18.0;6.045743972158156;0.6048198415773197;5.058287911333972;6.475764565644311
97;C18.2;8.092488475592193;0.32778563689999946;7.756568587144445;8.688093292066263
97;C18.3;0.32435588336032434;0.018001733000710247;0.30460159002168424;0.3552224310662342
97;C20.0;0.4423500031253742;0.024155649890016104;0.4037514782346583;0.46853165385074597
97;X9.cis.beta.carotene;114.57471958600883;21.76913733188622;90.34126200476072;146.75178343847102
97;eau;23.777978610972436;0.980216546901706;22.400134965792418;25.439529824672682
97;ratio.alpha.beta;1.3363559499536215;0.12329642051736661;1.1181218792081011;1.4722301809781813
97;ratio.alpha.natif;0.49724102967251427;0.013191163372276039;0.4776178036715414;0.5112320267722354
97;ratio.beta.natif;0.5003086534703921;0.012796873473337548;0.48725799229142963;0.5193050199850662
97;tlip.MS;81.73356471829273;1.4166717112696345;79.92826296033168;83.2785912003341
97;total.beta.carotene;663.8537388566542;280.88267604986487;444.16262127136855;1213.7213224071313
97;total.carotene;1221.2996896103862;598.3876547419283;852.2728844491576;2412.839894719669
97;total.trans.carotene.natif;1042.3560440708109;519.261275047611;669.8955577268076;2077.7885188950668
97;trans.alpha.carotene;610.4934837851259;145.28428524505387;385.5751494321045;819.6395772414805
97;trans.beta.carotene;544.9032032565229;119.57815555708065;337.75440821307353;686.9609645514013
98;C14.0;1.1456964299712566;0.08520333903640115;1.0366040757253727;1.2574335690997405
98;C18.0;5.151804658526323;0.6890110935551272;4.553173099407067;6.531662915197625
98;C18.2;8.643581742135634;0.6029769481433159;8.093956642004036;9.523280867587156
98;C18.3;0.2967736287892634;0.04454357886666459;0.24743414196630856;0.37528804553897493
98;C20.0;0.4336714615490285;0.019916921501833156;0.39164256308613543;0.4524491975448979
98;X9.cis.beta.carotene;73.21729024543505;19.382037090082544;44.331670062116466;94.01584766419906
98;eau;28.203486008781702;4.806351809510752;22.631543783764364;35.12638210837711
98;ratio.alpha.beta;1.046698094142914;0.09609251772658213;0.9508861582387622;1.244582610643849
98;ratio.alpha.natif;0.45615843969418823;0.024327649746344625;0.4361674398209501;0.5049233443912702
98;ratio.beta.natif;0.5476390431465243;0.02858152066350669;0.5014835210821504;0.5826060143457172
98;tlip.MS;79.33339868452808;2.8421977094716087;74.33723310680568;82.9418766461694
98;total.beta.carotene;605.9486012531462;196.9171986296964;353.63429982581306;863.0352548800028
98;total.carotene;1045.5356668209356;395.0824311445448;543.051605809202;1643.019387345625
98;total.trans.carotene.natif;932.5467127686204;323.52132743059326;513.466179733032;1381.585020095802
98;trans.alpha.carotene;603.3985984695714;236.97218325994388;248.81212280061683;832.7723623521938
98;trans.beta.carotene;456.5499167216652;182.0442444471979;206.0192564698079;684.0267377052814
99;C14.0;1.1920040247687835;0.08178333323257139;1.0943057587090472;1.3028708297808398
99;C18.0;4.514333487097918;0.2091110902993252;4.260189458581207;4.716802852923532
99;C18.2;9.363837060932193;0.5640613088172277;8.560972910022459;10.004716935014374
99;C18.3;0.2893643520024436;0.05040492678012086;0.23460889281783393;0.3548725695085659
99;C20.0;0.3807633384826414;0.006331258438605313;0.3721593070199258;0.39019683851216
99;X9.cis.beta.carotene;59.66029717431514;25.900631459692033;39.471984766204365;100.34336840767907
99;eau;28.3546553740422;3.1884275226148278;25.750340783024512;33.65893217840671
99;ratio.alpha.beta;1.2186722519218953;0.059912125070761886;1.1694631535046665;1.333642863806595
99;ratio.alpha.natif;0.49098313908531893;0.011063153639704728;0.4780940245356309;0.504338303416317
99;ratio.beta.natif;0.5120604848608283;0.016528270808925164;0.4946031048844354;0.5321537667924792
99;tlip.MS;82.18985315153635;1.3572473618764005;80.03560739758208;83.5760369846222
99;total.beta.carotene;320.828552778124;159.3751802059868;190.50513812741744;531.7483686640184
99;total.carotene;554.8659199325419;259.7529134552359;353.4504458073615;918.5335960537678
99;total.trans.carotene.natif;457.89499933821236;227.31544682217907;257.0573881211623;767.4801911612177
99;trans.alpha.carotene;272.59621669759497;109.9246595924065;176.78721688705448;433.7468073825318
99;trans.beta.carotene;194.11656022658235;95.62260856332308;116.59675160183511;350.68274977722734
100;C14.0;0.9200220178074359;0.16389564328700196;0.7265530441670224;1.1681036290234788
100;C18.0;4.6494410247333935;0.20010474833409383;4.414793076737026;4.985330205747396
100;C18.2;9.433009607567238;0.44175265578869566;8.86701153958025;9.977600719238602
100;C18.3;0.4003403131585644;0.04561972957784361;0.3537817033403647;0.4699218338161226
100;C20.0;0.3823756196218588;0.0317087328870856;0.33524833795298875;0.42660992381928314
100;X9.cis.beta.carotene;134.16308518619493;33.19716551427078;88.45889483353469;169.98477486593612
100;eau;28.60398011910264;2.6937778698348285;24.60562098834026;31.565217442462686
100;ratio.alpha.beta;1.02907798757939;0.1426706867375707;0.8738482123217947;1.2036852893405587
100;ratio.alpha.natif;0.4423120865121584;0.027969646586420056;0.3981087131748444;0.48233574359248443
100;ratio.beta.natif;0.5565930733234871;0.023200562425767138;0.5162808919927422;0.5838941840423663
100;tlip.MS;80.16498269304442;1.8537653025305314;77.22727019894918;82.6049866398193
100;total.beta.carotene;935.0950764493837;306.8210956187945;533.4488012986311;1381.7893040790884
100;total.carotene;1620.7736712534681;559.5967218458671;884.1420554061536;2229.7477578119015
100;total.trans.carotene.natif;1420.2756880825018;489.37813894404263;795.3159642981149;1973.3215790044414
100;trans.alpha.carotene;664.7985244016098;241.84544040661362;373.1902210737372;1005.9621308023458
100;trans.beta.carotene;654.5656254745394;204.1348856325366;397.1494698021832;991.2236481665644
101;C14.0;0.28601677264873054;0.03060028204125548;0.24843649545889263;0.33675381312196073
101;C18.0;7.378659050154575;1.2314256222993218;5.61911605067235;8.674451113359746
101;C18.2;7.6920144974622815;0.5085211857579951;6.981541880420112;8.527452185414159
101;C18.3;0.36896207355257177;0.0886874084133883;0.26985545302430697;0.5256622212338281
101;C20.0;0.4714656181017322;0.031363681925410614;0.4056386197216465;0.5056558890616555
101;X9.cis.beta.carotene;184.26826500508096;54.71743978184183;96.88194399260827;237.66140785848305
101;eau;36.363731468162776;6.62704833884706;27.019855299035186;46.97629613854373
101;ratio.alpha.beta;1.206623482523661;0.1254572678415603;0.9697536118982494;1.376169283813309
101;ratio.alpha.natif;0.44596438106653924;0.021095981954734385;0.41959420067499;0.4863964631786295
101;ratio.beta.natif;0.5485420210308323;0.021188432150665217;0.5236785981174059;0.5813910402936714
101;tlip.MS;77.39600522340623;3.5535483883187244;71.90243410806129;81.11729660132315
101;total.beta.carotene;1091.2940786960917;275.02168945598146;657.3756499911921;1326.1282294728082
101;total.carotene;1826.5810882629528;430.08582001776205;1098.464648348725;2213.756641091144
101;total.trans.carotene.natif;1509.0858184438232;337.95673780393315;959.0271761262117;1821.2390722144667
101;trans.alpha.carotene;599.7845225334145;117.87747229202293;409.80907743767693;787.7075629246459
101;trans.beta.carotene;821.0457978699226;246.43778339881027;506.00119999239405;1127.5797050284912
102;C14.0;0.7591304710349438;0.17701585462284403;0.4980183340857305;0.962816188687395
102;C18.0;5.430493573686398;0.4732770029002396;4.938264366885059;6.290210123871653
102;C18.2;9.279005998240496;0.24128164853947207;8.978100072926473;9.647508061297946
102;C18.3;0.3349381808831305;0.0542285309492715;0.2516446758902882;0.4128421368306439
102;C20.0;0.383808718536419;0.03477399464323942;0.349696034452442;0.4419200210070143
102;X9.cis.beta.carotene;113.61554221090887;41.48004716851673;60.81180192172151;166.34613327417958
102;eau;29.56203934001304;4.050563315100004;24.438786085555513;34.9297452106754
102;ratio.alpha.beta;1.112958400441712;0.07611109844973175;0.9830311582932403;1.2042940763260381
102;ratio.alpha.natif;0.47561913962239366;0.026001385340631043;0.442213425018492;0.5149603756832672
102;ratio.beta.natif;0.5253317047292566;0.025418775064343178;0.4833833329936407;0.5544991111445313
102;tlip.MS;79.9648311634481;3.3369548783378327;75.01172066405753;83.79349617674875
102;total.beta.carotene;811.3310275055933;388.65880303436046;383.2015749474617;1490.5023974455235
102;total.carotene;1600.24856731949;721.2404382449755;826.6448622061451;2737.2874598782014
102;total.trans.carotene.natif;1422.1468720051744;668.1782347992183;669.9509010845653;2416.1103920856967
102;trans.alpha.carotene;698.3411039690321;305.4971578704478;337.87924742916556;1065.5056236771304
102;trans.beta.carotene;548.7131816391749;176.8554304723549;310.5558875688359;835.1813284433665
103;C14.0;0.5968137483512491;0.0965387054653219;0.4622379090446597;0.7574812785122969
103;C18.0;6.082616017330917;0.7497894287580408;5.085961142499017;7.337447807845458
103;C18.2;7.0192714545609824;0.3832115281067622;6.632176284699119;7.555499332337166
103;C18.3;0.3702311816817708;0.05088282049351881;0.3093803216712867;0.43728804273971805
103;C20.0;0.4229304078543935;0.018982120560064375;0.3988378180998851;0.45770826215909
103;X9.cis.beta.carotene;188.4408027550264;11.29055316722056;175.22308532449748;206.52164422964307
103;eau;29.892027207662473;4.264658463908089;24.918961021167096;35.23241562334971
103;ratio.alpha.beta;1.215632692343253;0.07546550121124361;1.1179554183881657;1.3669301473459232
103;ratio.alpha.natif;0.47641450567821747;0.027270246076725062;0.42659098385457517;0.5121488063072449
103;ratio.beta.natif;0.5210829041727465;0.029959055141132885;0.48231547627627636;0.5771828999993494
103;tlip.MS;78.96980908170231;2.3331721936720284;75.78436704960662;81.72863563749065
103;total.beta.carotene;1208.389245399196;293.43235102792676;718.146733282517;1480.298538923064
103;total.carotene;2040.1642008107121;488.30122193019815;1216.0175884495752;2639.2750066325175
103;total.trans.carotene.natif;1692.2084610034358;411.4503968660928;1043.8948673852165;2281.0139838315117
103;trans.alpha.carotene;750.3074690187409;188.74128717988705;525.1507417696733;1119.00624903562
103;trans.beta.carotene;938.4747171184182;226.77971848855339;635.6740365639712;1244.694605561174
104;C14.0;0.9317265633345266;0.1328023620984167;0.7393153240848229;1.1409837382014056
104;C18.0;6.116434893929145;1.215691167437723;4.5451515149809305;8.184792040476275
104;C18.2;8.173329313233069;0.48692064447489114;7.365757011213753;8.776208664704406
104;C18.3;0.2737511277338713;0.03837840934957064;0.21291769717936482;0.32075961489495236
104;C20.0;0.42084546804295425;0.04198747029982194;0.3261106729731296;0.4746887456838458
104;X9.cis.beta.carotene;38.37565657318253;4.702347457151752;33.08087820702865;46.60860723538901
104;eau;36.40879638427143;5.07478702785884;28.20609065493274;41.98231276289537
104;ratio.alpha.beta;0.9623452728671653;0.07806754205644245;0.875734087626717;1.1216325196747456
104;ratio.alpha.natif;0.4453756592048491;0.01969150839683101;0.4203158103707267;0.4810425886671723
104;ratio.beta.natif;0.5493196987810081;0.019593451141877147;0.5138935950967427;0.5823757360214095
104;tlip.MS;76.0639321934614;3.217108878323459;68.45240578462989;80.12957769239749
104;total.beta.carotene;285.9129175471689;101.81535079945154;196.4407566430558;530.4724525025298
104;total.carotene;467.8674735544644;143.99598543973542;340.94149396235247;785.3017012199036
104;total.trans.carotene.natif;427.1762783278051;147.19739873796593;284.539657416732;728.5658068884726
104;trans.alpha.carotene;208.593978039408;51.388218311732224;153.4355501848174;302.433191961994
104;trans.beta.carotene;251.84313337585377;57.960623670616435;188.39005376732496;344.2850475836743
105;C14.0;1.2567588167464623;0.11714602744738735;1.0817882889395025;1.368612660786277
105;C18.0;5.076313007110058;0.14499438911663454;4.95463227978139;5.3582037972880086
105;C18.2;8.9956812169438;0.25068528467224643;8.51248331262989;9.251431482526764
105;C18.3;0.27560104010784486;0.040611038138676774;0.21009661428644388;0.33295304418439536
105;C20.0;0.42784340614213473;0.03065752607692186;0.3993277258691428;0.4844940785357159
105;X9.cis.beta.carotene;74.57773978418065;39.659441546502585;40.04029052725682;134.00009556525995
105;eau;28.41620285409302;3.333737886416731;25.038929849011865;33.75496034081002
105;ratio.alpha.beta;0.8779773172721247;0.042882825558468333;0.828308667823045;0.9433783698205789
105;ratio.alpha.natif;0.42924850166818246;0.024860546697391375;0.38817490817818545;0.45845381262890633
105;ratio.beta.natif;0.5765211108174587;0.020597010718875673;0.5523757416090558;0.6026098795515213
105;tlip.MS;80.39676344337973;1.1741601404701307;78.95357084281673;82.00346936393356
105;total.beta.carotene;549.4551835309254;228.3496069382641;280.2463123788183;830.7638376799422
105;total.carotene;970.8406679518185;470.0951107885192;424.9206858402535;1587.7598652230895
105;total.trans.carotene.natif;899.5141673230464;431.7471436056015;402.06936515711413;1483.4418675899315
105;trans.alpha.carotene;338.5851326985534;109.56431339804774;181.45464493970954;487.85261600769525
105;trans.beta.carotene;411.60790415959764;154.11659414761692;257.97171646861796;653.9227074170007
106;C14.0;0.9635530573220331;0.10216605522277016;0.8560960116459179;1.118222310030403
106;C18.0;4.951649338959353;0.16936729642879267;4.678298464735771;5.191448934934096
106;C18.2;7.604343460385132;0.4457738553312547;7.335794761786603;8.506860182549485
106;C18.3;0.28444501385552284;0.057925908819946484;0.22753950615399202;0.34717359673920484
106;C20.0;0.3974146323925664;0.021885614949851875;0.3759471233727747;0.4354314415383571
106;X9.cis.beta.carotene;78.5664032226481;41.86951567652107;42.89216131289466;146.94199372613076
106;eau;29.725617381869508;3.4481986065914394;26.263673512491213;34.44614150244508
106;ratio.alpha.beta;0.8888598468986059;0.10139365640733868;0.7966898935283534;1.061270172602228
106;ratio.alpha.natif;0.4360212601286801;0.028401434857747362;0.4000861441041875;0.4741231603155437
106;ratio.beta.natif;0.5697373350074965;0.032200945622204824;0.5258053945106943;0.6120055259615258
106;tlip.MS;79.86660246212271;2.161042718240609;76.69698454550915;82.07528096276849
106;total.beta.carotene;527.6176149453348;271.7593584015695;255.91752722235987;997.0696524344073
106;total.carotene;912.4626392770687;509.4161915622839;406.9105502966723;1789.7721205098176
106;total.trans.carotene.natif;776.6691481613889;396.1994467351388;360.78475580867524;1444.7317354536153
106;trans.alpha.carotene;321.69493934263517;106.2577378552895;181.72957794019558;474.5200138417316
106;trans.beta.carotene;392.0685548671699;175.9265751676544;192.09281557178647;681.5686595741228
107;C14.0;0.8675381277759738;0.1471793684670744;0.6743089864421654;1.039137674781294
107;C18.0;5.000184779417826;0.11818444584471088;4.898514003895017;5.232753165793727
107;C18.2;7.49641366022242;0.15470609321160467;7.362997339151149;7.7883042757845455
107;C18.3;0.24572201427887896;0.07697270800021329;0.1751504330300073;0.3684316373975893
107;C20.0;0.4119644404656621;0.02915292535367016;0.3803080508719782;0.45307295917926943
107;X9.cis.beta.carotene;59.66882644467005;34.996141161069026;40.613705875087916;130.05058149025598
107;eau;29.883421383269873;1.4678906702488017;28.133516306750675;31.94834781864072
107;ratio.alpha.beta;0.8838728214084806;0.0620980079880849;0.7776278006135767;0.9716755782519683
107;ratio.alpha.natif;0.4328953687040873;0.026443634474853893;0.38917440120899044;0.4624377668677321
107;ratio.beta.natif;0.570344102538536;0.037070079773411785;0.5263436203934071;0.6362031408507182
107;tlip.MS;80.20547846919426;2.9167763903841877;76.47980058116033;83.84391460111448
107;total.beta.carotene;402.2877082482119;221.95340849000377;247.6824498679724;826.7421359380879
107;total.carotene;691.0042357095002;371.76710422448366;424.2179402079439;1377.9666193491526
107;total.trans.carotene.natif;598.3775712452723;315.15860421057806;359.3949425404073;1168.3707429763035
107;trans.alpha.carotene;345.2833806320653;228.38989329723884;161.8249636894936;699.1024720864067
107;trans.beta.carotene;276.5671216293468;196.77445782322195;158.7716380937847;667.3005764587874
108;C14.0;0.4196613076705545;0.1090947522376418;0.2642852713787259;0.6226084509568871
108;C18.0;5.949832678715407;1.1241721518976848;4.6903008285751575;7.476132572318143
108;C18.2;7.193736109929315;0.23788167455465786;6.9364003466685;7.721550045897296
108;C18.3;0.4232067089167734;0.076736728778286;0.31843466198518533;0.4927601346442623
108;C20.0;0.45934276638927823;0.040582582000615784;0.41414185278065035;0.509145741668912
108;X9.cis.beta.carotene;195.34871547918917;38.65612896066504;96.87893495679755;223.29339690566655
108;eau;40.71241482043812;10.049123327454133;28.45645507218746;50.993640368820344
108;ratio.alpha.beta;0.8644715339863738;0.09405898463935947;0.6899668463275025;0.9785929373548344
108;ratio.alpha.natif;0.3947158754736369;0.03683463463972956;0.3473837675524401;0.46866974084439295
108;ratio.beta.natif;0.5998978548507319;0.03533583893793047;0.5299807254467057;0.6415634955133496
108;tlip.MS;73.81300453387678;5.041642112459945;67.84387243171147;79.84226440346717
108;total.beta.carotene;1259.281393625669;283.14291829646913;666.190420943846;1575.719931530755
108;total.carotene;2057.022663925424;472.0240934065164;1132.0947262830057;2603.9987583636303
108;total.trans.carotene.natif;1728.8778117149707;421.8646078766755;963.0586298077772;2258.0735797652114
108;trans.alpha.carotene;631.2852515078018;117.21836366846013;404.5879036224314;854.598095060716
108;trans.beta.carotene;1025.5306932370345;297.59015907882963;446.408493906281;1383.0366627779824
109;C14.0;0.3167209646933779;0.06535410370931631;0.24524767425125082;0.4442491463177903
109;C18.0;7.114479501890212;0.45221111576979883;6.452078821962694;7.683147169554319
109;C18.2;7.7852822292766355;0.6292591875517347;7.160940853761049;9.062663657181949
109;C18.3;0.36552155047625706;0.04900502194995958;0.29189729359234357;0.4428864257120184
109;C20.0;0.4635396122388829;0.012491526291740513;0.4384021045725004;0.47938785440140885
109;X9.cis.beta.carotene;167.29159321097836;33.1013000364557;119.66689680857297;223.97883217092982
109;eau;26.97075371654515;3.101692738921315;23.470047702794446;33.39703107904391
109;ratio.alpha.beta;1.041301530202615;0.13817689011486914;0.8380958932350514;1.252511546166331
109;ratio.alpha.natif;0.4256472862624845;0.026553820380056794;0.38928172386807647;0.4601661605110304
109;ratio.beta.natif;0.5746667148275426;0.021614051908833986;0.5460994328048282;0.6030020943388293
109;tlip.MS;80.81476363869609;2.3766438008273534;76.37383988197766;84.55797550487223
109;total.beta.carotene;1084.6220097862652;352.06060991529847;606.6979858556658;1625.8766460341474
109;total.carotene;1880.4845597439205;535.0100655450958;1172.2916542251594;2670.609443099257
109;total.trans.carotene.natif;1578.7881093008864;427.3776838373077;981.0094882801442;2162.134411671216
109;trans.alpha.carotene;824.770859162824;171.84602428456833;652.3716509757552;1099.915093914724
109;trans.beta.carotene;927.6860613958196;238.02546816942294;551.4518892268122;1273.00897986673
110;C14.0;0.371983333712769;0.05953156740567648;0.3101784598492154;0.4673400525838655
110;C18.0;6.284562629593187;0.912903796346558;4.951161763002103;7.448740331484851
110;C18.2;7.973676406264585;0.6244301427461981;7.037571367111417;8.896866273607063
110;C18.3;0.339812916481796;0.07257663938110069;0.21154662812311617;0.4108279434673106
110;C20.0;0.45256512136867655;0.03737498517145219;0.41058262402521495;0.4941129344293034
110;X9.cis.beta.carotene;169.62636524889052;53.27654589252897;76.25949658546351;220.20457790641294
110;eau;28.85608491909153;3.4083373005332773;24.887723295276984;33.82764727719245
110;ratio.alpha.beta;1.1011088494125534;0.1507966898931024;0.8862763067754317;1.342331846011271
110;ratio.alpha.natif;0.43688083712210535;0.01787338306739759;0.4152506852364799;0.45807176660650667
110;ratio.beta.natif;0.5762215911338252;0.015232430121015222;0.5618813464595869;0.5974142779141957
110;tlip.MS;80.5466364406617;2.9529837712255755;76.70046809716217;84.23576109126114
110;total.beta.carotene;1010.5131287884227;330.94330217801013;477.80520868820605;1404.9039991825312
110;total.carotene;1602.1332566535064;518.5785960066903;764.7687023062405;2203.175437943291
110;total.trans.carotene.natif;1373.4163254398973;426.92487495014393;646.2019906090688;1879.6801476014239
110;trans.alpha.carotene;527.0176223989398;115.09293072265312;332.2837593668552;624.4030572944199
110;trans.beta.carotene;814.9747900397409;299.7828907079862;343.995757355027;1183.9117596464023
111;C14.0;0.3168740078863705;0.020301139836075476;0.2960810159157986;0.3485160177804753
111;C18.0;7.533300501495078;0.5911575907124376;6.658857154202937;8.360230824987383
111;C18.2;7.336066968574746;0.2806904890318831;6.735323228454156;7.589666422213895
111;C18.3;0.2519497691283971;0.04482617125905253;0.20649085421431607;0.3158349825672912
111;C20.0;0.46836482924093675;0.03257269470865379;0.4184550260234063;0.5064473899262023
111;X9.cis.beta.carotene;54.40975324445103;12.191393377747078;42.930729831633506;78.42213231222684
111;eau;25.62437515115215;3.6174369096943084;22.232118289353462;32.34467412786191
111;ratio.alpha.beta;1.0388798290912713;0.06011683256012462;0.9665580713953813;1.136094442817542
111;ratio.alpha.natif;0.4541896848836583;0.02103568240482396;0.4113573840530443;0.4756070365365577
111;ratio.beta.natif;0.5557344752440599;0.026306156268347328;0.5302009954024902;0.6077757052322948
111;tlip.MS;79.62564883497409;1.8214579531204662;76.75183925044301;80.90098145139069
111;total.beta.carotene;448.88697591659627;220.5678608658676;278.5573806288624;810.1391833217142
111;total.carotene;723.7634609077007;369.2438848368542;415.6329725950382;1386.1431139124645
111;total.trans.carotene.natif;624.3652731087623;293.52067333343075;380.99234611949936;1150.9566974651996
111;trans.alpha.carotene;314.2799162364361;116.13084548430804;193.3207412293305;473.1719479843283
111;trans.beta.carotene;303.00310909756706;120.31106392682298;206.4811729506711;505.83964035116463
112;C14.0;0.7842752297095917;0.10012107853258702;0.7051316948403208;0.97557144042229
112;C18.0;5.343597799752817;0.6669700644925707;4.967976232884077;6.685306261218951
112;C18.2;8.2405593579194;0.34198268427463785;8.002599197205361;8.908403077614707
112;C18.3;0.3076901894094474;0.05729528989003568;0.20676625036049512;0.36783163307042677
112;C20.0;0.41783698380255113;0.021836585494110695;0.3925768450049395;0.45691285321000635
112;X9.cis.beta.carotene;113.76567776688013;58.11765916725594;50.010346540961976;173.38037030153512
112;eau;31.274609762969863;3.7782990566409196;27.474775285509715;35.76277111176985
112;ratio.alpha.beta;1.0571882093562162;0.15183086517585528;0.9238312292898276;1.3028020159775047
112;ratio.alpha.natif;0.45932030726222006;0.04733536296068455;0.4137654802172148;0.5230378278681937
112;ratio.beta.natif;0.5394621984637739;0.05032525115877781;0.4752695463745365;0.586247641431672
112;tlip.MS;79.67704457030058;2.907288391781806;76.83725507962684;84.11826769864591
112;total.beta.carotene;718.121731345714;424.9005943211397;318.0942794543001;1327.1899014342087
112;total.carotene;1230.8197644495024;745.0367738519094;536.9826188822976;2287.491910069259
112;total.trans.carotene.natif;1076.5549001131342;612.7481096785866;490.5174123377713;1921.865714724152
112;trans.alpha.carotene;435.442103124258;126.61336834675903;296.24163176678405;601.2896152051203
112;trans.beta.carotene;532.1361357884795;233.868895460333;263.924893673993;835.3907344451992
113;C14.0;0.33358335679340395;0.04939163177546665;0.28538500012899437;0.4268531565435295
113;C18.0;6.645083072225682;1.1277203280825299;4.993587396447497;7.873590582274712
113;C18.2;7.4140023537573425;0.0899541257566869;7.333081117397716;7.562585716467165
113;C18.3;0.26949653875547347;0.02627346480862689;0.2402727393256758;0.3079819815008323
113;C20.0;0.47299884509670437;0.037668466794890804;0.4291863468861775;0.517978033229593
113;X9.cis.beta.carotene;118.68709749968711;41.693991583252696;73.34719998942843;170.1061615644085
113;eau;26.875277970669824;1.3929063633884329;25.37495771966691;29.147831914142298
113;ratio.alpha.beta;1.104486318917225;0.18877713796716727;0.8453677039001105;1.351415500696944
113;ratio.alpha.natif;0.44009564092743636;0.01836747595085524;0.40461030170890894;0.45650351590491356
113;ratio.beta.natif;0.5668903584482682;0.021293352178034398;0.5522289685620908;0.6078419428355384
113;tlip.MS;80.8410795967339;0.1715906804258889;80.54979108164846;81.07561994640133
113;total.beta.carotene;686.278087096969;267.451985072122;468.73204804452814;1071.0853841118887
113;total.carotene;1231.4689378216594;507.77075149969517;855.7061605533609;1958.8344157749268
113;total.trans.carotene.natif;1082.5176790250705;437.99230712970586;716.6733391383066;1707.893870357335
113;trans.alpha.carotene;435.91911395767096;75.9615543531822;331.89841512602845;542.0742655792991
113;trans.beta.carotene;500.76366290230095;188.18640730581444;345.01835723721905;794.3888923270365
114;C14.0;0.28078899673521057;0.05136011604376026;0.225129065069721;0.39310071689515863
114;C18.0;7.57973651639487;1.1084186663573847;4.972272852662963;8.752385019957913
114;C18.2;7.818580624856483;0.5835462308922065;7.02508265994318;8.40735498738486
114;C18.3;0.3426470506219012;0.05145290142231345;0.276334429008697;0.41024209895023583
114;C20.0;0.49193850229364655;0.02794552068167744;0.45117520842579845;0.5314587296556151
114;X9.cis.beta.carotene;175.25968326993768;29.001803452188156;133.04364584680965;210.46629320037042
114;eau;34.124601231202924;7.474011284594075;25.018952288710302;46.214615068971085
114;ratio.alpha.beta;1.0435218597299856;0.20287730470554172;0.7949064448756774;1.3670694990761758
114;ratio.alpha.natif;0.4055921687945965;0.013688236006207216;0.39238295591211675;0.4352353496582014
114;ratio.beta.natif;0.5931813860272848;0.027140817598360324;0.5514411795828386;0.6253113889822748
114;tlip.MS;76.36595791296203;4.077191893862328;68.41059868713883;80.85243173884106
114;total.beta.carotene;981.574169534096;262.58777498560926;646.2578322903488;1421.5782336358402
114;total.carotene;1644.9249264285938;343.3207754955869;1194.999313919923;2244.126454833138
114;total.trans.carotene.natif;1405.6051610441395;265.8951590375595;1027.1139954655018;1834.5721265954696
114;trans.alpha.carotene;581.7331511537125;188.08459918861956;425.42766414588766;1013.4086366788122
114;trans.beta.carotene;765.0327603640227;201.92684135838283;477.3806226317097;1148.189417998142
115;C14.0;0.30709022567358263;0.03966987052021568;0.2503749373182352;0.39090150007057717
115;C18.0;6.324574302863384;0.9903058848536049;5.059001361514529;7.8587257224979234
115;C18.2;7.6237883545458605;0.42154542771197917;7.085125166247987;8.313339374093568
115;C18.3;0.37201945177687656;0.06905563438124683;0.26950486607460605;0.47711470129334693
115;C20.0;0.4782009818517878;0.02165807311495393;0.44853723884104757;0.5125907778380917
115;X9.cis.beta.carotene;166.74966770742202;38.63865178157645;90.80998158474354;206.60093055837834
115;eau;31.586097536761923;5.530476264411549;25.401712657999653;41.794398394771605
115;ratio.alpha.beta;0.9228190129177047;0.14090085136200822;0.7702893744973108;1.1239179256572998
115;ratio.alpha.natif;0.3987375503506993;0.019689277703069698;0.3720971918058794;0.43739728764254354
115;ratio.beta.natif;0.6077555215726183;0.02212992157986264;0.5638905316747217;0.6333257023812962
115;tlip.MS;77.13505538295028;3.0469868667153257;71.99090318397673;80.97576450287664
115;total.beta.carotene;1047.3848373122928;341.2080266406225;616.5896033127954;1465.2129575807814
115;total.carotene;1646.9953104823958;425.7777726862999;1049.3214833750844;2209.140609345024
115;total.trans.carotene.natif;1397.330423256159;350.02375051958245;960.0564492996782;1888.2529833776834
115;trans.alpha.carotene;630.1018152852175;194.76385495200878;395.87766981118017;988.6496290229796
115;trans.beta.carotene;813.7325378852072;240.468297051804;417.0181225898068;1137.2911317122116
116;C14.0;0.5642285934378136;0.10021476919603034;0.42296849669579006;0.6838216771708671
116;C18.0;5.713643583397548;1.333922183796688;4.678311108486195;7.43321175077696
116;C18.2;8.869793982948197;0.4381271063767915;8.42610545984971;9.59352551221733
116;C18.3;0.36211092098251524;0.06994417588713213;0.2839497627307399;0.4656970255383286
116;C20.0;0.444103311311778;0.029049688004671406;0.40030669659705453;0.4745920674383592
116;X9.cis.beta.carotene;169.17658520372657;13.272775353345112;151.1337505167745;188.22949176901304
116;eau;26.72456113262344;2.4648010993591054;23.023778231824963;29.517053448112907
116;ratio.alpha.beta;1.018597690283056;0.21832775020316592;0.7810733115003107;1.3139572531072017
116;ratio.alpha.natif;0.43664593216305664;0.03920034405648231;0.3872975521443693;0.49970481089945723
116;ratio.beta.natif;0.5664107028045082;0.0375779272100021;0.5062680532102145;0.6094952341334104
116;tlip.MS;80.71392678698804;2.4483679508181817;76.5008084721253;83.43652812059206
116;total.beta.carotene;938.1592580705839;373.3862436441461;490.70340385791997;1584.7733241063634
116;total.carotene;1508.614566926677;514.3766233668324;912.9918394701377;2423.21271841306
116;total.trans.carotene.natif;1312.775862956533;434.17398734890077;789.7443742173367;2043.6959398614774
116;trans.alpha.carotene;701.9981558011882;202.32302066229036;383.6708640732639;901.8748507330412
116;trans.beta.carotene;778.2212075367;280.56413332412126;406.4230272194343;1164.3315984343496
117;C14.0;0.4320281684175648;0.04892688514234439;0.36709912579234033;0.49021617591648114
117;C18.0;5.586013584414797;0.20415184152353455;5.2096045875223975;5.77837107488075
117;C18.2;7.741902740014791;0.5033370207251792;7.379702668795828;8.712569477346312
117;C18.3;0.2983872535775178;0.04567645341434002;0.20589890822624;0.3266327092191883
117;C20.0;0.4274540961474326;0.010456236271797335;0.41426459537402766;0.44310896711369857
117;X9.cis.beta.carotene;111.61664991041455;35.28451822259967;55.10447211814936;157.8309839307364
117;eau;29.246027896931604;3.5371757787065263;23.561711344805257;34.214211052306275
117;ratio.alpha.beta;1.2048920682438642;0.15176114148496125;0.9728232858927083;1.4126030168526864
117;ratio.alpha.natif;0.4315077334766268;0.022700104411073938;0.40760573173594467;0.4661468705567321
117;ratio.beta.natif;0.5682868776185487;0.02373429519516043;0.5322641484400772;0.5906119288959188
117;tlip.MS;80.702998253596;2.050745611326526;78.79572601239516;84.50036622376668
117;total.beta.carotene;540.2141905986163;83.18112173505172;387.4160690196915;619.2992558757559
117;total.carotene;919.9897572903209;205.58295429324477;557.938378412761;1163.071690081701
117;total.trans.carotene.natif;779.2732379028262;143.01838723344648;501.7779237149626;908.604211212652
117;trans.alpha.carotene;421.66389698139915;86.94040685577693;300.5400319084144;550.7639509868999
117;trans.beta.carotene;483.8364338932028;114.24171480201584;268.6214436939051;582.8874824475272
118;C14.0;0.4805624802200083;0.0626518725987287;0.40626946991132085;0.5612385973825795
118;C18.0;7.44222635066519;1.2059788194227992;5.116892018592532;8.423644892447712
118;C18.2;7.506104075918063;0.2239987079049484;7.154431111316145;7.7983983976784685
118;C18.3;0.23047260404232442;0.03877789957804305;0.18851491022543304;0.2901546285186039
118;C20.0;0.45878178484997006;0.02649985072957135;0.42192412315930633;0.5006651641781424
118;X9.cis.beta.carotene;68.48416049032737;29.231448596878195;47.95291441244165;125.83243453404901
118;eau;24.645234004022115;3.4043784737179688;21.672033577093398;28.964567829989928
118;ratio.alpha.beta;0.9097916489972978;0.12465738322026997;0.7761305295351755;1.1004044686239376
118;ratio.alpha.natif;0.42678918998152776;0.029960165648844246;0.3780704647249694;0.4576338422600314
118;ratio.beta.natif;0.5808947305171245;0.032698653498015866;0.5443106544546633;0.6332880402652781
118;tlip.MS;81.89431979874713;2.20712706594925;78.40051523942006;84.50483826711798
118;total.beta.carotene;467.3711085761372;175.7562958537627;294.0804317962699;719.1620767665196
118;total.carotene;798.4511451042118;385.35411072035237;436.79398103245387;1434.6674547709301
118;total.trans.carotene.natif;705.2251838917549;313.55158389413;406.15212525382753;1212.6682282899828
118;trans.alpha.carotene;355.520402201565;114.75854880859288;228.6766893507528;508.313601689692
118;trans.beta.carotene;332.594200112551;106.10564670189527;201.04672586728736;454.4611510462188
119;C14.0;0.2970341778370083;0.023928674278516717;0.2621252695155917;0.3232925342312552
119;C18.0;7.003996185876832;0.8392932568453497;5.546497415083634;7.6837540693181525
119;C18.2;8.11957302119034;0.42176855497582655;7.661147163238698;8.672274216227033
119;C18.3;0.2839396120828452;0.049160106435761276;0.21250949049268505;0.3424041067650927
119;C20.0;0.49941173296542946;0.020799602223615668;0.48340502501774985;0.5340893545913431
119;X9.cis.beta.carotene;127.36051044328347;46.55381198614442;63.104305284396816;177.49539037799408
119;eau;25.57413566773833;1.3802242586931524;23.98340832656445;27.97224774660414
119;ratio.alpha.beta;1.1676354989892483;0.12932393813785428;0.9849182982564331;1.3650852218084712
119;ratio.alpha.natif;0.4364202437790549;0.010619253470377368;0.42458648896844353;0.45414835107901635
119;ratio.beta.natif;0.5675725645714497;0.016759356648037176;0.5501618196801558;0.5909693518729411
119;tlip.MS;80.89188156534455;1.2971268975983956;79.82203274025625;83.40284421978036
119;total.beta.carotene;672.1217833983009;242.76493536831657;388.8873257549552;1090.7134891258765
119;total.carotene;1185.3932994436411;465.7514770218893;676.8563011607906;1975.7870081378944
119;total.trans.carotene.natif;1030.5861807955027;355.75433107257953;604.3402588989998;1617.7566933861622
119;trans.alpha.carotene;547.1784288599372;210.85249321717887;263.22011593649967;825.2047758744545
119;trans.beta.carotene;555.7824134888956;259.9244585953834;273.92907753146517;991.3601126803546
120;C14.0;0.3262565356361455;0.04802586842060965;0.26551755959492235;0.38717166830945327
120;C18.0;7.541701438080492;0.6794504517540761;6.210734519416815;8.042743165193865
120;C18.2;8.056122804972029;0.5577465526434341;7.440826534450079;8.895210290711997
120;C18.3;0.2810511360037859;0.056244050332791076;0.21731475639333808;0.37193994127298924
120;C20.0;0.48872206355055337;0.029850711875856174;0.4619201234594877;0.5389000498915295
120;X9.cis.beta.carotene;130.35716981891076;62.77808725050604;48.519341573176064;190.16380455865212
120;eau;28.347781780968305;3.572672406444794;24.17755476087608;32.4788012815845
120;ratio.alpha.beta;1.2033395746087223;0.19429839527854134;0.9290201945033704;1.3838857739459198
120;ratio.alpha.natif;0.4523801283819518;0.049570198941098896;0.40616710667743566;0.5141115918857896
120;ratio.beta.natif;0.5505033680075551;0.04840465440931372;0.48819318773177756;0.6055492688763034
120;tlip.MS;80.46283601279987;1.6275374404275718;77.95021934648953;82.79023047594589
120;total.beta.carotene;877.7260703598525;372.8578767410501;386.41635518714475;1200.2212159362914
120;total.carotene;1490.6104360481022;642.162576316383;609.6146848459158;2058.718305918034
120;total.trans.carotene.natif;1257.9788851069661;515.4999295439559;546.7527145292387;1722.2408697978392
120;trans.alpha.carotene;525.6173396312324;139.8473287875174;337.42962091513334;715.1877841130481
120;trans.beta.carotene;608.1548215602007;282.43191878447504;208.47512520597243;849.8659547458053
121;C14.0;0.3715700148912055;0.06730433828886373;0.28433167375125656;0.4555951854859769
121;C18.0;6.352561257296235;1.2474338811501504;5.021412800840877;7.912996007565591
121;C18.2;8.35909002915795;0.4005730771969708;7.627329431079705;8.644619163094378
121;C18.3;0.30789255969531554;0.07288017883292619;0.19065733063628962;0.3946748828316515
121;C20.0;0.4748002272702065;0.035869276268787366;0.4291814340941172;0.5198302375812164
121;X9.cis.beta.carotene;42.868799867927585;19.253263315345436;32.639046305308455;81.98609293341677
121;eau;40.705034144018136;5.081049269677468;32.69587497513747;46.5309853926736
121;ratio.alpha.beta;1.1855166921148237;0.148312495922637;0.9540680233133905;1.359477105724155
121;ratio.alpha.natif;0.4702100529060845;0.033644366995548944;0.42424605535271326;0.5177570608025567
121;ratio.beta.natif;0.5238055293568666;0.03104312673995929;0.47549842138556053;0.563769730811792
121;tlip.MS;76.13253820091842;2.934807497485662;72.65805270400864;79.5516405016462
121;total.beta.carotene;279.09914095308113;103.47331212474566;226.9335173217639;487.31846146935806
121;total.carotene;443.82691671713746;153.98318570680948;369.4685692265242;757.3500747104226
121;total.trans.carotene.natif;420.2276286831775;149.75834587378608;311.34137805455947;720.5123268500969
121;trans.alpha.carotene;211.66816669896892;77.28056313009492;163.52629995554054;364.5686427238556
121;trans.beta.carotene;239.3173380201621;57.5400573034033;165.16741379294024;342.0318291996211
122;C14.0;0.48284200811679767;0.0688151392138518;0.41076940000383017;0.5800155757706213
122;C18.0;6.469960552959688;1.0312317822102042;5.216437654772805;8.100884925650261
122;C18.2;9.457795959249491;0.3449498653771761;8.851893593240472;9.901453955193842
122;C18.3;0.21855578234305142;0.02079042786312559;0.18230442850128825;0.24188057816811592
122;C20.0;0.4364874659399905;0.03856586388156388;0.4052850909813425;0.5117628656656455
122;X9.cis.beta.carotene;39.06392580669197;3.605017462034112;34.021503080733424;44.93845493078577
122;eau;23.39957051187817;1.5436160529595417;20.827643551558623;25.313325863346503
122;ratio.alpha.beta;1.1096675935678701;0.03964210386193341;1.0550335426597144;1.1568905140191383
122;ratio.alpha.natif;0.4697664779937454;0.010036243081683743;0.45066651626343185;0.479544839116415
122;ratio.beta.natif;0.5341147182028142;0.006067874097617415;0.5273784740445945;0.5451203671017061
122;tlip.MS;83.06623406438608;0.7185037044685775;81.83820981658425;83.93603389142767
122;total.beta.carotene;225.24281826054866;18.980197775451998;204.02828570467466;246.62523736746675
122;total.carotene;358.2007857012009;12.165584262241532;338.56012569437524;369.0523024694452
122;total.trans.carotene.natif;295.99898662439307;13.391705557002355;278.26993735267894;318.260901334825
122;trans.alpha.carotene;179.01459826016;18.621871082860665;164.33100535603742;213.04124067600603
122;trans.beta.carotene;160.4281110098417;19.72418521719222;124.09049366907853;174.69402910673537
123;C14.0;1.0177271204956433;0.15377117525171968;0.7843337174855385;1.1610388716655804
123;C18.0;5.350905799850534;0.6276462271475213;4.879159458515201;6.446068458884229
123;C18.2;9.567749726410515;0.4678325406923638;9.06235745545338;10.188818473615045
123;C18.3;0.30505598368535664;0.04562727194583322;0.2571327217241052;0.3669020353421979
123;C20.0;0.36026575341716066;0.04563625886554182;0.3165178249743912;0.43286844005186753
123;X9.cis.beta.carotene;91.36064651272416;67.56563256720756;41.74861396673619;179.03904674082168
123;eau;27.830887997752487;1.943403349356259;25.049741712669938;29.904856524840447
123;ratio.alpha.beta;1.0997734927243743;0.08474743118321981;0.9722516351015955;1.2096818924521373
123;ratio.alpha.natif;0.4624214699800922;0.05536490698258165;0.41012462193698856;0.5459268209650587
123;ratio.beta.natif;0.5391225731186012;0.05490459120323738;0.4547160849449995;0.5921028019262851
123;tlip.MS;83.31272473054732;1.0879567983434568;81.54603336464388;84.33557682465741
123;total.beta.carotene;638.7202958034931;342.14821998988083;273.0229616384277;1035.6880086984272
123;total.carotene;1123.6316799871126;644.3254256501269;458.2798382138122;1974.6369665645407
123;total.trans.carotene.natif;1000.4833698955516;557.3301358641515;394.465010357342;1642.030998778274
123;trans.alpha.carotene;377.09761476789737;144.11530049287614;219.6488927410251;551.6231553939866
123;trans.beta.carotene;389.5049534461817;217.02706428365795;158.59453228488235;729.5865669209146
124;C14.0;1.1307665518755683;0.0633439285355927;1.0336243124521594;1.1877633551479807
124;C18.0;5.558953361205542;0.5717773000775817;4.734312363697631;6.450976040585748
124;C18.2;9.63000382206288;0.5201443052089381;9.256236995708747;10.321506421180475
124;C18.3;0.25863627540951883;0.016429104936776868;0.2380763410032989;0.2788785049727307
124;C20.0;0.3596318602302586;0.030531317804474326;0.3324891371899556;0.41635714685573405
124;X9.cis.beta.carotene;34.260420846043274;5.576115384255116;28.52736200449216;44.094643475040705
124;eau;23.07479374444476;2.301823144774597;20.84381366662898;26.37004788417906
124;ratio.alpha.beta;1.0469004684744043;0.06978212845304052;0.9491173112608919;1.1277338651257112
124;ratio.alpha.natif;0.4785646693574892;0.029387801571160662;0.4454333803599934;0.5127872851263059
124;ratio.beta.natif;0.5304329990625042;0.025857244069117945;0.500053947546261;0.5602559545803857
124;tlip.MS;83.44251106314384;1.1075459264209377;81.9817638746407;84.51806911402653
124;total.beta.carotene;269.0843242318103;82.87208602352378;184.76281833199883;423.61565343219974
124;total.carotene;433.14706080948054;151.1719157791624;276.65771391176054;713.0670445099485
124;total.trans.carotene.natif;387.06559346149857;132.62746362806573;234.72149801516437;626.4868319818178
124;trans.alpha.carotene;191.23761562197896;48.12990413221473;153.09064001230325;279.92484500144275
124;trans.beta.carotene;188.9215398943164;35.30605244960473;138.75603274542615;238.99765562519383
125;C14.0;0.3653269234307542;0.1076727626669396;0.2800226176471425;0.5783111426070552
125;C18.0;6.71016083296795;1.4804929567592287;4.801613483030802;8.59266852003772
125;C18.2;8.077254613325685;0.617742829304122;6.932853969699081;8.678365369304794
125;C18.3;0.3970809746359804;0.09520516598288095;0.2805202026546128;0.5328324421733097
125;C20.0;0.44899581909518566;0.06474812854112767;0.3449559678148837;0.5062702080780691
125;X9.cis.beta.carotene;216.87303834409593;29.905683178307676;169.57144115640472;255.40529052121067
125;eau;36.65350015362868;11.091097943374914;24.59306823193222;55.10830096349664
125;ratio.alpha.beta;1.107169847220791;0.20079901786665488;0.791279927790522;1.410925665006618
125;ratio.alpha.natif;0.44999245892932477;0.02900326362886043;0.418064255629828;0.4842877565598178
125;ratio.beta.natif;0.5518380339549509;0.03315477762005577;0.5041177776828669;0.5864565876586204
125;tlip.MS;76.27103479563762;4.198668514854337;69.10190090598024;80.68960177810081
125;total.beta.carotene;1185.4525578995647;228.57512048972995;755.2069675743892;1366.5992494057875
125;total.carotene;1953.2312235158522;418.9001692340501;1132.3685834643954;2315.706825603002
125;total.trans.carotene.natif;1633.1437668019398;352.4238299471342;964.0402037451346;1994.0209836513925
125;trans.alpha.carotene;596.0421471626033;42.99327720453066;527.9837730285043;647.26989084242
125;trans.beta.carotene;900.1950631002702;218.8614994838882;535.8175056980226;1114.796889895467
126;C14.0;1.0781660288281365;0.08323188818334533;1.0093475009809025;1.1974424635903573
126;C18.0;4.722579043890659;0.03883001509249329;4.676489394836208;4.781277353479314
126;C18.2;10.034548633212742;0.1524771051635956;9.772114440153612;10.164255658018119
126;C18.3;0.26665104166104425;0.027863184046547824;0.24186032065720997;0.3072623667978792
126;C20.0;0.3016393132183496;0.010872560666457849;0.2896314502979096;0.3179784141417683
126;X9.cis.beta.carotene;41.7210863585955;9.666193959102623;33.91755200951982;58.27170451047589
126;eau;26.319832177032964;2.25031600761156;22.836988428963362;28.74227430935014
126;ratio.alpha.beta;1.1933172438109492;0.14317195105573238;1.0159140266309308;1.3709628329534789
126;ratio.alpha.natif;0.4795976399432611;0.024022307114613603;0.43775659022088304;0.4967702178531465
126;ratio.beta.natif;0.5247275591733933;0.020541824774555108;0.5086384743751412;0.5589289681400632
126;tlip.MS;82.01203795896598;0.967137847061541;80.50699328826995;82.7918690204498
126;total.beta.carotene;257.7675640391567;115.28097024609863;172.60667064255736;450.30095301914463
126;total.carotene;433.908682037268;206.7516896937713;281.4266484260919;788.9405032892709
126;total.trans.carotene.natif;380.2683482625747;183.26268582050196;229.01263314771887;688.5980469048284
126;trans.alpha.carotene;249.91619735066547;90.14793287001032;171.51045419964734;398.1764587910586
126;trans.beta.carotene;172.72119274422226;87.71096068265604;122.2915666740483;328.4783737872848
127;C14.0;0.36844799602892553;0.05499864341407896;0.2989042363327639;0.4615768195076031
127;C18.0;6.532728485344045;1.3881944435227551;4.7635957159368605;8.143725176899771
127;C18.2;7.900754878424318;0.4197710914377239;7.3146103311042525;8.522335926099393
127;C18.3;0.282373668293445;0.03222819469781366;0.24103343723972548;0.3349079402171198
127;C20.0;0.4857330250643821;0.031208507022285212;0.451696028704647;0.5208272548297864
127;X9.cis.beta.carotene;126.32046434797373;46.438035279377864;54.90409733606456;175.92787459545423
127;eau;25.436196504813108;3.526161939772196;22.06908500292731;30.223964575704944
127;ratio.alpha.beta;1.1518390254650168;0.16274867357749284;0.9118763131971502;1.3796545015398471
127;ratio.alpha.natif;0.42795162414774585;0.02615198651354871;0.39207397952082784;0.4563071235352754
127;ratio.beta.natif;0.5782503654544416;0.03172337047988252;0.5380182692106293;0.6262643791042499
127;tlip.MS;81.58143865678504;1.2085364687437097;80.50495501603258;83.16829386679024
127;total.beta.carotene;733.443653262659;310.0386857617744;399.845575976159;1256.2240948278816
127;total.carotene;1275.633254012629;571.5064376758495;714.0018854058501;2221.7587150779755
127;total.trans.carotene.natif;1091.6049523324684;470.0375962529523;638.8993624990092;1886.7254861432664
127;trans.alpha.carotene;470.24669633055754;145.94195504915373;327.4544791179532;703.3644432017385
127;trans.beta.carotene;538.2131240752292;207.37532755811935;318.8821457431044;905.4385814633341
128;C14.0;1.100212328912737;0.07711253451268886;0.946541867788899;1.1615282913752498
128;C18.0;4.9604109384587485;0.09211043819544434;4.857715934747108;5.108972139008175
128;C18.2;10.278270339940612;0.2443380727342482;9.952042808543608;10.520746012774607
128;C18.3;0.3425659325650452;0.06380606423089041;0.25525131640908444;0.41401548532620225
128;C20.0;0.4163211065343155;0.02980783101769032;0.3926022301288802;0.46022183383490245
128;X9.cis.beta.carotene;152.20383497454577;70.06165646032109;57.29697662438467;217.67983828458918
128;eau;26.871830084729122;5.733523815158227;20.42216474417332;36.64281078246511
128;ratio.alpha.beta;1.1211519876697829;0.08258742972468953;1.028637861759463;1.257736023690262
128;ratio.alpha.natif;0.47205112874728855;0.020776811557333092;0.4460934695037765;0.5058822174169613
128;ratio.beta.natif;0.5346008165253319;0.01992104923357225;0.5088110735859065;0.5627612573298607
128;tlip.MS;81.25235146467632;1.8219880255201861;79.19389805937921;83.8090195061212
128;total.beta.carotene;1011.6623577962009;408.682544387949;440.53942531894046;1412.1930142184854
128;total.carotene;1710.398868350205;688.5171699785644;763.7141491294924;2227.204383966036
128;total.trans.carotene.natif;1479.1651409975855;567.1379365096881;652.2590735241048;1914.147420028003
128;trans.alpha.carotene;534.7037592391124;127.79602007462968;286.09800940770964;620.2867276710118
128;trans.beta.carotene;717.5021898036936;291.36376769503244;348.8975064956766;1021.1998107903788
129;C14.0;1.2247376051983085;0.050456109956385845;1.1680300992452608;1.292780432052073
129;C18.0;4.527393991267384;0.0870209094237762;4.463476000573907;4.700078351673992
129;C18.2;10.17781564682191;0.38276374874368446;9.696695505671384;10.551390144544845
129;C18.3;0.3427236464741445;0.056341177660832374;0.2695105688453743;0.43165825148713866
129;C20.0;0.312935810857909;0.005726358102510139;0.3060537163332682;0.31946638838565344
129;X9.cis.beta.carotene;139.94258208173184;79.46687538921339;38.128196950316266;228.49119656062206
129;eau;27.675183747639633;4.967618148245487;20.57610229505015;35.070689249570314
129;ratio.alpha.beta;1.1106192947410338;0.19129873047738175;0.8342058845555009;1.2947589334236917
129;ratio.alpha.natif;0.4736296329098663;0.0434602045034684;0.39068870136254674;0.5180777581741064
129;ratio.beta.natif;0.529519285841825;0.039824262603415254;0.4910052642633401;0.6007025712850539
129;tlip.MS;80.40857668776265;1.2833865952941057;78.5500315094299;82.26519854863831
129;total.beta.carotene;850.3586041436807;406.57768167723117;267.9520416142199;1277.2752020275113
129;total.carotene;1513.3596838551966;761.4499470950673;488.48510044573345;2265.6493494398096
129;total.trans.carotene.natif;1336.437560898145;659.594041115164;402.38710511389286;1959.7070552911234
129;trans.alpha.carotene;449.6249212144755;143.81255662629042;231.1161443741326;587.5213629005901
129;trans.beta.carotene;629.863252003261;341.6896099926731;173.89534240952062;1080.8113985081916
130;C14.0;0.33153210121458987;0.08367111996454184;0.2241093894541397;0.45606539099230275
130;C18.0;7.274114291849696;0.6731496801899004;6.485148670406097;7.870887520207724
130;C18.2;7.753542307081071;0.23844679294180127;7.479944988182578;8.120076283552919
130;C18.3;0.2981478029802721;0.06144631263591818;0.23415990797296707;0.3715262188483435
130;C20.0;0.5076814964310498;0.01511861258968771;0.48206338318715647;0.5201827107432178
130;X9.cis.beta.carotene;131.2896159492306;49.73039095643746;93.3282866146671;194.7061976273027
130;eau;29.971668657760432;6.213235534855459;23.925997780558255;40.073794941679736
130;ratio.alpha.beta;1.0158691356370793;0.24948430951179806;0.776900064855886;1.3359318478878297
130;ratio.alpha.natif;0.41705528894699695;0.019822556394123163;0.393778478861092;0.44019689325573913
130;ratio.beta.natif;0.5879822175647021;0.018674899027990115;0.5672830071389471;0.612437689839175
130;tlip.MS;78.74560049918459;2.4765530530002753;75.4857456937763;80.91459154194519
130;total.beta.carotene;826.8081380893603;366.2785005534269;462.78055784428244;1293.7354405850263
130;total.carotene;1361.9008799308972;631.641438184185;771.2896416995172;2131.7759942396424
130;total.trans.carotene.natif;1162.5472936035603;528.9376606918091;630.104235412582;1809.850590734309
130;trans.alpha.carotene;465.41731454020885;90.15595272190215;356.65275150588667;591.3500944677284
130;trans.beta.carotene;643.4353402945145;235.9476926187117;386.69323259942837;869.7839752360355
131;C14.0;0.4209487055017089;0.051007450710320056;0.3799801494636319;0.5178260591425723
131;C18.0;7.27407454135534;0.9607972177124589;5.410584485752456;7.966336635977175
131;C18.2;8.771084904241112;0.32808719100615247;8.49027065125433;9.344050268193463
131;C18.3;0.2619772378177832;0.05484041560976283;0.20368613888232062;0.3349885639750036
131;C20.0;0.4305563791083318;0.07046424414852175;0.33515320609409904;0.5334935894431401
131;X9.cis.beta.carotene;110.21066662655694;69.2108878599307;42.02607578695733;194.39205086869376
131;eau;27.84776655746995;4.609195401614924;22.686118214664848;35.362441245414004
131;ratio.alpha.beta;0.9715080664575712;0.1373464978051415;0.8365799387619685;1.230267239326712
131;ratio.alpha.natif;0.4134399216228259;0.013124677345822573;0.3908566958302733;0.42716962954495197
131;ratio.beta.natif;0.5885934468181132;0.014010356750835616;0.5791241963424922;0.6137054169701686
131;tlip.MS;80.28097337141666;2.512161913913574;77.95805331787975;84.09587332296563
131;total.beta.carotene;678.7175383662243;408.4995800810947;290.24737056644335;1170.4084035496046
131;total.carotene;1168.3570596293332;749.5049513800756;418.73691422066594;2153.0235237184465
131;total.trans.carotene.natif;991.9046653471546;594.3894370015981;404.8964345344169;1751.3777000814457
131;trans.alpha.carotene;359.74325657083665;161.6046997035778;188.92078888928245;560.9562957358634
131;trans.beta.carotene;486.1478868501519;292.4350602641381;187.41413159109518;839.6221306360734
132;C14.0;0.48836251767239597;0.10287535096613742;0.3348626205344185;0.5988342140857013
132;C18.0;6.314126675418834;1.284391093988552;4.900758160955483;8.167037137056937
132;C18.2;8.519355699349736;0.428758957128339;8.01813838842426;9.213557056020013
132;C18.3;0.28987084577213734;0.04885765629570582;0.23777467916656841;0.3562344589706845
132;C20.0;0.45624640710594216;0.0364899905018052;0.41593962039614163;0.5060593930989464
132;X9.cis.beta.carotene;93.04088979648743;44.271502090584114;50.531821508428926;146.79165414082829
132;eau;27.321294190729407;4.406089237430539;22.571038465333732;34.20019984776674
132;ratio.alpha.beta;0.9530570633540597;0.0634251432959866;0.8401770272729777;1.0149134708650653
132;ratio.alpha.natif;0.43584025751868755;0.055188951334127434;0.37018517585946126;0.5054491763431929
132;ratio.beta.natif;0.5643055148622111;0.05156917682887596;0.4835651074644083;0.6148477344415155
132;tlip.MS;78.69337178268508;2.093094975895619;76.23708898833225;80.84927987862774
132;total.beta.carotene;621.632469996686;222.3887535607654;402.95134652639257;916.0653755816569
132;total.carotene;1081.25498445863;400.703287296234;725.7625680927955;1751.9597170914626
132;total.trans.carotene.natif;939.0277095259204;366.7164959104036;626.1911339515473;1504.7118698740796
132;trans.alpha.carotene;411.97753155512095;79.30458306304571;335.80790896203075;502.1445217758335
132;trans.beta.carotene;478.9354452839554;207.6527862024636;278.70309119040525;713.3589403771708
133;C14.0;0.3637618349279237;0.06609161976485688;0.26854523250203094;0.4752914369160494
133;C18.0;7.231809214085934;1.1886419008722555;5.210876751486228;8.571505249193294
133;C18.2;7.295155183744955;0.41563380488658347;6.832287266732297;8.081420192938378
133;C18.3;0.323618338457446;0.06215409291415071;0.24116236739927643;0.44379711259339644
133;C20.0;0.4865034212166052;0.035705677032635406;0.4122526362546033;0.5153746854708463
133;X9.cis.beta.carotene;126.04912183332547;62.36996545735208;39.04220029265505;213.01690661141208
133;eau;28.004605166528304;1.9825905487104318;25.01547959671249;30.647665510027164
133;ratio.alpha.beta;0.9741560249835387;0.1848276196364227;0.8210302022897272;1.3574993490037164
133;ratio.alpha.natif;0.4209050259534557;0.021705322070058677;0.3729588046952298;0.4454228152562068
133;ratio.beta.natif;0.5780718701882327;0.02352862989196983;0.5436161134080938;0.6250746197462965
133;tlip.MS;78.83677593817904;1.972288533520586;75.93217732569475;81.79033867953261
133;total.beta.carotene;898.1369482209117;345.8563113130478;379.68822601176004;1417.0615379473986
133;total.carotene;1536.665443800252;637.0664282214331;537.6031627645907;2623.6883621981888
133;total.trans.carotene.natif;1305.3997232214324;497.88489449285765;552.8537373635382;2149.4998067206207
133;trans.alpha.carotene;537.8108647317414;309.6318035010002;217.74565305811058;1296.2850332990686
133;trans.beta.carotene;621.1438002012534;288.7858108735307;245.59590123565968;1213.08190714813
134;C14.0;0.7821128327538591;0.0985288494762449;0.6902173560918824;0.933767769359384
134;C18.0;6.1970547608529625;0.9217767719691583;4.960659932022451;7.544469998920168
134;C18.2;9.58861596997409;0.3733631347357804;9.162763308015666;10.086851227388465
134;C18.3;0.3366097177132827;0.04092780439593629;0.27679915457676135;0.3790334909955419
134;C20.0;0.45759263914563164;0.018215186093968588;0.43840616100688573;0.4771675120738495
134;X9.cis.beta.carotene;140.56665391837046;68.02381781252309;62.027859447630775;203.0643275311144
134;eau;24.939915821623934;2.9353378964299925;22.13061951242547;29.138968965150234
134;ratio.alpha.beta;1.031934184132251;0.20929357042055222;0.8268643132864529;1.3384431873403018
134;ratio.alpha.natif;0.4442449302421596;0.058725120880082235;0.3499022106389252;0.5003335268728257
134;ratio.beta.natif;0.560591048533982;0.06018022040599104;0.5087173315291934;0.6525208616447844
134;tlip.MS;81.12375482080901;2.0454874127055986;79.98759008385065;84.77553610218258
134;total.beta.carotene;996.57703492098;322.462351120589;577.7212751840797;1260.2928571834575
134;total.carotene;1690.9436283787581;490.5094450874609;1023.1026254438981;2189.6156353573447
134;total.trans.carotene.natif;1430.5956618837824;392.58090900508904;854.1436795543095;1798.331948798525
134;trans.alpha.carotene;569.4760826035038;178.92894680406675;334.6289580424114;761.685012880798
134;trans.beta.carotene;770.2311039243922;275.0403772879118;392.34557299093393;1012.0270218274073
135;C14.0;1.0210217640915689;0.07847272770342441;0.9550114470487346;1.1537109033830386
135;C18.0;4.964179510004905;0.10653520239271795;4.836786990753772;5.125153689191603
135;C18.2;9.106371138779517;0.3206705586284638;8.672724081886182;9.454757200449418
135;C18.3;0.2346932251027336;0.028677625884809255;0.20882575551286453;0.2834711659210629
135;C20.0;0.35356995175222466;0.01906234506780797;0.32776998152829173;0.3784495794524837
135;X9.cis.beta.carotene;38.69991869586478;3.5299968480862955;34.00326335929404;43.734632774388956
135;eau;25.6978346069342;4.59042192871975;21.22504374680258;33.01311613685583
135;ratio.alpha.beta;0.8856747506845629;0.053381066127033944;0.8068030612017894;0.9555369027826559
135;ratio.alpha.natif;0.43188175079586444;0.0417844157103586;0.38295126895158055;0.47402200352682866
135;ratio.beta.natif;0.5688849408826361;0.04048519822140096;0.5239552924779336;0.6191763988579094
135;tlip.MS;80.24447852612879;2.541291777485153;76.76973649983385;82.49219310742522
135;total.beta.carotene;316.33145306321103;77.63403999926282;252.60069056706726;408.26002313573844
135;total.carotene;495.399200168853;130.82507358224987;391.803161210627;669.577118147929
135;total.trans.carotene.natif;451.46005453375057;134.06597331768097;340.0784569311138;597.7641686464422
135;trans.alpha.carotene;208.87936855791676;73.25385368706344;154.9606907926027;327.3468476051747
135;trans.beta.carotene;238.35283929216303;55.61808823912033;176.07172804956562;316.57571199920955
136;C14.0;0.40172946359044626;0.09143928836248208;0.2873005074265695;0.5058119323163608
136;C18.0;6.491467587672315;1.4195922660611644;4.576083904858789;8.013263648227907
136;C18.2;8.107448225842248;0.6273064374846706;6.951091356263189;8.617398542067757
136;C18.3;0.36770520970184;0.09607228179231235;0.27848364196713044;0.504625605844979
136;C20.0;0.45213675005697906;0.052167704103357436;0.3988692569279393;0.5035076883237264
136;X9.cis.beta.carotene;160.6207122317131;63.416322815567334;77.30208097761873;225.34788312684054
136;eau;37.334950986266534;12.702465526617996;23.86999768401735;51.59035810136336
136;ratio.alpha.beta;0.8635966015708701;0.15604619584771595;0.7258878108903573;1.104246965018455
136;ratio.alpha.natif;0.4072034004877602;0.024602889784214186;0.38018332517900527;0.44964132680166735
136;ratio.beta.natif;0.5960903334737297;0.026658433310302026;0.5510306722862348;0.6326417045020094
136;tlip.MS;75.57891704030529;4.930606563727912;68.80955092016644;80.84651862181441
136;total.beta.carotene;1096.280910770394;380.54897137567184;565.8441518184721;1481.59006645852
136;total.carotene;1778.8844429272756;454.83639721642083;1008.1931814809659;2123.4309618050456
136;total.trans.carotene.natif;1523.936435927899;367.9881541799587;897.0345960226434;1828.0428124204116
136;trans.alpha.carotene;508.8445883889512;92.01649030381279;404.52030692623254;612.3002977072069
136;trans.beta.carotene;814.6895894709279;370.79322523125546;368.3075354201163;1335.4506374069992
137;C14.0;0.3156185769665276;0.03491692476601543;0.26897486480248906;0.3572572863654579
137;C18.0;7.86783011986993;0.43966550426427964;7.254803571280335;8.579875173794655
137;C18.2;7.618272422825732;0.4857280139498041;7.2021294173355335;8.503172168544687
137;C18.3;0.3230194954278389;0.06307009136553575;0.24007356292197968;0.38789615896522334
137;C20.0;0.5205344751513473;0.014117502660712843;0.5093984915166172;0.5461455121792237
137;X9.cis.beta.carotene;156.6597522678329;63.16445039812726;67.83905694475631;207.86581662939665
137;eau;27.282674263952245;1.7260739810105183;25.004274206350384;30.001563031316422
137;ratio.alpha.beta;0.8912015767959814;0.13076915923359467;0.7184450342548129;1.0760181065976961
137;ratio.alpha.natif;0.39333155554441385;0.024795707590613482;0.36885608747050946;0.42606848140884696
137;ratio.beta.natif;0.6104020368380149;0.023463591117336167;0.5771811084812843;0.636454119806857
137;tlip.MS;80.35660708979434;1.2060657536152644;78.07853364191747;81.35600402584008
137;total.beta.carotene;1007.3956079143971;385.4354167942568;516.1797898935453;1322.0338336198865
137;total.carotene;1578.7337214310671;577.7228582859161;829.4475552791996;2140.6064372778824
137;total.trans.carotene.natif;1319.0749012970919;435.49045663032706;742.0010596668886;1737.3112833361654
137;trans.alpha.carotene;568.6518602330756;239.4876541893351;330.5898264024264;1012.1401773500035
137;trans.beta.carotene;789.0918276274668;260.93569415070493;456.18767970787803;1073.3090815305757
138;C14.0;0.45828391473368185;0.05550418273542908;0.3898368970963748;0.5144579012742021
138;C18.0;6.523388267026143;0.46754538379151794;6.1580272239896745;7.387588373534925
138;C18.2;8.760442659790158;0.3173261393364976;8.464615708700373;9.190806796993906
138;C18.3;0.2467100427062172;0.026334215773466337;0.2139885032175858;0.2707467134934783
138;C20.0;0.46369810971853104;0.01741988154057903;0.4445488565461333;0.4889687717315021
138;X9.cis.beta.carotene;59.0456127715373;19.30636288649384;47.99882620452864;97.59285812333144
138;eau;22.49256350090081;1.5931117702768858;20.8460829549357;24.546627520364595
138;ratio.alpha.beta;1.151476673091497;0.10177931983711977;1.0549996723851967;1.3177821952630717
138;ratio.alpha.natif;0.434646236893598;0.02851510805806166;0.3906968392703882;0.46828313320006987
138;ratio.beta.natif;0.5708731674939514;0.03137782813602632;0.5328011553966175;0.6127235191985667
138;tlip.MS;82.76417008246862;0.9391547489308631;81.44716762882949;83.90298835293093
138;total.beta.carotene;411.9283633384107;155.78125061532225;302.50985664401276;721.3888714981139
138;total.carotene;673.3532343685885;249.69718795859802;458.7978791256391;1143.4434961961817
138;total.trans.carotene.natif;615.5894125371125;256.5577102745858;421.60788740716794;1116.2970998697438
138;trans.alpha.carotene;310.76668459793115;105.80096191869256;214.5404068182364;476.8394237949759
138;trans.beta.carotene;264.4389279300661;81.91101672146031;184.66716265926027;374.664430434641
139;C14.0;0.4365307165549055;0.0561358823357544;0.3870230104081424;0.5147033989064427
139;C18.0;6.222686180702515;0.9714256187888775;5.196865563900316;7.593917586562547
139;C18.2;8.637047982281851;0.24469314965737093;8.297772709508465;8.980833388303758
139;C18.3;0.2931850310216771;0.02178320910817747;0.2655049305795792;0.32427185092132177
139;C20.0;0.4309762163998876;0.04797518501510272;0.365699187772623;0.4938211303644732
139;X9.cis.beta.carotene;140.88037422704596;56.163866337252614;75.76063676241293;219.7572547876838
139;eau;22.874487232454708;2.0381683894580376;20.313332317161734;26.351417740487197
139;ratio.alpha.beta;1.18020275796615;0.15837022603122933;0.9381486797699506;1.405707989378558
139;ratio.alpha.natif;0.4393720073824701;0.017696109621126374;0.42063642968077664;0.4607747391618463
139;ratio.beta.natif;0.5570394452418548;0.01867390822865475;0.5332180395493077;0.5845621555977902
139;tlip.MS;82.04805215399806;1.4794963342981071;80.29910064754019;83.95950167741749
139;total.beta.carotene;782.875790517197;338.9410592351055;444.913324224979;1273.005014260358
139;total.carotene;1454.7448393145332;676.683890575874;716.4445921829498;2339.122872383335
139;total.trans.carotene.natif;1275.0915139143756;565.7338713615358;625.133576617644;1992.1426863938498
139;trans.alpha.carotene;490.6804356604004;72.06807648834821;401.85405721997665;568.4905140351374
139;trans.beta.carotene;469.09064273037296;133.63203887803667;339.97133670097753;636.5361341579751
140;C14.0;0.9977072330816348;0.0926318127439567;0.9080132477539227;1.1473011744344583
140;C18.0;5.031800178062568;0.19132657236923414;4.795661125244872;5.257546584292302
140;C18.2;9.68988778923791;0.2836482685761302;9.34439577427262;10.129934311279941
140;C18.3;0.314374576183799;0.04314730064622051;0.2521015041614402;0.3653926665696754
140;C20.0;0.346089790632689;0.024206056689522384;0.3241506010635761;0.3875977028844493
140;X9.cis.beta.carotene;103.8528904981356;60.7812169653948;40.91242802847148;163.97809859106098
140;eau;25.90791743687895;1.8995574630148444;23.92047214211563;28.403487767339634
140;ratio.alpha.beta;1.1130365067383188;0.25809272823541907;0.8708408552858871;1.4987686414281403
140;ratio.alpha.natif;0.4551521336210273;0.023523565106596252;0.43519275953117775;0.488349823245214
140;ratio.beta.natif;0.547446987526076;0.02775221092373621;0.511921967643459;0.5757524410766353
140;tlip.MS;83.21229176575397;0.5611600002064959;82.35529266179768;83.8386213847047
140;total.beta.carotene;811.4297761275741;492.3259654228877;276.46098161310124;1423.4182726008878
140;total.carotene;1453.1534811061338;966.5304378692061;424.68173765807944;2449.0714268550205
140;total.trans.carotene.natif;1318.1127200214655;832.0900243710217;392.67973319871203;2091.52511918202
140;trans.alpha.carotene;553.2672483341859;351.2786560180596;193.7798274634185;958.1385977017459
140;trans.beta.carotene;538.0417044770649;288.05936305061346;226.3918610447494;823.9625872476672
141;C14.0;0.7403847699012035;0.1264541471100267;0.609308699601798;0.9102699123468926
141;C18.0;5.091835346912893;0.3623578341267508;4.664769162036543;5.615815878823764
141;C18.2;9.736964045959287;0.2439119333515202;9.4845235998768;10.091512361794857
141;C18.3;0.29183471957970786;0.016089308681251847;0.2801500621267003;0.3182342061412023
141;C20.0;0.3255052443464518;0.02472446768088703;0.28178005037198717;0.3406483231507091
141;X9.cis.beta.carotene;48.98249889300949;16.68990015144045;32.77155133560851;71.8827840901145
141;eau;38.43009449862079;6.401080158971199;28.074114424426153;44.19759077546165
141;ratio.alpha.beta;1.0601224046545121;0.10742306112398972;0.9232662487615371;1.2054315517211944
141;ratio.alpha.natif;0.46521134654483065;0.038869101594369806;0.40654785914123953;0.5030633214734798
141;ratio.beta.natif;0.5429929571761327;0.03226009460509315;0.5102803584369442;0.5929217819918946
141;tlip.MS;80.24825967172167;2.014629189032726;77.47960697949985;82.61866081440587
141;total.beta.carotene;262.1341763184911;134.90720601423047;172.88531261288944;492.55108248956765
141;total.carotene;469.3440349452938;221.98292502000203;286.4035668133155;809.5984627736209
141;total.trans.carotene.natif;391.70122699026956;191.283123868563;243.4919960046896;685.2166756209206
141;trans.alpha.carotene;283.6452722337138;188.24835593697827;154.48062847051511;609.1160615287445
141;trans.beta.carotene;207.87810755048946;93.48571278894472;136.74647269100163;355.7149585676683
142;C14.0;0.8949242246981847;0.06970644524642101;0.7723014331993547;0.9409607871723273
142;C18.0;5.018160411099966;0.1097480527073387;4.907764482749576;5.2018882328513705
142;C18.2;9.347701100839458;0.16178299856460335;9.105032442265129;9.490505627533372
142;C18.3;0.2898063662897513;0.009159255645283595;0.2819334262295555;0.30251459677302567
142;C20.0;0.33395426016321833;0.017100818140484208;0.30980481685002476;0.35240258476625835
142;X9.cis.beta.carotene;38.98107335843453;9.796471053053919;27.38823199799758;50.61444107658953
142;eau;32.672301075888285;8.7828922405098;25.491226579811496;47.976362375820365
142;ratio.alpha.beta;1.0378840473630457;0.07449846858109133;0.9352345545811276;1.142953598108301
142;ratio.alpha.natif;0.4191805665990548;0.011350718310655804;0.4120259142535532;0.43917009935024637
142;ratio.beta.natif;0.5787817505999753;0.008797766159043756;0.5642016496051698;0.585707003909351
142;tlip.MS;78.92433506273115;2.76456604360664;74.71819062532111;81.91252886999233
142;total.beta.carotene;171.78110423057498;21.97426875767166;152.64986680072957;201.67563295342944
142;total.carotene;264.4594366123798;39.485218170328125;228.18022674317737;320.1664963281281
142;total.trans.carotene.natif;232.92967135377785;43.49087177921711;196.7842097663883;291.8106931520842
142;trans.alpha.carotene;141.82322685998935;30.998694810544055;116.52258250436745;189.91708223135697
142;trans.beta.carotene;127.22606611452595;22.945353353220817;101.60734195409358;161.0425701381951
143;C14.0;0.7259339513412643;0.05667140510925879;0.6607287033678704;0.811315174859418
143;C18.0;5.120591893445463;0.08926597572317316;5.020348765704844;5.250660155493547
143;C18.2;9.245142844772706;0.5294543391338328;8.32843643943559;9.602044562570503
143;C18.3;0.3041408067112149;0.05949716219679509;0.23137047862376245;0.3923027212276694
143;C20.0;0.308748299097288;0.02419525742103592;0.2767238836909791;0.3394639704866679
143;X9.cis.beta.carotene;85.25372424383772;51.48782379317297;37.67244501261911;161.4278924762029
143;eau;29.123974164692953;2.0439579498991707;26.78508695041554;31.354249408504614
143;ratio.alpha.beta;1.2324752424080372;0.25521460421009445;0.9090173661490341;1.512072480500944
143;ratio.alpha.natif;0.5173498476046092;0.026108137896556464;0.49702990263170976;0.5572998472064722
143;ratio.beta.natif;0.4740473106421887;0.027421802390336997;0.428747952418219;0.4934493277337089
143;tlip.MS;82.94694289416839;1.4574187984756837;81.16375762189064;84.25149163844418
143;total.beta.carotene;536.0726950498093;337.33875290732135;275.5117364822487;1098.7531215682639
143;total.carotene;987.5542125556843;707.2073207973193;420.40032764989775;2152.9093239040626
143;total.trans.carotene.natif;908.5101855498058;651.1070150097052;386.136369224284;1987.36365563842
143;trans.alpha.carotene;581.0329533642482;440.20688355316156;232.4225739783089;1256.0357242422565
143;trans.beta.carotene;450.22061498518667;328.68421373285935;206.28704257388398;1012.0131474236923
144;C14.0;0.8440616223906946;0.12973199638420058;0.6071676761264266;0.9691580030008006
144;C18.0;5.636427062943706;0.9456559916042347;4.98840858088814;7.636749032406872
144;C18.2;8.69947964310647;0.6109060399976965;7.668901841115884;9.47496371155512
144;C18.3;0.40146242046978686;0.044726879617220765;0.3394673515627183;0.44595369094306725
144;C20.0;0.3640996515239512;0.0602092976411614;0.2535467549531722;0.4343275739402248
144;X9.cis.beta.carotene;166.25962101100507;27.36177106824379;117.13152574618198;208.8783386197688
144;eau;33.44836135460912;4.748400741532435;29.472626970359546;43.203071986003536
144;ratio.alpha.beta;1.457083070104401;0.1149700376402415;1.336473684140384;1.6654010629926665
144;ratio.alpha.natif;0.4895020691721282;0.026294750534167945;0.46598203499125385;0.5444364502034239
144;ratio.beta.natif;0.5154174315279978;0.02397203975810306;0.4702647955899995;0.540753603798207
144;tlip.MS;80.44753900521926;2.445759639661775;77.58405856547208;84.63816211703798
144;total.beta.carotene;1223.8594900351193;281.1703819145065;824.1286666526202;1454.2169276028205
144;total.carotene;2221.2382361054974;347.96405928112245;1536.959924990692;2533.629917121416
144;total.trans.carotene.natif;1923.5457092506606;280.9071309773799;1369.6518240004525;2188.2055798421875
144;trans.alpha.carotene;1152.0082299083383;165.38133330458209;843.2759484149577;1325.027310076946
144;trans.beta.carotene;877.0342369465483;203.2984764379139;479.05442531124515;1071.3833956226122
145;C14.0;0.8396537920348249;0.09915167680817599;0.6897682513688373;0.9783213270212506
145;C18.0;5.282265535901297;0.6549024862296706;4.825354290577726;6.591953676371873
145;C18.2;9.001235319842543;0.24613767813152387;8.7331046346771;9.40209042383559
145;C18.3;0.27044278822398876;0.04186705140640552;0.23677735139141032;0.34081363993990543
145;C20.0;0.3625521644589309;0.023836442318444832;0.33829786844707443;0.4012247179753667
145;X9.cis.beta.carotene;42.36284504178341;9.871651827840688;30.298855086388258;60.220468843476894
145;eau;39.55484612510713;7.817287153491759;32.84141509191675;54.1323883118383
145;ratio.alpha.beta;0.905384096731952;0.09762361248609003;0.8309055830442774;1.0837013705408944
145;ratio.alpha.natif;0.4287593214898054;0.010466495733006795;0.4105767136126223;0.44113608852379144
145;ratio.beta.natif;0.5724569939783172;0.012440992119453181;0.5543842810458599;0.5890077540215173
145;tlip.MS;76.99343682999391;3.4840465391908535;72.01456218387695;82.58419524125135
145;total.beta.carotene;293.93185338089467;127.09961256737378;214.90767118347924;548.6280737733832
145;total.carotene;455.2086125603235;202.47623430485908;342.49858244569447;864.7047366332504
145;total.trans.carotene.natif;416.46303246618345;191.73088605886355;318.6419750737094;805.658555108883
145;trans.alpha.carotene;193.3204126445418;102.25467918101494;126.09623265463408;398.7369599801288
145;trans.beta.carotene;307.6636936744681;158.25684808379484;188.701759811345;606.7826700236899
146;C14.0;0.9250476999121142;0.08426648762868194;0.837994919044224;1.0727270079878062
146;C18.0;5.03826520085797;0.23098384179053624;4.801975181026602;5.4014742473434865
146;C18.2;9.301045033450908;0.3376217770590796;9.039571823016864;10.035268450145146
146;C18.3;0.23899810346446476;0.03350878536173436;0.19574145183660993;0.28559695063894813
146;C20.0;0.35186937347648234;0.03329750525885338;0.30542796956895013;0.38068351633291103
146;X9.cis.beta.carotene;34.31564540238195;9.39935471921629;24.35886009192517;48.10817417290601
146;eau;27.85029409756042;1.9921638430656807;24.920375467245467;30.511252545349294
146;ratio.alpha.beta;0.8772187062264537;0.07094088777175038;0.7939798973471919;1.0078128824525594
146;ratio.alpha.natif;0.42705478729116253;0.021191267284112615;0.3932808775392836;0.4571742487046159
146;ratio.beta.natif;0.5748175255743802;0.019973309406025635;0.5508300898631103;0.6087764971732619
146;tlip.MS;83.72764856048575;1.1971941887371254;81.18618147285174;84.63727577151593
146;total.beta.carotene;262.3728700345391;85.76745627693748;178.47903008542806;397.65854867621687
146;total.carotene;409.8243330483222;147.52641222980608;279.86541729569717;688.3464514747438
146;total.trans.carotene.natif;379.2151045937039;140.69121074301003;270.802760301973;648.1526854492221
146;trans.alpha.carotene;186.3282121570766;88.1376819925743;111.19177998792115;349.56767971048004
146;trans.beta.carotene;229.23859814206955;74.15751459337721;137.2262025237002;331.90670222903185
147;C14.0;0.5955366667313939;0.07789796550760199;0.4802782208699649;0.6616122296292543
147;C18.0;5.296501344812332;0.11674825580830125;5.19259827051343;5.487718620767047
147;C18.2;9.128407492336969;0.26938085323658784;8.926844266113024;9.574537100652766
147;C18.3;0.33786485260801824;0.019327389948525574;0.31230969803580527;0.36197420221168125
147;C20.0;0.3472663520803748;0.03204565306054611;0.32139742107674024;0.4007281342885175
147;X9.cis.beta.carotene;121.06042110211142;34.079794852989124;68.51275211092269;161.30384432803797
147;eau;30.04521137294436;3.0335193262294182;27.523177136465762;35.3216582565602
147;ratio.alpha.beta;1.4556080916210674;0.257773088445148;1.0294185589519813;1.7177779220203926
147;ratio.alpha.natif;0.49684985895328654;0.010800840354374732;0.4830795137552034;0.5081849571093013
147;ratio.beta.natif;0.5027374342712889;0.01314554062554917;0.4864630003110293;0.5213325474236213
147;tlip.MS;83.10929538576087;1.6429932634439826;80.34496566866666;84.31887568886101
147;total.beta.carotene;827.7696455155049;247.55263744128143;493.7795785671955;1051.3155898185478
147;total.carotene;1753.1506951893487;557.8888989349058;911.8452261242951;2160.6522254410997
147;total.trans.carotene.natif;1548.9398634579961;462.9184000036602;858.4179017424203;1946.8450618667846
147;trans.alpha.carotene;787.1481348303739;113.73816163600486;606.9596915803621;912.646614211475
147;trans.beta.carotene;609.4304020562703;107.88600115090442;489.3908219680859;784.896880095045
148;C14.0;1.2204489006903725;0.05192720846585928;1.1343076694219982;1.2848056570828141
148;C18.0;5.10689524539342;0.1441128112633068;4.92586960885204;5.291066951453896
148;C18.2;9.830701473419166;0.44360368123130745;9.351938013111548;10.570282619527891
148;C18.3;0.27376472943726926;0.033346670163609114;0.23210754566000533;0.32251164862586157
148;C20.0;0.3492618679415371;0.017707818375544238;0.3197350945591485;0.37501405197773097
148;X9.cis.beta.carotene;67.74426548019646;33.807481292969115;40.26415948044056;121.25164496930898
148;eau;26.159687607838688;1.6140411662674639;23.410737321335837;27.955198000281552
148;ratio.alpha.beta;0.923536138745199;0.09459078226956268;0.8309813395802714;1.0623627055671243
148;ratio.alpha.natif;0.4480007439232203;0.022323535411960395;0.41762474850761977;0.474027627484102
148;ratio.beta.natif;0.5632168594745061;0.024965357709901524;0.5309794790630238;0.6023799236361469
148;tlip.MS;83.38577404167529;0.7620035157646331;82.17551738434997;84.29590113933156
148;total.beta.carotene;487.10190946507424;213.60862666546888;307.8284125719121;920.8713822896259
148;total.carotene;839.6424619900545;463.92977474934713;421.8213718640249;1724.2091082980185
148;total.trans.carotene.natif;770.2525577971467;433.2074026351354;409.1024595704824;1632.861525359926
148;trans.alpha.carotene;473.94287316745937;259.72772285703553;156.41994676282005;865.4496326681244
148;trans.beta.carotene;367.85403592368453;127.11098796678662;253.10746129278883;564.4018829496556
149;C14.0;0.9104358497047826;0.09376277093526407;0.7820397382681407;1.0357464623669084
149;C18.0;5.309248057504958;0.3720670786703631;4.701028600125988;5.638126465087016
149;C18.2;10.095443499606391;0.26058284231965567;9.687894648952309;10.476147135668315
149;C18.3;0.23051760626364848;0.01759539878782117;0.203161424866314;0.2538339272867321
149;C20.0;0.34933664676790394;0.024416136184314964;0.31631780484182115;0.38832524341830177
149;X9.cis.beta.carotene;28.413343642442932;5.380583976892724;22.368862523907183;38.768458315697785
149;eau;27.139505849983305;2.13163814323752;24.05014646017766;30.015009373002176
149;ratio.alpha.beta;0.8721636767946872;0.04648662304349513;0.7990545303881343;0.9289621513465053
149;ratio.alpha.natif;0.4160611160719383;0.023099816158513965;0.3804251502324228;0.44451450317147556
149;ratio.beta.natif;0.5910692647391862;0.018766122985783455;0.5653756226729435;0.6231129046335775
149;tlip.MS;82.983242298361;1.3930638785917941;80.29034764876893;84.45985283694108
149;total.beta.carotene;209.66042223879444;15.32506825112863;184.95173410124153;231.8854471132491
149;total.carotene;322.8892575429259;15.509485435042553;297.8665392271766;344.9886019964948
149;total.trans.carotene.natif;292.4461660615315;18.629640424088834;260.6458033512527;315.05061488637153
149;trans.alpha.carotene;129.25472822337835;6.364723685519108;121.77360903641073;138.13764149272737
149;trans.beta.carotene;183.87574239048877;24.685558823316686;156.85850252447213;220.5929746591712
150;C14.0;0.7910360619650014;0.051068076435259485;0.7275756272644094;0.8522633631138727
150;C18.0;5.26652420372303;0.37244454412982625;4.754246448585897;5.951161247448564
150;C18.2;9.514517847861695;0.28413063786880743;9.214414540268692;9.894335334341157
150;C18.3;0.316392480614694;0.043581906906944856;0.26036779243689717;0.3880712940897472
150;C20.0;0.3728879672278374;0.04590334578425346;0.3093640744978735;0.4593107114757764
150;X9.cis.beta.carotene;97.53349910446056;53.5025345930976;36.046894648042745;181.63239651934288
150;eau;31.68278801391778;5.65586313036206;26.910423629257934;42.79690384152361
150;ratio.alpha.beta;0.990402281733564;0.12752010344904566;0.8548500199600652;1.2225890424618073
150;ratio.alpha.natif;0.4646005807122325;0.039272793797712625;0.40272627717575665;0.5006391180304128
150;ratio.beta.natif;0.5395756969560804;0.039515475720812765;0.5076780292233264;0.5996694590986441
150;tlip.MS;80.36446784585135;2.3526880140624025;76.4549901927619;82.65655826867649
150;total.beta.carotene;758.2604104852736;332.86394265288897;349.5636666527153;1266.8246278570964
150;total.carotene;1403.425291911071;661.610310980261;487.16486487123075;2257.8666823198287
150;total.trans.carotene.natif;1253.630177092976;572.9406429460055;494.81435280168233;1951.5252805535324
150;trans.alpha.carotene;440.3932583163226;147.8176278649471;219.19157259992846;614.9084940449026
150;trans.beta.carotene;548.1984352265407;154.27219776357023;282.8977072984811;685.0044163094389
151;C14.0;0.6045756559696664;0.07901017285575038;0.5186022345747151;0.7349933220528744
151;C18.0;5.227060047082545;0.18438525652558477;4.948485067672446;5.394082931624382
151;C18.2;9.044398914135298;0.5114596451444313;8.109610351494181;9.623090064598848
151;C18.3;0.35655615189851586;0.06189196264396262;0.28299243454795336;0.41530662988724515
151;C20.0;0.42587892458068016;0.03722323982356317;0.38253265113883117;0.470762274468059
151;X9.cis.beta.carotene;125.63010639908731;41.813385579129594;60.935498501940316;178.46594893506114
151;eau;29.42934307702747;2.7236922390080234;27.061782581279463;34.20969670735239
151;ratio.alpha.beta;1.3868001125455962;0.1465610799099079;1.1404810293611967;1.6006305072218803
151;ratio.alpha.natif;0.49032988942302075;0.03251756561092092;0.4503276707824948;0.5501170693183329
151;ratio.beta.natif;0.5163860125583892;0.0302879198360327;0.46110554945293025;0.5488069410682426
151;tlip.MS;82.89158137738018;1.1322004152151905;81.65606371080027;84.25355523127482
151;total.beta.carotene;935.1627287323417;337.8597591899707;462.39478165319105;1276.3865547120818
151;total.carotene;1707.1827373270526;586.2899310463995;877.2008326217917;2487.4849450877896
151;total.trans.carotene.natif;1519.3432489235583;525.0065027101812;809.9556317547576;2207.402556154392
151;trans.alpha.carotene;936.7403131961768;334.86857290287253;505.35936343467506;1312.5182416674934
151;trans.beta.carotene;768.7782796087007;297.85739817636625;313.5444017877407;1097.673795556192
152;C14.0;0.7242535747270855;0.07153966571993389;0.6333905006780541;0.8093374260830415
152;C18.0;5.267674013929983;0.14392922027495877;4.991818197671089;5.401301707819921
152;C18.2;9.424472358113901;0.3953431571546576;8.895493398471093;9.875050724307394
152;C18.3;0.34506981556917615;0.0372169611216705;0.2981961505816271;0.3976417828746756
152;C20.0;0.3480393674061408;0.032901156438189284;0.2905651051010393;0.38122045625317325
152;X9.cis.beta.carotene;115.53776578373868;43.50731199227354;47.40841375910772;160.2586466990798
152;eau;28.97573334394327;5.207599238591118;24.568721849336512;40.27858335725213
152;ratio.alpha.beta;1.362969048631753;0.313152435979311;0.9636215351050242;1.7070398010705443
152;ratio.alpha.natif;0.5117074365618425;0.03547196824358539;0.4447803253854408;0.5550799192612871
152;ratio.beta.natif;0.48383136782726666;0.03645372164143581;0.44116478266387255;0.5510641138372326
152;tlip.MS;82.83139425715501;2.0765798169745975;79.11149653573479;84.99480567072497
152;total.beta.carotene;869.1650281055172;315.13006429031293;418.2516134188229;1251.6482868387634
152;total.carotene;1679.754520017044;650.1869478583824;607.4250154952513;2332.827250810781
152;total.trans.carotene.natif;1479.246647236021;533.1316967694033;597.4768791874037;1991.7075861523374
152;trans.alpha.carotene;883.1428116346771;368.0401461483026;314.267371192865;1300.9210944952456
152;trans.beta.carotene;685.8863793486609;275.1232990588741;306.91387043005346;992.6904430142619
153;C14.0;0.8178977281481595;0.08607942656591967;0.7131992919579893;0.9538692246764051
153;C18.0;5.066412885477293;0.3502963716121158;4.724464477179559;5.673604962524613
153;C18.2;9.263234632909894;0.41948615721044036;8.602918220823708;9.80315159641867
153;C18.3;0.28219834241960595;0.025293109479820695;0.22813258961755042;0.3017368460439194
153;C20.0;0.35766342182609845;0.034492087644679315;0.3165725238481331;0.40195922467651035
153;X9.cis.beta.carotene;31.554692273574915;2.373393016466533;28.0091329205654;34.958794710581444
153;eau;29.305447553845124;2.5317009827270804;26.722853209272692;34.2841783046585
153;ratio.alpha.beta;1.0609509773854975;0.07360184189540464;0.9630326399228221;1.1492237860574253
153;ratio.alpha.natif;0.4610289010779251;0.021146608905718716;0.4333849641753862;0.48914333190333614
153;ratio.beta.natif;0.5418533716579265;0.023767245491705086;0.5104634626138949;0.5701319835971796
153;tlip.MS;82.55933342861921;1.6498753267610469;79.03986811032824;83.99041916662658
153;total.beta.carotene;174.85754058656173;16.86326643993799;155.39680289931644;201.0839752175125
153;total.carotene;287.9459145804982;37.3794355360475;249.72184993671488;341.69483013321593
153;total.trans.carotene.natif;251.6608740921058;37.13040175560291;207.2800638904571;305.0216136207548
153;trans.alpha.carotene;239.68316051348918;111.44401364466303;143.47638764435533;434.361780118686
153;trans.beta.carotene;144.7191425796711;16.110155166761853;125.50266511018714;168.90624866612978
154;C14.0;0.6841588930205786;0.11493014344986772;0.5449289312572451;0.9092433569183854
154;C18.0;5.5873521684174206;0.2509828818286714;5.267689997823927;5.941279352299295
154;C18.2;8.88817583944497;0.5260788813517541;8.081972200603435;9.678567260118664
154;C18.3;0.33357076900723853;0.023655057687075372;0.3025201619418121;0.36088609809807887
154;C20.0;0.37882518697193607;0.05611025544262028;0.3060746316224261;0.4400536260094156
154;X9.cis.beta.carotene;128.43218521112118;38.28012340247043;84.17864091596829;173.23040414340153
154;eau;27.557564404842083;1.8233664841099007;23.84726745859619;29.362036852691016
154;ratio.alpha.beta;1.320797371349686;0.13768960190072788;1.0452764284011664;1.4797296894314773
154;ratio.alpha.natif;0.5121277162236098;0.022796420186530483;0.48167017678438745;0.5471268066003003
154;ratio.beta.natif;0.4899136563750979;0.025499389364223888;0.45069000821544547;0.5204917560817867
154;tlip.MS;83.48063037395993;0.7991630696264665;82.6670174954102;85.17452235707115
154;total.beta.carotene;987.1744732131355;254.98353194432255;633.5310423086726;1303.028281170416
154;total.carotene;1866.4495569964233;413.71722359428776;1191.5338210172379;2448.0888757444704
154;total.trans.carotene.natif;1651.395479007766;328.5242332711315;1068.7400255643959;2120.321203702595
154;trans.alpha.carotene;845.264521301605;242.12789854943654;590.7358936767963;1262.491255257148
154;trans.beta.carotene;687.9885416757521;160.76182202274248;529.2761028042275;939.5261975690609
155;C14.0;0.776902932320679;0.08458828180974282;0.6801022156778568;0.873836450362961
155;C18.0;5.206311757482944;0.1017620756394396;5.052434534536436;5.338068036383724
155;C18.2;9.560194638602358;0.31854274191444404;9.095880968575836;9.895946085235092
155;C18.3;0.28618993672680665;0.019192474441304643;0.2577917687629218;0.30409837622461183
155;C20.0;0.3440183972747;0.04007365971871414;0.2792211542067773;0.3879092001445727
155;X9.cis.beta.carotene;61.02249763549891;6.644128512976325;54.36530830125978;70.90412650529952
155;eau;27.564785733287437;3.0117878732899444;22.49192177258466;29.657028597143963
155;ratio.alpha.beta;1.2252046306018731;0.14945936919147876;1.1096400684279744;1.4857896293600463
155;ratio.alpha.natif;0.49131546619024996;0.027730258528960244;0.46268308619797793;0.5285335444939429
155;ratio.beta.natif;0.5092672680947464;0.01445618116493853;0.49448864476912285;0.5299343505873881
155;tlip.MS;84.41648968773397;0.46284401052076835;83.90578236149743;84.99231906381088
155;total.beta.carotene;416.48123900020965;77.77343128755129;307.97495462134117;518.0948492643234
155;total.carotene;716.3329785496527;143.9304943126427;482.0174544502447;830.7228720026645
155;total.trans.carotene.natif;664.1899833025728;139.97612536802598;456.87451543586104;829.639239515856
155;trans.alpha.carotene;445.35309004960726;74.6205385826181;374.2957757448834;549.8122775904594
155;trans.beta.carotene;327.5171227208749;43.44335206460313;281.0168563649721;390.8052513387616
156;C14.0;0.5674919649620932;0.13598229811236062;0.47505411140450415;0.8573720828798965
156;C18.0;5.5122395007763325;0.7805220375167075;5.0320588960585635;7.243447010446888
156;C18.2;8.801061993196756;0.49619219306143714;7.885590933375082;9.416233232837744
156;C18.3;0.2708593068242113;0.02051301557323537;0.2529277467029189;0.3114937949851473
156;C20.0;0.39725315622255003;0.03985456151138692;0.334909279650416;0.4426765808944298
156;X9.cis.beta.carotene;49.25565205661111;14.783109288387747;35.65387270464157;73.56939071984561
156;eau;30.137632544014448;0.7069431548141007;29.62876809466752;31.47896800973264
156;ratio.alpha.beta;1.061546104364456;0.13334383845594547;0.9240009056350194;1.252757762834979
156;ratio.alpha.natif;0.4358837860742497;0.01963699599837131;0.4033498770672962;0.4603939854203898
156;ratio.beta.natif;0.567588565054807;0.021198178579858666;0.537988135404704;0.5987729001531743
156;tlip.MS;83.502172195722;1.0965048418927625;81.67153606239901;84.81672674538883
156;total.beta.carotene;340.2058186949639;119.64595911308898;224.0749592699271;530.4898420557132
156;total.carotene;554.1449836550014;270.26114964094;345.98328134166826;1023.3866743572474
156;total.trans.carotene.natif;497.21675300391524;228.88932432409757;285.07060729213754;880.7767792145368
156;trans.alpha.carotene;290.4063015287957;150.14619877134544;137.23429734299248;506.73903874140444
156;trans.beta.carotene;249.9447024714697;69.94879276056446;159.21384091832184;359.6476477292121
157;C14.0;0.7954072487059466;0.05785371822604535;0.7103537624014064;0.8735657090642966
157;C18.0;5.525755631103;0.4657164759541762;5.0948474560770505;6.232268693919057
157;C18.2;9.21262534231739;0.28930819599755053;8.779529055100413;9.617790850928497
157;C18.3;0.329132829233881;0.028286710755076484;0.28883254519167584;0.36714956538876153
157;C20.0;0.34357422327661624;0.01592441249231841;0.32313449651276094;0.36073220733319106
157;X9.cis.beta.carotene;119.78836406174537;37.75480947547494;66.90453172219553;159.3477925270688
157;eau;34.27214615883437;3.084572210500498;29.777071552287318;36.98933983427094
157;ratio.alpha.beta;1.2814358360963654;0.2652674294126449;0.9329259829712061;1.5650921966155167
157;ratio.alpha.natif;0.530271798477611;0.02357940076794284;0.48521330390944883;0.560782671138427
157;ratio.beta.natif;0.4705802032768717;0.023678268811614892;0.4466317561951873;0.5148271533199695
157;tlip.MS;81.63761204336217;1.1113784883136335;79.69947547006034;83.24589237223756
157;total.beta.carotene;1011.7213478295159;230.04239171537594;676.9486039271214;1261.6123531292346
157;total.carotene;1936.7082649510899;547.621513009422;1154.7981238720995;2498.110878926011
157;total.trans.carotene.natif;1721.374282708068;436.084158136699;1109.010705317649;2215.457398623421
157;trans.alpha.carotene;936.0920856568046;347.46358502181647;541.9310309865891;1282.7685285950429
157;trans.beta.carotene;740.1140556875577;129.03981492086245;538.3518653465712;918.962866785183
158;C14.0;0.9469809469789702;0.10200734406300523;0.8313428259063764;1.138301147697687
158;C18.0;5.709847931742924;0.3826265415292675;5.218584264250322;6.300302432727849
158;C18.2;9.407624082859316;0.15997614130601723;9.278548974899897;9.684484163127944
158;C18.3;0.2752495402915327;0.023238493689208863;0.2318576666126851;0.2998993480921175
158;C20.0;0.396524289046065;0.030328352383747342;0.35108791044321935;0.43784597098450534
158;X9.cis.beta.carotene;47.36717802697382;14.109660662952738;28.2577573765341;65.52300018715734
158;eau;27.86022701925145;1.9310916357464556;24.608247384965075;29.97052778139497
158;ratio.alpha.beta;0.9609108081422807;0.05636563009711332;0.8634254024746018;1.0114204175308896
158;ratio.alpha.natif;0.43849588881309254;0.04587981939508383;0.3789158507972279;0.5076771484193656
158;ratio.beta.natif;0.5578065548407063;0.04246890066259448;0.4919829757399413;0.6080472749938087
158;tlip.MS;82.26102613417508;0.9734991155146347;80.7595969361841;83.30541373259976
158;total.beta.carotene;369.13921608092625;116.68533295012587;227.96923377580518;489.78806337056113
158;total.carotene;620.225667948105;247.31806212929308;336.2933235949077;850.8903813260138
158;total.trans.carotene.natif;563.3280134066396;221.99408317492947;312.24343393550026;769.6446930652357
158;trans.alpha.carotene;285.45830798805036;161.37911941221057;134.60859970888563;528.1253044310893
158;trans.beta.carotene;319.9109460168484;93.94418429804827;213.77078055602215;445.7436007164404
159;C14.0;0.783182664376367;0.07860985048806644;0.6296870557958069;0.8504466718856094
159;C18.0;6.1078050726377535;0.6081062854309194;5.264570739946247;7.106199233926561
159;C18.2;10.056434459556575;0.42451597206423985;9.287591337606033;10.533185903291846
159;C18.3;0.25744034805636135;0.01767303594363515;0.22962066473278184;0.2752043239919253
159;C20.0;0.33959764925159713;0.03874793100745633;0.2840261910840571;0.3800031966482384
159;X9.cis.beta.carotene;40.78666753927525;4.33372658815839;35.609420328101585;45.43429054617614
159;eau;29.084051398611603;1.2339283620389838;26.767496897874025;30.04456217325092
159;ratio.alpha.beta;0.8866271973844378;0.08062898200587294;0.789283832198945;0.9927078241642012
159;ratio.alpha.natif;0.4306759104985844;0.016840510695510413;0.4047275298001327;0.44894855175193393
159;ratio.beta.natif;0.5748349730645311;0.01747483204341741;0.555434899760426;0.6008722167558315
159;tlip.MS;82.43162427842223;1.1156228026064747;80.18722716396746;83.2056775445875
159;total.beta.carotene;335.01579040328375;84.06724585751806;221.7588456878094;438.3995138984456
159;total.carotene;535.8564415770383;193.11206785320906;341.3179383863038;813.508160968112
159;total.trans.carotene.natif;491.70134509026883;163.92692321272696;323.8383926379348;710.259404474883
159;trans.alpha.carotene;212.8109952284265;72.37675396434355;157.9195812539534;312.1775757951619
159;trans.beta.carotene;303.74440428846265;85.33543666388864;217.60934283315027;415.9779453904596
160;C14.0;0.9813628793219665;0.07520460342368553;0.9221471085175837;1.091442879568276
160;C18.0;5.100593782488594;0.15052442519682013;4.959093380941158;5.264737150800288
160;C18.2;9.423440782404352;0.6252700584383888;8.57113524186589;10.423076595273374
160;C18.3;0.2883017111911301;0.03810667351589127;0.23803276131574969;0.3277707406678182
160;C20.0;0.3513459664013123;0.01593940019326545;0.3301296107976346;0.37604413078836507
160;X9.cis.beta.carotene;90.15846928635415;54.11379572747098;31.362073614184766;146.65197450096096
160;eau;29.132215007927456;1.8516221806604976;27.26289995097968;31.78575579440045
160;ratio.alpha.beta;0.9668561833867088;0.13905437559161407;0.8190317727714002;1.1404159691148827
160;ratio.alpha.natif;0.4666205473147275;0.048268291216761;0.39774220201094046;0.5263008818921223
160;ratio.beta.natif;0.5355217695692044;0.04538547131138499;0.48263288583429104;0.5903123609524885
160;tlip.MS;83.4695882251993;0.5929815694679825;82.68848300252299;84.4122184042364
160;total.beta.carotene;660.6007211919565;401.9680112790761;248.14981136544148;1106.276771514089
160;total.carotene;1216.2533440933616;834.612556057662;336.6399893351769;2108.088862356589
160;total.trans.carotene.natif;1120.9296827580683;760.9838713903852;321.5543786332877;1969.301360678752
160;trans.alpha.carotene;458.6919826680869;307.8418904279755;122.07287332429257;825.0682217703466
160;trans.beta.carotene;476.74476982230175;230.30498109601712;215.3228505674066;720.046891446071
161;C14.0;0.7871688144158908;0.14707019355727566;0.557336376479974;0.9221058187490174
161;C18.0;5.162251204106964;0.37121721770504534;4.780188561841486;5.926101965459932
161;C18.2;9.405002434851882;0.4186928452378696;8.646871550710255;9.876308788916832
161;C18.3;0.2767279653275505;0.024093872543133412;0.24751301846309215;0.3166513372909079
161;C20.0;0.36952512840416535;0.04007203411372916;0.33948344340054315;0.4578706587494268
161;X9.cis.beta.carotene;59.522835958123046;11.085729155013224;44.65675914248583;73.1931236175336
161;eau;32.10085733959634;2.2298242190883;29.341851220320162;35.432627110490095
161;ratio.alpha.beta;1.034893539652477;0.11205339116440781;0.8578433255305277;1.2057424047383756
161;ratio.alpha.natif;0.4564106381675514;0.031219814806468002;0.40734916282216;0.4909251129080948
161;ratio.beta.natif;0.5431070373892094;0.03416366474942808;0.49733576769120097;0.5888424958465226
161;tlip.MS;82.06172051324509;0.793425419080654;80.5641847944832;82.72224794207357
161;total.beta.carotene;420.26044141582827;95.48095634840676;294.78171966172863;519.1990227116568
161;total.carotene;739.2111218842493;232.82028274947024;465.2628612907505;978.852579434592
161;total.trans.carotene.natif;656.739905600457;194.83866120990544;414.3752946794555;860.8893476724405
161;trans.alpha.carotene;369.415775534341;147.19159049817213;168.90666814036697;547.7094346808212
161;trans.beta.carotene;345.4751776326815;73.02057155461146;249.11534611043015;436.69509963049757
162;C14.0;0.6792504135855947;0.0471969150678712;0.6329775949246327;0.744866781298413
162;C18.0;5.373000028696051;0.0760213923934066;5.2891859920345095;5.478767038221515
162;C18.2;10.08244366113739;0.24900577586046435;9.714408125213652;10.469589318151874
162;C18.3;0.28709515839064426;0.022235194583442346;0.26405201638519793;0.32733026597483045
162;C20.0;0.3842532299334292;0.018062548220217082;0.3645480718878619;0.4130966559520904
162;X9.cis.beta.carotene;72.69794892356849;31.229818324117772;51.638721431082466;134.15594741706366
162;eau;28.92680198545116;2.482698405327895;25.856479043615327;32.19323552233463
162;ratio.alpha.beta;0.9881539745381062;0.016388873186008745;0.9669796236967824;1.0093785767072
162;ratio.alpha.natif;0.4957173212021457;0.02568452040723839;0.45183027753596755;0.5180680623924715
162;ratio.beta.natif;0.510327447203964;0.025767641840756757;0.4899120584699323;0.5584822406490575
162;tlip.MS;83.51787563165259;0.6295111492064449;82.68931301551811;84.1791269424196
162;total.beta.carotene;531.5907767777481;261.71344675804517;333.3568098853115;1042.3850238671387
162;total.carotene;1012.3943213156576;565.769204756945;593.0763869267203;2137.730049764385
162;total.trans.carotene.natif;919.8570356662964;500.43761247685575;557.0156451782211;1915.354852879621
162;trans.alpha.carotene;458.5203547599096;234.41633248131606;271.18838490347406;914.9547773753773
162;trans.beta.carotene;396.35282202013445;145.65343603394848;297.91383724080225;676.3081909490559
163;C14.0;0.9109450282713532;0.1103225549257694;0.7832704923862314;1.0875807249229523
163;C18.0;5.420203703095148;0.48098157324596824;4.702539761361943;6.105477283787641
163;C18.2;9.569960761573247;0.21447974473836992;9.14961597738089;9.75091662280751
163;C18.3;0.268352205962388;0.019849457981570374;0.24566416099325913;0.2976059291730344
163;C20.0;0.32746158626783944;0.020382901200897238;0.30339606241939254;0.36532630360120066
163;X9.cis.beta.carotene;29.085202776804433;2.8208155557638843;25.513529336954868;32.987263895426445
163;eau;37.00578173422548;5.604844568503539;31.079906160816535;46.068978484850376
163;ratio.alpha.beta;0.9953613714715281;0.09372707658557221;0.8823716796296776;1.1198179851519316
163;ratio.alpha.natif;0.4076424808547539;0.010309675376643757;0.3953764150572009;0.42575992744980196
163;ratio.beta.natif;0.5936907848559209;0.015406237892876916;0.5723478103722952;0.6162778209688623
163;tlip.MS;80.86266544816861;1.8721469075689576;78.35295796995025;82.6531226136276
163;total.beta.carotene;188.0272920650772;15.047723958799383;167.57338823014445;205.4425312328327
163;total.carotene;305.494005275744;33.42193127368238;265.4022970826728;356.6040761188238
163;total.trans.carotene.natif;270.2674753643109;18.303405418035634;246.32052448823976;291.30091050831965
163;trans.alpha.carotene;125.84734281246567;8.694120158208936;114.0812158620271;135.99633928131897
163;trans.beta.carotene;194.82548394075744;24.486275695470855;169.1129153671305;229.04542998866924
164;C14.0;0.7192868352184648;0.09026130068623936;0.6465215700248678;0.8844004347540851
164;C18.0;5.565454702235797;0.40605180661468937;5.210500504771123;6.168820045864546
164;C18.2;9.288469876380976;0.4808788670197726;8.802949740418661;10.030615108889853
164;C18.3;0.27808457363518546;0.033330541721516456;0.22883630953825793;0.3129068031832227
164;C20.0;0.33517487174130184;0.02269485618016028;0.2990605365697656;0.36762220832208925
164;X9.cis.beta.carotene;71.29052624124787;27.688498005437914;41.80785962971071;109.11862438902847
164;eau;32.20090593750516;1.5698464335652735;29.75604532173669;34.35188988800554
164;ratio.alpha.beta;0.9309010850697256;0.07064455854687884;0.8518349869872682;1.0506137059502783
164;ratio.alpha.natif;0.47173003250407314;0.022094324832107944;0.4265973760868927;0.4954078633294621
164;ratio.beta.natif;0.5315846852719078;0.016730936160349638;0.5182007587020983;0.5674970719165219
164;tlip.MS;82.84258521648151;0.6906998877975804;81.70569736158518;83.61795102385638
164;total.beta.carotene;482.3609046986139;137.90901971603137;294.25345551593654;657.4859161762782
164;total.carotene;861.1350078704279;277.8360920287179;419.538175851978;1155.8066608962563
164;total.trans.carotene.natif;734.9686794269093;211.89995453766198;403.12441591938665;972.6084857561557
164;trans.alpha.carotene;406.83089830565143;143.63991238375215;204.23033079428137;612.452059708509
164;trans.beta.carotene;435.5190541561506;124.20096032004201;287.9877658998519;581.2709217849895
165;C14.0;0.9202329728660477;0.03605067640275188;0.8720493307609565;0.9641481649079261
165;C18.0;4.643249233935923;0.11037193493740746;4.551917135997626;4.826879205035147
165;C18.2;8.763989301245696;0.20121264252143553;8.47345672976288;9.038681555735929
165;C18.3;0.5083799952745209;0.025832364791829338;0.4678922587224726;0.5442506257892492
165;C20.0;0.36064686130820006;0.03185698673917365;0.32659762153573973;0.41203288213198275
165;X9.cis.beta.carotene;178.05552444354103;12.547210001733001;158.84007379677246;197.2618432019318
165;eau;50.84941424457569;4.71143210195491;41.82725862089898;56.997332295352386
165;ratio.alpha.beta;0.9544296511157293;0.12474867708588538;0.7896713202917598;1.1740619023159147
165;ratio.alpha.natif;0.4057137504434502;0.020544632476781725;0.37826941000939307;0.4393283651632583
165;ratio.beta.natif;0.5926071449924251;0.01837765748290723;0.5681655750886733;0.6175194017904784
165;tlip.MS;71.65298551599072;2.9245265876144324;65.32857798351154;74.09060369276949
165;total.beta.carotene;1593.2199877208507;86.98462621526572;1445.5253093894505;1693.5559939060095
165;total.carotene;2579.076308691538;157.0494784678739;2346.594225179388;2819.4048228809133
165;total.trans.carotene.natif;2232.498487688693;135.08998841870286;2050.2795446297214;2483.424814392233
165;trans.alpha.carotene;781.616239007217;148.29377052445648;632.3233816981134;1073.2205356332724
165;trans.beta.carotene;1265.2938241332918;140.1840170458249;1039.380485994811;1401.9738750774254
166;C14.0;0.7785964555361659;0.05727323913774735;0.7030677873938298;0.8437784770967928
166;C18.0;5.22939344881509;0.07746513741048976;5.1329041693531465;5.330895052749131
166;C18.2;9.051602935534621;0.5325326124194876;8.451396958448434;9.644462514406962
166;C18.3;0.33653418884445174;0.06767736613993065;0.27977940211883945;0.444923311437357
166;C20.0;0.33723303565853846;0.02098856841991494;0.3193413884348611;0.37372990358259833
166;X9.cis.beta.carotene;101.97813643126337;55.47609297700587;45.22760332103034;168.0634629958121
166;eau;29.98613414064941;1.3090331514451736;29.046095239015393;32.355952750508855
166;ratio.alpha.beta;1.4534907876219085;0.30888960029203333;1.1431649054610205;1.7465113977205335
166;ratio.alpha.natif;0.520428092945937;0.015801489126107956;0.5066963953415098;0.5492226673312042
166;ratio.beta.natif;0.4741373238353815;0.013902465116331034;0.4497222221008112;0.4916764368763286
166;tlip.MS;84.08810145499726;0.7917922046979957;82.9088822465293;84.98117847766407
166;total.beta.carotene;766.5265696220596;469.33683148505656;343.5747868535955;1437.8785586735437
166;total.carotene;1473.4288742842616;980.9797520271894;507.99740203346823;2771.8699405269604
166;total.trans.carotene.natif;1346.9168572969527;880.2639778766866;477.2120170261437;2479.2748081145774
166;trans.alpha.carotene;767.2522450946302;390.63228339216903;332.56244058296943;1220.7698550048
166;trans.beta.carotene;554.4562275583745;308.0403292340907;268.54562771968864;939.6446306745684
167;C14.0;0.7001552152864505;0.10769331048578261;0.5914538007057485;0.8445011388421816
167;C18.0;5.513434701720031;0.5114571179102138;4.986021584688254;6.197628927076956
167;C18.2;9.221886441752568;0.44783152758733874;8.714397947735614;9.891490947688805
167;C18.3;0.32947378438707614;0.04478798428009571;0.25095700305272506;0.37495482318167084
167;C20.0;0.42358220089343374;0.043535096967837104;0.35284676273858123;0.46431866480723066
167;X9.cis.beta.carotene;118.17927490721623;48.57967274489247;64.64519682175626;167.2933133277967
167;eau;33.22530009953426;6.0426112829744305;26.861983226720653;40.583153668912495
167;ratio.alpha.beta;1.115310949930049;0.0857378029652408;0.958540343111974;1.1964350451434576
167;ratio.alpha.natif;0.4667070539042952;0.020164806297972564;0.4325819396461871;0.48819933671249593
167;ratio.beta.natif;0.5391120797225557;0.01915176819833315;0.510788026759274;0.5648925546590626
167;tlip.MS;82.97795579860916;1.1213287199071562;81.87939661149423;84.38520117885527
167;total.beta.carotene;776.6045333612823;296.96384685264957;482.52679340803274;1238.5241641881096
167;total.carotene;1448.7950194218345;510.9477018414613;897.716537180243;2248.3785386999157
167;total.trans.carotene.natif;1226.1551874503966;413.9362599741;768.5469239935222;1826.5572803350783
167;trans.alpha.carotene;786.1566506554635;293.42166382579654;396.8230939466564;1120.4522707486472
167;trans.beta.carotene;605.8689888592912;215.81110179299225;366.02589923480724;915.6930815962028
168;C14.0;0.8634579538597918;0.17746611437556195;0.5599575618637346;1.0614888313005924
168;C18.0;5.301068347087207;0.43690365947206505;4.9785048731268295;6.230738000422434
168;C18.2;8.845167855818882;0.4638442324270073;7.883002585590514;9.289262653920355
168;C18.3;0.28118765021575315;0.03992635692026391;0.2222952417273711;0.32976606831911914
168;C20.0;0.3627651761930615;0.054749991589477055;0.2926291656805655;0.45312799583568414
168;X9.cis.beta.carotene;74.87159900526389;41.605996288226436;33.33818277256342;155.42067122070603
168;eau;27.806154556213354;1.9418873674263688;24.94505557428246;30.001032240092623
168;ratio.alpha.beta;1.137608203589211;0.09947277057619129;1.0220394975054488;1.3258872690266497
168;ratio.alpha.natif;0.5002016787120376;0.03693875815167847;0.44421900670227693;0.5655247783448051
168;ratio.beta.natif;0.5056307957922439;0.029210341655497005;0.447686942503137;0.5422170766264659
168;tlip.MS;84.02164999645386;0.5200516660429992;83.34933275374905;84.87421402572905
168;total.beta.carotene;556.9555039815478;312.0479089508908;247.3620843662178;1161.3661821237404
168;total.carotene;998.1494833219042;586.5141818227901;371.1278185662528;2115.8033533399444
168;total.trans.carotene.natif;878.780108858186;511.9596893685497;331.04063899773706;1862.4687714878355
168;trans.alpha.carotene;543.2480990763622;327.7557503473884;139.51878250002187;1131.7644601613513
168;trans.beta.carotene;404.18808747974424;221.21360008841916;187.39004073346487;856.6750589958175
169;C14.0;0.757929817981579;0.09256849575111914;0.6415262946675128;0.8548284046343222
169;C18.0;4.939746991341211;0.31677081706938764;4.475844505524131;5.247003368700621
169;C18.2;8.884297248381332;0.2669931964937934;8.522810109652914;9.14249449450495
169;C18.3;0.3782300783609856;0.11035366389038044;0.2909931938437631;0.5375203437493812
169;C20.0;0.3085117463577839;0.027909038706363576;0.26884163781265363;0.34461210834745015
169;X9.cis.beta.carotene;109.13667757691213;59.87972290008951;47.700621514605174;181.37733719095624
169;eau;44.33773897610955;10.018071523603405;35.55665460976463;58.413590900595146
169;ratio.alpha.beta;0.8350856082130323;0.10078539481505411;0.7451735707849114;0.9853024817186967
169;ratio.alpha.natif;0.4296516304249775;0.038709866340183655;0.36828284826202434;0.4675818719705196
169;ratio.beta.natif;0.5668483999979712;0.04104767590854949;0.5315849608881368;0.6365985190505142
169;tlip.MS;76.07126688557075;3.7138027442033263;68.82727254112133;78.77159079839568
169;total.beta.carotene;913.6987744442929;485.2245559396015;419.8544712892706;1548.4138945588645
169;total.carotene;1497.7833432914065;674.329737731074;789.344614112175;2303.091234399961
169;total.trans.carotene.natif;1286.4979292744363;582.3000650333479;639.3578327016763;1986.3301611910795
169;trans.alpha.carotene;612.1586530870925;270.9844182364699;342.5940645379148;1051.7001737962617
169;trans.beta.carotene;776.6114890926134;413.62676198372714;396.7714176016923;1353.98991563916
170;C14.0;0.624004690006541;0.040160667235237646;0.5769130758635984;0.6790643626413274
170;C18.0;5.850502335587457;0.9284184718466217;5.231092972720811;7.467875775550865
170;C18.2;9.25313473666048;0.7419726667362214;8.115794843214584;9.93665084169387
170;C18.3;0.35011573285918807;0.04984892684165127;0.2939055401319206;0.4267957948519791
170;C20.0;0.39007036352142155;0.054288384469266225;0.30782354773753356;0.4583622563585189
170;X9.cis.beta.carotene;121.43689522379569;36.78376144107926;58.049056335361094;150.241972429827
170;eau;30.218860672307507;3.305140381894568;26.77576264903686;34.461870246016595
170;ratio.alpha.beta;1.4330753501664941;0.24371919409259632;1.051354593741617;1.6244908456021683
170;ratio.alpha.natif;0.48039685335550075;0.03322267463530743;0.4401998907196695;0.5211398147073646
170;ratio.beta.natif;0.5245063323922434;0.03237898173340533;0.4780775965328279;0.5633403706259899
170;tlip.MS;82.03821319026346;1.630705711125143;80.22820197774188;83.71030731522582
170;total.beta.carotene;874.8705319475132;264.68326488696965;544.035324047387;1161.222110565659
170;total.carotene;1658.7424832149613;465.84469601263464;989.6707189737191;2254.1091808484357
170;total.trans.carotene.natif;1455.8655473519705;344.62334480383464;967.7664132364833;1891.3760782218205
170;trans.alpha.carotene;875.6509635290852;220.598412055447;645.4818310553445;1223.4595345954604
170;trans.beta.carotene;679.0017817951078;274.4936339244566;374.62659663646946;980.5914124917114
171;C14.0;0.7526008702370935;0.14117630962841735;0.5588125261352186;0.9594666993532406
171;C18.0;5.331077308780758;0.4332393079305779;4.9735072877580855;5.944711934326889
171;C18.2;9.828325074033593;0.7658306330463696;8.600147182794842;10.56508821924423
171;C18.3;0.26068312316512354;0.03291620554050543;0.23186108611580117;0.3207779156787015
171;C20.0;0.41786021400342976;0.03614354205098726;0.3618520036668555;0.4666431003703246
171;X9.cis.beta.carotene;52.41028869499724;43.04165454612786;29.709100239211324;139.80478944936044
171;eau;29.201724980355436;2.3316407469029734;25.401554181372635;31.74405447892826
171;ratio.alpha.beta;0.9899043104654958;0.058478640832541076;0.900298063862618;1.0694269513460022
171;ratio.alpha.natif;0.42332905011818367;0.03186888104792444;0.37904207756870123;0.4691152463867072
171;ratio.beta.natif;0.5696207299508624;0.036150537706853045;0.5232809578291149;0.6259021089528426
171;tlip.MS;83.1894731278103;1.0656168741121923;81.88024196088176;84.32419297435148
171;total.beta.carotene;324.34178673537906;239.18107413038024;179.4177408333035;802.2982980399739
171;total.carotene;531.7591437018218;462.3929337242488;270.73561402786385;1466.0960984454803
171;total.trans.carotene.natif;468.56413099165064;384.81786381762817;244.67179974844086;1243.3340869161298
171;trans.alpha.carotene;247.84738507756785;236.8233400986199;118.14660846380929;727.7301639823537
171;trans.beta.carotene;229.00432445863024;147.86384892149815;141.27935535845768;526.55935430991
172;C14.0;0.8028385025429824;0.09316069443606169;0.6525678226499995;0.9015065831072185
172;C18.0;6.040672055929845;0.16494553543313822;5.754759424392869;6.168582999128794
172;C18.2;10.24088685826628;0.45149392248433834;9.486896598648048;10.64378869051297
172;C18.3;0.27583344979183005;0.027181933395370998;0.2411274117010476;0.298274231838066
172;C20.0;0.3991406005299817;0.05448702509938265;0.3369938391124306;0.46070053814484224
172;X9.cis.beta.carotene;37.020349635901724;3.3705261286922794;34.34679751759688;42.65787348170111
172;eau;27.311066496266807;3.1098475920582214;24.232767135921772;31.239871368588073
172;ratio.alpha.beta;1.0682915309964716;0.12922008427772588;0.9021277364663791;1.2155585740410517
172;ratio.alpha.natif;0.46468629692007124;0.01642323949581727;0.44116290663717406;0.480595305874127
172;ratio.beta.natif;0.5318046588261613;0.018936661302167278;0.511221694431422;0.5522663753801956
172;tlip.MS;83.33533363402094;0.5291987275780011;82.7152739584399;83.99492468137271
172;total.beta.carotene;316.7761544830662;97.09104909925011;193.5598306858697;438.811926944687
172;total.carotene;523.1017242216942;203.30393760725096;339.3635160620521;799.2432324466738
172;total.trans.carotene.natif;464.4170570476005;154.39198026114963;311.06812205924706;659.1271946535119
172;trans.alpha.carotene;221.28809807232696;58.28643016031539;168.2358198332656;307.5108475749413
172;trans.beta.carotene;319.8242707803432;82.83242826214045;208.43262689000719;414.35262716987586
173;C14.0;0.7948616568244704;0.040455665315809596;0.763369082545512;0.8607786234039766
173;C18.0;4.87127078349804;0.1688724356045433;4.7012526958965;5.13986063489904
173;C18.2;10.153272117468871;0.5404544452015563;9.42429995568795;10.72889319563945
173;C18.3;0.2336493704431155;0.018579440243139633;0.21280796424347237;0.2512227713450518
173;C20.0;0.30237644849878126;0.030589463872484693;0.253023982526084;0.3338369102764285
173;X9.cis.beta.carotene;31.385226537132258;5.464775656553756;26.893792113350727;38.136223655900785
173;eau;28.778203260601334;1.7665615799437777;26.892242721596357;30.55065219193858
173;ratio.alpha.beta;0.9605530869506195;0.022713031020306383;0.9437559242354335;0.9970305458207135
173;ratio.alpha.natif;0.44576175959999864;0.030823469934951067;0.42194785243300087;0.49491806979236863
173;ratio.beta.natif;0.5543514131200611;0.0334930372140457;0.513226633891149;0.5868557048798066
173;tlip.MS;83.318404712075;1.601634926834828;80.48238418634881;84.33919411963221
173;total.beta.carotene;214.04317069992211;51.37923554468286;164.68523365466746;295.60385421595873
173;total.carotene;315.50300151588345;50.04930252932751;259.56109225436927;389.8338740181524
173;total.trans.carotene.natif;296.39867426797906;71.8487143711779;239.50666863744402;418.3492014646042
173;trans.alpha.carotene;146.6464451950231;26.082080729361632;121.8971154824731;187.2086075835704
173;trans.beta.carotene;173.147731361972;19.88068023440064;146.54341604381597;201.92622307902283
174;C14.0;1.0213374359343894;0.0632538934938546;0.9520100901729783;1.0927864580365942
174;C18.0;5.1076769691077715;0.1094480934028178;5.010815635054278;5.293795632559766
174;C18.2;9.215326987310167;0.5827200140304557;8.6751008800602;9.949216996242143
174;C18.3;0.2997654787238373;0.048480937600014935;0.2523454412868778;0.35537254628895015
174;C20.0;0.37107954522841363;0.0102750706392471;0.3572605091108037;0.38189067927099296
174;X9.cis.beta.carotene;84.92510581041931;62.41294926134315;37.773379341206585;179.0384926078585
174;eau;39.03181250438178;2.016895129488209;36.289036595892455;40.74513729247769
174;ratio.alpha.beta;0.8845025217215259;0.1637964440811211;0.7453805761061731;1.071425002649497
174;ratio.alpha.natif;0.4247834048336799;0.03471741032075113;0.38808805415643005;0.468776454182523
174;ratio.beta.natif;0.5748031134606352;0.04125342378076587;0.5204036598630332;0.6130261239443173
174;tlip.MS;77.69835280623208;1.4020696928419114;75.70898293400433;78.91446994340814
174;total.beta.carotene;603.2359672998257;399.49611069208686;243.17899288343568;1210.9245048261046
174;total.carotene;1003.2895286934611;690.9844668061478;379.36377521786045;2060.1207835730734
174;total.trans.carotene.natif;893.1143057974077;599.7933607328645;347.4289680355098;1804.2855687791534
174;trans.alpha.carotene;403.53469155163873;243.81693978477216;140.62887961973775;662.7677007198101
174;trans.beta.carotene;469.63309162419455;263.5364122526527;225.18407484972514;874.8146676813548
175;C14.0;0.783642023416818;0.12225497399388152;0.6407547767704247;0.964766631540192
175;C18.0;5.476893517700796;0.3156133512245573;5.239222455978745;5.936650123036889
175;C18.2;10.06791001162059;0.4652979425001016;9.408413482259231;10.562804672960421
175;C18.3;0.3126535132919156;0.04389771664604467;0.24586817701038435;0.36225338862983797
175;C20.0;0.37719029632985535;0.025641251564385105;0.3410636330819054;0.40237316717032523
175;X9.cis.beta.carotene;78.00908894647003;52.402563092599;33.288956718076356;152.7688676560059
175;eau;33.241366541430935;4.0694896582998235;28.432471968543393;38.40256197193461
175;ratio.alpha.beta;0.8835701216598528;0.09452716999521944;0.775102111942163;1.0297200730777398
175;ratio.alpha.natif;0.44432767304635934;0.03194142480322472;0.3962705177773716;0.47424115698813013
175;ratio.beta.natif;0.5578011093590822;0.02809320932600567;0.5296311376567736;0.6000271651481182
175;tlip.MS;79.66549043489321;0.9286079220355387;78.30738959254415;80.76372525272657
175;total.beta.carotene;671.9561479307857;511.37980252719206;190.00694428270862;1424.541486116062
175;total.carotene;1188.441736318318;919.5258981688213;344.8705214056198;2541.03475702083
175;total.trans.carotene.natif;1036.622686015777;782.3598114333366;310.5670703722377;2173.5455451941216
175;trans.alpha.carotene;350.9903163811481;180.72202601787376;129.0875141651578;542.4806496014368
175;trans.beta.carotene;502.11399231716206;309.36276283037046;223.2643194845714;890.8930275915081
176;C14.0;0.8362477638410809;0.11493337394960788;0.713687595013204;1.0094447316062565
176;C18.0;4.945998171809573;0.0882853789028505;4.814973548058124;5.039535190444506
176;C18.2;8.913766990168686;0.4387582658394521;8.33817514541665;9.529835274641822
176;C18.3;0.41121481527646875;0.05469873627288193;0.35778872219772445;0.5030649296375191
176;C20.0;0.35678748774373503;0.006987971934766865;0.34651424446995316;0.36490029454454387
176;X9.cis.beta.carotene;136.28605631440485;51.54725284753444;51.354521489842206;175.38332277410098
176;eau;43.408581145014224;5.7223310967721766;37.7176519581114;51.26677230719832
176;ratio.alpha.beta;1.0017030182393634;0.200846373063864;0.6911361687005236;1.214464464217197
176;ratio.alpha.natif;0.4554655670496162;0.02727867749469479;0.4251041369568679;0.4898626596611436
176;ratio.beta.natif;0.5386622206095932;0.033933722090951406;0.5004181755376182;0.5753680964128912
176;tlip.MS;74.47082867113342;1.7140648981341582;71.83238395076377;76.51629025307288
176;total.beta.carotene;993.5354244311144;297.3374425301117;610.5204303678494;1305.244955648167
176;total.carotene;1731.496148988228;560.2918307651549;1076.470416224401;2435.0400702215493
176;total.trans.carotene.natif;1525.7009601457514;472.0854019418367;977.6151213996689;2126.4437849547835
176;trans.alpha.carotene;685.7438030778318;171.3789519642482;451.7809601039038;915.3347250681345
176;trans.beta.carotene;766.7144591503187;172.51597344451434;516.2379615015809;944.6269621269464
177;C14.0;1.0073975191405615;0.05844679994012723;0.9281579570872467;1.1026711389563795
177;C18.0;4.989897274086992;0.15535458142362324;4.804136769004773;5.185401332863701
177;C18.2;8.97710101609288;0.5423918664448776;8.214565205590656;9.477238438638691
177;C18.3;0.41124116221697643;0.05507767001649412;0.3380564720999996;0.45217912539040633
177;C20.0;0.3477415085509586;0.014032080890371529;0.32612911235733394;0.3667603430129622
177;X9.cis.beta.carotene;131.9879309895698;37.384827725471446;80.59276208253684;177.09452763193448
177;eau;35.88907109564121;1.8493851436812163;33.948384126665104;39.25247548897443
177;ratio.alpha.beta;1.2374477328372848;0.2402707051785107;0.9134413369393402;1.489630334977538
177;ratio.alpha.natif;0.47109413385209226;0.032799200498814685;0.40631659496954514;0.49598379343796445
177;ratio.beta.natif;0.5289003869908494;0.030848450868319915;0.4927791563891953;0.5855684358045321
177;tlip.MS;77.24362546206807;1.9771528697583054;73.7577770332466;79.70316119718018
177;total.beta.carotene;1037.5786323070163;308.24917330984135;596.5454033442295;1427.710401672484
177;total.carotene;1809.7378346944618;506.5952858992844;1189.3693821736122;2454.558951810496
177;total.trans.carotene.natif;1615.753562511115;430.81753962377974;1048.4167365463807;2165.022303912243
177;trans.alpha.carotene;951.1614497077245;299.2930090788957;549.9405153857521;1261.4694587480676
177;trans.beta.carotene;845.1658588283791;195.7099474962109;567.5841223987857;1137.896741467807
178;C14.0;0.8485050153517896;0.07540102073987913;0.7487702733437879;0.9359811619113767
178;C18.0;4.5145748323715;0.08501399579268062;4.4088234131847654;4.66568652773584
178;C18.2;9.384589597216078;0.46256768503229373;8.854430801534043;9.95450796659989
178;C18.3;0.4519233738454465;0.059776957527793204;0.37798454631037764;0.5182992339357753
178;C20.0;0.36799243777660173;0.020901663645050698;0.34230599838065706;0.4000458706304542
178;X9.cis.beta.carotene;151.85712747623947;51.44949593354735;76.93229350946707;208.26438280788597
178;eau;53.3913239945422;5.647693418282415;45.63568183469284;58.100640317562174
178;ratio.alpha.beta;0.8415498645299474;0.13445329917189966;0.672849588898536;1.0304997890774539
178;ratio.alpha.natif;0.40461609621337097;0.023434905587978068;0.3624362126004368;0.43252278222677837
178;ratio.beta.natif;0.591161068380002;0.022702725293926595;0.5727024275358574;0.6357788600695227
178;tlip.MS;72.59022705291028;1.488939872281665;70.80618493477942;74.54146459809712
178;total.beta.carotene;1253.335051860472;351.73957449542195;719.0783551880089;1571.407243952167
178;total.carotene;2040.4050529446315;565.0867853170694;1169.4934234750026;2732.9978109745734
178;total.trans.carotene.natif;1779.905415524473;523.2887118755093;1027.8846165514271;2451.250197324211
178;trans.alpha.carotene;737.9018017609342;251.69768012538546;438.79588031218367;1184.5129185468809
178;trans.beta.carotene;1031.2302628187708;328.0939554095764;487.35913912746247;1419.1543261084487
179;C14.0;0.7388620931893337;0.1895278223932271;0.49550284511637066;1.0057487488854904
179;C18.0;5.775529093193329;0.9623691123479079;4.934434398673027;7.600698683547257
179;C18.2;9.28752431562692;0.30278196505298893;8.796798672641692;9.602556401688068
179;C18.3;0.3471689231430689;0.052773929172856233;0.28911661776825803;0.42216037111969645
179;C20.0;0.43457299882770034;0.05763156776175529;0.3536515782677108;0.5022309065731089
179;X9.cis.beta.carotene;101.93164584022792;50.85270547293793;42.09779826880892;178.08401158188485
179;eau;40.90233216824813;7.324861475950739;31.958505661638796;50.49312893537601
179;ratio.alpha.beta;0.9563543784616063;0.1255363942413033;0.7952222515730559;1.0966361255554957
179;ratio.alpha.natif;0.4113846709397922;0.02868846441901167;0.3724402529787609;0.4509181590710737
179;ratio.beta.natif;0.5954219383610193;0.03684643935827084;0.5451805578345542;0.6424283882143992
179;tlip.MS;78.96206304959705;2.5894561945809924;74.71218254563759;82.40100035846713
179;total.beta.carotene;688.4822191579282;254.81027430689468;328.2522329630889;995.3865270506682
179;total.carotene;1124.2993047712912;375.7614761065601;429.5906780584562;1517.5063163858545
179;total.trans.carotene.natif;1021.2655904022633;343.05691258361213;424.25202569222967;1373.9457205218162
179;trans.alpha.carotene;551.0128854572151;211.99287635284185;194.93196791322563;847.4105609173987
179;trans.beta.carotene;488.3253034548869;159.9462996912349;303.2366280900066;736.3901538363295
180;C14.0;0.6309953841892654;0.0669154621934494;0.5469243774045507;0.7133524030638854
180;C18.0;5.235268652598225;0.1264085946003893;5.024019740215574;5.380982109582607
180;C18.2;8.38293680859338;0.6914229562871707;7.755239453143004;9.392960472434646
180;C18.3;0.3418771585211802;0.02302070087703819;0.312913574478822;0.37885998851364167
180;C20.0;0.35684678792140767;0.028019046923291737;0.30617646615078564;0.38351671455391007
180;X9.cis.beta.carotene;138.61444961080397;43.22003889436488;72.93914294506493;180.27531000103838
180;eau;33.951393178853955;4.867998579752273;29.698354574299614;43.25383146272307
180;ratio.alpha.beta;1.5349558840751107;0.1891217293622837;1.2572923798982039;1.7002700528458088
180;ratio.alpha.natif;0.5374065313371093;0.024829611323956103;0.5018519264952455;0.5710816896437126
180;ratio.beta.natif;0.46201631584234143;0.02838266975272828;0.4174988963406828;0.4942613131044116
180;tlip.MS;81.05701457576548;2.3782780416579;76.97754536038998;83.33637955061069
180;total.beta.carotene;963.1114066956743;278.3838557424008;470.80483583252067;1175.5789276634523
180;total.carotene;1968.9495459884874;612.6241079219199;905.3744628742077;2669.8444838113537
180;total.trans.carotene.natif;1773.1170413017053;535.4001488979129;796.475265970412;2284.5844572421715
180;trans.alpha.carotene;955.6387810420248;230.41637759528143;665.1200884367144;1219.4614942530172
180;trans.beta.carotene;812.4050689743734;276.80083989537576;344.0753179576697;1056.3088078533087
181;C14.0;0.8139667469258245;0.1015622165858932;0.6824086742348466;0.9518872380247385
181;C18.0;5.559082965562471;0.4041869637881264;5.159468013572328;6.191358744345999
181;C18.2;9.974563743552274;0.5159763023204749;9.211512636332742;10.709764536153296
181;C18.3;0.2835791784841561;0.036188678717352804;0.24524215223278037;0.3332860512693668
181;C20.0;0.38379245642990867;0.01313882775049476;0.36797474157267174;0.4027829887950016
181;X9.cis.beta.carotene;63.85795916768319;31.837966264852266;40.67405382605421;111.12263222021613
181;eau;32.38401162422219;3.1621643896869944;28.51421235420794;37.68959661715266
181;ratio.alpha.beta;0.9827022816693932;0.20721611612357035;0.7994491187024992;1.3433767741872134
181;ratio.alpha.natif;0.47864157858434675;0.03185552152603675;0.4348950044192091;0.5329444418478978
181;ratio.beta.natif;0.5207446093766449;0.03298869373520239;0.46229214926884454;0.5598064370120684
181;tlip.MS;82.13070965725588;1.9461294732493302;79.26440496611518;84.30670479707611
181;total.beta.carotene;556.8292566492063;354.0754038202438;285.5145942963812;1052.9442790707117
181;total.carotene;943.255339479958;680.7317828640018;415.8546366009517;2065.682924364716
181;total.trans.carotene.natif;840.4088460218715;589.3863175615849;376.9537069447599;1829.865356045322
181;trans.alpha.carotene;409.16069120727275;348.01547428633694;169.41609379038363;1066.2718643280828
181;trans.beta.carotene;455.33899909483625;204.9727680130488;314.83087904968903;720.8225183851816
182;C14.0;1.0297305780608175;0.1598408217465951;0.7677168415363135;1.2167233529507726
182;C18.0;4.920445044257401;0.23048920797674186;4.641636717550685;5.293003408608891
182;C18.2;8.990812584471803;0.09711543237876001;8.880310250365495;9.131484441486554
182;C18.3;0.38874872374598674;0.06387513560389585;0.3082119337909706;0.46805525433554634
182;C20.0;0.35062162536204705;0.026747190701585224;0.30875864821497545;0.3776430299843549
182;X9.cis.beta.carotene;125.42713677501729;45.093755244887674;66.04046203144567;171.52849525647292
182;eau;37.788729843266566;7.967219928941943;31.599164391331225;52.48380872119004
182;ratio.alpha.beta;1.018429822596356;0.15337305151359654;0.8420520924348782;1.2169837070047547
182;ratio.alpha.natif;0.46504823224748;0.01927427596862178;0.43316226805374436;0.48247758729437706
182;ratio.beta.natif;0.5349204267101385;0.01883123443257043;0.5083986162044216;0.5631194044476822
182;tlip.MS;78.03419869770299;3.5185017841777686;72.61509307284389;81.5774258104464
182;total.beta.carotene;1050.0589769462906;357.9322718219593;558.7438886252653;1415.9669099116416
182;total.carotene;1813.5096449890978;575.5313949184152;1023.9153244503509;2416.1695794011675
182;total.trans.carotene.natif;1606.2568537951477;517.6154047794455;869.8442312652026;2121.210659387303
182;trans.alpha.carotene;806.4991202020723;281.84234972888703;509.68269036022656;1169.0581202387255
182;trans.beta.carotene;872.0463816420602;367.0646820272726;450.3028084903911;1397.8610671433064
183;C14.0;0.6815075243513633;0.10142275219653758;0.602015880940806;0.8512545811386748
183;C18.0;5.22292448737761;0.22526808257737968;4.94429822834211;5.567551778657181
183;C18.2;8.721230755154737;0.5555743830255852;8.320218777067799;9.700096740403994
183;C18.3;0.36893183552875464;0.05705441136908509;0.31121986461603973;0.4524572800331066
183;C20.0;0.3521785077589978;0.014306298797377858;0.33722730144760676;0.36882845479026377
183;X9.cis.beta.carotene;138.83887818982961;43.1013176387483;71.68169770615488;183.97579105667683
183;eau;33.752197219395576;5.358397801382624;30.260156090388623;43.02127125158465
183;ratio.alpha.beta;1.3633861366320772;0.25949203652391184;0.9873877394362266;1.6523176452372283
183;ratio.alpha.natif;0.5135538431169417;0.016255338462209817;0.48855251538596767;0.5295245759097692
183;ratio.beta.natif;0.485870333262596;0.016490464675371755;0.4697379908722723;0.5102959769023983
183;tlip.MS;81.5127142681749;3.0307193384518363;76.37398799412871;83.75413164777167
183;total.beta.carotene;1175.18441823366;301.53073201969437;844.3126955135054;1538.123677204754
183;total.carotene;2172.4045141138845;477.7904604941807;1623.0953566525807;2731.6467157809093
183;total.trans.carotene.natif;1932.6997033583734;365.826881382603;1515.900893479058;2402.795701428004
183;trans.alpha.carotene;1072.3610296652412;402.7408567396501;565.9370289561266;1437.6999121685258
183;trans.beta.carotene;1021.4625050585207;313.2627653801594;672.3977359684087;1359.9630567154832
184;C14.0;0.8718813570589697;0.1092275869489388;0.7315345131363271;1.0505803898288653
184;C18.0;4.600660111161814;0.10592234847916933;4.477260481007863;4.737744956882736
184;C18.2;9.860840528116027;0.2828792134155058;9.522283475966868;10.186261452122887
184;C18.3;0.3376890244035091;0.04120400385920628;0.2928312433896811;0.3984020533845936
184;C20.0;0.36880336194024127;0.030326018451263773;0.32969991660090153;0.41691187308769473
184;X9.cis.beta.carotene;44.49329216855239;17.646681252932847;34.51324703505942;79.8691575830617
184;eau;49.1059031496259;7.068612470078918;42.4912779520667;58.30593673615786
184;ratio.alpha.beta;0.7476195668124652;0.06264426666103257;0.6318079120122657;0.8042134870634483
184;ratio.alpha.natif;0.3775960633789533;0.012392106634432628;0.35507963776057605;0.39064475704896173
184;ratio.beta.natif;0.6153850431825153;0.009867421498081617;0.6057802559352476;0.632966854369365
184;tlip.MS;73.0497532041722;2.4332351806817742;68.84245413980311;75.31504454324293
184;total.beta.carotene;458.71422716344813;334.6407286306454;215.3689993388053;1073.8741447595216
184;total.carotene;734.8065800188882;542.442059450408;369.7882073094474;1688.0935991282383
184;total.trans.carotene.natif;666.1132141712443;477.29948322017253;328.1020556130696;1503.581255706345
184;trans.alpha.carotene;241.24987161897442;147.67382027890207;138.17427445811867;471.96577028707
184;trans.beta.carotene;418.8864552328494;269.1243854957159;223.3835609035345;911.5857452730812
185;C14.0;0.9391301583274333;0.06955521524708269;0.8502185867664224;1.0462525017437017
185;C18.0;5.861311394063517;0.3595944964594276;5.256387355379231;6.229603884424426
185;C18.2;10.540376645718256;0.22085601181798012;10.210985372069313;10.84275561475883
185;C18.3;0.2570057282158232;0.015515697189381592;0.2311321788171978;0.27202211659231224
185;C20.0;0.38025253154261907;0.042695115780267676;0.3165267279185482;0.44265332714745137
185;X9.cis.beta.carotene;32.99890856811385;3.929749009892514;27.804535173573992;37.01804613852591
185;eau;26.760043348959737;1.4164112113301768;24.949897456466665;28.489379503257634
185;ratio.alpha.beta;0.9283554679667371;0.05291767257567634;0.8642978717695885;0.9952063595022635
185;ratio.alpha.natif;0.4212100140720499;0.011369550975085298;0.4017916583563212;0.43123212614222295
185;ratio.beta.natif;0.5774427466459066;0.012661487708331575;0.5634346615836374;0.5952145655667139
185;tlip.MS;83.79652394262726;0.36117998032245713;83.35453445048493;84.28435637637087
185;total.beta.carotene;246.75418398238614;54.4558777632071;202.91626465574348;350.1608707435085
185;total.carotene;360.2140567449482;95.82833058094414;298.4113926719554;549.3401257200989
185;total.trans.carotene.natif;342.3684123854175;87.70421609776942;289.43938502397793;518.7732354297939
185;trans.alpha.carotene;156.22943360332116;39.35873305141511;123.93216250221379;233.40248968873485
185;trans.beta.carotene;223.61331008942548;40.717119758207524;172.1280346623476;287.1226770353406
186;C14.0;0.7964144841041803;0.09151630687251908;0.6832293948581005;0.925790510658104
186;C18.0;4.8833759698155825;0.4571687221569694;4.6176163694606185;5.802750153546996
186;C18.2;8.60834146782206;0.2820424050884157;8.095462385298177;8.90654342099138
186;C18.3;0.3009554292417124;0.032952890805585874;0.2482297090812185;0.34150058877162387
186;C20.0;0.3717978193635593;0.03179681110584343;0.3224914639568951;0.4050961504943016
186;X9.cis.beta.carotene;45.58773113345455;18.882691579966075;29.78178015145659;83.12048990006538
186;eau;42.70336254819472;7.276562572538502;34.68628191401408;52.00266329330984
186;ratio.alpha.beta;0.861480642039978;0.06794738105314554;0.749363272537775;0.9568630949020377
186;ratio.alpha.natif;0.4090348666282666;0.01819993274087511;0.3920887832164437;0.43868067045924825
186;ratio.beta.natif;0.5849147064807877;0.02458639933740223;0.5517894889043644;0.6077549468318724
186;tlip.MS;76.80133949785439;1.7652810585147893;74.32583962563913;78.88981640853139
186;total.beta.carotene;404.51333314421043;169.24474894983572;241.2064142550858;731.1850377520359
186;total.carotene;683.2972129698659;295.41639832781044;362.79000986907465;1201.1282171782861
186;total.trans.carotene.natif;597.5346855628824;265.52547264209574;313.5831199053032;1073.6946922012987
186;trans.alpha.carotene;264.8458971248837;130.75646516229696;133.0785990957065;492.72339848233787
186;trans.beta.carotene;340.4311723666621;178.9721725319579;183.34259389804438;678.5033226629444
187;C14.0;0.5366833744071144;0.051789947800758386;0.46779956688236535;0.6009197867914751
187;C18.0;5.987246840559765;0.8592005320768367;4.823915366426305;7.2920708764443525
187;C18.2;8.162376123743433;0.5265820131162839;7.569909331307798;8.847287732255806
187;C18.3;0.27369976426955833;0.029892640312403823;0.2480554393464386;0.33294911752155626
187;C20.0;0.4171645176780358;0.01921539249796173;0.39192070819820785;0.44389986644444035
187;X9.cis.beta.carotene;69.04095730417117;42.984803133665345;34.73933604085054;152.19846351177247
187;eau;32.376728688376936;1.4826142111327603;30.390622110890853;34.97566549264416
187;ratio.alpha.beta;1.119516879134869;0.352384757503074;0.8060390721023939;1.668997123654645
187;ratio.alpha.natif;0.4705284446344213;0.04965112926709134;0.42761271169983817;0.5742675579780376
187;ratio.beta.natif;0.5243233991969114;0.05022170180643357;0.42061116835410717;0.5713740112652252
187;tlip.MS;82.35214149302048;1.1693054507251435;80.77993677024318;83.89694724375141
187;total.beta.carotene;533.8414212877841;360.4612013075185;275.85301532151493;1225.0013573361816
187;total.carotene;883.140070387275;679.8948384001105;427.25999569064123;2051.8921758406436
187;total.trans.carotene.natif;767.9189974027992;555.6428211695428;380.796508322682;1710.9457541664442
187;trans.alpha.carotene;494.33861488986975;329.3464361916387;182.2695085078314;1106.915648135608
187;trans.beta.carotene;410.50667299952516;263.739371807371;205.73720067951274;888.5649952930787
188;C14.0;0.9778154863226981;0.1251768155818667;0.8000453368695593;1.15972918681581
188;C18.0;5.185567040870253;0.13839478910588518;4.951036107164066;5.348269177175555
188;C18.2;9.055242035671396;0.2985745467159959;8.5444020316274;9.530599648693176
188;C18.3;0.326120380157319;0.03637424947192615;0.2726559040495813;0.3745378354123249
188;C20.0;0.3859946441066941;0.031413299238033834;0.3402113448052262;0.42819025833649527
188;X9.cis.beta.carotene;106.69681723758495;53.28014112204513;53.61355930727836;186.7958523528136
188;eau;31.628063041499633;2.033987892947566;28.273324053438465;34.03722641641607
188;ratio.alpha.beta;1.0407626513056478;0.1690653248557532;0.8668474399034689;1.3787611653908234
188;ratio.alpha.natif;0.4735513443216021;0.01874454132193914;0.4488662938212936;0.4942309765157911
188;ratio.beta.natif;0.527826299318034;0.020667181271014485;0.5011178241408683;0.5564501004359103
188;tlip.MS;82.41704844105257;1.9528345947223464;78.77763918238023;84.21864837372644
188;total.beta.carotene;785.1992441704094;317.7504912322736;370.0661436904152;1209.5955926058982
188;total.carotene;1332.491308332161;527.3433979656369;579.4947635601757;1960.3623471162584
188;total.trans.carotene.natif;1143.385264415727;427.3103337591226;512.3364669252674;1636.452470469664
188;trans.alpha.carotene;619.0070055085789;232.5900846346294;310.51412787167635;905.8636859945722
188;trans.beta.carotene;612.0557774298503;239.2078870034174;271.4843887183682;876.4005560394259
189;C14.0;0.8192345878026229;0.07483778629600087;0.7360921539368307;0.9204082139923557
189;C18.0;5.685797678603872;0.3941066340191175;5.195594968559241;6.154425880157735
189;C18.2;10.269043074268048;0.3165238817112489;9.896201960555405;10.67208797481077
189;C18.3;0.28216695250617796;0.02247466411870555;0.2525635856674395;0.30775468905605874
189;C20.0;0.35800148686046007;0.0192583782051366;0.3364624373533446;0.38009230095101265
189;X9.cis.beta.carotene;39.41139925915911;10.29179048246584;30.619303906068158;55.123491598549506
189;eau;31.223242110395653;1.9831289886230916;28.22698043159208;33.67127241888236
189;ratio.alpha.beta;0.9632063782874678;0.10411614866869659;0.8273047575669616;1.0937285041818496
189;ratio.alpha.natif;0.4170274346728952;0.01770306058872489;0.39607598428413504;0.43656522686199734
189;ratio.beta.natif;0.5834452901951362;0.020865360330844438;0.5549551887208392;0.6053758963054832
189;tlip.MS;82.31031825869037;0.4569722543519163;81.91309757317853;82.86710289319284
189;total.beta.carotene;311.72316328786627;113.74322318178478;225.11523041433173;471.1219047883093
189;total.carotene;519.9829610511908;242.8897833982761;331.5412625835785;873.0918827161007
189;total.trans.carotene.natif;460.7309306358861;213.288464638485;298.5812448524848;774.195522507566
189;trans.alpha.carotene;201.81675072907376;97.44773462706213;126.10880162903028;350.62985874553544
189;trans.beta.carotene;299.42956574145535;110.66717152668636;185.10668761575573;421.38524292150936
190;C14.0;0.640474271442948;0.03143911739084696;0.5897579544339695;0.672958127976713
190;C18.0;5.2153299548921845;0.5360170819963581;4.886886952242504;6.3990660505614105
190;C18.2;9.094363798976081;0.3923263705786004;8.609358048757947;9.720850265627588
190;C18.3;0.29689489210125425;0.03520048027228803;0.24781844094468541;0.3551337095292664
190;C20.0;0.35674081258267154;0.019837159196394016;0.33608429477861795;0.3987618380198679
190;X9.cis.beta.carotene;42.71820055284293;14.189465997218152;29.989610210234623;70.7671755059359
190;eau;37.79655716363827;3.074182524582078;34.776729619771324;43.15933106057093
190;ratio.alpha.beta;0.7672180150725679;0.07129479383639291;0.6801629321657084;0.865924347349298
190;ratio.alpha.natif;0.40947749032426045;0.025385077768507607;0.37523288659746007;0.4426513474612557
190;ratio.beta.natif;0.5925837330513825;0.021687549013974957;0.5661297213510891;0.6234285887414556
190;tlip.MS;77.01500146016527;1.8295178119891182;75.23425381372455;79.93781864056861
190;total.beta.carotene;412.1015816328719;167.34607251032728;262.90619446174753;663.8798889067529
190;total.carotene;660.6883204207058;329.3392177491297;382.5725205608276;1124.0934156286069
190;total.trans.carotene.natif;609.0421077364146;295.757206195411;344.0229132216726;993.5932584508512
190;trans.alpha.carotene;246.38813614874476;124.15996637850637;133.70299174123284;428.434180697198
190;trans.beta.carotene;335.63871553211595;119.60227978005044;228.64761576887486;504.6854755718207
191;C14.0;0.5627342048375868;0.08185245313597252;0.45598672376529126;0.6791079422952537
191;C18.0;5.945402937856886;0.5358889693119011;5.15636228508417;6.893858873791771
191;C18.2;8.43811866283714;0.3935896035411312;7.737857718694122;8.85159898220229
191;C18.3;0.3053628915375482;0.05701181136795727;0.23234547111574666;0.40081686494745183
191;C20.0;0.357006952082728;0.03288182862980809;0.31377138857831055;0.3929642915813285
191;X9.cis.beta.carotene;74.95370767881077;36.60829255756835;37.852101886906645;115.28146112377517
191;eau;32.392531880029296;2.987844760584664;28.746058773589024;37.22307721303496
191;ratio.alpha.beta;1.0234578067124995;0.21877721670974226;0.7888953920712799;1.4876036736908238
191;ratio.alpha.natif;0.46434524283915934;0.030953575609694414;0.40890397133761924;0.5025426518880933
191;ratio.beta.natif;0.5354828707884465;0.02991613025876689;0.4919099451498566;0.5826992076996266
191;tlip.MS;80.46401848060032;2.7618209978817676;75.83949987342447;83.22033132881151
191;total.beta.carotene;629.3400767059927;354.8561265010087;294.79392779178545;1093.6861836089886
191;total.carotene;1025.384409388488;621.8076463513274;434.87424520012456;1719.703649001931
191;total.trans.carotene.natif;910.5387338569386;546.1792085892579;378.2400529852581;1531.746009506062
191;trans.alpha.carotene;531.9346970616401;170.11524999980733;266.6018846384621;751.6192632170922
191;trans.beta.carotene;513.272785356438;237.99830084894916;276.00288558821796;801.4025539714972
192;C14.0;0.9332351357914644;0.04235588194771826;0.8815114074575864;0.9866358628188021
192;C18.0;4.780681502700826;0.11934834253505397;4.569756748874197;4.8611764375734525
192;C18.2;9.57856066950863;0.7315739979889184;8.732321150183697;10.343935898262984
192;C18.3;0.280646748714072;0.02227619835014078;0.25464338494852634;0.3120263005230235
192;C20.0;0.3596475519674142;0.023907935350485673;0.3399898935635067;0.40030328986946395
192;X9.cis.beta.carotene;30.945127372168635;3.779645491826937;27.709425073884436;36.277753053825094
192;eau;33.8296055382348;7.17799359367956;27.483964689962633;46.21901183822157
192;ratio.alpha.beta;0.9384067255725643;0.09152101001016508;0.7934411446728745;1.0475692768296438
192;ratio.alpha.natif;0.44861655204939155;0.013560409988638415;0.4318736440465796;0.46541706002462246
192;ratio.beta.natif;0.5449595812923225;0.016970265006867664;0.5159194744214747;0.5581965658803284
192;tlip.MS;81.56111383646628;2.7373066305048748;77.01922955471593;84.0504575289782
192;total.beta.carotene;208.7466753753571;55.08324363330177;167.93591582031092;305.31406484104593
192;total.carotene;293.88822584325646;67.5199191144385;239.94861079725152;411.4792789229884
192;total.trans.carotene.natif;267.03736109117284;82.59707212895401;207.71847645758825;412.4818195411103
192;trans.alpha.carotene;149.13338045713544;39.563017945393725;112.01175914041887;215.4450439868915
192;trans.beta.carotene;181.43712191881997;39.461353023063104;152.89252861581488;250.34727447160574
193;C14.0;0.9943775281601148;0.09851795160046167;0.861001309822337;1.097487875988384
193;C18.0;5.199431815795417;0.15734324584885975;4.96585917062174;5.331971248110062
193;C18.2;9.693429744022;0.1695888121335851;9.580822138662064;9.972387521137229
193;C18.3;0.3071636131568063;0.051129100481297894;0.25433446210872807;0.3755128511813644
193;C20.0;0.36873293768168836;0.014471644929951831;0.3457010834869553;0.38386781485965854
193;X9.cis.beta.carotene;86.89559804634479;63.91237855698153;32.911388539137754;176.03078669076484
193;eau;31.588654607949614;4.5583933185128895;24.791892127296748;37.44845934014
193;ratio.alpha.beta;0.8548422960350255;0.049690010540428355;0.8136817673936529;0.9382115090665881
193;ratio.alpha.natif;0.44153145985585274;0.028922130763529463;0.40540311384951905;0.4705194189455192
193;ratio.beta.natif;0.5589579519754574;0.025380667918197163;0.5305975096454181;0.5905019645985654
193;tlip.MS;81.49878210860331;1.717535197633429;78.69407084286976;83.04397144532702
193;total.beta.carotene;698.448430090949;494.357654984692;265.03539988574704;1353.1094902880586
193;total.carotene;1126.3165215255722;792.9743048137773;395.57172804053;2098.2264049873693
193;total.trans.carotene.natif;980.1320761971776;669.7978277522064;346.88121084414604;1727.8516540202927
193;trans.alpha.carotene;362.0480976829379;227.19884563294912;139.38803307586429;640.2531200287369
193;trans.beta.carotene;544.7486401048237;354.26408631010395;213.18856336223126;1052.2061741028485
194;C14.0;0.5649563401287401;0.0688773293890062;0.5130774718045406;0.6846571082779757
194;C18.0;5.813434294020087;0.7374524816247696;5.282109367638042;7.115009170606226
194;C18.2;8.587598135661187;0.6271235970767408;7.959561617804975;9.354654533563945
194;C18.3;0.3128129312979044;0.03838466219537964;0.25240037192793463;0.3582988002294084
194;C20.0;0.35478172271506264;0.03524517441372127;0.31057213534206385;0.3934373439559697
194;X9.cis.beta.carotene;117.51681690245213;44.90652712476134;40.24927781305375;148.13513995458516
194;eau;30.24848614508136;1.4225894640930314;28.24115225542135;32.256042594705555
194;ratio.alpha.beta;1.2332792558492196;0.24815506274864718;0.9794138133295249;1.5893021113115418
194;ratio.alpha.natif;0.5019377218385016;0.05367730474097779;0.4207416706229119;0.5546276701174551
194;ratio.beta.natif;0.49423566111769557;0.051109974282537045;0.4462199065715833;0.5752211489444933
194;tlip.MS;82.8610286018932;1.3363582914319188;80.87448407538113;84.33013775124527
194;total.beta.carotene;870.4332803957243;368.6195381184747;316.98721930023464;1149.5925923322384
194;total.carotene;1524.7651622740607;701.7337987011823;475.31994590515654;2180.6256807894256
194;total.trans.carotene.natif;1352.3402624531332;597.8084866939088;461.6469523989327;1877.2447443135463
194;trans.alpha.carotene;727.6694993071194;384.97475788183806;194.11554491507306;1153.2483160427535
194;trans.beta.carotene;649.1076766144214;296.7833760710474;294.82171664568455;1009.2178794048773
195;C14.0;0.7263787934928254;0.05582919322848199;0.668481414660865;0.818713330376335
195;C18.0;5.9821551577384255;0.613740417754448;5.058493502603674;6.661854146917162
195;C18.2;9.011130489583426;0.2005590782922661;8.759939274751876;9.240818063177166
195;C18.3;0.25311699335492616;0.013497492966494702;0.23789647316198034;0.2722755041583594
195;C20.0;0.37805999614195623;0.03932552984465006;0.3240234726830042;0.43517513211919473
195;X9.cis.beta.carotene;31.386868824622205;5.264127654181837;23.500583485413085;37.83603039175419
195;eau;30.14259699285456;1.5352316318865984;28.407910475457108;31.840614148447624
195;ratio.alpha.beta;0.9755408511082123;0.10659233772258674;0.8094139134831515;1.0884577593782876
195;ratio.alpha.natif;0.45243167040021914;0.028070712925324575;0.4194321428963652;0.4946854935540187
195;ratio.beta.natif;0.548500108493924;0.029168376480978916;0.5051873701420818;0.5789668296770205
195;tlip.MS;83.36495217453755;0.414442785380169;82.76172593354096;83.8514986574128
195;total.beta.carotene;203.02542801656017;26.14617286169778;164.4958824230456;235.67009094813488
195;total.carotene;318.70032360614204;34.752089019490064;257.250475329874;342.8826432694636
195;total.trans.carotene.natif;282.5796137076398;37.42121837705506;225.65679218271063;323.17580932546343
195;trans.alpha.carotene;145.3319418401706;16.382839209463633;127.22392694673294;162.51182550736948
195;trans.beta.carotene;192.55366276368025;17.19948754359075;176.97592765786186;218.99972900330488
196;C14.0;0.6610160303778477;0.11609024306467586;0.5049340932531873;0.7959960531542032
196;C18.0;4.61148473726744;0.05124493677096072;4.559349772295217;4.664760905919298
196;C18.2;8.860499447606722;0.20964487313145697;8.611586088655223;9.191811343848041
196;C18.3;0.41706808820453467;0.03686124015412104;0.37475055463542767;0.4714297095850916
196;C20.0;0.34224728587553555;0.0170598864661194;0.3227167415769834;0.36600085400211363
196;X9.cis.beta.carotene;100.99636661717486;54.470821706094455;55.80700895090541;185.8228816954819
196;eau;59.81055535555951;0.42360937319246506;59.20764892504078;60.37217666103967
196;ratio.alpha.beta;1.0592869118615966;0.1296722781911648;0.9299503033470637;1.2440074095732379
196;ratio.alpha.natif;0.41570692703223894;0.0234221468599452;0.385489955847337;0.4373659700016929
196;ratio.beta.natif;0.5832813280298559;0.020449147654826666;0.5590241810507677;0.60532970718734
196;tlip.MS;65.27337139898141;3.4516935694403754;61.87883924665668;70.05235029925319
196;total.beta.carotene;577.4365437624659;189.64256247428196;361.4076573786349;786.0413576352731
196;total.carotene;924.9501927095768;262.481050009098;629.402067556969;1286.1142364102323
196;total.trans.carotene.natif;772.6495174044043;214.64942612201713;531.1396792454287;1081.372814064798
196;trans.alpha.carotene;444.4179912908823;196.96717706255325;305.01899826136037;775.7226052908475
196;trans.beta.carotene;397.96009178442654;134.05111371381244;274.11008268603865;600.997698441425
197;C14.0;1.0720001594476236;0.13966493924751416;0.9239618252658826;1.2841942196341805
197;C18.0;5.243073264309047;0.17325470306253032;5.02262273304366;5.461122817744251
197;C18.2;9.52259914292683;0.07656028965139225;9.396100455173277;9.599912397176348
197;C18.3;0.2750741312385746;0.036901956777553466;0.24010976636371087;0.3287144211123485
197;C20.0;0.365024431136043;0.029603636349621095;0.338107241120815;0.41511884135013377
197;X9.cis.beta.carotene;49.27434973902587;15.897458379353253;34.980144790435624;74.29577126903554
197;eau;32.909304569623;4.834969904683965;28.9179051346799;39.46319045230462
197;ratio.alpha.beta;0.922640387260717;0.1192979417748799;0.7711229189856269;1.104604675879348
197;ratio.alpha.natif;0.41699225609350227;0.0314688830726546;0.39308883238585623;0.47079213333247394
197;ratio.beta.natif;0.5823506594283845;0.0329123309675497;0.5260332855446657;0.6090922541649706
197;tlip.MS;82.11086676450539;1.7726297827528619;79.03451749120049;83.41662393684928
197;total.beta.carotene;370.96872407855346;106.57315411046072;288.4796537218232;545.0841489449449
197;total.carotene;594.3455582493425;218.94253235871142;403.31716317662193;884.0782721352028
197;total.trans.carotene.natif;555.2374491772697;184.43258097723728;397.00928933703125;815.622361243731
197;trans.alpha.carotene;272.92650311391805;131.0981596529628;143.3559945769786;452.38981138517005
197;trans.beta.carotene;338.6683647634254;88.27493364844135;245.036897986501;469.33107162603693
198;C14.0;0.9369067047276992;0.05877686228287445;0.8632542708006614;1.012441332160876
198;C18.0;4.571195419160886;0.24229211575322795;4.391973505200977;4.961476076905572
198;C18.2;8.677976767477473;0.31690775672890753;8.196786848238952;9.03169299764437
198;C18.3;0.3224827794658678;0.026828909596553874;0.28398248709469154;0.35421868498452896
198;C20.0;0.36095720007402454;0.04389338593893634;0.2925534462691132;0.4116120459973924
198;X9.cis.beta.carotene;38.44457912258299;2.984119551302185;33.32970063750962;40.717686986101484
198;eau;48.29984430918955;3.890330741942027;44.20488284243175;52.68997488981997
198;ratio.alpha.beta;0.7298928067421706;0.05326582220061521;0.6498236907970013;0.7777851034295865
198;ratio.alpha.natif;0.3913408717718022;0.009882862770452853;0.38303485225199424;0.40642420510220684
198;ratio.beta.natif;0.6059288644560905;0.004839474164471652;0.5985346169539375;0.6097261738529755
198;tlip.MS;73.96215537740785;2.081326797329644;72.751622047953;77.63936247995765
198;total.beta.carotene;296.5373760751542;61.268442833493346;227.94488766931772;386.6212285646558
198;total.carotene;412.73539138023517;56.85843336991507;355.9233993470943;500.12562541501126
198;total.trans.carotene.natif;377.01083136394436;85.13999683952959;295.76714021864325;519.9991482313675
198;trans.alpha.carotene;174.49321063837203;54.74267299708144;136.49803565512536;270.3958179312525
198;trans.beta.carotene;241.3306013960032;57.20123948304725;193.7581467308932;340.5874719065928
199;C14.0;0.8143818156805477;0.062029776418598324;0.755743911772366;0.9030598827971655
199;C18.0;5.320016442178662;0.5255890360716041;4.883890019049006;6.123330865753473
199;C18.2;9.705437468944222;0.5665485669724064;8.84810913296274;10.223241124145112
199;C18.3;0.30089672796526;0.03053694155498731;0.2666263456815705;0.34771896037831845
199;C20.0;0.3810684645485491;0.028711861986823455;0.35040512188236805;0.41857397717829087
199;X9.cis.beta.carotene;38.88368286398619;1.6605529503364693;36.30521788213974;40.529222482700575
199;eau;33.888945131431036;5.128628985526594;27.882640283975785;39.37507950226373
199;ratio.alpha.beta;1.0727403719978377;0.11548371966683725;0.9370421760436684;1.2546444336622236
199;ratio.alpha.natif;0.44450091098908934;0.009861652735091363;0.4305862053060974;0.45503238027846543
199;ratio.beta.natif;0.5474849494923882;0.010435058361608407;0.5363396582197779;0.5630683208913481
199;tlip.MS;79.40662309819278;1.813515828094485;76.555387101534;81.49862772001467
199;total.beta.carotene;278.3740058076273;87.62692875253401;177.26473681320337;382.96839362771885
199;total.carotene;489.6072671826727;139.94015899835276;317.5353322711037;634.9848623427948
199;total.trans.carotene.natif;432.40780197527573;126.47993667659101;298.0641359463839;581.7645868254207
199;trans.alpha.carotene;209.33021607897618;37.60705711671084;161.33363941817285;250.502475657636
199;trans.beta.carotene;230.02562373028658;49.56309209488286;162.7372303056447;270.58538836682516
200;C14.0;0.7957958696476466;0.09281798831474902;0.7009140602488781;0.9406880963082671
200;C18.0;5.2387138655214285;0.24731026850855853;4.8420889086215295;5.503063602771256
200;C18.2;9.492746524400713;0.34000000294521615;8.90733668070743;9.731892671179857
200;C18.3;0.29789687364045137;0.026498008874776803;0.2707414103868515;0.3397650550395079
200;C20.0;0.354661692673205;0.03668957982649292;0.324122010106381;0.4179293839168794
200;X9.cis.beta.carotene;87.16152894297045;34.974190964727356;56.90651321876546;135.5292411930387
200;eau;27.979366273776726;2.699441187735449;25.30745556144297;31.584275188805517
200;ratio.alpha.beta;1.1365991215859255;0.180698862812268;0.967870269600948;1.4102205952304252
200;ratio.alpha.natif;0.4802904694615514;0.02534140042699947;0.4612949761645853;0.524020944288021
200;ratio.beta.natif;0.5119196533325077;0.02410507056770871;0.47149842318594787;0.5350831763245109
200;tlip.MS;82.59519869302605;1.6775955840670507;80.09552643799931;84.26607335053635
200;total.beta.carotene;651.1701923447793;244.85342883497165;414.3328087093951;947.70912427872
200;total.carotene;1291.1805437669516;445.3158675369194;824.6484734915439;1819.6058436925273
200;total.trans.carotene.natif;1147.625420038335;440.2212691125417;670.1567997089246;1641.887605566485
200;trans.alpha.carotene;614.4690501073567;272.7635987014264;329.35939598318794;977.0466937408909
200;trans.beta.carotene;505.97189343450884;172.9732030631081;334.803177393925;714.0102459013729
201;C14.0;1.0856663855639195;0.05813351922089779;1.0386891254278967;1.1816965343691128
201;C18.0;5.108028853934907;0.2593906881391379;4.753140561896063;5.466657955156911
201;C18.2;9.155721819563084;0.35647197828517274;8.720172268622319;9.629278007763917
201;C18.3;0.28804399132366687;0.040375684463678854;0.23627150504186378;0.3479583874215916
201;C20.0;0.4235012922067158;0.0328371650969977;0.3664480630537446;0.4460916258085901
201;X9.cis.beta.carotene;47.56130704765563;12.425466790327876;35.728087822164994;67.04123069015903
201;eau;34.24443794307072;6.636414301050482;29.197698899136547;45.8843454322466
201;ratio.alpha.beta;0.8295210850033057;0.11143739783346876;0.6730380351339961;0.9610287202597667
201;ratio.alpha.natif;0.3958250434418649;0.02718915046902214;0.36934077808511595;0.43603585028902353
201;ratio.beta.natif;0.6052191005943776;0.025497282356208285;0.5642821340605197;0.6271696979648417
201;tlip.MS;79.79962539751872;4.1731897483342735;72.39381794132431;82.48108894051335
201;total.beta.carotene;432.1559792275592;101.54484506853197;290.4079303355191;545.7182539766884
201;total.carotene;659.4123624338438;217.11240287239715;389.27305462499106;901.2053784281823
201;total.trans.carotene.natif;611.2065710160439;199.43812716926618;354.2786000369981;817.9759911053063
201;trans.alpha.carotene;358.9599804446817;150.45362539731332;192.4958637789675;584.6579719807556
201;trans.beta.carotene;342.905467190846;111.29458518771557;213.3187596100908;468.2356869012739
202;C14.0;0.697502233122922;0.08954126733683697;0.5643651969429346;0.8466296090573188
202;C18.0;5.696009011926229;0.8773085837701574;5.047238799674293;7.598203253403722
202;C18.2;8.938930706281726;0.27577920169285136;8.448875490284406;9.312464610063408
202;C18.3;0.3640101614678896;0.06363959700997567;0.30269985967108526;0.4704079463904929
202;C20.0;0.40402258061780844;0.032554636283059254;0.3561577408741311;0.44465213542054116
202;X9.cis.beta.carotene;108.43801450704827;58.247089699660066;59.30971636009649;196.8404874282788
202;eau;40.00895696157613;5.118562799984758;33.32272488514045;49.874718813818916
202;ratio.alpha.beta;0.8717566662009416;0.15409641682042313;0.7129346427089785;1.1515382642170806
202;ratio.alpha.natif;0.4248579148954565;0.028422653018485188;0.3866093707033101;0.4605086403345361
202;ratio.beta.natif;0.5743676882227582;0.02404125155599013;0.5463624435534606;0.609620644386066
202;tlip.MS;77.3574747399125;2.5383917384190284;74.21102000660304;81.91370091171562
202;total.beta.carotene;847.257162202455;327.222119709884;600.1917430951994;1358.80514224232
202;total.carotene;1372.5889171925523;413.393784586281;1075.937670360536;1978.7655453559419
202;total.trans.carotene.natif;1195.1332171519407;352.33427839989986;909.8220540566217;1789.8374097525925
202;trans.alpha.carotene;553.2171319971471;121.5597916735834;403.63627281251513;726.5854169807919
202;trans.beta.carotene;626.5964956474702;253.69110068179427;424.0536244328572;992.5933549162562
203;C14.0;0.8662782397363676;0.14701809733100563;0.6428753870488967;0.9888805792258836
203;C18.0;5.5134834194380105;0.687000347463071;4.968478875528118;6.673950595509178
203;C18.2;9.886443175749372;0.5457590089410483;9.261000166948492;10.727934168732393
203;C18.3;0.2772653453301866;0.0368913427990767;0.24565593196377677;0.33589804879956686
203;C20.0;0.38902329389218615;0.026793662313474857;0.35033193052285844;0.41461900962696363
203;X9.cis.beta.carotene;41.11998936800269;5.613657362910888;33.13294936401527;48.49752511792312
203;eau;27.694070121373347;1.5035161565732957;25.659118821005773;29.28432776650983
203;ratio.alpha.beta;1.0360563802266283;0.053654709085501906;0.9913085888071502;1.126263139733353
203;ratio.alpha.natif;0.46205746577277795;0.03242791594987767;0.40995343052285;0.49847835108668304
203;ratio.beta.natif;0.5345367536557252;0.029774468490570603;0.5065953205597704;0.5843436471724032
203;tlip.MS;82.86199663507145;1.9442254360742894;80.09368780534115;84.55318614526017
203;total.beta.carotene;302.3775661733763;119.77048407976234;203.36739118914795;443.71639364196943
203;total.carotene;512.418122356795;169.99443757122228;336.5348730560688;723.3343095417243
203;total.trans.carotene.natif;457.770870775621;174.46667086279737;292.2549978089711;659.2829948376943
203;trans.alpha.carotene;197.01135949275323;46.49115066108595;155.71061572012113;253.3710749953859
203;trans.beta.carotene;258.3519844407414;93.60737129163651;160.25589141359922;369.44845771872974
204;C14.0;0.8796286877766436;0.13848601600110896;0.6911397146796173;1.0345255843615957
204;C18.0;4.9101014302871775;0.11898536854163648;4.7035198149344595;5.000644424081602
204;C18.2;9.061176651750523;0.3235184379558857;8.729970343494093;9.51763357320055
204;C18.3;0.2933171996194225;0.05681438020443564;0.248962999639044;0.39084856127819856
204;C20.0;0.3288303695063902;0.01145136791774095;0.31846442472613407;0.3485290222950734
204;X9.cis.beta.carotene;63.707456383379714;54.12468348547205;34.47171750911709;160.10426082823332
204;eau;35.73854658061957;6.074770110449595;30.14286182528891;45.87201387110804
204;ratio.alpha.beta;1.0123693393843314;0.10143642945825805;0.8729712220395851;1.0946908188274547
204;ratio.alpha.natif;0.46341559009723826;0.028511384411938408;0.42332100284642815;0.4913366242348331
204;ratio.beta.natif;0.5365452180038135;0.039924420654141056;0.493879783123469;0.5966880137386082
204;tlip.MS;79.51826286404244;3.7269408478945465;73.2841980761151;82.58261330225594
204;total.beta.carotene;450.0172501688259;347.9814087014799;260.42033698326964;1064.7676672097568
204;total.carotene;777.4889083660809;685.1145534748048;390.96267353774186;1981.9492713977174
204;total.trans.carotene.natif;699.286153307228;614.6889223395949;350.6272877107772;1781.8281249291247
204;trans.alpha.carotene;278.17232072336566;184.2483035519377;165.8402505467947;597.9988416847407
204;trans.beta.carotene;360.5875905378251;239.38669113215366;214.22003463891585;783.4876852446064
205;C14.0;0.6463629461896621;0.10766958505896557;0.513761897471536;0.8106922773299174
205;C18.0;5.724491593014022;0.38924948800289183;5.270565093284039;6.077072319764784
205;C18.2;8.811132631243293;0.32074469485870755;8.410308255881892;9.14477956415345
205;C18.3;0.25646915431985995;0.02123078126671834;0.23503591829931486;0.28855753905410325
205;C20.0;0.3824165586271501;0.024703905800250125;0.3410105349973103;0.4018405802670523
205;X9.cis.beta.carotene;47.361157436061774;7.402599382347638;37.626033103555685;56.12106410670698
205;eau;30.25483574325387;0.9377048827358164;28.69045673758035;30.99198676678663
205;ratio.alpha.beta;0.8668776993218235;0.043146878825359454;0.8196339953508437;0.91513360204211
205;ratio.alpha.natif;0.42260957502036334;0.018784080160053746;0.4042369802536641;0.4503868884909423
205;ratio.beta.natif;0.5807012757364968;0.01946496781760154;0.5563915371670827;0.6071454979410841
205;tlip.MS;83.0176762737315;1.23557377847662;81.0372323566296;84.31095254697875
205;total.beta.carotene;364.81980513339346;86.30047405265806;235.53750249795542;454.0830460110818
205;total.carotene;608.6079555851575;213.38454085271664;366.68484691089236;858.1594211533337
205;total.trans.carotene.natif;545.8452721480389;163.88957654715787;340.5915713744626;752.7040236656211
205;trans.alpha.carotene;259.65951071163465;110.28992314192948;135.3037484579605;375.1752402381158
205;trans.beta.carotene;300.35052792970845;101.52312184075566;182.93982210558107;453.7960710164955
206;C14.0;0.9380379577922794;0.13843855629541996;0.7429808584329545;1.0985260905113052
206;C18.0;5.088953895018563;0.3155716551779664;4.813755167458528;5.706961121460156
206;C18.2;8.751422499805079;0.42045558956964024;7.897569294879686;9.130257002666871
206;C18.3;0.309170967191969;0.011323472772818841;0.2946036462886786;0.3236518192198025
206;C20.0;0.41040157683578277;0.017354622672909197;0.3871123088885365;0.4332929077056625
206;X9.cis.beta.carotene;43.32241920967774;7.548796851071991;36.74484087544947;56.77193127905641
206;eau;36.315537245539055;6.020844562402355;31.0213121218145;48.0514751579467
206;ratio.alpha.beta;0.8827292506960537;0.17013259380037654;0.6999737825174603;1.1471021222926265
206;ratio.alpha.natif;0.4141953084599919;0.036180123720191505;0.37626815840332983;0.47332056520173815
206;ratio.beta.natif;0.5837756108958981;0.03935510764733927;0.5222509209885167;0.6359594909188082
206;tlip.MS;78.32584241984136;2.9256700294255134;75.10486956253841;82.34508192639562
206;total.beta.carotene;345.2189883323646;111.74656718772269;283.32869061918655;592.8445538404126
206;total.carotene;522.7958850151911;208.6449762559167;368.0595802859105;974.6178296584528
206;total.trans.carotene.natif;481.8768908602864;203.62351390011264;343.55177702727633;932.369464446959
206;trans.alpha.carotene;223.5888866784508;72.55830690023097;150.49197467947494;376.4979005308654
206;trans.beta.carotene;267.60179007199656;91.0267135015641;174.63787734909377;431.3562061448319
207;C14.0;1.063924441013732;0.0982456436624711;0.9514198302058726;1.1527928381497703
207;C18.0;4.828634294552074;0.18982362525223356;4.5507068049984465;5.059514965689275
207;C18.2;8.884681728160325;0.3185064768456611;8.38720099790106;9.188371384312982
207;C18.3;0.4070869374736786;0.05639169607156409;0.32572645309327686;0.4626295724317305
207;C20.0;0.32871796894497257;0.010033211052457911;0.31979893225563893;0.34429792504995904
207;X9.cis.beta.carotene;152.15315676478312;49.14975317164176;65.98514758227296;181.41482375077598
207;eau;38.12228701101105;4.501021918686526;33.89020861698496;45.2223435720838
207;ratio.alpha.beta;0.8868547062797351;0.08333358665547301;0.8095835042035477;1.0048950486763542
207;ratio.alpha.natif;0.4274862924451247;0.031621622728077205;0.39951518404395203;0.46993525981171586
207;ratio.beta.natif;0.5722544229270128;0.03149980518473206;0.5318064990187963;0.6005085554382643
207;tlip.MS;78.52816992998385;2.50066550409904;74.35921707548611;81.01292964821378
207;total.beta.carotene;1081.5963649063442;342.87140936965204;495.05423615714665;1342.1116467462823
207;total.carotene;1821.3944583138837;530.0599045616614;877.251010962897;2116.6666529099
207;total.trans.carotene.natif;1627.1325607421143;446.347407764521;835.6721854088636;1900.1770045499816
207;trans.alpha.carotene;597.2269472181249;100.40852105831657;471.00600411125635;688.3400849079866
207;trans.beta.carotene;971.4829518468414;301.2551704856399;455.7803461876692;1171.1840759446613
208;C14.0;0.7495562776974362;0.15481544994644714;0.5815608896543232;0.9711502552764932
208;C18.0;5.574919469786745;0.6965812464042413;5.007494223631307;6.76521702120169
208;C18.2;8.212005348452672;0.794290974623014;7.6693317015548095;9.598034551107107
208;C18.3;0.33152963210543246;0.031907780888811424;0.27844456169517184;0.35892107586559474
208;C20.0;0.3950321238163335;0.024579191292244812;0.36375258930620397;0.4210796496429991
208;X9.cis.beta.carotene;96.17515393921956;54.439575226083775;41.542310770956355;165.79830282604394
208;eau;33.31484566824207;2.3544953168583587;30.621022720765378;36.092151794621905
208;ratio.alpha.beta;1.1168391482561666;0.1815672370439793;0.8091429846948206;1.2693623829093434
208;ratio.alpha.natif;0.4625902905937955;0.02764876547544094;0.41575656976805553;0.48857578097518745
208;ratio.beta.natif;0.536013858870886;0.029783867309667388;0.514161291945427;0.5880857614761503
208;tlip.MS;80.98992098021267;1.2963137501638926;79.61759942569779;83.08758800789496
208;total.beta.carotene;605.746653275133;270.9974048039486;266.0492969659524;943.2838940937796
208;total.carotene;1055.003882315565;536.9673154699915;440.580695515932;1773.279261155029
208;total.trans.carotene.natif;967.8957047589844;463.7110195391014;396.0353382609704;1558.5542336848823
208;trans.alpha.carotene;431.8166346555553;150.66079993737537;257.90319783270166;547.254564576907
208;trans.beta.carotene;367.59485597938914;154.4123697686162;221.96277504619493;597.5071252699298
209;C14.0;0.6125928280033376;0.07863140745316764;0.5587782596468681;0.7475562823570422
209;C18.0;5.808994220926541;0.5459785673866958;5.3272823290832;6.658461808630835
209;C18.2;9.69656357450384;0.6321638003751489;8.813254249551262;10.477859921870575
209;C18.3;0.2882412712580588;0.020644623376421443;0.267153011452063;0.3136142998803367
209;C20.0;0.36304874140890664;0.036084811784529505;0.312229108215523;0.4110500072719783
209;X9.cis.beta.carotene;77.48977040059962;20.558299627545892;51.88160703010911;105.32635990522074
209;eau;29.824397156035616;1.1773130897699626;28.699189883024648;31.50922244219911
209;ratio.alpha.beta;1.1143532230844548;0.14231417650365055;0.9609018746655505;1.3314050134379434
209;ratio.alpha.natif;0.481097848624754;0.025090591053928024;0.4422524145636826;0.5112293553476831
209;ratio.beta.natif;0.5281496335907283;0.026216616227501603;0.4868913231252405;0.5595870033988565
209;tlip.MS;83.39074901816136;1.1045632548754274;82.00140903021305;84.45100091624906
209;total.beta.carotene;640.657979284513;129.5964426881931;487.6261959795183;840.46714027005
209;total.carotene;1140.451336513069;254.31225924973603;910.2317464667209;1570.8802534499355
209;total.trans.carotene.natif;1066.5256650299627;244.44825674547766;882.040724520663;1485.4630106685477
209;trans.alpha.carotene;488.13933888999355;79.1788432521833;369.65455349400537;564.5728095282215
209;trans.beta.carotene;446.36610931064826;133.5922739520112;319.9257483100806;602.3389451205729
210;C14.0;0.7876074623894168;0.08942631885619659;0.6847799666082497;0.9183091074394264
210;C18.0;4.70038196633426;0.1439605382527907;4.516033455888703;4.8319834757484985
210;C18.2;9.10703523753727;0.3277075688063382;8.701979397506769;9.467637778944791
210;C18.3;0.35968721887228267;0.01512697388978263;0.33982925560257754;0.37791930862048334
210;C20.0;0.3566834933413088;0.026674928448957056;0.317784360616169;0.3796619488563933
210;X9.cis.beta.carotene;117.19582123346436;23.785576844148142;88.99707640145783;141.80281438198833
210;eau;46.90136686986415;2.7904421431031863;42.51240887439209;49.23777591752193
210;ratio.alpha.beta;1.0828111258071242;0.0808584490187441;0.9966504007776136;1.1764111578386027
210;ratio.alpha.natif;0.47624591932711785;0.045231669160604816;0.39623945641779046;0.5076346482841043
210;ratio.beta.natif;0.5324190952151917;0.03892022326846824;0.5037050645839941;0.6007970920994002
210;tlip.MS;77.21014814297158;1.3642689877128718;75.69196065852948;78.94292951698417
210;total.beta.carotene;667.9455423377641;89.63819637289345;581.3521022467484;791.5055979081797
210;total.carotene;1059.5117186201217;98.59823333023077;947.721138846481;1190.7366054272286
210;total.trans.carotene.natif;920.5848659033184;119.7785940612643;808.0479912233927;1092.9545792581575
210;trans.alpha.carotene;414.512544007885;49.642749936638936;370.21624478351094;480.5945974102071
210;trans.beta.carotene;533.2866809342853;36.636989958870245;511.50623434246756;597.7439063847434
211;C14.0;0.7217189346322033;0.11130954790455119;0.6412757821471317;0.9168120482967576
211;C18.0;5.875355798710783;0.8913496197303344;5.192119763594439;7.359524158244323
211;C18.2;9.162698924062234;0.5428654052418022;8.503987354000992;9.690183306620035
211;C18.3;0.2693308425369486;0.04598165643445687;0.2230789209247096;0.33822712753469214
211;C20.0;0.3976454896376878;0.06094654179644489;0.3386576258200379;0.4761436706973786
211;X9.cis.beta.carotene;64.48148278405192;17.91057116243681;46.267953009300335;93.44237399603418
211;eau;30.780317008828824;6.8972150310941895;23.15984899706455;41.69811113974891
211;ratio.alpha.beta;1.0065257223418635;0.09536283144526318;0.8938835633483785;1.1234272512701011
211;ratio.alpha.natif;0.44527982930871224;0.0329201096893289;0.39064880461851587;0.47947667669360217
211;ratio.beta.natif;0.5664479937294471;0.03814085562583032;0.5136691211594491;0.6186590317402975
211;tlip.MS;83.30186730900667;1.1887949921455272;81.59814060739414;84.7142954800592
211;total.beta.carotene;388.73492845098247;99.53276389005995;271.7523482243035;506.74705375192343
211;total.carotene;688.8189477155115;201.9676472675586;470.84793093924054;948.442514893312
211;total.trans.carotene.natif;620.234052915869;177.94853558253382;420.4223359394254;820.6323607983295
211;trans.alpha.carotene;332.68561508102255;71.39991787811378;234.71486821840742;435.8808431650026
211;trans.beta.carotene;333.1061433591123;98.22867558313281;250.1552121028028;501.8510861934914
212;C14.0;0.8668104800401011;0.15874790139469275;0.6408012913409926;1.0759249875777115
212;C18.0;5.075936779459712;0.1123763158019264;4.950158184552826;5.2077400557372595
212;C18.2;10.012449655070522;0.4069957504961409;9.513146895780123;10.421707047631834
212;C18.3;0.23898249381329967;0.025981309819227454;0.21624433196700316;0.2832645872392441
212;C20.0;0.36924462452195117;0.027299409417118878;0.3407326689590439;0.4011215532017698
212;X9.cis.beta.carotene;40.6581098578315;17.795309847688866;28.49046700266641;72.04841819595387
212;eau;26.127140145737986;2.2225894747376285;23.701623091572152;29.228611021382562
212;ratio.alpha.beta;0.9148037259121938;0.09079670567369738;0.825434431081184;1.047282884185195
212;ratio.alpha.natif;0.4031040635721831;0.019348202907494602;0.3859791890019397;0.4344351612898521
212;ratio.beta.natif;0.5945103073851415;0.011048096984447177;0.5787385433954688;0.6095783847200614
212;tlip.MS;82.88987036643103;1.5644487109505947;80.71731854598048;84.3405599413682
212;total.beta.carotene;288.169353025001;127.58761981992149;202.2376157222945;511.91137464609807
212;total.carotene;461.55496989980145;213.79012884760078;330.937451761567;841.8889578984765
212;total.trans.carotene.natif;423.86080646632365;207.12629426716586;284.84628755326236;790.5085136311897
212;trans.alpha.carotene;205.05577667540038;125.62196871130233;139.57689656971854;429.23009623028156
212;trans.beta.carotene;235.60559324579862;119.12586812113902;145.36876056604797;443.08381648570213
213;C14.0;0.6172227749346454;0.09576242229283764;0.4255050404798789;0.7256766250828331
213;C18.0;7.0100427047467955;0.46161721247334414;6.650354806754705;7.7778565321595385
213;C18.2;8.996899320342413;0.5842406586882819;8.027620690814059;9.88596044710611
213;C18.3;0.22979107415002917;0.023969023530676738;0.18718630540639253;0.2623872889735926
213;C20.0;0.4051522632232067;0.04986357125826425;0.31831598636213654;0.4525987799363249
213;X9.cis.beta.carotene;32.32516310773592;5.935017517627453;26.89487009158694;42.805050984628245
213;eau;28.30394742803461;2.043568170012918;25.676434121930086;31.022721522705204
213;ratio.alpha.beta;0.9124836955293495;0.08737100528433121;0.7482660256778928;0.9922398980422823
213;ratio.alpha.natif;0.4210017839623018;0.01652902896921885;0.3985788189906364;0.44879942092895014
213;ratio.beta.natif;0.5749226667902266;0.01610240158761197;0.5561048930198933;0.5970370264254411
213;tlip.MS;84.38523613143717;0.21504942570558805;84.06444987200412;84.61548649882033
213;total.beta.carotene;237.71346196192894;48.115024279334314;188.19615017203643;327.79298431572397
213;total.carotene;369.5391440291895;68.15932722000449;282.7185258058118;493.75241487848456
213;total.trans.carotene.natif;321.82948101714504;64.24162115824326;253.973289977648;447.605184149251
213;trans.alpha.carotene;156.8315586321532;19.701248495681558;140.86186696982045;192.23262621904735
213;trans.beta.carotene;196.07042043458873;47.58886927241855;143.59232180726644;291.004038406101
214;C14.0;0.9691018002333684;0.11928845237987465;0.839195451673888;1.150064339794481
214;C18.0;5.008563226375694;0.18923530609288036;4.784559212970768;5.221783887600257
214;C18.2;9.395344717233561;0.1606803684975359;9.232425885043318;9.638171450697138
214;C18.3;0.31506722687389593;0.03191076027322816;0.27722939061789115;0.3589659329246721
214;C20.0;0.3350780470679283;0.02396528824353386;0.3060931955916626;0.35905988041161585
214;X9.cis.beta.carotene;53.57703513136403;16.091082327539752;38.58462438149095;81.0517606351897
214;eau;35.46586119849693;6.420019410368507;25.515667236102725;43.383693122506514
214;ratio.alpha.beta;0.9401416080443437;0.0955080821225873;0.8257271970547513;1.068177890636692
214;ratio.alpha.natif;0.4311178728152726;0.015561220360097942;0.4145443633434725;0.4516124700504893
214;ratio.beta.natif;0.5699466723288257;0.015516437253952558;0.5433322192794803;0.5820827697698823
214;tlip.MS;78.1387795638185;2.4734559589330263;75.54734856092482;82.01653230128856
214;total.beta.carotene;432.10769564051736;70.70885805953608;310.3559298548037;483.206819286638
214;total.carotene;747.4972301128637;168.16468562286536;473.03858673623625;914.0037290883031
214;total.trans.carotene.natif;668.8173800691051;135.84737504942996;454.9809529318855;818.9265804061422
214;trans.alpha.carotene;299.7552651236136;21.772835763465697;272.6312727606033;325.3260815234972
214;trans.beta.carotene;394.6312778382211;63.59228640377529;294.53961320096954;456.9904115570875
215;C14.0;0.9519580062461651;0.14834257022637432;0.7457536447442303;1.131170877803066
215;C18.0;5.2009453681446605;0.28763296233095254;4.745340916076964;5.492134427618509
215;C18.2;9.488187756051918;0.24859158143864726;9.241687253377432;9.964891955633131
215;C18.3;0.3748661386391046;0.1008951141708332;0.26711656578358023;0.49161700609891384
215;C20.0;0.3671478271390921;0.022423527777443997;0.3446768665651292;0.40145261136086885
215;X9.cis.beta.carotene;114.10828845152648;73.75065826921904;41.77491288836476;200.39202739075262
215;eau;36.40286796147364;4.0205095590799464;31.71319187060753;43.12837807394086
215;ratio.alpha.beta;0.965789866301078;0.13403740388074425;0.8010986939205326;1.1684746841132128
215;ratio.alpha.natif;0.39895518667420493;0.014151069945781277;0.3862569673951905;0.4267337614466146
215;ratio.beta.natif;0.6009248153646035;0.015096079393733442;0.5703188930949391;0.6159912713751734
215;tlip.MS;78.43729613683205;1.0437326339161228;76.85768165445023;79.8556701945038
215;total.beta.carotene;879.132997054656;516.6172186034214;250.37952435566538;1443.5328281630605
215;total.carotene;1380.6417502036581;788.2551662197576;387.84697979797545;2140.848316734328
215;total.trans.carotene.natif;1190.3029392930696;656.1127628347914;337.63035002936124;1900.7042888747944
215;trans.alpha.carotene;527.2715275554639;332.9412375003757;145.6739100272818;1077.1640043590958
215;trans.beta.carotene;688.4662779281164;405.6267693880199;211.23419784443806;1111.0110922974043
216;C14.0;0.8222472555430942;0.08096135438339346;0.7268991163877536;0.9141263763208181
216;C18.0;5.824278770026211;0.3116318329070351;5.42825413930231;6.144449844973338
216;C18.2;9.797567578029383;0.2611190006580693;9.496646217098318;10.158088947549274
216;C18.3;0.278921025159888;0.027664944165975973;0.25092971528212304;0.3212294212548108
216;C20.0;0.41304465579634675;0.026059037371539206;0.38377775171365286;0.45115785639270506
216;X9.cis.beta.carotene;59.73420142388568;29.90591826266417;43.26982589078244;113.0612130576423
216;eau;24.69996791108175;4.1617993390221875;20.859525080718136;31.381236923112628
216;ratio.alpha.beta;1.0182763391503573;0.22295147166648888;0.7671811214640255;1.2850630191687107
216;ratio.alpha.natif;0.4560761236063371;0.03230815233145476;0.4080023016565364;0.49551781021384483
216;ratio.beta.natif;0.5465112506604386;0.031532575275082755;0.5104775957669943;0.5966769175233574
216;tlip.MS;84.28093183012666;0.6798699519527788;83.18814108374076;85.00689749862653
216;total.beta.carotene;386.38388272813825;124.77867036718945;283.62960280116437;601.5589061293945
216;total.carotene;640.1672120343773;218.89235945600228;474.8677948311799;996.1053473169433
216;total.trans.carotene.natif;582.6545551917114;208.99558786327168;406.522979990157;938.198536455714
216;trans.alpha.carotene;258.09179029252743;90.37074135022331;186.48626806772907;409.932609963729
216;trans.beta.carotene;322.23891510913364;87.91470874391683;267.443968002305;474.17527497952574
217;C14.0;0.905569245274533;0.1125048565894275;0.7579038255354862;1.0093510655711144
217;C18.0;5.4799948590766085;0.33035393510989064;5.194580844485857;5.980573569128138
217;C18.2;10.272419153250501;0.35392579838670735;9.71904114041649;10.6820822132442
217;C18.3;0.2651193162635075;0.040141521687437676;0.22323769089879966;0.30619871847175223
217;C20.0;0.40963522531382657;0.03460563290752226;0.37750648200902925;0.463399605089078
217;X9.cis.beta.carotene;51.708803391623675;13.612288625567396;38.802361355171655;74.25028521708619
217;eau;26.811414084627994;5.673286999773258;22.78860588216982;36.79873425267974
217;ratio.alpha.beta;0.9643935594177137;0.0694801501019684;0.9245203627993958;1.0878141006357342
217;ratio.alpha.natif;0.44335952456914096;0.015119259452483236;0.4272953291251527;0.46297287385223107
217;ratio.beta.natif;0.5499314276598142;0.014981711251303412;0.5254717064621213;0.5646301018269065
217;tlip.MS;82.62066979737747;3.428553838099595;76.62190785710614;85.29409990294937
217;total.beta.carotene;424.7012699101384;115.65718941034552;309.3577913939414;577.6756261420244
217;total.carotene;704.3515319828665;243.20934333392876;450.7727254563543;960.0853821240473
217;total.trans.carotene.natif;674.2757735280343;220.67560037463124;453.5964769180461;923.7079252549067
217;trans.alpha.carotene;267.19369602140466;99.50949740065393;171.17257566742097;402.9307627310807
217;trans.beta.carotene;352.4633836833067;101.68976743394958;246.89646921264887;492.8958123667655
218;C14.0;0.8558077620321292;0.11510441525818776;0.7010401267892283;0.9826561723044703
218;C18.0;4.9944190355574065;0.7310879492589695;4.50449639277613;6.544360784698325
218;C18.2;8.98671422800812;0.0967258309324403;8.790114461820249;9.090560716783394
218;C18.3;0.3644686414552823;0.077175033615237;0.2644345882544688;0.466883752403715
218;C20.0;0.35731755374938784;0.036341476096385175;0.33025187044141446;0.43531952692359255
218;X9.cis.beta.carotene;83.50949094468122;55.30373130179624;36.74865090562153;188.2374065485639
218;eau;50.032024437504084;8.889012960331575;33.548226279527725;56.675806566761366
218;ratio.alpha.beta;0.8873267205519346;0.13916337388479666;0.6749503701339431;1.0872486766093288
218;ratio.alpha.natif;0.3854977773912281;0.011856008497712407;0.37391568643694306;0.405577714046928
218;ratio.beta.natif;0.6166445488917216;0.011696692277237578;0.6042635065572926;0.6355743988227577
218;tlip.MS;68.602607519489;5.49803234209819;63.10774844585252;78.3745571257404
218;total.beta.carotene;571.0629790857402;254.03945601668477;285.96012140707205;897.1006947285745
218;total.carotene;882.5764196417193;418.8127457257205;435.6526169899423;1367.0139494166403
218;total.trans.carotene.natif;784.5635782888779;358.65556307222295;384.4397402144204;1189.302573523275
218;trans.alpha.carotene;347.830367893467;164.83241468615464;162.23731565958727;495.9318098711749
218;trans.beta.carotene;519.6780839874906;304.90929462024263;206.97228965534453;893.8459950916613
219;C14.0;0.8372894611907882;0.05998143134621468;0.758460651660902;0.9152768578861213
219;C18.0;5.457658038200783;0.3740194207364633;4.987367102055438;5.90425122768826
219;C18.2;10.229640050420679;0.24662922431071854;10.003032130029263;10.574686525906364
219;C18.3;0.25365692876756596;0.014769515890106635;0.23976094064509307;0.27689976102852126
219;C20.0;0.4207401370984142;0.029183094756415433;0.38180856522595696;0.45570579322898686
219;X9.cis.beta.carotene;43.41593486908876;3.287416189962998;39.85088523905377;47.503524796651256
219;eau;22.59952781545406;1.223272526089406;21.326823600364026;24.32606954128578
219;ratio.alpha.beta;0.979134383236317;0.12436234768237406;0.8531968404810752;1.1363639306873512
219;ratio.alpha.natif;0.44357581904907556;0.027145636523433315;0.40003789268393186;0.4713620342825488
219;ratio.beta.natif;0.5592581694109875;0.025061129889903052;0.5294253196304376;0.5948366237305645
219;tlip.MS;84.77158836850191;0.36445206459369023;84.37759031903074;85.33907366435608
219;total.beta.carotene;309.4733809759896;43.51200758848472;256.74303034319547;364.38680586959447
219;total.carotene;471.9680865794976;81.45147268403157;387.45617893781395;607.2597150578758
219;total.trans.carotene.natif;459.61547997996314;59.13140541412586;380.1336636388645;538.812713964198
219;trans.alpha.carotene;211.82003483374538;55.770136459939124;165.6166170750989;302.0704956661802
219;trans.beta.carotene;265.00317923716045;30.556797144649092;240.30702571458212;314.62884822471256
220;C14.0;0.7722813065272914;0.0457646623456559;0.7197107027523356;0.8438156850905392
220;C18.0;6.551096514200951;0.8179025859542992;5.886294083369152;7.550112152002458
220;C18.2;10.588840854584927;0.13686910236629077;10.386127959336573;10.74573225448498
220;C18.3;0.23334235458664257;0.029755228439420352;0.2125082954836563;0.2846304917024923
220;C20.0;0.428599740704913;0.038862550202820305;0.3873479026797103;0.48279660833546045
220;X9.cis.beta.carotene;53.77047610978028;27.867833076426123;32.44223445502112;97.783118981623
220;eau;23.6050451478144;0.22157035329206293;23.28982537398357;23.806067212270236
220;ratio.alpha.beta;0.9520089211505974;0.1465168656255246;0.807422537904632;1.1305380622963073
220;ratio.alpha.natif;0.42824199234985383;0.04727979286269209;0.39042460739103163;0.5070276240608363
220;ratio.beta.natif;0.5711907402438962;0.04720449376815668;0.49385155604786407;0.6051459228506051
220;tlip.MS;84.18397394572288;0.45760217279820636;83.62435987104095;84.69642189745792
220;total.beta.carotene;342.73178877680937;114.0778167771955;242.02397124512012;514.1566680419057
220;total.carotene;550.0734936449014;212.88772409232425;377.82343855469657;866.3106790492425
220;total.trans.carotene.natif;488.8484822974855;188.85516127471843;327.32796620922267;763.5901123489867
220;trans.alpha.carotene;262.0025532185208;121.1007575079644;151.48344788625735;422.07883531867077
220;trans.beta.carotene;289.8827713383679;94.34284351865355;195.9908827047902;390.9142438204261
221;C14.0;1.136091768455066;0.16608229746636774;0.989983075181445;1.3942412464171545
221;C18.0;5.816753004022919;1.0846650738428982;4.742456920380928;7.1298128836817884
221;C18.2;9.850051464604732;0.34661402596378876;9.492226609028592;10.234423026625677
221;C18.3;0.29293490014813023;0.03636763416409089;0.23239131831395912;0.3274302943991879
221;C20.0;0.38891503710278286;0.038758189550800924;0.3496913781724736;0.4427675327475075
221;X9.cis.beta.carotene;48.8252218885367;12.682038937577246;38.1382838020382;69.95183300440024
221;eau;32.69285239875453;3.0435159316105693;28.112441413564262;35.25571029184866
221;ratio.alpha.beta;0.9651255635503982;0.16357761950182295;0.7646601360937527;1.155831640834753
221;ratio.alpha.natif;0.43538962211547155;0.030038908720670204;0.40251545610784584;0.4732411901365493
221;ratio.beta.natif;0.5693634895759003;0.030575694136951003;0.5290673533549021;0.611487841869325
221;tlip.MS;80.7080434171204;1.920265311035134;77.81695137651805;82.99288874573315
221;total.beta.carotene;402.3349722097922;114.8055782306765;281.66405626472033;571.7909856511419
221;total.carotene;613.8522341007467;151.63694623369884;412.3554739798204;765.5002933823722
221;total.trans.carotene.natif;557.6522013191445;133.7665656676079;373.19310013842716;694.2901462267529
221;trans.alpha.carotene;281.66897741186665;79.97797685848741;194.63751324215355;409.0320129246134
221;trans.beta.carotene;299.50063595873337;72.17328193170638;230.78432862837494;388.45402518626173
222;C14.0;0.9032992787240582;0.11748114283110195;0.7113016432460917;1.0091036299670622
222;C18.0;4.907169489555002;0.4993419939638259;4.390913071809528;5.45846002227186
222;C18.2;9.506293349992763;0.5700786502205;8.942208838973283;10.251826152635587
222;C18.3;0.32277319736314664;0.06882207423252654;0.26419004120614975;0.43290096284317575
222;C20.0;0.3679149116552797;0.02359319266416839;0.33010383484074773;0.39548187586797484
222;X9.cis.beta.carotene;78.36166651343417;66.8596606478357;37.04859841973846;192.4345158140871
222;eau;37.62301200799087;11.99711292723239;22.998722417649333;51.73519901430509
222;ratio.alpha.beta;1.1741438625268585;0.13676011368640795;1.0135030058241905;1.3435434962219732
222;ratio.alpha.natif;0.4686521491767319;0.05002093767862632;0.3892027423355803;0.5125420963576928
222;ratio.beta.natif;0.5322590516828709;0.047636347119596974;0.4878701015166258;0.606464659121314
222;tlip.MS;78.48817484944763;3.6735255706587;74.04935440494836;83.43444344076036
222;total.beta.carotene;600.3378292123441;483.22534255559094;239.83963570381187;1439.4250779662377
222;total.carotene;972.5941056519845;773.2787306940689;400.6458254713472;2328.675018608183
222;total.trans.carotene.natif;865.273767063808;671.613050535703;378.4001586132236;2046.8231486893765
222;trans.alpha.carotene;439.8564646180732;367.32803259223925;193.18423838727514;1087.1608240178725
222;trans.beta.carotene;446.53649127630223;340.9892707683264;185.30544297237262;1027.3919249507314
223;C14.0;0.764379671798846;0.154252947754237;0.6016674838395653;1.0084585017224195
223;C18.0;6.73518548298548;0.7162103719802009;5.570682820197232;7.709620113334894
223;C18.2;8.776176758856533;0.45922106427762804;8.205890234474712;9.261816357090904
223;C18.3;0.39011308560367536;0.034020911203862185;0.33081575387414014;0.431165052230446
223;C20.0;0.4766054629757178;0.011460310575790235;0.4558067326982158;0.49067183785973484
223;X9.cis.beta.carotene;182.7031986646216;17.84173568755409;155.1672829176304;212.9064559055526
223;eau;26.95573269681272;2.7123728450750044;23.437255943957194;31.28923775459602
223;ratio.alpha.beta;1.1830102598303736;0.20564958589355128;0.8882388475553137;1.3763396570609616
223;ratio.alpha.natif;0.4387036496185614;0.029456497242577203;0.39982297554108115;0.49034104450376903
223;ratio.beta.natif;0.5612332217071878;0.03241417861177979;0.5069804781537119;0.610015658858363
223;tlip.MS;80.56979147614119;0.917212898751552;79.3938755200898;82.3996029524556
223;total.beta.carotene;1241.410710261546;69.57749214535787;1148.940344372864;1324.8850848802745
223;total.carotene;2072.1845010055713;167.85264186016002;1856.237609110131;2320.2061513662034
223;total.trans.carotene.natif;1823.0946309967476;140.34271747723804;1655.3348096410193;2043.4151310254122
223;trans.alpha.carotene;810.8164421975217;201.13380612493623;539.045430573085;1093.2916721316492
223;trans.beta.carotene;1054.9022687035708;107.19304621289601;924.7022481330918;1237.9374768074122
224;C14.0;0.815000651827674;0.1320362903291951;0.6071813792856561;0.9487055639141325
224;C18.0;5.191941039773073;0.13787440662593958;4.9835734078076594;5.310165471985066
224;C18.2;8.051026451695687;0.6106919135864343;7.379030814442339;8.941405333816554
224;C18.3;0.26544961028568687;0.02692822334744192;0.23580122477798313;0.29084623710822866
224;C20.0;0.40372120721548044;0.026285974625607812;0.37596029566156747;0.4352501018229266
224;X9.cis.beta.carotene;51.715379426921345;10.279258758252954;42.90057301776528;65.26006674350768
224;eau;31.887907461026117;2.5244453434726513;28.670029926118083;34.991694306451855
224;ratio.alpha.beta;0.8628565830832811;0.13724203691639142;0.766866226889343;1.1050901228507537
224;ratio.alpha.natif;0.43227462643847747;0.021697892027858996;0.4062020118948264;0.45734239982879893
224;ratio.beta.natif;0.5668185989456233;0.018613402989305205;0.5424821027419852;0.5891947133943969
224;tlip.MS;80.00685346426778;1.9161245083831548;76.86110738002078;81.65556429653067
224;total.beta.carotene;392.85087536670903;139.49712702073654;286.5583238022533;610.0137431302855
224;total.carotene;628.9410033410621;255.43548884923948;423.7317363871683;995.7600269371578
224;total.trans.carotene.natif;565.1828329636008;194.31169528670628;394.3142354667479;824.010857116052
224;trans.alpha.carotene;264.78155616235705;114.59415219366137;171.39842268049284;418.631538507067
224;trans.beta.carotene;262.03891997892475;77.61840992048856;161.38009575385416;359.2039400923674
225;C14.0;0.31405767804348433;0.03481862394120989;0.2713011292056086;0.37720830892367324
225;C18.0;7.525370536581271;1.046137210246542;5.409207714917544;8.466445764963897
225;C18.2;7.9760754679792445;0.46049467266790445;7.429239654109662;8.902609201425747
225;C18.3;0.3672868346736217;0.0319760462706457;0.32859802578490127;0.40996280617483294
225;C20.0;0.4676082666866859;0.044483577437554225;0.3770863451019119;0.5105017558377177
225;X9.cis.beta.carotene;172.66009989630646;20.904664316487214;146.68911170262388;211.26029438344045
225;eau;29.654499824251243;3.109882682670467;25.432800913972823;33.85342667656314
225;ratio.alpha.beta;0.9121750360037407;0.12847540629591203;0.7456113077321549;1.0612677506059
225;ratio.alpha.natif;0.38704776793100937;0.021445066141646353;0.3478615182043927;0.4147970482668763
225;ratio.beta.natif;0.6104787027233307;0.020269822418019917;0.5864258896237527;0.6470028543385343
225;tlip.MS;80.37811888684116;1.5740431355603923;78.06519427923969;82.81522864733329
225;total.beta.carotene;1114.9696562865827;165.08339223120262;869.4032589226498;1359.5798529366134
225;total.carotene;1806.9573774474177;233.19737624438125;1520.1672802545602;2162.820926164363
225;total.trans.carotene.natif;1543.2714315179887;200.85583812702487;1289.6603307536554;1834.4412363988283
225;trans.alpha.carotene;643.6975935534484;185.9127910556953;443.83408512631235;971.7197886656106
225;trans.beta.carotene;756.3389797812861;181.60691133245606;485.29959344901874;969.1959333087661
226;C14.0;1.1024921335870483;0.07375081164874678;1.041993722640054;1.2167393660070085
226;C18.0;5.21487928176232;0.36021612007679277;4.955349227266499;5.849745694718296
226;C18.2;10.036125362939856;0.3297962887900921;9.446506119331092;10.199132234584535
226;C18.3;0.2850112428175833;0.01854048464525579;0.2565794999729371;0.3061625903550972
226;C20.0;0.3475123159696937;0.027332811618359838;0.3245623973317484;0.3930711446878752
226;X9.cis.beta.carotene;47.40409389110639;12.64892536422388;33.96525234634215;65.25926465238089
226;eau;28.239963834535615;2.7552983097222565;24.436651054470786;31.296537397319604
226;ratio.alpha.beta;1.0757250543171861;0.09123644123077854;0.9745269858862432;1.1514159097804018
226;ratio.alpha.natif;0.47529213879832044;0.03655107185740075;0.41550641254020854;0.5068159678294888
226;ratio.beta.natif;0.5280290409259212;0.03592007537884572;0.5000407047685045;0.590073917667581
226;tlip.MS;83.05186548460611;0.5626677344168112;82.34769295373526;83.76361108213433
226;total.beta.carotene;351.82020544468725;108.62071924137092;229.59687718854784;468.60802798621995
226;total.carotene;573.0785281939311;204.7044763786958;349.65658637485626;825.8986110805203
226;total.trans.carotene.natif;510.339193557973;183.71729628257742;310.74818204461275;702.9587753007695
226;trans.alpha.carotene;251.9515129859498;66.63906920371541;175.15655140811492;338.7119403806588
226;trans.beta.carotene;283.6532349572001;110.82171542399148;176.6739804340536;424.06704086977965
227;C14.0;0.8937827885869835;0.09255449656243332;0.7549851969933279;0.9914070789029804
227;C18.0;5.6336712923766195;0.6945197795077696;5.078781494721642;6.76846944032774
227;C18.2;9.796911017624893;0.31720973593379176;9.477433083754523;10.215544626076296
227;C18.3;0.25996810260092157;0.01691165120712078;0.24164086346318847;0.27846834928615133
227;C20.0;0.3600271419035956;0.030704990867431857;0.31435496506282745;0.39205947163109356
227;X9.cis.beta.carotene;34.24292328690138;4.505993948855111;28.48967103811885;39.16940275068017
227;eau;28.946878706408732;2.9684388498265792;25.207172877957316;31.418198151607545
227;ratio.alpha.beta;0.9347596363769567;0.11388924718646748;0.8284507319193424;1.0975310611822948
227;ratio.alpha.natif;0.41577358330151276;0.03127963719692919;0.3789193315352483;0.4534468038740272
227;ratio.beta.natif;0.5802888482232003;0.036578707587679136;0.5353735107762805;0.6220830429047964
227;tlip.MS;82.0600735481306;1.3831816492524354;80.295620533377;83.82560166016782
227;total.beta.carotene;270.0314807538673;62.14406745578517;226.9868842525126;376.2764270425929
227;total.carotene;422.6875830616423;78.82314878200712;373.9032279565616;559.6332371480337
227;total.trans.carotene.natif;391.2640218525052;62.00511275306595;337.45470326970616;498.1003030654449
227;trans.alpha.carotene;171.0594402266285;40.998794709874645;146.55804869892216;243.81517085798697
227;trans.beta.carotene;204.4362795146945;51.40334330406572;153.69848358697743;290.90211054006164
228;C14.0;0.8693560063746014;0.03791144494790502;0.8290754584183913;0.9179378694253383
228;C18.0;5.261453966008843;0.30666856598469777;5.0010756994557966;5.7052160965478445
228;C18.2;10.448298895051554;0.4000692537422433;9.78599622735498;10.816004159862944
228;C18.3;0.2865470138337097;0.022988119567367217;0.2662335898676111;0.32237289074666026
228;C20.0;0.34726931084112195;0.0286922971811459;0.3249143432569976;0.38950961786979343
228;X9.cis.beta.carotene;62.581569295608425;50.603149525751;35.01998869313335;152.00243807498578
228;eau;25.88886891069394;2.9769370448360823;21.29825275757054;28.93909643425674
228;ratio.alpha.beta;1.0460771715162263;0.1382811999024618;0.8756840948293307;1.2459296695110973
228;ratio.alpha.natif;0.445718902539664;0.03218012117276249;0.4050310742173649;0.48905923968288756
228;ratio.beta.natif;0.553486099389362;0.034411751151074886;0.5070121546492927;0.6015917740320295
228;tlip.MS;83.1292336635195;1.5884889457001499;80.38235583514312;84.19213477164736
228;total.beta.carotene;485.1698134807463;278.7177324713405;279.16305999422184;973.2657635586459
228;total.carotene;803.7853601709418;542.3959794398719;386.4246108391759;1740.595312841056
228;total.trans.carotene.natif;730.7684989139077;491.2668344921402;367.57223468739073;1589.106168482374
228;trans.alpha.carotene;280.14387560121855;107.80860871950831;177.49961363183164;449.7076244593074
228;trans.beta.carotene;312.4530362653703;178.48700252827416;185.68414061046985;620.7596912516959
229;C14.0;1.0769270221628409;0.11321531576445232;0.9103367927584497;1.211315963357749
229;C18.0;5.029382619687079;0.21408796830537244;4.785110266183325;5.351601075698823
229;C18.2;10.474325034644036;0.2503647723729927;10.190384352848763;10.697555296115649
229;C18.3;0.28703247742917676;0.02605029580458052;0.2487451918161529;0.3120866994217937
229;C20.0;0.32874260216476586;0.008013587757991138;0.3180700508856559;0.33678945651963216
229;X9.cis.beta.carotene;66.41521936597597;8.721141675584198;56.26339770573632;80.09392419296594
229;eau;25.48104899863602;1.8259719864376847;23.9145204827865;27.821060875757176
229;ratio.alpha.beta;0.9490125309359426;0.0740358881476204;0.8437424255922044;1.0448128316020868
229;ratio.alpha.natif;0.42295090579961714;0.031676973819177195;0.389188029271603;0.4655611463371669
229;ratio.beta.natif;0.5746736962584467;0.029646982524043106;0.5330960526016536;0.6040195980097465
229;tlip.MS;84.48854630553038;0.33081461539120655;84.14561185424884;84.87723774311003
229;total.beta.carotene;499.0314567102856;142.26989438374466;331.76749047273347;703.2459121071349
229;total.carotene;823.7818727501026;206.79771740367866;560.4130304865714;1109.4478759308486
229;total.trans.carotene.natif;797.6549734678407;212.72327784169093;506.44083829355594;1056.456252480576
229;trans.alpha.carotene;345.8638578581818;66.66383906184173;239.6544942315945;421.911068665554
229;trans.beta.carotene;340.42242360857546;51.76977243123796;254.2227971762585;378.29233707586536
230;C14.0;0.356523623869037;0.07153415905017092;0.2608461095040897;0.4843975327535216
230;C18.0;6.7947946286899805;1.2732700240078372;5.345278163943676;8.297152702057192
230;C18.2;8.128614264966668;0.5573043938230576;7.237034791239968;8.824133199979451
230;C18.3;0.33851141577147736;0.04855891130767333;0.2812041002999914;0.39973997059645394
230;C20.0;0.4551725914136866;0.022796450220860336;0.4218550053253582;0.485465975361446
230;X9.cis.beta.carotene;125.21067979919044;61.465620854843685;57.91468897374694;199.63022165341113
230;eau;28.55743051153126;4.8447721193892574;23.64526194385748;38.540739448928896
230;ratio.alpha.beta;1.0997531893441121;0.2526214130959253;0.8473847676722548;1.5234747654300962
230;ratio.alpha.natif;0.3908325005649406;0.011423962249099204;0.3781534128774067;0.4097382086866729
230;ratio.beta.natif;0.6135972607195195;0.018793610283578677;0.5932700302187076;0.6435009129556236
230;tlip.MS;79.25235304477083;3.9745868945192813;73.59947852941517;84.86236835303247
230;total.beta.carotene;901.0531925743891;259.36789468111425;492.1590431342832;1198.7167731858592
230;total.carotene;1522.3546402959953;411.67352266378396;955.7280945657119;1983.958083878156
230;total.trans.carotene.natif;1256.1209980641904;269.5966304583976;858.7555140743564;1567.0277975965948
230;trans.alpha.carotene;536.8676553063734;133.58296503221973;310.36104157314037;712.3454180425088
230;trans.beta.carotene;606.1873461561512;260.6497571705267;300.3325560683799;958.712931314908
231;C14.0;0.61179979801571;0.13740546807713486;0.38705711887261235;0.7823612309154364
231;C18.0;6.012635443898828;0.741071418776573;5.3419807282879495;7.135918618081482
231;C18.2;9.237236246095064;0.6299310976758031;8.083442724254262;10.0912350694284
231;C18.3;0.2476250208687052;0.050300342551568136;0.18985197351263963;0.325633154598406
231;C20.0;0.44638837905999723;0.048222821465153456;0.38731405924423223;0.5116049551227495
231;X9.cis.beta.carotene;63.83881658020427;40.970082190528935;38.693616766196904;152.3624334447181
231;eau;28.204069875664022;3.7982937571512276;22.885581012439683;32.90797385979242
231;ratio.alpha.beta;0.9201223992093948;0.1437951763680447;0.700802667349776;1.1351113153050216
231;ratio.alpha.natif;0.4194136232529203;0.018867734464937003;0.3921999577718209;0.4422033083346926
231;ratio.beta.natif;0.5824576080517622;0.021959999680653076;0.5538270017189889;0.6165699177025965
231;tlip.MS;81.64854811867886;2.6067073756779875;77.7842200002591;84.29417685387865
231;total.beta.carotene;472.9372540500844;286.5713999188806;230.1978721086814;1036.9952243644423
231;total.carotene;727.0809380165722;491.3966234549777;343.72640375386544;1683.902460262595
231;total.trans.carotene.natif;660.196288248712;406.56266548658306;327.9253931951039;1462.9846762049458
231;trans.alpha.carotene;291.25861581119835;159.4637336160235;157.41464729780535;570.2921423180507
231;trans.beta.carotene;347.34667043093157;185.56354333548094;193.47891302360028;662.5747994433328
232;C14.0;0.5671413071753523;0.023115433787848708;0.5452988044212073;0.611667899146661
232;C18.0;6.587197243488366;0.8972117423843047;5.568415376163168;7.864131487814245
232;C18.2;9.02229588928933;0.5260067855723642;8.120718655201332;9.768278545346494
232;C18.3;0.262926603718701;0.03857769325039276;0.21732878338495984;0.334665807258336
232;C20.0;0.460177580182788;0.017545287637680082;0.42829156591223183;0.48814673418560417
232;X9.cis.beta.carotene;70.77528985728561;47.72909064775794;38.6765847441143;173.43628547204128
232;eau;23.843620684798616;2.9131985871300294;21.535962022082803;29.666266067325765
232;ratio.alpha.beta;0.9283273435618133;0.12445311821971568;0.7379762471295608;1.13269146006201
232;ratio.alpha.natif;0.4183478186463179;0.023672929437207745;0.3983727122502725;0.4641853936682206
232;ratio.beta.natif;0.5844689162145039;0.02121247539841378;0.5426744150208812;0.6043209364222468
232;tlip.MS;83.8619940542785;1.7961135863850692;80.08140295494624;85.30437317839808
232;total.beta.carotene;548.2791497565005;316.4531877469341;317.4186528362127;1166.3213458888729
232;total.carotene;873.4528791307582;503.3857128256984;446.4142803916144;1825.7657285962314
232;total.trans.carotene.natif;774.5264348082685;408.6555529335652;421.77181481652826;1536.675514037982
232;trans.alpha.carotene;319.5581677373173;126.40067978924894;185.06331165942004;568.9919651280933
232;trans.beta.carotene;345.99103697988824;167.44854106928133;241.32431233010215;717.5180727439911
233;C14.0;0.3567977543745108;0.021587674614066032;0.3284894499300368;0.3847388377246936
233;C18.0;7.693352921950885;0.6415638452112397;6.734123495106179;8.52568636192198
233;C18.2;8.641630690216571;0.40083700951163126;8.083041734231523;9.100517382122202
233;C18.3;0.3370650017992084;0.047114521113536825;0.2790359342298953;0.42585005609155197
233;C20.0;0.4201010027311751;0.050694243371043016;0.3439378548343466;0.4808180655472469
233;X9.cis.beta.carotene;162.64839515273374;34.00904743623366;93.90302066709268;190.20695744776415
233;eau;27.212223933934645;2.5986776147384867;23.91430253742722;30.52843883119349
233;ratio.alpha.beta;0.915342569094954;0.15665940755685312;0.7156757283266518;1.1033250612266243
233;ratio.alpha.natif;0.44120929028642586;0.026094205881968143;0.39587228745565745;0.4732616153849204
233;ratio.beta.natif;0.5660253111219896;0.018852771023218747;0.5462033147897852;0.588079906790649
233;tlip.MS;80.09400684904051;2.0523424434680058;76.52097408759455;82.62900642162039
233;total.beta.carotene;1182.1109171473197;230.89256192740777;743.6677613329989;1512.7861478833938
233;total.carotene;1872.0824500415285;288.5585117098183;1266.5588421912855;2100.677501181084
233;total.trans.carotene.natif;1587.1916278382614;242.5264473446053;1111.4750106512568;1854.6699676957587
233;trans.alpha.carotene;546.6528272380307;89.88323841300179;447.14129312655643;708.6239503182984
233;trans.beta.carotene;828.0117627671287;180.08024803239132;516.3559254972494;1061.8539301640217
234;C14.0;0.5360587224091592;0.09963376087088209;0.4188686021555179;0.66081307182662
234;C18.0;5.77819825154134;0.9069924443584668;5.077139199822104;7.7107956349824
234;C18.2;8.863969198179385;0.620121548090513;8.133471981176951;9.771949219630228
234;C18.3;0.25566000341979767;0.019678661120625007;0.22760026892813745;0.2897698470334414
234;C20.0;0.41715206317856646;0.03663123939262203;0.36488112838830405;0.4723713535783257
234;X9.cis.beta.carotene;63.38788694669596;34.33866477610539;37.64447850129021;124.92758247161044
234;eau;26.26358301891172;1.7785492090042136;24.531712023969536;29.610606262920413
234;ratio.alpha.beta;0.9224286136297255;0.0915391892231159;0.7896392469748194;1.008642829745944
234;ratio.alpha.natif;0.404154189532343;0.018290499290480614;0.3726905700548117;0.42806154110464417
234;ratio.beta.natif;0.5962620118651557;0.016022120782418724;0.5729955496256453;0.6233661900918234
234;tlip.MS;83.53469104565819;1.254382698505414;81.63527415233413;84.834722167601
234;total.beta.carotene;379.52541547374705;98.55085232501968;276.59344931248523;559.2912591490041
234;total.carotene;598.7944568019165;182.2448095463285;419.56154117990724;912.6432011529974
234;total.trans.carotene.natif;550.1765595704749;148.03759461231994;392.0019167892209;823.4584844590412
234;trans.alpha.carotene;269.9813211182688;79.60999053925221;164.59884944474587;372.4363816694861
234;trans.beta.carotene;300.846881052271;81.26292657610371;199.43858375597355;437.6164769391439
235;C14.0;0.3684649229230682;0.032252228142125715;0.3239172061672198;0.4137666235805421
235;C18.0;6.736216851276798;0.5687437723465886;6.1572652413138265;7.432445581559622
235;C18.2;9.459131039381694;0.13556961374308385;9.29962151234543;9.612880289958008
235;C18.3;0.2826001003064995;0.013093616188982846;0.26607759807514236;0.30083429101112863
235;C20.0;0.4443284853973302;0.03588566245937107;0.3897046878032166;0.4892596728625259
235;X9.cis.beta.carotene;94.15581099017149;21.579125777362236;68.29773412521334;126.04018063790883
235;eau;24.866869712435218;1.722285509445777;23.44734964535709;27.72876712505705
235;ratio.alpha.beta;1.1738825182583175;0.18423049262312452;0.9874961936954636;1.4173601894721894
235;ratio.alpha.natif;0.4798452488953899;0.02744177271454577;0.4560964809010273;0.5228443163516754
235;ratio.beta.natif;0.5184164291843836;0.028723634256299733;0.4786129427208391;0.5503716041302723
235;tlip.MS;83.52497300748254;1.091153879940935;81.93742585507553;84.87805515014543
235;total.beta.carotene;782.8552955474041;75.72555811174216;694.9908286178579;885.6062270284866
235;total.carotene;1472.456662785493;163.3723521674511;1309.4793020378906;1651.503204829171
235;total.trans.carotene.natif;1369.2771092412863;95.36542273876735;1264.4706896890602;1473.4434635198202
235;trans.alpha.carotene;455.95124071225734;59.05715426257932;369.9526405212132;533.828051865889
235;trans.beta.carotene;549.8736288557332;62.66322124615561;480.0646824819532;619.3941970622425
236;C14.0;0.414361671811268;0.11335023051989808;0.3345240330937754;0.6652356181086243
236;C18.0;6.928015718481924;1.039214803410142;4.94467470832334;8.329093826392587
236;C18.2;8.116852606248997;0.4795664878119659;7.706612359216536;8.942335002593635
236;C18.3;0.32346954106226145;0.09912890640470508;0.23945780648659631;0.5087122051258279
236;C20.0;0.4493450856204847;0.04061798100941847;0.3834973930673782;0.5018917217055402
236;X9.cis.beta.carotene;119.31761361650113;60.345608662403635;43.05260648786647;192.4834127130935
236;eau;31.55486111979072;7.772553825134515;23.114131053516758;45.07568479622137
236;ratio.alpha.beta;1.022375794066322;0.13558607351378715;0.8351580437357252;1.1938888077344416
236;ratio.alpha.natif;0.4097214232873908;0.029411565283595696;0.3527554096350237;0.44035400276785713
236;ratio.beta.natif;0.58567245087023;0.027264193646636774;0.5591393773834028;0.6335056886693884
236;tlip.MS;79.80495056359196;3.7578148131872546;73.09659432219455;84.2371826647898
236;total.beta.carotene;829.906814265797;469.8106588790888;302.5941618144028;1439.6261136707305
236;total.carotene;1410.7980594595554;803.6406696846482;485.4351178097811;2439.222762608583
236;total.trans.carotene.natif;1178.3463006018185;617.209226849262;458.18923520322477;2029.509201638883
236;trans.alpha.carotene;525.9096253031104;298.7638842293012;179.9974868067492;1125.9388050827174
236;trans.beta.carotene;560.9486807156584;318.4758981260106;261.97432479195953;1096.751370497537
237;C14.0;0.5104940154429463;0.03195731959262519;0.4709149119547598;0.5479432840743503
237;C18.0;6.114958157399358;0.8282043303156065;5.497257399079131;7.34765436034538
237;C18.2;8.425509138758503;0.715156849239288;7.749934207610554;9.465199737814888
237;C18.3;0.2800567695193771;0.05361342483521616;0.23212969821792995;0.3653774642046735
237;C20.0;0.4023469277334608;0.041598908187095995;0.35167745019295876;0.4542478017786854
237;X9.cis.beta.carotene;113.24947241004233;53.47763881790846;46.43045649647789;179.27577929537142
237;eau;25.380979712439203;1.2877732905158892;23.795702773424615;26.78565174485352
237;ratio.alpha.beta;1.0498429944270573;0.12723769856697542;0.8701786479464896;1.2269687234085755
237;ratio.alpha.natif;0.41629674067657324;0.03137355740794213;0.38490002230654236;0.4685615899013436
237;ratio.beta.natif;0.5857578951366949;0.03700678019399252;0.5211820210070135;0.6153508483083526
237;tlip.MS;84.26678223683498;2.033020658203866;80.78846927733844;86.06489238425354
237;total.beta.carotene;743.4490588788243;323.09585820923456;410.4388241474356;1133.3015096300599
237;total.carotene;1330.3070321293474;583.4535076691376;661.5908403678902;1966.39645580301
237;total.trans.carotene.natif;1214.667483968398;531.860688042897;596.7842326066183;1740.7332959337066
237;trans.alpha.carotene;490.1407064681965;176.05118758016073;298.025515891107;742.7833816031579
237;trans.beta.carotene;524.9180777650149;247.7247219936243;274.23396158749625;879.3365290627506
238;C14.0;0.7334534083057986;0.12022681160857467;0.5679862269364405;0.9433241824914304
238;C18.0;5.586707934730271;0.7932868435277695;4.958820979241176;7.134127836737947
238;C18.2;8.320538688923504;0.3566998811674499;7.910163061662558;8.818670094355335
238;C18.3;0.26153689008256903;0.022898244477560312;0.23793558934615902;0.30107695372983634
238;C20.0;0.4027661127497666;0.04988500759252434;0.31235323538121385;0.4574152712601876
238;X9.cis.beta.carotene;72.13259580979117;26.236366213176264;46.36864304307752;125.03108240258422
238;eau;25.764583109831797;1.6786887225847802;23.071521255331582;27.407465795164956
238;ratio.alpha.beta;0.9765550281652161;0.13123218703730072;0.8263291837256465;1.1452203835016663
238;ratio.alpha.natif;0.427637266366259;0.022713249821240015;0.397301117111746;0.4581668057317114
238;ratio.beta.natif;0.5788126299625199;0.02420868987119967;0.5402179797296934;0.6131262759903133
238;tlip.MS;84.77957931587784;1.1098701797806874;82.63440688412011;85.69677757688314
238;total.beta.carotene;543.3812475303041;256.4177774614586;323.0987225034583;1063.7337399807016
238;total.carotene;938.0550539919495;485.16107921004976;464.58978941772284;1927.636854155976
238;total.trans.carotene.natif;874.9491827852371;424.23690283544926;447.5746262105389;1708.661916982312
238;trans.alpha.carotene;344.8612293721579;119.54179525789716;163.16907509848613;506.6916942875441
238;trans.beta.carotene;346.74899253274754;100.1539145328941;249.63759916602837;516.9919929876625
239;C14.0;0.4203405449967255;0.05382382517967484;0.3330252152284473;0.49430037798729376
239;C18.0;7.036025720284646;0.9761285955344965;5.292532349570604;7.853707291586808
239;C18.2;8.285709871202375;0.7389975280975796;7.330890809735828;9.027150332768448
239;C18.3;0.2439188202926955;0.01789693361967263;0.2255554296191953;0.27601467012526704
239;C20.0;0.4464233400308177;0.04316306178077017;0.35519466638237984;0.48215432044413853
239;X9.cis.beta.carotene;42.005042088970434;3.9153342599976324;35.87041738391346;47.965054983781364
239;eau;27.000307034321462;3.161531526889212;23.620717162529154;32.51733788103111
239;ratio.alpha.beta;0.9961530969654113;0.15148180209722042;0.8260741157014883;1.2247313335597008
239;ratio.alpha.natif;0.41152070690063425;0.011634334495520864;0.3994449973235706;0.43016839497844644
239;ratio.beta.natif;0.5886893165258532;0.020256135151882335;0.5654344482480458;0.6157066169752785
239;tlip.MS;81.42203255566945;3.367760742969883;74.8260386324409;84.90457601758156
239;total.beta.carotene;325.9873604238301;60.32217472546371;232.7462679735714;397.8290352750802
239;total.carotene;495.57133083722005;109.6378607209611;369.9151153061315;659.9499390203808
239;total.trans.carotene.natif;470.9563769346018;95.92212192468203;359.19460034078315;602.0637973798513
239;trans.alpha.carotene;216.12094775139448;41.642994602136035;174.01891207092396;278.10240738918907
239;trans.beta.carotene;236.7822998830718;41.205712649494046;200.47508908121978;309.900267507975
240;C14.0;0.662960815894827;0.08631938372563641;0.5702039334989427;0.7759854554271027
240;C18.0;5.744607141018714;0.39856865077653003;5.3814720105952;6.2029560431856465
240;C18.2;9.837589579764368;0.48824277608537103;9.310681523116592;10.460097401582477
240;C18.3;0.30473350269893773;0.020174903107865495;0.27874613740857523;0.3349399307470178
240;C20.0;0.39165071549869745;0.015533746808164097;0.37129325832611376;0.41214620749992564
240;X9.cis.beta.carotene;95.39179534384043;24.61073130116211;71.62329746733218;135.21910502991068
240;eau;27.365394104104304;3.9127022399146396;22.08661685571592;31.2723086800499
240;ratio.alpha.beta;1.285373114375677;0.12583870569874608;1.1366545948911584;1.4077616147420267
240;ratio.alpha.natif;0.4895242587736736;0.0353768867874598;0.46068723333068506;0.5398320381925379
240;ratio.beta.natif;0.5085127131409752;0.03576988486539719;0.45157824813318603;0.5380363780112879
240;tlip.MS;83.6104744815229;0.593234142767786;82.78081184972243;84.23550780527889
240;total.beta.carotene;769.9372467003031;272.2922153711974;556.7065256531711;1162.4197145356336
240;total.carotene;1361.8363469074525;401.5122301289254;934.0772561544879;1884.1605263701254
240;total.trans.carotene.natif;1158.3475735129527;339.0025906365322;836.2260901210367;1565.8943418696772
240;trans.alpha.carotene;677.025587057555;103.43202628671833;566.2529955900321;828.292151933116
240;trans.beta.carotene;542.6186357863287;151.58240529884563;396.4907181629293;731.4740691277703
241;C14.0;0.4175666135423475;0.0883299612307407;0.28667862891011553;0.5388562708519101
241;C18.0;6.48643481453823;0.7479899927902419;5.505040765544759;7.586457859678952
241;C18.2;7.519421892018735;0.3255610583320944;7.207236224306645;8.005436028298496
241;C18.3;0.380847210709839;0.03923131002376667;0.3152859736300384;0.4123837689192152
241;C20.0;0.42688296154631555;0.022414726458716044;0.3905254712145403;0.450807680038924
241;X9.cis.beta.carotene;181.30310533731014;25.69723269421963;147.52266117554208;213.6085963322031
241;eau;31.69497804563796;2.6184146059960676;28.524624361291735;35.90878154076622
241;ratio.alpha.beta;1.1937560971173473;0.20016297874746566;0.9606385013211529;1.4838286748079978
241;ratio.alpha.natif;0.469897892997251;0.03092073704082845;0.4298653245499111;0.5241712606970007
241;ratio.beta.natif;0.5318946386647726;0.03418493439115146;0.4757926265566856;0.583431391856744
241;tlip.MS;78.57754484070517;1.7633413411724572;75.95712358394125;81.03665327898216
241;total.beta.carotene;1170.770460764541;120.16838914893297;1009.8019583453319;1337.8909869283307
241;total.carotene;2027.0464833960502;220.34638961440683;1660.9451662038489;2384.733152534622
241;total.trans.carotene.natif;1701.1393994159432;165.99537331300345;1500.4112821308977;2012.3037467205193
241;trans.alpha.carotene;769.5502454937771;189.75495540636754;571.6475063819688;1138.6828227229696
241;trans.beta.carotene;890.0409759792384;132.3892027926557;745.7985957890555;1101.1379467740446
242;C14.0;0.25977991528823247;0.03461896694057988;0.22144064251399645;0.3066154636226859
242;C18.0;7.189496495521891;1.2572462479743505;5.266796019336152;8.27822731563467
242;C18.2;7.3640331093409;0.1523060900033079;7.164666286274361;7.525971452510889
242;C18.3;0.3171736671604018;0.04344318705297242;0.27959595037349494;0.39095022066413443
242;C20.0;0.4421842629597056;0.005701031742804963;0.4327520875034928;0.4473770339756777
242;X9.cis.beta.carotene;91.66034876868704;60.27909211468168;44.93285520831507;192.77150790935943
242;eau;32.92448373022667;4.113408792064842;27.102645106549076;38.04689780509757
242;ratio.alpha.beta;0.9957733030761966;0.14346571855186233;0.8214469591664804;1.1976516304279257
242;ratio.alpha.natif;0.46713347595591836;0.04586804699096816;0.42835678561184937;0.5398660589577866
242;ratio.beta.natif;0.5361178579716148;0.04960097216041087;0.45576763367017775;0.5922144835091694
242;tlip.MS;78.17137328396271;2.1782462661707065;75.78316642598995;80.6967350450251
242;total.beta.carotene;735.2679981733675;384.4985192066487;386.5863282555476;1367.3823843836167
242;total.carotene;1223.2673736474171;677.3464942929567;597.7278014896485;2351.5417551843984
242;total.trans.carotene.natif;1040.2243795255386;575.1819762736184;529.7815278357425;1994.743139443912
242;trans.alpha.carotene;458.66643373977377;201.50870740311106;237.77245562216024;672.6150104036564
242;trans.beta.carotene;512.0757121082404;271.9629855543438;277.07650878424147;936.5263599503231
243;C14.0;0.7642720164542243;0.09873783550313574;0.6257418473502661;0.8464028353474362
243;C18.0;5.409137572841342;0.3576998550543665;5.196803868698895;6.044269585165922
243;C18.2;8.882442442212854;0.3983224613174792;8.325264758044366;9.384068537128071
243;C18.3;0.2684383416107515;0.036184383677508244;0.23829185806617217;0.3177328504035107
243;C20.0;0.42687746807548355;0.04570043040923607;0.35814424265404116;0.4712182272964208
243;X9.cis.beta.carotene;71.4909479127251;12.055011035612525;62.19455636813025;92.57873222019298
243;eau;26.577013896111918;1.7846724483576557;24.251413817309555;28.933678076490548
243;ratio.alpha.beta;1.0812506588614073;0.08618605765105174;0.9518340134196234;1.1947276495134214
243;ratio.alpha.natif;0.44674435199274576;0.029660627463624255;0.4238078188990547;0.49170556076217425
243;ratio.beta.natif;0.5613433233118073;0.03404753773452612;0.5117072435109848;0.5909400628329989
243;tlip.MS;82.04019470672498;1.4304444501289317;80.3814046312935;84.01416867848937
243;total.beta.carotene;525.0840190879131;97.39687760598001;424.10512826431994;652.1990994986485
243;total.carotene;889.1364733980727;102.48570443588343;794.7589927982386;1009.7221094762122
243;total.trans.carotene.natif;811.8672272597514;143.4944430425476;687.8900247751128;997.1552982869309
243;trans.alpha.carotene;369.7261437999872;25.276387093372016;336.17332106843736;398.89021445677133
243;trans.beta.carotene;402.93178369852785;86.42087676754194;341.71620531416056;547.1122052243755
244;C14.0;0.33805599166467004;0.04575916361670803;0.2682254038659852;0.3791478874784532
244;C18.0;7.485386245890089;0.9492386768480264;6.256741484547336;8.796394941610062
244;C18.2;8.381213999653818;0.2675812493970239;8.095227974698076;8.794381056737494
244;C18.3;0.29252882678222225;0.016491723456492566;0.27068968939798427;0.3160390178870104
244;C20.0;0.37489751614691486;0.03139525030652288;0.3434288398336304;0.41051858152530285
244;X9.cis.beta.carotene;59.3740735644169;13.042346082117819;41.95555973918236;78.36762509376341
244;eau;40.70287701217194;3.916193515084485;37.14039464033537;45.797401252937014
244;ratio.alpha.beta;1.1410956697400327;0.15194010940328384;0.879390156816271;1.2454728177540495
244;ratio.alpha.natif;0.48399698556115567;0.015372202023121145;0.468040953313606;0.5074159196318793
244;ratio.beta.natif;0.523953823405473;0.015670827463861628;0.5088988427746154;0.5451547424695065
244;tlip.MS;77.83583011217972;1.4441431417307413;76.39720252333866;79.6736482073136
244;total.beta.carotene;341.34205440502524;72.28213792302529;235.90361912091413;433.1576703213736
244;total.carotene;576.9065682938317;105.12900393053755;416.0265503599358;709.9269630109861
244;total.trans.carotene.natif;494.4403758688324;100.02262944395912;378.19641320871165;639.7166341599365
244;trans.alpha.carotene;255.86195758127133;46.57604885190387;185.59432189247943;313.9605868505596
244;trans.beta.carotene;283.05865937077476;61.29012768351723;192.12706199265102;363.8432763161421
245;C14.0;0.7191348207276518;0.10904196550354811;0.6201500225755743;0.8700944876530231
245;C18.0;5.96765996855911;0.7337347493538753;5.446293662552392;7.255884152002489
245;C18.2;9.186881222976261;0.34233113088171985;8.829742238934658;9.594582583222072
245;C18.3;0.27372497116986666;0.02653464080295778;0.2457565054423522;0.30582447123232614
245;C20.0;0.3500643014758559;0.03288223960512273;0.29851088597302483;0.37875326947514276
245;X9.cis.beta.carotene;55.57970887117891;23.5778644855143;38.38893741419291;91.7633983003591
245;eau;31.399075878080453;2.2402594696237665;27.634207684548596;33.53759673211707
245;ratio.alpha.beta;0.9597900242572402;0.07776472991541074;0.8581453285345805;1.0578449286675564
245;ratio.alpha.natif;0.44490479112610093;0.0289525494118382;0.4009358908787256;0.4698258379020861
245;ratio.beta.natif;0.5564144938996471;0.03215053569028969;0.5277535155568679;0.606349583260107
245;tlip.MS;82.3707216117416;0.36110646515991446;81.81694378779524;82.66092133890334
245;total.beta.carotene;509.7951374506538;272.68277505759903;289.8969298016457;873.8591717286956
245;total.carotene;855.9889393862584;566.8566526316541;424.82160999620515;1670.481769312071
245;total.trans.carotene.natif;777.0673827200037;469.6273309898874;418.1217992220983;1409.8785878629951
245;trans.alpha.carotene;318.16196759604054;191.4630007363728;154.71257754402458;559.2936583204533
245;trans.beta.carotene;371.46146864253313;188.68417253791725;201.49942591265787;675.3753667527907
246;C14.0;0.6909927471680113;0.0558554438838804;0.5998677077119918;0.7443200218834782
246;C18.0;5.955201540814544;0.7686627882154059;5.170281820591452;7.062374885866824
246;C18.2;9.41074080548396;0.4459208534784163;9.051325152841365;10.181904451637445
246;C18.3;0.2749367179401552;0.026554383268286307;0.24534061881558017;0.3156572881661409
246;C20.0;0.3452039130281098;0.03527022161455705;0.29214117323146516;0.3702366512358083
246;X9.cis.beta.carotene;55.46762654587587;19.907479567570814;36.77405719151521;86.1960555565067
246;eau;26.78668176124264;2.6748064121966637;23.499641786179772;29.58403158679152
246;ratio.alpha.beta;1.1995820439010356;0.19000081298244262;0.9934984325935755;1.4815339981275502
246;ratio.alpha.natif;0.49467006222820886;0.06191546841932497;0.4297865750313353;0.5864395081953623
246;ratio.beta.natif;0.5108290577384528;0.05558968533614862;0.4292393844811523;0.5795728968130794
246;tlip.MS;84.14334596281208;0.43931203683205605;83.6884696655666;84.6232088814765
246;total.beta.carotene;440.7048564511867;252.7906095774469;268.41067764822185;878.347699967026
246;total.carotene;771.8710754801666;495.05617392327275;445.45759153605684;1615.430736597226
246;total.trans.carotene.natif;658.9505904737333;429.39863225915104;368.12186241967987;1391.4874337356491
246;trans.alpha.carotene;381.6353020891249;288.8819217582797;169.66231144169615;861.3122532009957
246;trans.beta.carotene;329.1590214183407;123.37046627963164;230.05110434210016;501.41281144374415
247;C14.0;0.6090514861268245;0.0648562196650429;0.47849214206094115;0.6672908672659011
247;C18.0;5.340665673430875;0.8311408409469438;4.514565363005276;6.862576430272815
247;C18.2;8.71756774103466;0.4120891064723989;8.071058050487439;9.229503787583353
247;C18.3;0.36318093787445377;0.08409684043196936;0.28416965155170854;0.4845333812370506
247;C20.0;0.354775513871754;0.06820785751199479;0.2778952289231324;0.463583669133151
247;X9.cis.beta.carotene;113.67056961091885;56.560254460137244;64.63069418733745;199.59689830728655
247;eau;38.87743700032037;3.800938491018167;33.773455402010136;44.08452097458024
247;ratio.alpha.beta;1.0067590427112323;0.17199998737265604;0.7714712847289084;1.2490792479023256
247;ratio.alpha.natif;0.41957679097263495;0.0225298209029961;0.3859235012925032;0.4485527350386559
247;ratio.beta.natif;0.5725163491297786;0.026140999772549522;0.5477331669052401;0.6166376556840043
247;tlip.MS;76.72529705837276;1.551528819730839;74.24332789707474;79.05365310420386
247;total.beta.carotene;892.7253625422921;405.81492071650473;573.6093997796984;1455.9573976631832
247;total.carotene;1519.1877564252104;648.2518978334523;978.9814341048389;2503.1366719932425
247;total.trans.carotene.natif;1305.5916182722556;551.6505438467775;856.4811995763021;2108.2098944708423
247;trans.alpha.carotene;615.9673783568571;277.3420104301017;356.7924444067166;1101.1823748369363
247;trans.beta.carotene;677.8369261416102;344.39829302777446;375.34216949560164;1176.8664672560374
248;C14.0;0.3768698169179524;0.034656473237083894;0.3331789820366993;0.4333412172661802
248;C18.0;6.697670467920496;0.27184243562587557;6.2781683651331965;7.075352901658992
248;C18.2;7.670719035371689;0.48013529530485005;7.231387182028352;8.614020501312691
248;C18.3;0.32125304332275734;0.021426222101671562;0.2874130317189806;0.34273760507270074
248;C20.0;0.36854512312170173;0.0251335381852177;0.3273008694804419;0.39715139305908836
248;X9.cis.beta.carotene;152.04087782242365;22.83190914855433;102.81719001379042;169.74169573023835
248;eau;31.41221461371089;2.4026814867892794;27.335672289347954;35.48050943648131
248;ratio.alpha.beta;1.3592117710572285;0.19934730202633616;1.0439553088363684;1.5739490112990666
248;ratio.alpha.natif;0.5142986327120621;0.019723421896491546;0.4906038729442475;0.5551988265172382
248;ratio.beta.natif;0.47392991356525027;0.0237790918834705;0.42901228254053186;0.5078880621774691
248;tlip.MS;80.6976730215591;1.1163462087655753;79.75978438100724;82.91897113915228
248;total.beta.carotene;971.1670463228802;209.24349812994356;601.9089004269674;1224.5465967309174
248;total.carotene;1742.4706334000293;390.22216318815754;1112.4771043427452;2157.0210024851017
248;total.trans.carotene.natif;1521.6439873666482;302.39439778228206;1025.7583069908665;1851.8868478218958
248;trans.alpha.carotene;771.958287721205;138.99972293972456;598.7216602452396;920.9147805778106
248;trans.beta.carotene;820.1295822193318;169.51928741796326;659.7522335017151;1127.2935181707185
249;C14.0;0.8114640431268508;0.030665792149950823;0.7629339917730801;0.8366972074718493
249;C18.0;6.040021463089785;0.7361415742515791;5.287953343849107;7.270573281200858
249;C18.2;10.283110194168492;0.4277304601498343;9.823249893372582;10.777201270634508
249;C18.3;0.25472095685759044;0.01682422770583791;0.24214142721142656;0.28264403804971816
249;C20.0;0.37701362998805654;0.01404010298570588;0.3624052410470601;0.3991957377638468
249;X9.cis.beta.carotene;29.94288296529561;2.625281156408693;27.20132468201866;32.939722814533745
249;eau;23.891512803077;3.6869471126769633;20.38599644359766;29.74312368533783
249;ratio.alpha.beta;0.9332275290849374;0.06351238532498481;0.86120045722658;1.0262833018824373
249;ratio.alpha.natif;0.3984350651507859;0.009638711136641836;0.38746414097072657;0.40937116598021006
249;ratio.beta.natif;0.6030866229821751;0.010390840894326833;0.5956462873380842;0.6204095890222026
249;tlip.MS;84.24805462681768;0.5903664854640835;83.32163820935021;84.83809750889549
249;total.beta.carotene;218.01202681834926;21.702421967559324;198.89345464912992;252.31895379300747
249;total.carotene;354.1318817210898;26.433424284845806;310.6534382879235;377.98549913815964
249;total.trans.carotene.natif;317.68835550513234;27.16402546597673;292.474966322436;359.60767763088387
249;trans.alpha.carotene;147.63803782818226;8.964485397035359;134.54491013110118;157.84975153334074
249;trans.beta.carotene;184.27188806336991;13.507229679975636;169.44234093823903;198.46402090039126
250;C14.0;0.6369296943011646;0.05428638297710033;0.5858192157767745;0.7291776412392262
250;C18.0;6.366275668620252;0.8876376621085754;4.977989196012175;7.379437882763323
250;C18.2;9.517960040354321;0.6979060856120077;8.972126524619988;10.688939421104278
250;C18.3;0.25227687397259774;0.01857003178593676;0.22283119347897945;0.26877768170814303
250;C20.0;0.3394127536016941;0.011833899155721037;0.3224622435568427;0.3554731990030102
250;X9.cis.beta.carotene;35.03965573133969;5.577690984079579;29.9242174687445;44.50919755950439
250;eau;32.090834831537606;3.1285565020494803;28.472774008088823;35.72828682621612
250;ratio.alpha.beta;0.7544256296105675;0.06687147718554048;0.6951885597063246;0.8478210603929226
250;ratio.alpha.natif;0.38609203655984936;0.016648667357035175;0.3681089169771576;0.4025852169047087
250;ratio.beta.natif;0.6134977283475207;0.013549811879386923;0.5995899346868683;0.6334224128701321
250;tlip.MS;81.53356418095075;2.6709448720219147;77.39229514185787;84.14220295685246
250;total.beta.carotene;280.9768830496879;90.52882347936225;221.33073677312635;441.55977758604087
250;total.carotene;462.44252022403214;148.61265638524824;376.2912660233919;727.161086031168
250;total.trans.carotene.natif;405.65303755425475;133.11074729646776;337.8954180672314;643.4125537918859
250;trans.alpha.carotene;180.79293301417923;83.33937893722482;135.5726904068138;329.62933721609437
250;trans.beta.carotene;253.6718391951925;85.09443699496723;196.47527893968135;404.3271006082697
251;C14.0;0.912000524445555;0.0927116461440439;0.7790879202744292;0.995935031632316
251;C18.0;5.0652036694787075;0.3468955898145791;4.711973511481623;5.588729183584891
251;C18.2;9.772795474856824;0.4971227554954307;9.221517237235528;10.468573384804325
251;C18.3;0.2889016687763199;0.015424080164626701;0.2622945532666159;0.3003327626433238
251;C20.0;0.3276209966853668;0.0269737066273726;0.29139294291726703;0.3579777095983489
251;X9.cis.beta.carotene;35.17895707196474;3.5444176232071394;31.259442628644855;39.20823587708274
251;eau;35.25341090797052;5.727316050893092;31.124251845417085;45.30255093152844
251;ratio.alpha.beta;0.9891211752078117;0.14918281014877496;0.8471800116165753;1.1640639078975603
251;ratio.alpha.natif;0.41579134400145834;0.02457464459605954;0.3903716246145707;0.4537791100739899
251;ratio.beta.natif;0.5936079166352882;0.026804862726536798;0.5511279683589719;0.6201323071149205
251;tlip.MS;81.16611702312052;3.630578673329112;74.96019357064644;83.58929834760977
251;total.beta.carotene;260.271295442927;28.625882493133343;232.84550941256995;300.46254476607095
251;total.carotene;408.8153814368817;40.14293839955013;360.23137278868836;458.4364893059124
251;total.trans.carotene.natif;366.13300806019936;49.952935206286426;310.04482100954846;437.3297324758341
251;trans.alpha.carotene;176.77780732771905;23.814737192140278;154.6934975426043;216.83824957127175
251;trans.beta.carotene;197.0801850075994;27.125279463947763;152.70296993741877;219.83712649935515
252;C14.0;0.8516272470539483;0.10936199440759085;0.7316535254643891;1.0094599360329661
252;C18.0;5.183588413114295;0.26474419439656444;4.965987746053775;5.6375062243068745
252;C18.2;9.098732352921203;0.36847879734424444;8.467032427862948;9.374663004958093
252;C18.3;0.26970467271953813;0.007650909401285695;0.26262421925159096;0.28080853563793023
252;C20.0;0.3109650504190775;0.05316518117255647;0.2541167862062863;0.3793570799387547
252;X9.cis.beta.carotene;36.81845926834351;9.340644687371462;27.045767676268852;47.10256841899559
252;eau;31.821560549907154;3.149901802530755;27.636913383644533;36.12886187949934
252;ratio.alpha.beta;0.8828908930861772;0.0988021952492917;0.796506634741245;1.0007021545273909
252;ratio.alpha.natif;0.4092010922779141;0.026012006819775554;0.3759888431934397;0.4378230938484877
252;ratio.beta.natif;0.5888598411488627;0.027295806546212872;0.5571331857578569;0.6172387157455799
252;tlip.MS;80.76294503925362;2.521312546963394;76.65185455957527;82.72805921980846
252;total.beta.carotene;338.33392673495126;103.30756786956562;198.98336371133323;443.80141679708265
252;total.carotene;565.8263270534525;210.86488399028963;334.2385866866771;833.5096088792926
252;total.trans.carotene.natif;521.569737787922;198.26197419317614;296.0193906108457;776.6583144221754
252;trans.alpha.carotene;232.35930199022005;83.47541374579765;139.75828377486758;319.07415665509484
252;trans.beta.carotene;320.0807626540654;84.78238583798935;224.89498935029889;400.93756637001127
253;C14.0;0.7504673938923773;0.06344966591825084;0.6453829996308298;0.8047094118090756
253;C18.0;5.682171875734395;0.6997090133600844;4.865984644814557;6.554414769406516
253;C18.2;9.776390360916647;0.34418966017313746;9.230126154615744;10.129194172503663
253;C18.3;0.2788971343153401;0.032437561993256335;0.23352251846494995;0.3184954170153048
253;C20.0;0.32167043250334754;0.05555712379544279;0.25542376465091027;0.3846216159537096
253;X9.cis.beta.carotene;49.31197042851295;17.95351843451576;32.21258433171144;78.71064391569666
253;eau;29.108630300093267;3.07027459254665;24.5180827831896;31.73219205146781
253;ratio.alpha.beta;1.0242448343574078;0.035565652079010794;0.9642919313165519;1.0532768898283353
253;ratio.alpha.natif;0.4336802216836004;0.03911658320904895;0.39559309315410857;0.49652297021336717
253;ratio.beta.natif;0.5633289140671064;0.034577337330148984;0.5134542822470948;0.5890832273240191
253;tlip.MS;83.89608250979799;0.8763446899570645;82.59478831600585;84.76754033157049
253;total.beta.carotene;465.7898000321604;201.78806308126153;245.67510562815352;790.0340058849463
253;total.carotene;826.75380047609;417.84693796984567;341.7265896048348;1491.1924592175699
253;total.trans.carotene.natif;736.7511721557848;347.05308412448437;322.8135236371551;1266.8512848358366
253;trans.alpha.carotene;325.3019904677413;130.38108077477875;138.82677492641685;503.7138229962886
253;trans.beta.carotene;405.9704738788302;155.00166889021344;225.5263276248917;637.6174498362446
254;C14.0;0.40977563057859356;0.020348751969349755;0.38106816255935405;0.43491455243319016
254;C18.0;6.219992300346068;0.5578463481802605;5.703041620366685;6.948959590662583
254;C18.2;7.906113263801115;0.27272291116988717;7.571173830944638;8.19483233367222
254;C18.3;0.24833920697858852;0.01685425169275132;0.2281888083992687;0.266526486574913
254;C20.0;0.3833763795724299;0.05136026852279072;0.30015094783423757;0.42792964458334837
254;X9.cis.beta.carotene;51.44144939139511;13.624157481909355;32.81520906074634;70.33054596459434
254;eau;27.70343620881541;2.417407499938754;24.20568428879395;30.78722005999284
254;ratio.alpha.beta;1.0279414463699514;0.1949866880024144;0.7850544198394268;1.252175608871213
254;ratio.alpha.natif;0.470118682660637;0.04845101413387853;0.40239798748639544;0.5204284465585733
254;ratio.beta.natif;0.5290897025834356;0.04710139652311719;0.4790086187230129;0.59582014611142
254;tlip.MS;83.12704769666705;1.061641325401421;81.61060054778956;84.4402281401528
254;total.beta.carotene;353.656341374656;65.04110358351102;245.72644622324682;402.4701950109063
254;total.carotene;613.4760190172062;173.0013629811222;394.7206237628904;788.2983687388703
254;total.trans.carotene.natif;549.6215435783572;129.47927649558753;354.5851387397216;684.5018598833977
254;trans.alpha.carotene;316.25634479838357;131.20658052887975;159.60420919544822;514.8872832929688
254;trans.beta.carotene;325.46121811369255;82.51301806594901;193.91462437671728;419.88639396931234
255;C14.0;0.48956777289378867;0.07821552432069494;0.40439685327657704;0.622750878532719
255;C18.0;6.658770250127341;1.044672236403498;4.953023483171272;7.738010773395661
255;C18.2;8.245396478203611;0.5569336267992154;7.525795733439352;9.02433906760945
255;C18.3;0.23219316594930714;0.011350759024408108;0.21677230399787553;0.2448580854203829
255;C20.0;0.3962593048289374;0.03677766516751204;0.33982193677886025;0.4365756579570275
255;X9.cis.beta.carotene;40.0503807072741;3.3713612591454587;35.7413445069663;44.82206602553771
255;eau;30.596617159564513;3.6022790548901833;24.874360463896096;35.45125047680429
255;ratio.alpha.beta;1.0140246738540257;0.10178940058337853;0.8738191103143546;1.1712492609966054
255;ratio.alpha.natif;0.45059663435214153;0.01332727971845144;0.4315524575668426;0.4721862262065843
255;ratio.beta.natif;0.5459140883629672;0.019713663341187244;0.5055712317491954;0.5635660021202062
255;tlip.MS;82.74268138853498;1.7270798486025272;80.71240066591368;84.94515138109088
255;total.beta.carotene;266.32856348194673;34.85619645927252;225.23574440948846;336.97505826766746
255;total.carotene;407.175205689624;35.4182234296032;358.06975013739645;467.2117462973396
255;total.trans.carotene.natif;366.74844154766254;33.82517062038;332.56160998302664;435.1798695493337
255;trans.alpha.carotene;179.02821884924222;20.84943346870403;157.13476505016737;209.91999056925363
255;trans.beta.carotene;192.61572297087673;25.87387818367467;176.955619757246;249.93851359601777
256;C14.0;0.6736041556231811;0.052322850550194436;0.6026104331549831;0.7342904252747471
256;C18.0;5.734240941686165;0.38222919444667114;5.189839727853236;6.03603901402675
256;C18.2;9.82131393605384;0.41914164539523385;9.274195069651286;10.340027266618508
256;C18.3;0.26596165623918677;0.020164962970163056;0.2385989713923681;0.29226621069892816
256;C20.0;0.3709042141291484;0.04662913785743773;0.31312703147569765;0.41511815249951506
256;X9.cis.beta.carotene;38.11885661395401;4.869696851267004;33.694418536366136;44.4252987887771
256;eau;27.914552524641003;3.9515860885996226;24.09355246686435;32.92082588181743
256;ratio.alpha.beta;1.0354214455161066;0.08847291191009066;0.9523088955426565;1.18554798871603
256;ratio.alpha.natif;0.46749674326502627;0.029816985894861328;0.4425469813242204;0.5175598621227324
256;ratio.beta.natif;0.5414263215608359;0.025336290634944383;0.50054549517355;0.5634477261805024
256;tlip.MS;83.68927795016494;0.725168338740632;82.67705993145795;84.3537462960586
256;total.beta.carotene;288.36702556507896;66.78411011367642;219.25370568753974;369.19155818805046
256;total.carotene;455.35067561306715;138.37510372043434;336.57387301776043;681.3835635375485
256;total.trans.carotene.natif;430.47567788028437;126.36502512682546;310.46477972409605;627.2411099577134
256;trans.alpha.carotene;202.30148043986233;57.14815199471055;153.98087053863833;274.2928107499585
256;trans.beta.carotene;259.3080744321324;54.33233018260047;175.22617307655327;317.918345359948
257;C14.0;0.7872922816221777;0.11116008139667145;0.6574998354050989;0.9365130818135151
257;C18.0;6.045261829772281;0.6706435058346393;5.115372874861244;6.95791880501753
257;C18.2;9.768433191903203;0.37490843941656155;9.349707218416379;10.334439491397125
257;C18.3;0.3363872003593436;0.025805686087569384;0.3018312379233036;0.36841021131296237
257;C20.0;0.40248558398701856;0.011603346520656728;0.38687000819315587;0.4156116161959931
257;X9.cis.beta.carotene;126.65651642639791;34.59419310793677;86.81077090444028;173.480111154994
257;eau;26.686297403164396;2.2237210224986597;24.60072954321963;29.661919578992652
257;ratio.alpha.beta;1.3103120644641613;0.17088248355728478;1.2046566770114924;1.6008648433119252
257;ratio.alpha.natif;0.45969098225749006;0.016251410082576436;0.4332125816322651;0.4720720499406487
257;ratio.beta.natif;0.5444002869313826;0.014290490118791363;0.52937113930704;0.5658584163112943
257;tlip.MS;82.88938422813403;0.5263668361165751;82.37441789317025;83.73704354106934
257;total.beta.carotene;773.663335052835;158.53724747879363;586.0255809824611;966.0969152099892
257;total.carotene;1327.702645065292;274.7384100200519;1042.1698911100918;1626.9604380808812
257;total.trans.carotene.natif;1183.1582085720927;221.60075152815028;909.2309957835496;1423.0603878868747
257;trans.alpha.carotene;593.2770308337494;130.01271702267334;467.04484099770053;762.0747120839791
257;trans.beta.carotene;547.9328463341859;123.90489620189892;433.0273949854672;749.3377219959104
258;C14.0;0.7400922634471048;0.041966386450372956;0.6878532314480158;0.7990259875305753
258;C18.0;5.24921579064561;0.24097887412870142;4.949539800249811;5.618702248275716
258;C18.2;9.15422243991016;0.47950340272908776;8.473600243722325;9.799242131264979
258;C18.3;0.29512356341722834;0.01574034081808212;0.2800833371251184;0.318553788582538
258;C20.0;0.34871742779743337;0.015586210840655444;0.3266598292469072;0.3627986394427807
258;X9.cis.beta.carotene;55.134695164451685;39.79120441413098;34.74796451482846;126.0544392123074
258;eau;30.454644867428623;4.724397326151798;26.233033200978152;37.9465401061062
258;ratio.alpha.beta;0.972017119049824;0.027947340146701437;0.9407155581771927;1.0157032159738584
258;ratio.alpha.natif;0.4169115550437389;0.010146568911626172;0.4038644636267464;0.42893915302829355
258;ratio.beta.natif;0.5783863450519979;0.010685412893716285;0.5668733484676138;0.5888608430123332
258;tlip.MS;80.9729920354429;1.5190276495168071;78.96193653945886;82.55861096407786
258;total.beta.carotene;445.1012508023624;285.79964253094164;270.73727269755744;949.5020277843502
258;total.carotene;733.613926231074;440.4804300486247;444.7306698753761;1488.6083699236792
258;total.trans.carotene.natif;650.6431811227362;376.2733279612369;398.8663313761866;1291.2160349324763
258;trans.alpha.carotene;281.1405503684475;126.74444777965407;187.09715439214247;472.17676897534886
258;trans.beta.carotene;332.6242015400191;194.53392199698825;219.35894762558254;676.8764013437753
259;C14.0;0.9366789759596197;0.06041622011527699;0.850387423565208;1.007624929199314
259;C18.0;5.181089872395617;0.18727570042553784;4.975829487194345;5.359226145275276
259;C18.2;9.421940823399044;0.30543970009421306;9.085650008320867;9.71837482660307
259;C18.3;0.35023799784643417;0.03955594648710506;0.3088108367763397;0.3960103840746705
259;C20.0;0.34653686065984857;0.025003380657016884;0.3076456118651752;0.37328892079579823
259;X9.cis.beta.carotene;145.10141609492666;33.01176963843254;91.4194948924994;177.235555825222
259;eau;29.114943809741185;2.325646526648599;26.552456151216646;32.14598994046631
259;ratio.alpha.beta;1.4087730297149021;0.09281639748511043;1.248105606733609;1.486665538677535
259;ratio.alpha.natif;0.4996395606602409;0.015293588281249895;0.48477236637655735;0.5226023071931308
259;ratio.beta.natif;0.5059466510513573;0.014499748190953739;0.4842323052073485;0.5195650087197056
259;tlip.MS;83.36688366528467;1.1246867815160704;82.15718141023399;84.93317428229243
259;total.beta.carotene;972.6580819913239;253.7338664209017;575.7568537165172;1263.569531371436
259;total.carotene;1902.047471503817;544.54680586006;1109.832545725087;2573.0024823486597
259;total.trans.carotene.natif;1703.4114316417804;452.47292505058294;1021.6648132318045;2243.628400635987
259;trans.alpha.carotene;717.9142545472375;59.516650588817285;633.5971872009626;784.6573463865362
259;trans.beta.carotene;702.8354781808042;114.35123963579078;534.2294370091984;827.5573740534088
260;C14.0;0.8401615841479974;0.10677658751104688;0.7454650951554808;0.9929183873002865
260;C18.0;5.074009255145318;0.4114042350926203;4.605888973010621;5.498482169357267
260;C18.2;8.955988884083855;0.20948935487958836;8.734051670728423;9.295588473693659
260;C18.3;0.3384105253441319;0.05122323447239595;0.29545134266176837;0.41827924615605455
260;C20.0;0.31280936262358344;0.01656089410630351;0.29941687745059964;0.3411037174614193
260;X9.cis.beta.carotene;97.73572581885911;36.952764672171924;62.36949890417027;138.81310133405685
260;eau;37.153361928407854;6.662716252989589;27.21979837055305;43.33855535999218
260;ratio.alpha.beta;0.9786021884216677;0.1718320857067938;0.7552283726386926;1.1229442768617728
260;ratio.alpha.natif;0.45189495020372555;0.029763710280452844;0.41779002345218674;0.4793956234976824
260;ratio.beta.natif;0.5472645235648762;0.02743191348984655;0.51689639484578;0.5805150920258627
260;tlip.MS;79.78134067419471;4.580516231424588;73.9462079445207;84.65547500839703
260;total.beta.carotene;821.131634478824;254.33850526239004;423.14120871875707;1092.2804771372566
260;total.carotene;1395.4306303353746;364.03117781453204;821.7898604439793;1775.032508780745
260;total.trans.carotene.natif;1278.4026715749817;365.3268647398052;717.5915662868532;1706.3032189799974
260;trans.alpha.carotene;453.7359832622386;91.1651755531784;325.3619645720517;546.3097963413442
260;trans.beta.carotene;625.5272144848025;277.5445294257449;314.3769419429191;1064.7276493676336
261;C14.0;0.7156091515829667;0.04031033610625368;0.6799929526792596;0.7842654674188342
261;C18.0;5.165134849665895;0.27174724285601753;4.899588231879618;5.574210289165372
261;C18.2;9.088959237248122;0.30890542866350806;8.589654317377793;9.366760604007538
261;C18.3;0.23818002433130725;0.023229631755660167;0.20875620623795077;0.26924714847384074
261;C20.0;0.333258602491993;0.04231827158267217;0.2821236879034421;0.39054210569659026
261;X9.cis.beta.carotene;32.938763913210565;5.081698030683004;28.812063809276154;40.356068939918075
261;eau;33.110811240766566;2.3280153929607694;29.831434341148093;35.81643135697026
261;ratio.alpha.beta;0.9138830215646714;0.088032612493073;0.8042502878449004;1.0222521115534362
261;ratio.alpha.natif;0.41316177710847574;0.02765947967983671;0.37933557222228925;0.4476347031064654
261;ratio.beta.natif;0.5770192772396487;0.027119804807876343;0.5424233664521353;0.6046919865947211
261;tlip.MS;82.30112376089949;1.9294855876528711;79.0911897671924;84.06097680592846
261;total.beta.carotene;246.9790511819834;21.865738858898617;223.2632011886885;271.6174230360463
261;total.carotene;389.5084094074723;26.99581213797228;365.0607647328814;423.10431639976633
261;total.trans.carotene.natif;348.65359813357384;38.144436286855075;319.5058441593161;406.9639250591358
261;trans.alpha.carotene;158.3677585613671;4.182209808123131;153.67758779417977;163.34111728298086
261;trans.beta.carotene;196.13611387003712;13.053812887128093;179.97382790527396;212.0545807199919
262;C14.0;0.6278143019972544;0.09141318161003383;0.48386196414798244;0.7318382567314565
262;C18.0;5.218379727489047;0.21498079598085454;4.985285775787948;5.539448459943189
262;C18.2;9.074469413906812;0.4429489304341298;8.459463211953377;9.611005310034475
262;C18.3;0.2844941067069128;0.022082107286325068;0.2604722492166738;0.3129314452873262
262;C20.0;0.3193046655900278;0.039647827319430416;0.2549150742185428;0.35922470350847746
262;X9.cis.beta.carotene;87.94967434049018;44.22295910463381;40.42184354259777;135.19858982127053
262;eau;27.544526748264342;2.825632873284391;25.15009121328696;32.273809046784876
262;ratio.alpha.beta;1.3411677686115262;0.3195587535446257;0.9601490447914796;1.681414292744473
262;ratio.alpha.natif;0.46878744663863453;0.027578984219954708;0.44210949021496143;0.5042603003391637
262;ratio.beta.natif;0.5291043876917012;0.03438798156122424;0.49064911391290167;0.5572078305277144
262;tlip.MS;83.69505641987237;1.3627882950161159;81.36380207277764;84.63898142271736
262;total.beta.carotene;541.8721298633512;251.37537196168523;292.1844173925797;890.0240229743616
262;total.carotene;934.8325327652268;515.9984233420106;423.99054922998897;1649.5279923877936
262;total.trans.carotene.natif;882.0968501124358;472.29444019229265;399.31563926794325;1498.5443812730032
262;trans.alpha.carotene;426.54011945852915;232.52177587476803;184.2119420068372;701.236217293774
262;trans.beta.carotene;329.4817600709604;122.23848992383029;179.94371224798968;447.24257088934775
263;C14.0;0.7576161930460791;0.10397908041413371;0.5810954971437468;0.8577125280572928
263;C18.0;6.28099381763602;0.14435167971108345;6.139956823485408;6.502362524820679
263;C18.2;9.483442054373057;0.3894791142635269;9.121784139056803;10.115616412291567
263;C18.3;0.2904408486484535;0.02935677108170298;0.25346365273219373;0.32456027608176186
263;C20.0;0.35962448175889083;0.04159049102151344;0.2964321478732101;0.405719392263355
263;X9.cis.beta.carotene;87.92982458282434;43.01432418488466;54.21077091733355;152.74030252128085
263;eau;27.734215373705002;1.5946476098189393;25.566412876455864;29.70752476961249
263;ratio.alpha.beta;1.0017039904242122;0.13450298100926658;0.8606167596189505;1.2127243095313263
263;ratio.alpha.natif;0.46096926429132357;0.02857776949433273;0.43344309384918267;0.5086955053779365
263;ratio.beta.natif;0.5406466444384666;0.026689316120411675;0.49514558198067826;0.5622154566884212
263;tlip.MS;83.57646769394155;0.2957161794069226;83.27008146269954;83.92403828956293
263;total.beta.carotene;737.4497448524257;252.4791925960204;433.4639735381955;1047.5952116179633
263;total.carotene;1306.6448826797957;496.4460869087125;757.6841229346372;1965.6968709716798
263;total.trans.carotene.natif;1162.8281968141032;426.73125610193597;650.6414693407394;1700.3803462459796
263;trans.alpha.carotene;447.9643526016495;83.79097637111173;367.14461918268915;574.9014639281398
263;trans.beta.carotene;537.8513285871826;189.04306866121007;318.00618695606477;762.3345935700643
264;C14.0;0.585870765132874;0.054305412379704085;0.5060641354247634;0.6383215373654342
264;C18.0;5.318961949637728;0.3361909612943159;4.9124157408078215;5.842730943079379
264;C18.2;8.572949931372829;0.41325247121390474;7.929482836817863;9.040965475762855
264;C18.3;0.31264888351012304;0.04094397532294119;0.24111066284045746;0.3410295070714875
264;C20.0;0.3310033010980361;0.04373468110281571;0.2760982259095009;0.3963502773790715
264;X9.cis.beta.carotene;131.20760417368717;48.16723847316767;58.9980609530124;176.65898752445966
264;eau;28.094241553169333;2.0545329174289613;26.38612719098614;31.2964817547537
264;ratio.alpha.beta;1.3989868744324032;0.30945021537379547;0.8976289274789986;1.6601081158649709
264;ratio.alpha.natif;0.5100941955918393;0.04079304985089943;0.4484171831237043;0.5570997492466067
264;ratio.beta.natif;0.4881014624901884;0.04629167509227926;0.43130128434639653;0.5568248403894348
264;tlip.MS;82.9263122914758;2.165346491891678;80.47256049197284;85.22193495067565
264;total.beta.carotene;959.826540847823;267.92817589463937;499.045918693243;1148.086201837711
264;total.carotene;1799.6783898789558;498.1369796448243;940.0059520652642;2149.01909687768
264;total.trans.carotene.natif;1569.1448547127857;445.12642681963786;800.8474967641961;1882.5698443832503
264;trans.alpha.carotene;917.3461919575617;397.3205449116471;385.07743697384365;1205.3764486141042
264;trans.beta.carotene;670.9858236151692;225.44132193279015;319.98074521480555;832.9529764124851
265;C14.0;0.8188822375813813;0.07708055071785412;0.7458769619094722;0.9397481348391534
265;C18.0;5.260404136796158;0.21386628463046123;4.979614056939769;5.479238543125988
265;C18.2;9.1845519893671;0.697829334187868;8.414499411798314;9.985040313407696
265;C18.3;0.36073329583697544;0.05652562392571836;0.316488811197724;0.4581362861661416
265;C20.0;0.37847066517785044;0.035349546727701533;0.3515608299547626;0.43995071008415887
265;X9.cis.beta.carotene;131.0770180272943;34.21564281888947;100.33020713017153;187.1988321820121
265;eau;31.043684828883375;4.257536787994408;27.69590315362305;38.248556541038596
265;ratio.alpha.beta;1.1762939552448153;0.17182958940151688;0.968707653655985;1.4178958522955196
265;ratio.alpha.natif;0.45707209504614843;0.036802435652396624;0.4056919437496039;0.5090272073889043
265;ratio.beta.natif;0.5442187845948768;0.03419378048749016;0.503373731821108;0.5982859049838936
265;tlip.MS;82.38199110131383;2.4929800640400366;77.9732058316647;84.05392653361193
265;total.beta.carotene;1030.458979339027;204.91382759713858;812.7920138229805;1328.939566762223
265;total.carotene;1750.8290586569863;411.3424333912327;1273.2211933457743;2201.0353984085145
265;total.trans.carotene.natif;1533.6055225325067;322.8058282988965;1145.194601222374;1873.8770314946585
265;trans.alpha.carotene;752.4162104075277;314.8572886122954;436.9339299235691;1260.8537210881366
265;trans.beta.carotene;726.4006795618053;197.41286604183767;524.1530918239331;1032.0515244095009
266;C14.0;0.9252159211506295;0.11596372890898815;0.775432931777209;1.0494252936083326
266;C18.0;5.265857007349277;0.1640820119265727;4.991772396165235;5.481157604713969
266;C18.2;9.220168379932888;0.293710218972627;8.885409505683015;9.717979290513393
266;C18.3;0.3601457783359662;0.059844138377832916;0.2778702025785645;0.4359050242057974
266;C20.0;0.3608016608267887;0.02841364490632901;0.31387124718998566;0.40116406872045046
266;X9.cis.beta.carotene;127.23405174893409;61.62485212629521;58.12643628193691;204.57314540101248
266;eau;37.16698639977489;6.613191963796085;30.023560780663907;46.86050849574947
266;ratio.alpha.beta;1.2795175723298196;0.24415274348733068;0.8072829696725555;1.5309980234272977
266;ratio.alpha.natif;0.4858484472468879;0.019350837681607412;0.447325146292338;0.5070840643980361
266;ratio.beta.natif;0.5157618002132978;0.02054104806359699;0.4975042513458854;0.5560856202147135
266;tlip.MS;77.61878026194998;4.934916250107742;71.01747226889367;84.03867914579406
266;total.beta.carotene;829.9544849198945;342.8456857792787;497.34679818209355;1217.5495501022538
266;total.carotene;1483.7415073446884;595.8558388430657;904.715337167677;2254.521895613611
266;total.trans.carotene.natif;1294.664280356724;517.7317368186519;795.2705347133248;1958.0322474786185
266;trans.alpha.carotene;790.4355281900587;342.09910357768416;464.6440417757431;1279.485355374802
266;trans.beta.carotene;640.378917205342;265.2588463837847;326.5696279461249;947.6079328781561
267;C14.0;0.6090078048881582;0.09956439325338154;0.48407328791114596;0.753667233213978
267;C18.0;5.859535535193714;1.0490641248366783;4.923872914587167;7.413700249393883
267;C18.2;8.751471423583656;0.3081509860004062;8.484759404094621;9.26133311621929
267;C18.3;0.3389324012586541;0.03777778868667897;0.3000959790283927;0.38908663158502277
267;C20.0;0.3558145607095694;0.02879656207549457;0.32527564591674585;0.3842141665707591
267;X9.cis.beta.carotene;153.57551381276778;54.07047146157704;65.42586536597241;199.56406507103623
267;eau;29.63627450604192;3.210642917296928;26.204581178773065;34.282703891600164
267;ratio.alpha.beta;1.2320030441591867;0.26131882097135906;0.9006941332303401;1.5770886998073583
267;ratio.alpha.natif;0.44860960486877743;0.025264572443125948;0.41368133230178833;0.4836661914837753
267;ratio.beta.natif;0.5466261749548526;0.023310554494612227;0.5145706926236284;0.5795152709002342
267;tlip.MS;83.21487485376448;1.4980202521651673;81.1982141980924;85.22256991675587
267;total.beta.carotene;1008.708765122196;314.1217310169713;500.856445721148;1296.3496428939404
267;total.carotene;1835.3885290376184;569.8647802778719;932.3710951317432;2431.9101289378013
267;total.trans.carotene.natif;1580.7144607150065;451.6236078841985;846.5287216700834;2059.615018785394
267;trans.alpha.carotene;700.2929310316008;273.5441518231709;321.6433652279389;992.9389038457962
267;trans.beta.carotene;747.2505348610988;239.1636677222779;404.5308228076883;1026.484895653272
268;C14.0;0.8877800021536432;0.10332392089681695;0.7230677842122553;0.9918901074681893
268;C18.0;5.166457371668075;0.07593133210594341;5.052102649114786;5.246071319148156
268;C18.2;9.044826941790237;0.20549518808884934;8.799065935460114;9.266734209412634
268;C18.3;0.36910158189417436;0.03417053148715978;0.3281536017015783;0.4053155561588106
268;C20.0;0.3539983314566093;0.03782045855967423;0.31803313354855506;0.4172415138531006
268;X9.cis.beta.carotene;155.66396583039057;8.346442712568997;143.78394730333733;163.65938127755197
268;eau;27.881881281439576;2.818293344271104;24.312337346592663;31.2731902713613
268;ratio.alpha.beta;1.3732920429859383;0.14223489973454817;1.2382611558835723;1.5483057658284265
268;ratio.alpha.natif;0.5010023052565827;0.01872570707624122;0.4761949010097027;0.5196076887008949
268;ratio.beta.natif;0.49735931762046925;0.01464717786708104;0.4812551209890525;0.5127744095354592
268;tlip.MS;83.16521243465564;1.618705132049512;80.37153966164827;84.18971397276148
268;total.beta.carotene;1157.1586635103795;77.3859763520177;1030.973690657855;1228.4287816387064
268;total.carotene;2214.231045481255;244.12871802364555;1836.3545126732827;2514.438686422497
268;total.trans.carotene.natif;1941.2450473010751;208.5517112785719;1623.7114699423607;2201.850931623142
268;trans.alpha.carotene;977.872954653237;268.46512700079336;683.8803252933395;1271.9924503845289
268;trans.beta.carotene;861.4865732989094;111.49434718501404;738.2208607830048;1004.0562705376776
269;C14.0;1.0312862092881059;0.037703843778170903;0.9861519500026246;1.0830197126820678
269;C18.0;4.9585839301539405;0.32146103949051513;4.4607520824268745;5.277372946321513
269;C18.2;9.38844065265209;0.21334826718796843;9.028322949155706;9.58484402489434
269;C18.3;0.35239897423532635;0.11105611194761487;0.24400810380427818;0.49940760115105043
269;C20.0;0.307051344847374;0.042388024746511835;0.23899191193776392;0.3517147413422761
269;X9.cis.beta.carotene;107.10308027889782;77.82234135702423;37.3409368176838;200.47839776084848
269;eau;40.887193103910796;8.227503818411746;31.795510271764485;50.409660010638
269;ratio.alpha.beta;0.8670571182991855;0.13784437748015127;0.7589237596396402;1.1052102253139469
269;ratio.alpha.natif;0.416772637504379;0.007810120907778778;0.4068075227070282;0.42714065208014307
269;ratio.beta.natif;0.5797489436484302;0.010156192699412266;0.5669863981926256;0.5922079237372135
269;tlip.MS;79.05130791629529;4.44275458397915;73.84046719769343;84.25336553865678
269;total.beta.carotene;873.0234793005951;548.4168303598966;329.1785815627359;1477.5788951759857
269;total.carotene;1349.2198855731326;815.2132437904654;442.12846513009083;2237.5564927095907
269;total.trans.carotene.natif;1176.028482268209;691.8686999166453;415.9025107831631;1935.743040792337
269;trans.alpha.carotene;505.40612828467204;311.9106021155068;152.3572390141239;969.1332362265574
269;trans.beta.carotene;690.8293984121357;453.1500698272314;226.74603570224;1288.2919809398243
270;C14.0;0.7718170424015736;0.06577467043029916;0.6961753018119242;0.867025117421401
270;C18.0;5.3085718499690575;0.47336092677278546;4.980318426169282;6.126418360501751
270;C18.2;9.480057080975431;0.34537421300941235;9.106866393806605;9.977886795769882
270;C18.3;0.3474047757502377;0.01061125373533721;0.3369200163811075;0.36115701440691333
270;C20.0;0.3727099696002326;0.02476484805399675;0.3402277719575637;0.40442954497096956
270;X9.cis.beta.carotene;126.73625372143401;47.34073841968104;46.172433571961726;163.55791140667964
270;eau;29.842650380165587;9.569559743917113;23.296409209457416;46.66945821479023
270;ratio.alpha.beta;1.465307080139461;0.24770933125109446;1.0297279561415216;1.625233387786868
270;ratio.alpha.natif;0.5043197285208586;0.03533967768134988;0.4569421709348619;0.5339892200465162
270;ratio.beta.natif;0.49365727005469645;0.03744633848170632;0.46120283262104844;0.547657938596752
270;tlip.MS;81.4920719913601;4.410778494817027;73.90248350435927;84.60061125945991
270;total.beta.carotene;877.6473326907653;286.5422684231994;417.2263947712014;1178.7114459436282
270;total.carotene;1746.948505257169;592.2393966702607;737.699000627382;2255.3438788859335
270;total.trans.carotene.natif;1569.5511704381902;506.2645723664696;682.1520364860946;1962.608328848957
270;trans.alpha.carotene;787.5532871135151;293.77569134154606;347.6264431032122;1122.361325716964
270;trans.beta.carotene;586.3948333891676;235.31222948752986;281.75801333035906;807.9619551654682
271;C14.0;0.7789975491766511;0.0538134184811533;0.717324898097521;0.8515437678490969
271;C18.0;5.319639700783045;0.45200145405858216;4.958936648097795;5.877802437446707
271;C18.2;9.183342373677725;0.6984547902485793;8.494763668764305;10.27192974659169
271;C18.3;0.2538214561897808;0.012827456785235234;0.23369153535194248;0.26595138438712956
271;C20.0;0.32800517312712413;0.04518285764548798;0.2675926832862637;0.36618461531416535
271;X9.cis.beta.carotene;34.421504508255964;2.9362990793743364;31.75337626157953;38.604244434471575
271;eau;30.18376572396885;4.09734367665569;25.993980800385643;35.60006752500792
271;ratio.alpha.beta;0.8660348346086895;0.07714447071276881;0.792869712373543;0.9675525145161615
271;ratio.alpha.natif;0.3943037961563568;0.011402700635789265;0.37764679967439724;0.4096109336361474
271;ratio.beta.natif;0.6089078997323711;0.01694294595011717;0.5870114825014912;0.6292541988772336
271;tlip.MS;80.43913539853381;3.0906940644717857;76.99935789042591;83.4874218959976
271;total.beta.carotene;295.4133026955606;27.955278869282;265.46263838563954;340.1555224257018
271;total.carotene;439.1211139919493;51.867911854717526;398.04558593053747;529.8148464893845
271;total.trans.carotene.natif;412.5153235562472;60.37318115381818;367.1876692320627;517.6085911730221
271;trans.alpha.carotene;179.74497017825206;29.060343948895643;155.39724402419589;227.90121703987964
271;trans.beta.carotene;274.1595529653184;46.69825116481952;211.83329971590476;333.53554700390123
272;C14.0;0.7897597537502632;0.042711478136558685;0.7399160026620263;0.854709008904937
272;C18.0;5.263869132794573;0.175049711126485;5.043354042465048;5.465556502688131
272;C18.2;9.096547208222324;0.4909876557337943;8.589139052635023;9.667609929844021
272;C18.3;0.2859823920626331;0.05174258982851449;0.23130205665225045;0.34160133906679996
272;C20.0;0.3081630584593883;0.02543699300987016;0.2908897419301399;0.35050444181541995
272;X9.cis.beta.carotene;82.1672052508274;43.10129662858624;36.15957132511434;126.93943225820732
272;eau;24.89261309462801;1.9429156593855605;22.489550733524943;27.69600653268425
272;ratio.alpha.beta;1.1019639738598832;0.2661510919173409;0.8544916628766053;1.5175051938323432
272;ratio.alpha.natif;0.47053412976914516;0.05414630193212916;0.42149390227064193;0.5388310431000882
272;ratio.beta.natif;0.5353615315609153;0.0587355519035349;0.4611676122981776;0.5988545356192718
272;tlip.MS;84.27980891710727;0.5755089998119638;83.78061009165431;85.20233218456198
272;total.beta.carotene;555.1770669770228;256.09045908034597;253.88163706501422;810.7226499220429
272;total.carotene;1021.4016536784627;613.9736819610042;396.7108482084181;1775.1355073122693
272;total.trans.carotene.natif;946.0569604382257;582.5454317193429;347.90806176272895;1630.42202737038
272;trans.alpha.carotene;411.6894613274032;199.21021631962432;170.1431184759204;601.2736234766348
272;trans.beta.carotene;405.42695447202124;177.38212720612512;201.30630126414562;592.2810543283113
273;C14.0;0.8132832973980259;0.1248911523285571;0.6888776765151889;0.9857358555450357
273;C18.0;5.065882920960606;0.43490138644882653;4.741042945671367;5.7355064298853
273;C18.2;8.836940005786051;0.23362512993720258;8.535173043976581;9.180346579104908
273;C18.3;0.36525166366799305;0.09037197830568114;0.29132064625933124;0.4683092281667892
273;C20.0;0.34220268778556984;0.026360710004894372;0.3140881318614349;0.3727766386033236
273;X9.cis.beta.carotene;114.18969004538516;71.63723208167187;50.57658784490188;198.73554148498727
273;eau;36.37851320930078;7.569653653548196;28.322861797703027;46.10811354889457
273;ratio.alpha.beta;1.0737527026979308;0.2305194214319457;0.8381578648556423;1.3744286409352873
273;ratio.alpha.natif;0.43507356361976424;0.059914176095981306;0.34952349400103294;0.5145067648374545
273;ratio.beta.natif;0.5621396554357595;0.05768620820661226;0.488331524103575;0.6438248065503315
273;tlip.MS;78.58355317877911;4.523132348620605;74.4964631590603;83.58440316266854
273;total.beta.carotene;845.4710949964362;439.2129574765627;479.249816927989;1394.6047569683426
273;total.carotene;1379.1976263106023;647.4745220161966;849.1345414966937;2140.6388829998923
273;total.trans.carotene.natif;1195.8359838936237;516.6677217350236;763.3696923260858;1808.7005867841392
273;trans.alpha.carotene;703.5786183750653;427.7632137328873;313.4664241193381;1169.5798039248534
273;trans.beta.carotene;643.4867919404597;367.86328318407783;337.9549579236627;1128.8657463409145
274;C14.0;0.8772443344348122;0.0732287772204109;0.795224162181604;0.9604963465328696
274;C18.0;4.9168543444378425;0.12235809997865438;4.757231931929107;5.072799052037507
274;C18.2;9.332425468701576;0.6599736425161039;8.5571793138592;10.2430308080676
274;C18.3;0.2700025899092214;0.02365732885577334;0.2320286007073831;0.28878819093365965
274;C20.0;0.31896838987482096;0.03822970270678476;0.2703473803464156;0.3761891894091531
274;X9.cis.beta.carotene;34.89577453281056;3.5520274437527664;29.326001618487382;37.7648416173013
274;eau;29.20243394814933;4.2434523404656925;23.043710401397323;34.53951439993348
274;ratio.alpha.beta;1.1766028671553905;0.05485034969957313;1.1178833610165455;1.2452799912640586
274;ratio.alpha.natif;0.4885986340309925;0.03059199833968054;0.43997152553439556;0.5220474864822047
274;ratio.beta.natif;0.5145045970354842;0.03638559218857654;0.4796291493429157;0.5720962007353647
274;tlip.MS;83.74883944621764;1.3309612165557339;81.50980322910601;84.59813483770064
274;total.beta.carotene;232.10169451911807;57.28564865503093;178.8961296535548;305.58765020443565
274;total.carotene;381.5563034782861;111.32084332858703;309.06669560195496;575.2452452224408
274;total.trans.carotene.natif;327.92038027284036;85.35458354197581;262.0465572193553;467.14503626695006
274;trans.alpha.carotene;168.33901681037077;50.31697005963828;127.87492223510439;254.4517225824964
274;trans.beta.carotene;172.40929254551827;17.60591429439253;150.6654679580285;190.9265944856638
275;C14.0;0.2935283223957284;0.05987294546578091;0.2360386323785213;0.37618448238367747
275;C18.0;7.557562231376634;1.1692282309146056;6.163622682512848;8.697977552016512
275;C18.2;8.475511775342076;0.6283835780849859;7.573012494958266;9.168416936709264
275;C18.3;0.37074055297682545;0.048040646316124515;0.29372273591239767;0.42007436842160417
275;C20.0;0.42418751609460453;0.057306915746874895;0.3387609329703896;0.4723137373926769
275;X9.cis.beta.carotene;151.0598179566449;55.67472792665392;91.0367603446509;208.97012076489074
275;eau;37.75505890755856;6.9794192034320455;25.938677343729754;42.428559741476555
275;ratio.alpha.beta;0.7878960736214489;0.052991245358437876;0.719472021931104;0.8578048057701491
275;ratio.alpha.natif;0.4314692743897006;0.017902082795107153;0.4148833387123102;0.45872369035164745
275;ratio.beta.natif;0.566856860181819;0.011882558360434555;0.5489587378348564;0.5785330536641068
275;tlip.MS;77.39882500527312;2.196666417188165;75.79310426198221;81.10060633673824
275;total.beta.carotene;964.6105940480953;294.51504416728443;572.6252028582803;1373.094977530737
275;total.carotene;1537.393746783522;513.9810242811337;937.5443969549897;2271.8277737914477
275;total.trans.carotene.natif;1325.022236548633;391.18446006877645;920.9564804480314;1888.6289160202828
275;trans.alpha.carotene;491.428414445182;88.64149736788775;398.74630842657905;608.5187806676488
275;trans.beta.carotene;776.6258203011665;340.12430412593415;356.3116693689278;1305.9576706773023
276;C14.0;0.3427727806509351;0.09709875397327035;0.2574942440028798;0.5063205998398806
276;C18.0;7.33897380790836;1.231648680854877;5.213967265490621;8.274047744299013
276;C18.2;8.431272537509283;0.29758401800614004;7.9527963651742475;8.766278764511341
276;C18.3;0.3551829941635007;0.08743172419922762;0.27628437852670584;0.4941088931872436
276;C20.0;0.4846607751037725;0.05730985976873832;0.38928428418958155;0.5333200287248505
276;X9.cis.beta.carotene;137.82749979156944;58.83491651123014;69.21439523634413;229.66328773652947
276;eau;36.74598696114104;6.984763102794542;27.36146722674122;45.662698207544764
276;ratio.alpha.beta;0.925225061155061;0.1791389353663698;0.7902547015666783;1.2091446648019821
276;ratio.alpha.natif;0.4069809055748168;0.024262134466297342;0.3842688572013908;0.43898699904413396
276;ratio.beta.natif;0.5939671708561954;0.024629558971965056;0.5615035098943358;0.6294199930361176
276;tlip.MS;78.74780633411312;2.0429817362634046;75.20950666402324;80.12731703811653
276;total.beta.carotene;972.574956967001;392.22986459246164;557.3565400475179;1545.9357535169925
276;total.carotene;1592.9148850207666;663.8430831261029;960.851756635073;2608.992473379066
276;total.trans.carotene.natif;1339.7319686030623;538.8365028694977;793.5621960200286;2173.0277574573634
276;trans.alpha.carotene;504.0787105697582;77.69409735635982;409.23936332958317;601.7731151302576
276;trans.beta.carotene;747.1857629201091;348.87318474396216;490.5640394852373;1330.3004454078678
277;C14.0;0.893802993039048;0.1187841806028917;0.7489288878683156;1.0116249080017503
277;C18.0;5.400000259805074;0.4086837260446422;5.025272283637216;5.9650460769790605
277;C18.2;8.77975067839077;0.32456748312246;8.285003023013365;9.11235878101324
277;C18.3;0.3168304824843853;0.02725955682984194;0.28205325246236407;0.3478029913391776
277;C20.0;0.30377464496616124;0.021662556538105778;0.2744988147625564;0.32812741429451037
277;X9.cis.beta.carotene;128.5144276635933;43.07369645886713;54.43920585092649;163.16688839953844
277;eau;30.001205816188566;5.087705187988894;25.41561080853765;38.66138867327481
277;ratio.alpha.beta;1.0924231135864364;0.0397162290025223;1.0356210095867968;1.1336822210350064
277;ratio.alpha.natif;0.5008257970996853;0.024945186021174508;0.4756284272964034;0.5397145117856837
277;ratio.beta.natif;0.49739593659073755;0.023069693888872235;0.46018066753366754;0.5189724078821174
277;tlip.MS;81.73524063879628;1.8066576061615844;79.59118395273538;83.82032355448207
277;total.beta.carotene;939.8020520934382;297.861394148224;438.986536446721;1190.241207772716
277;total.carotene;1651.1886577315643;494.58286120696164;784.5822278489625;1971.0379147899325
277;total.trans.carotene.natif;1411.8975301571995;415.92516515837127;685.5791450682325;1719.4067612307888
277;trans.alpha.carotene;486.22574287444087;82.32204978046529;341.8683640482996;543.5286554020062
277;trans.beta.carotene;674.3315773065426;157.90115237980066;415.54339428448804;831.7137605643302
278;C14.0;0.4426309609731929;0.15500406573176317;0.3218862612682858;0.6961068540227593
278;C18.0;6.512476587141841;1.198710914192445;5.4032263993385445;8.653892610098168
278;C18.2;8.093040316768127;0.5871809753445708;7.591053215002974;9.164749038579378
278;C18.3;0.2836342568968398;0.016932373059537518;0.254706034413179;0.3035011704032872
278;C20.0;0.4490350494081923;0.036974383065131185;0.3961802876133372;0.4856685368779533
278;X9.cis.beta.carotene;55.40152285385545;17.36859514832686;38.74260743992013;78.78938189022541
278;eau;30.03901661806381;5.451685077164417;24.553775962623273;37.32678081241555
278;ratio.alpha.beta;1.0963545743945196;0.19349773559654834;0.8623091808160944;1.4239040426605025
278;ratio.alpha.natif;0.4322231734324132;0.04145456302656328;0.3845931879508149;0.48430798084525556
278;ratio.beta.natif;0.5669737467634026;0.04539461808550812;0.5062814535537143;0.6172226702914321
278;tlip.MS;80.38342653230832;2.3345174508375792;76.39782517176998;83.41337155373776
278;total.beta.carotene;476.1700445038476;207.35260864071157;299.84211816549777;854.5192632418248
278;total.carotene;864.6243709425249;528.7512983440679;424.90513121953444;1858.6639990520544
278;total.trans.carotene.natif;774.5602685890526;435.2668895885769;379.5108696999361;1572.9849140670747
278;trans.alpha.carotene;320.7865276613351;115.36934756350907;174.8112338882012;459.7091010126908
278;trans.beta.carotene;318.8828535728126;128.61304026819082;205.68527155244996;488.4718860675641
279;C14.0;0.7568610070580107;0.03745069356244188;0.7011120720298921;0.8126011034995848
279;C18.0;5.29415747979756;0.4155218603380925;4.86245933927909;6.0362371933165875
279;C18.2;8.514014261364101;0.17944753089387994;8.256426252481075;8.795347022160113
279;C18.3;0.30630015899711743;0.018193813656942733;0.2746093184959766;0.3291005572342729
279;C20.0;0.31651165812972853;0.049030935010254045;0.24948124688439222;0.3648213643002706
279;X9.cis.beta.carotene;53.74173239078936;9.809847617452329;43.1100125267637;70.65862552342978
279;eau;30.414234040459693;1.485353832815282;28.63848391794249;32.21243424279471
279;ratio.alpha.beta;1.0225630695270367;0.048103974908978886;0.9395688252662324;1.0726362656670902
279;ratio.alpha.natif;0.45766520980776665;0.014768956416847898;0.44177864903635333;0.478144764076955
279;ratio.beta.natif;0.5467163067548523;0.01306352665712591;0.5326108536604237;0.5628787795382869
279;tlip.MS;79.79281203919395;0.29423074260470566;79.31586695025764;80.08413693742646
279;total.beta.carotene;519.6781906172188;97.61104825938644;376.7875683091295;644.128201574802
279;total.carotene;862.0567031245641;137.80810729675088;695.2748599845343;1074.9677093007467
279;total.trans.carotene.natif;794.2984512713111;145.43276576665116;598.9898799168349;948.0614218672376
279;trans.alpha.carotene;354.32501977888074;57.06750795731994;267.7814263016919;421.521148181088
279;trans.beta.carotene;370.0631720352462;90.90005411209209;232.15520257113403;473.2265334651394
280;C14.0;0.9490175509675635;0.14164926371368453;0.7595374767345374;1.2044618141490713
280;C18.0;5.280241298590484;0.4598565112589909;4.862982694822312;5.963245333148739
280;C18.2;9.27302244063682;0.4702833621916625;8.568961072266532;9.966273518828597
280;C18.3;0.31363089457696924;0.02995684701514686;0.2689094158513302;0.35365816557874397
280;C20.0;0.3617845463113739;0.024592401033271847;0.3275820616396794;0.3925047250740388
280;X9.cis.beta.carotene;87.58325789320178;50.03543850457938;40.43176637040888;185.39977648657143
280;eau;34.82382672478356;3.5183378691494434;28.5685740871597;39.4133390845374
280;ratio.alpha.beta;1.244820928766114;0.2124145773341378;0.9703382976384084;1.4651543569422971
280;ratio.alpha.natif;0.4837489035656131;0.048001075470033336;0.4095563908443488;0.5563476862643132
280;ratio.beta.natif;0.5176005984770308;0.04847456997066895;0.4428329495866344;0.5867303999820402
280;tlip.MS;78.87786781377551;1.7472110174037465;77.32747247012756;82.05285190043959
280;total.beta.carotene;665.8507303953071;283.67608075395094;388.9296499489069;1240.434547907702
280;total.carotene;1152.024482913105;501.7333648186234;599.7862914650206;2117.447343448747
280;total.trans.carotene.natif;1048.1539919277586;387.7872532363406;592.555244006147;1724.6343154416277
280;trans.alpha.carotene;435.15432440743655;139.41079080742227;238.9711017166136;622.709335334217
280;trans.beta.carotene;513.3990898479425;168.26746391758218;287.5728907935878;759.5799652164138
281;C14.0;0.7138474188957932;0.05985187126308998;0.6231921400257349;0.7899492060704785
281;C18.0;5.668530547996497;0.6283179440668107;4.864835885104168;6.5913436904571086
281;C18.2;9.260478914302643;0.6694493129343231;8.718795978717878;10.385160416070866
281;C18.3;0.2989686999529688;0.04529607858667635;0.2370809241407682;0.34656506459380987
281;C20.0;0.3087310326839528;0.0669682438156384;0.23098143060164464;0.37443579483163686
281;X9.cis.beta.carotene;92.22492860681058;42.7835086875382;40.98001900516913;159.09896407656726
281;eau;31.2044851641641;5.765907214252171;25.14021133334983;41.33405496649876
281;ratio.alpha.beta;0.8880544947993307;0.10709145053172049;0.6884006546870768;0.971962287885119
281;ratio.alpha.natif;0.4494385939971994;0.027473621928819806;0.41870995078657414;0.48160739934964725
281;ratio.beta.natif;0.5508579251362221;0.0322338818586675;0.50745043494074;0.5816764905004596
281;tlip.MS;80.79247734393068;2.6779416579921103;77.29331660608945;84.31910449154542
281;total.beta.carotene;646.2944591881355;278.7654962190014;369.7044412525203;1028.0379363932966
281;total.carotene;1140.3791262100174;542.5103313042897;494.1252614051506;1909.048959514984
281;total.trans.carotene.natif;1004.3839985820105;445.41567344271505;512.491785703075;1600.486972028118
281;trans.alpha.carotene;408.80511976010854;141.37195216872868;218.91911305692017;622.8821248842297
281;trans.beta.carotene;524.0307027779376;197.7626496624018;247.1116372139335;751.0716915729773
282;C14.0;1.045380203788879;0.07185585468795115;0.9777023087800776;1.1616136562064352
282;C18.0;5.470557669170945;1.0365400755353344;4.748959285534617;7.300314070267515
282;C18.2;9.36191110315512;0.09911837585254539;9.252027220638741;9.461811904091418
282;C18.3;0.30530207137794874;0.06309074085574318;0.24048982132703453;0.40883080678098643
282;C20.0;0.37509627144049507;0.04395727585137501;0.3124140385517267;0.4294104668880425
282;X9.cis.beta.carotene;58.29368119007322;32.297195241428376;38.5888168537733;115.12177270826747
282;eau;37.243341498896555;8.855304552404457;31.7947536222675;52.73904872352001
282;ratio.alpha.beta;0.8862180967869138;0.12302809605627325;0.7559349008704724;1.007779988394923
282;ratio.alpha.natif;0.4310622846200861;0.02550340491259996;0.39615958853801847;0.45747976353999353
282;ratio.beta.natif;0.568705365040757;0.027704797003233046;0.5399414149842299;0.6076669002765906
282;tlip.MS;78.79547320542434;5.292125039888555;69.65137012913118;82.69326004833293
282;total.beta.carotene;455.2428735336533;222.15365733073946;310.4273832737532;846.7063374988438
282;total.carotene;710.8511483972945;345.70904012254124;433.50941660194593;1297.8734973284604
282;total.trans.carotene.natif;662.5909948057381;310.2130188992784;447.7155676487319;1204.39463099481
282;trans.alpha.carotene;279.37942843479107;107.88107376231399;192.44029030946234;454.1239935636456
282;trans.beta.carotene;434.54862836403765;214.34166677290503;271.1533029767302;808.6043244159954
283;C14.0;0.7870774959512936;0.13838652218792444;0.6648878351036663;1.0247411620547389
283;C18.0;5.200455500046319;0.1606340528120213;5.024828306436816;5.381485606490048
283;C18.2;10.20340631310009;0.2966411407244326;9.729367601902275;10.441858024440334
283;C18.3;0.27109968999433504;0.025492879218677298;0.2445851894103576;0.3101870113413605
283;C20.0;0.41242909135329564;0.028090092338411154;0.38271415168803796;0.4564044947953608
283;X9.cis.beta.carotene;65.24039452193827;11.928136297509052;52.13979195602187;81.29175501167293
283;eau;28.78473652742283;1.976687904515863;26.77791368579372;31.039277069077446
283;ratio.alpha.beta;1.1114491123817294;0.2741353538631575;0.9248096987863568;1.5929796031000212
283;ratio.alpha.natif;0.4544041052503881;0.021752433115755993;0.43118420798003726;0.48913008180257106
283;ratio.beta.natif;0.5455441126870587;0.01622310401447278;0.5231980192208878;0.5683512292121339
283;tlip.MS;83.60046985805778;1.2273891873541154;81.59953911419633;84.78409805727404
283;total.beta.carotene;496.8648238807209;245.75382579047604;300.56560088930587;896.1024677670259
283;total.carotene;905.7706991457402;560.7772420215106;490.95155382487064;1840.8545991586243
283;total.trans.carotene.natif;840.0617257003835;528.5475140908027;464.70379912688526;1734.7160956858822
283;trans.alpha.carotene;384.0693123088698;120.3608675717106;233.88507215142678;498.9293445649419
283;trans.beta.carotene;336.26989116051664;50.405896018912905;284.8820142313728;410.79139635644424
284;C14.0;0.72589828101026;0.06772689720751969;0.5990748435786692;0.7913374150433494
284;C18.0;5.327748983054149;0.18938437759476298;5.11303073581151;5.549261188886493
284;C18.2;8.747079706957345;0.5988855787585149;7.73485428481601;9.604807725680912
284;C18.3;0.3222274022820249;0.04168750135270267;0.2726056225639652;0.3814805816179668
284;C20.0;0.3438461322736345;0.074320511279741;0.24426329514656409;0.4599345238183558
284;X9.cis.beta.carotene;115.05982010587198;51.41153027410741;42.38700744816317;178.47002388485726
284;eau;30.597638014788714;4.479982167662529;26.592388646376794;39.19639632974451
284;ratio.alpha.beta;1.4227878208009699;0.3601318438507564;0.7751605170298611;1.7336265987198518
284;ratio.alpha.natif;0.4769322523692274;0.03473081431805464;0.4245842574627535;0.53901525175672
284;ratio.beta.natif;0.5210615759561396;0.03659611219383659;0.4602284211669829;0.5852999023060348
284;tlip.MS;83.49582714905735;1.6092688518126588;79.88647870251657;84.31540489694999
284;total.beta.carotene;749.2393506725808;314.96600806203685;304.5270224044063;1209.2750415931084
284;total.carotene;1322.8646030458374;568.6497469308965;468.4869168301073;2107.7376647540286
284;total.trans.carotene.natif;1182.688394339824;473.45132908826815;431.8307172105948;1840.6147044643524
284;trans.alpha.carotene;615.574806976989;256.3757102426385;193.88891439983968;979.2829808550683
284;trans.beta.carotene;563.1161729772258;249.52914911795887;235.46308165524226;875.3010720570092
285;C14.0;0.6996360987666767;0.04274231341669347;0.6674511939889932;0.7738876311576633
285;C18.0;5.315522293453994;0.36583127851918495;4.981161228682473;6.021314345446293
285;C18.2;8.332856150987974;0.38120968479415956;7.863748555612602;8.9169509828112
285;C18.3;0.27977720868966194;0.04465119674361994;0.21326868571374596;0.3263577094850947
285;C20.0;0.2825405419019618;0.040532378417521886;0.2300329800320742;0.3334680740911475
285;X9.cis.beta.carotene;79.37002944248279;31.881686555622615;40.15154993223061;111.20546955002717
285;eau;28.070830716199143;2.079341584307423;25.287142185993936;31.67228693658636
285;ratio.alpha.beta;1.1798991270080457;0.08492842131029757;1.0732460900927436;1.2858147302983516
285;ratio.alpha.natif;0.4964736899857915;0.025363177601732047;0.45209864109431963;0.5259345331995252
285;ratio.beta.natif;0.5031367671372118;0.03186618706676521;0.4693839282558851;0.562599059905473
285;tlip.MS;83.5045057364848;0.7703992344607784;82.33276477768918;84.38036146034541
285;total.beta.carotene;637.3585784451121;307.6976951460718;246.05153352820463;953.2794000313085
285;total.carotene;1133.2522887202877;613.2890671831559;396.6085896152909;1807.6112568355575
285;total.trans.carotene.natif;1047.369575728645;589.0935957796902;354.03525644012257;1688.4457867510057
285;trans.alpha.carotene;394.46330050129797;171.5070705016422;166.64424059860409;598.2630686705736
285;trans.beta.carotene;488.4207991880564;198.94429806919888;206.51444631959185;714.4330806425736
286;C14.0;0.7343538822057334;0.05361773553880709;0.6758174944768988;0.8271971535575029
286;C18.0;5.498675486598526;0.32221156843912363;5.152657696029816;6.091339896282899
286;C18.2;9.680184786755865;0.549433885700505;8.931507590111087;10.30427206635303
286;C18.3;0.27711400985918117;0.046589996921249564;0.22865796166708904;0.3568789021887654
286;C20.0;0.36258567698254335;0.028358244465695872;0.3341800130367886;0.4109372053874789
286;X9.cis.beta.carotene;79.95794940721726;33.804674227447414;52.34821733266179;144.3475717428899
286;eau;23.71954578956979;0.790939224200927;22.850375268436082;25.075164397494873
286;ratio.alpha.beta;1.1446759128386574;0.1623281049707655;0.9849973743379924;1.376876710367767
286;ratio.alpha.natif;0.46196131942607566;0.023264440092681356;0.43594675986113535;0.49416488130024133
286;ratio.beta.natif;0.5393181830434793;0.02622138886102043;0.5090924943215946;0.5778849921405322
286;tlip.MS;85.47570025692748;1.0682249900076672;83.43092881793386;86.55989392015424
286;total.beta.carotene;622.2182340621312;318.0571180093047;334.34238584705446;1222.6290481274202
286;total.carotene;1117.1676951478187;672.5900751519816;516.5301467518624;2408.987528773637
286;total.trans.carotene.natif;1000.7957935374066;561.7455369403287;497.8002148665192;2068.87875985617
286;trans.alpha.carotene;466.31952297250615;249.15846399136385;238.73391721078835;950.0063060065987
286;trans.beta.carotene;437.8408359249463;214.49054507780514;291.5420721968424;862.9293687109271
287;C14.0;1.1834464641091107;0.1547307243221754;0.9677950567532821;1.3288369563603888
287;C18.0;5.17214059090388;0.17676919173752897;5.000229234494023;5.468411995921708
287;C18.2;9.42243838014999;0.10265077329153383;9.277598084305849;9.550423625530488
287;C18.3;0.304275625373273;0.02576250116304689;0.2747735417757386;0.34211882089184925
287;C20.0;0.358920339728912;0.02561800840636634;0.3264606978634829;0.39520107323432735
287;X9.cis.beta.carotene;58.98987747441716;21.403731831746097;37.917958097657745;92.45983436103732
287;eau;33.05084607241508;3.8840035715003114;29.257461576638594;38.04139872312623
287;ratio.alpha.beta;0.8850975145176633;0.050401403923556194;0.8070628204125854;0.9459607198569933
287;ratio.alpha.natif;0.41526986111482994;0.020038193580837856;0.3960310242280453;0.43889999595431284
287;ratio.beta.natif;0.5862826365510165;0.02045642741678031;0.5629579187348309;0.6071431767012256
287;tlip.MS;79.77287425150395;1.2686129169388258;78.17284254899121;81.21290113568364
287;total.beta.carotene;421.8153292669597;116.38367945580272;247.4550207319953;541.7505199219747
287;total.carotene;718.752299194799;250.37110194931094;391.75627552499003;1022.6833759513474
287;total.trans.carotene.natif;641.9898895203968;213.6374818685109;346.2034843993562;911.0178576432696
287;trans.alpha.carotene;297.638328720679;99.02924515679035;156.0165794326823;379.2738599476017
287;trans.beta.carotene;348.982431774894;120.01272806081508;188.71379792735377;501.00618035772146
288;C14.0;0.7325009206317009;0.06718821980189026;0.6719802839442218;0.8461573870226983
288;C18.0;6.045712907634327;0.39600320608971;5.482968547042827;6.391900693298206
288;C18.2;9.26530528013772;0.3095285058086633;8.81944017901541;9.624315072172124
288;C18.3;0.2683674149721417;0.022091625108593832;0.24182352728723194;0.2986948787370007
288;C20.0;0.33571786704240825;0.021534608879642585;0.30259687167487526;0.36097308629326946
288;X9.cis.beta.carotene;33.861844826033185;6.210618333087624;28.838923876057752;40.75699492940032
288;eau;28.510167471775695;3.2495572335987295;23.645493233926885;32.73725745706104
288;ratio.alpha.beta;0.8855016447414912;0.02792493143107068;0.861294985330786;0.9208963974550686
288;ratio.alpha.natif;0.39729731557692;0.029483494352220217;0.36784422811364964;0.4364490718982954
288;ratio.beta.natif;0.6052729223529746;0.028514885408282387;0.5650194102070746;0.6289286603506017
288;tlip.MS;81.63642618335027;1.6234488760988675;79.98382170454799;83.70975465329742
288;total.beta.carotene;315.2507493451295;110.08362593872002;223.80900483433982;437.82579301715276
288;total.carotene;481.36217803259376;176.11607579850428;327.514055817917;679.3900489038997
288;total.trans.carotene.natif;448.24983252533093;165.53046380753426;313.29932725700945;654.2961967513573
288;trans.alpha.carotene;205.61577772852016;86.43931418093987;137.6700431359066;303.8302605385643
288;trans.beta.carotene;263.91550343984517;78.62446917142746;186.43480920915664;389.7806367760394
289;C14.0;0.7432781291306376;0.10639940797750577;0.5807246525649464;0.8366067196700097
289;C18.0;5.186607424071605;0.6452040508287986;4.792177448367687;6.31938910702321
289;C18.2;9.335771978604338;0.49840774672594784;8.746996007982869;10.039894543136175
289;C18.3;0.3434286223764764;0.03639952462208592;0.2902273431493725;0.39216707946449764
289;C20.0;0.27992894021751386;0.03615175097194141;0.23096093395672973;0.3236327854306946
289;X9.cis.beta.carotene;113.51953740565109;38.25213065643836;71.72123393977952;151.87672894870934
289;eau;33.80008727735485;4.305622073984262;27.815264989248767;39.388461779838394
289;ratio.alpha.beta;0.9830554172225743;0.12008778161787213;0.8635938977461526;1.1446281844648645
289;ratio.alpha.natif;0.4633355530106195;0.025354639210043627;0.4415149611282029;0.4931569929849872
289;ratio.beta.natif;0.5367010495127824;0.023030230553937343;0.510875674424521;0.5555968137667272
289;tlip.MS;80.14442503294887;2.789756301054633;77.94521424571217;84.7152030559642
289;total.beta.carotene;838.8302506883759;264.8648519279332;538.0939240013705;1098.7460603964876
289;total.carotene;1468.0052011205921;455.192836042596;875.0709878988602;1991.48544980215
289;total.trans.carotene.natif;1311.409624065243;359.52908824758913;837.620934737483;1687.5308303794227
289;trans.alpha.carotene;484.9877820059502;69.59003740960323;392.2724811063806;560.7638926169046
289;trans.beta.carotene;694.4016557132388;211.06895124557226;449.5364241588592;935.0855361322243
290;C14.0;0.8953104016986749;0.12486058857721125;0.7370583910061022;1.0292944825680053
290;C18.0;4.968453651481068;0.18029243603694936;4.775617926625395;5.210659390542312
290;C18.2;8.949967440316259;0.29846081188795504;8.590148657583201;9.20766528569387
290;C18.3;0.32277024206580773;0.03897461028460258;0.2849290692739328;0.38238173456693964
290;C20.0;0.3374912679769878;0.017554948634281614;0.3066339402426415;0.3488485367095698
290;X9.cis.beta.carotene;79.78251059739895;49.83328444839557;34.038222564801515;146.82405399855236
290;eau;40.51116205758783;5.177647866469492;34.664345967207844;45.166310095896016
290;ratio.alpha.beta;0.8255442013140601;0.06284586380987094;0.731492690960572;0.8945994701650964
290;ratio.alpha.natif;0.4112631670019529;0.0289353900835171;0.38072634859358745;0.4571849635584654
290;ratio.beta.natif;0.5914192617022359;0.03684361987453761;0.5333080399784484;0.6245896952647358
290;tlip.MS;77.04824010682327;3.330925630440232;74.45458383781227;82.78637971044886
290;total.beta.carotene;486.1058030917511;289.8830237767349;239.69957256679808;942.9071440805445
290;total.carotene;864.2071803052489;583.838254864862;412.7877006075207;1841.4496394242938
290;total.trans.carotene.natif;771.8566668535316;507.0969830763999;355.59113132371726;1609.120982044424
290;trans.alpha.carotene;311.9535684841844;136.2832233875626;163.74950674990532;475.7064339884175
290;trans.beta.carotene;422.4766409109153;234.697166513739;200.6789057295104;766.2126459507796
291;C14.0;0.7561959748886762;0.0780306664426161;0.6326352733283712;0.8622186852858166
291;C18.0;6.207310156918461;0.7668307275769205;5.360642729872207;7.553038663869873
291;C18.2;10.088670777672563;0.3769325694445743;9.456865070548076;10.55086439536726
291;C18.3;0.2566215810526857;0.03450304401325439;0.21502187432728015;0.2992781351861916
291;C20.0;0.3588291068671871;0.033342562661417906;0.31729887340595675;0.4067544390413922
291;X9.cis.beta.carotene;38.70786998467007;10.414705312221196;29.5712488579017;60.246585583893314
291;eau;30.20635490545638;3.0141943307055894;26.974991554263216;36.00608152400976
291;ratio.alpha.beta;0.9511884801222644;0.07412493035963028;0.8728885005601507;1.093482770041945
291;ratio.alpha.natif;0.4367481173026854;0.023873941382596794;0.396920947202725;0.46981450957650517
291;ratio.beta.natif;0.5604477936910032;0.020037134686795462;0.5304106242219637;0.5945983373301297
291;tlip.MS;83.70695773287159;0.9422502745506767;82.2612393098466;84.52414922542943
291;total.beta.carotene;351.5473234462193;194.63919316575047;196.97711635195134;763.7621171717952
291;total.carotene;613.1038664591698;363.24337744695515;346.68862167171704;1375.2201922664485
291;total.trans.carotene.natif;542.2586556347276;340.40619708583455;296.67146299116035;1262.2523976155776
291;trans.alpha.carotene;226.6862331703801;91.46023306767503;146.896718854779;398.49713335861946
291;trans.beta.carotene;313.73391733667546;140.7849352098435;191.13009834624714;599.7077812966924
292;C14.0;0.75442797815719;0.04187777331642678;0.7043674211284281;0.7998367062625773
292;C18.0;5.491197525680153;0.5970067461787568;4.994439423472516;6.312177353740428
292;C18.2;9.715838357331693;0.33939368123570574;9.12682711139046;10.01858627064162
292;C18.3;0.2909298549908233;0.03419319053241653;0.25466368272503215;0.33585805042020717
292;C20.0;0.3390455021648089;0.027506498510729126;0.28335321848388895;0.3567470007420949
292;X9.cis.beta.carotene;90.10232033697567;65.35926366839477;35.98663711832552;179.1261668955275
292;eau;26.643936385186723;3.819752189083311;23.80067864613013;34.19081330883738
292;ratio.alpha.beta;1.1638906404130165;0.22602854189386043;0.9297370211443793;1.4334864922557737
292;ratio.alpha.natif;0.47265190913341826;0.032367035606333514;0.4454209282778476;0.5344255235565067
292;ratio.beta.natif;0.5329620673292396;0.036092412483151336;0.47025525151960373;0.5730472267765588
292;tlip.MS;82.83416848468042;2.4123112767920056;78.88985419050034;85.3600906127947
292;total.beta.carotene;593.3451965645039;349.4875299351784;268.3704719922561;1096.249259050338
292;total.carotene;1022.355998231323;649.8213966284924;409.0056964620315;1927.4721595108515
292;total.trans.carotene.natif;913.0910212836019;568.0544968125909;379.03170976018185;1646.0794410672454
292;trans.alpha.carotene;385.5580509428917;164.96312930951802;176.9001033008025;605.3953867019331
292;trans.beta.carotene;409.61405120063455;192.52472970245546;229.57523809481086;708.3302840031079
293;C14.0;0.861874427941496;0.03136159095273606;0.837663533437182;0.9151091803711925
293;C18.0;5.239727742217574;0.3416988636615269;4.926385163697163;5.7627528970249955
293;C18.2;10.670191336111612;0.1349718078876377;10.540873978635561;10.89458840068141
293;C18.3;0.28727686245905165;0.02490450078441067;0.2536314478178838;0.31269199791532964
293;C20.0;0.35916768969584234;0.036600026630350044;0.3254493941570179;0.4163710934227286
293;X9.cis.beta.carotene;77.64342685786168;41.201137364261164;41.8501588712755;144.8914439287371
293;eau;24.552254928452815;1.2947629901988846;23.246288066633664;26.386646886005835
293;ratio.alpha.beta;1.1720736484923626;0.15071613466305286;0.9677325331517278;1.3405172755976578
293;ratio.alpha.natif;0.4598615533352498;0.027226270762139383;0.42911747268528183;0.50201100075135
293;ratio.beta.natif;0.5369191017078958;0.02569534266409006;0.4950298717869892;0.558793785069108
293;tlip.MS;84.83130085778848;0.37505578406430495;84.222086919132;85.17619583562343
293;total.beta.carotene;454.18813968955266;154.09928698743826;258.93049697078663;627.7297049567738
293;total.carotene;786.7774936820887;326.51662354985774;411.9014742015412;1149.3397284813689
293;total.trans.carotene.natif;732.3646775436775;315.97211002557134;376.4028104625562;1097.287399569345
293;trans.alpha.carotene;344.9121819963227;146.08322289405996;155.62276382242973;493.76312436925343
293;trans.beta.carotene;364.58463610235424;94.14499168385747;256.83594456823494;488.8242524665522
294;C14.0;0.911613229345086;0.1040472969507225;0.8155779935866669;1.077651333489106
294;C18.0;5.106295640201534;0.22777282494100543;4.7438661511716536;5.305539903806964
294;C18.2;9.70572013733135;0.1676102993607064;9.579512143339544;9.97272001229971
294;C18.3;0.2928253120418387;0.053001718470369816;0.23852620709268993;0.3807353056512289
294;C20.0;0.31942592087037497;0.027286396194297253;0.2886956993960915;0.346062805456117
294;X9.cis.beta.carotene;92.36207385383884;61.46067715896757;44.777843539123985;183.08967497065035
294;eau;26.608964573556555;1.0463503501877116;24.804955664179175;27.46733009184653
294;ratio.alpha.beta;1.1127009658594584;0.1651371018361101;0.9301985187219691;1.288108800657004
294;ratio.alpha.natif;0.4332199903221209;0.018144008738587784;0.407713499752526;0.45683669476795524
294;ratio.beta.natif;0.5664031942214925;0.018650962153023514;0.545579422457734;0.5966650127586398
294;tlip.MS;82.97486453942062;1.5829027047957678;80.49236215006692;84.45701509637841
294;total.beta.carotene;473.47628585512786;244.2335605893401;296.49504166001265;892.7537612769695
294;total.carotene;876.2970062480939;564.1422993650892;474.634091626324;1850.2156567607008
294;total.trans.carotene.natif;803.9436494401622;514.4721693902109;451.93819301886725;1700.9306370450888
294;trans.alpha.carotene;367.1668576716196;199.88710554189714;176.5645551312678;672.23514602509
294;trans.beta.carotene;385.5385486188552;185.06187288436482;232.0675458694708;699.4272144064074
295;C14.0;0.696801038311684;0.06202611902266173;0.6127064545205705;0.7649720676554718
295;C18.0;6.048372365092181;0.8346884682677663;5.121307660457293;6.907832066204619
295;C18.2;9.950912987365328;0.4291154315771735;9.316460946585055;10.34163868856886
295;C18.3;0.27234536540150545;0.021356505847366963;0.23976998322644416;0.29871497910041667
295;C20.0;0.3773100298203597;0.06228803244387938;0.31633889692708367;0.4796217196932443
295;X9.cis.beta.carotene;65.997972244243;39.62801351890727;41.32340455925466;136.43465754773266
295;eau;32.79748595816734;3.8000258784176153;28.64005556700613;38.60697380896206
295;ratio.alpha.beta;0.9666743956777273;0.20039210644125977;0.812748381007161;1.3021465660485307
295;ratio.alpha.natif;0.4089580518826484;0.024027592100896954;0.3761489862975163;0.44369230848960867
295;ratio.beta.natif;0.5809737519461724;0.026511156211951895;0.5424736296905062;0.616508815251249
295;tlip.MS;82.18561585332006;1.9771142693094417;78.91060449270599;83.89794593001584
295;total.beta.carotene;472.90022311766086;149.3933156604468;370.4002352545966;735.4274854314029
295;total.carotene;774.5486387291469;278.57898600211325;520.1190410306186;1242.1180678301287
295;total.trans.carotene.natif;722.7913447593919;261.7729025273668;537.042634021279;1184.512561853888
295;trans.alpha.carotene;306.6752025834122;81.9611226657115;228.64591915593658;445.87088700125304
295;trans.beta.carotene;321.7731014212101;58.1603934152045;278.4116624322913;421.03685743986347
296;C14.0;0.6574070686990091;0.03649047146264393;0.6231828207775884;0.7222492975194617
296;C18.0;6.047881725706882;0.8674636742256278;5.205710646279572;7.552038967803173
296;C18.2;9.7062372057533;0.4441415780538012;9.028565148511914;10.227913990014036
296;C18.3;0.2479387965953259;0.03441009308843042;0.19790532692906393;0.2907620783614767
296;C20.0;0.26038806735947134;0.038697533806418175;0.22577391859960794;0.3313916699712622
296;X9.cis.beta.carotene;37.26740498517751;5.872466701057851;31.003983656879296;45.210111837495454
296;eau;32.115174585800965;2.9842938555985423;28.138426440485674;36.25594449418997
296;ratio.alpha.beta;0.8951807165976616;0.06340229204713738;0.8102790252062858;0.9571459640943428
296;ratio.alpha.natif;0.4189029828418072;0.021637696175789763;0.3920409941383939;0.44976236852682516
296;ratio.beta.natif;0.5821135336690301;0.023045586758066682;0.5560933943086944;0.6126703242675892
296;tlip.MS;82.67615341579862;1.5881454812225757;80.44893406492032;84.71092074481282
296;total.beta.carotene;304.5849511793786;63.62966877109287;228.14296711262133;394.99945912623843
296;total.carotene;474.4607429143921;100.43493099961401;359.481949840903;613.1105692215492
296;total.trans.carotene.natif;443.93035141171316;103.71424947207215;322.30573712042496;581.4670654726582
296;trans.alpha.carotene;192.11561647720228;53.39412817878939;136.67462753029758;270.76006538803483
296;trans.beta.carotene;264.632345434786;73.7219395896877;207.5056711054393;404.81145802583296
297;C14.0;0.6826005498766718;0.016705700279302533;0.6547121989851281;0.695948310746251
297;C18.0;5.412127634004074;0.257570565058629;5.074888712146755;5.776458306211872
297;C18.2;9.790440416366078;0.2700456314957841;9.504795471049958;10.126582114713578
297;C18.3;0.26870018343403945;0.028130366931284338;0.23417837164608055;0.29602462629608245
297;C20.0;0.3940338402842592;0.020839034343586162;0.36673916119568906;0.4185507398197983
297;X9.cis.beta.carotene;79.33511809983011;46.27011545625827;30.669531935274055;137.07980670375588
297;eau;25.146402887649117;1.4740859479108679;23.124809261247268;26.5426341207796
297;ratio.alpha.beta;1.1506977811760024;0.11524448889257508;1.0325268352740056;1.332576862008111
297;ratio.alpha.natif;0.4720178947373226;0.03711862982433835;0.4304479769595668;0.5209252313535431
297;ratio.beta.natif;0.5317788200490845;0.04062617065427042;0.4724174603122763;0.5804126611918448
297;tlip.MS;84.63184292471314;0.5562043306937638;83.820990621441;85.38653516526688
297;total.beta.carotene;442.2887497714747;171.52936892989516;257.09757440488124;624.4977531720517
297;total.carotene;774.9906653431063;332.58192697067597;419.1571525532753;1094.488844570199
297;total.trans.carotene.natif;732.4214560932653;335.3682662673356;386.3959557395153;1112.6579729213713
297;trans.alpha.carotene;321.478025144819;150.13452875454934;156.98289352740946;458.82415154003576
297;trans.beta.carotene;329.2299011194782;92.69962098703573;237.26507010710245;431.0087391281093
298;C14.0;0.792411738705013;0.03425955540330685;0.7280277691898663;0.825017224202455
298;C18.0;5.3736468271535385;0.6246982426051201;4.849126068779491;6.450492800672506
298;C18.2;9.940425833930112;0.46022144039856194;9.19324556479938;10.40247843780888
298;C18.3;0.24729595569221222;0.03445883296744703;0.2071945741784096;0.30945038602939356
298;C20.0;0.34955970628531335;0.05426306188092211;0.2981334303041398;0.4517904681116341
298;X9.cis.beta.carotene;50.107758330837754;20.51046202638158;30.80669306200338;89.08952951745405
298;eau;28.03317876169741;1.4633064260183255;25.760229680521274;29.661418802185338
298;ratio.alpha.beta;1.027104471309685;0.09667267547675115;0.9540345975811255;1.2010664969249587
298;ratio.alpha.natif;0.4683917195369344;0.03896848013636797;0.39517864060123054;0.49871859454349265
298;ratio.beta.natif;0.5370071314379414;0.028711314379787467;0.5056800068018971;0.5886173491712854
298;tlip.MS;84.62572992685769;0.6093907191608726;83.57450969585479;85.2506757309559
298;total.beta.carotene;376.01372192008006;207.39561692269427;192.59344539724444;749.6703396273807
298;total.carotene;645.920065767942;410.01547512496103;296.3065095547579;1371.0066532698445
298;total.trans.carotene.natif;595.7706464767524;378.42402547968726;277.83112762907984;1268.144665945473
298;trans.alpha.carotene;256.79849259725194;121.4187424988383;150.0690978305455;475.20095017083855
298;trans.beta.carotene;297.2951819317223;123.32636365562539;181.2492988424028;500.20661869728605
299;C14.0;0.8269456989784653;0.09340155316189533;0.7314005418225074;0.9384330411299993
299;C18.0;5.055607248703681;0.43545907866912636;4.64251305620227;5.878900342851905
299;C18.2;9.613455031949533;0.6238157077311192;8.708778402892644;10.278334396812452
299;C18.3;0.31044539879790717;0.05889577910256116;0.2310609070590826;0.4027376676964667
299;C20.0;0.3147845068340304;0.03796666304635305;0.24753646347611902;0.3561333010836205
299;X9.cis.beta.carotene;105.66018880195243;71.3853645123572;39.40155410217769;200.76817525489824
299;eau;37.19163216099811;4.8937154471991136;30.547583238006816;44.65023177566816
299;ratio.alpha.beta;0.9971165528795254;0.1450377401235277;0.7920499563703362;1.2124751420033302
299;ratio.alpha.natif;0.4710491235285416;0.03795842518450407;0.4130739086468928;0.5140340570677912
299;ratio.beta.natif;0.5315362132178367;0.039032232847311235;0.4837178678671147;0.5906843391183545
299;tlip.MS;80.61178188165405;2.0109105512838235;78.14948266057901;83.61325625905398
299;total.beta.carotene;619.0992961199123;295.58714840090084;296.98500431538474;981.1479468470674
299;total.carotene;1101.0456296438672;598.9433732047621;464.7394113872091;1797.9232678028936
299;total.trans.carotene.natif;947.699699757145;477.8952223770673;407.0628928243035;1540.0371787894244
299;trans.alpha.carotene;355.57796605634917;141.66051086791683;182.35955901698924;486.06210087912876
299;trans.beta.carotene;521.5526943700356;227.07725963201256;269.69544694311935;770.5281811623231
300;C14.0;0.8536947869349231;0.0830017235181765;0.7452872057741682;0.9474230367760599
300;C18.0;5.385584586007826;0.3793834384959931;4.908500209661533;5.941676916676688
300;C18.2;9.36886732572242;0.6743479010061169;8.662294063723222;10.176580260044895
300;C18.3;0.2954627116123883;0.04145347554688731;0.25001907994410066;0.3596307202035222
300;C20.0;0.3558801727405419;0.024481577736122785;0.31078768969132753;0.3784602391402384
300;X9.cis.beta.carotene;65.30133517734073;42.59215483735879;35.44730383133896;149.45064852762607
300;eau;33.32928791913893;8.436711802521165;24.172973896626758;47.23476389702327
300;ratio.alpha.beta;0.9859423041668748;0.10924803577736841;0.8539223099813572;1.1316520839098416
300;ratio.alpha.natif;0.44481066001654024;0.03454385021914264;0.3922387964138549;0.4788047231843159
300;ratio.beta.natif;0.5567804606975456;0.03303598871960862;0.5181582955623399;0.6072783194588611
300;tlip.MS;80.68303263323794;4.002815516799532;73.50204433716041;84.47015308157957
300;total.beta.carotene;530.0584625920393;201.43377448246375;344.69551996713307;854.0241967340178
300;total.carotene;954.0801199716107;411.1522827009308;492.9395947091183;1534.0165749108914
300;total.trans.carotene.natif;852.5653620632443;364.3029831464737;492.2380174540247;1347.4494024718485
300;trans.alpha.carotene;350.7527974977982;120.27567726615045;210.72173588231632;543.3771192551656
300;trans.beta.carotene;440.3774858602622;193.10855817937207;273.7946902379266;774.7970248718915
301;C14.0;0.8720759446239664;0.10200059066624818;0.6845686691528035;0.9725618824249407
301;C18.0;5.314898919742887;0.5980600410687071;4.4557386891463615;5.966145371654965
301;C18.2;9.264265893145227;0.2762926522459619;8.839310005958044;9.642480821330654
301;C18.3;0.33081626941261505;0.04908249100297764;0.2583520599723896;0.40358872269721346
301;C20.0;0.30649116453478964;0.02846175349615495;0.2706501837569258;0.3391113751219781
301;X9.cis.beta.carotene;84.26963590090564;37.03452307183233;57.744337369687436;145.58180351147763
301;eau;38.65897170806784;6.524357004327423;28.6555310673694;47.60081831674824
301;ratio.alpha.beta;0.7334432241994143;0.10471084752255584;0.6346685074007081;0.9146809463785439
301;ratio.alpha.natif;0.41675137940998314;0.021354178784018064;0.38378450065731234;0.4465999790995386
301;ratio.beta.natif;0.5846948380007022;0.022337616447247622;0.5559158876897062;0.6181712369883061
301;tlip.MS;79.11598065306292;2.8581081118574603;75.44553296183096;83.39117649857168
301;total.beta.carotene;771.6068992445995;249.79143264960618;444.4262446206997;1166.596761833767
301;total.carotene;1265.20899068896;436.85477547812695;823.5187967205815;2074.446764808572
301;total.trans.carotene.natif;1109.0234006841968;375.99242858109125;675.5903353456393;1779.3504131531195
301;trans.alpha.carotene;405.0381969044784;53.70337677052535;361.35606314855255;509.9316514064583
301;trans.beta.carotene;653.1763380208844;189.1810115229775;422.0956977046555;958.0560676032098
302;C14.0;0.8046935497251878;0.06618979569008916;0.7207685927298536;0.902403101620071
302;C18.0;5.7929132687803975;0.5748395922916828;5.33633554186678;6.661075216781658
302;C18.2;9.574443125814522;0.5563673656024167;8.71011919063049;10.187360822712865
302;C18.3;0.2589225362334037;0.0076970998944720925;0.2525624772950383;0.2706656559824921
302;C20.0;0.3697760089990806;0.028706236171170428;0.3349411453648543;0.3961512657255206
302;X9.cis.beta.carotene;33.7600919308105;4.4498517272316445;29.480267395022512;39.89309122597369
302;eau;30.174309456144606;2.9448114621901307;27.361781850473143;33.514897395985784
302;ratio.alpha.beta;1.0340497565263758;0.036123954013673354;0.9907411559207092;1.0912585644969501
302;ratio.alpha.natif;0.45351466236113225;0.011439928458055117;0.4399426002896372;0.46931143998435465
302;ratio.beta.natif;0.5446433896740723;0.005941604807023624;0.5377199419601708;0.5540058475647842
302;tlip.MS;83.26758652449958;0.3028577083163513;82.94556316958722;83.55400428185362
302;total.beta.carotene;183.348065073713;12.399405030956894;164.60675253498863;194.24381439323588
302;total.carotene;308.40183958325304;26.416424058555418;280.79741364223304;345.01113932725957
302;total.trans.carotene.natif;258.2256275884122;15.436890461306847;237.69602886868822;277.74476745398226
302;trans.alpha.carotene;156.4206743629384;11.333430205271732;146.0676758075452;168.96783359033583
302;trans.beta.carotene;183.77879709519183;12.640888156010906;171.05239186579303;199.07624051441704
303;C14.0;0.9527065010471443;0.14145740238393936;0.8176134218033901;1.1569041154916517
303;C18.0;5.028693693616839;0.1106478770238572;4.9060083606929;5.169277366775486
303;C18.2;9.702902039067386;0.313432679911746;9.241473101224448;9.987012531973466
303;C18.3;0.31791563235321324;0.03252941811361728;0.2772028561475317;0.36647305167385497
303;C20.0;0.33318203014570896;0.059899108825932405;0.23393765309012443;0.3751965968573542
303;X9.cis.beta.carotene;66.59340595902181;61.71882611656016;36.21147035743844;176.9579432009201
303;eau;35.96258044472985;2.173820911416514;33.29161547627712;39.23605678769289
303;ratio.alpha.beta;1.0204240635753243;0.019546601801065364;0.9996579702965562;1.0473906100389618
303;ratio.alpha.natif;0.43361588744409385;0.032579641977580814;0.4046351210618934;0.4719278889894478
303;ratio.beta.natif;0.56954942983252;0.025747232454815718;0.5312364333520798;0.5975527912850764
303;tlip.MS;80.40245032673994;1.8678826294146609;78.62650352619917;82.85697986253948
303;total.beta.carotene;514.4529701776501;410.1250348302783;259.37029389196846;1241.1850634413095
303;total.carotene;875.2252635048951;751.7719366795903;410.93749275712435;2211.3435822344795
303;total.trans.carotene.natif;792.8117171405067;654.3533687042328;382.33841868343023;1954.562774678639
303;trans.alpha.carotene;286.89024743732114;122.62340722694879;173.53944168827513;489.62288895874525
303;trans.beta.carotene;358.18949032921694;262.66814658881134;202.21382682513635;825.2358677125786
304;C14.0;0.8057729284297489;0.055250551504985014;0.7626216241390252;0.8939577054701334
304;C18.0;5.263840618819232;0.24219030639293251;5.011747980973563;5.66064751409692
304;C18.2;10.023306863430406;0.14974071440378844;9.921427893585582;10.284187067144353
304;C18.3;0.265454689876335;0.022708172163841276;0.24244556355328523;0.29703689038112324
304;C20.0;0.3359221549833945;0.05148186755119055;0.27109714947129016;0.4081384776690278
304;X9.cis.beta.carotene;55.51832819577332;12.595568573543181;41.94472004090808;70.89661520297713
304;eau;25.597919352445654;2.9148591259103105;22.134883538553627;28.804219745865463
304;ratio.alpha.beta;1.2013660478835855;0.1214928005294571;1.0857999557699172;1.3778959213568494
304;ratio.alpha.natif;0.4650849749788562;0.04097973382099226;0.41740115313568;0.5124080137211581
304;ratio.beta.natif;0.5344831005019974;0.04584599994318159;0.4839655244643259;0.5838753756691498
304;tlip.MS;84.46776112792044;0.24683510417950968;84.22093102179943;84.73038951325269
304;total.beta.carotene;376.1298243547726;73.59720453924957;297.3260166395752;455.97069661645367
304;total.carotene;605.1194365621792;158.5312328526243;481.66690661461826;803.2918812600453
304;total.trans.carotene.natif;550.0370148854951;136.82878334899195;422.31969271929376;722.9333285722928
304;trans.alpha.carotene;292.5199600921416;93.85340228103762;200.13043479209384;430.70373780275816
304;trans.beta.carotene;294.1105702406859;46.63863495995571;252.31818908463626;357.96373803582844
305;C14.0;0.846534512652331;0.09455374549658328;0.7013147488446576;0.9625886738273547
305;C18.0;5.15668626866191;0.36187087419611985;4.572988538160794;5.606300175981783
305;C18.2;9.328043829340588;0.34501329962461424;8.714133299875627;9.626034759030707
305;C18.3;0.31430158865533625;0.08850785263907317;0.23742956130673765;0.4846403095951106
305;C20.0;0.3316203922707054;0.017657018246981723;0.30404883593470855;0.354375906314578
305;X9.cis.beta.carotene;90.73703841938986;50.31605731369846;49.56053921053186;160.56102294142013
305;eau;30.76996425035381;7.479168746252246;26.59741282006536;45.910479473539866
305;ratio.alpha.beta;0.9724935695413435;0.22070115346076805;0.6939746394617101;1.3369457521066277
305;ratio.alpha.natif;0.4539537478798155;0.04627628439229266;0.3840774697485383;0.5068817087922102
305;ratio.beta.natif;0.5484161625630914;0.04512630295028442;0.5035399287871661;0.6186190973269428
305;tlip.MS;82.2009191586162;4.737531351226234;72.64831274461963;84.85171887292611
305;total.beta.carotene;622.554796172216;279.0975625358732;336.89047154612837;1006.8021314795786
305;total.carotene;1065.551532032105;424.6372575280875;626.6854652926786;1756.2782922236875
305;total.trans.carotene.natif;952.6714886375312;379.4336582323558;558.9541807745608;1565.5073721745916
305;trans.alpha.carotene;399.3140367962196;89.46864853004455;274.24320312738575;513.9637544111766
305;trans.beta.carotene;509.7143956279479;227.3320579400339;318.3774129437434;846.9151119048429
306;C14.0;0.8334633462671224;0.0460210631124433;0.7935409282176781;0.9070758712108348
306;C18.0;5.021219787033804;0.1623602364880015;4.827024762828663;5.2237338587839925
306;C18.2;10.372715584567356;0.4606757318073952;9.571249789250613;10.704590462140308
306;C18.3;0.2375608641176476;0.017489102270698293;0.2227200181921834;0.25854993838232787
306;C20.0;0.31008065550364255;0.01759525083367808;0.2980949607755266;0.34066943556450846
306;X9.cis.beta.carotene;25.523265811888756;2.6065816993402877;22.082131245582715;28.445862724992224
306;eau;29.592707690410645;3.791129455543944;25.40398996012844;34.44095406889384
306;ratio.alpha.beta;0.8389807987013853;0.042002500406705515;0.7826540003657154;0.9005328432779449
306;ratio.alpha.natif;0.39094467220707585;0.0098726228334721;0.37967212298761055;0.4069262561479189
306;ratio.beta.natif;0.6147257079301303;0.013046984962019325;0.593885079069658;0.629340219536056
306;tlip.MS;83.8011530920725;1.763203054813345;80.6846314394124;84.90414870130817
306;total.beta.carotene;205.05888838749365;4.6398872946264715;199.61412252078998;210.67017078698865
306;total.carotene;307.3053018580655;35.86351514918394;274.31287724749086;359.83711255326955
306;total.trans.carotene.natif;282.27046210848096;19.451064801834317;266.6519635991892;315.7457416099563
306;trans.alpha.carotene;138.18996963366888;9.369299639756225;125.61147742800262;147.24293683669114
306;trans.beta.carotene;190.2025907631169;19.656951839522655;159.75522903992666;211.08514146571667
