ech;rep;total.carotene_predit;X9.cis.beta.carotene_predit;tlip.MS_predit;ratio.beta.natif_predit;ratio.alpha.beta_predit;C18.2_predit;total.beta.carotene_predit;total.trans.carotene.natif_predit;C14.0_predit;trans.alpha.carotene_predit;ratio.alpha.natif_predit;trans.beta.carotene_predit;C18.3_predit;C20.0_predit;C18.0_predit;eau_predit
1;1;647.1351261829694;81.12556425416462;63.50436669444378;0.5460281850319412;1.339005654841457;8.731276296655626;384.57490634311404;521.4089817819793;0.6484434764828163;279.9056817047351;0.4519183964854325;314.1645897011017;0.39975567964698805;0.3234997871557561;4.474839307052448;58.89763310400154
1;2;711.3346289483088;60.71845250345769;75.89516555083479;0.5139509171763237;1.1978887327989587;8.851978315604999;450.8824545283857;644.2583374605256;0.35055335290156814;285.53755454689565;0.4909954274721637;240.18363846352938;0.3027037005382019;0.37826951230975747;4.9742748913978945;50.891668887952946
1;3;716.0126632821645;52.84745043573996;77.93998830587576;0.5077939810314601;1.1211175633014103;8.615598149372499;474.6633141939839;635.7586577313067;0.3341896283801082;323.4003702832254;0.49937111798941125;363.4775102130515;0.2576878490602343;0.41189089930180683;5.338240482257413;31.805798506953725
1;4;377.2801766663477;32.777901873449174;78.6596806219532;0.5191242513773442;0.9900258605673523;9.5050661520905;222.2219883691266;320.9510015313842;0.5280034899495177;155.96759044760873;0.4755100792228861;173.59145409850814;0.21783178831368658;0.4506169611287735;7.678740988093665;35.20665101309616
1;5;743.6075698795676;78.93363423135135;75.01240739253113;0.49826119281261827;1.2114291804704587;8.706760025205426;532.5590951760084;619.4863442808954;0.2908695748858791;352.8063444744678;0.5100942759219432;491.6154416039741;0.32550750954929475;0.4218012009029801;4.93324544709668;49.831187712645644
10;1;746.5247901187633;62.116239375140225;84.55013930926975;0.5875634242990642;0.9218562236629081;8.881364082858376;395.4014237481801;617.2829629563201;0.485391059209523;285.7526479889027;0.40876260438480744;335.6144796348346;0.2248045088853883;0.4809111661798485;7.417651454733527;21.673463266942832
10;2;831.6300446465028;77.87480027541008;82.87399233144289;0.5777130536018408;0.7792801239089969;9.202937705106494;453.7355684883841;727.7177633505187;0.7383749851118772;343.10195086051255;0.4261301451803912;431.7333939280699;0.2690007558157405;0.4944085172293164;8.528823999968905;22.309581318784357
10;3;2021.0822363804753;125.63294199947242;83.51707888298948;0.5255145775882336;1.34514470503494;9.762859193616551;1029.310762630238;1764.7115478383191;0.653657595081469;640.9133835593439;0.481050675082715;730.6356435381205;0.34751892232899245;0.3724678697628773;5.289742241016584;25.279157000705368
10;4;1797.1661654608606;183.12029656109272;80.35980009029583;0.535656818193706;1.3009444415520381;7.771975464328052;1166.4624441387546;1518.026461459828;0.7754648605020644;800.7336119704061;0.46020855515803755;1086.5501081332382;0.43785110635822044;0.5323854692652988;5.896606117835108;25.272480909796645
10;5;797.0978732488486;65.41478830378823;84.7030592552947;0.551035178778779;1.0528978228868873;9.710837605032365;407.3147543441406;679.4955934842732;0.5513952578125767;334.6728628254762;0.4606786130185907;311.7217838788371;0.23173998617053979;0.43312241560041914;5.197155180305645;22.90372256774581
100;1;2197.163685184831;137.26910553564036;77.22727019894918;0.5838941840423663;0.9235428892957784;8.86701153958025;1206.7900317558122;1973.3215790044414;0.8196043180438092;877.9629464520664;0.3981087131748444;991.2236481665644;0.4699218338161226;0.40711491692923635;4.523324842594007;31.411130249116514
100;2;2229.7477578119015;161.16002205479535;81.27197548644897;0.5675420187153479;1.1910239965528588;9.179202250542712;1381.7893040790884;1952.907069960109;0.815052425701455;1005.9621308023458;0.4408981532477535;652.1824042627172;0.4330524958933319;0.3799478245674882;4.985330205747396;26.70229465955255
100;3;1881.5986217147342;99.60620960300304;82.6049866398193;0.5586378790940408;0.9322154685250007;9.870878960429387;868.7494838013066;1572.2950298186613;0.9575586383835435;482.97566413001624;0.43409162978025617;558.3797106116748;0.36715564340094603;0.36802427856088465;4.745443751950336;24.60562098834026
100;4;884.1420554061536;88.45889483353469;80.34537238925408;0.566522597134;0.8738482123217947;9.140237441375152;533.4488012986311;795.3159642981149;0.7265530441670224;373.1902210737372;0.4394548058566486;397.1494698021832;0.3670317577091086;0.37730843590127155;4.565519330373694;31.565217442462686
100;5;1277.740168456493;148.49950422426002;80.48732389758786;0.546680868962425;1.0501520694403488;9.977600719238602;821.5404329360972;1170.8768955793694;1.033260051525306;556.352659640548;0.4589834734209635;565.9709916703399;0.3537817033403647;0.33524833795298875;4.414793076737026;28.7728319759423
100;6;1254.2497389466962;169.98477486593612;79.05296754620714;0.5162808919927422;1.2036852893405587;9.563126734237319;798.2524048253667;1056.9375898343142;1.1681036290234788;692.3475243109457;0.48233574359248443;762.4875283337565;0.4110984447915127;0.42660992381928314;4.6622349409979025;28.566785399201535
101;1;2124.2401142482286;192.07812032002767;76.79888838001779;0.5687644841215763;1.280740426963689;8.00412616912418;1303.3874309135565;1740.4155359449983;0.24843649545889263;787.7075629246459;0.41959420067499;1028.3792260302291;0.36559588157342093;0.4908675249699231;7.806034311634228;36.39367634230539
101;2;1098.464648348725;96.88194399260827;80.6365030336313;0.5813910402936714;0.9697536118982494;7.502601867959426;657.3756499911921;959.0271761262117;0.33675381312196073;409.80907743767693;0.43476876381447477;506.00119999239405;0.3029241674805033;0.5056558890616555;8.237804943051605;29.78566024974516
101;3;1720.4561441646188;206.36457446750217;80.37828785214188;0.5248914694444309;1.154140192717597;7.349861284405083;1067.1984429885015;1543.55282924127;0.2983014095526621;588.534760666489;0.4604957975638599;691.5752503853199;0.31586081549289474;0.48177387710541114;8.674451113359746;31.817152052566577
101;4;2184.229854173994;223.62171108143286;74.37451528764262;0.5367161232496701;1.2367318036129433;6.981541880420112;1312.361913833204;1821.2390722144667;0.2526292558607966;628.534282211435;0.4577955822636613;1085.16724228815;0.44652023700953897;0.47643956932324355;6.625296232175804;41.25348058495306
101;5;2213.756641091144;237.66140785848305;71.90243410806129;0.5410309400800456;1.376169283813309;8.527452185414159;1321.9204469295103;1787.544024285439;0.3081523254825802;684.9295231532309;0.43830951963061016;1127.5797050284912;0.5256622212338281;0.4056386197216465;5.6529262487411565;46.97629613854373
101;6;1730.4858318733623;206.957944219976;79.7314034311096;0.5236785981174059;1.2239196802426713;7.515400037246642;1014.7521795086036;1423.128022129773;0.30084855814958555;615.0462323310768;0.4863964631786295;707.7003814329469;0.3018366741876487;0.47608659386541896;8.235082770043396;36.90138412122327
101;7;2201.4714527110955;210.87158751199865;74.22871309332221;0.5466684267601506;1.2948411528725838;8.207782141116091;1326.1282294728082;1742.0981479648076;0.26224879929595984;615.0459761203762;0.4381223353677398;891.7019459588042;0.42344113841843234;0.4473163455782218;5.61911605067235;40.76234695692983
101;8;1339.5440194924536;99.70883058861892;81.11729660132315;0.5651950861797078;1.1166917080682457;7.447350414012558;727.2283359313578;1055.6817396436197;0.28076352426740653;468.66876542238555;0.43223238603834857;530.2614318430453;0.26985545302430697;0.48794652518833714;8.178560731558306;27.019855299035186
102;1;1254.2377314264224;155.27603348202123;75.01172066405753;0.5392239067200396;1.2042940763260381;9.331748037023084;766.7664366341965;1079.2371886957726;0.9040369998098464;877.7113667859431;0.4536207042356813;570.9479194600736;0.37063179338130586;0.349696034452442;5.214318330737028;33.1382263357371
102;2;1853.2123502259053;116.17447919983981;79.34185320305798;0.5088336134535577;0.9830311582932403;8.978100072926473;851.8593630693858;1652.852115397569;0.8460422483461214;956.6884081273068;0.48855621463272425;613.4354478129992;0.3335041591693966;0.3500180226232126;5.332955224107038;30.13700526855368
102;3;1959.7006702951644;104.14457860435401;83.34361955540858;0.5544991111445313;1.0780587070603118;9.365444876564421;883.5004999445379;1857.0368342337879;0.6316367603600004;522.1111017328758;0.442213425018492;524.5204131861123;0.31908833284015087;0.38488198527452444;5.202531842499745;28.81250317918505
102;4;826.6448622061451;60.81180192172151;83.79349617674875;0.5287467444045488;1.147017395886203;9.046942986756154;383.2015749474617;669.9509010845653;0.4980183340857305;337.87924742916556;0.48268210778205906;310.5558875688359;0.2516446758902882;0.4419200210070143;6.290210123871653;24.438786085555513
102;5;970.4083298851006;78.94022678333711;80.44324520326364;0.4833833329936407;1.1155609838781684;9.647508061297946;492.1558929924545;857.6938005336544;0.7122322949205692;430.1508760617703;0.5149603756832672;437.638093363662;0.3219179871869977;0.40090749134873493;5.604681554017866;25.9159699603715
102;6;2737.2874598782014;166.34613327417958;77.8550521781521;0.5373035196592211;1.1497880812063097;9.304291954874898;1490.5023974455235;2416.1103920856967;0.962816188687395;1065.5056236771304;0.4716820103821381;835.1813284433665;0.4128421368306439;0.3754287565125858;4.938264366885059;34.9297452106754
103;1;2155.4955481652646;195.08007543532375;80.58725703894642;0.49196746924202583;1.2233421741182384;7.555499332337166;1298.5288507061116;1800.0506529245138;0.5651664474616717;677.3053254488665;0.5073393404087972;897.2586773331258;0.34652695161323327;0.4183507728656422;6.170425251114343;26.907972292863878
103;2;2470.8610677231936;206.52164422964307;75.78436704960662;0.48231547627627636;1.1944447406986134;6.686536044987027;1480.298538923064;2042.4887392046578;0.4622379090446597;736.6805601347146;0.5121488063072449;1067.2032043556562;0.41337059897571954;0.4211039219927756;6.839566987046442;34.6955617993799
103;3;2071.213972544545;196.4895720919367;81.72863563749065;0.5300849403886553;1.199748036048799;7.042723542751137;1368.428097476007;1734.9832142024839;0.47326106995591166;685.8124457855948;0.47418792824740263;712.3111690833956;0.35073228136515877;0.3988378180998851;5.085961142499017;25.620498126515134
103;4;2639.2750066325175;177.8608837435373;76.65982828253841;0.5265173303546663;1.1179554183881657;6.632176284699119;1427.6166029652961;2281.0139838315117;0.6107374069210313;1119.00624903562;0.46686720374775365;1244.694605561174;0.4340645909197807;0.4165145879503877;5.710534729268857;34.41139199331438
103;5;1216.0175884495752;176.94774449402405;81.06945445024026;0.4990712011935335;1.1525750066951101;7.28263074850593;718.146733282517;1043.8948673852165;0.6359418053239176;525.1507417696733;0.4904823671104284;635.6740365639712;0.3179535965966344;0.4026163346140945;6.333854581845255;24.918961021167096
103;6;2033.3976741912845;175.22308532449748;80.39721111423411;0.5296371314423972;1.2038575408407761;6.727914825698796;1144.4818412641218;1597.234793062519;0.6201902506905531;832.6845481070665;0.4642990985748982;981.1891916091921;0.3525330695726353;0.433120703742756;7.337447807845458;28.2018607746451
103;7;1436.54112883591;193.86366603185695;79.00088121477312;0.5318867844850685;1.3669301473459232;7.505369049297602;810.6293572364291;1192.7647523929406;0.7574812785122969;565.4805931322214;0.4694003171746395;762.2245339107452;0.3093803216712867;0.45770826215909;5.364786637624328;29.147556030064575
103;8;2298.511619943407;185.53975068939178;76.53083786578891;0.5771828999993494;1.2662084746103976;6.7213218082110835;1418.9839413400207;1845.236685023644;0.6494938188999506;860.3392887361704;0.42659098385457517;1207.2423185300854;0.43728804273971805;0.43519086141051716;5.818351001403638;35.23241562334971
104;1;340.94149396235247;33.08386100310446;78.69413725179625;0.553329255688674;0.9509537756271391;8.280853100584357;203.50487275695974;299.17579563346095;1.015665073799648;153.4355501848174;0.4421047564357249;188.39005376732496;0.21291769717936482;0.44324603153891023;6.809202750264096;30.633037272883666
104;2;461.90889207500845;46.60860723538901;80.12957769239749;0.5138935950967427;0.936797335185835;8.13605866578139;337.2666329134427;462.62374481480924;0.976348673231244;207.66008146581106;0.4810425886671723;303.31803740485867;0.2541506411431398;0.4746887456838458;7.064314176795789;28.20609065493274
104;3;423.4833615285334;45.64368741218962;76.47419297615137;0.5585597062993858;0.8970772139426134;8.378973452389967;254.9591798130796;378.3216393601259;1.1083195051648207;176.38459103644416;0.44061702683508136;239.1129205158361;0.3090321213108631;0.43162951679592576;4.780042288048434;36.03939376422162
104;4;659.8082707917654;38.304949019380814;74.39181064190065;0.5700932367673931;0.875734087626717;8.776208664704406;359.8786022143662;637.1146236093554;0.9323057890113523;297.9278631235661;0.4203158103707267;334.47135446312967;0.31921339250186925;0.3933547572566954;5.13709175851648;41.75891059691166
104;5;395.4713044128558;37.92441582534721;74.48954870625114;0.5447617876382551;0.9673850223242991;8.220978061287468;205.54583430245077;341.67987546038574;0.8451745457423194;197.2797621471774;0.43975166977251007;188.74495106180967;0.29541240277440584;0.40487038485618015;5.19487092501883;40.409893113109455
104;6;346.00588461701767;33.08087820702865;76.46806380292078;0.5456161967015328;0.9057189315729968;7.4637613766812105;196.4407566430558;284.539657416732;0.7393153240848229;161.9825120597069;0.44260915937592293;192.86651088956475;0.2251529065687235;0.46663420722337934;8.184792040476275;39.54503306403694
104;7;475.10155321583113;34.82350549769754;77.90487612480845;0.5318499021691887;1.0352978717304855;8.56380014017534;253.54583269834572;420.33926439824694;0.8306009649810366;204.78692414028498;0.46941650059901946;251.27643366918738;0.2488666728832514;0.41646122777289174;7.11887258353168;30.400983133834885
104;8;405.90683500113664;35.620689894080094;77.72141327541033;0.5359374836149766;1.0310314005995571;7.365757011213753;276.70161169200344;400.0690454475543;0.9380274656534766;187.81681557852457;0.46190592248393986;247.46477338685227;0.2662690456872448;0.4357342304349546;5.630322316287394;35.72016827326979
104;9;384.74543872023924;39.57373701715076;68.45240578462989;0.5567800878125226;1.1216325196747456;8.712014637554658;240.8133999354552;319.3333302489079;1.1409837382014056;196.23248869575374;0.43355404879875986;228.50125101629988;0.32075961489495236;0.3261106729731296;4.5451515149809305;41.98231276289537
104;10;785.3017012199036;39.092234620457155;75.9132956783476;0.5823757360214095;0.9018245703872639;7.83488802195813;530.4724525025298;728.5658068884726;0.7905245534751407;302.433191961994;0.4224391087096342;344.2850475836743;0.28573678239489786;0.41572490589363037;6.6996885853715415;39.39214120661819
105;1;424.9206858402535;40.04029052725682;79.11880664750095;0.5946490814819919;0.861369334635585;8.51248331262989;280.2463123788183;402.06936515711413;1.0817882889395025;181.45464493970954;0.4159422437561752;257.97171646861796;0.21009661428644388;0.4844940785357159;5.3582037972880086;30.874918450788133
105;2;846.5729396313532;50.668686392332205;78.95357084281673;0.5794309162123369;0.828308667823045;9.038248584161368;490.71020793339136;752.8540346279437;1.2898663194884425;332.430470809584;0.42826386850671816;413.5476365157364;0.27606278159429076;0.4295445941609585;5.037195501297888;33.75496034081002
105;3;1587.7598652230895;115.57545324566982;80.8583072358546;0.5537078899165925;0.9152327314071986;9.251431482526764;830.7638376799422;1483.4418675899315;1.368612660786277;435.8948605484608;0.45845381262890633;530.5932704223468;0.2946655060310036;0.3993277258691428;4.993858752602531;26.314221825224017
105;4;635.8197386318636;51.69896524946388;80.43199503610757;0.5523757416090558;0.9433783698205789;9.05995555977407;400.14251891584126;623.3975490943221;1.3162599640132318;303.06590137513024;0.44620535916548315;294.33723665893433;0.2590088422956029;0.42615008413970806;4.95463227978139;25.038929849011865
105;5;1499.09862310435;134.00009556525995;81.01443153406494;0.5763531561332537;0.8676891110072394;9.08847325454128;826.5496542665892;1375.3205894514729;1.3430539376519939;487.85261600769525;0.43845081777362643;653.9227074170007;0.33295304418439536;0.4255023907400639;5.0867672065771385;26.136811978088268
105;6;830.8721552800015;55.482947725101184;82.00346936393356;0.6026098795515213;0.8518856889391018;9.023495108029428;468.3185700109706;760.0015980174946;1.140971729599326;290.81230251074084;0.38817490817818545;319.2748574749499;0.2808194522553328;0.402041563407219;5.027220505113392;28.377374680635807
106;1;474.3206682442227;44.63011836902209;81.73848115631377;0.6120055259615258;0.9388098857595704;7.494966132469047;326.9272180446597;444.55359742221066;1.0304370973056298;224.99707838156993;0.4000861441041875;240.1535158554512;0.22753950615399202;0.4354314415383571;5.191448934934096;27.143627019731575
106;2;1105.6505564271852;74.30473430647487;76.69698454550915;0.599920011023025;0.8305137210405847;8.506860182549485;604.9315785087922;938.4615971259782;1.118222310030403;384.00626336686065;0.41359264976107296;436.7738298016344;0.34550613961670157;0.40673615878029395;5.026537090198225;31.60567324377863
106;3;1789.7721205098176;146.94199372613076;78.1643962845856;0.5578760879308842;0.7966898935283534;7.38366422736424;997.0696524344073;1444.7317354536153;0.9375357150570456;474.5200138417316;0.43637599667910676;681.5686595741228;0.34717359673920484;0.39881092280935854;4.886312823172165;32.16995435520282
106;4;406.9105502966723;42.89216131289466;81.18725005334302;0.5496299793295367;0.9014282684267392;7.458429288134674;255.91752722235987;360.78475580867524;0.8560960116459179;181.72957794019558;0.4631329755760318;192.09281557178647;0.2304429292891063;0.38002736419244704;4.986418003505783;26.72463465756773
106;5;716.8869575716367;52.744885925458675;82.07528096276849;0.5258053945106943;1.061270172602228;7.446346170006744;376.32541306024655;622.2187054286023;0.9815240724742277;327.82969087193476;0.4741231603155437;347.44600861397856;0.2400811263435256;0.3759471233727747;4.940880717210075;26.263673512491213
106;6;981.2349826128772;109.88452569590763;79.33722177021627;0.573187011289313;0.8044471400341596;7.335794761786603;604.5343004015431;849.2644977292512;0.8575031374189748;337.08701165351835;0.42881663433613765;454.37649978604577;0.3159267849906066;0.3875347836621672;4.678298464735771;34.44614150244508
107;1;660.5983763147426;49.26356720522122;76.94184866725509;0.5512714322646837;0.9716755782519683;7.508647974524592;360.7313585799349;627.2480219964305;0.9275374036171471;699.1024720864067;0.4427919211469041;235.96689235132723;0.29013197811097025;0.3803080508719782;4.964428082327819;31.94834781864072
107;2;432.9004204890035;41.397806176238056;81.51140419694188;0.5816495499923008;0.7776278006135767;7.374742587993231;272.361408318493;367.49144832917096;0.6743089864421654;162.23686918996293;0.41423455905173545;161.73894852790608;0.1751504330300073;0.45307295917926943;5.232753165793727;28.718541159564655
107;3;424.2179402079439;40.613705875087916;83.84391460111448;0.5614769001978608;0.8999963931899828;7.362997339151149;256.1341671562782;359.3949425404073;0.7946044667812302;161.8249636894936;0.4432052051901782;166.2643486307843;0.19323614506507042;0.40251000791039915;4.9816501686420835;28.133516306750675
107;4;814.5800268495517;55.70372796930822;80.53102738163015;0.6362031408507182;0.8846278752495931;7.455864265898604;450.074729628505;695.3701871507335;1.011327746876704;335.6564916799101;0.38917440120899044;269.3603257134908;0.26778313302913104;0.43998253681432187;4.941187676523826;30.02375433864139
107;5;1377.9666193491526;130.05058149025598;76.47980058116033;0.5263436203934071;0.8879502643156062;7.7883042757845455;826.7421359380879;1168.3707429763035;1.039137674781294;540.9893918617797;0.4624377668677321;667.3005764587874;0.3684316373975893;0.3859027971595074;4.982575579324487;31.19188066196323
107;6;435.76203104660715;40.98356995190892;81.92487538706364;0.5651199715322456;0.8813590168301562;7.487925517982404;247.6824498679724;372.3900844785879;0.7583124881573025;171.89009528483876;0.44552835875898356;158.7716380937847;0.1795987590405056;0.4100102908584965;4.898514003895017;29.284488014058574
108;1;2331.0829921934182;197.65632458815864;78.83640491769145;0.5299807254467057;0.9277189810997453;7.094437679982829;1257.071036494898;2021.998503124393;0.3939452234936853;704.7907079059808;0.46866974084439295;860.2373763543851;0.3852764632658002;0.49040248921196605;6.144061112884293;30.28756162609516
108;2;2538.5847603366456;207.99270115631097;69.20528467069913;0.6198519795988515;0.7833218960439655;7.094621808181575;1527.4723310390154;2177.5502142547653;0.3975229485304091;624.7927117599235;0.38930293887505735;1129.0105992498948;0.49095760549254785;0.442971253079759;5.146611160660919;48.928460370940044
108;3;2229.41400098036;199.18412103410955;69.62076163735303;0.6360849297474407;0.7999209123938511;6.9364003466685;1475.8288125130887;1884.5548677245308;0.39450853218520815;629.0629641984204;0.3593104025060363;1383.0366627779824;0.48856234179440994;0.4173659707042582;4.6903008285751575;49.88752638842743
108;4;1997.8562674808582;204.58231953498566;78.40097457660849;0.5850630086474315;0.9785929373548344;7.294524082344874;1206.3963945914838;1502.3352510052116;0.2642852713787259;656.4404977607744;0.39386775227164555;838.754446140492;0.34310232781585676;0.5012871726461259;7.2751374870315395;30.46230382129693
108;5;2603.9987583636303;223.29339690566655;69.43603251089677;0.6415634955133496;0.6899668463275025;6.983293411932044;1575.719931530755;2258.0735797652114;0.4969728309749366;609.2485603019268;0.3473837675524401;1256.5389009598223;0.4896793532632546;0.41414185278065035;5.221901774462005;50.993640368820344
108;6;2215.058685155521;218.8993414946899;72.32760620015061;0.565116462872521;0.9475714543454533;7.061338331912202;1364.694666702144;1840.0515918562994;0.285216461576872;854.598095060716;0.43415299448573547;1335.6383169244996;0.4927601346442623;0.42668368078079105;5.1110098909740245;47.55748089869598
108;7;1893.829038933388;189.37013647395935;79.84226440346717;0.6047058904934356;0.9029197137920604;7.721550045897296;1238.1302609959525;1585.2018945833279;0.44307658153312324;601.3230766792154;0.3950505117352533;889.2659901422569;0.3326466866797054;0.509145741668912;7.476132572318143;31.59974701352279
108;8;1571.2847456019904;220.28116316802425;67.84387243171147;0.6028426990035897;0.8307397209191412;7.308622305744172;1022.0286878198374;1327.0757733132186;0.6226084509568871;596.7227462808278;0.38261979052750517;1090.8854526776965;0.4674408053099382;0.4290191915541298;5.157482076735551;48.23855782395698
108;9;1132.0947262830057;96.87893495679755;78.80383945631293;0.6138715023332614;0.9194913436008094;7.2488369767003435;666.190420943846;963.0586298077772;0.478815468405143;404.5879036224314;0.382084980464666;446.408493906281;0.31843466198518533;0.5030675450769112;7.325857204797037;28.45645507218746
109;1;1981.0287351322893;164.64553944074203;81.21033677753691;0.5512097418186803;1.252511546166331;8.04870702355903;1024.7244820580636;1747.2272906725616;0.29653137162092047;1099.915093914724;0.44799444242176295;916.235284994655;0.3610215777568427;0.46805659169011465;7.40582192874913;23.470047702794446
109;2;2288.3146835573802;167.46168541106024;80.61565867108048;0.5734955878238533;0.9311754789756683;7.687829404353491;1404.2503426797994;1863.470016943666;0.25265801496614154;720.2984511250206;0.4301397469184949;993.5376534943117;0.3574887140251947;0.4623587608636443;6.944244167346263;27.25605923478021
109;3;1633.9528505436992;180.69562213742694;80.86895518522442;0.5548309607903079;0.8380958932350514;7.160940853761049;971.4525507279617;1422.4161072093755;0.24524767425125082;1015.5938395053851;0.45254240993297495;1192.1128803527643;0.3871943044209998;0.47938785440140885;7.281294239861338;27.27378476287472
109;4;1498.3440092012997;119.66689680857297;82.74840179076706;0.5918439999555294;1.042248542612222;9.062663657181949;788.8155369548538;1293.3531574901926;0.33862589961435774;652.3716509757552;0.4015790779990494;683.7983889161505;0.3049932960178795;0.4631770074000285;6.452078821962694;24.431224111496103
109;5;2670.609443099257;223.97883217092982;79.45396423453397;0.5460994328048282;1.1352682140321844;7.392014983160268;1625.8766460341474;2162.134411671216;0.307501184727784;704.418932178613;0.4601661605110304;1273.00897986673;0.4428864257120184;0.47458313138699443;7.683147169554319;33.39703107904391
109;6;2396.5760283325;195.23157985629013;76.37383988197766;0.6030020943388293;0.9884757896517128;7.333080442562947;1388.8351996746208;2007.8889426628405;0.4442491463177903;666.6668375602535;0.38928172386807647;883.8400932278075;0.39440922870078543;0.4663787173818823;7.53400012308024;27.583489342537796
109;7;1402.7590738597792;149.33900064636254;80.68897706357599;0.584398741435563;0.9659694328384382;7.4036188727404335;866.3233343050078;1152.8054594770942;0.2836763965040917;941.8718792305417;0.4220464633640766;927.5033210873253;0.3842815635839923;0.4384021045725004;7.093371042497901;27.84065003341009
109;8;1172.2916542251594;137.31358921644215;84.55797550487223;0.5924531596527496;1.176667344109312;8.193402596893918;606.6979858556658;981.0094882801442;0.3652780295446865;797.0301888122991;0.40142826508441054;551.4518892268122;0.29189729359234357;0.45597273021448986;6.521878522069812;24.51374346542394
11;1;1738.5508187411615;179.67901080148545;79.2809710129247;0.559630705649594;1.1328753514797154;7.200720103023926;1131.032434111015;1563.4260338437962;0.26248982684646405;745.7832339609063;0.42871632318013375;962.5022651076615;0.3951049988719966;0.4665620545306793;5.570911173345606;29.172709202871115
11;2;1971.0139133267267;180.47426831240512;80.17997522470482;0.5667574462087422;1.1721847252774862;7.648342671768971;1300.9142669649107;1649.8890738458163;0.38046605847245873;787.9785439151757;0.4243923537477162;1022.6790725030348;0.3574497559628396;0.5189182896688098;7.735575179972662;24.500713517646194
11;3;2287.239179712217;183.28731690325728;79.83860851684041;0.5472302099495372;1.4119859982658283;7.853632429388486;1166.8008490411062;1929.523368191568;0.30230692700269346;745.2355535366273;0.46440717390527264;1161.598067665279;0.35176708814058455;0.4699461949012975;7.234485236010371;26.494025221737633
11;4;2675.389089629358;155.82343813448156;79.95313177617071;0.5510303821511766;1.392324029018016;7.626838563660344;1392.06973697393;2233.222545696721;0.2715849563737179;696.3267727929207;0.4467348575680154;1002.7770302959508;0.33255040030439675;0.4742118442260875;7.539739622294158;25.088510657666895
11;5;1925.9304541003005;193.59528727935714;79.92830822003805;0.46429669002013185;1.4505905645866948;7.273960567403097;1096.3955468311674;1536.5371847632302;0.35813333322867297;776.5555866266988;0.5251884618260829;1087.3647581950445;0.37457510346239603;0.4848329591543676;7.180541436429801;27.80033857387164
11;6;997.4490708838347;100.31596981934322;80.69188782748002;0.4888151442731244;1.2974310139277214;7.6162919845822;576.3156271539898;834.1290201503973;0.36425744812289884;677.3835347229684;0.5071388838036706;466.0782864420173;0.3232850733317541;0.4511265772242002;5.490478802037672;27.377178478759596
110;1;764.7687023062405;76.25949658546351;84.23576109126114;0.5618813464595869;0.8862763067754317;7.929534228212957;477.80520868820605;646.2019906090688;0.40398888079956613;332.2837593668552;0.45480787671728884;343.995757355027;0.21154662812311617;0.4869053115116115;7.448740331484851;24.887723295276984
110;2;2094.814074796473;209.05068627474634;78.88945642156462;0.5974142779141957;1.0571892166880417;7.623793014882749;1404.9039991825312;1685.5823008519756;0.3175733965924696;606.8777137598082;0.4152506852364799;948.8303746941006;0.37944566734706986;0.41058262402521495;5.616502128467994;27.060927584457644
110;3;1591.5289974397276;194.16554413932266;80.92289861743411;0.5621697494992155;1.342331846011271;8.260289838738636;987.1378240625722;1446.4218110766105;0.3469113736933798;540.4314995376222;0.4434497858212365;1020.8837624397642;0.3363180899515455;0.4941129344293034;7.044790921291121;28.370643620879214
110;4;1411.6421792235276;175.40641950827782;78.89114583324628;0.5648769219213073;1.1379751332066126;8.09400371503469;964.0651021597312;1220.8826989436054;0.3101784598492154;607.3518708955164;0.45807176660650667;733.8054288219209;0.38932862039792093;0.4350220777176794;6.380004551737377;32.077938306985196
110;5;1546.8701482117779;142.67146707911988;83.64008858330185;0.5873995414349418;1.037210996170096;8.896866273607063;909.7291927653081;1361.7290035566994;0.38590783875811735;450.7578335394168;0.4212140259376392;658.4216572812309;0.3114105496038128;0.4750010799224765;6.266176081575678;26.91162942975767
110;6;2203.175437943291;220.20457790641294;76.70046809716217;0.5835877095737039;1.1456695976238664;7.037571367111417;1319.437445872187;1879.6801476014239;0.4673400525838655;624.4030572944199;0.4284908824134808;1183.9117596464023;0.4108279434673106;0.4137667006057736;4.951161763002103;33.82764727719245
111;1;650.016741895287;50.98751194723232;80.78752622393512;0.5431007320654749;1.0318085307812774;7.332774155312132;366.28352894936916;526.7116938048456;0.308962033833626;392.6716617983982;0.4651062715049392;230.27950010818896;0.23098295199013028;0.48769008545796244;8.360230824987383;24.649159044676725
111;2;1386.1431139124645;62.675602439000606;76.75183925044301;0.550659509216585;1.0446368894637466;7.511661403293614;810.1391833217142;1150.9566974651996;0.2990750246654212;473.1719479843283;0.45512943818312934;505.83964035116463;0.31181429836570357;0.4184550260234063;6.658857154202937;28.47529856057198
111;3;1092.005438390949;78.42213231222684;77.23231848604452;0.5302009954024902;0.9684041620013834;6.735323228454156;722.3639881044431;926.2747208106626;0.3485160177804753;438.75445732258873;0.4756070365365577;442.16226214631735;0.3158349825672912;0.4369956178806985;6.911500896476747;32.34467412786191
111;4;463.38227712522826;48.66718678312698;80.77559151037643;0.533840978960992;1.0829856806942366;7.439579615692436;321.22009631387374;458.434243583209;0.3048122789333282;235.8067520098667;0.4692403936183378;206.4811729506711;0.255511126250962;0.4901704942979701;7.667758950970463;25.468540724432252
111;5;522.4061834397266;49.75991114367665;80.78926544558283;0.6077757052322948;0.9665580713953813;7.589666422213895;354.8607237900653;479.145180240524;0.3390514018805295;238.96344082757156;0.4113573840530443;268.1474330061016;0.20649085421431607;0.5064473899262023;7.794844786264196;23.127397581473396
111;6;536.7574989952116;42.930729831633506;80.14201947704605;0.557731393725632;1.0416710264853322;7.330415651133709;278.5573806288624;448.0420297373951;0.2960810159157986;193.3207412293305;0.4515666141572896;211.55013118415326;0.2245822915978752;0.4522293171326241;7.4074002457869685;22.232118289353462
111;7;415.6329725950382;47.425198254260295;80.90098145139069;0.5668320121049505;1.136094442817542;7.413048303923283;288.7839303078459;380.99234611949936;0.32162028219541466;227.27041248296874;0.45132065613231004;256.56162393637265;0.2184318789125016;0.48656587396769363;7.932510651776852;23.07343772969533
112;1;2287.491910069259;173.38037030153512;76.83725507962684;0.4752695463745365;1.3028020159775047;8.002599197205361;1327.1899014342087;1921.865714724152;0.7103911698664911;601.2896152051203;0.5230378278681937;778.0357814577366;0.3482870173955287;0.4181964416498296;5.007181120549463;35.76277111176985
112;2;536.9826188822976;52.54546003279554;84.11826769864591;0.5814594854371842;0.9394757255539772;8.908403077614707;318.0942794543001;490.5174123377713;0.97557144042229;299.95783268961816;0.4157981951480638;263.924893673993;0.20676625036049512;0.45691285321000635;6.685306261218951;27.474775285509715
112;3;651.3364459662374;50.010346540961976;80.99374822981397;0.5783747119831021;1.0107210851921993;8.284764143639608;409.8835524067721;598.8835370153552;0.7920271657646454;296.24163176678405;0.4137654802172148;335.9820363384749;0.28286527240627884;0.4151821524108458;5.290018534648118;28.506691609468444
112;4;2029.822334941574;163.0404310475865;77.24943228596221;0.586247641431672;0.9238312292898276;8.124109291864768;1163.8623428902831;1754.3281572135363;0.7427538749618456;542.4769432264659;0.43678605303523255;835.3907344451992;0.36783163307042677;0.403543122153356;5.033361488871718;35.17249054896406
112;5;1069.3706279980036;160.30782012200655;77.59800939343866;0.484696397699128;1.1826217616929364;8.098163147867806;639.6526658550885;961.4351806423734;0.7051316948403208;477.92747698730216;0.5108275267337778;549.0503424143047;0.32431694289687046;0.4206104883863294;4.967976232884077;32.844118937273585
112;6;809.9146488396427;83.30963855639517;81.26555473431587;0.5307254078570206;0.983677438430851;8.02531728932415;450.0476460336314;732.2993987456176;0.7797760324019571;394.75911887025745;0.45570676057083775;430.4330264011684;0.3160740203270844;0.3925768450049395;5.077743160344573;27.886811084833525
113;1;909.2816501697937;75.29665259900173;80.83092154358924;0.6078419428355384;1.0704890569359398;7.466896951201388;486.6815934173266;767.1581301702222;0.4268531565435295;331.89841512602845;0.40461030170890894;345.01835723721905;0.2402727393256758;0.47595530976707345;7.873590582274712;25.37495771966691
113;2;855.7061605533609;73.34719998942843;80.54979108164846;0.5725484085445739;0.9777005240805331;7.333081117397716;468.73204804452814;716.6733391383066;0.3032419050741842;394.07283768495927;0.4423088159046998;397.59687281681266;0.28069149773491164;0.4617197229762863;6.5250361887475785;26.807351567011732
113;3;1958.8344157749268;170.1061615644085;80.81014390765435;0.5522289685620908;1.2855171800793366;7.356466469998413;1071.0853841118887;1707.893870357335;0.28538500012899437;542.0742655792991;0.45650351590491356;794.3888923270365;0.3079819815008323;0.4379093918232639;5.686024737533197;27.760317368845367
113;4;924.9792632080482;151.65342137484015;80.86250590512861;0.5564853611103711;1.351415500696944;7.562585716467165;549.6755287498348;872.0060046641001;0.33969316584329223;482.0659498521735;0.4468952055916561;384.96890571973165;0.2587380694431003;0.517978033229593;7.223285018900616;29.147831914142298
113;5;932.5293064234285;98.34991367613091;81.07561994640133;0.5572832875074993;0.8453677039001105;7.339251720760023;559.2276253414258;858.6063494264283;0.3235150365086026;394.88480788593597;0.45044832462541984;401.1985920551318;0.244297824249262;0.5152442658978319;7.5689745094504906;25.73814424558228
113;6;1807.4828308003985;143.36923579431289;80.91749519598146;0.5549541821295353;1.0964279478104857;7.425732146719344;982.2663429168098;1572.7683803940308;0.3228118766618211;470.51840761762946;0.4398076818290199;681.4103572578741;0.28499712027905877;0.4291863468861775;4.993587396447497;26.423065008770358
114;1;2244.126454833138;207.87260087473325;75.59370939040517;0.6062833296486531;1.1600264975201957;7.02508265994318;1421.5782336358402;1834.5721265954696;0.23885495592364261;1013.4086366788122;0.39776116286580576;1148.189417998142;0.41024209895023583;0.5178537461056042;7.766330453655601;38.013532007138465
114;2;1921.2321762893962;197.7147923747381;80.85243173884106;0.6105846185435512;1.3670694990761758;7.846410677281262;1098.7575616771674;1636.6934974033402;0.288086542351365;608.0687635764031;0.3960860318872973;852.0054114159657;0.29735596084111693;0.5097463117695759;7.802364405224713;25.018952288710302
114;3;1194.999313919923;150.15375179734176;68.41059868713883;0.5514411795828386;1.0946295643655404;7.230576017913204;693.1110533740182;1027.1139954655018;0.39310071689515863;425.42766414588766;0.4352353496582014;599.6266028235743;0.38443102523536915;0.4737451528034003;4.972272852662963;41.698802749387916
114;4;1704.8339354526327;155.6199233954461;78.8514577215092;0.6123392777898085;0.8256765333894251;8.405608242668416;929.094621167115;1433.7778169495941;0.25086057084060587;480.1622684139032;0.39764465953775585;794.0931221334881;0.303056915171377;0.4878175022862573;7.988502184582671;34.592124705385466
114;5;1759.2384169892002;210.46629320037042;76.41273349618302;0.5567585588097643;1.0457557264293524;7.224740198120947;1185.287244511889;1489.7287765434507;0.225129065069721;600.1999269184018;0.4103686935740579;743.4082975031523;0.3833066168160012;0.5006059553168314;8.752385019957913;31.41815184802236
114;6;1618.4997357461405;185.36509704245532;73.69666161241759;0.6015402743118533;0.8603318467232278;8.385886433389064;1065.4429915576902;1462.8510543745663;0.2808838581805787;534.5428805063572;0.40513882823536224;851.0964258458146;0.3789102739324736;0.4631054119860897;7.853714357047739;46.214615068971085
114;7;1305.673672651871;161.8413616276069;80.7302066708132;0.5811924605495349;1.19977876546029;8.022985782150931;646.2578322903488;1154.2102895853823;0.2819522395603553;561.5505361229233;0.4101196686861745;477.3806226317097;0.276334429008697;0.5314587296556151;7.608218075517153;26.098822489360032
114;8;1410.7957055464492;133.04364584680965;76.3798639863882;0.6253113889822748;0.7949064448756774;8.40735498738486;813.063818058699;1205.8937314358122;0.2874440250602575;430.50453286701185;0.39238295591211675;654.4621825603344;0.3075390850199391;0.45117520842579845;7.894104782510205;29.941808692647786
115;1;1968.8325876308443;206.60093055837834;73.82541697686547;0.6017667475832987;0.7765236349094841;7.981916356913345;1381.7051957827352;1642.298137495866;0.30731300483318086;604.133662769998;0.4028290232188037;999.8890452740615;0.41390843445867687;0.45095512705483315;5.059001361514529;32.40113147007888
115;2;1634.8945176642128;139.4069314380279;78.34448972143888;0.5823650327852786;1.0959822298155197;7.560940692045002;849.8665443377791;1296.0646909143563;0.2782303222021733;456.4502642830478;0.41827348001627784;728.6581567585157;0.30871143751221447;0.49646671301154016;7.621514777658989;32.31487035271546
115;3;1049.3214833750844;90.80998158474354;80.97576450287664;0.6165846647140669;1.1239179256572998;7.841131956645706;619.7010346586599;960.0564492996782;0.39090150007057717;395.87766981118017;0.3990304084201343;417.0181225898068;0.2745372227850353;0.4871035681154436;7.8587257224979234;25.799820769624183
115;4;1496.220757688976;185.394797840391;78.45046663392384;0.5638905316747217;0.8530725737673266;7.085125166247987;887.2337726531026;1223.058050267017;0.2824193938999601;538.1287679682478;0.43739728764254354;678.3682663799468;0.3766522477569519;0.4612134265496962;6.521919831660656;29.181495317259355
115;5;2019.5636020262568;192.25380696825243;74.33916296660203;0.6018187812015258;0.7702893744973108;7.198507313767174;1334.020535983645;1758.1640138298744;0.2503749373182352;988.6496290229796;0.4092814546795431;1060.9314963790287;0.42814519827006525;0.47115904944104814;5.413758536259641;35.590800856094134
115;6;1212.629994415651;118.72053303964805;79.38408835445344;0.625328974602545;0.8163168667380586;7.829198736028837;743.9415879644456;979.0665784737015;0.30028749326535226;659.0478008252783;0.37410523189659295;578.2241500795284;0.3598319437842042;0.5125907778380917;6.104528388813784;26.22092100903977
115;7;1092.412613509509;158.92820732700608;80.0968642470919;0.6333257023812962;0.8993631584773594;7.966575344292774;616.5896033127954;1023.1211965604548;0.28127124542089477;454.7415636564631;0.39256875243568984;644.4461136352239;0.26950486607460605;0.5030992252641394;6.9063689192901;25.401712657999653
115;8;1699.3550065026159;192.96673361231163;75.16944705374604;0.616379304816446;0.8122421917919231;7.183522928786865;1149.0977822573636;1458.1500539802564;0.3117351502625297;924.9300042319451;0.38898608912444155;1040.552847446475;0.4214409099318745;0.4715362376553363;5.735399239626487;38.02783171660708
115;9;2209.140609345024;197.6941220747837;71.99090318397673;0.6032013064069051;1.099498906379722;8.313339374093568;1465.2129575807814;1888.2529833776834;0.3459756481160489;639.9725135021578;0.3928065842670868;1137.2911317122116;0.47711470129334693;0.44853723884104757;5.1781881678744766;41.794398394771605
115;10;2087.581932665784;184.72063263067778;78.7739501885279;0.6328941695600993;0.9809832671430427;7.2776256766373395;1426.4793585916193;1745.072078362703;0.3223935613468741;639.0862767808778;0.3720971918058794;851.9460485972744;0.39034755590179004;0.4793484547467016;6.8463380834372565;29.127992823429125
116;1;1681.1059274250397;165.69130452146896;83.43652812059206;0.5523748748497508;1.229356354991971;9.197215033177038;955.7975476183445;1499.2660691668707;0.6208155918322485;671.5521890313735;0.45798992745147366;679.8959311136684;0.31816078805346637;0.4423909237301738;4.6962321547364185;29.517053448112907
116;2;2423.21271841306;175.2924590558929;76.5008084721253;0.5963531286597422;0.7976166049854969;8.649467038167279;1584.7733241063634;2043.6959398614774;0.6838216771708671;823.7268517142433;0.4124314117202932;1164.3315984343496;0.4656970255383286;0.40030669659705453;4.678311108486195;28.912870917553132
116;3;1463.8959191480217;188.22949176901304;79.93046840885623;0.6094952341334104;0.7810733115003107;8.74120194750324;1061.5336065523168;1356.7101275397972;0.5988779298816573;869.3289380444236;0.3872975521443693;980.7144813613866;0.3772493703116895;0.4745920674383592;7.43321175077696;26.884743292403233
116;4;912.9918394701377;151.1337505167745;82.51629808022496;0.5826847366962116;0.9826548295552431;9.59352551221733;490.70340385791997;789.7443742173367;0.42296849669579006;383.6708640732639;0.4219796373560081;406.4230272194343;0.2839497627307399;0.4739116630293325;7.408266948918107;24.773410724204073
116;5;1292.8354118470186;159.10708968057503;81.59627721331861;0.5062680532102145;1.3139572531072017;8.42610545984971;716.2592590230238;1124.9336590543787;0.461858915531463;561.8352412107837;0.49970481089945723;563.1352214640996;0.31157800717124035;0.45032726167772597;5.163820029265914;23.023778231824963
116;6;1277.6455852567847;175.60541567863504;80.30318042681102;0.55128818927772;1.0069277875581133;8.611248906774584;819.8884072655345;1062.3050078993372;0.5970289495148557;901.8748507330412;0.44047225340673835;874.8269856272611;0.4160305720896268;0.4230912553980217;4.902019508201697;27.235510181642336
117;1;883.5577863982477;108.60641198210246;80.08417626254892;0.5781996662824531;1.096537288898386;7.617630552760666;545.831225578264;778.9794388106368;0.4276472910081107;353.0451086981426;0.42228754551353537;529.2419253294095;0.31199199046399345;0.44310896711369857;5.6552861862129316;28.874102098142824
117;2;905.1183076799841;139.29676626727294;81.44228885249137;0.5322641484400772;1.4126030168526864;7.83829687664771;517.8092219310635;801.8801026065569;0.36709912579234033;457.8014195386977;0.4661468705567321;458.482100491495;0.314418526650397;0.41426459537402766;5.2096045875223975;34.214211052306275
117;3;954.5947379129626;157.8309839307364;79.79625842755969;0.5773759571929368;1.2681659875781675;7.445244499191097;598.9745571705079;849.6392044283734;0.4524346987616967;550.7639509868999;0.4342374241503987;561.92539399392;0.32009997611694446;0.4294528357834892;5.5073834681203095;31.175513656095664
117;4;1163.071690081701;107.351861710306;78.79572601239516;0.5906119288959188;1.2385509340648975;7.457972365347134;619.2992558757559;908.604211212652;0.49021617591648114;425.5304634478547;0.4106251747030018;582.8874824475272;0.3266327092191883;0.42206964773930367;5.685866242889319;29.646448127895596
117;5;557.938378412761;55.10447211814936;84.50036622376668;0.5453173398712106;1.2406718961763397;8.712569477346312;387.4160690196915;501.7779237149626;0.3832901963238312;300.5400319084144;0.44814365420014796;268.6214436939051;0.20589890822624;0.42105074910452234;5.77837107488075;23.561711344805257
117;6;1055.6576432562683;101.50940345392023;79.59917374281416;0.5859522250286956;0.9728232858927083;7.379702668795828;571.9548140164144;834.758546643775;0.47148152270292876;442.3024073083858;0.40760573173594467;501.86025740296014;0.3112814107883434;0.4347777817695542;5.679569946863071;28.00418110234399
118;1;866.9490464503638;67.97178788522878;81.24980756152337;0.5737740296184334;0.7761305295351755;7.405925677858221;576.5825711765845;814.2486928792295;0.5540189356226798;446.75213185769263;0.42829587502596955;454.4611510462188;0.2901546285186039;0.45468119004358265;8.423644892447712;22.67266564152386
118;2;518.4849203215572;50.983965936671346;82.89421023410625;0.6016103749159886;0.8503478555604621;7.7983983976784685;350.76579620370853;483.45819023832587;0.5612385973825795;228.6766893507528;0.4105326625784877;238.14490479488424;0.21830575364169238;0.46580031407286815;7.942206168525018;28.916495334791644
118;3;1013.7443258282199;65.3552117571076;78.40051523942006;0.6332880402652781;0.8184963823743319;7.154431111316145;560.2138025712728;856.1465582336605;0.45935082523420656;407.7536911943093;0.3780704647249694;397.4591424620457;0.22365765847792343;0.42192412315930633;7.745835340008868;28.964567829989928
118;4;520.0671422217463;52.8086484164658;83.53323777658599;0.5529561194755099;1.1004044686239376;7.658289517693147;303.42197294246785;458.6773084555033;0.40626946991132085;293.2892596305355;0.4576338422600314;280.68380418318685;0.18851491022543304;0.4670753638305481;7.25773195246693;23.738058373780248
118;5;436.79398103245387;47.95291441244165;84.50483826711798;0.5794291643728736;1.016819966928207;7.575150302297437;294.0804317962699;406.15212525382753;0.44713771544535347;248.3370394864076;0.4296021448209482;201.04672586728736;0.19947090023601655;0.5006651641781424;8.167047731950083;21.672033577093398
118;6;1434.6674547709301;125.83243453404901;80.7833097137292;0.5443106544546633;0.8965506909616725;7.444429448664958;719.1620767665196;1212.6682282899828;0.4553593377239094;508.313601689692;0.45660015047876035;423.76947232168305;0.26273177315427726;0.4425445538153729;5.116892018592532;21.90758326695362
119;1;676.8563011607906;63.104305284396816;80.34382718626554;0.5909693518729411;0.9849182982564331;7.699557228339545;388.8873257549552;604.3402588989998;0.2738385545273616;263.22011593649967;0.42819448685803535;273.92907753146517;0.21250949049268505;0.5340893545913431;7.599955713427829;25.762884447631222
119;2;1013.5435499596164;139.25246820953188;80.51909048718022;0.5808787000883524;1.1254708460978218;8.672274216227033;594.7391001982605;909.1205545739169;0.3148115655532719;409.7344358741877;0.42458648896844353;464.05026503621156;0.2857868261870087;0.486335884560662;7.0542469589727546;25.99928273513096
119;3;1975.7870081378944;165.83193976510196;80.19100675150808;0.5556785849301761;1.140523934164216;8.250074555821728;1090.7134891258765;1617.7566933861622;0.2621252695155917;575.1722037424078;0.45414835107901635;991.3601126803546;0.3424041067650927;0.48340502501774985;6.536212342939574;24.77037012833843
119;4;1137.7015807013156;140.18869522891865;79.82203274025625;0.5501618196801558;1.2551196135162392;8.50118865836049;644.5833350406866;1005.8301821238825;0.3050003057411701;742.7677977464803;0.4321890424519338;606.4171144686225;0.32507096401067104;0.4861285060436551;5.546497415083634;27.97224774660414
119;5;1443.6675936919762;177.49539037799408;81.07248800707686;0.5536766566252836;1.3650852218084712;7.661147163238698;783.4416062807015;1236.396698694668;0.3232925342312552;825.2047758744545;0.43860174185372197;659.6459120928699;0.2955567443268286;0.4904614932014127;7.603310615519043;24.956620622160752
119;6;864.8037630102533;78.2902637937574;83.40284421978036;0.5740702742317887;1.1346950800923088;7.933196305154546;530.3658439893246;810.0726970953867;0.30313683745339937;466.97124398559305;0.44080135146317834;339.29199912384996;0.24230954071478486;0.5160501343777539;7.6837540693181525;23.98340832656445
12;1;1201.6955385747058;94.03915252511217;78.88421875169483;0.550383764397811;0.9233501021393626;8.65295045972066;805.4654826745818;1118.856333449378;0.8916349037206434;413.0157400915915;0.4441451292704874;619.1820182057705;0.33402677340817505;0.5183341439397686;7.983872891211698;29.40057793789278
12;2;1870.433998227891;110.33456644523389;79.64382872732203;0.5618824514617985;0.858544076355157;8.167216797397167;1038.166508463838;1536.3093361358374;0.9115218441185916;464.1838865816823;0.41896195513073053;707.259372946525;0.343199972183444;0.5215311601649991;7.802563691585632;31.980753115601207
12;3;1903.857656099478;153.135809530686;79.17128932653912;0.5986113105646269;1.0286843950185836;7.794731884966013;1415.4958214120563;1638.7010714091991;0.4210946635175504;704.4458499469782;0.4037036793672681;972.0641411440705;0.3481641529770069;0.4964937252656295;6.328866305601606;26.671765526413136
12;4;1855.8227178561253;161.28207251962473;79.406725723353;0.5403214498829431;1.3746509349051546;7.66985242752204;1247.2156993010012;1523.8747398156818;0.43793362471555564;927.1247381012149;0.4668749360330575;1137.996194688535;0.4264466108261202;0.49641533859029224;5.772949756694507;28.89328588413849
12;5;1404.9106869726406;106.85404846098632;78.97564538870104;0.5382933784715248;1.2370009202483458;7.809594684418949;784.703384601939;1129.0957742812386;0.5576203509392097;568.1189782928699;0.4426691777349464;707.3443363948558;0.3131527544708512;0.49692372685291225;8.548741729906249;37.92444122407953
12;6;1962.2292990836647;155.0517695055466;79.67393030246693;0.5267242203428697;1.4348002725078774;7.790400544334337;1246.064548655097;1654.4272146836781;0.4107360091197341;1107.932156870749;0.460156195352358;1142.379003065797;0.40229564582993294;0.49164101419523365;6.9584608807301285;26.905435716285652
12;7;1955.7564250370401;133.27956272747235;79.50871691523477;0.5837433044231698;1.0263357559476902;7.765843154304583;1167.6195281332546;1671.0526900806844;0.46007243968650063;672.2266470497069;0.4036859205665186;815.929545207249;0.34139141193379907;0.5223802326032652;8.132415803671917;31.363581304028614
120;1;1731.796532946068;179.69909492527768;77.95021934648953;0.5988436839179339;0.9290201945033704;7.440826534450079;1200.2212159362914;1469.5620741140851;0.38717166830945327;602.015651298801;0.40805407899200863;844.7984598453107;0.37193994127298924;0.48113565255985485;8.042743165193865;32.4788012815845
120;2;609.6146848459158;48.519341573176064;81.36707415370647;0.5070225546532644;1.3703393274648497;7.84104756794107;386.41635518714475;546.7527145292387;0.3341142547808475;337.42962091513334;0.504807276080726;208.47512520597243;0.21731475639333808;0.5389000498915295;7.663010877854801;24.555653742891135
120;3;1923.0438916442708;190.16380455865212;79.6498845988534;0.48819318773177756;1.3042657702637883;8.124060762079296;1103.11694971447;1662.5209629125632;0.26551755959492235;603.8317666457946;0.5141115918857896;849.8659547458053;0.293191968049845;0.47112607633768183;7.753437658498013;31.98914003908189
120;4;2058.718305918034;158.8124138177848;80.63517230220529;0.5347914972731298;1.2338890211548827;8.895210290711997;1133.2235136457298;1722.2408697978392;0.3143491841345444;715.1877841130481;0.4665247447211599;758.2957306517061;0.28130324286116354;0.4619201234594877;7.563474058476503;24.17755476087608
120;5;738.9606472019424;54.34971318178285;82.79023047594589;0.5686200155929212;1.3838857739459198;8.475473638396018;417.5908377057615;666.7305808401635;0.3724737032141196;413.60994065360376;0.4146159719345913;298.87516563671727;0.22547004905101445;0.46900550577314837;6.210734519416815;27.519175715180427
120;6;1881.528553732383;150.59865085679115;80.38443519959861;0.6055492688763034;0.998637360319524;7.5601180362537175;1025.787549969718;1480.0661084479068;0.28391284378298576;481.6292741610137;0.40616710667743566;688.6184932756926;0.2970868583943649;0.5102449732816181;8.016808349042952;29.3663651461958
121;1;757.3500747104226;81.98609293341677;72.65805270400864;0.5431569320633026;1.1722206534187045;8.635659178005913;487.31846146935806;720.5123268500969;0.33803164003943975;364.5686427238556;0.4568193279527479;342.0318291996211;0.3946748828316515;0.4550131870670914;5.021412800840877;46.5309853926736
121;2;393.56385163520565;34.243479779687455;78.49964100781884;0.5031884810583277;1.2399320004294319;8.172816278434775;229.34984037567818;362.8499183742793;0.28433167375125656;181.36929768826582;0.500477716242508;235.92365567988392;0.2571312845459006;0.515842995296169;7.700078183101753;37.41330613076671
121;3;369.4685692265242;37.01100031509674;79.5516405016462;0.5331903570385284;1.0867421082120172;7.627329431079705;226.9335173217639;311.34137805455947;0.3478828308863155;163.52629995554054;0.4577798981142741;165.16741379294024;0.19065733063628962;0.5198302375812164;7.912996007565591;32.69587497513747
121;4;376.1065427574073;32.639046305308455;77.73838300725225;0.563769730811792;0.9540680233133905;8.644619163094378;272.1142524651153;366.5889193967868;0.4555951854859769;166.16800315845393;0.42424605535271326;242.2190364837447;0.31978182176670733;0.46862918837062006;6.594246021220324;40.1912933558269
121;5;394.92566654207855;37.423952836887416;75.48669096870863;0.47549842138556053;1.3006602615912422;8.4637101044576;230.1910496430931;398.8879711985294;0.3545332317140661;216.65138681924606;0.5177570608025567;232.05751743598935;0.33357454071425857;0.46030432121202497;5.594778403515871;42.708049522349505
121;6;371.5467954311865;33.909227037168705;72.86082101607595;0.5240292537836886;1.359477105724155;8.610406019875336;228.68772444347815;361.1852582248132;0.4490455274701783;177.72536984845158;0.46418025897170706;218.5045755287933;0.3515354976770855;0.4291814340941172;5.291856127532992;44.690695487354624
122;1;360.9068602529605;40.186758944681635;83.93603389142767;0.5273784740445945;1.1526864425278704;9.5481898572121;246.62523736746675;297.5502081450037;0.4906182488716129;187.2436919866492;0.479544839116415;173.742843041284;0.21617666293675092;0.42756407399663204;7.111255191527606;20.827643551558623
122;2;365.0762881311257;34.021503080733424;83.06903661839306;0.5357262144572786;1.09319692546385;9.570595717263854;231.26206812008576;293.50100343847936;0.5466046919144244;164.33100535603742;0.4712586171544094;165.3885308994434;0.23532273301461526;0.4309348148776362;5.932618241883649;23.30678137154606
122;3;367.3331288407712;38.306802877306374;81.83820981658425;0.5310014925913461;1.1130910011690085;8.851893593240472;246.28955435115543;318.260901334825;0.4455825920566316;174.93236127208948;0.45066651626343185;124.09049366907853;0.24188057816811592;0.4052850909813425;5.861782180256759;22.680410779229646
122;4;338.56012569437524;39.58154413379411;82.7969401627557;0.5318720790563012;1.1568905140191383;9.505397337815744;206.9388293697787;278.26993735267894;0.4234615400836655;213.04124067600603;0.47602827132247993;152.02629197938967;0.22057689010114764;0.4105488279450746;6.596785123667052;24.25722173758145
122;5;369.0523024694452;37.34849087285049;83.22209814843443;0.5335896819656586;1.0550335426597144;9.901453955193842;216.31293465013053;300.19344572447574;0.5800155757706213;166.96995508085735;0.4710702471437172;174.69402910673537;0.21507340133639052;0.4328291221736119;5.216437654772805;24.012039768006765
122;6;348.2760088185276;44.93845493078577;83.53508574872137;0.5451203671017061;1.0871071355676396;9.369245294770936;204.02828570467466;288.2184237508957;0.41076940000383017;167.56933518932047;0.470030376962019;172.6264773631192;0.18230442850128825;0.5117628656656455;8.100884925650261;25.313325863346503
123;1;458.2798382138122;42.269091505046354;84.33557682465741;0.5539163658735855;1.0736454481237712;9.682294049991066;273.0229616384277;394.465010357342;0.7843337174855385;219.6488927410251;0.46113553016070985;158.59453228488235;0.2571327217241052;0.3364553637494634;4.923461552897474;25.049741712669938
123;2;626.4797062283814;45.48872779694896;84.16039991860372;0.5921028019262851;1.0568528233672065;10.188818473615045;378.23915426697886;608.6233255537643;0.9570546414510233;288.7469031816249;0.41012462193698856;248.8092815315207;0.28609548841544735;0.3165178249743912;5.105827482741955;26.538710300920293
123;3;1685.886951394453;177.01000303934933;83.94462930818517;0.5611567965815819;1.1177182597895057;10.021567438211882;978.0010319131709;1590.8655534143297;0.9222729560889743;551.6231553939866;0.43058045358692915;461.1692450654646;0.3669020353421979;0.3189018044675442;4.879159458515201;28.78427019912314
123;4;601.9310583243509;41.74861396673619;83.37047845475962;0.5834443381179522;0.9722516351015955;9.234770217571542;354.5678999356611;533.6381824681639;1.1484215101759354;270.0650384096013;0.41541760419042917;226.62054941574388;0.26537415240831735;0.36636647283996526;4.9857183718499964;29.904856524840447
123;5;1394.575559197137;62.60839602744245;82.51923051243415;0.4893990512672031;1.1684908975120305;9.06235745545338;812.8027183682929;1233.2771488014355;1.1332410261068073;384.28007526727913;0.5113437890404379;512.2495454585642;0.30140037222655236;0.39048461441973226;6.446068458884229;29.71810919659637
123;6;1974.6369665645407;179.03904674082168;81.54603336464388;0.4547160849449995;1.2096818924521373;9.216690723620173;1035.6880086984272;1642.030998778274;1.1610388716655804;548.2216236138672;0.5459268209650587;729.5865669209146;0.3534311319955197;0.43286844005186753;5.765199474214352;26.989640052364745
124;1;713.0670445099485;44.094643475040705;84.51806911402653;0.500053947546261;1.0042980001777775;9.257350430016004;423.61565343219974;626.4868319818178;1.165053138107786;279.92484500144275;0.5127872851263059;238.99765562519383;0.2686697940579094;0.3324891371899556;5.726752540772472;26.37004788417906
124;2;412.93041616517826;33.11789574614793;82.13086804311146;0.5115828669967155;1.1209066064492978;10.321506421180475;245.2510124078165;364.01390899665273;1.0694781349067648;194.63681851397865;0.4905481005887842;190.20057073929416;0.2788785049727307;0.335427677194536;4.734312363697631;22.565319782407528
124;3;276.65771391176054;28.52736200449216;81.9817638746407;0.5602559545803857;1.1277338651257112;10.276503725316271;184.76281833199883;234.72149801516437;1.1545729346083087;157.44917229743868;0.44831083915791015;138.75603274542615;0.2380763410032989;0.3494248180753427;5.210749927139995;22.15609292263835
124;4;461.1325253187827;36.91054691801625;83.71512686134876;0.5133110831226765;1.0603593412029664;9.256236995708747;289.5935987606797;417.33447547077515;1.0336243124521594;202.44093415417953;0.5076833011330768;216.57923388656764;0.2713803516812114;0.41635714685573405;5.575968305911854;20.84381366662898
124;5;396.02609627369117;32.41200986495906;84.02469710959232;0.5590664917538495;0.9491173112608919;9.373299322764115;243.49489762350495;367.5378996047405;1.1877633551479807;159.88328375253087;0.4454333803599934;170.91158373023873;0.2483582697117032;0.36356887044361436;6.450976040585748;25.434608909563295
124;6;339.06856867752214;30.50006706760355;84.2845413761432;0.5383276503751366;1.018987686629781;9.29512603739167;227.78796483466195;312.29894669984077;1.1741074360304102;153.09064001230325;0.4666251097788647;178.0841626391777;0.2464543910302594;0.360523511622369;5.654960989125548;21.078879301251355
125;1;1132.3685834643954;169.57144115640472;80.68960177810081;0.542260878148271;1.410925665006618;7.880228310469763;755.2069675743892;964.0402037451346;0.3395334602360226;595.9837382070634;0.4582893799117362;535.8175056980226;0.2805202026546128;0.5062702080780691;8.59266852003772;24.59306823193222
125;2;2087.5676704277193;220.05710168579424;77.02289616195529;0.5735080548819854;1.0261831954412801;6.932853969699081;1294.8866669920635;1711.2098218313495;0.31772077531764437;567.0975888568616;0.43159056145281516;931.5591394928581;0.3656837261538813;0.4957318310102118;7.173411232705081;33.67207975851463
125;3;2315.706825603002;233.39056829344563;74.96762309241005;0.5253358916321936;1.130173908698939;8.419301754260909;1366.5992494057875;1994.0209836513925;0.35967157189096105;625.9494826496233;0.4842877565598178;1022.6323167420538;0.46349214485598744;0.4015078633555014;5.047041960485245;43.661521291753544
125;4;1984.403522565727;197.14420414870818;80.10242651754177;0.5793490137257682;0.791279927790522;8.245410813949684;1103.5011189368854;1597.8142100429238;0.2800226176471425;527.9837730285043;0.42581712464656646;748.6928953921956;0.3132338748823557;0.49813799874790776;7.466150037880249;28.5508669146264
125;5;2027.9909344581124;255.40529052121067;69.10190090598024;0.5864565876586204;1.141524634734864;8.678365369304794;1290.8386013093523;1750.1419509606133;0.5783111426070552;611.9684093911477;0.418064255629828;1047.671631381024;0.5328324421733097;0.3449559678148837;4.801613483030802;55.10830096349664
125;6;2171.3498045761553;225.66962425901212;75.74176031783755;0.5041177776828669;1.1429317516525226;8.307367462269879;1301.6827431789106;1781.6354305802254;0.3167019728856994;647.26989084242;0.4819056753751852;1114.796889895467;0.42672345709573556;0.44737104556454;7.180079763668601;34.33516376144862
126;1;281.4266484260919;33.91755200951982;82.49745280305677;0.5215271754196372;1.0897508987270743;10.164255658018119;172.60667064255736;229.01263314771887;1.1974424635903573;200.5637454667881;0.4827682055536418;127.01790194801112;0.24186032065720997;0.3179784141417683;4.781277353479314;27.616458636058955
126;2;297.4828250766212;35.84616152905214;81.58250708167142;0.5589289681400632;1.0159140266309308;9.772114440153612;182.25901845554614;255.92680670915095;1.0125807008891052;171.51045419964734;0.43775659022088304;122.2915666740483;0.24993191151002794;0.3046150018856631;4.702163285283597;22.836988428963362
126;3;379.76973236048246;40.66165175563051;80.50699328826995;0.5089696074048077;1.2830519497647774;10.108184885148422;205.58556382303613;349.7807197293283;1.0093475009809025;210.23557316275122;0.49363152916748093;150.08842812560715;0.2838579228790692;0.3016014410626783;4.729133479584755;25.67821196365745
126;4;421.92370103387407;39.908361988299134;82.7918690204498;0.5255735705273175;1.2069065109784838;10.072257627095698;278.0856142554992;378.02353482184714;1.0391922463730732;269.094755133082;0.4870616569211533;135.72969318615986;0.2503426864610348;0.2896314502979096;4.723831706269419;26.725227547134907
126;5;788.9405032892709;58.27170451047589;82.68136760138198;0.5086384743751412;1.3709628329534789;10.05593055564786;450.30095301914463;688.5980469048284;1.132267232307245;398.1764587910586;0.4967702178531465;328.4783737872848;0.3072623667978792;0.29437025870372857;4.676489394836208;28.74227430935014
127;1;714.0018854058501;54.90409733606456;83.08306894933482;0.587399339522354;1.14978028010267;8.522335926099393;399.845575976159;638.8993624990092;0.3796967222974325;327.9927416106706;0.42287445952715275;318.8821457431044;0.24103343723972548;0.451696028704647;5.030888578048655;29.480036637772784
127;2;732.3856401197842;85.72533186476748;83.16829386679024;0.5959334595447943;0.9118763131971502;7.810242133245733;454.1763125594036;663.0313215400452;0.37760073360310176;327.4544791179532;0.40329217587093497;381.6738997738516;0.2660511512445215;0.45843765962403665;4.7635957159368605;30.223964575704944
127;3;1104.1367854217895;160.6652137074229;80.99462553519552;0.5380182692106293;1.2256033753698257;7.718777890632563;662.3771282540282;891.173660761055;0.3612403309143521;570.2973688724443;0.4470385754417292;605.6058522176694;0.30120271838238083;0.46526834801848627;6.440252600152089;24.627249865441843
127;4;2221.7587150779755;175.92787459545423;80.94317748014424;0.5534455544343495;1.3796545015398471;7.3146103311042525;1256.2240948278816;1886.7254861432664;0.3316691335182997;703.3644432017385;0.4563071235352754;905.4385814633341;0.3349079402171198;0.49847037525071086;7.173731872987278;22.06908500292731
127;5;1588.1579141372015;140.54132402683032;80.50495501603258;0.5684411909102726;1.2107577611318792;8.221401654760603;815.9252272542054;1270.9743617904048;0.2989042363327639;459.55662255345516;0.44612343099055457;534.236440462019;0.27333161441653386;0.5196984839586254;8.143725176899771;22.92839886138042
127;6;1293.3585839131738;140.1589445573029;80.7945110932128;0.6262643791042499;1.0333619214487286;7.817161334703366;812.1135807042764;1198.8255212610295;0.4615768195076031;432.8145226270834;0.39207397952082784;483.44182479139664;0.2777151482603885;0.5208272548297864;7.644176968039609;23.28844408565134
128;1;2182.4167098684748;217.67983828458918;79.19389805937921;0.5296947759178481;1.1301027922408098;10.496496733456798;1309.7803213220598;1863.8161275426485;1.1615282913752498;589.2853865166319;0.4777792733222752;1016.8720297184849;0.39169836051561435;0.3926022301288802;4.956322162133899;36.64281078246511
128;2;2227.204383966036;187.13025223538133;80.25109753946897;0.5088110735859065;1.164771808827698;9.952042808543608;1412.1930142184854;1914.147420028003;1.1234115677998697;608.9925757699474;0.5058822174169613;809.6438807145282;0.41401548532620225;0.4463304186435205;5.108972139008175;25.661595506767675
128;3;763.7141491294924;57.29697662438467;83.06811006389971;0.5535592691158591;1.028637861759463;10.111437266442946;440.53942531894046;652.2590735241048;1.1190683264546344;286.09800940770964;0.45490445910811256;404.3417952804982;0.25525131640908444;0.46022183383490245;4.88050471053894;26.144835587000422
128;4;887.6546387444936;68.67644278691552;83.8090195061212;0.5244184346132481;1.257736023690262;10.125176096766836;558.6452924508192;855.961645572955;0.946541867788899;510.25477288481227;0.4756855421547291;348.8975064956766;0.274698879357895;0.3937493525860246;4.942894310893092;22.690862056320938
128;5;2064.659236088723;189.2708212613656;81.17188903251471;0.5627612573298607;1.083714115398874;10.520746012774607;1147.6704374977605;1785.6053141819064;1.135329301734098;593.305083184561;0.4460934695037765;704.0581158225945;0.35778169865036114;0.4114896041249163;5.016056373431278;20.42216474417332
128;6;2136.7440923040112;193.16867865463834;80.02009458667416;0.5283600885892688;1.061949324101591;10.463723121658877;1201.1456559691403;1803.2012651358955;1.1153946183236716;620.2867276710118;0.4719618109778767;1021.1998107903788;0.3619498551311141;0.3935331998876488;4.857715934747108;29.66871183164727
129;1;488.48510044573345;45.5109794665961;82.26519854863831;0.4998638493617505;1.2947589334236917;10.491575777427666;267.9520416142199;402.38710511389286;1.1680300992452608;231.1161443741326;0.4906952406500733;173.89534240952062;0.2695105688453743;0.31798265489988103;4.497236531335963;27.922581145842752
129;2;1588.6517009002587;171.24915177312994;81.29867856548728;0.4910052642633401;1.2359263613283487;10.494398984183695;916.7770789333381;1377.1243275113393;1.235566999348134;467.91730174104265;0.5180777581741064;708.2633700239805;0.33711327290869947;0.31558625934362966;4.478128177807612;25.017671311853665
129;3;674.7061644253987;38.128196950316266;79.80591231570675;0.5401368120918584;0.9300719329801829;10.0308211257859;447.6727551362045;664.2362490214967;1.2178782389425185;318.08788611255005;0.4837098823434783;327.04497432515467;0.3002827914750667;0.31195257889438177;4.700078351673992;26.617996529333706
129;4;2265.6493494398096;228.49119656062206;78.5500315094299;0.6007025712850539;0.8342058845555009;9.802012343317971;1190.0240626685013;1959.7070552911234;1.1691158047507306;587.5213629005901;0.39068870136254674;1080.8113985081916;0.43165825148713866;0.31946638838565344;4.522487024641926;35.070689249570314
129;5;2167.5704635508437;194.76159600720607;80.52842764456932;0.5348359170785421;1.1022641157186939;10.551390144544845;1277.2752020275113;1899.60691816868;1.2650540568511344;557.0860797678321;0.47118245820648696;900.0357666817846;0.36999740210829934;0.3060537163332682;4.502957861570906;30.846061954187217
129;6;1895.0953243691358;161.5143717325206;80.00321154274437;0.5105713009704046;1.2664885404397845;9.696695505671384;1002.4504844823095;1715.5637102823373;1.292780432052073;536.0207523907054;0.48742375672250593;589.128660070934;0.3477795920202882;0.3065732672906399;4.463476000573907;20.57610229505015
13;1;701.3469901757472;46.21588840070551;80.29830496886584;0.504977353368115;0.8265354949973313;7.6391367027009744;434.8822401052774;631.7934733785484;0.5367534005887834;231.50164877999262;0.5000173854799269;250.3478167821674;0.24088667446072887;0.4542176155568779;7.28377212596288;24.37609216110141
13;2;951.446596649476;79.4984880437338;82.8132387243655;0.5252812281624327;1.1180206876532732;7.823828629854598;581.0754406324378;816.3603050175656;0.4205276032743652;457.4092615407335;0.4543256173748963;398.877030238678;0.25983187447506284;0.4685307350193739;6.21021429648736;21.85508649361232
13;3;379.22472520364283;47.19247646428771;82.67816314565074;0.5485999764634446;1.1741857656896906;7.973515045753417;234.3696982245852;322.2398423927834;0.4309397063817254;175.3983936155213;0.4668425690486774;206.88567469196528;0.18019705504432884;0.4854356941004827;7.538273637778782;21.715507553649573
13;4;712.512047305604;48.10946245214506;80.0944572099555;0.5111365397460914;1.067561864396836;8.422954158739799;423.268464798775;611.026855747707;0.35178743921843714;308.62265416077094;0.477228944108393;240.2293434998377;0.2464035267494832;0.4373353425262468;7.633766534435852;22.039595151894936
13;5;1478.7937916396288;64.70779196872836;79.97757448379687;0.5210992984241699;1.1697223074436354;8.35007633776849;891.1026659653478;1258.4349793567476;0.36459919254739276;434.53433899776786;0.48071608916364617;536.9043558269132;0.2812456561457678;0.41255437393958133;7.234343359693294;25.797262960705922
13;6;835.5484492916205;57.25296120183455;80.29603053499555;0.528718813536295;1.2499908275047458;7.7378705373555965;497.7480194474;757.1249581395873;0.42988878098026284;399.9684875004196;0.4736481323147341;351.00653641528515;0.24927474331356528;0.4610364393336463;7.91372668243738;21.37802035125149
130;1;2131.7759942396424;194.7061976273027;76.78785386483419;0.5959595110014742;0.8933274886754278;8.120076283552919;1293.7354405850263;1809.850590734309;0.31097849377996606;591.3500944677284;0.4028632626178848;849.6377988075935;0.348890646371786;0.5075993993833563;6.622097062602311;40.073794941679736
130;2;773.0070313285885;95.53212006010159;80.91459154194519;0.5712525533808457;1.2283584929017024;7.622716967344203;482.1011259810452;701.2316707558684;0.3170229659779756;356.65275150588667;0.43397448876009825;386.69323259942837;0.23415990797296707;0.5201827107432178;7.870887520207724;26.20174126680728
130;3;771.2896416995172;93.3282866146671;80.87086328384422;0.5672830071389471;1.3359318478878297;7.786483037070336;462.78055784428244;630.104235412582;0.3494842658685653;436.58866453298026;0.44019689325573913;401.3212715593027;0.24317220859540364;0.5115783833004752;7.534284672768768;23.925997780558255
130;4;1232.305955117603;97.0830500432406;75.4857456937763;0.5929783264630685;0.8448277838645495;7.758490259255317;809.7910304737103;1067.6563024173415;0.45606539099230275;426.9501604020428;0.4144633212401707;709.7404232702123;0.3715262188483435;0.48206338318715647;6.485148670406097;30.711775961867623
130;5;1901.1257772691345;175.79842540084107;79.66894811152306;0.612437689839175;0.776900064855886;7.479944988182578;1085.632535562737;1603.8936686977002;0.2241093894541397;515.5449017924058;0.393778478861092;869.7839752360355;0.2929900331128603;0.5169836055410431;7.858153533263578;28.94503333788927
131;1;484.55018696462287;45.982638557568144;82.7518859722306;0.5967778558345747;1.230267239326712;9.344050268193463;324.39544321987347;461.1253464667316;0.3799801494636319;188.92078888928245;0.41282413735219153;243.24147880540997;0.22115052123282905;0.5334935894431401;7.12184218316487;22.686118214664848
131;2;418.73691422066594;42.02607578695733;84.09587332296563;0.6137054169701686;0.9396045922168887;8.518460027879474;290.24737056644335;404.8964345344169;0.40693069807916044;206.05119984022684;0.3908566958302733;187.41413159109518;0.20368613888232062;0.4859351120723279;7.966336635977175;23.81179071428515
131;3;1180.4528243043615;120.16242092514052;79.32721595489565;0.5791241963424922;0.9532539336390672;8.652710677573433;739.3883759138215;1072.18039704208;0.4268087342000482;397.72538818485845;0.40725726305939747;544.2201207200862;0.26906723497630736;0.43178425145099525;7.900381196756472;27.156995992297347
131;4;789.1052606031892;69.10858247288301;78.95368940385195;0.5823550371109317;0.9851364855352991;8.968812063412287;390.3095920605489;621.8600140458227;0.5178260591425723;275.4978397930878;0.4203487279980876;284.2047168752663;0.224523011539417;0.33515320609409904;5.410584485752456;35.362441245414004
131;5;1984.2736479647135;194.39205086869376;78.5991222566764;0.5803417232704602;0.8842062092654915;8.49027065125433;1157.5560448870538;1639.9880999124307;0.3801286643565472;560.9562957358634;0.4221830759520532;839.6221306360734;0.3184479563008216;0.3972837535671138;7.570746942289305;27.706672613749443
131;6;2153.0235237184465;189.5922311480989;77.95805331787975;0.579256451380052;0.8365799387619685;8.652205737133686;1170.4084035496046;1751.3777000814457;0.4140179277682933;529.308026981701;0.42716962954495197;818.18474247298;0.3349885639750036;0.3996883620223145;7.67455580419176;30.36258056440889
132;1;1319.012093303988;146.79165414082829;76.23708898833225;0.6148477344415155;1.0030080638207761;8.197737242354002;795.8587282763922;1204.806399046376;0.5226085458227009;497.7451439004913;0.37018517585946126;713.3589403771708;0.3248220000018489;0.41593962039614163;5.037978566588907;34.20019984776674
132;2;754.5614699318846;58.41551936276867;80.84927987862774;0.5447401153104423;0.9437611229985923;8.01813838842426;428.14460054551824;626.1911339515473;0.39050444003134194;335.80790896203075;0.47668754528814616;311.83087624906295;0.24302332912451058;0.475538436628331;6.932949168721218;22.70390983481876
132;3;1105.4823025873263;100.484110224385;77.22079564007767;0.6065336770598035;0.9369064494809841;8.514978378844928;740.6689252771702;1016.8021721449061;0.5988342140857013;445.8450527380617;0.3908129892931315;574.7893263615031;0.3562344589706845;0.42773271756234854;5.797636810920931;29.74129981384499
132;4;830.7517557443224;57.87008590507286;80.2398116473744;0.5999241048995747;0.8401770272729777;8.777868397146733;402.95134652639257;639.1613212735454;0.5227695551745786;338.7475479969091;0.4014777650147165;294.05378976930575;0.23777467916656841;0.5060593930989464;8.167037137056937;27.40470966549471
132;5;725.7625680927955;50.531821508428926;80.62848863282726;0.5362223499975225;1.0149134708650653;9.213557056020013;446.1058437729862;642.493360865068;0.3348626205344185;351.57501395739934;0.47042889331347715;278.70309119040525;0.2622454744145096;0.4822419743204393;7.048400208269528;22.571038465333732
132;6;1751.9597170914626;144.15214763744086;76.98476590887113;0.4835651074644083;0.9795762456859626;8.393854733308485;916.0653755816569;1504.7118698740796;0.5605957303856347;502.1445217758335;0.5054491763431929;700.8766477562842;0.3151251329547019;0.42996630062944596;4.900758160955483;27.306607517117506
133;1;1999.6595821332783;170.47032690592496;77.80316525169344;0.5436161134080938;0.8936030229908988;6.832287266732297;1157.1025930061921;1679.111568197631;0.40000713681264843;477.22801876147014;0.4454228152562068;775.8058647397643;0.3524539853666391;0.4638884801109288;5.384118833734526;29.238448501332385
133;2;1314.285795415212;101.69833544439814;75.93217732569475;0.5713775132900373;0.8400679099594336;7.381721223460247;854.1890727673219;1205.9716366863518;0.36992241337159426;470.25035121821946;0.43305876653655323;507.7924791710403;0.3488616401715409;0.4122526362546033;5.210876751486228;30.647665510027164
133;3;1033.1664392578118;72.60170484450212;80.27595899310164;0.563040388441243;1.0283495128832418;7.672482103996254;556.8513834722085;865.4541336301497;0.4218305294185103;358.3649495562982;0.4407299008422463;406.8123781402203;0.24116236739927643;0.5153746854708463;7.908286746738443;25.01547959671249
133;4;1008.3788471544466;61.812512313858754;76.79574925398438;0.5940151788394457;0.8210302022897272;8.081420192938378;567.6149066561997;880.7750832637387;0.3916255501712669;339.7426585985091;0.4059225532635381;371.2195931072094;0.26113971894882426;0.5149796257184073;7.660776124840729;28.648779535595025
133;5;1541.1126599235258;167.7103274729744;81.28048236034628;0.5866010581363771;1.1894253996642434;7.189192992001214;883.3101850090042;1216.0811459392442;0.2902635723723816;572.0029056565568;0.41547594109351216;689.7307149220359;0.330553503219974;0.49601102224479676;8.571505249193294;25.929732984607384
133;6;1770.904277893691;114.45861951613318;78.69926484169443;0.5584317713541117;0.8422435167812268;7.202266503552795;1053.2741382111435;1599.6133549285375;0.3299683463897313;491.61746065394505;0.425399238965674;599.6833645941591;0.34036973563372086;0.4536075079230244;6.860039154991228;28.86560161056543
133;7;537.6031627645907;39.04220029265505;81.79033867953261;0.5846857288829224;0.9007002913599358;7.514053360700524;379.68822601176004;552.8537373635382;0.4752914369160494;217.74565305811058;0.4282616105403943;245.59590123565968;0.2613566119943338;0.5028586868711745;7.553099990269444;26.421555951567527
133;8;2001.1898674615231;193.63116309807046;78.92645843065539;0.6250746197462965;0.8944850199194246;6.836652611190984;1214.140490906977;1599.2370422630804;0.26854523250203094;617.0607517834943;0.3729588046952298;780.5719987530622;0.33287037078930765;0.5115904229391498;8.111420066552684;27.019250144961557
133;9;2623.6883621981888;213.01690661141208;78.02738830690842;0.5758044595955669;1.3574993490037164;6.946320399131897;1417.0615379473986;2149.4998067206207;0.3264022963970999;1296.2850332990686;0.42091560238774667;1213.08190714813;0.44379711259339644;0.5079677234165154;7.826160008966826;30.254932663385777
134;1;2121.955382251179;167.43614192183992;80.27926725219524;0.5181674363908613;0.9376744289430803;9.162763308015666;1255.6936347269389;1785.1639349121594;0.6996682283921947;706.7951322019027;0.4763577477211714;1007.0888827255123;0.3410618935315437;0.44077249684581754;5.979257921639853;23.23567677894648
134;2;1405.651364500314;73.2894702480147;84.77553610218258;0.5087173315291934;1.151436128739454;9.765468474869957;722.7839430593278;1278.3060680203116;0.6902173560918824;442.6810337447418;0.5003335268728257;578.1653758688157;0.27679915457676135;0.4771675120738495;6.276458419932307;22.13061951242547
134;3;1023.1026254438981;62.027859447630775;80.29826270167754;0.5895425686572835;0.8268643132864529;10.086851227388465;577.7212751840797;854.1436795543095;0.933767769359384;334.6289580424114;0.42863418833588696;392.34557299093393;0.3183810058332009;0.47469549985137716;6.224427531750035;26.827295788082292
134;4;2189.6156353573447;203.0643275311144;80.27811796413903;0.5340070444477875;1.3384431873403018;9.645210152281814;1260.2928571834575;1798.331948798525;0.8063650449986748;761.685012880798;0.4659969776419889;1012.0270218274073;0.3790334909955419;0.43840616100688573;4.960659932022451;29.138968965150234
134;5;1714.3931343410559;197.01547044325253;79.98759008385065;0.6525208616447844;0.9052528623519663;9.28278668731455;1166.3934644510964;1437.0326781336066;0.7805457649271594;601.5902761476652;0.3499022106389252;861.5286662092918;0.3677730436293657;0.45692152595022817;7.544469998920168;23.367018063515197
135;1;669.577118147929;43.734632774388956;76.76973649983385;0.5681075728694457;0.8988898783101779;9.454757200449418;408.26002313573844;597.7641686464422;0.9706766938797915;232.73894386701699;0.4318148471043659;316.57571199920955;0.2834711659210629;0.34944305284626515;4.918470083601789;33.01311613685583
135;2;391.803161210627;34.00326335929404;81.85329615889042;0.6191763988579094;0.8068030612017894;8.672724081886182;252.60069056706726;343.91450277901174;0.9550114470487346;154.9606907926027;0.38295126895158055;212.7497279027295;0.22652395032466757;0.3477542366939448;4.836786990753772;25.481510625636037
135;3;414.89052263669566;39.148413614864644;82.49219310742522;0.5981932596233209;0.8910954551817046;9.061771087528218;271.0132010372617;378.49923258805075;1.1537109033830386;169.44178579400614;0.3979589984797494;214.25651846061828;0.22158577559381876;0.3784495794524837;4.946849333655095;21.22504374680258
135;4;398.2357290878379;37.32528750435931;81.79217863466796;0.5239552924779336;0.9555369027826559;8.957438738045857;256.35188463049957;340.0784569311138;1.0130604463702917;159.9085747307834;0.47402200352682866;176.07172804956562;0.20882575551286453;0.3644329082401379;4.993637452822263;22.477722134510326
135;5;602.4894697611752;39.28799622641694;78.31498822982645;0.5349921805845704;0.8760484559464863;9.385164585987908;393.4314659454883;597.0439117241344;1.012649329775988;327.3468476051747;0.4726616359167975;272.1105100486922;0.23305947816125416;0.32776998152829173;5.125153689191603;26.291780390866244
136;1;2120.489681487351;214.0818872640919;73.11543338720195;0.6082828198282911;0.7336146880025118;8.182169221292922;1481.59006645852;1828.0428124204116;0.42588448997650863;612.3002977072069;0.40060850467345593;1129.1022099849101;0.43763092740457266;0.4135811703750544;5.144124684851508;46.71746013003199
136;2;1008.1931814809659;77.30208097761873;77.70983415437291;0.6326417045020094;0.9008266488069565;6.951091356263189;565.8441518184721;897.0345960226434;0.44637692245899285;404.52030692623254;0.38018332517900527;368.3075354201163;0.2855329435962586;0.49734459340752385;7.700989011005576;26.220274196718705
136;3;1456.209476868433;138.75705936497084;80.72044742098134;0.5902761622707198;0.973702612941952;8.617398542067757;835.4879403101772;1264.3277284791134;0.2873005074265695;464.34729160748196;0.41301454780355096;570.3016560248835;0.29009829556031586;0.49766170051050973;8.013263648227907;27.553232070652417
136;4;2077.302890311356;206.82372299685755;72.27171773729461;0.5982171202452159;0.7433008837649882;8.42834003449598;1466.7109828722844;1734.0807097429758;0.4549428324923749;566.1355719813596;0.3874142141497651;897.3781984609956;0.40985984383778357;0.4018560907971209;6.1774393039566355;48.05838373481538
136;5;2123.4309618050456;225.34788312684054;68.80955092016644;0.5960935217099077;0.7258878108903573;8.57222156205037;1324.2642382461306;1783.359599378743;0.5058119323163608;590.6748626086203;0.41235848431911665;1335.4506374069992;0.504625605844979;0.3988692569279393;4.576083904858789;51.59035810136336
136;6;1887.6804656105012;101.41163965989908;80.84651862181441;0.5510306722862348;1.104246965018455;7.8934686388832676;903.7880849167805;1636.7731695235075;0.2900600968718709;415.08919950280557;0.44964132680166735;587.5972995276632;0.27848364196713044;0.5035076883237264;7.336904973133475;23.86999768401735
137;1;1891.4335236962315;204.30172709167076;80.83881382622505;0.5938514243930335;0.927021133283884;7.3386139235008825;1238.095827953083;1609.6664585749404;0.26897486480248906;1012.1401773500035;0.4164137297492715;921.0040223169901;0.38789615896522334;0.5093984915166172;7.254803571280335;28.10051171692177
137;2;829.4475552791996;84.64858670477743;81.35600402584008;0.601050457085585;0.9841075377133501;8.503172168544687;516.1797898935453;742.0010596668886;0.2944354792734454;406.4559152968299;0.4016442502496515;490.5864444531215;0.24007356292197968;0.5109462006366651;8.579875173794655;26.011734819806076
137;3;867.2102117961211;67.83905694475631;81.22611939239178;0.636454119806857;0.7918601199013363;7.845170102020637;516.2238412204068;794.8207644980961;0.3124693569256636;330.5898264024264;0.37074831151227633;456.18767970787803;0.2595811904365559;0.5461455121792237;7.663494625190865;25.004274206350384
137;4;2140.6064372778824;182.11997177499146;80.53609225445834;0.5771811084812843;0.8497575290248095;7.350198590547416;1322.0338336198865;1737.3112833361654;0.35575839511037816;619.9298215871155;0.42606848140884696;1073.3090815305757;0.36969912380483877;0.5203186815253529;7.996363799267141;27.409333034320586
137;5;1960.745280057006;207.86581662939665;78.07853364191747;0.6213636049197655;1.0760181065976961;7.2021294173355335;1305.0840542221956;1560.1010621669054;0.3572572863654579;518.8092799785104;0.37625847287592734;994.5927789456883;0.37197925867480774;0.5106593064363265;7.968417277497907;27.168628774998243
137;6;1782.9593204799612;193.1833544614049;80.1040793979333;0.6325115063415635;0.7184450342548129;7.470350335005232;1146.7563005772652;1470.5487795395547;0.30481607932173166;523.9861407835675;0.36885608747050946;798.8709588105473;0.30888767776362813;0.5257386586138986;7.74402627218868;30.001563031316422
138;1;498.51580486637215;49.013269595650115;82.03446695352318;0.592488437275016;1.0705488272225787;8.464615708700373;319.3920406514718;442.6450052149198;0.3898368970963748;220.06560433840093;0.4236992387476706;207.78353578445424;0.21520507914236106;0.4567840346806688;6.364435419922217;21.976143860445646
138;2;577.571699326033;50.42266944475642;83.63739227580902;0.5360807632164957;1.0820277820833115;8.481827561175583;358.26890166376535;524.3059457400971;0.39383624047187665;233.03093032740833;0.46274716686690454;184.66716265926027;0.2139885032175858;0.4889687717315021;6.707267446578731;24.546627520364595
138;3;730.233788008753;59.18564782287789;82.57769978908063;0.6127235191985667;1.0549996723851967;8.65283149986001;403.8302130448158;622.8602762218866;0.4567163528684027;360.0949419473126;0.3906968392703882;298.2430126677728;0.2679117010937198;0.4445488565461333;6.352115332358034;20.8460829549357
138;4;458.7978791256391;47.99882620452864;83.90298835293093;0.5328011553966175;1.2020788774329163;8.65190258853229;302.50985664401276;421.60788740716794;0.48434037937960556;214.5404068182364;0.46828313320006987;187.65679328069055;0.2462883469772664;0.47982324425763456;6.170895805773282;21.30084285791972
138;5;631.556738688552;50.06040543807932;82.98530549463844;0.5756450008846593;1.3177821952630717;9.190806796993906;366.18029652828426;565.8202607688602;0.5105157173116291;360.02880036125265;0.4371274269980636;333.61863275357774;0.2661199123128916;0.4626119370422023;6.1580272239896745;24.413144435738737
138;6;1143.4434961961817;97.59285812333144;81.44716762882949;0.5755001289923536;1.1814226841619062;9.120671803478784;721.3888714981139;1116.2970998697438;0.5144579012742021;476.8394237949759;0.42532361627849136;374.664430434641;0.2707467134934783;0.4494518140530451;7.387588373534925;21.872539376000464
139;1;916.986410478068;123.39048300476348;83.46924403150943;0.5658121252463497;1.1361873299784309;8.980833388303758;513.3397929942375;889.9272820822137;0.5147033989064427;401.85405721997665;0.4211205983408617;381.6797318046161;0.28030135561399994;0.365699187772623;5.357124035975282;23.174859336344483
139;2;716.4445921829498;75.76063676241293;82.13552053424141;0.5845621555977902;0.9381486797699506;8.851792692697712;444.913324224979;625.133576617644;0.5006608138490852;417.80918404669353;0.42063642968077664;339.97133670097753;0.279396817818038;0.3838390652292886;5.196865563900316;26.351417740487197
139;3;2339.122872383335;186.97935670311887;80.57676305775026;0.5332180395493077;1.1169965904922319;8.604191906586337;1273.005014260358;1992.1426863938498;0.39506202134132046;555.5063063580627;0.45955059285638505;607.8812044228227;0.30224616658495007;0.4938211303644732;7.593917586562547;20.313332317161734
139;4;2017.8501893039884;219.7572547876838;80.29910064754019;0.5415547912663322;1.2765184714295235;8.516366707666831;1010.5581151342858;1751.0235504060547;0.3870230104081424;534.3449675407503;0.4607747391618463;636.5361341579751;0.3073890646121735;0.4534854111486604;7.096779783603893;21.871870153463316
139;5;1782.1479057572426;151.17181446378316;81.84818297552954;0.5515680757987332;1.2076574867482048;8.571330488928;939.1270773014651;1567.8756150584702;0.4061407643287152;568.4905140351374;0.4387806409181874;506.85359902979775;0.32427185092132177;0.4344360082440343;5.721770503406648;23.476181375862424
139;6;955.9170657816156;88.2226996405135;83.95950167741749;0.5655214839926156;1.405707989378558;8.297772709508465;516.3114191878564;824.446372928021;0.4155942904957269;466.0775847617819;0.4353690433367637;341.6218502660482;0.2655049305795792;0.45457649564024594;6.369659610766408;22.059262471409088
14;1;659.211683531222;44.884963998221174;80.48546340034898;0.552227406019868;1.0138640969802069;8.125325909424708;395.43115853459784;611.1120793098523;0.6881553250300368;304.52053645118764;0.4499334563372928;234.2509984574335;0.23096155664592513;0.44357753456503707;8.09451839088523;21.677363733441048
14;2;2154.6039944661698;112.43721688993597;79.5928004913963;0.5819895904309376;1.015769772298054;7.90607837818792;1224.711983378807;1802.5401525523293;0.61192156635455;523.5509461104062;0.4219564526973536;663.6479267705201;0.30682807135139134;0.4425691480789349;8.479771344124543;20.91732490383819
14;3;1075.8023286862722;99.80791995611189;79.72330525976662;0.5041084602030512;1.2765219909252272;7.86860627782074;640.2961880940045;891.4536232459108;0.5961317670742119;522.257205811095;0.48785071821611686;477.35543231714587;0.31852847553042346;0.4511972837088677;8.165994734348846;28.64752070481065
14;4;1192.942611919297;161.5102210749539;77.94885708782381;0.5222382634486114;1.189153647960902;8.366224927909162;717.0280756296817;930.1875834145743;0.6068596601877462;424.130466784215;0.4613887445024218;546.8672139002756;0.33235209396641124;0.419548413017734;6.993036759134976;32.75878593304081
14;5;1485.5935027613427;198.6410881359803;78.23408282164696;0.522503822921659;1.2712110716548515;7.07621379320156;947.3262115171924;1178.5982915960285;0.6232306912438607;1099.273793188864;0.47124394018373905;840.5262926253059;0.3877534146131868;0.4486523014979381;8.511846153092216;34.08684735657866
14;6;734.1597787555079;52.26995548311493;79.90076678739568;0.5357207138663803;0.7867603666374169;8.324150841786052;433.0044566523307;656.9129501848522;0.6495999361718567;313.882317439584;0.47398986282756317;346.4232040908479;0.26222093821554787;0.4290861591028984;6.894771555414791;25.2789786471638
14;7;644.6780107162166;47.85463892442814;80.77458563177258;0.5440593677910429;1.0509403435504512;8.279685690410886;379.1229288934673;592.2134784915357;0.6190461665602429;299.8112943057427;0.4579488508989977;221.2475869264867;0.28137408458610347;0.4380130686817433;6.7169653029917376;22.675278450976844
14;8;945.213760686453;60.13404248531725;79.80350624535006;0.5638302265252378;1.0597195135146609;8.193463925863874;568.0456482957594;983.333185111498;0.6912592752468063;409.1713303300303;0.4578323733745517;489.39653342217866;0.27345153352041446;0.4713121606708894;8.43301470863467;21.695230299308534
15;1;358.6760143582051;34.73344264028084;79.97413994541094;0.5308468283890684;0.88578290068912;8.009334194155565;222.68132944176364;332.3675858145835;0.5180079139096767;151.27911980437958;0.4677028704651373;214.2894614575761;0.2502813811336165;0.5088580374400182;8.908582794888906;25.840832469992293
15;2;346.7408213528075;36.62258531560158;79.03174660654224;0.5323165838332262;0.9433533971024026;8.617436449089771;218.0713057024439;308.32093090536114;0.6347502228088275;142.42608231060186;0.4568122128211354;188.21230595015285;0.23653785985247333;0.4933277726495232;8.475475276211974;25.375464604178013
15;3;356.0804899654046;42.330654910191654;80.16825949147336;0.5439432377498187;0.9951248830440496;7.896017719136894;201.61745592666276;291.3747974793386;0.4395275714867968;169.52781827417573;0.45154930687113426;186.55730046493295;0.20301915924669506;0.5072182905508072;7.695338603284361;25.290270780695675
15;4;752.9147569658302;52.38669253448555;79.97401881389645;0.4755367905344724;1.2449942953806565;7.641963878997236;489.63453270191525;731.0400345370243;0.4134136128435941;386.8763330739545;0.505930334554279;296.0106465144315;0.2719503625078323;0.4742556946522164;8.988546769316029;26.230470960295687
15;5;389.5901311940268;40.58194127015149;77.85411053745736;0.5536535801802591;0.9573483046809625;8.852301471329929;248.6303965127519;361.1589053030189;0.8167517689738745;152.70173098039913;0.4337621042541569;192.9113522989464;0.2921753856731909;0.46294899822130575;7.294324587341294;28.232277979210153
15;6;344.31391389724524;40.560279341696834;77.00933143362937;0.5097912681426873;1.0563773665574112;9.103449364041477;204.95100757278223;285.23672116066274;0.8185641320798274;159.74731673753627;0.47879968442971405;179.19909696503132;0.31048597586807897;0.47453026434940215;5.803788453776798;29.9044487306883
15;7;565.6867569822011;57.28198442442797;77.63870606432802;0.509802504947092;1.2477930804622697;8.192392974494929;304.4257131277352;477.8080982324311;0.38298278178521816;251.9501844916926;0.48231863822200544;148.86211711862342;0.2754702258063788;0.45005022448472265;8.296626760524044;28.73361899558353
15;8;321.2767702972848;39.47120262819625;81.12932251405138;0.526435897071298;0.9932894834190041;8.457923574067495;187.41979891269716;266.4851827635693;0.4118258936922233;157.49499813735227;0.48026017476293204;142.28506114915777;0.21551471254064936;0.49142733540297107;7.626025156987156;23.477934049186352
15;9;1849.9755712246306;108.97102085997197;72.49588510617004;0.583383073110435;1.3613765971603502;8.07958260005314;991.192381606802;1606.0431623913946;0.802355985992886;761.2924098198744;0.414039009494199;739.6402206261946;0.4196548203691626;0.3823663862586622;4.786567494059351;40.42035672197908
16;1;1955.5401212207373;140.89054727196623;78.01071346224413;0.533610721496216;0.9597546561077752;8.350266229476498;1114.064183170576;1685.6399818661926;0.31705932699388883;524.9623508208668;0.47464681284244814;740.1545633521131;0.3343234998910647;0.471287071551719;7.929956905531636;27.780543958560493
16;2;462.96502442140815;50.19201436214493;79.729299442701;0.5337065032937666;1.0953794632761054;8.048911705738087;313.7095059869044;473.75814520599147;0.383768221883056;215.55950901080197;0.45039629661121194;248.30732002582042;0.23390395152032206;0.5168726378975222;8.261781487972817;23.810419395945715
16;3;387.7098515065968;41.701224192750175;79.84134057100383;0.5329844010445465;0.8911439930151499;8.63373355528443;227.92506834682965;338.3540937227641;0.4192131853958077;172.73975319544368;0.45927480355544437;196.83783019867315;0.21389711014078988;0.4856588997327105;8.384520538166594;28.651720385253
16;4;1081.7380485695803;131.36640688989675;79.3513107810211;0.48158019747955194;1.183679207831222;7.82151388185497;649.453717620669;923.0780468227449;0.3556773986902966;448.6402821331835;0.5037947429842647;551.330054723395;0.32668599581665203;0.4558680442551609;8.05493678620971;32.09758142272713
16;5;1624.4076727219385;121.63585359070593;79.45663388467528;0.557547228232669;1.2000365405482563;8.774364136241696;990.0301325703283;1341.3845230795205;0.3322949846764766;452.2984207746101;0.45300010071978825;755.3108145462515;0.31175236948285723;0.4844374146253069;8.25264463459962;31.12331788227344
16;6;437.50372274759354;48.16814764524032;77.6544674480587;0.5426945379050178;0.9716861318825754;8.374569344452704;252.82831097524738;387.00221340147755;0.48511024581710566;171.4077227790455;0.4455762021816995;216.15920310569933;0.24771926612891973;0.5275142393337483;8.097775240689627;28.52578963551509
16;7;355.2568809153843;47.59867866070315;77.62936151290742;0.5563376613674987;1.0394461733711298;7.519235980221469;223.6525384457234;285.2054565177293;0.6334326995621737;171.45301168478392;0.45280417714721616;183.8616626423981;0.2600680834777046;0.46922513772676366;7.981091914877019;29.415298052065246
16;8;551.5058696509022;43.67513249886269;76.43387677519287;0.551294081523546;0.8795365065707602;8.321383927234043;384.87424785249476;578.0493145687445;0.4902943052959633;233.70834807721167;0.45773268744122114;291.626601608174;0.2892002189854057;0.48373034790312125;8.023581907562571;27.743430246361417
17;1;652.9985186151789;50.35644386960058;80.14181607907966;0.5402276006674106;0.9869541015429049;7.666968667853763;414.21496006383035;574.7079722842337;0.34697503293543874;280.035878981795;0.4579051577426785;265.6984246082894;0.24805063253375212;0.45224811068985665;8.0924857142992;22.469949970347724
17;2;455.0839064356587;46.65057737842454;84.15100465339631;0.5382329155468704;1.0315146444335115;7.842877278629403;295.2806035467345;404.1590842759407;0.41798467573107956;193.1016842767706;0.45483093749012676;211.25141611576092;0.19760739516643228;0.4434150617671728;5.056408435725212;21.28136339293532
17;3;455.8546791191064;51.29338474006487;83.57341327023993;0.5523132932698439;1.0344490516697875;8.009916218804676;281.86859404955476;416.5507239779835;0.43429288696678053;198.47293705369916;0.44902296884234055;193.2671909594352;0.1834666417520101;0.4701300136390871;7.311522131834909;22.714422571684555
17;4;464.2289880948325;52.202955261215486;84.76925668179801;0.5564455861452469;0.9194063237707449;7.7772464971539055;293.6992249291923;427.1575907189859;0.44294744317765655;180.06094584223243;0.4386729984458295;213.67529087896878;0.1929740788779399;0.43905352297473565;6.291240076369945;22.624251530718166
17;5;827.9165755589;66.6510158715295;81.89083430605108;0.5302913678343998;1.2976911913921862;7.505951038447233;427.89353292386215;633.6386773180107;0.35344092912462277;386.96946679135914;0.47413240348548114;296.91882435821907;0.20479173288109692;0.43877336786624405;6.613811766561415;23.974629095743175
17;6;424.6656259206865;48.82108133714969;80.41933049737179;0.5498114532876689;0.8855463010947625;7.575181548259322;260.4802239156154;383.16924789590405;0.4497959733694212;230.67047977338652;0.4508164699129765;235.9416055015788;0.16376263531086419;0.44894767564626115;7.436828739193422;22.307334914510108
18;1;2372.315192482204;180.44078106644199;77.3455721466244;0.508827846804464;0.8484458680011706;7.434852070617934;1413.74693662992;2070.7883224202938;0.47142781125772176;843.2114893380399;0.4882159365865623;1097.7640084731318;0.3997199370695843;0.43712981712067567;4.78016550437099;34.02696322260394
18;2;2471.7988826596684;136.58888579409404;80.11107763037634;0.534617739974962;1.146978103004006;7.881403426788543;1523.3255661117066;2096.6031656209375;0.4202585950415664;1076.4972420372249;0.4753483390111761;990.24337842614;0.3573191589809534;0.4829992775730805;5.167782940104388;27.769523277304078
18;3;1603.7527920427517;170.1127499445261;79.29123548125602;0.5175075155916716;1.2017198655765666;7.630976788259749;952.9998091216762;1326.0799851792149;0.5440428668155828;667.627369829618;0.4876805151472874;861.2012838458259;0.38168995618474133;0.4785142187220003;5.070289829839782;32.62879665955996
18;4;1935.332092598549;139.0670705885528;80.30160285512983;0.5603920987077836;0.8307866801862244;7.952599018370203;1294.5981352442886;1685.0064358373959;0.44575741298443566;921.0672150704112;0.444251328491673;764.0519223566837;0.3373298359219962;0.47562138188460956;5.136353964045645;27.747305113222822
18;5;2272.925939178693;159.06687300896579;80.1513627901163;0.49226213643813743;1.0800943184184617;7.708427703039991;1099.9614058281786;1924.6782788091673;0.39977216557553086;555.6563308758599;0.4980661397960687;813.1471466022782;0.3447428637224749;0.4649510582084437;5.149257414126437;28.364649843997253
18;6;1725.941079381981;142.22540198498305;80.64275659125167;0.5707419396368714;0.9944066645519679;8.014609756628523;1189.7353987620218;1513.5501860515249;0.4238176688370486;596.0639282632122;0.4293011595099918;843.3483138329301;0.3291250334959125;0.4607120831388498;7.165181878758103;23.99351931555927
19;1;1962.1927284588728;191.2591613884157;78.73372827490769;0.6005617844459701;1.3610921253483192;7.292086657247158;1284.4970648945146;1624.4156785026032;0.4506265084177842;711.9515038335028;0.39436173836733873;1147.1938670179456;0.37972623269072225;0.5113512683425832;8.297985920416764;32.0566276749208
19;2;1948.737655352102;131.46759706568122;79.25487879783908;0.589547124681843;1.1144113726595215;7.520292664980537;1237.3869573173565;1584.298554094529;0.35309257274685935;531.3470387297846;0.4063763936967932;806.4579310204555;0.2839800364488994;0.5279237543865763;8.070325359304546;28.458550954546986
19;3;2054.243271642388;200.3062107925093;77.44125266617982;0.588478846562561;1.4270887990179097;7.244036880129899;1341.3218125679603;1708.9035120801898;0.3919985315009897;641.4568007831335;0.41898409339092085;1188.3850610441568;0.37534834794496624;0.5076382773666748;8.083726177904738;32.43806787529793
19;4;1971.4719518575473;146.7487606227955;79.64503647367509;0.6010800363052735;1.0685537538850254;7.817341618255463;1217.8780043326744;1663.959384284789;0.3230133329272204;574.7570380602897;0.3996400533400895;697.0676150683274;0.31269554373521363;0.5073509716313607;7.972900230980848;27.893639545105906
19;5;1811.705465385427;101.6879794002856;79.8637969852716;0.6115988765412035;0.9819086211749666;7.769544602134263;996.0541819753436;1492.333791781196;0.38740350521113615;514.5326737252002;0.3943724048360388;716.4550128698498;0.3033233321074376;0.508163176295524;7.782891309850709;27.708951405167728
19;6;1136.8283238792624;130.16584372428244;80.46622984704423;0.5864513328162535;0.9112827570464686;7.77391621508778;631.6911580185449;958.5023058088419;0.37454437280092073;456.7318851727679;0.4207663613092054;587.9543134456878;0.2942717897091453;0.4726872852909568;7.773632457120783;25.757280645224483
19;7;2038.3156823873112;171.97480113351332;79.94881988645163;0.5900837691653169;1.3238237904117505;7.776514225181294;1247.5651362840092;1680.1770320976007;0.3424064266808781;661.3888606333414;0.40378741623700115;946.3557428143456;0.3312530393452302;0.5016893136101458;7.750110826749997;28.562618549706634
19;8;1106.0938485078184;131.6064919983727;78.8251777227882;0.5785052919676843;0.9841328032415043;7.5265227691067835;669.4430786858153;843.3108985823123;0.378026263448865;450.6864039768699;0.42857058067068704;530.3097994350584;0.26287667265402687;0.521042541674546;8.669229502346367;32.98102517038146
2;1;2723.9113658940664;251.96290930837966;71.10971632429224;0.5905401182928298;1.158115034824507;6.672564708927296;1742.1556683789875;2269.7202991726376;0.30688306031087187;671.5760638470941;0.41270040592510143;1090.5657039185714;0.558876194095127;0.46930212642280117;5.251332479218896;49.54544855542475
2;2;2433.5663791756724;221.91245776125652;72.81660809375157;0.5665982906692723;1.274987751916279;6.790854859324054;1522.8669151370157;1955.9638119577132;0.29317387754534824;680.9256644984754;0.41805939838184386;1083.8848652439863;0.5312828840120375;0.42223636650698376;5.040255723611696;52.52706924551093
2;3;2947.2194460047995;238.2165652846869;73.05120647503097;0.5599616079000058;1.3566747004358906;6.48917599149178;1700.9991119514725;2492.9646237158195;0.27328178357395827;751.6909896876957;0.4402654441215275;1019.3168162318459;0.5440663388377668;0.4647000338680067;5.428955657564652;47.841530853378224
2;4;2829.517517201395;251.72420356030779;71.89645249959149;0.5676668900973797;1.2856510632753873;6.7867059845518956;1747.465573461931;2361.72878446838;0.3112184748180026;722.363018250715;0.4202900122927646;1242.7069594923953;0.5671093597885359;0.41206371199440733;5.074584038441329;52.59527780680044
2;5;2769.913426789276;228.6418743758916;69.71843463241942;0.5777827451504678;1.4557500186396086;6.746263722593009;1571.2010447579214;2354.4966444179936;0.3712616381537893;795.0843086731142;0.42259226992837384;1308.8225674063567;0.555540131000655;0.44765929310023517;5.018557991349357;51.20029475047149
2;6;2880.830562135629;201.70591045776575;73.80319305695863;0.5788398778180474;1.307129637599315;6.66349057059393;1724.1833763708114;2449.306306014651;0.2716063221374816;673.4928841529359;0.433403253964393;1149.4684159684314;0.48555556956781176;0.4546285180599505;5.121623496811894;48.66318975316073
2;7;2541.3065417410776;239.2137097839095;75.07041937551737;0.5838726639230021;1.3543046273182808;6.50509890726067;1663.7853976254646;2071.178762161869;0.26532557822537506;720.933365321353;0.4151270008206406;1025.5052536274677;0.4368587706612361;0.4754388980615522;7.238219759436045;41.661821373437576
20;1;580.7580812596467;47.58114016184666;79.93593521729768;0.42755713863676953;1.2971392249500744;8.715605957784692;363.3432377278681;540.409107085372;0.9722633088943459;283.8462940097042;0.5629981215623863;283.26120899779414;0.24891818424990586;0.4184845233884266;5.159712293387;25.881599620057997
20;2;368.3119311956864;41.73401572784269;83.0352443733489;0.5290966100242531;1.0544395236498771;8.108067914879184;232.8730365428258;305.89445874448484;0.8287334678886925;167.8080085965479;0.46956787335275807;127.29127678876556;0.1743102189608088;0.4139751206316777;4.7727658485633775;24.939758124131625
20;3;367.0779047534645;42.400102791146544;83.00285144413287;0.4817659844641826;1.1677569721996695;8.153267436566697;189.6168670805858;291.94850954776956;0.769206213174891;247.30221866580067;0.5143926339825803;125.1862770380475;0.2305657118090393;0.3549394358245604;4.584475688024908;22.662321321139075
20;4;565.1437279911677;44.24197206221463;78.99762506188858;0.46054196726636376;1.2630542891757137;8.507818831619696;352.7695691332511;507.58460366608705;0.8265515909363137;263.77624386446666;0.5298391925806705;188.61857665016015;0.24935467286389662;0.40360253299334;4.6421196061954;27.025800770083688
20;5;298.71707247343994;42.583287981665435;82.00748158228093;0.516903006913953;1.1551429607548118;8.619364927010064;174.91475660324258;242.8692574437464;0.7699278954189139;165.0983124291935;0.48006522799101853;133.4503147790965;0.22284232982430996;0.3890159723086823;4.695122529626242;24.174580025926584
21;1;479.52666935971706;49.64058144241751;82.02829785677861;0.550188805502953;0.8225685583660913;9.126252165844885;298.1333537732605;452.7944465628863;1.2334449030762407;189.27590413897627;0.45422702685322364;294.5299407398036;0.2660456877876878;0.4048922166644944;4.714676773957309;28.4557696814717
21;2;567.5910136098606;43.711450336745244;78.23204607577586;0.5471336168307483;1.101423826194251;8.854101914857115;376.22643479883584;522.9807969314443;1.0482848998239476;175.00987968147314;0.4375030385973561;267.4411473374466;0.298121940318118;0.43066022712370106;5.072351528624435;27.386003331788714
21;3;788.880535341551;60.92516215781333;82.7344189499291;0.5573950441193599;0.9913311153074111;8.203922955589707;424.24893093900914;703.1394636200364;0.8901272275545881;275.9803174570733;0.44847172256584295;324.49815105837456;0.24962632768037626;0.45944743683080175;7.824597078895761;24.681383790571687
21;4;1803.0652987344793;97.1978798049711;79.32300679295027;0.5469391546040087;0.8892616799302717;8.472204139926227;1117.6029337412829;1531.2596878379316;0.7588172208218951;499.2890328675004;0.45048921961334565;748.1880579008413;0.3388198960045347;0.4473683770083197;8.286278421640022;25.598290924350604
21;5;474.04112530241264;51.03597889749304;82.75878563240805;0.517131144185118;1.1282509916410497;8.135556789969401;287.26198285110854;422.15523712017267;1.0087659906940238;180.99453696572405;0.4863691206915108;302.68827701679726;0.21374751685379356;0.457494829822258;4.89065532381564;22.85876325439389
21;6;2283.044473429898;136.10458987675088;80.10506935928183;0.5423682411083128;1.1462947827894767;8.459367884120438;1285.9416955741387;1943.5074000028822;0.6248860573156146;553.8589252958487;0.4529937115183933;722.7073977536572;0.35672072216167;0.4451090021722168;7.087464667798003;22.09654813232133
21;7;551.3419862623286;59.35934366925275;83.58684565922506;0.543483066498022;0.9261387937508146;8.1214507346315;348.31383733171714;473.20792915490864;0.7393333123356544;233.47903876531913;0.4454850573447247;274.9536651129581;0.26408278660113105;0.4518083539997726;5.879914132375457;25.093531991542118
21;8;2215.0088645385695;189.6128877106554;79.40775293756406;0.5253093195897508;1.3725082720572668;7.60317549203308;1368.5237395963893;1851.4628550284872;0.5674194283698023;620.7439441985722;0.45286043690171984;854.3887344669247;0.35754235660056644;0.4826156125951909;8.583832573293353;25.426057118577823
21;9;2593.156222905432;164.2916837739821;78.66132085229903;0.5238552297105312;1.3909418831612197;8.48423208236133;1546.3924820080263;2158.810348983685;0.7923815922652798;822.6009465628495;0.4600852879627476;998.5280571910982;0.40517199982185226;0.4901872593101077;8.047438761230907;29.337594416357277
21;10;1079.4324733081683;73.26720580775056;79.61251511613747;0.5605291852798274;0.9875058586463477;7.839068553119217;528.686984910823;863.3665754006827;1.008766365430006;474.15237539214695;0.4368080239800032;380.2880328716176;0.29823155068943785;0.45815742069635607;7.434192897322223;25.326493931980867
22;1;465.0371494168815;56.484543977003476;78.09417492565292;0.5908414182876384;0.8209246895597841;9.023004092513656;289.2862513606755;411.661522735532;1.031459991025001;181.6342832716767;0.4036450670719634;231.43797026643654;0.2825629058257864;0.3821163902387839;5.049654744671049;32.324668675601885
22;2;1626.8224606159374;75.34136699845244;72.18789985085091;0.5635525642186603;0.8510868148461487;8.829920667244313;1061.3140906776816;1457.4703282790176;0.9866621313322936;447.2684030826736;0.447726772367035;670.0931373318384;0.37623935822580745;0.3264283060676895;4.91062104052617;34.449759811079296
22;3;983.1197317618689;87.75275465240847;80.3637906108633;0.5045732973130658;1.0823403240341252;8.179952095805026;552.8937658097319;836.6961521084669;1.1027148511832419;876.9166033447689;0.48681121543333433;489.05880997860737;0.29580708695923086;0.4670154038224528;6.2920692717006395;20.364281413419686
22;4;1591.928811788435;100.78823630917883;79.15882433663003;0.49052307628400676;1.2272364284611232;8.616014911084608;929.3687059760845;1317.8593553709422;0.9354982733809948;517.9862099943109;0.5053382003130525;680.8219486291321;0.33668354666932115;0.444710302588865;8.215918514100185;26.18383081945498
22;5;2114.8631057155853;133.45517702859996;74.90116020004714;0.5583454905141815;0.8168720609006885;9.12170631259639;1324.4202833459929;1927.5913056121678;1.037804296398796;496.21380828085347;0.44193129917162616;850.4084584617689;0.41893859928110805;0.3610904499583195;4.59134968849138;35.20744422855576
22;6;1728.5153415048285;85.21610956448563;78.36360720498236;0.5457747982964918;0.9282711043732631;8.439311915764211;1081.2631103518795;1603.0874670747953;1.0289057464389924;490.68168975078413;0.4536015979670318;632.6205431113372;0.3397656514408594;0.4657033034763024;5.834876135646126;27.685521363059966
22;7;902.7474627619958;56.438485922497605;81.34129074891486;0.5385253832117017;1.1324592350309906;8.763416760106292;524.425653613274;774.4022071850693;0.9677991450678728;295.26230712508305;0.4664966648779081;324.2479475392567;0.28613409360441583;0.4057294704877542;7.528794357885004;26.339055239167354
22;8;653.4281833319028;57.7548843522095;73.48547076093432;0.5406129076191489;0.896608556998462;8.566890874892678;457.50654384254625;688.6257008724536;0.8527293429411181;228.7285575012481;0.46164106455409315;321.97469300279573;0.32280003269810514;0.40399033447524907;5.24697529594124;27.986450022849766
23;1;682.3269817344751;59.40349737154428;84.30310662304714;0.5196455587610598;0.9621661793062013;8.751615241900518;387.5571581732038;575.018972146089;0.6618801175958056;331.92096346342584;0.4669995904649607;288.47333520477787;0.25475042649788343;0.4420372142648295;5.013036534246391;24.89896597117167
23;2;900.1203626521182;70.02200455754537;84.03287877976838;0.5544956041782307;1.030612549665196;8.78059696680297;472.5169270989794;751.4947080352022;0.5617664860412187;450.0963276888922;0.4431539270611917;389.5456717075384;0.25784238035301194;0.42908060592490843;5.066830743135552;21.368215854191813
23;3;829.0066818727017;66.46406314106493;83.62079554999269;0.5450054518217721;1.0424265623515316;8.733710777471126;395.64344538427713;674.7117672360764;0.795127474556776;363.34087304875635;0.45690420670088616;303.2845474690419;0.24658821695486627;0.44002037381594905;5.361902810630439;23.064348604516777
23;4;2457.745364156934;165.097029148302;81.4916047577757;0.5591154773294756;0.9178319680570396;9.086047071915651;1465.3998068902438;2121.4783936316653;1.0033099027131749;933.6777674369483;0.43777475584582143;903.2885067388052;0.34366898638620397;0.42701564056957575;5.419942688659607;24.498324283202255
23;5;2119.6405333376597;165.6341774334459;79.63312349004272;0.5294376212044866;0.9614181562156904;9.65235038795002;1238.1583421963828;1841.2455027628896;1.105199350928352;713.9859050862211;0.4718306803573428;796.2623219597929;0.33600191544573954;0.4364756787392078;4.849264800295589;21.84207364362157
23;6;941.2429704595738;70.27099366289363;81.27204647126096;0.5487973442783489;1.071905458295712;8.677181305311422;439.8915239119999;719.891440771209;0.9365472497137798;333.0446323048288;0.4575058028145327;372.69629794433456;0.250376086679174;0.4634042836848264;5.778483446361631;22.071997854815873
24;1;1104.16059420051;164.12315546916554;78.95340769044984;0.508955730945642;1.2919340905177854;8.21969099725961;739.9415191666653;938.8272136253851;1.2441143805257873;519.2514193694783;0.49820425692945974;798.0354146511755;0.31327229419683267;0.4707620725542993;4.656436605854244;26.77532555921467
24;2;865.8732269263337;71.41046952038698;80.68356766565375;0.5091715704567896;1.053742884906508;9.444055261476915;463.26659992365023;724.9770864583238;1.3079297694269525;599.3754197240416;0.4938188611781184;318.7480691636995;0.2816588346799318;0.34877322534716676;4.677797689187047;28.222675923782372
24;3;2452.885786111493;149.01937289873757;78.39643282400075;0.4457579522852268;1.4180441906866608;9.394765745788648;1200.1113444895025;2196.261126663498;1.031575172375536;988.5592942226443;0.5466006940656043;739.7038942183472;0.3230002945950973;0.38606600185741996;5.066502922303742;30.0155912409075
24;4;668.2410266836192;53.92947556901926;80.49677897967234;0.5296645314020124;0.8970185668778542;9.642960411408934;385.8482920441298;597.67510189836;1.3840408655853087;299.8221968887612;0.4629426069220657;311.22053142497015;0.2171028550393119;0.3703909238848343;5.0144782622833715;26.8032468599763
24;5;668.1567292428082;61.32268311315702;83.22220490773785;0.5187982673004783;0.9630680226595854;9.431630280200553;368.0202562504959;594.7547164048482;1.1895619656903995;342.06805080149746;0.4949693197228364;263.39904416314823;0.24217502648885822;0.38172407512509643;4.840433737781905;25.461541776720225
24;6;2266.4438358738653;176.88096416433166;78.69018170982322;0.5206630892427618;1.241617866025579;9.336370855961082;1470.7477589674816;1934.783495828787;1.2807748668343253;570.8852258058264;0.48300636229251703;791.6418273302509;0.3531397109906789;0.46334430422416994;4.649130821548486;25.591466565448478
25;1;1827.8722613214713;110.45848462104276;71.23985467409047;0.48442434863146333;1.0561833319604166;9.376939197979885;1152.6285402624746;1592.6891725729427;0.725195729664097;478.827916754806;0.5261787215231941;808.6963341990986;0.415604125700128;0.36320650546933886;4.609099736896036;50.343839029368475
25;2;1245.2815752760296;74.98143708039534;70.16474225300023;0.4456319403575975;1.315862596252685;9.035045364995938;816.471158995808;1121.6863375252262;0.6828658698162934;438.90083144090335;0.5500529758276556;775.7791382165195;0.3988165077775061;0.3582932220291942;4.733078464088566;49.257248663446816
25;3;2832.1606190705083;224.92221225563952;69.39415140428565;0.45029438666396127;1.4429658083152241;9.025100362157975;1708.0473137545857;2464.1163578395244;0.6844386053169925;1162.723965580654;0.5359114682037972;1117.3226073517246;0.5062076460371248;0.38684817113144865;4.678319511855824;53.12147390575481
25;4;1774.8814492661536;76.35886961115776;70.7929662307065;0.5056189051799563;1.1393132018556542;9.10401869475177;1182.1261559244665;1618.5398766934488;0.7374550261154151;452.50863064681386;0.49665240851499853;862.0362494116777;0.3869441676691807;0.33526595242294116;4.5269360703316925;50.15720308570036
25;5;662.0310983077748;45.540394679782715;73.6447227048181;0.49424232871060925;1.189116631064049;9.244125261780724;409.4270894017824;650.1555083482939;0.7629073823927872;253.7302610979512;0.505094334394221;340.5512695668048;0.34934351327562885;0.3749862767564668;5.566465342670815;32.788365324552935
25;6;727.8905563898385;75.26656780681431;65.6479795805599;0.47203202167906544;1.4050060395108672;8.92827345472586;408.5640402275889;539.889138055277;0.6952171921116523;263.43617176889;0.525147232396104;274.5198977077079;0.42317181812810367;0.38362775887908923;4.409863868008305;55.46262526915597
25;7;751.32895215331;51.39703156277724;67.57756004307252;0.5298768441500621;1.3507394622594437;8.678952748775773;448.86186241277255;647.6846236378784;0.7463134494970703;281.8584804053151;0.47473627309477145;480.65567918377127;0.3718460262748858;0.38018430399225545;4.52660878295301;48.928355437426156
25;8;1003.9197060855047;103.89069338634033;66.71375082938886;0.4671955439991429;1.3045622110339483;8.818805074059556;711.627194335439;864.5158543803291;0.6383951990719389;358.3884806755422;0.515940186374802;559.0259818614929;0.4267973172622524;0.3545812933226844;4.693764472158609;52.571704584791426
25;9;1875.9319193474503;99.29898675297441;67.27219072555796;0.4530544371291687;1.2785253642096501;9.312512070511783;1163.2510833285978;1574.9116414067685;0.6952551750723054;489.90367476823224;0.5414597507127435;952.9218351105484;0.4402721160095806;0.35791231245617916;4.611601766894546;56.03032295779429
25;10;401.4241930333179;46.79177363756239;76.12728539949637;0.5207129244157551;0.9454249764321438;8.584398333277354;237.01530820892665;357.0490831257109;0.7266821886433898;182.18134869460025;0.4810607633228105;173.9036568509747;0.3098227561245336;0.4329337953354704;6.795959773903389;29.574000523424814
25;11;1359.7450304704007;123.40133101439247;71.23941872754835;0.43593336980875996;1.4696148300986422;9.204681805403299;868.4407324278047;1098.1664474829297;0.8299829052344923;557.3173503919392;0.5615908476664206;919.3160375287002;0.41101406272985236;0.3452548278637721;4.706003137893598;45.76230486537028
25;12;822.6982995818533;97.67756076015452;73.5002578927747;0.49095995642914175;1.4264510083981319;8.648641301449675;452.94321311287274;613.6265049749613;0.5852268412268063;282.4149925748083;0.5070528007633974;272.1252044879999;0.40732574509529246;0.3874531642642963;4.8951695006464195;45.6387224798732
26;1;2555.115319261859;149.51894514421554;82.94618215498487;0.4720331202000819;1.407022769787636;8.708711832845534;1258.0829357520572;2134.3297294316535;0.7961696029699744;695.3452889097626;0.5220848795785522;708.112204764628;0.33456314593424097;0.3618221706876432;4.917338346053824;21.59887836319173
26;2;761.7746324199719;62.62258804918801;83.827366198998;0.5067951954888501;0.956757743055345;8.801960328888873;437.15702478802655;656.9322355453763;0.8762948048131884;375.11354376586166;0.49745663843168464;343.4129055769643;0.27683632060735036;0.374094580244851;4.716092631045065;21.646929971886394
26;3;855.0123362134727;67.29059904214076;81.87166282073392;0.5403246362373547;1.032979520806436;8.215129391102804;453.14887124773827;724.0137320661448;1.0425733755559887;391.75221021172086;0.46437895529297163;387.5557302977144;0.2974686738813773;0.4634081487285497;6.208283537955245;21.41072357031909
26;4;1212.2886797201734;98.18459432518777;81.12916608104054;0.5059457970514609;1.0860460441803508;7.828646247453503;787.3360661528579;1147.583448228192;1.0365617843564305;506.50915847958674;0.4961994596110593;629.2461467971125;0.3537182749476921;0.4440183554273878;5.618651039751316;21.749657311325947
26;5;975.2933143369384;89.12585762939133;83.08005761487438;0.5323253021113612;1.1688425481461315;8.06727196229909;584.2457315197213;849.7446412797065;0.9373428399814175;492.95801475709374;0.46654602394;443.9604852756648;0.3058429816465617;0.419109236625955;4.983630682196202;24.628247499608392
26;6;2429.0913611246665;144.7914813422871;80.46217205968695;0.5422630512217608;1.3667444793545318;8.195550317592234;1389.5336146162438;2028.4624183875173;0.9858573624780272;754.2729426129428;0.45840263466435366;854.348481270948;0.36471044572717753;0.4525444938582195;4.829667299957662;21.423900679479026
27;1;1672.060188535291;79.58165225748847;79.26544701581923;0.5537286364444549;0.8203282051225476;8.124380925087666;1073.0841542394276;1475.8401402028373;0.8126349797330318;498.1666025849238;0.4429183478755869;594.4526526929244;0.3354446334348888;0.49530183860428073;6.989669769737629;21.438514370037996
27;2;809.0468612374157;65.258682231733;81.86694361116064;0.5482998135910205;0.9266007584795504;8.087400677610196;428.95685458414215;697.2439245617309;0.9907398064985267;349.01187020204304;0.46267045399419765;314.7220644120039;0.24332484749111935;0.44543372648410484;4.878659769281401;21.471725103406346
27;3;1538.4703896058209;94.656442326978;79.68574940344098;0.5165400356191799;0.9903000561225116;8.596477863068328;858.6779444160431;1325.3980862113485;0.7163434050116195;554.2456036581858;0.4797700589243835;603.946712165359;0.3520622215870175;0.46604858506241414;7.596275658837195;20.18786051410844
27;4;1021.2861371923879;67.68891896280095;81.12249004820865;0.5612175314987342;0.8294646460819092;8.662592332951052;590.4717404744869;904.3074308396544;1.0183606617790932;398.3024435752541;0.4369966415062918;468.2703071615562;0.3019665839483734;0.4882554044373044;7.920610937851539;25.190508213785442
27;5;1188.1450740344208;98.35387297911346;79.35269024827032;0.573236997323633;0.8610404500316541;8.666488991947451;770.1385742214543;1002.3292676415404;1.135197952588547;466.82584372168503;0.4297636602954711;645.2918067123843;0.3369606815646538;0.44890401520943407;7.066102544457789;21.528851966601643
27;6;548.4700145292971;52.77813155139246;79.45495824202021;0.5648574087635616;0.9187945119040944;7.8442489346742805;368.6688575942568;512.0408901636455;1.0915588671460688;185.07644941632208;0.43936426340572027;289.22700213759833;0.23664322198002494;0.45723926116609726;5.1613910756543;22.0720417996303
27;7;1040.2835253587264;97.1124385194886;82.68068693956698;0.497135600298009;1.1600633613414346;9.412606217844846;526.2228081319494;810.79748636822;0.7823750865247103;436.43577280214987;0.5006933079691361;439.7317440046846;0.3234184200324959;0.44744643032199377;4.64936406205853;21.151371423082068
27;8;1472.516761073201;143.67965641984608;80.0097173013624;0.5355518935200867;1.3364438943448667;8.646719216373068;896.6467557845128;1356.7610606732394;0.8260848013536847;979.2787904382435;0.4633016568633388;748.2135014070283;0.3230478587961128;0.4168789626419962;5.416723402159956;22.133995560096174
27;9;803.0181944364224;59.62207328633429;80.507261214938;0.5366398849350962;0.9053390020861734;8.495357184587395;445.787265912304;713.3924895388359;0.7722318962498584;324.43103228573574;0.46733724185104675;345.7433264451483;0.25711132102013406;0.41836014769196816;6.016032084695885;20.257066984763128
27;10;916.6114925447375;69.6100587090234;79.97587230436332;0.5324471247524363;0.9699703083660725;8.500700852220714;506.2090282872356;736.7988039084831;0.6856400834914708;390.22819483214556;0.4782121609316195;465.3014692800293;0.279657720435037;0.41987930365788523;6.045120358289066;20.86490600961611
28;1;2195.1931872950186;182.82836396092966;79.06583534367907;0.5115345913617997;1.4273497788545264;8.552895844459528;1220.7362430775804;1735.7164209620446;0.6330150673512099;1036.2026901624272;0.4822194255581519;1182.9250423754252;0.4389700993465524;0.43262457544295174;5.182506577550111;25.691029024098125
28;2;2187.949471027169;154.21093030086527;81.18668078660359;0.5208537232793372;1.0334404678084606;8.95435794458639;1135.4619166754267;1769.8687812799628;0.8672834397258046;615.1430858246102;0.4837830095404217;970.994834369226;0.3838814933651731;0.4299030618626612;4.8351239237398325;25.891259143927606
28;3;2692.9269447115817;173.63988040860303;82.74086607979041;0.5032717332370372;1.535594363021002;8.002420386224005;1473.546863518717;2369.170553305144;0.6808729699317821;1145.153700311467;0.49286019744905574;858.6477333700788;0.4140906054989417;0.40615287956185797;4.890004115183351;23.6904450304785
28;4;2487.995941577573;156.5612360248023;80.5149928165105;0.5162893750037066;1.4394377818406714;7.807739763154797;1390.6651629340383;2111.970725683258;0.5084132710078839;1142.5724497002946;0.4920074009665849;936.7564446925174;0.38788676238129727;0.4182922241801921;5.094798960035734;28.386263126272702
28;5;1999.107955468254;169.95783091684854;82.83722341521467;0.5217328876489425;1.1534230677866069;8.357356014330083;1097.8665541384935;1697.6375876505779;0.7617262268969571;821.0287254398363;0.47918219241594195;980.4519782072634;0.43556154200683006;0.4164976256691333;4.82993965897339;25.8204449898876
28;6;2779.338757605865;200.82962837425384;79.12294534427006;0.5274604781228797;1.5066947335689818;8.35339738526925;1567.5273615162957;2403.740590154459;0.6723813787186268;832.4092812219271;0.47114156094528725;1118.1523795825226;0.43859894911000863;0.4263412279717214;4.916855944490374;27.425229927126082
28;7;2255.4850413909016;167.31568552993767;83.38354496421621;0.5033960844885443;1.4406067388058297;8.076114477458848;1139.6010045561554;1996.3085321043009;0.6232800143679897;1040.9381185857471;0.4934181443372043;932.7641888098536;0.37445299059490855;0.4263392580720177;4.69513735665953;21.235023971768584
28;8;2260.7680641626453;185.92631345926745;79.92772862055013;0.5118461934437197;1.3678307458294086;8.06015397373619;1116.9240159223496;1952.8684875036033;0.6067287925936934;1142.3903628572166;0.5009578930588648;953.782934979494;0.3923679328663737;0.44352366853699476;4.706425057157446;23.863569725503638
29;1;357.1981088878151;47.20151097330635;84.1330827135943;0.5340505065878969;1.0283091473614925;7.846065661027592;211.85002299172578;290.1920415213415;0.6614737641027386;176.61659111033615;0.4659165259370155;154.12157636384288;0.13750090271908746;0.39118781012993104;4.713153837989406;25.108245544826115
29;2;419.3923233433535;54.2451321888291;84.41839882980923;0.5364201104279495;0.9020359892035533;7.591905041527842;262.9311504415072;367.7641217597525;0.7802465425904865;172.4249828399093;0.4675401964931317;180.86496776108953;0.18468313833666852;0.33771081387965585;4.778903406109193;25.60079137534244
29;3;435.45703742033066;50.53412857033774;83.01975681124128;0.5480127810117379;0.9474683527566551;7.533062080372019;274.53657799963906;400.63590016025154;1.1072030865609712;169.10832137640955;0.4405375629736157;211.37280531354867;0.21759628696803915;0.4235684356409287;4.549305873680668;26.17676881642792
29;4;375.72032390774336;55.79976763634496;83.06937284431913;0.5572528726765461;0.9031612221679937;7.635596046992275;229.18159122230864;304.53143355120176;0.6741637420956395;167.80258638173856;0.4333727484069703;181.00731574590088;0.20260483570053914;0.40753002952407613;4.921270621602069;27.30634875217693
29;5;401.90939004827965;44.93077775300548;83.91217036575286;0.5228724441899321;0.9865312925742271;7.356904396641427;224.61441065550724;312.25651353146475;0.6951554896987943;186.87583764297176;0.47927863474109705;183.5881882328747;0.18362869714090874;0.3384732232169506;4.804065362917874;25.37835783146754
29;6;385.6096928899361;49.23536360470197;84.6657644271721;0.5249446092283825;0.9766428423989402;7.49142258258231;239.49714154444462;311.0480397616039;0.7112160796706171;174.15500109362176;0.4733683031259704;150.91853440890716;0.16391519022834938;0.3471381217807825;4.79350178573279;27.35236787947041
3;1;1102.99771685024;171.7278174000675;79.32650441441666;0.5105516661602237;1.0682541709863145;7.9754688559646;716.6960106406098;971.6649211789075;0.37370745518125026;584.3811679267153;0.47856021803861304;763.3485869661989;0.3038487066657038;0.502078414376688;7.4496814307560335;27.56059358934603
3;2;2765.7996175234107;182.68382796321086;79.09942173231721;0.5356008841578792;1.4322610847534962;7.422869164456529;1543.9111420239135;2395.420962721759;0.3014027686336327;691.0855936115605;0.46819682069207713;1061.1306821722778;0.40844473972228257;0.4871765743635109;4.920517482834393;42.931591506485226
3;3;2781.741895352579;207.0147633505899;78.7850106058825;0.55868411367271;1.2410060888843066;7.527143166403463;1608.947802428281;2430.3551935804708;0.28494021824173493;732.8497096710807;0.45940918274332126;1022.4779947300367;0.41542578904300703;0.4732057492965778;4.912935700584902;41.691305366805736
3;4;1836.3027971427528;134.91164168213626;79.628035497371;0.5658164712558273;1.386869857870073;7.929562937931262;984.2586950302112;1417.902260658505;0.5656752485679114;600.2231751795844;0.43960256426748506;635.4301812374364;0.32087801944030664;0.47068303925594107;8.178109128919019;29.74054835159477
3;5;982.8462676033993;150.08387912812384;78.8920571036112;0.5587643085209977;1.2021185716325207;7.633880342067499;660.031651254069;920.566611817228;0.2866177302392434;493.2305323284531;0.45927542089845913;628.6526112619094;0.36790819702062577;0.47709487074190354;7.101410343532772;34.726668726237435
3;6;2378.9513473685643;171.586098972181;79.5319515973215;0.5855292497986142;0.9820515642277193;7.907227801949662;1295.1446632531772;1966.2271709852967;0.5885322063509353;540.1270076498629;0.41745663376608966;911.3332541658731;0.3473357444947444;0.4891752730747128;7.898540767737026;29.031964821942566
30;1;1638.2304719115293;70.39073656537518;72.07860587279707;0.5835173890843365;0.928809878867515;9.132021095848367;1043.6603905727766;1471.6524905717351;0.9126867058353103;393.70669332300355;0.41784731704095285;632.7790689102012;0.352436080548541;0.37367016467015374;4.561894727761874;32.130183182386396
30;2;2578.5350021343565;193.30775546771878;71.64402653182496;0.5310638062009922;0.99740353568311;8.311094012575422;1565.3566846983042;2243.852113902664;0.5659968206582038;572.5868149644358;0.45652397422943414;1370.6082335226706;0.49084412532196814;0.4282395564508887;4.6404292122378274;46.33459349852421
30;3;1630.6481580535283;181.34584618073146;78.91511989513451;0.5802742090280893;1.1375311034792097;7.982022361119047;995.7264476213163;1412.3406508760527;0.7017157009785147;600.8748333317831;0.4240211814904045;1131.6477583367237;0.3886482174842814;0.4960434630602132;7.664697939017389;26.104686015084265
30;4;2227.4106773474837;184.9152960601433;71.41155899854793;0.5963718162403134;0.9561141486817445;8.926971234073442;1462.9369782604786;1931.0553454616027;0.8133492794842706;664.6166319223842;0.4038599358470359;1007.6475965217509;0.43767101662913954;0.39917165947912236;4.919057433022559;32.57679238144608
30;5;1739.9613392444805;174.16814055190153;75.50972150191765;0.5951672230893515;0.7953431674442728;7.647465002328366;1223.6085145999346;1409.669817251115;0.8091578589191722;508.62130391888564;0.40509902613890836;774.6031917825467;0.39886093529431965;0.47064571281769557;6.6726663692954755;26.289852494625322
30;6;1863.2128021976384;132.71328171243468;79.53204925699443;0.5980411079756753;1.1212968812846182;8.048928447410345;1108.522370155208;1563.2959161405076;0.8643487252951866;473.8091866303045;0.4058827625822989;701.7519807709399;0.3430404530630177;0.4870566456417903;7.620571488209874;24.007513940750847
30;7;2433.2709635168717;189.00248169849252;78.44393508531498;0.5841524618311545;0.8026976780955473;8.479430015216689;1453.9122408261653;2044.4896395626054;0.7725517749965217;601.8436204012852;0.40021318272040857;1052.9258031890015;0.39061158530785767;0.4666657760369132;6.1946813375814305;25.71740446045629
30;8;2571.1194481353455;199.02222541354254;71.7760282785463;0.580384459854247;0.9018079659160843;8.830709703271316;1630.9028858069962;2208.4652176077357;0.8809708070573344;614.7022649230012;0.4284079148049734;1322.3177340170846;0.5196226106580955;0.4072117684088086;4.6603189667017;33.35296217595587
30;9;2439.7244612763534;180.8193710739179;77.50712790362704;0.5510692303366063;1.167820490604477;8.89247172106105;1437.0340835509903;2084.893036340727;0.7222705116998079;673.0701882065408;0.4501855621924673;1126.1025338698012;0.4365274862782797;0.43596732728250587;5.85037279069034;27.796135592380338
30;10;1578.1233151253787;180.8056034106273;69.53009736011735;0.5338484417224972;1.0013103927030573;8.756082381396485;1017.5992146347853;1289.2958088972068;0.693002306771379;465.5329295844386;0.4474189541363331;877.6451441288538;0.42249217083162643;0.37760175900593984;4.836218643423262;37.87144819184744
30;11;1401.5826124230705;107.6761242778719;72.69179428816496;0.5532317007894095;0.99653217845888;9.372139052400847;813.8197647349324;1193.2505271782177;1.058109214577489;503.02786681249523;0.4431192546491787;747.4934355248051;0.4314896616360272;0.3518278322530146;4.715094343406677;35.29792411406952
30;12;1272.2914998570614;97.25506101134931;71.35855504204618;0.5724677857779225;0.768354642083695;8.933723441971752;759.6224868245845;1068.9030237807565;0.9350084059068328;371.7199209765686;0.4311548445564399;696.8865918910789;0.3849621526689057;0.40885364079092507;4.846077437192392;29.53292733368979
30;13;1387.0582370530994;171.48133528547302;70.13400554559652;0.5769806586512899;0.9378919981983527;8.949867670055209;919.972112666314;1206.4297896882201;0.6665010820040674;460.9135668559868;0.4100071057269409;916.15547744974;0.40487139252785526;0.3587830896122942;4.706542726949519;41.46728023726008
31;1;1615.323229370911;110.8520073647205;82.72209075251634;0.5507896306504615;1.1998083608452428;8.28181858283776;877.4952766102111;1411.5389835456822;0.9636001971749105;503.6041648592487;0.46752175547532515;682.7790233023408;0.3184997935804916;0.4431215720997547;6.004015782513509;20.08803675096419
31;2;1876.3739740477258;157.64188135782888;79.63506040875508;0.5397238945523645;1.1492339125562392;9.049934623621654;1153.8210201797315;1601.598274939353;1.0476007967592529;684.5574911771183;0.46073108168341403;1086.0151153935901;0.4145967631319076;0.4483924390448722;4.949091388535999;23.338925383793143
31;3;2117.4840895880466;180.87812752301852;79.42992940512782;0.5596516796000109;0.9909876950136911;8.258317383710066;1430.9586700421146;1722.6685091509967;1.081753472359143;612.4725204626938;0.45050481650504304;896.2807805622666;0.3930505792538429;0.466785704478945;4.912130288627299;26.15075547105409
31;4;2125.716892055493;160.3061414191138;83.35048865280875;0.49064523902915286;1.4305089618434055;9.013028870211407;1039.4558625262516;1779.9033310170516;0.7396965147404461;935.0731826504428;0.514506846489031;900.0975905802298;0.37612472611294434;0.40068844535880643;4.466636898559268;23.15461049555837
31;5;2041.206614086384;132.43424792193048;80.82172694308996;0.5347033178223612;1.0208485040282518;8.85372838959189;1203.1537675384063;1811.5656332503856;0.9186344720751959;747.9198481080099;0.4753145953368523;866.0005594855872;0.37075730034779997;0.4474251126885101;5.0355906687692205;21.31198905618698
31;6;1923.8836043055985;170.491885211366;79.86682584773747;0.5908699923262005;1.1515281147959768;8.397530755111049;1344.0872233100185;1597.8460931593072;0.8927649673930886;1024.0546667211102;0.4165688753708989;1000.809908770347;0.3957060349594583;0.43251702671600384;5.26375949730801;23.830566277139692
31;7;1768.2503373559136;157.05734581949665;83.97743501048812;0.514386949310999;1.1963402844707673;8.924009479917444;918.2910336671854;1556.4519368983258;0.8386864381456981;502.5971884225276;0.5010006055150583;683.1283939086961;0.34304385356721134;0.4278654410580382;4.639812572673611;22.465342591501614
32;1;656.77815661865;56.60310792135439;76.08354305379645;0.554485253919717;0.8813592074268803;8.536433873800615;420.26358874911386;642.9095358163141;1.0729484544981267;273.55568870010745;0.4408895540647192;300.946614342573;0.27440941853601863;0.4327863252839145;4.982452524883194;25.357526893624094
32;2;1967.3339301869855;93.82182616928489;78.87930732416129;0.5235045501078026;0.9797169453484711;8.687576801509103;1130.741751191543;1760.1252527959568;1.182883706676253;549.2749325379917;0.47697467728226095;723.6869014571192;0.3840875436654102;0.44142790415700317;5.130778752379245;29.469602080996694
32;3;891.2319068387692;64.62957945921562;79.59645059735311;0.5585087611821824;0.8245409556184149;7.26386020491272;531.9388714115898;786.8803433015363;0.7322620002337987;346.67655980510966;0.4541760827334731;453.675199037279;0.2889975157703359;0.4552288944957943;8.566357904029363;23.80236931515251
32;4;520.3929311836248;55.38084641421669;82.60725664568496;0.5115751001435708;0.8895525906323463;8.285992828618662;318.4993087007554;491.66126544155804;0.8326251462656534;192.31697094840268;0.48790680129667413;286.3040114997348;0.23395956114709723;0.43400139891375294;5.188851989763518;23.996983556853998
32;5;1888.3509446442806;131.2594202737652;83.0952241624661;0.5182449468029866;0.9347462195042158;8.695831712127951;1006.14108900737;1622.5636196227974;0.8224828251302337;451.82737022164133;0.4820368056114397;683.9914778735242;0.3419279461075267;0.3816180191599788;4.826292508674707;25.585951722535828
32;6;743.4188818593829;62.37881995885928;79.72690103317082;0.5686939024492105;0.9032533792410529;7.723763824815972;411.91382188893607;669.4511384553906;0.9699730656305714;302.43424642370036;0.4382720473877436;339.65481760360285;0.2580391344562053;0.466706800929124;7.230474065818338;23.46835398909725
32;7;823.2233976936841;69.78777684370333;83.55749404101266;0.5319256258445556;0.927196829917544;8.468016770246882;474.6125225622828;715.7871517256619;0.9937241694647889;350.70895217927983;0.47392765778595736;413.813626810623;0.24145912357792298;0.426838229831515;4.90016384606068;21.95357635171596
33;1;992.0674055173166;64.34020791895396;83.5771434435514;0.5321866636872694;0.8327814366576666;8.858028386256906;552.8337173516778;881.8377310584324;0.6663862247018578;336.76596141802713;0.4734162469497802;373.98444722469134;0.2637054289424863;0.4665061726284806;6.0522575820314986;22.888526791267953
33;2;545.0333014268897;49.67109456316739;77.80933251765809;0.536798878850987;0.9150797046754469;9.283295464445954;359.9864913136323;513.5952854387366;1.141556151726856;192.04732700118447;0.46430032791037434;239.80427768220278;0.2872400434450231;0.4314204770004892;5.255323159623557;29.494646690117712
33;3;2209.2851566330933;162.22328292640609;80.67054529270268;0.502500074877376;1.232093019018187;9.113993041383855;1244.2276485577304;1845.9574405337323;1.2300626472636949;664.2821273097785;0.502302832589573;745.2699116836058;0.35910768582864205;0.416609819010493;4.833009248420053;27.223159964925475
33;4;453.72900245788355;48.60347454966501;83.04853727451959;0.4561767129349532;1.514496451780375;8.652998207820671;303.2780217950683;427.9495832523686;0.805657447893092;293.2980592155816;0.5330540467708894;173.34539114950738;0.25351913155113703;0.344431373960044;4.682781432975565;30.27351614146163
33;5;1367.1267135498035;124.48586494971757;79.84667428502131;0.5402561796556911;1.2525133358696814;8.833338174567059;760.956198910287;1091.769807369868;1.1625846201066905;630.5663537680379;0.44552300743786594;850.1828093120318;0.354803590238987;0.4385870127966031;4.984574897322419;26.518108003078655
33;6;569.1806770604405;50.45652600182137;83.0739148980243;0.4933254321402387;0.9941951640237087;9.064012086236119;375.6847916185902;514.8717487788607;0.7689582525532999;283.0347738968248;0.4890519105164139;257.74463203114465;0.25879872669297405;0.4379202111496677;5.281592178628632;25.25334521068926
34;1;591.9500038183662;49.0547419138704;79.39733241155547;0.5314152766610404;0.8631093797903537;8.625735873519288;422.91345208753523;591.7825688462079;1.021824084187284;216.8118288361273;0.46981171745156;253.7608112381288;0.2664730296497554;0.4538870109668939;5.107589398055989;26.8505063624419
34;2;2534.4270216753116;195.50982851472043;76.10681734699375;0.4609191565338645;1.3329142053755572;8.556648042355366;1544.5893164664833;2069.612427669842;0.9674698731173148;564.3243863865285;0.5419266679788587;990.2751383577479;0.4270057942940162;0.4434258371582947;5.114867363133887;29.49524837127685
34;3;1606.5721516593787;60.611331923688624;78.16591423386926;0.5387627996961498;0.83401352672599;7.975452380786402;1021.9101462960581;1438.6668759652146;1.0375646440191695;413.8771213254384;0.4618371868863451;591.6467240351535;0.30698491691908264;0.4364708879754151;5.230893371374882;29.99314661372538
34;4;2752.85979903849;203.20344684797917;74.38033402144839;0.4694552839062841;1.3681940435206215;7.6606447716615635;1604.1994661830288;2218.8510232053495;0.934838939784527;574.0428705761922;0.5339213775100108;1075.8110833636847;0.41719161665753035;0.4172292132237773;4.895206296032614;30.516374441803688
34;5;678.0768801030721;47.42221348265744;79.35235357518555;0.5223106547604793;0.7788572971677793;7.237996376493061;405.5308968695793;589.2708425119531;0.9222740223251636;226.24251165089527;0.4888653799123543;260.4050654594931;0.2519185274862693;0.4664391043847626;7.282863520849016;25.478140504593668
34;6;993.6078917022905;72.14049166543751;76.2590906590301;0.47751091632501025;1.0562739451761987;8.516775832351271;612.3878937618708;831.4585089819986;0.7929444341578;331.2603379893465;0.5140333145149623;456.5628750868744;0.3275068640401785;0.43489920665042414;5.0384334310082;25.308902618380806
34;7;791.7177806892247;57.079319015165176;81.87739891654648;0.535142820662024;0.7913042167247762;8.099267002042046;448.0699853922901;672.4324575132985;1.0068719229993066;323.13819101945944;0.4815424770301619;312.1575183651315;0.23222619376959105;0.4080671639958695;6.274148825204698;24.84048575697904
34;8;2065.2075886650896;218.49565442030493;77.15847219837971;0.5166157082624767;1.2273196757576785;7.55133760134544;1353.7873501908043;1613.3320607771034;0.9056791411937932;1056.9245081093325;0.4806712173669386;1143.6526003928275;0.4483187219279499;0.43031137833821753;5.276968527770252;28.802734946928503
34;9;2455.2575971887422;230.12469762779858;78.48968948328731;0.49122017352543806;1.2002727669131608;7.611974331092959;1578.2451710424377;2061.7429592235303;1.0171946267445904;570.1031521355501;0.5055373457116363;1022.9284148470745;0.4263294533998512;0.42784351802323717;5.3379044340110156;26.925423660288953
34;10;2866.080196313997;227.31863904145717;74.81139160062926;0.5115362738328922;1.259659237790069;8.505693308910544;1707.401381471023;2452.468482026449;0.7215472674967929;635.7733084214041;0.4862345492940072;1055.050906650384;0.5063902454161066;0.3998043674048035;4.953163906307;38.28700979899289
35;1;2509.4595906604636;162.28111697376485;78.72403326830793;0.5276239827264301;0.910605424486706;9.262040170618313;1529.183391782105;2210.7095394452062;1.4236340298364507;962.9941105432927;0.47340178831319046;1062.7794552086852;0.44097049137290256;0.45342547444808856;4.719316398162415;23.883623323928127
35;2;2485.0475375760316;157.7569338404915;82.83158124688151;0.5470368526798507;1.0738300647145578;9.052087328132677;1407.1320969106966;2107.197583772777;1.3123990970032284;917.0704961722441;0.44784578826303595;768.2611383634026;0.3696244751675941;0.4326438517625353;4.931805665046932;21.248806425261645
35;3;2771.1660190389007;182.36998792300687;76.82258341483178;0.49089241877374024;1.2881200362468193;8.93097757668051;1618.865810029741;2437.8226382144226;1.2641110328535283;1114.528778994263;0.5007302139527422;1123.366836727927;0.4777397108241031;0.4365467041210568;4.715343255554107;30.681785234438586
35;4;2564.3617717326865;161.20946584351273;78.73853455358092;0.5390746767062589;1.035934431880063;9.333532088957243;1393.3983487907506;2249.1376771460805;1.4554895745093623;949.4269009802258;0.4728559293407234;1099.461600626856;0.42629813547823603;0.4624035162224491;4.7449240481776584;24.60217482821062
35;5;1343.6683404928442;157.87100321408005;78.93762285373087;0.5347432047164022;0.9154067432194004;9.448928646889415;829.5122797707236;1214.604875519283;1.4305659780675002;805.5818946201084;0.4707838846523765;635.6290039643006;0.40700779349641114;0.4409631688605943;4.774157885618283;24.28573687593296
35;6;1866.6885184627588;178.93611043886816;77.96235492854215;0.518284038334142;1.166747035821582;9.259132660708872;1068.0753394130254;1552.6633665290835;1.3981336174816053;1095.6494841269262;0.47249226482950285;1108.1194000335408;0.4580576852896193;0.4240918122296219;4.82298241809298;30.851065284545406
35;7;2221.136744815545;179.59270077448707;79.65189312279122;0.5719793712869756;0.937294218473604;9.271934908159205;1492.89108544855;1939.3905478202591;1.3820780862055166;977.1805992639046;0.4370341883628211;1077.0508273385533;0.4452566421445163;0.41155497436898014;4.720312061915214;26.649486546306502
35;8;2762.5844194573037;195.08237073388602;77.7809826742845;0.5299153135359703;1.2648873516843782;9.21551843872414;1617.9424400584692;2459.3931214243366;1.34472372383229;1087.5214952359768;0.4727320906801539;1184.6038296056574;0.49972267586064795;0.4139778022719836;4.711144683894059;35.12484737841038
36;1;671.2008496244672;67.95506303827828;70.78468110658795;0.4487117313539737;1.398437985910186;8.126973365845062;419.9362647234333;609.4868168588898;0.7361638092846017;329.40463433970893;0.5472755427387952;265.75789575384283;0.3696856644455038;0.3884841766169322;4.465586088146347;36.31419621004209
36;2;823.1734294652739;106.13856636314456;74.19513167073411;0.5048605821120976;1.4081144980099807;8.944578349732478;490.0957005960543;667.7412974736319;0.6418491043188164;293.77376838869543;0.5000837268729089;269.4947340866245;0.3797467595239427;0.3695689802088008;5.432674851935783;33.11894558859991
36;3;538.5907972452783;68.16862814626745;74.5251621822526;0.5152566015148884;1.3778397627015795;8.747185383491397;338.8318555429219;425.8075196615719;0.6404185789648174;229.16300441026718;0.4814829251473165;170.41739427208154;0.3686590573622885;0.37155954955369475;5.114415139926834;30.873253950040233
36;4;648.3289816246092;76.77654213304973;67.43250773103645;0.488994519336883;1.4351285896384312;8.482618392147721;381.21960250632014;500.7657706805726;0.7328101027059065;295.968853762554;0.509702540099429;199.54970127357487;0.38180386522079535;0.3794498086605666;4.487617192015558;44.8621423305173
36;5;441.6347233859472;55.887424403091266;72.37237890402929;0.49642773496948756;1.3124961327125428;8.39313514451549;241.20498038020585;388.78340033205154;0.6670128595886425;183.81689019800524;0.504448556960871;189.5081032366623;0.37348059046868065;0.3788954259478319;4.935556682459073;38.32640890509796
36;6;806.3796871356666;85.1586081122074;73.20962231754326;0.46957067788120255;1.3990030678743837;8.927371631608096;455.2729169160848;652.6713588015659;0.6791348972558057;278.3238386902912;0.5259638354079582;250.02252612380704;0.38641258841129816;0.34060319673957046;4.685670829108662;39.455330802100036
36;7;733.87011386508;90.80674263146109;75.79779262357546;0.5214957492670076;1.3006585458096371;9.065898888860554;442.40280427270284;536.0133077277202;0.650454935746215;282.92221841423134;0.48524308487395273;229.91271559375724;0.3239872525424712;0.39320513509541277;7.58975115103936;33.700841659364684
36;8;421.6419912770367;39.856889106610886;71.98547386550982;0.5248019270202928;1.2584180268694816;8.459809926574126;226.88829524537314;358.0764233062099;0.6244542080318064;198.34054946703844;0.47023240097976443;152.11538102158897;0.3280620954652955;0.39832742234415747;5.109443893459739;32.3968936240506
36;9;483.28550125608257;45.116552402402995;73.55179395807721;0.5105842982948532;1.248414231859558;9.075227126198374;238.5218541123567;421.9787380550231;0.646296435264864;219.30919009735183;0.498514577503477;162.1003067095233;0.30209390366896277;0.3739065147195283;5.240563374704906;32.80208891810775
36;10;524.0767267191311;72.38411480801301;75.84487162445453;0.5029766295681927;1.3016081767499306;9.106679235195749;341.05268282694846;400.5480371864285;0.7145716757064026;226.62753347915597;0.5011912736495482;188.79867278915953;0.358558949738429;0.40423382835651006;6.255364910407541;33.68222452308908
36;11;370.9017172493114;41.4708192335132;74.35251261826012;0.49992938179578333;1.1933631843857138;9.074034992599195;188.40925096117036;286.9600393524283;0.7428248425104178;165.02088082784113;0.49825434913113414;159.71277368332068;0.32625035877331454;0.3766291426687491;5.514272974070991;30.91153352972798
36;12;563.4799124788101;65.48695185923881;72.2329668122984;0.5032234115413461;1.377854281225171;8.355482842522942;354.08906487076376;470.5985888930121;0.6371291063590938;233.6872551266919;0.5024242758203976;189.96256892536647;0.34739868743092417;0.4030114548672424;5.073467037407471;31.206220826948147
37;1;1209.9721546563405;76.32401629156018;76.02364784880058;0.533822405202105;0.7815376961525252;9.341374071248701;751.5682888573117;1039.4961778020327;1.0918847815343429;398.46933137052986;0.46282185299204365;674.3497489520646;0.3792824750033419;0.349165883103331;5.133019919815208;32.8169512749633
37;2;720.903468100789;51.238321637818245;79.78633616007542;0.5390530143587111;1.0646471857773643;8.566936326613801;424.5682271149774;646.4908045874282;1.1063311694507911;264.5993366166102;0.47150321682029284;272.11643517451694;0.2671475056622521;0.4154754875584065;4.930779102346798;21.322262585873823
37;3;881.1166981655717;76.93513686776154;82.7591204391695;0.5107237897148265;1.1355997592978893;8.58831177979803;483.83912560097866;825.7010063498606;0.8863679005196293;487.40912807082225;0.503206545398151;400.63720621528336;0.2597439496501411;0.3756513184010284;4.226710704688337;22.439136859952455
37;4;413.56172731938454;47.477782001621996;82.8580653230917;0.5116325922966282;1.0583108745472847;8.752382072789484;244.13973247164256;378.9211980938318;0.9847800963564203;205.532580314202;0.4805711859892171;151.7197917387148;0.22739119746500738;0.3375405541943014;4.589267076606112;22.92047000771324
37;5;2026.4214418528875;144.7709298061967;78.85265081230659;0.485814064264932;1.0658241216174948;8.539177753462706;1184.396073119555;1610.5011688106235;0.9107622622341623;589.1647501583117;0.5137110852329267;821.7059449224907;0.36927899021829946;0.40820752278827727;4.54436390621257;23.401179041729883
37;6;653.2080704398556;54.0848733995834;83.12225866607857;0.5340448647012798;0.9584348709254045;8.481528604512004;429.63235810464147;614.8687165020714;1.2204219474634437;276.77675810160923;0.46686384582674956;270.9688716234162;0.25647516494365974;0.3709452454513466;4.685339216481108;21.597751931261513
37;7;1707.7675115235695;140.9094636976782;79.16300832413408;0.48109589785673357;1.29951997126956;8.623575436551208;922.2209893988736;1378.060915110744;0.9318973688211575;920.3149460347853;0.5216954259785751;845.081700529308;0.3509746719387959;0.42261432385678105;5.343658267953232;22.937311935852062
37;8;854.5069367486357;67.24416536924659;79.28056580527883;0.44281117909925954;1.28904807290972;7.827312919490988;542.9675566899045;765.9275885263218;1.1793423162845216;469.28214143068055;0.5548211153839957;349.07780579583994;0.25606401300953824;0.42192061946900217;5.021238946761036;23.750453436040672
37;9;731.6312552179569;49.482509972993384;82.56323065349135;0.474589468586429;1.1234979628390513;8.711729989001025;466.36428786831783;685.7548035271814;0.9510854709436783;293.16483554736294;0.5326958820170282;399.86427254139795;0.27795394843846827;0.39365238440832095;4.519278857702301;28.089185465176456
37;10;2677.3187335931343;171.33909539033633;78.80963485177024;0.5195694259155447;1.3420378428443578;8.520843896634211;1591.7061151182245;2243.8783078466968;0.986772433612803;1162.1439367836779;0.47246390901079605;1013.5236385192043;0.39942954852933693;0.4282023995020623;4.900246055603729;24.267049530514573
38;1;2640.626946348543;197.54818579430014;78.81176430388524;0.5350965594377703;1.2974245658148624;8.582914965652915;1608.4005398380575;2220.001391888519;0.6756019346121444;769.2638244613647;0.46692719440336217;840.7955599212196;0.3953337329609527;0.4629014165467284;7.019977454628033;26.013747172474126
38;2;529.1540096841015;56.09439874973913;83.2288797796982;0.5232258366167418;0.8963586336330466;8.816218421320212;314.33582163741954;489.23140690165854;1.3136261053698575;184.33978259339472;0.4706757667979481;273.58710999385266;0.24806854229574452;0.37517319217576656;4.978207267949798;20.66182724031046
38;3;991.1104698375827;69.74584736594353;77.9943003076348;0.5585352524324592;0.9044934926741723;8.865400575635904;516.0616628385377;833.417152314632;1.2810042474874876;322.04048528667124;0.44563925071986504;407.63364030175575;0.29694074413645;0.3353738108126165;4.745129835859036;27.539486760532
38;4;404.9064221145675;39.589587600065485;77.07752634528973;0.562462566356589;0.9051711372773277;8.74880250945644;270.6755496876833;362.8366304025039;1.0865835739552347;163.59283553253985;0.42786188424721766;204.86079069389197;0.2858796848724278;0.36066731826167747;4.959081600438315;32.77170196766897
38;5;1702.7670276755682;192.67540383792945;79.07266665112287;0.4824548175774057;1.2823890287462147;8.770063458917218;973.953299745438;1519.5232552118423;1.2616636926156473;653.890139366362;0.5079302421832054;889.3835126823737;0.3656535885742933;0.4090335646395229;4.702317733757638;28.014828163896947
38;6;460.8798479133447;47.14207234153036;81.32253872863846;0.5301490703408228;0.9362532190998925;8.18608408638696;289.32083089693185;419.899256000044;1.26203630542838;205.78235727059587;0.4555241045666245;236.25248643320825;0.2382114264735561;0.4292292866995022;4.908971521316731;19.476519914190515
38;7;792.1880291102034;68.00639997403081;79.2117711236818;0.4686392317418363;1.0864216709677834;8.777267881032795;468.982887857175;696.1563733155754;1.2944742237634572;332.47103220872947;0.5247179601700752;425.0876421596855;0.30738319544817505;0.3692136722960151;4.750699240283285;21.885276998785034
38;8;819.4836836320742;62.62347636363272;80.88362030735507;0.5385660115408365;0.9460937364893531;8.039438493381237;450.3345144501944;710.3819275472291;1.3627215622875293;393.4840385246997;0.4728821531266905;308.6321207243168;0.3021753932382851;0.4414940649009816;4.755641858304591;20.15567148768256
38;9;940.324059678268;64.63233822853527;77.18433838767331;0.56241169549113;0.9099732411433763;8.941399658028619;468.6828939050805;830.9815741618987;1.2504890366018355;300.6893313997798;0.4332945845254816;321.5601897608097;0.3093134993152761;0.33619239075302104;4.662870171963316;32.11649228080438
39;1;1865.8253072507118;117.25417990029393;75.23731333396282;0.5172832574077604;1.1512507528918658;8.563055338781911;1153.9465484377342;1704.6662733713765;1.1943448729443564;509.2838384179637;0.477355561219267;796.5738102112497;0.4153718537435682;0.4184237578738992;4.79282176965747;32.033718190637146
39;2;477.9809855902422;47.10143156935717;77.5660098153012;0.5396000283334375;0.873647251341151;8.676142161833148;293.1834956982711;436.334788561419;1.1092704531349349;183.16814003124168;0.4575416959591888;230.88382468507842;0.2837774388916961;0.39087733102599154;4.796257447398071;29.13088584310218
39;3;2451.2917800504674;185.01204657070463;78.99877622213353;0.5300842507748399;1.3238257296720946;8.713962875175136;1619.1314187080975;2086.912564596574;1.254302438483818;1138.7933456959513;0.47172435401744567;948.9742944853228;0.4410531313385778;0.4733759434662334;4.832296351098601;27.794841879514824
39;4;1263.812929751251;91.41643060793739;77.18784874253839;0.516956415090331;0.8631074384492696;8.745040363123746;757.1750008062506;1080.2134115770752;1.2130277062946593;524.9461960308998;0.48406662934877787;546.2904174838862;0.36116013128656027;0.436343214211425;4.5985638133188305;27.095338957780157
39;5;424.5307708662147;36.69316216832716;79.31207873063371;0.5362237439892505;0.8864653885124051;7.809721505831385;259.01191928560297;359.24114752137575;0.8602070555074086;165.1800581043872;0.45912531093025366;196.47940229555948;0.24861699562573225;0.4241172455270112;5.217701637165382;32.3674714422861
39;6;572.4406631064645;50.711894963661074;79.01225866612292;0.5363351028327782;0.9390750029236647;8.755077614054393;357.3450836373772;522.975025757677;1.057077996348943;212.98522385324097;0.4697829825127714;281.85795736710077;0.30302847206381905;0.4457066229419958;4.605106157932908;27.52001919855742
39;7;2450.107454170015;189.68720392759002;78.49896143818086;0.5675744077486393;1.349121889136717;8.94483273450984;1453.5342226139446;2085.3847421457012;1.233711544640133;1148.339059119334;0.44790437670877814;1128.4158864622377;0.43633451901426185;0.49634183839566215;4.638518339426396;25.116446471715417
4;1;1500.453093409317;93.74352030570613;80.28743772627286;0.5871825834133644;0.8566962568791457;7.857579805376557;902.547303448376;1276.7183368230528;0.5540623737815399;391.9235565768868;0.4124300504595881;574.1705734618625;0.28610498191643435;0.5261516798974923;6.747637813933266;26.326015643921682
4;2;1780.2464970387105;178.24048915829428;75.71803742105216;0.6069879470043915;1.114716271403744;7.168338024953476;1189.5786601148748;1483.7693352856875;0.6861446478279617;652.6523503458881;0.3877501765098978;942.8481599684804;0.37201309948400835;0.5093458218064201;7.099237806920659;26.889221464825916
4;3;1947.9489468060272;186.3399487043125;77.21394191159398;0.6389742986969275;1.107819227117;7.18468385330926;1279.0635124339158;1578.6339006405992;0.7091737216064146;554.3658735729679;0.3582902631372258;858.4377927055543;0.3737588051233043;0.524459444001835;8.1827088141944;28.26582195441291
4;4;1735.1880598524638;174.78484105764738;79.05797804859209;0.6276512633660742;1.2486539163567574;7.328481477445372;1153.4142750634992;1462.8989351090431;0.6536899192558667;704.4174518612201;0.37254483680681055;854.254614154565;0.388103921639403;0.5132567652122277;7.4578365655633885;29.601345109532534
4;5;1257.7089320493637;140.44479399499164;78.60388853192386;0.6100219955982096;1.2137695926040808;7.60907145469751;775.766351849626;1134.0304326983805;0.6214295385937935;545.1195626685377;0.39169323444257786;629.3923391643817;0.29836359628214115;0.5166886026624034;7.850228858788247;27.65465241417066
4;6;1048.7881854562338;96.3320075935305;80.04740390501071;0.5488157404111231;1.2515092185542995;7.883496999272477;677.0982099753058;945.2455896685306;0.48795114779830934;517.4906032559968;0.45729732134201406;626.7278837639481;0.27944657661515815;0.5248309109552175;8.4103615939314;28.248424708552506
4;7;2044.1219627401258;193.00916470496924;67.82218927646616;0.5792943682585242;1.0150315740211948;7.4051123870856586;1296.4469879024336;1692.3179558898398;0.8575383864909234;1024.0212190332009;0.4177380535522817;889.386952443803;0.4060048560574658;0.46707198598024574;4.873928189559279;33.414678731051985
4;8;1939.5982074657886;94.87383127320159;79.83761237432708;0.5956129271752145;0.9195880582756824;7.591779869629769;1076.2215401445176;1750.4525848572323;0.5760135519683763;492.49642810750686;0.3887577933064511;588.9705146809489;0.316595148813714;0.5062165869926456;7.723377056554111;24.495080206702873
4;9;1442.78417074004;168.82034542989925;78.57793306969616;0.5986314240071483;1.1143475921784134;7.513792096285423;1044.7393319439198;1199.6113177988043;0.5746095866374332;689.3278603168242;0.4047442852272228;944.4390667715061;0.3869099979066835;0.5102690856503552;7.589524550209909;26.25394051137864
40;1;697.8078919473445;53.41669946294203;81.781664491825;0.5085795822560677;1.1379064796519431;8.479628392158507;369.1368214741166;556.0917775693198;0.5263358826600223;290.06070547979886;0.49035947436627225;291.6250348732625;0.2020247337154511;0.41533638668598755;6.054799150584883;25.90719218567847
40;2;1232.6611803062644;96.86796883369179;78.94048744888215;0.45623252081200166;1.2183727562892674;8.445186374630296;665.7250420144421;1005.5974685428628;0.6708713904336027;445.76463406061464;0.5274792147424278;576.2932934915491;0.317153295739763;0.41908505484252667;4.946372263863397;24.36966008623941
40;3;1921.003513846304;97.78411134780085;80.24114301600356;0.4574742841430257;1.4510280134539508;7.741719942702249;876.7412413985898;1526.9664073074239;0.5183329310315542;551.1769352426604;0.5300480198806148;542.7622044840269;0.30215069540303857;0.39006682123610276;5.1976450520657815;22.90289250036252
40;4;760.0326237181721;59.485309101290255;83.15145871330523;0.46007878960652243;1.2018633744537688;8.950278661420436;392.32556361029884;663.9483883787752;0.5837477076862022;330.02334950903276;0.5337182552145362;332.61302517248436;0.23107691707464678;0.3856409886885897;4.830495466028642;22.41975497935195
40;5;812.7892228618246;81.2667339034392;83.31366129822734;0.4624571666254381;1.329645104028458;8.49021244791545;442.45184902790504;693.167954027174;0.5269988172380383;412.1873663236099;0.5151119553182639;366.5934448630586;0.26821799625810056;0.36439668708877065;5.033520455238586;23.956465922737998
40;6;1836.8419757493548;94.79027060351055;80.54835633202084;0.47132163496443363;1.3415127731370446;8.598645836481538;872.9592159127269;1472.2900779700865;0.5624571395978726;522.2835608056771;0.5228262124782456;591.0415585011726;0.33187866492587387;0.4334473866651104;5.869108146384201;20.703128154639682
41;1;2469.339241710754;192.51515749714505;79.970628635462;0.5305527394390499;1.1631233698680772;7.955648944230469;1311.337860387428;2084.588223429889;0.7536185145488202;653.8185661256801;0.4680217507621067;792.5489970805959;0.3301948807310415;0.42798210934056535;4.716344639226619;31.67516749442175
41;2;2316.6315796973877;162.6242290341683;78.2609919824186;0.548514770200688;1.2663482610451957;8.04322467195208;1197.327652489951;2014.746387982732;0.9502146506617203;497.9462253680897;0.4453942908399507;752.723619892727;0.33291905506497893;0.40772501547828893;4.923685106349479;29.378522749342263
41;3;399.73881419655817;42.48295118198649;81.3304382941292;0.5450716269254188;1.0435456027805372;8.116958231761904;235.8228744220432;358.8551400224129;1.006188035559164;191.32993675817366;0.47306553979521027;212.64038256037696;0.2623128789877259;0.4611526824767423;5.277767494516179;23.985931386123845
41;4;1925.6244463832509;197.79990550744526;75.66756785677644;0.5390541754238816;0.9393409615529974;8.433137890577092;1189.2474281761504;1615.181105355217;0.9813112238077978;516.3096985300419;0.48771825329898133;802.4490022542786;0.364722645792588;0.408606393370259;4.404306693072937;31.650079824463006
41;5;1570.1194067767624;48.26359189224282;80.055996804396;0.525182393378667;1.0437326425430933;8.35336339456168;851.1227616603187;1428.2143821292725;1.0744467755053784;390.9791713644472;0.49082168350141736;471.7918143444683;0.31332845178591756;0.4220914870650903;4.746181881973404;27.939361155911858
41;6;1063.8279509498718;88.48541498827127;77.21151209646871;0.4853905056611575;1.0746683271575381;7.710434296975977;579.3213620344046;942.3894574128128;1.063324373250552;493.5273988159129;0.5299925954300169;661.5151575662459;0.31483266420383677;0.4127647794995352;4.39552479877319;30.232007635617787
42;1;329.37893399364873;36.89117275240452;84.15545511238228;0.5512261007576633;0.8915820900612547;9.14175671779878;211.56930559813551;289.5121300874847;1.2380168247653;153.80768935217003;0.46776407511786283;179.84909215061802;0.22224799426551445;0.36987565675059514;4.969175471334816;27.50260322236466
42;2;1474.0749249583562;69.95529606726497;83.18002631260804;0.5854810753163013;0.9785920420817656;8.692519497753496;788.4535948247122;1309.104360714971;1.28402137218035;423.03381149155393;0.43832366434967496;493.2889855007533;0.33232128071332956;0.40881698773429653;4.613738107529273;23.745579379465468
42;3;1003.3165085812657;69.32900062990292;80.49328468552254;0.5827440678335993;0.9262126021481729;9.21806842782738;605.4870143001532;850.0595841265541;1.3309478495418043;423.38939446843807;0.44330521324264816;428.7670624978099;0.3385649823410031;0.36869100718930925;4.48621249709812;24.127224629347808
42;4;1010.212950134179;148.8496530867088;78.91408227176477;0.47606886135385595;1.0731721017341158;9.026556514003444;678.5974020862869;945.7937589339525;1.2945753158743682;424.99043687093035;0.5311594969507906;759.4916536712055;0.31482929323962855;0.40959365100370726;4.546719184816484;29.964660845225495
42;5;1739.1082085586065;140.91750845661684;80.26839693310768;0.514008432058445;1.0921623189786793;8.94132508663887;845.345970704541;1534.7154038318693;1.2621227213719375;411.7434754587387;0.49175835789340816;691.277739995448;0.33303458910102995;0.3722654504686559;4.737828795225242;26.143306138928093
42;6;1353.2170235646126;145.13199453579057;81.59389102580083;0.5266179645280898;1.2151253274411766;9.22303689043794;733.0230713157391;1139.3797862025551;1.2951283469324446;480.4529105312955;0.4801597543514993;540.8292461605739;0.3527971302924609;0.3484644503417066;4.629981998117407;27.242426122545382
43;1;1187.294865009756;71.36570694006967;84.26404549469338;0.5600809507578525;0.8778991887754023;8.843529833299598;655.9638620432485;987.8415224232002;1.1995604525137245;395.39340778835634;0.4468389496410168;512.6075973167267;0.3186362859721653;0.3962400049318133;4.880977353469843;25.584728812650138
43;2;1265.2948610760427;71.36212108965526;84.72825501585493;0.5372497909768388;0.9435604748453007;8.739590341789159;758.1008493848707;1177.1640895435246;1.2533615399439528;422.3171425648924;0.4721245872140824;483.4759403883483;0.31873068383459996;0.36513731813702965;4.76662335415651;20.52559092403234
43;3;881.0431892079213;68.22238953102404;82.68785816999616;0.5388101292624932;0.9174909988764012;7.832014119207911;489.3970058394982;785.3837921476345;1.1250977188430413;311.793679629652;0.4641495530768215;307.0031070526034;0.30088159651479907;0.3798526933775749;5.023698494763479;23.897211013152642
43;4;1078.9110712988559;83.20448878361167;78.33230078167985;0.5659369179474745;0.9653458382295577;7.827777682870146;568.4667623571769;957.2063526010787;1.0633153659548655;345.48791686057814;0.43658975850784065;513.2529171246165;0.33837576224251026;0.37153013169428933;4.652098509300721;34.96978170256986
43;5;964.3029701981483;61.28732920062833;83.59569353681705;0.5955234586406327;0.8239075960810531;8.968556415874392;533.7521054245088;815.6834191209308;1.097314651323491;352.0640302571058;0.4162627021266088;319.940054666624;0.2883202665329389;0.40897783900788776;5.2635054618041535;23.311974479021245
43;6;899.524154580876;65.76138431198252;82.58978247631816;0.5948661195370244;0.8381774312527854;8.790160833765649;466.8023669735167;797.9534171039339;1.1760464650631064;349.30929603226485;0.41575618437320844;277.1498925046735;0.28315571384216776;0.4024168082469711;5.229332594598644;24.68160891706824
44;1;363.28499409555485;37.20786123788361;79.05284888904231;0.5307012596008286;0.9173347950036278;8.1968881354719;203.91985880551368;299.5453648197356;1.0428049556871515;155.7322215270531;0.45115436487112504;143.12690817355343;0.2442532530748214;0.37627380583994346;4.676509857355451;33.86064352169094
44;2;533.5350907283635;44.173929383578006;78.35244441526774;0.4870307744865159;1.1206782397508386;8.28889194285141;293.8061981002396;466.31924045701214;0.9971769225135755;269.92401203768355;0.505967093013298;202.08337974730384;0.30446875959871206;0.39108475158046974;4.35292563813074;40.14367010286264
44;3;781.7794510552891;50.23487029814848;78.63365697184658;0.5078521518337553;0.9124101947412062;8.304665946458408;477.08928334830125;701.3548198815422;1.0781168355808692;277.2901144374905;0.48694112845893317;392.7128502835216;0.314978819645761;0.37565013448498236;4.536254881206714;32.58959717955342
44;4;389.0243851447591;37.11862285034781;80.55678393561605;0.482157438885989;1.059573113961479;7.825405648286859;227.58837771139696;361.16362261792267;1.0016628213001006;177.52363567912104;0.5226295067265858;210.9598582620538;0.24688990415718362;0.3756472034008807;6.016625675353029;28.557902397841808
44;5;385.7288642771907;41.499844856228805;80.44829404265938;0.5485332284184401;0.9918381648648049;8.525565794608648;228.1895731751092;319.63997328158933;1.0573478183556384;187.05218072439249;0.44572821569815635;129.0019486206066;0.24359486308245945;0.4017811115427364;4.894406392263389;31.287484697308013
44;6;1808.807684310075;86.80009967891105;77.86535682852671;0.4524179510149031;1.1574565831662686;8.56981134049876;1000.5963323947836;1693.5649446159255;0.9682622459569988;502.67704822111847;0.5548346813128098;719.0565179331745;0.366792953736665;0.39624294043392716;4.514153484175028;39.74760410569587
45;1;775.1537341453733;63.69589443912233;81.16856334335723;0.4382373897155151;1.2371291538027338;9.108179986095898;527.2050831443232;715.1144586932809;0.9008058808175108;391.33926465964186;0.5675705478031813;421.9816108435568;0.3125404165291925;0.38796367828066863;5.581039695191164;31.957359687832632
45;2;499.5286672790751;42.31924836410365;84.1029697177534;0.4854909181995051;1.2320984260868184;9.266513921742321;301.2328489734864;478.6168645229497;0.9987690052933152;212.31828599976865;0.5197254287702348;190.59585686240393;0.28945518408001836;0.374051530683436;4.607167210269612;24.012275840363994
45;3;728.3406767884513;78.38932820555476;82.91085667775315;0.4760125404436904;1.2742075634786318;9.048265874202473;480.9435696170689;641.4232219176531;0.7549350999800245;352.3663809370119;0.5240164790610937;330.1283113751618;0.30021604738624647;0.409109636175304;4.404192250117536;24.123016413810163
45;4;865.5431264626559;79.787362645495;82.57254753540548;0.44380613624951065;1.3771644340516096;8.485757352618887;575.592983567652;756.2540552065047;0.8077534525923998;375.2109739006236;0.5577432460584134;437.3184268423864;0.3227556128869349;0.3935233742683838;6.567426341718125;31.524010365168127
45;5;780.9471909162298;48.19066580591162;83.49661999094104;0.5211874835317452;1.1778799676531375;8.741932077866014;425.15224979812024;661.1550580290863;0.7411887441937526;343.35555834514344;0.48709681926307924;402.31460734972393;0.2949829243212438;0.30971024855376844;4.428911460525203;25.4894725041511
45;6;354.52580087190984;37.92093727951471;83.16178319300688;0.4646659342084635;1.2200350795812689;8.935984602190523;184.7490323713268;299.82293500103;0.7381417071710812;146.1712305075377;0.5313448353060527;136.9377055432697;0.26573064188150125;0.3779607877082132;7.2995183437325935;28.96259702171134
46;1;1926.5210882356987;162.63997056168776;82.4612770931745;0.5964703313856099;1.0854781402250242;8.075013181631459;1144.0722068295681;1556.6964605361625;0.7347202279343061;876.074863931453;0.3997492026253927;632.7094137502164;0.35295334626343405;0.40143122635731665;5.067998502746445;24.577300620515793
46;2;1105.795617863115;89.40218839340922;84.6522169646099;0.5094501546607995;1.0999238804367641;8.374896000006956;625.1778240075438;1080.7679843512235;1.0267477928899633;794.1210196548983;0.47073740755674903;517.0162631497519;0.342501816595099;0.39502718549576626;4.537700145222328;23.070364904731573
46;3;389.8405552890846;42.53688019752367;83.73252447029287;0.5631101541883596;0.9814890458791194;7.947905593165565;235.39253379658294;331.22883147441166;0.943841906847079;165.71904339965982;0.44213934250838727;211.62817633299292;0.21317641960822212;0.4244679105767929;4.856807471627904;21.913201834404095
46;4;424.01054391313136;46.76329870048589;84.23552956757905;0.5386530990272367;0.8312296769271535;8.497659062046187;283.84938344052125;399.4494372636511;1.1344042348916643;167.74490031886194;0.46167431343234433;242.6814320388856;0.23364299688705017;0.41823408058940875;5.112282004242186;23.351664467447293
46;5;923.4998710485154;75.37800590676034;83.54367349940759;0.56622356506568;1.0723205238015734;8.782177802260044;529.0985631945799;844.5647130326397;1.0458228681736614;476.59244656143835;0.4424425812635736;381.6268453663622;0.33883980540572856;0.38181813836113443;4.524632132266606;25.27756492381168
46;6;1539.7925778036376;171.98770817971487;82.16505431797127;0.5452567732284961;1.3633280030579487;7.999103908804285;884.4873003190993;1367.9277793241295;1.1876801063975784;930.9339582309728;0.4640139357623936;882.8454893086227;0.3936840018024162;0.3959867036636936;4.401759592170692;27.315730950431345
47;1;1141.697865110219;185.697386173848;64.50361407979716;0.5081654592216575;1.3670942947345837;8.744179494435281;862.5106251038306;1023.4040002993918;0.7073297675516187;922.1620750348866;0.49767513996654456;395.40505995060624;0.4548032068218981;0.37548454757129535;4.659290985546985;53.865839978411906
47;2;701.0072357228444;105.91198913078352;71.69160169976996;0.48136273431237847;1.3781764116666482;8.892133995115115;460.46971226570577;537.6171383333823;0.887082846363848;370.32120247422677;0.5140044497426453;207.9534622187805;0.4101521466482758;0.3638742544774305;4.667757175039255;51.380191318087235
47;3;1226.5774140615986;169.59492260282983;63.56135882733483;0.5144202019259132;1.3668853810045123;8.897481347269961;863.3568714002591;1062.1437825246453;0.8087892246406088;989.0155139330819;0.4882934458415235;408.3517296376745;0.4751858479449864;0.3618669576538195;4.729239137495859;54.600124504783565
47;4;631.732967692548;66.98331454629911;72.76040590252308;0.47141956132379853;1.4034338895758192;8.62391021363265;328.47671914329834;564.8133159986794;0.9874939587599219;786.5055204757216;0.5306493837338604;190.10549371327826;0.34982088963320945;0.3933921747808716;4.489227945140342;48.45958263435955
47;5;867.692010793204;91.93749201344741;66.60109379457714;0.517569776255836;1.3151755020488374;8.61625921122842;430.24345643328996;725.6752005068239;0.9143363351084228;769.5359174736269;0.4733327502939608;198.14174567729876;0.364707625014042;0.36494265734560977;4.476594909560443;53.968244180337805
47;6;382.317337989613;41.0627577761806;75.86804059906434;0.5546713720822274;1.1064501267928926;8.490043260059334;212.3701368576125;307.5716111644647;0.9942458402480739;162.94528928833316;0.43686548611812115;128.65694485649522;0.30418604068304916;0.3790684763618328;4.8258985557665754;42.5632056575063
47;7;416.0839026801348;49.443443864277086;74.27485845378412;0.548594361464343;1.193302200244112;8.864768394955565;250.23007930069045;358.2448343542077;0.9980762092004757;262.6983902567363;0.44040998669916753;156.62491780303694;0.3581233201122086;0.3361808414612685;4.462448598911086;47.738545971067566
48;1;1040.315417796391;174.74625792521093;79.93955022013922;0.45813957780494013;1.3762316138305932;7.826512514582365;653.5733050339053;777.1859858212301;1.0467921042623154;499.9486062519516;0.5394494393890398;412.3350106204179;0.307435446867862;0.4204868703161743;5.120361418389133;21.506009079268257
48;2;882.689186938809;59.570190979771105;82.48420528937163;0.47483189458068636;0.962423171286996;9.408904123165463;447.75841937689927;721.4291130749946;1.134043013784851;346.4854303366343;0.5203401420217317;389.037460992907;0.30795776138303166;0.35562089615284415;4.7547476179399215;23.2367751744575
48;3;849.8874141163476;59.7562919210557;81.77812433750228;0.5083441468300289;0.9274307649855787;9.243307533961316;436.92778409660195;727.931731572685;1.1858396507302185;317.35310982435595;0.498508895358399;296.4977459503409;0.285755513762113;0.35726994864999645;4.713477680052245;23.06104925366297
48;4;566.2033160073051;48.7680917517052;83.87365845796528;0.5289710384349741;0.9907954450690062;9.221638050270915;341.58185420289226;508.09070740617955;1.2371001647476363;237.5851229904006;0.4765873591091703;231.97606197965717;0.2612846829940025;0.3778498694461934;4.854379213139834;21.34525571621235
48;5;401.4240013793164;39.4090221854435;83.78877297972834;0.5053644228987203;1.0351739259075206;9.538315660326857;213.17435377531928;309.79053097239046;1.1118199948412468;161.8487434327831;0.4960173246414037;133.81800145264947;0.20229779821119226;0.3665464794108901;4.459347158482088;23.551852799672346
48;6;398.79821361571464;44.466765644602646;84.29032879971125;0.5086223354891649;1.034933430042832;9.076412351534582;250.53770070964637;345.22687624464976;1.0808664148151876;204.43266079673091;0.5000102934483255;155.87825515240212;0.23275980407134444;0.36609325338853954;4.703307349028646;21.43219949659548
49;1;342.49133632794155;32.53418769402738;84.11741052612042;0.5363923694710487;0.9505831650611596;9.405654706508505;203.29936047805342;298.4962549197926;1.2431226190951534;127.53867798783506;0.457673689417773;129.6133685081585;0.2434567949775737;0.36136159154291553;4.889380156031893;21.905106191400947
49;2;463.69437538242556;37.80925814723382;83.25164264039182;0.46697848068588693;1.157565941007087;9.52515315329341;263.6268318117774;399.02910888129;1.2651402557157174;168.55298191988044;0.536785078088194;163.37513891861036;0.2977871151902121;0.3799922303932529;4.1895811746645455;21.425293295437292
49;3;447.3833513802082;38.15000070972985;82.25774920238543;0.47829507112824454;1.3641841736495166;9.963617371485187;249.98615139247124;394.985431067738;1.189543145044717;185.62761742128524;0.5243175179292069;158.28275230614176;0.26869560609447074;0.361564723874669;4.295985872652049;22.892770841058287
49;4;401.31665548743166;39.10224255116471;83.12571141279828;0.4967549983121476;0.9593318211300088;9.62099924016639;240.57975519870035;355.8699920102739;1.1970694019999677;152.11484127834308;0.5121054804908521;160.0493783356094;0.26307162000228596;0.3692758990185927;4.356041126723317;23.089076228940982
49;5;301.59212861675206;33.006040559549916;83.83570277269912;0.5216768402093538;1.0772129395533903;9.147039338165888;181.82707817147474;239.22834505540905;1.154890311303953;148.50176403689966;0.470308244538937;110.94318857211846;0.26105123667635954;0.35499328112510947;4.8275248522523535;23.662001467792667
49;6;317.3620557617634;38.22301952985413;83.1033959956301;0.5262521402965846;1.0107803730944256;9.148488841222061;172.42299323847578;259.08127372245633;1.2080741587313748;151.29990873970485;0.47418103590611965;105.32110854852044;0.2634288778508687;0.3549997776393331;4.8549485286228045;22.86716029886692
5;1;2515.352100696329;201.31207015885346;73.87629889254028;0.6117161724637502;1.0472059214198903;7.138367740493852;1588.625985881171;2147.920947912511;0.8407905685454274;723.1275645285133;0.386274474684675;1161.1296514913097;0.4791410490133307;0.4548883719588144;5.161067663022991;32.38682049031182
5;2;745.2335765868427;87.818038143382;80.62268625741268;0.5842707616289154;1.273659098148719;7.803677084485773;461.446522912088;666.2657083095581;0.6356448316622301;452.46352773590263;0.4089425806589748;367.0168365781098;0.2723685879797233;0.4895168275523338;7.499140466267061;28.718480257059973
5;3;1488.3789767020032;180.18549512484077;76.92934449423079;0.5607611451465798;1.0597030193111479;7.164242286170578;987.4157347149593;1316.5957687970558;0.8132671556926693;661.0122948719827;0.43931090458391553;1135.5966776732366;0.4358793396907488;0.45296619631459323;5.359062632490537;31.548380375532293
5;4;2524.7332682108918;201.55739123095233;78.06794525029004;0.5582423033270892;1.024085946404687;6.984568692159364;1536.5841224889734;2129.580331662871;0.6471011995937179;882.0318875908808;0.43230206095003565;1126.7974901623934;0.44785033242534744;0.4622665491831359;5.60506658435893;31.531894975520064
5;5;2738.786834589634;185.84489846556482;76.19204273768253;0.5613682379222052;1.1193681840736005;6.8381064345598395;1671.5368749260745;2275.6235742004583;0.7595930017205703;668.9200345985264;0.4402776827590939;1332.2726514083238;0.4663496860126798;0.44801305595633856;5.479199929611403;32.02167883723817
5;6;2141.0913140116795;181.15116972792407;80.2598815727709;0.5883405848216146;1.0947206861819374;7.4065555518732085;1508.8727447353385;1676.7690176989668;0.7080874882273801;1125.839364393248;0.4039233913117329;1084.9078888863496;0.40005003420384755;0.5047559706341557;8.312590582826584;29.877869235158837
5;7;2240.4129466935988;216.2541588880541;74.41277433650401;0.6356001943492268;0.9214904314554004;6.932176469613776;1574.6250326296167;1822.4970688817755;0.7591806094374801;713.6120946682121;0.37419824413662134;1219.7418471590208;0.5003648305931154;0.46251644720846663;5.256209885875444;32.633245447281645
5;8;2435.59778553504;201.49692214359118;78.41795630971951;0.5731291513288238;1.4940741507642903;7.176544525098176;1602.7264698988174;1976.580678917872;0.84566544894604;1144.7845184543867;0.4096592187727198;1351.9409192001197;0.4706484565954443;0.460571856760238;6.733006752488455;30.41623265102445
5;9;840.1897409084461;81.16331725185525;80.45756411717403;0.5610070391394245;0.9269477633798635;8.062980503317249;424.4963836917759;689.1232860794307;0.623260154654286;357.7396997685596;0.4304624652283397;427.76174075097157;0.25997174579062043;0.48265077848212556;7.361871017469169;29.289630058198885
5;10;2369.0400959670437;183.77032636567156;79.98940581618614;0.5585791037956005;1.097112090782226;7.655251064883864;1485.0162212247578;1925.1619194292307;0.6495977353541239;662.8207983293817;0.42463864811207364;1050.4866974299541;0.39346653072739374;0.4618018482842898;7.359175509942909;30.529938074783853
50;1;343.3828791813001;41.9148605970948;81.18952463987345;0.5020005926046506;1.146801094011825;7.619223141074928;202.71607942307938;291.4974213764145;0.5148813009335736;188.3455214630173;0.4978873014467553;142.5785435652114;0.23093475776198688;0.49383078395751506;6.979961706005457;26.456357568552498
50;2;368.45016587696114;36.28976630237801;78.7387710550697;0.5213414441924481;1.2307370006104514;7.5745847390283885;186.92193711534938;286.611692161581;0.6440875976177213;186.25641878893353;0.5008188845129709;119.59029378788084;0.24901365271570494;0.45424240275486505;8.045544746432471;31.07276956919077
50;3;606.6004184196016;54.35918938371097;80.47171836562957;0.5356338489307557;1.1284777200076166;7.855974218149304;363.4793975908921;578.5215007128857;0.6247873281091509;291.75407382765064;0.4799917542969546;206.2077767472433;0.2733446333256385;0.48115294470832637;7.945785000642231;27.476978531369994
50;4;1468.0854905600718;144.90202477663826;74.40273522435088;0.48513221413027763;1.3977137770569614;7.88319933182856;1039.0603353142699;1333.2065581643576;0.5267332447637278;1002.6780362966713;0.5186831958051421;818.4580198588866;0.43997854437370376;0.41612667028832107;4.815806189879063;45.03665594241469
50;5;369.586633434417;33.71609396694129;81.34453722345799;0.4913243239035052;1.3602283497207612;7.846260673317108;196.56891198853862;313.74751934892623;0.5432389541023841;183.64938626222963;0.4975970501459762;115.97954386644946;0.24233955715944788;0.4441713245979365;7.3046939565915885;25.033744816092096
50;6;879.6987063155314;66.04692098390633;77.24862738633999;0.44065576524710204;1.3069803754691243;7.2248420364985595;538.070164544494;827.7748222636068;0.639968838800718;834.8743148495023;0.5630120456716552;388.10202673663923;0.32115603528250036;0.419631902285753;4.83128510055251;34.687797432318035
51;1;1504.9987407543938;170.762411763968;79.25998070853511;0.48595198336555806;1.0857088637405412;9.180765337064967;941.8020681990799;1296.3753180460967;1.1783212787594275;535.1771359926829;0.5099475873706569;1048.2216085926939;0.40606577423168927;0.3884914416862209;4.528673794199607;30.919695726928452
51;2;2263.0236947319295;145.1744050131578;79.20082289676682;0.5461982118914318;0.786219030854591;9.17600245853613;1116.860917948564;1936.831787422553;1.2335584697732747;477.3662170941932;0.44728381322004895;706.8970026648835;0.3704808008171318;0.39589488512575116;4.684977370056169;27.889116497417767
51;3;1087.1515309156314;141.3808551958482;76.96581079281859;0.5290126671598102;0.9157721069197231;8.294193905675183;643.4176319529673;960.8736136518925;1.1155274048405752;388.9973608234856;0.46874272482279955;563.8123344171601;0.37470563292988357;0.4139090179993233;4.609564968269648;31.25048019071054
51;4;600.333217850841;48.43578303693442;82.52103198300215;0.5087284563338322;1.078751099865601;8.834211091876542;372.9261407514248;544.1722992727368;1.1244394222805332;269.0344674839732;0.4992684909772745;237.97691359419125;0.2571391797013067;0.4002536982234223;4.32072106132746;25.677127922468177
51;5;2037.895064323598;177.23919094185453;77.04847330121873;0.48229599327616723;1.3009816902596607;8.553482702657686;1325.4381551723325;1861.666895700415;1.1675680220516271;529.365036417791;0.523620181345163;810.3776377387584;0.4035696949853783;0.3765215843625226;4.350222494225768;29.44421895394213
52;1;353.3455434176507;34.19755191092311;82.13413815726302;0.5274661282389826;0.9593138531065394;9.616008950387593;206.69071107060364;280.17279746863716;1.140596917174709;149.72411172344087;0.4748345908004839;122.32210712719736;0.24560977729853328;0.29144947284772854;4.4805867641116865;26.148196573319616
52;2;751.9522467108599;69.59894560790265;84.9041125455271;0.509326240855461;0.9836996300609552;9.059835863455794;443.26278640280924;723.9639236564606;1.1629736621219147;367.18637797663456;0.4937507613630057;414.8056844125506;0.29924965463187064;0.3280109742157314;4.9847857313184525;22.5285967996731
52;3;379.2465242732585;49.50274690152408;85.23755192300867;0.5398769826492891;1.0093187822922596;9.185448384008287;249.81615681227143;364.46370030524326;1.170444428836216;182.18526643136164;0.46822436653832855;210.5779073114736;0.22407040862719757;0.47185430319225624;4.826606191409999;22.976524932485926
52;4;1906.417992720274;175.20428220317015;79.89749575583782;0.6002770126338507;1.0025885048191192;9.228124238347412;1188.7254699734572;1541.557920314272;1.0823598880519325;592.4040873274108;0.4101686098245157;781.2090092880024;0.4324713337335919;0.47039852430543155;5.043664850408005;27.484090889130556
52;5;660.7357648854636;57.98497563079393;83.74300239956371;0.5142620090025116;0.9870416204292787;9.730515731531456;374.7870832910628;577.2642785688392;1.0312227150917832;297.1894690983976;0.4758780888556041;258.62767865632645;0.2431751937252122;0.4079563068424784;4.68662955848303;21.880807499224797
52;6;816.078974893509;74.59097468201546;84.16423847514079;0.5174589049401529;1.0621401418510759;9.974410189833195;420.78066768427163;704.7873239642166;1.038291944284984;393.26753409438936;0.47646693388409006;325.3606956425088;0.2937473026535152;0.3633336310159539;4.6756186380262985;21.840155612976332
53;1;364.1070177710603;37.04253784897159;83.4706365093355;0.45833738093655163;1.247461988024932;9.986199282042868;227.88975214369776;321.7314520569495;1.1892223816093936;162.59730535189777;0.5426910199785085;136.01873031056738;0.27302042915840574;0.3748805291544832;4.318584190148213;21.63235964907384
53;2;362.61985071084274;36.953215897488874;83.87989117129104;0.5016241379170627;1.0689951093782475;10.00906586531946;226.2329715524525;323.8805789080754;1.250669193609637;165.811389392281;0.5051619577138091;124.22538963944027;0.24416181202103296;0.38557534987211634;5.257560672293172;19.778302526330535
53;3;378.2521704709329;38.229608564927965;83.20447011975597;0.5125237286191507;0.8710352652614752;10.126292039978923;243.06272669374343;357.9186046355678;1.250100892351029;168.81062143203926;0.4735841323532261;124.85551440928118;0.2735906251749936;0.35524418229771343;4.804028704648138;20.5880863305301
53;4;504.68585808866635;35.78132117635243;83.11374049737391;0.46734130916110955;1.2144685942137114;10.113081799514283;278.6110332160234;444.5882283005927;1.1934451961630592;219.04154651126117;0.5315569855818978;160.34733186704187;0.28485922142119674;0.35587346143575643;4.498921324100996;21.887385725852138
53;5;399.64291051460606;37.15502233729863;83.15600303446159;0.5173536211330511;1.1039336349397608;9.18242086487963;239.46431019924736;376.78021101451566;1.181875742066129;184.9830060439971;0.49360821865777893;150.32800117086853;0.25946361105396476;0.4235094924138224;5.323344631312658;22.309548036375812
53;6;1153.8193528042598;66.15372609160065;83.06177183550297;0.454612400194889;1.3197765194722284;10.053519240772067;725.92081353285;1170.628492137034;1.0551678415889314;426.25865066600306;0.565521844363342;450.355696408559;0.31884384154662837;0.424763423084803;4.425761367572952;23.937595934210172
54;1;431.11559573617865;41.29096160599172;84.63150238056369;0.5184565787452171;1.0405138477732485;9.80664452218641;284.3046023220082;403.40958114880027;1.2683709642734327;164.09811068713674;0.4907803411410384;226.1007944011312;0.2588723878482735;0.32739107186549177;4.814962673180176;22.455121205937985
54;2;665.0174078695111;52.375894499870356;83.46149033629878;0.5011751229553384;1.0471583482453855;10.38806468609427;366.2050261183473;577.4789696995998;1.2738124876623225;282.68370745895214;0.5042110171524983;257.5765357641527;0.2581983763619918;0.3545583804430686;4.892212861130227;22.38137607495964
54;3;2268.683192582606;116.2083814877299;82.87213612857266;0.45321843953491997;1.157532820226335;9.461000747537433;1108.5648722370124;1917.3628254562805;1.232601473150075;632.235278386958;0.5506109518446392;545.9065896179029;0.33943126826711145;0.3645692086288053;4.746898532498612;23.18895944481641
54;4;910.4365947052669;84.17587541376668;82.41290856905655;0.4799499724959509;1.2499302507996832;9.650587979205284;516.6358533456045;737.0996701167956;1.2653430365310967;464.88440615390755;0.5231832256359555;383.2978461418451;0.3109578574995961;0.3823412642808765;4.509547286977624;24.966040422986804
54;5;395.81234210369723;40.03160772219464;84.35286602493414;0.49349742982137135;0.9808760422993918;9.479647257094207;270.4405615585984;368.4741154540033;1.1586698864725018;151.83854594592992;0.515124321958781;225.94406205962474;0.24549940340937695;0.3654650405766959;4.707610745146109;23.746533700272952
55;1;736.5724659155537;83.08904383907176;81.42734774758986;0.5095669256168994;1.157254634342729;7.791173281083028;467.91266485059515;616.1008376266053;0.4595800252817825;359.88640351701383;0.48846959748746444;395.91168440034767;0.30010955369588577;0.48028379294412565;7.6335787833235464;25.534863690600684
55;2;1971.256734007253;161.489197135207;80.7421311863682;0.5159612748209663;1.1206205927073862;7.619772620457081;1083.1998410994252;1540.5767045163025;0.4374155490384019;551.2671781604872;0.4977506917738127;628.8658178864778;0.31078331501421225;0.43140729774895964;6.58988397942548;23.68520296095232
55;3;2698.1278487704176;176.614517088905;79.79710392469349;0.5253154554352091;1.2484719897278718;7.353851126947202;1675.2267692399744;2278.36817491696;0.4460783669671773;650.9959722985232;0.48984188366879144;1081.4203877572634;0.41494215759169895;0.4015186405218717;6.639017902194041;35.5983757219446
55;4;980.6323309320327;92.27431696325303;83.35893381613656;0.5014182600695449;1.2338735966421779;8.129256187729212;642.5565297125154;840.1408676194541;0.454150777580733;461.6061972436176;0.5018247449191077;554.9677315915457;0.30960183155266935;0.49811078763499467;6.879385129150079;27.481702305150385
55;5;2247.1900895747194;163.19199057504133;80.17889098680145;0.49767558015161406;1.2418592604213534;7.61950831243758;1329.4045090736422;1987.8129435174267;0.37943115722746595;591.7266948857246;0.49805258933628715;864.7719580070413;0.397061107847071;0.4367189590134881;6.996177291350963;26.18911641528578
55;6;2757.9768104972595;205.79505160854015;76.17038962738525;0.5184671497567408;1.3288780661432966;7.760073153879137;1749.5000093468852;2372.3150624738682;0.45952715712266373;686.4831611020194;0.48080988256595425;1180.5597189813907;0.4888946850581536;0.41292777272918607;5.201618133776763;39.57629847287693
56;1;311.6227307802232;40.7763204518128;83.2359525369828;0.5237693633466771;1.1656154415279518;10.015967300922563;180.12753315719107;256.10626476385454;0.8157835300030769;142.58052788967382;0.48440772901105184;157.600966668446;0.24964109257269945;0.4243320962352465;7.107319187664123;25.08900371774891
56;2;325.5396966708393;38.715628179728185;83.33921872328432;0.501473689489283;1.1111283179464764;9.875192124370036;179.9579431017179;271.91569560126305;0.8187738514412861;164.00376180404038;0.5063095131822576;159.0259257640285;0.24560344387099722;0.467617979229673;6.625977917955455;24.227562851692255
56;3;392.850481612303;39.59165317538886;83.59954522331736;0.4878297408721245;1.1729432830414581;10.042187995160315;202.99843249716014;338.14779411069117;0.8173867047067191;175.06964047930612;0.5128913468764619;146.76587876679554;0.25248292238424436;0.45569902140506185;6.11709276911913;24.657170921709415
56;4;624.4767557444269;69.04315461075542;80.93515928116209;0.45247205459030937;1.1864915514755925;9.706325245265294;406.2214439808365;564.0848678735221;0.9471041207007844;305.189881673808;0.5445222800317808;237.4392926294098;0.29735039729988183;0.43152780108155553;4.726570986162933;25.931525221435304
56;5;622.39934788421;54.36879947218304;81.93862837148153;0.4678289580455164;1.2238814215194946;9.26580344896587;327.6050213858733;515.6612181850976;0.8778215733906902;286.5587315727372;0.520764652107975;170.03550588123562;0.27831060743137453;0.4458525417947217;7.104311678665286;25.956722879139146
57;1;306.27761257463055;37.731896739181416;83.09806278644687;0.5218957291777819;1.0952236555006394;10.676114736255123;165.29972883897;258.243909586942;1.1001849689471936;145.14100804075736;0.49368896483180175;141.46345715433537;0.24648044696967464;0.3722238737947382;6.145644471926576;24.36487402117562
57;2;364.48934904202974;31.719929961159668;79.93038838310024;0.541327889372596;0.9440698927268952;10.70810885233252;187.47994653709256;301.9179538159727;1.1058546965015432;139.1668877654347;0.45998739563283336;165.2322061819674;0.26193239089858017;0.3528475011313003;4.451033051645059;32.610430806999986
57;3;359.9977095701782;37.71429932528888;79.32197775911722;0.5194841472188377;0.9653916878448355;10.432654907662284;209.5446240805995;298.5207515046992;1.1110287688122114;168.09534988018714;0.47877891236997067;135.96836282052536;0.2856190322945307;0.3320752642843886;4.494682389242143;32.317405298618375
57;4;439.2049854793999;39.53841453242265;77.96872198317027;0.4889263698073934;1.075523938699164;10.544587185666124;274.93293221079523;418.41857709950733;1.1397373541365194;216.5303395223781;0.5261103849294224;173.87635869174883;0.30285300380780306;0.3227581593129459;4.280063214142538;38.657223315757825
57;5;1020.113741609764;83.31027662118113;74.39132385441991;0.47767698577691126;1.336612372879507;9.971983741354666;554.7302907580786;854.5753742338543;1.1913747426412629;476.30536129572897;0.5239270286713652;359.23695903026123;0.36112263064182487;0.3138964012532111;4.526077421406839;50.372162445576606
58;1;1374.3295390606384;173.2097001184563;78.31598937466741;0.42126861887290235;1.3693392985259727;8.98930882302887;853.7423801364233;1074.4764674761902;0.8535015583616296;497.94282309626675;0.5860300844179591;630.6088308847652;0.34657320287696125;0.40066799839484274;4.603015178414115;38.3982912130516
58;2;406.03588896427516;43.52593870265555;82.7207985722713;0.5140137699928686;1.1185030024344362;7.923485117772067;244.1770489612092;358.8196632827138;0.7914891703129309;181.13448449937667;0.482046348385486;153.4167388154331;0.24478917439447173;0.5189544649501338;8.414972110765715;24.376899879919453
58;3;2618.2749870699154;158.29244154467278;65.18388889204456;0.4928942561921195;1.2839272108917061;8.893621439113103;1574.5879104046828;2272.6393188016777;0.8989746412797947;1109.964973486822;0.5078081772899905;1051.6705580532553;0.5029924106512172;0.3866971357115259;4.803738069169005;55.339631418104176
58;4;401.12320849515066;47.004574884815504;80.17406699283478;0.4679472350146538;1.3018963725780355;8.759827302829418;206.71742798937663;357.80526366517074;0.7200701325082531;200.68551235865405;0.5402582735094955;173.74170076498834;0.29179276937277665;0.39307139680860526;5.6962075934629555;27.377877651031582
58;5;336.1901522781464;35.48032074756934;83.25760639499414;0.4860361655190362;1.2195016799536222;9.032583420561567;195.44256639155122;300.5137250174249;0.8412800861990267;162.41900926052125;0.5030919868182263;140.1471343386387;0.25623957585801;0.4236970560205955;6.787255492401138;27.467867946989376
58;6;409.64533299899244;46.523158911377806;83.07623530822462;0.5266067320836598;1.032142010739543;7.902153569240268;244.24589462252683;360.94753430364983;0.7483366293866086;173.77281751323298;0.46789725889975403;155.97095537386096;0.25382306552318035;0.4752501975735827;7.597921663764461;26.103014529916077
59;1;403.45047331807973;40.86879738745909;81.38833662052579;0.5474865335624306;0.886784321667179;10.47213892292515;223.80052640473681;323.0260724731763;1.2900641933448058;181.12351361359845;0.4549930348927328;133.3952181104699;0.23209072661612595;0.35294999754327483;4.538208078288865;27.279366741646008
59;2;1443.91564054988;63.667066031560935;81.62941760583215;0.4869425602195287;1.1639296052350403;9.806585144002408;766.7957422028933;1346.17472947287;1.3538481568627707;465.83793856569594;0.5107674131448242;353.3087761254859;0.30473283133828216;0.34911187723795145;4.621866130785164;29.885807047358558
59;3;743.6708891356241;46.71109119942187;80.86830500667381;0.4900530165829485;1.01773857087441;9.843614036611434;446.6392889808885;666.7662499175132;1.3475873751216425;346.4870972505234;0.5132860444452448;353.50180977184885;0.27387897190619087;0.3407272797640004;4.273084373389767;28.65864286787673
59;4;737.8675008913327;76.21134341985795;75.40952416941727;0.46853158787665833;1.31056777221362;9.931553877766278;432.48115888251016;663.5078021732608;1.251532541162798;710.7061174355366;0.5285491056344221;356.53569335617425;0.29593358964542027;0.3387977557285911;4.306760321622197;44.12341458207177
59;5;604.9021306335043;46.26881872480454;76.05089857474549;0.5236759573158299;1.170699872072454;9.726511401924824;350.2715930325097;536.7176399418582;1.2712494172905147;304.7278331839751;0.4810994891091696;202.15296125884188;0.3074937896727861;0.344294947835762;4.205302935883194;42.05312704038777
6;1;941.558129206569;89.0526733574469;79.77039289372021;0.4919589285081177;1.3712481723488523;8.61015678139977;661.2424767026212;758.4577223769711;0.5895431478054668;417.93556038103145;0.5145550355090651;435.7824326706999;0.31226157302311885;0.4995704583252678;6.692402945052926;26.330363621477055
6;2;346.25647182789;41.866935101439466;79.9630599657337;0.4966024019783565;1.2644133957319126;9.189267304622184;218.6418724662417;332.4392578184595;0.6062501772311428;198.3937448215689;0.4983164983786172;136.03679505631334;0.23363058317766025;0.4540276824320238;5.811048205339553;28.871342111614634
6;3;309.5615618964676;34.67914735273964;79.71840270216519;0.5398840531063251;1.1829106203858357;8.168992869354216;178.94401132291725;272.6672667139272;0.9899489282636925;157.7513406570951;0.46805654282140496;132.9032172127761;0.17988941895938423;0.5239643362414043;8.34281567807967;23.439978251614455
6;4;581.6224484966074;49.29794522040737;79.65873998732985;0.48241846478114075;1.3101776109601084;8.724356609968972;317.23345828654686;517.7170855281796;0.589891370654144;270.0405478562108;0.5227041254333178;199.3761681609551;0.24247072592361046;0.48981255485645625;6.4059048972757715;25.148620413296452
6;5;473.03007664036323;39.944098552646416;79.63047832510998;0.508946679830433;1.217798548445748;8.765105431952184;242.82219971731394;380.1041489593476;0.6776931999713738;209.48738599471372;0.4962956568488994;222.96814460626032;0.21057697617988747;0.5035765479195515;6.907017852364423;25.69563116251809
6;6;690.0161291184926;72.83768923579721;78.93138581350011;0.4753251838840902;1.3964329476622406;8.055298568500115;424.21551764076116;537.3137139535659;1.0096856514845838;323.52983564658575;0.5217353637789967;236.8046167912591;0.24656407850115467;0.513330507026813;7.373840298115315;26.829677158966792
60;1;409.4137479755012;39.67116072395362;83.65660788429959;0.5508425334322888;0.8484727578149315;9.081543495869763;254.02454511964112;364.1278579790279;1.1109206825621387;169.2632976791884;0.46262283877169513;194.24967925259992;0.238571127102051;0.4833837643315897;6.025640367297637;23.172740776474175
60;2;2016.737067730502;168.8890380678614;82.81632537447305;0.550809943962236;0.9000302117616572;9.249880946465854;1175.9409686494391;1679.2049187215732;1.1435799286524921;448.53153107481825;0.44228825956878254;701.0465104790956;0.3267672395131484;0.42205849412764906;5.513184648146562;22.95439875366801
60;3;1672.8430474795384;88.42352868980971;82.73891695109732;0.43904307848848056;1.2350808456135733;9.191629054181876;1043.8280223555525;1465.5264372494055;1.1237592876470446;473.577671319496;0.5772637477555326;616.3420603521934;0.3496948426959996;0.3693968764235136;4.520034809945521;23.748353833043986
60;4;403.32540766565376;38.001721861495916;83.75788154066153;0.5541863829141831;0.9943569556181194;9.06951046507168;240.76493439562066;356.120075405534;1.1298841879863075;166.63138736917665;0.45762666081169256;142.63510667238998;0.24086561216546104;0.38018467000605566;4.9010123473401865;22.22576243007761
60;5;589.7055028926584;46.56872521995801;83.25987054503183;0.4888677078782501;1.0347332962091225;9.969347872921004;374.5579814557234;555.2100995983459;1.155120082225155;299.02557621786286;0.5402548497918795;243.94390195952172;0.2960661281567;0.35671978599202037;4.231647395525827;24.969940460210704
60;6;2514.029815375265;170.33216704616615;79.84586928470526;0.4998546069552171;1.0309401957623539;9.565695051387543;1249.5040045915991;2161.399559649263;1.125131709927765;497.7297206459344;0.5205232707567898;707.651409343745;0.3532912908454815;0.3661937140823335;4.232226992705272;32.97776612426668
61;1;2118.4145070768186;136.26061249279576;80.54680674286122;0.5749307249199765;1.4989279185616122;7.9644811423978945;935.4871303925503;1812.1156819150397;0.4691923156422195;787.360367947164;0.42126374881782197;645.3164412441645;0.29403089097191076;0.47675673228220417;7.149971261566;23.10521366171026
61;2;2149.5560684735096;157.41884930518603;80.47827255248694;0.561551853180221;1.4400531085793444;7.750315978829134;1274.3996292425568;1802.0850393623446;0.3735358155023027;1064.3104939869802;0.4395797481909602;910.5640462296375;0.3526456246928311;0.4843706381066308;6.026718684312323;27.20878093423632
61;3;727.206954459047;70.79053139269229;81.37312971690702;0.5722627799893658;1.172542883968712;7.95489200905234;424.75877504940195;670.8184957795437;0.4177855041210834;376.8027688270026;0.4313651947125497;351.3854809557693;0.24517494448243238;0.47080349456042897;5.392706893758814;23.481781656835167
61;4;2373.6396967326627;171.92377457611371;80.05836471817673;0.6170759125494244;0.8454302224558444;7.221786303242944;1439.5539450270296;1924.7303311176217;0.3935442171269709;641.0139305626178;0.3720489272822243;913.3245391229069;0.3535367060628073;0.48203914559895755;5.914921413885085;29.07154910906389
61;5;1317.7300143521495;142.84730251365352;80.5391737138747;0.5797034729685704;1.372383608668658;7.7924118424575015;663.411469512356;1078.1118936547289;0.3978057087430045;865.6973753353602;0.42115323889759504;571.4978797908323;0.2980746794093048;0.5040470393113136;6.206309922038109;23.339375892108514
61;6;2240.3386713554255;150.9008281511017;80.61795353417362;0.6042556218501758;1.3719130154528796;7.73592266340543;1195.7788443842805;1907.3911769954875;0.4110219735404631;1003.7883077293543;0.38143699861249664;874.7838826896157;0.3496174069838681;0.479997127343907;6.829697864349357;28.47323110153669
62;1;729.2689226218966;66.94094706379843;81.77323007909659;0.5090091871243353;1.2306669245723578;7.933994257844493;453.5173618194542;647.9870234217885;0.9987425198289938;395.12034826429044;0.4849590580694499;314.2329691316771;0.28164218066152463;0.42392163980720277;4.720865318674253;23.727145993708533
62;2;420.1542716915394;44.24271811297957;83.87978587882604;0.5567407546244941;1.023908434793902;8.907506441453586;305.5026123316011;377.5674464606756;1.1748906155547598;183.53455594543183;0.45500879238939823;174.20766393415374;0.21794736622094216;0.41242504292954124;5.093686933132766;23.49543511063478
62;3;368.7708083545918;41.22284516925993;83.81506245027208;0.5719120619621707;1.0184898776084295;8.120090593914593;213.0821878113563;296.62146732630384;0.9131037542994123;164.77924992263348;0.4401042366703578;172.5253395045139;0.22619380356156213;0.4436335111098246;5.122713960753641;23.157605004188632
62;4;722.9822271742595;48.71862747198725;81.33512308539738;0.5344664279524506;1.227987724137281;7.957467382836804;448.30145438401996;689.3965491554513;1.1108848839371661;338.3570706001824;0.4774782971196673;257.26227565321307;0.2814522614473521;0.46715813936691425;5.082570595166879;26.156365258732748
62;5;579.685271603502;46.588536446631004;83.64125745881384;0.5073978157567103;1.130354921938064;7.7918151575255346;407.5606551002685;547.821203446996;1.1356024929442468;306.65456851331743;0.501018565815013;196.5092115592671;0.2557518068001887;0.4247254195341488;4.622568279949831;24.213838111819545
62;6;852.9664115641;64.68148061991397;84.58137327912074;0.5349634309259469;1.214970773593933;8.19454251902658;434.8778098341103;742.753943896877;1.1205200894193346;401.4526755031016;0.4676105509681524;371.81200514616364;0.28018748447583897;0.41752430200044954;4.735229602265888;22.46384935115697
63;1;2671.95606128766;168.98212835583482;76.24682526611448;0.5179379027083271;1.3117060754254537;9.26480943325955;1605.8321733010523;2249.664768719238;0.6832017613773895;690.122227685998;0.48030464823609637;918.7056776276759;0.4481655192571275;0.39708143043333827;5.875497945328928;36.40315523175839
63;2;637.3122516040663;68.98875438074285;81.33458606160593;0.5146425655562791;1.278952774190973;8.352917887158457;405.07992369782244;547.4751850913696;0.6625689228340992;334.85520033710657;0.4818979728119572;207.25586879129753;0.31004898636457306;0.48591360647182263;7.4710432208799284;21.689000899418428
63;3;386.8540483665579;38.884038560339846;82.98860148430268;0.490217210940028;1.3318753885461225;9.130515174457612;217.54853722586606;347.01923399231316;0.7954189771978739;211.59523817818246;0.5097787490414084;134.17585634313394;0.24682158683051816;0.45786842126359034;6.737031106470885;23.96547950469978
63;4;541.1496951813792;53.78575326327388;79.96664179824988;0.5235240216599467;1.3643741264729687;9.006773571553941;309.69671775876884;479.51637940297303;0.7245639864172353;271.7266445791508;0.4757191886189858;151.0752094337166;0.2640290939068817;0.472270308592783;7.445578295358945;24.49972133567389
63;5;595.9532108217205;59.29572533280865;80.45303287984902;0.511824404899566;1.2339285138581555;9.335725282053474;344.40785536895027;544.1452716265269;0.6102243028490765;317.93760621913594;0.4830727194153678;257.1502722577881;0.275168483509186;0.4483130204749272;6.914432519118334;23.718023251264825
63;6;397.94504533363545;39.27812097650532;80.0985218247498;0.5287367727692212;1.112979461864921;7.9390366971160455;192.4689554031763;324.69228003975127;0.6801702909728561;173.44902883168237;0.4742029660140321;127.49389964562903;0.24136932620028284;0.520197654702341;7.789724705836383;22.491785985902208
64;1;2775.395635958064;203.83427364607581;78.22441979683943;0.5658610541216292;1.4536401643965078;7.486005981534536;1677.8785542804121;2273.1490978528805;0.6971062477862842;720.1680949683897;0.45219188761176154;1253.808612225711;0.45015178207793455;0.4761303112034402;6.751945930504673;30.80912124628578
64;2;2463.604842597827;169.29897976214673;79.81423718345624;0.5649277479794972;1.2535688931336633;7.653680787245495;1446.4225863208546;2071.5662795330827;1.0165949849433407;595.5947948074128;0.4295021318208972;767.3766756330563;0.34807180275737515;0.5096438025707939;8.58952856971186;22.42078230575029
64;3;2031.2596201070367;178.081834624195;79.6030087682162;0.4258217009668685;1.2972473436592589;9.539107441729868;1142.5781524611057;1642.2063790885115;1.0161373603277204;551.4364658153182;0.5754442405323998;688.2549230233604;0.35618030085320224;0.4478600698819002;4.864191181844792;23.75459311274839
64;4;2743.5732131814416;230.53988916557125;79.42056604143035;0.49024832673692137;1.2230441414610895;7.881767723638007;1589.6939769535334;2305.6413816339177;0.7421799537039626;590.2176680895569;0.5039220022880923;968.4654267429818;0.42282721909557497;0.45632346970637483;5.8249528577757905;28.408720785289425
64;5;2575.0573642465183;208.59927804776464;78.84122790280949;0.5843160012505181;1.506490741298659;7.630470726205529;1543.528374078913;2147.3968264696364;0.6868890927740935;731.0408270388612;0.42767149719599346;1053.1190432953058;0.4552602346723571;0.48261430661166776;6.706364888118506;36.14730495453328
64;6;2493.797112802961;186.49778624322462;79.92815450057775;0.4825955191037013;1.355831975409449;8.040103847381953;1383.0078774884578;2037.9060378317733;0.803128401558282;560.9368460925402;0.5166683476941311;698.0616371961956;0.3453856632896388;0.46269842869856986;6.278128332663998;22.546534590173952
65;1;791.6541378292026;59.28714749239443;81.76873978811987;0.5450794325860151;0.8865891044372859;7.744811732883932;429.4131958128907;691.4572567196296;0.4672419096703847;288.6902440884822;0.4415789008355093;298.7495426311727;0.23575761465188827;0.4925815705892395;8.371682076185907;22.779326405401953
65;2;2299.4459034592014;172.12530771997882;80.45584607244618;0.5889373452100028;0.9583180703703632;8.306112314221092;1247.5407154449035;1917.8492968497076;0.4272885697439394;843.4855093877145;0.4093416347558611;721.808816359411;0.35485911647320406;0.45697973650194046;7.0853579020772;25.537141364498552
65;3;2237.5526879402405;183.80366370234154;76.47005330799557;0.5145306276496747;1.1555660263346221;8.062047293078962;1423.0153828135133;1838.168370080795;0.5121928239156034;763.7825506693096;0.4753786323232327;1052.1302782714774;0.405202725910518;0.40614946186886086;5.764956557413507;31.471228347914835
65;4;786.779320857553;65.58268323273086;81.00906742856277;0.5123455837682664;0.9847994922920047;9.293958048312101;419.2178629126849;649.455773669868;0.4354861738071474;383.94480873384816;0.48827200149841615;391.40531048979545;0.2586245690156909;0.4983346816467737;7.195028946745871;21.499491786707992
65;5;971.627864850131;87.32989369703408;82.23040175136671;0.549861413246435;1.117774085958199;7.746970029525172;580.6322718909237;874.6372181492345;0.3676786186644317;388.36323440572056;0.4526646157710627;394.82354118399934;0.29465838930239896;0.45632969633897047;6.286788638277054;25.398865917182306
65;6;1793.4811938317755;139.1686080125197;77.84704830564155;0.5303139972512989;1.1012513222315283;7.187741190355435;964.4770269755046;1384.2045157994537;0.3911698164083639;592.3323895450802;0.44912723472541566;733.6715924290497;0.36657742923593567;0.461732410643257;7.2169797932295285;25.993134194824943
66;1;778.3299161871693;51.95484055449069;78.64077183552469;0.54661747845815;0.9487603224561362;7.522007584797334;442.4952646607676;652.9731566664742;0.4069836114545448;335.8891912429415;0.4654728707156109;364.6897425532828;0.30346777238021616;0.48526559354269644;7.655498834111963;42.62821044314891
66;2;2105.8148071057913;132.91282454869707;80.34045736780267;0.5696487227233988;1.0051252266174173;7.178379980914427;1002.2694112131941;1831.275426283495;0.31571232219026923;469.0895645875402;0.43318888775124814;665.5163873756617;0.2993581404256409;0.42706701838876754;6.6337449713352505;36.6379229099344
66;3;1708.446850329154;105.712737284984;80.13287797477096;0.5548483966960773;1.1767881430807456;7.647501469677184;888.6911036877397;1532.8384980243354;0.45352728690061883;539.2579718688952;0.4344916466230276;524.7950013986014;0.28582104651719875;0.43898794217157877;6.092276680916174;38.09609015391094
66;4;1920.0819872670652;151.91248237478902;79.03240012858043;0.5073103889238578;1.3889520875928354;7.128604429915437;929.5371964713423;1559.6986965743956;0.2669949215166029;627.5393987130243;0.4908896042736567;719.320883996794;0.3198120978482983;0.4538702454118622;6.5242222170400455;41.31844943922592
66;5;2273.5949009000556;176.71593743248457;79.04739422043949;0.5797950555468813;1.4000535211400043;7.0192312975746685;1230.383379854561;1825.834199312704;0.407306139931151;839.3725510718253;0.4259651767315201;1125.405513699736;0.38972771099755954;0.47107270777411836;6.4750612935520655;36.794122488805414
66;6;1298.8831239352276;79.60871945521572;80.70876065557509;0.570985756606461;1.0930992888911637;7.883779511779275;820.0570332148513;1174.5860803079463;0.5941073669167739;486.9050659901767;0.4424175707447295;478.3646586708976;0.29594382473197045;0.47547815192773507;7.982711322484155;32.42123642436647
67;1;714.8036381213427;54.07995144045701;80.29925057665442;0.5353884779471054;1.244544829736636;8.397835394553478;458.1586057040461;672.1795034331252;0.2957924258501496;344.931157157587;0.46262082361743095;351.1759343464561;0.2502172371310029;0.47618153899213217;8.290519848018238;22.073959334377058
67;2;428.83014237584194;44.6770948343783;77.55666126574577;0.5790294925637686;0.8211608413840789;8.826089379764783;309.9806002381052;429.05016841705174;0.6191094876775568;177.49350724910755;0.4185476367768847;228.11695442358203;0.25825256957284515;0.49902900321545035;7.651294233229731;31.553224655173175
67;3;1300.3709059154735;190.08395060549378;79.24502768528671;0.5102750516384739;1.3753415987357476;8.40869425863208;755.832692560387;1011.7004068334616;0.29277813513360523;523.1740780807529;0.4817798714707425;551.4088251279519;0.3276557824696434;0.4342497109027693;7.732382704219661;29.15737378126832
67;4;1979.1932225538396;78.5413260793382;81.18445249597767;0.5230409613618768;1.4858351801811358;8.705882479469835;1045.995700158118;1726.9317715816182;0.3716778888753638;504.729620111823;0.4814074896220329;621.2527492903275;0.3031987641749816;0.4682112156385289;6.7805526920612635;26.449283576084966
67;5;436.0336382743606;51.73859428475288;83.03627986183136;0.5564829538712072;0.9400806058855221;7.926577268185626;258.9802932814322;364.2097294638515;0.3535933016155068;184.9140338729069;0.44029356906057215;181.84396523302428;0.2380382891601807;0.44743587783965955;7.049847633430846;23.78558820285989
67;6;653.2240954833072;48.91858018121282;80.14581296256914;0.5283680105982945;1.0002901736824044;8.42535272305806;403.21113978204744;557.9435675948778;0.3203820077057294;272.4494379491182;0.46334002976958355;301.8450500925191;0.2589253286817823;0.4512997841381106;8.044250174058755;22.308490318697213
68;1;611.6940717919207;57.12588613870096;81.45023950786116;0.547849694096842;1.0510400296943219;8.320015766746007;321.97008951724956;511.9184590497546;0.45002906972352064;435.06732591821054;0.4448579398475627;276.18409158028373;0.20775955511291563;0.5075068704298316;7.491785073723602;22.710920243044516
68;2;1299.7505652061843;162.4146184852248;78.15709947748941;0.5443679161446972;1.1033681481811477;8.308230676402536;732.8135440380985;1096.144837280218;0.38887529739294074;579.1812934853264;0.45170168169916947;573.6962856158872;0.3378755575801546;0.4742325664424474;7.879959895675745;27.451373182207757
68;3;1413.1806438297908;65.77721222034124;80.35008541265584;0.5855104245987736;0.7945621378820571;8.469350416784456;872.6980214996859;1292.6897833103853;0.33995610506227764;449.2552631479552;0.4234041855918598;513.4834231866255;0.29084725395832917;0.49005884016713885;8.09806152202436;22.82879414336122
68;4;1005.4804694052079;73.67010724047104;77.97590691851883;0.5492126325518345;0.9177449031651008;7.585482338182092;564.2391821620107;823.1860323115586;0.39583070429861517;367.0218339912053;0.44686228251635834;421.47165198250974;0.3221185865954388;0.4564664163740479;7.841589228253914;25.413518689226468
68;5;1966.7588041444378;193.95387380601292;76.52751673018835;0.5624174662019561;1.1269218977721134;7.5257797516135785;1127.0737815646364;1651.9631639284444;0.32494416743238363;592.9381455377998;0.43735787355425265;804.822504852756;0.33797287585452196;0.4641096896114901;8.71804973978828;29.1118018755725
69;1;628.1290538800259;55.920997794697044;82.07153234062403;0.4386067226202268;1.3242118705819381;10.012792519655266;387.5367785823839;579.7359032233467;1.1230595769596483;385.1544656887593;0.5502244154073287;235.74666462036168;0.28814220827851306;0.41653046925538506;6.3239198484480585;23.67799966327123
69;2;418.757301673843;36.76358734421195;82.36297279113265;0.5325001588252022;1.0983383524701837;10.243179118386804;261.3600585649569;398.2033669746363;1.025474670513777;167.23307339398485;0.473846210179214;152.96260612019233;0.2746262707829078;0.399873510893112;4.6047601918226855;25.87566109024377
69;3;374.3467896150434;42.1169003737329;80.83507712511609;0.5051522698959372;1.2373987576023024;9.744187058530333;217.4072192995027;337.5033023178634;0.846751973267643;183.83603182382262;0.4992935708527135;171.22633049483375;0.26437507019831297;0.42594238104490734;5.909597391418222;22.67443937903645
69;4;406.615059677644;44.88773827843542;81.95201918945024;0.5366144579152148;1.2035496440099933;10.363601740805136;265.76792212699854;360.16441547949285;0.8659136273283855;154.06458504514936;0.4678805100690247;142.33169481738324;0.28352726709649834;0.4551859936693192;6.118288232235452;22.645342673366976
69;5;630.9941249060093;55.015096469299124;81.9127712980699;0.4491108501105792;1.2537150134101844;10.244424976841358;387.8491877589329;577.6010341697863;1.0495836977221285;318.0897200033771;0.5637879972487972;277.90059146839957;0.3388846298953063;0.4203567152415977;4.828004862015154;22.14890889481705
69;6;361.42207684954343;30.284954062939704;82.61631290891798;0.5249733406615613;1.2260503928570463;10.202073132854794;186.64413381588733;286.4630640744458;1.0447549911508927;154.02355908359186;0.47977422621939153;121.67476176806206;0.27707338173047746;0.4188233548132145;4.409407688139616;24.290427798655298
7;1;2763.7771202946196;227.61880107524107;76.26005626364262;0.567803908906891;1.3111103375359272;6.71223095845155;1720.5246521508288;2318.4782584787417;0.3316062137323293;662.7149493525642;0.44334918264411466;1185.889766272898;0.44781164979841925;0.4939429906301176;7.601782404515624;38.474480701077965
7;2;2544.477417563271;223.56650687034175;68.08494944965047;0.5689196812029549;1.1585100078198973;6.9643842729147005;1477.5854058686143;2197.15885386554;0.38318674555180876;601.513202102443;0.42209924093329915;1214.9637483802449;0.5189436238661187;0.4658302666808659;4.948412252037137;42.36649125342819
7;3;2310.206796172476;217.19077112902752;77.87362359824579;0.5663121375087317;1.1914688035972105;6.771693893735228;1428.5248321336799;1799.439126927916;0.27434175065227107;576.5191325898194;0.43907978435158734;967.1322932213988;0.38519949326621483;0.4700030311318649;7.913489458545411;32.84831955175161
7;4;2800.0863370475563;239.0577498713847;72.81761968936334;0.5770803857286293;1.3916702992764356;6.624685485169267;1751.1629101654821;2365.1808174153366;0.3104719663141326;780.0439400575336;0.422618085129926;1232.1234345252813;0.4975553879287567;0.4606756029779058;5.407675506988668;50.36860012451154
7;5;2249.0922248302486;222.00967306609388;76.47559210185655;0.5902965670167394;1.4533448065224195;6.5966215035556335;1321.8474802038438;1827.6849527409263;0.30026655266391655;796.8119899708073;0.42918721802947496;1228.35642428995;0.45578994358032965;0.479658827881477;7.371390624074596;36.446246113259186
7;6;1325.309842881358;143.85343853788333;77.925464335319;0.5362263106190955;1.0651121224799598;6.9900618547469575;817.4031191725055;1037.5531204399915;0.5000821796541088;493.7557300720683;0.4622779105917332;747.0573064597735;0.33760729563068403;0.4857254458738403;7.769133072772444;26.262572117268732
7;7;1671.5183292057811;172.09456745129336;79.65791874755494;0.541713542213915;1.2460226897372957;7.803369915678194;1060.8273461942472;1393.9118445008762;0.4368005025665953;533.7680515841625;0.4541960446557464;740.4449798799532;0.29541346025694304;0.4565811445970301;8.367245058295;26.338401469322744
7;8;2261.9469701809207;219.2659952020231;75.14094804701764;0.46632650106312895;1.2489748534455578;6.636870616845261;1326.3223054079342;1870.5515379386445;0.37431619252616116;602.3301705085846;0.5111655074093693;1113.7899249843028;0.42362340505338636;0.4442329930505292;5.70736963049896;41.85198282974723
7;9;2683.454310433158;210.72919418958708;76.72682382249928;0.5778070432040326;1.3584159766253603;6.703668851298534;1685.2002528633916;2189.6896353852226;0.3851795498586095;687.1122010904668;0.4299223197456113;1065.2856857898657;0.4477687120896081;0.47253173249142527;7.854651039997853;35.4931766525407
70;1;2620.4368187753225;180.71528526964937;80.38451176429263;0.5551535298163751;1.3230415579208297;7.936088184810621;1379.412523351601;2236.5691502931404;0.7625784718986821;636.3975431820703;0.4405292685059185;839.6086165629044;0.3585891641548898;0.45571690307915574;6.247742544515546;31.938749100375258
70;2;1937.1514755477156;195.23577962938066;75.08456009538685;0.5616792060115996;0.8408259147435013;7.454417810119583;1139.0905230251565;1709.8484869610775;1.0039329652915936;568.3606265408768;0.43577410906872566;1256.6724810906896;0.4333253293181102;0.41340993777438323;4.323439313228939;41.91089398166371
70;3;2648.47855913004;204.75770472289886;79.37012769612626;0.5833313550922982;1.3430085815365387;7.739367084429155;1590.8115074719913;2227.4685567874635;0.7722325798507176;689.2156550377973;0.42083389771868807;905.9626113274188;0.4135526727170173;0.4732083376321911;6.33401807938515;37.92724153727568
70;4;2932.017231421294;243.10126126148606;73.44829935377722;0.5658370605792101;1.1603603937379938;7.1176941471746735;1716.9377624602214;2557.6901110647646;0.9198269279492337;672.0085883479252;0.42888791245474833;1318.8957927212655;0.5109572900106777;0.3973877276253724;4.919606890569499;46.147564357670966
70;5;1314.0202871455156;183.77270674512354;80.00819658565577;0.5231074931995651;1.061848156557778;7.759442040687787;856.780391829076;1213.7571758960241;0.8355955107135389;511.7533507485513;0.47029233368718854;737.0904898895976;0.30064467338964385;0.45841364042443367;5.100680014342548;34.1114476668578
70;6;2834.1399809836203;258.40475372975425;72.82446617942416;0.6402736857495224;0.7998897622293675;7.039588298056197;1733.386230436894;2478.310994723466;0.9194633476696505;642.6625758878429;0.3667477448244922;1377.6956592378797;0.5011233693278769;0.4048280627765359;4.891045315410838;47.88918331024821
71;1;2447.305071721434;182.9238395260353;79.64173887042604;0.5946792504666911;1.1806829383793107;7.297759401877059;1519.342746639558;2002.5234806406784;0.9886034547042345;1078.4948648941454;0.41885731539610027;1010.7538586777207;0.4147458086451687;0.43649509223973254;7.384506258363136;27.330556190108624
71;2;2138.902495593133;175.6985033235956;80.2928641368745;0.6402153045840876;0.7592556809558346;6.904815858791221;1294.7946688452942;1745.2028778162953;0.9238269371933149;521.9925834154151;0.3534005555472915;974.1094817749087;0.36228298225798505;0.45621403304942426;7.723865549616159;27.380690076205436
71;3;1984.769515044886;169.52117339008396;80.12914952060645;0.6232198601878186;0.8958406354871594;7.1257431687608745;1267.0542822553691;1669.6677830727908;0.906813249032471;884.5747883923954;0.3878564643153037;881.4478648032941;0.3473914783591583;0.4413051139288962;6.91664223501384;22.628464190666364
71;4;1977.8765433483582;146.36187014825057;79.88927218784933;0.5895637034380916;0.8844547517702259;7.120265198228535;1137.3522292911816;1656.2597239411375;0.6663975982627338;492.40546341679504;0.4255817192542818;694.5593490007545;0.34401798272244255;0.3813068941327941;6.233987737561651;25.499043855913214
71;5;2506.590662390563;173.73656283208157;76.38585310908861;0.6289611335948065;0.9377510520186418;6.879884603853619;1387.4538845261477;2102.3307029586463;0.75556409318849;1016.3496401841982;0.3892139898371425;1227.5628237471894;0.44575204602487567;0.40838557726061453;4.9908047196289;30.272747461311788
72;1;2243.534338706799;214.8998704989424;77.44028540267315;0.5308933247456845;1.1671122972250403;7.478315275524491;1491.0357154753772;2016.4810172899465;1.158084813480685;645.0058529811341;0.47055678657671707;1322.8482515582937;0.44691908780060496;0.3961920726383379;4.795884608909045;32.18978994489196
72;2;2109.949449103464;214.62415303430873;75.12957532915667;0.6548078092743733;0.7741983809656291;6.809690747544014;1464.1419790908874;1762.1482404233557;1.0754770100755247;601.622288147428;0.3355027199916951;1294.1747014682458;0.4570365498348848;0.43009413215307923;4.877310645933006;32.19976623881227
72;3;2653.2490715174063;193.02632614689253;78.61675543005276;0.5383921952594014;1.0951339851196507;7.384430986716524;1614.0845426134747;2268.4017271741504;1.1538609954941854;1084.5313695625423;0.4679988182998325;1311.267568409896;0.45368268531095884;0.4240881941044431;4.681588161838275;32.81063774680209
72;4;2224.804037451746;222.00331986301043;75.36731092157028;0.6273682691301267;0.8688645053555903;7.158477014105242;1585.6637999294035;1949.0531191788937;1.100833331829218;691.870231021811;0.37650300205751086;1225.9286098845544;0.45030246596576684;0.42896187652129264;4.722733486535935;34.908012230223186
72;5;2468.606731228457;207.9355575802644;74.90129296618423;0.6138533081372038;1.0977976065630195;6.985748346311701;1626.4512810912427;2122.481492536112;1.1171988113916878;1103.711064551173;0.3920732769431576;1400.4404017376653;0.504254506777179;0.40752678276890036;4.651746278061709;33.357829341859556
72;6;1362.589973475563;127.43882845303494;74.75381315430727;0.6142000015762297;0.6269609955246532;7.029588544597639;840.0821504783153;1162.3352979524989;1.0447378309971314;480.7331851777528;0.3888607143300698;702.5849716233547;0.3749237932932284;0.4515136371703602;4.9887245673544935;38.02221282643202
72;7;1665.7324873650891;108.34838505779051;71.63274524306969;0.6060841218064962;0.863025685307381;7.0999970230255185;1023.6833399350579;1522.355377958237;1.0017888891574898;476.6129276830786;0.399414748565616;658.3599520866512;0.3737326518207019;0.43367289050217683;5.091826846265703;43.38971493598595
73;1;999.0791499426537;53.664252887343146;76.29777571103196;0.5301973827921763;0.7809550143292112;6.2794589448254055;592.2620665393035;878.0889352572844;0.42015918776687095;349.09016169840254;0.4483548134724036;440.68083915658724;0.3176418932617656;0.42524565091244876;6.144890629388142;32.16459855779006
73;2;386.0084163742151;41.01848867441818;75.62622510239964;0.5763811746493659;0.9791723156021848;6.510428233230897;252.0502472369794;373.439431187476;0.36611040180696774;174.75290646195666;0.4218854498056243;182.42361835234016;0.29825383804932576;0.46253335240830873;7.960712996815557;29.392695467893155
73;3;407.7989896171689;47.681444496337214;77.18117078572409;0.569488122225808;0.8757369809422441;6.531905736016957;262.98232542699117;366.608607285828;0.38713591323871305;171.13596738346223;0.4226121341924076;202.64992037371655;0.2706257670571903;0.4340309638189666;7.8852033909210055;28.99780501192036
73;4;409.9673244958915;44.76163208458387;79.38471963961055;0.5810596400329834;0.7740526774041986;7.060352591196782;291.0119428965143;383.6778041248726;0.37866046123308467;175.8395870408719;0.4265416507348588;225.413754074037;0.23814639712156838;0.45983540457598926;7.360162824384523;25.23384352437838
73;5;497.32590843037053;46.84017658871454;78.8421033407522;0.5511249899316227;0.8756533657277602;7.1911518360728985;336.8713173649222;472.98214379201136;0.45915598875185387;175.21864627950006;0.44211273987981636;244.86148839676935;0.24570351031152046;0.47016460358859646;8.42421009198544;25.656560025035613
73;6;1002.4721780692795;60.763466588401414;76.24229514439466;0.5795762507363625;0.7735295181815005;6.402230593169564;582.7824683852175;939.8465599082722;0.41192265672803235;375.96915006833973;0.42400410807022854;336.12510487557563;0.3094017841792557;0.43672181155100653;7.4521052933926235;30.764098159678
73;7;808.7560632497986;41.24377865195075;76.162290110107;0.5356998828656601;0.8237037116158749;7.357560947852275;482.665940831242;760.3986901312416;0.34069798279602587;276.43380454489477;0.44634772096484854;321.0229965097956;0.3141546708162861;0.4223720330792979;5.084634790919983;31.104599937382286
73;8;396.6296993999505;35.784771521785856;78.50457945438588;0.5787697796319672;0.9425706402031805;6.828321587966228;243.3888158827826;359.1453553276174;0.4134898208567242;163.6450994583806;0.4275492693879539;226.86188463227415;0.23330456374207587;0.4644984156282959;8.601308526004884;29.38983177968481
74;1;416.861568946692;47.77248597044093;83.99441575934117;0.6253147951928608;0.8805862977534593;8.358162611032006;294.32815571934816;375.07682004928137;0.7893503618356229;173.03221691796207;0.3760281451324424;256.316424258038;0.2321458082702729;0.48937528279396547;5.188343492687522;24.989663669678702
74;2;446.2393580750621;49.69551563926374;84.86042261110987;0.5965582423717746;0.9818995975070963;9.934136771330754;321.91086618199193;424.5088409010943;0.7743632754839266;185.37931164047396;0.40480691774712874;216.94644608074404;0.22554952467778747;0.3988838115379222;5.168027966306134;22.877789447273926
74;3;531.2825086792284;41.957172603959634;83.24533456743625;0.5790932820165295;0.8807395630775953;10.135495082268658;368.75678606068305;486.4963970323465;0.7980518513369964;219.7924266269615;0.4270865244237754;234.5138280639638;0.28146203493232275;0.4922094901086295;5.722096085058261;24.30481961873214
74;4;748.7763085449062;52.06489429297977;81.32361435473909;0.5100674269649041;0.8945164752366997;9.074874310369355;440.2802008528831;660.0858603749989;0.8585984020037342;275.70740236641336;0.4925758105728566;347.68676221641624;0.28983131416039626;0.4674742243496289;6.769945981539248;25.02626140741588
74;5;627.4100385182418;52.92592439446392;84.04455630257793;0.5990224141143085;0.9520250178846934;10.058406539072447;392.2620113542619;585.6419019533328;0.8571927564638187;269.6164635226537;0.39934017437373986;251.05523804609808;0.25338340531653825;0.45589839137996796;5.035752831908336;23.415858091448865
74;6;426.70028183912416;46.07044595721462;84.12313906278705;0.5844773480980702;0.9457767536872503;9.36074256431741;289.76608491496404;390.14277575698645;0.9379100762327984;181.65847265825016;0.4203202938223269;225.45400480378999;0.20098927014392032;0.5042605626906395;7.920633283023671;23.14227631793628
75;1;1743.6908567538212;90.43307803648953;80.89260772417333;0.5405806044135439;1.0412051057665825;7.678841679226224;874.3422721989658;1525.6505670311892;0.37881268011674224;640.4250501092916;0.4580753475850567;582.6693190333973;0.2998281790668587;0.4532605799588836;6.422851938285958;22.26641744868211
75;2;2567.642357261102;158.44955163320424;80.08624890098844;0.5640027804884704;1.0279025748755268;7.855859962033595;1303.4189958390546;2262.368864048321;0.4047270105317197;973.2102288812979;0.42665564348094215;995.9650106341062;0.3691267107708098;0.45968623129562736;5.886646726793778;24.210371088408753
75;3;1235.911776009976;127.73707153665164;80.84419415122348;0.5603842833395771;1.0465614394011482;7.555554599925731;666.9226657713377;1054.2046577639173;0.35911175798780604;409.5526078281647;0.43746467960244834;447.74922786807235;0.27148688117883857;0.4451638498259616;7.18358287868507;23.279841265695108
75;4;1199.0802465699367;99.91003085365497;80.40812995473479;0.58961869183521;0.9291831796433357;7.697399803618149;663.0279117557247;962.5404836022763;0.5237841966355574;437.8694914417713;0.3994361553449044;650.582828938549;0.2874285957722209;0.46431245991341014;8.357822062321038;24.766786011955517
75;5;1377.6864155629044;75.4625559913601;80.82010398139053;0.5713087478281558;0.994242093854762;7.655871770419313;739.028062208501;1201.648108303195;0.334977149500955;391.4285639312176;0.4334895298822466;506.8083640955576;0.24470615961277317;0.46820558331429274;8.037282492302566;23.28605186521561
75;6;1837.962345024961;169.96946890637605;78.13615663345291;0.5910493624247142;0.7606925379924944;7.178974450205258;1308.9757833047229;1535.8051100861228;0.41344127183355417;523.4657021812585;0.4128326465793485;885.6799137767624;0.3731002412871806;0.4892176447460627;5.633637537682176;25.93794370762282
76;1;2351.580506470792;209.8413924366266;76.24100672417788;0.4540304676080568;1.2510492499529504;6.972436180001469;1464.0545929926677;2071.776494344815;0.6819653431115256;572.6187555584874;0.5467219456763505;892.7074382804427;0.3842941833529889;0.3980858861993014;4.609283047710862;36.28316897253456
76;2;2070.8040311605696;132.58502824593316;77.97968124475388;0.5136302636263472;1.0451701982011916;7.425114218213111;1135.437758769168;1791.250264257236;0.8344306365808437;438.0393009708835;0.4938466385977717;650.6069010363914;0.32125331564862797;0.4526254150490249;5.028480801295503;26.71239616175778
76;3;1529.8784788027872;140.61226419855967;79.91768420794993;0.48123101503251653;1.1095861577798107;7.677343934030741;867.2831235869959;1299.0532633626653;0.789733748159921;473.96749530840634;0.5274519401105793;647.1907422356072;0.28943359914468947;0.43350368030496866;5.824166959329597;28.490716741527372
76;4;1031.5726230553346;81.86841649711845;78.17949477297675;0.4971880901521768;1.0721348800154127;7.408470721183446;535.0573205141866;769.6279806295389;0.8158403083752241;506.27098281956785;0.5070906107689717;447.77626008685513;0.3001531814355937;0.4067536180795542;4.888991785160896;29.100257801285988
76;5;1825.9383508959593;101.27580168710296;80.54692985067175;0.474203068407007;1.125728584847472;7.943774777632402;943.650142438669;1538.3564154043793;0.739434936727816;475.73653424772385;0.5272960492408055;733.7652223106743;0.3080149250549924;0.44508114851473174;5.722130355728217;27.364015951324447
76;6;2084.6157854284156;158.51843543152782;77.61838863984111;0.497712276232318;1.0136618858972628;7.6411488293746315;1216.1589200325677;1715.0014396015479;0.8706495163785378;557.7094685068681;0.5086580158381039;762.3398221247279;0.3447001833972073;0.4193531793425857;4.820894684046876;27.571051529542913
76;7;2513.7175107229214;231.20711982819415;75.00455113549565;0.44977290991544394;1.1634426717211446;6.597717790567671;1418.7503460198077;2241.3901531649694;0.6710126327130308;590.8247033998466;0.5497627176771449;938.1882290512631;0.43663958806248293;0.3978371844835374;4.59388862837868;36.8257075151394
77;1;2536.327498189113;171.61703735787376;79.94596387654076;0.5819339421309778;1.365423556035205;8.569115974435865;1403.9439693297384;2076.6303043164407;0.49340704151811376;1048.422127345406;0.436730712684713;1005.6783018361452;0.3948789662277725;0.47348447798433;7.291864380703632;23.1245529874063
77;2;2462.4808536698974;163.45832926476243;80.29772406799593;0.5078028556275656;1.2868777135959162;7.490049016854721;1266.0928091063072;2104.628906875643;0.4709690193350083;1078.215410439117;0.5008378149930798;900.6391893509385;0.3820860088193125;0.4222424526889418;7.033253835921901;25.877343674628904
77;3;2480.9967168896;172.65110999758474;82.23596292999848;0.4821135752121946;1.3039396871434392;7.944305570121302;1489.7576212273366;1971.2452582652943;0.6630323981647104;1000.8759398814345;0.5154906632535271;881.1618515700778;0.4100703131027796;0.4464194878151726;4.938621881249554;26.634547598421474
77;4;2094.302667714264;204.86009111816915;77.08598563195893;0.5246662366500723;1.2598392464477737;7.086395388027688;1153.942218157662;1708.8774523875431;0.6206856605746071;1184.994495529336;0.46345653447388224;1167.274079137705;0.4645995762396194;0.4082811962244009;5.813063586272653;32.963357443736534
77;5;2558.4724576528183;145.97997391451793;80.3190088924564;0.5650993789240841;1.1065024915918837;7.800374993798587;1386.587426132957;2161.3165654108693;0.6601934027586591;1067.8639804081474;0.44132928012294564;1086.3419427382491;0.3623267738362978;0.5020825967697413;6.99756987919699;23.044575831596436
77;6;1374.7085397620715;166.89261718872655;79.88696310649819;0.5631515247511774;1.0582047775826202;7.757555327905358;914.6860515467911;1216.7715218147;0.7537899639652598;670.1362116664637;0.45556124644600277;772.4283546355925;0.34693980155110876;0.5090922370198165;7.108427667159556;24.438350901177472
78;1;2291.1449473965295;178.30566743155524;80.18560150515577;0.5810460174973366;1.1248067527731904;7.349891456592113;1363.2754792022076;1855.1709948095224;0.2795564963542845;655.819641820448;0.43460777659449706;1025.1007228275676;0.39456643208077;0.4420163923066681;6.450533973749235;26.46415824486522
78;2;1857.8505547585573;159.6893566990385;80.64739284834764;0.5447615517555257;1.2346575668913906;7.864305109841442;1023.7018622211177;1569.3137829473628;0.33730758307053327;594.9723064024375;0.46886458538736586;653.0746371455633;0.3047497474934641;0.4779945655699083;7.730273805150244;21.408394428742245
78;3;1859.92426779775;175.30970957395184;78.45040737803198;0.5096985673171456;1.1470672731125762;6.972983808902324;1135.402502330241;1576.9174448924393;0.28914215854292064;598.9305317426191;0.49219165449756375;967.0125546738487;0.345925851866072;0.42863706019832926;7.376739150843341;27.228587770156587
78;4;1954.903367859399;199.03271136892312;79.87233987130621;0.5500596035311802;1.1265186567716858;7.123134758694467;1176.7375099815372;1695.5449383707903;0.31449604434936923;773.4817916758278;0.445557856027441;796.4125396252074;0.36141146785136335;0.4472340630408776;7.267636808859098;23.735429961095182
78;5;1312.3345031498986;206.43251697468804;77.75860190240735;0.5861829908992431;1.145556805815394;7.298667056529774;968.1565410921123;1090.7033371666012;0.546835449196027;553.7072878926889;0.4246672255910991;855.8937787678504;0.435302575394545;0.5124519094834882;7.6354445844568275;31.249397660178047
78;6;2303.8911562044027;119.86009196420544;80.58387777451782;0.5394602382393834;0.9757817454041735;7.596173146484543;1068.0631927599684;1932.044616203257;0.3243179577897646;610.5094756064145;0.46569041401296063;680.9732620535142;0.3201826669883479;0.48863820251266055;7.691542220263379;22.93960902517584
79;1;2772.573989414949;254.89632300413135;75.10087552786555;0.4781993494918632;1.2980888401401982;7.949352860043382;1757.0520134235499;2354.784648466121;0.6354622128195456;683.2153662500585;0.5277982653226341;1076.2681737542675;0.5064097307073091;0.3859254080983678;4.644003938702455;33.98124331322849
79;2;2812.2615178464844;280.63708915394324;73.87673185609596;0.4167509585852374;1.2979361566195444;7.702559642123005;1696.0155395245063;2505.7121157358015;0.5727093087127089;713.5561646747101;0.5770692753549579;1022.3577847827588;0.47083618046030895;0.3892622159383925;4.5887839844212905;47.965189669173924
79;3;2303.122223919654;161.55887122806186;78.65367112192747;0.4827963467506731;1.290329532339609;7.551668023282911;1369.8901102732127;1907.301007016376;0.6862710358247577;543.2293306379042;0.5355043261976519;788.2462058315356;0.3526358820048648;0.37830329426252923;4.395090654350902;32.806223745815466
79;4;2761.896851715886;232.98767979003821;75.68499537269281;0.4649842300711136;1.277231519358287;8.011587063541835;1716.4279537801826;2446.3848966124488;0.6416299195458994;1162.1480307298445;0.5437001365235111;1058.8719412322723;0.4332068950414864;0.39731039153838743;4.60066562999623;29.097630554143112
79;5;1801.0172152887299;124.27145870175681;79.00097303605133;0.47965178439044537;1.154003382932573;7.480664216776013;1063.0821284283268;1694.918502631498;0.6252147590581266;482.4192507111377;0.5301271142572599;826.817814338959;0.3628849190741127;0.38054208438863696;4.46799534704898;29.810588563882966
79;6;2917.315849726703;237.63447904567053;75.50003195242095;0.4220378130645122;1.2807142740689366;6.344930943799347;1704.6172403058029;2550.1738022150307;0.5499585682416059;1209.9953447682458;0.5752596330760903;1083.6478421114334;0.4663062173500061;0.39450099723456167;4.504785845200087;44.48314836544517
8;1;1050.6707852529153;110.47380151389109;79.5974722395038;0.5225943161009371;1.1744460978288296;7.984797166535445;568.5309220357809;861.7395630106116;0.41019395289259236;389.8598024301589;0.48602365314027973;567.3659000178167;0.3217584019737352;0.5217954780892857;7.493157068835721;27.569421820553725
8;2;1346.3407723212883;173.76234141385027;79.5551078811988;0.4893885964814003;1.3077588285186;8.010847118091002;819.1487557498308;1091.3803171541695;0.34283712273362543;489.3885674310725;0.5047522588574084;835.344803851047;0.3253061144492079;0.48058734471364034;8.06115429611269;27.11903937285139
8;3;1132.4679676951143;131.72178194006474;79.82630237243116;0.49962561431211255;1.0911325879172153;7.6936853362837105;653.8378584464302;893.4852919456945;0.29988785037264737;359.73492012239035;0.4993353755359975;533.0443699854154;0.3101595268170243;0.47914201087651215;8.07476357609032;26.668743828514852
8;4;936.9218416553439;65.90373088513626;79.95414901226039;0.5114222872248786;1.0231362267094486;8.611369491091114;532.723087183072;776.1394764808567;0.37038824274857135;338.0772776727933;0.5045580130190165;449.17188963971734;0.2806084802790095;0.5005299749438151;7.606481329773824;26.617912813025143
8;5;2098.8862444226693;175.41603294566804;76.30424873891185;0.508386807750344;1.2184442397245374;7.339953152347594;1287.0843826392083;1724.3719152249269;0.4362505731431468;586.8641993295591;0.48981686528264107;960.2383966360389;0.3862804969487808;0.48938919301186823;7.4786664097502475;27.75951132200151
8;6;1494.0508351411145;198.84610880844062;78.4636339750317;0.49835764540758143;1.1248792838853199;7.432881540923166;934.5399959442807;1237.4878576709098;0.2728418981968332;612.6713231417052;0.5072921213851003;986.8901049697697;0.38414681332433626;0.4719676130586351;6.4014868601957335;39.11002806078879
8;7;2318.0009871747957;162.70267874354215;79.03832610424105;0.5156585496580807;1.0337113579688681;8.516055052401647;1338.3168043594032;1906.8680383239473;0.40067800782591173;517.1091061191016;0.48438814118589385;755.9225804433579;0.34405455285792974;0.48590266403369625;7.900881849252489;29.931439560945723
8;8;1119.9543511693148;143.45212766365185;77.08425179058675;0.5036800820413384;1.1874493231715815;8.004146074871118;767.6506528675548;1000.3785055070621;0.3191514511128156;467.4180949072068;0.4870292663242952;537.8809754766469;0.34539860092236674;0.45376335885487845;5.72941477325145;30.34590153636628
80;1;358.7649226254874;37.8327792227705;80.67768307627055;0.5239384233633666;1.102332135109391;8.425217726878;206.06669177293938;295.9514134308154;0.765777357175288;166.40422407000176;0.4807785912562656;141.73573706125188;0.2455918035069378;0.4176305031692753;6.590629207365456;27.97586947568832
80;2;716.0297907319298;60.43336492361234;82.7852505484892;0.48272052089193934;0.9540793678912316;8.978298220469618;463.1912989729951;644.8287700185879;0.7299128781697458;328.8895899919067;0.5191635310592317;401.8799390065298;0.29011725205080086;0.432460606749881;6.700638249765169;24.269655577554094
80;3;2444.0681492018293;183.2494140187298;79.22746196452371;0.42473073784557774;1.210056261897446;8.142530287133772;1303.0118823248702;2108.0780654368914;0.617356708124306;526.0491792467726;0.5839992559743146;840.8769528895475;0.3504524766555127;0.4171847840469017;5.637825745607648;34.19899063689008
80;4;746.5164614782933;82.513899687516;80.76475636678485;0.49877462883269025;1.33150005930377;8.204503777560895;470.683948566912;630.1603741930688;0.6533949916646126;359.59953495231235;0.5041763659830462;274.88013074871037;0.3161863612704202;0.4630277885390608;7.675813137008048;24.00606886330245
80;5;1707.590094292268;209.82639439883357;77.06055036315192;0.4113764304900764;1.3520837933465535;7.8660252114672975;908.7371280031574;1439.3300578662718;0.5700821740076806;857.0846147645708;0.5679369620284596;836.7653154708236;0.3658567791716107;0.40264025950675597;4.640940148037155;36.63690449494863
80;6;2698.038223596851;258.3399081837598;72.87238389163201;0.4361592650420779;1.365500289866154;8.012504820394987;1649.162575075329;2233.3569772646115;0.8664153166297335;1137.7293873830752;0.5566523777683937;1216.4829178135983;0.4980048868859899;0.4148853162507266;4.439764508017924;49.087795244992215
81;1;804.797644644694;58.04440172776251;79.77169936656513;0.5006581702684084;1.3905135877617405;7.7035132047023245;490.039169785359;656.7625815352537;0.5858571266916677;850.4468223313195;0.5001181580978544;265.520565417734;0.3003481010332117;0.43658469576231085;6.917736839793674;33.43226568248432
81;2;444.2560677793566;41.780352098147716;81.98134183260196;0.5141329122769602;1.300316298969839;9.766515517469676;253.2504743590308;369.0981448049748;0.6749975830380476;228.27225651443484;0.48397388277525627;166.07962168301955;0.28295708388904683;0.41512528366955337;6.604651181166844;25.542382228719376
81;3;402.89083678567744;49.974993504555584;84.31339614471352;0.5200451280204017;1.2633147100033757;8.02386664722736;235.28911016116086;355.941410225738;0.7368308410249893;307.0386002540492;0.4776845263322219;131.97916196099163;0.20713313440146897;0.4504042083627069;5.924335055378332;22.166949743317417
81;4;433.3108806148629;50.94258378349695;85.17259962183017;0.539491745882683;1.1058515796170794;7.878829761147009;304.1805181416957;377.345806077196;0.6401133441265149;251.6898131532985;0.45632219412458974;191.0041105852054;0.2242703604090229;0.3876872086080144;5.026218046513391;23.045880510767123
81;5;672.0380955412801;48.895535361109815;83.84801795457723;0.5319277189009722;0.9745114577316141;9.86657043693318;384.2115669778096;596.1329193178576;0.8452944753155075;291.80259971816474;0.4663782426620458;233.32909190448845;0.25357521839095154;0.3913533037683724;5.915164878308547;24.517465561706555
81;6;444.6821358371729;42.389992730325524;81.23714443250087;0.5039732156581536;1.0321081812746653;9.53655277351101;287.43189322067514;422.48103452361005;0.7198733721458449;232.29626816004796;0.48797525245287027;161.75202877678512;0.2687462270218099;0.39854169160501535;4.3340159152795605;26.957324738117226
82;1;2651.3157480964223;208.03772836061052;76.12898879496188;0.4934294205136272;1.3072823149472035;6.990830550774044;1605.155673583373;2290.9261064486072;0.5547960151728735;1092.3408017663387;0.49264600303249995;1204.598399959827;0.4588827026943403;0.4002488084628339;5.005073596333163;33.41516392904641
82;2;2671.421859004554;191.51369561665123;77.78563231884968;0.48772570994195014;1.2004683273771657;7.0404838013850775;1545.4753751379315;2251.6716550076944;0.47260400608040687;827.2090191162841;0.5179017367292565;927.0847739063792;0.3608736279552465;0.43099729011136645;6.880921400114082;31.047756188673958
82;3;2208.414665764321;173.8230288144463;77.02480067666721;0.5192742361458262;0.9757024027800609;6.91446267346678;1416.259799408687;1834.8527744290661;0.4803342113956317;518.8902121089992;0.49066359759366174;870.2722879980331;0.36633536240080056;0.44333233808012124;7.498447021991764;29.50671178271633
82;4;1451.003459355904;124.35512509547512;71.69262058274104;0.5781738772119138;0.9974691111613563;6.821332415942405;868.7253171522639;1168.7420780825942;0.4522584818429403;522.8931072743908;0.42250567043857035;657.8582671987235;0.41144324640844937;0.4272983177762788;4.766502731235391;34.333791880873946
82;5;2549.4456285788447;217.80664531997058;76.76001863191021;0.47681057037787417;1.2808021362383568;7.01689090037374;1610.2323687214227;2196.077847047698;0.5657328667731917;660.6478973897655;0.5340183364321738;1102.5166862991136;0.40124793217163407;0.3952594314675548;4.927162263052743;35.499164373878415
82;6;872.8575119542825;51.80955292809114;79.34512363946061;0.5287767478422765;0.8733951512235234;7.331694626860955;496.059767816323;735.4266329423576;0.49190650621051324;515.0489091202661;0.4742865639920748;465.5500113767334;0.2700202968143529;0.4316167001359683;6.828278109985304;31.48291046259326
82;7;773.1180013779973;62.85338066376329;79.44905005883113;0.4926796773681062;0.9856899363340974;7.039080372803272;492.1350065556856;680.7843564059428;0.368281604249203;362.2716759824453;0.5224548480940626;395.37040576277536;0.2718329858854566;0.4441622911182649;8.395944337440197;28.613817969576996
82;8;2072.5784685061367;145.63450370164557;76.7816344202976;0.4758500574419173;1.0385284267152037;6.539159236595235;1157.1196592250317;1678.4082552561238;0.292538102017603;750.8815621263619;0.5219754984861327;838.2482383086427;0.32280191279753373;0.4526616977413536;7.231557958863903;31.60843585181914
83;1;998.5517046097306;60.99645643703989;75.77475967329501;0.5792271486119276;1.04520714930525;6.669369427852278;704.9140333499117;914.5037288995051;0.4957011651454162;379.05086034190714;0.4301140719169804;562.2757507068266;0.3412773848741161;0.43247075366134735;7.126971834090208;28.635878915849734
83;2;1667.4749531196658;57.379217419526796;75.83873655630394;0.5327915094278063;1.1741965757172357;6.845595281932181;1131.8863171182536;1518.5014489285657;0.5240017694723065;443.68490035072;0.46810948338845115;674.3629268196305;0.35642927168154165;0.4196004944350093;7.720109484728982;29.54893845352014
83;3;2263.568583689963;211.32847842486296;73.98477159499748;0.6167613721617939;0.7516110684836346;6.531392789149805;1534.8455898585953;1925.6179368340443;0.4656560274746252;567.4492400699579;0.36075809332095304;1066.1657061751198;0.4340462015733149;0.40720170534641825;5.19904290867307;33.801786281066555
83;4;737.1548257957788;48.28287427885889;71.40277991929565;0.5587191314365032;0.8180321965492128;9.04326825273485;483.6736246235351;674.1483944942397;0.7668762092000007;246.2201801262911;0.4313670278056553;352.84585706789073;0.32139768454900275;0.4140901478260895;4.852458932576731;33.54246641993269
83;5;1863.9752075525812;196.97959922732935;71.98565239723337;0.5929881337629357;0.7642277416299859;7.9865780595089015;1193.9584475389138;1519.695637704823;0.5443578517221916;514.0704249386096;0.4095667254864731;962.9841716163179;0.4149425256045789;0.4081449505344715;5.734944036132004;37.743036236550964
83;6;929.945106163112;57.82732783367105;74.38322500610555;0.5792674115647614;0.8321601228460406;7.024154654966462;539.8536526785512;818.9354709738731;0.7883928961333161;349.47699799894565;0.42303523546393995;365.9911085063406;0.31217553802353765;0.46451312323890176;6.840447053074708;27.9363469205644
83;7;2596.8799428517173;189.96230594087635;73.77959158305225;0.5643267391027734;1.1941352006711483;7.309313096021575;1476.0701922684725;2157.434451404117;0.5695641415453493;512.82575729963;0.419090869646456;903.0009374692156;0.43097183996276955;0.408085887478254;4.99776206284056;33.062266555641
83;8;991.7428323962323;61.8196930355466;75.64376835695535;0.5609522409179492;0.7895354871190937;6.837584672553888;555.6760176650811;836.3580660636466;0.8243680830682343;314.15150799755185;0.4409547511294331;406.8390706565335;0.31442302407922523;0.4519547581391386;7.400155526161631;29.402684761203997
83;9;1085.4482334805473;71.20890315947166;72.1209242757393;0.546969565432176;1.0074591553824273;6.622070719371959;705.0555787506672;945.1493194640863;0.6123653710696682;427.43112684241373;0.4657660437454455;658.1944827364058;0.3335388171097524;0.41985539567403984;5.140089944847932;33.72445672566556
83;10;711.6393469682154;43.96412028017792;75.9312539867495;0.579822279954115;0.9352252007657799;7.025398708079243;494.1666991448361;665.3699731053633;0.6323357249347518;272.38446109461586;0.42267934833618087;249.34436842242695;0.2906484048820214;0.45287861151743153;7.295185185811233;28.375296440631338
83;11;2016.28304656129;105.42985835760696;75.28008816272744;0.5394129799687469;1.2118097252183841;7.059745453495237;1267.4663304055823;1783.500987346702;0.7054258001413602;508.92688709173325;0.4630429569460474;803.1301585395948;0.383546591872795;0.42222229311817744;5.727182212676552;34.37300148854233
83;12;1039.2161064779298;68.20023713405783;71.48969812436746;0.5462180251785959;1.1123732082398086;6.937917518411523;686.5255088274445;928.5100432460921;0.6445372663805431;407.5366145629452;0.4505076598003416;504.2230745448498;0.37486257353082253;0.43000790770500225;5.299880738631918;31.758101035172775
84;1;1945.7000455860202;122.02519854021247;79.23206555143187;0.5822236380693563;0.947758780625839;7.2978348877800405;1058.6895361947102;1521.968008276836;0.25683142943992976;535.9454339872685;0.4137769883640199;835.4229045994423;0.32236689355605175;0.49000246890109894;7.542631608443302;26.47150359822277
84;2;1898.4769687963073;154.00101638102848;79.55849945865809;0.5803929464220741;0.8970823865215143;7.6557073683050945;1092.2192294669503;1474.6797010260445;0.25033901076636045;543.721460246764;0.4128947239074612;717.3132535269145;0.31405964952066645;0.46679485500084034;8.17196674190192;26.722852434810108
84;3;2555.4585650622607;211.18219568752377;76.6660894920129;0.5939330481586371;1.2571572788971488;7.038859724982364;1421.9442676474202;2185.397022606098;0.25471168664167915;650.2793650721856;0.4107935338558373;989.5681600518582;0.426214565862191;0.43658811982464996;6.818348559976598;34.44468762117979
84;4;1781.4243073349187;220.79825748359946;74.78584605974058;0.585663398430003;1.1693897453484168;7.437781071783949;1182.048634293137;1538.7537470497218;0.2711697328082733;557.5069046605366;0.4281184350400698;965.7848930653911;0.44390053554953846;0.4286049890561074;6.264509549485163;44.91559206667755
84;5;1988.5947703234158;219.19281816342672;79.07688031023085;0.6030250723829993;0.7919958245329219;7.639088597600596;1373.918709984362;1748.090809249103;0.3373042224824123;611.8053202951037;0.3991423838978065;1160.6348057315486;0.41532055476194946;0.44506887006185913;6.105149032357227;29.210164738058264
84;6;1608.2246248857036;167.74132442839357;75.10473732622685;0.5601243896666461;1.1381002556817337;6.907293468098279;1032.781928022447;1383.858538237421;0.25146308707796167;621.9387369220746;0.43667814410895567;985.7093684680281;0.4026851124409456;0.44003336028952766;5.921956388610872;32.89550460255919
84;7;1608.4680557009945;95.81923671804276;80.40515999367116;0.5324863942661444;0.9437094311403037;7.927831619197512;783.7304433113545;1319.5943337709414;0.26589747778241557;462.0542870004971;0.46827474666639624;670.503258728737;0.31177918872228466;0.4728994836144482;7.562356411944297;24.70798842790943
85;1;964.6091955148026;67.20707737633931;83.25187779066142;0.5403875681111795;0.8698901753411424;7.906179977491712;535.0768823065998;827.7265691935943;0.9939943869203205;452.485434177358;0.46115328383202486;426.75371352150245;0.29600633556284783;0.45044915264151564;6.248251959575999;31.059124768853692
85;2;765.1346318909892;69.00777897423366;83.64896373848458;0.5142824439164752;1.0641001444523221;7.496033531151466;439.99488680764154;656.6600484936;0.6665962490784347;672.816430591086;0.4836049421217597;342.21668219401033;0.25609065405430187;0.3698717853515885;5.156584958250319;21.120539347628053
85;3;2241.2075595910046;157.30180489843073;82.60604112114912;0.575430155471601;0.7403270963198061;7.859753395216279;1227.9723177284436;1939.9281080129865;1.0891382375187058;695.1956398108025;0.42913307740574064;805.8558201218018;0.3535680883551502;0.38164658581070243;4.878335059461434;31.318545367441455
85;4;2142.7456253034193;179.5998498121149;81.43337654356687;0.5872569097678629;1.124530654361343;7.555318133510074;1445.7209160141208;1764.0385504918872;1.0242699396446815;805.4331623112315;0.4019137634876278;1076.445034292172;0.4141322709182089;0.4022324564599539;4.891905217520296;29.467568869336116
85;5;786.7502543039064;68.60585017185844;83.66909044699045;0.5842338994161181;0.8776938545293348;7.933064238763242;449.96894315101025;719.9864805965641;1.0746820408760926;632.318422854451;0.42358774766750784;330.8894569870288;0.28798075120229394;0.41989390601674037;4.812636411340128;29.180781690890793
85;6;2056.732200946668;193.04149481364087;82.05312986834475;0.4838483279778575;1.4475453092866188;8.02553958933978;1238.662254140055;1803.562539669766;1.0832389751123486;1137.3964775116276;0.5244583810154329;1025.5149493391373;0.4464364587175052;0.4100727233278111;4.575304418062315;32.490240650806406
86;7;387.9284352716406;40.31625794701202;80.39843351052379;0.5400473667204938;0.902894713254214;8.122024989321046;237.87745296822067;310.3603918899046;0.43038320452372647;177.9039049544733;0.4491311336555436;174.9746370877784;0.21680333435517557;0.4551176951068331;6.9209343973694;22.83064172404299
86;8;341.29570402161266;26.60419492915951;77.0055015478213;0.570261967609525;0.9356041170468633;7.245221785597302;206.06450826269653;285.3694899223138;0.675011801404421;144.9006671694992;0.42672698698210476;167.18621377970106;0.23817881468956384;0.44519015079626845;8.194518428960675;25.63063867003909
86;9;370.3470164103089;38.8779681505059;80.49589734106907;0.560978406348385;0.8952463172973478;7.748168947604695;225.96359009227297;320.01996375824206;0.4916164001917435;168.2104852695143;0.44846431680487575;142.46460255563227;0.18230555911061092;0.4567168422867474;7.988628743210411;22.706142904549747
86;10;397.5842325282029;33.611991109861435;79.74268950872316;0.5706191807034261;0.9952360920952151;7.40140256039337;236.14574134056733;337.5179799530561;0.595325934526447;249.43757846268787;0.4492730374747096;159.9813464351146;0.21309757630300322;0.4666657638993016;7.897520561349585;23.156365012653595
86;11;712.3278819052376;44.93057180521753;79.87417819432821;0.5267693918321988;1.1038583031636127;8.436046877358788;456.68037597356584;685.9665111141668;0.5879689970718683;369.0375469530291;0.4894776856183462;289.6766949681896;0.27233564370983177;0.43929387964778654;7.438886101665711;22.02037436689984
86;12;623.7056245791346;47.076120107467005;79.78376770705879;0.5637387100856356;0.8701572025119583;8.081331495815194;419.9843186560395;575.9029009591868;0.5415644886812329;273.11838993194476;0.439047242428967;214.5034067062271;0.27128102396177445;0.4534817741485071;6.211297138129052;23.610459469996677
86;13;412.989637948382;41.13338106870116;82.1537731419658;0.533889446452027;1.0477520751540443;7.735557595327027;232.40402304482433;358.8911081217813;0.6057079805137043;264.70966893823186;0.4704705281975919;158.09124729070854;0.21478521987440202;0.47263515088554475;7.871425869931455;23.23331389252149
87;1;2617.9073280756743;176.93537826952104;81.02565923997597;0.549810489184788;0.8301660094499135;7.498456448343662;1496.3480269210202;2177.153213149051;0.6465975068955796;500.93827204078485;0.443693417888172;916.6165219924717;0.33958149142515814;0.4120681476482508;5.867295366093389;30.819591062001386
87;2;2705.039801217335;201.46869155349222;80.05442905390275;0.5627799078057388;1.0898141260792549;7.432756320556289;1583.5892923536612;2277.5073071074685;0.6587724131515312;602.4999070971955;0.4479605307659194;912.0328684767628;0.4152461315913968;0.4058592916916037;5.595961902545817;30.39675671316354
87;3;2426.210568814302;176.14738762618933;79.84177997812012;0.5932409793035139;0.8537285883932598;7.68070529279971;1530.1968643310088;1977.3162844827766;0.6605346964777511;554.082262472914;0.4108261765278059;1008.6850176707454;0.3780381421162179;0.4699037912582781;7.391211830378896;25.211475579838602
87;4;1397.648206041547;159.2325621523597;80.17805398427103;0.5691631699496389;1.1158162422734972;7.281330443922804;984.4450148857571;1202.3699285529399;0.8152315585980124;555.0367249683668;0.4397512453544388;849.0476412127946;0.4288311079789311;0.47427943006458745;7.582141389603514;25.809958487644344
87;5;2554.5143043397875;195.60750149368133;79.97199127021516;0.5581119603549328;1.2437192555379972;7.015100020006215;1419.0707202591282;2209.228331677016;0.5544303972257674;609.0798956689647;0.44572607917978524;1015.9867788403952;0.4170204970460178;0.3888822861366986;5.010203858081981;33.90868404353094
87;6;2204.4234444765902;164.0933686110385;80.80441906635392;0.5469817938615745;1.0547223535949164;7.402376444933152;1332.070503186916;1808.0697666906788;0.47089606893623775;527.4151183148458;0.4657011868308374;586.0234271406556;0.33415206446126094;0.4147370474682082;6.116118659498815;27.187766167482327
88;1;1257.2927221960788;96.01614955321908;81.35615258852735;0.5645528737740683;1.4466534959642305;8.355056960825504;678.8469567159118;1022.8196492148542;0.3900189550129991;496.1085100394013;0.43818723861172715;529.5899213631435;0.2975221038584558;0.4901266196098623;7.628466436593905;22.717487647429937
88;2;1878.9825840649878;105.64492941194563;81.87308516533606;0.5670857039287582;1.2488594888474727;9.574293461242714;938.6978153661713;1570.1129926892174;0.35396725086476505;598.0840428121361;0.4217584831927711;558.3919019439321;0.3081835423661424;0.49681446837203597;8.02136655369275;24.51933194032996
88;3;2282.5231382960574;186.39409251309618;82.0431906493819;0.5824756259581847;1.1498322760693862;9.142329699018466;1374.039422539773;1958.78181114847;0.3648006393343394;787.8853569543164;0.41324710119800856;895.4340224575753;0.3682692823033398;0.4619952879985859;6.972943437763446;26.544149262383847
88;4;1941.8903462311043;130.74846966096212;83.60025809094041;0.5539116622015455;1.3904830588451016;8.928653225858016;969.4813591266452;1753.4852355283979;0.38246008287087735;445.95522766319306;0.43986671671324773;546.1126640374883;0.29390202308294944;0.45143805863183084;7.068173953771463;22.657673341699706
88;5;1536.7167500030523;124.70476379926926;83.30389942270929;0.55699574492391;1.0699751183754362;9.489241320156694;789.1325486376038;1211.7354304134535;0.3615847397374925;865.3584731527313;0.4458760887563172;616.8736617136385;0.28065374819991606;0.4611908180692512;6.003374652723261;23.926376046658238
88;6;1598.8262231034687;147.59048692089652;80.98186120838392;0.5082737745698169;1.0038998483774701;9.825931336382018;786.8472242329631;1292.6620548307483;0.32256699139559736;725.2418552101434;0.4827019029168638;599.7539955940097;0.26566533565618505;0.48185162082277827;8.255680038788995;24.432587473649576
89;1;2037.5153290437831;147.4533037862726;80.5102629174024;0.575830243279474;1.4089185575713317;8.379023391559404;1183.508268769977;1775.5087930268692;0.36598162701016884;982.7640296223753;0.42910324183319104;892.5260041171135;0.38349314928469264;0.48628374622518855;7.11806640613479;23.479465869114918
89;2;979.9857059609885;148.47798692884507;84.4692407431033;0.5536442441835479;1.1381273434233539;8.805309874856771;605.0082090572675;832.6150804982192;0.43195478665371545;759.026007691152;0.433991217767092;575.3338523851875;0.29218581879749794;0.421904794025658;6.12429916638109;21.857190595617165
89;3;1590.9697922164678;116.26157896250945;84.05910955043778;0.5432753944634449;1.3970518688116926;8.537396181350791;769.3262689738942;1294.16279462612;0.4266606284017051;931.7525517135641;0.4684897524189217;761.726332203074;0.31537081181971843;0.4155018735625713;6.088426232853977;23.001467555851377
89;4;2477.002153380674;149.32192607692033;83.59091666603307;0.5537845699207208;1.3331996474446246;9.021912190874506;1400.1205042055733;2057.2723975191375;0.41110562114096444;1043.879114972661;0.4429429808400856;858.8725133502439;0.3729130778877186;0.43330452302750033;6.272364877674261;23.283320938928288
89;5;1054.2813807329862;158.78413539565122;81.24304258896281;0.5307986383147794;1.4792321060564173;8.07520377007259;620.7896717208421;921.1435637664005;0.3595910419225729;594.0598805698485;0.46391504554051116;745.3347699595;0.35187958867869495;0.51730550485638;7.308158379125703;22.427200669916274
89;6;847.6548175699626;98.93247703534026;83.6160355969784;0.5417903839564573;1.1179853321512352;8.597288890104958;566.9393701203109;772.4129337558218;0.4408111128679231;679.2846332585132;0.4709458755598899;555.1865880039177;0.2671513264470537;0.4546085151885218;6.084482090645914;23.68407814636022
9;1;2316.6409624117687;193.47625123333484;76.58625427015441;0.5473040985601145;1.3300722592287253;6.869585888529953;1530.7001660619808;1890.4217271585437;0.3279752018778563;841.0109392608908;0.4575370479929065;1062.3856012878605;0.3930677240329635;0.4399314758271889;6.272028963716682;38.84047490014446
9;2;953.977458690249;91.17096539399517;79.53346434761603;0.5378940974819283;1.0194175054738799;7.53612273694509;562.2024728612693;897.4503706518498;0.3304267270296284;423.67610720389894;0.45823695586652086;438.5060499535238;0.305744072840731;0.4223407162387756;5.587159607992511;36.41505823075923
9;3;873.6901764773527;86.8958456285401;78.52793056066436;0.513318700138623;1.3623947110058403;7.4861608424874975;484.0413644952145;729.9587095987371;0.351461634849663;408.3758772985068;0.4838041801105472;404.99731599652057;0.2941562125397471;0.4137904185906632;4.740980269799377;28.275275520062387
9;4;800.2849842130393;59.89462540752028;80.777679117842;0.5072636600099867;1.2075316917864733;7.867342763345764;483.64509468191517;733.0376245166568;0.4715298690112213;436.6773131897671;0.48791716205587177;353.98653108254183;0.2809122704067498;0.4564403113936733;5.635618501701564;30.940991145452227
9;5;589.0815680259234;48.17972122220089;76.45605784626386;0.4473414622032144;1.2300966269526996;8.541557776271091;370.52296524314755;587.0069486486514;0.7071707134045971;267.39720522146325;0.5485591944812029;241.78657614746365;0.3192291908366387;0.37582658220387477;7.419807483019906;36.510418511258266
9;6;2672.2552730352736;181.61865794055112;77.48185550418944;0.47894067485304304;1.3575169314314854;7.072163043905673;1701.7164787275585;2218.0132320675043;0.5388378527161505;674.1522872325172;0.5160715490800158;1008.2880378347833;0.38654400745050815;0.4286443692054501;7.930281805297122;35.30505623701306
90;1;1656.3087696536572;92.39825831847742;73.86394420483597;0.5409533300415196;1.3157512283058543;9.167078756708321;1008.2017774768481;1459.7453210916187;1.1359819738089254;523.2759170521715;0.44988341793190706;845.5544905699426;0.3885232432696568;0.4318339672010882;4.844066738398028;31.792052844588184
90;2;547.5223103721605;55.64077393310166;82.44369600072724;0.5686816254457236;0.872153471759123;7.885120713147843;367.85383050882507;521.4738148511708;1.0669019500686003;205.03681011335166;0.44058004738948414;260.81535374862005;0.2679347091314646;0.46314095309031467;6.004961568228014;23.904012333552664
90;3;956.7472667321314;88.2235688352583;78.78945184134574;0.5328134404862951;1.2847839901835583;9.619975886415638;704.7560376895159;878.5698776660942;1.0056651396688125;461.01294027568935;0.4709787132110649;435.569593673737;0.3612329925938282;0.33595330015406083;4.594660584877909;31.098169760437667
90;4;611.2017766997851;48.01742153923783;80.60672339424922;0.5324801687019342;1.2222110735630058;10.017818852309468;340.23555816557376;559.1329819102168;1.0339390872627034;356.74296631292185;0.4754507761380917;179.955678835904;0.2967483052316375;0.36895819851159894;4.613881075898121;29.792697274701595
90;5;580.5387408542074;44.243983319966716;82.2412398038508;0.5351782193499758;1.0945950635268225;8.283476980660282;344.5651479176449;485.67019768105996;0.9814015431149631;507.32849596475745;0.47016006830094603;168.3013636136454;0.26242600656037385;0.4065137541072965;5.519303906690811;25.030947945391322
90;6;1068.2698123211587;108.23974356890001;80.04792168943794;0.5308916927664136;1.3197743153029218;9.777237955051465;691.025453859;876.3935778982635;1.213425467199548;482.33756043011033;0.4669771259250895;599.4668008208167;0.3510709514216251;0.4185897775503807;4.930436958614573;26.027316324408197
91;1;1945.2728373462671;198.57739999952352;73.83725768843993;0.6063100688981818;0.866094883063289;7.23172196265208;1164.4702003986033;1596.4775424851964;0.9689937813185824;790.4644286700336;0.3908511814386919;1269.0578619133669;0.48210843612122384;0.4311883924270043;4.924603253312399;33.93395085492691
91;2;860.1256161132536;78.29295992750414;79.91721935925993;0.5396543375224205;0.8254560229098025;7.400905700440476;523.8692928945203;749.68569228167;0.656985922145906;426.5486362686859;0.4749575670452606;491.00448449140305;0.2959144651842884;0.44669303142924865;6.694583023094697;25.926377041237412
91;3;1888.3185603963561;158.79563367737808;79.69216656971415;0.613881498787345;0.8301806444313534;7.354161054799081;1242.949558612233;1618.5545053836554;0.8428630831522187;471.18657285050284;0.3829995905343533;638.9250773885694;0.3452570097147082;0.48262887056022813;7.6750768067796695;23.774714302622066
91;4;2360.260793596465;185.67483061210035;74.6187573973639;0.6244271715438088;1.1326008009931154;7.528235598893683;1643.27999132146;1988.4591837185237;0.9014207100409958;698.2856058246222;0.38355208344097436;1157.9337306442344;0.4333364132768675;0.425794236046749;4.7577086649158025;29.9281365430142
91;5;2836.414124205441;180.57587553140885;73.32230537668708;0.6106437346143528;0.7554816027972906;7.248610983524179;1681.7611306504548;2446.7722622388046;0.9235613024242029;630.5353251720408;0.3956221242546262;1309.6530562343673;0.47200272223078665;0.4277623364659381;4.856621346925166;34.74560540027032
91;6;1935.2488652714446;152.9192508203018;79.56801803874164;0.6272947566657066;0.8604580759783635;7.7853793729265846;1335.1932992825907;1626.3481871983145;0.9400517030701557;895.8296352144306;0.3825522293068613;896.6551260193244;0.35734634631488255;0.4453194444881655;4.8593747521168975;25.22816927382918
92;1;2437.258099476063;197.26423962569467;72.70092541323162;0.5977611742314345;0.9859195421599497;9.319643665818251;1567.4266392692482;2155.667853284585;1.2239259063178252;623.7301185253926;0.4138079338988554;1410.552439826767;0.5079630586242815;0.4081806989645105;4.460045729836497;37.25951108348758
92;2;2095.3069905403695;174.61494864067762;82.77156734212578;0.6007646453102485;0.9673129277979369;9.619072376198696;1160.2828751138236;1812.1539747807255;1.301909496121678;865.1004141741206;0.3930752387805089;791.616519723813;0.37273672955407766;0.38391002145118636;4.405263965321169;28.432534836248436
92;3;2304.3924127526425;190.4295336090203;74.81343515177728;0.6159299603377083;0.9405604383573494;9.15598946280737;1541.8877095678224;2006.0285413083986;1.1902386867008903;644.7229006457356;0.3901114220636457;1149.702779022373;0.49809730812474595;0.41891559297500897;4.494032193690317;35.526810762084814
92;4;2650.2117844257223;161.48653674237198;79.32508351274171;0.5419291508242359;1.15375771097988;8.765733736792368;1323.1028125346943;2285.168701361597;1.2815807288565275;602.3042324919039;0.45073791212804365;709.3674585678833;0.3532393480764738;0.45073754564040236;5.375782718903178;29.217393550856922
92;5;2278.2423969845054;178.25690735961928;76.64431870313865;0.5939718114269293;1.104588143519194;9.561692456646567;1328.1355571336392;2013.5825648638038;1.1733369734758354;592.1889249722465;0.4219404110625795;1076.8606729948365;0.43441240836260975;0.41692893581475327;4.766232707935142;35.265206195405256
92;6;2746.7938413105653;230.414043023791;73.978889459086;0.5823533922285342;1.2366904080921963;9.373203385968447;1649.4799929839146;2368.7862140999555;1.2285130158161983;612.8560819478073;0.4249591764765436;1102.7239810693886;0.49506690707244133;0.41945470128729306;4.5268869168578005;38.372504547383876
93;1;741.8030787509848;56.66800847728241;84.44544159798727;0.5618081293131042;1.0297798228611938;8.341468637628083;435.68008051449925;614.1128811736166;1.1686070588519157;268.81895626481287;0.4491766859277629;272.42322567364954;0.2588568711014236;0.42635887884857177;5.173526689838873;20.528257519771337
93;2;806.6649342910295;68.29374658680472;82.73221963748941;0.5366201902012739;0.9618242322807848;9.163582727731114;433.95626248060347;680.2796640841169;1.1633300103610278;402.54482902343705;0.4551779422829935;313.5992398435075;0.3046386562360096;0.40580381925276854;5.19188347938103;22.73544742813362
93;3;915.2867767120356;71.10507108038831;81.87021422359228;0.5623898133316638;0.858555911618976;8.408821851088714;535.8112471681904;797.648438444053;1.2977204349767928;612.7956361660832;0.4564189862476056;388.01147930802284;0.293566398433152;0.4303743427859788;4.898556423877789;24.53507021397065
93;4;492.4738670100726;50.10711104153844;83.74562175407979;0.5711136807909586;0.9518310084042731;8.507618636372934;315.72401236924793;412.27641426581505;1.0413619122651534;178.39038169468245;0.43996777793280395;229.69013579073066;0.2568800646733718;0.4088515223427187;4.936201651532055;23.79006875563968
93;5;781.5949458442575;75.55130753748298;79.45402298201802;0.550675090010644;0.9248106171661166;9.432925176500646;510.8499059604769;722.9911967857527;1.2573589598878854;633.5682097627506;0.4556864621260235;523.9318871496855;0.27944302271842153;0.43803520512505434;6.149504627690013;24.8767679410054
93;6;665.6114567161833;52.91992428000098;83.90127669751897;0.5591424593992109;0.999034824433566;9.938581395501386;382.86934754756004;558.0393994423146;1.0066258131200871;580.4174379804655;0.44032693503048015;267.6607724403788;0.23480657591398774;0.40443822627293685;5.014938323129727;23.684523099227487
93;7;683.4062648247492;55.2207397911531;84.28945339382632;0.5777094724704488;0.8847533650839061;9.158400717009757;387.90823672296494;557.7533705054474;1.1102745587101654;273.70166903164306;0.43704900593138324;277.6420494788125;0.2687675227458911;0.43441754653685855;5.114101029220879;21.940560494477655
93;8;1045.9348456851487;93.36243216580908;83.68295541388781;0.5353088780428719;0.9681987537297713;8.978773201645378;590.6349173254498;956.4012859840236;1.20929626881856;360.99151407962165;0.4555169723467327;393.09818454370696;0.29512896691754625;0.39441413846645645;4.676627257062228;25.233084091897013
94;1;2877.5484844447174;261.82565312403733;65.06913462287055;0.5098041854242115;1.2391904693953213;8.982077662624755;1737.9522296231196;2481.15183634546;0.9488571116095352;590.3390772083816;0.49663868833115576;1072.5289025437328;0.5262770651148104;0.3354920129880292;4.530706659001625;53.01487920714973
94;2;2770.5595243224434;265.7877933311887;65.15319577839266;0.5691139597116353;1.280619220564161;9.10759433051921;1690.415378606076;2432.0593140718456;0.9491848729823104;616.1714606599228;0.4572640902092812;1120.9480804228872;0.5061548812959547;0.3263881351523862;4.6450526842941535;53.97640087020665
94;3;2141.3880016084186;215.32895158319695;69.26798773478359;0.5348275824365458;1.2306767645203265;9.196715419110811;1239.334570587827;1853.829899007818;0.8176397505580638;554.428993663514;0.45006692649005875;989.3568336936924;0.4422526979264018;0.3797840943239165;4.6163347269013615;43.31932603355794
94;4;695.3382970880532;86.43852651659357;68.10586525576166;0.5371418876273234;1.3034787072902168;9.036345641328822;440.94750747240175;682.9699608539564;0.8009458251268625;290.1585092339355;0.45603064719462977;236.04861935112933;0.3979199952262348;0.3353138715340527;4.660482358387194;47.395152547402574
94;5;487.37563705423156;68.33457054443298;65.74419961780494;0.5199708789512217;1.1828297938257135;8.737578522462007;274.208790380045;449.3050624496815;0.899819484494482;229.46598403894808;0.4800559545217463;244.52065584195122;0.3773164222779638;0.33270514538842283;4.46533123100082;54.37565911353081
94;6;662.2016844519461;61.35766118961076;66.79962195538295;0.5181900018233242;1.240901569507237;8.624950511008194;339.41497139623584;556.5440545159546;0.8123056371813201;256.69674918121865;0.4839695551813332;218.51680664344153;0.3594445785536169;0.3971315014457727;4.4695045506225375;45.494155650565645
94;7;2775.0110322903033;272.0440667207702;69.63576168702201;0.5914906608859747;1.270923874460483;8.906479967465518;1770.193629964531;2339.0681278765705;0.8749784220805104;672.0341315522409;0.4200278308499552;1075.9504434958733;0.5265272678637318;0.35540785674981945;4.688179800536868;51.15283727856876
94;8;1367.2048632917886;91.07625024604098;70.87086564262871;0.522781574417869;1.353568269946329;8.912728419539576;941.3750523217116;1223.4817682805074;0.9473225835023378;464.7141027394263;0.481008925649409;786.0778638866931;0.4558583130646352;0.39846448398036066;4.571953601344107;37.5060186189708
94;9;779.2497890500708;74.05978529815384;72.29569087750609;0.5127080341419518;1.0477734403813452;9.615196603679326;517.0764310038224;687.1657618594571;1.0084691434216921;317.3040579919987;0.49743120832578497;613.2133981758393;0.4118530633194042;0.3952734804885065;4.442232236444813;35.21571946325801
94;10;708.318807763532;86.44626689942244;68.20481936916353;0.49337356482937134;1.2991234138144134;8.68868155353315;480.614541135545;677.0887111359417;0.9203477168614094;338.5501183051159;0.5069655470998561;434.83416629755135;0.404313172378349;0.3468434391570729;4.433133969700295;38.60102772776277
94;11;2334.8055651139134;253.4744392111519;64.0608589885735;0.5587198047166019;1.2229766892454892;8.905266196777017;1532.5677837906994;2023.3360156942542;0.9287891648137074;607.0973813427859;0.4668193536908104;1096.0959111893274;0.4965433993072892;0.3480587444278782;4.645769658620111;53.05813442432369
94;12;2586.9899677112494;233.1487943349006;67.23445998701304;0.5696114801159253;1.3093409654828676;8.5292331754739;1607.353740908225;2187.2841431379757;0.8185511735250699;573.3055024648862;0.43548354891740837;1034.4829775608287;0.5165581652477162;0.37216133262202283;4.7272503953271805;44.11863984880971
95;1;1244.9137218123021;95.10095618667208;81.86613626530013;0.5136517848575332;1.2741891347431036;8.6016068630355;798.3405209997721;999.1093986405762;0.42764139254331873;487.5859251964581;0.4924742451752606;482.53832517479793;0.3283171947109227;0.4623382263701965;7.10023313301927;24.09164998728145
95;2;1978.8123875915658;161.1486735623567;81.99559299217592;0.5282729810140936;1.3772660739551135;9.333240869155084;968.2091151041145;1764.590556056405;0.3977062203496977;591.0684790980588;0.4796119355393364;679.6598211054958;0.34960531624979474;0.4305079931058028;6.290562738297765;23.928951825831167
95;3;2126.9136685492617;183.39733152353148;80.36025711165063;0.4998020934573602;1.3446925752144279;8.762238191232305;1176.847482527636;1697.268015031414;0.3878328516402518;598.7481932027404;0.5036159670397341;868.8668417882732;0.364075086644179;0.4429433706239039;6.5600922960546315;22.81412503781569
95;4;1033.5741089379762;130.70774600315372;80.01847538660365;0.5359854589235368;1.3621571198474391;8.475489353005273;595.2374621391025;871.8443812214946;0.3997343140078447;606.9892219924193;0.4678125355070579;393.86480461402886;0.3353533099060618;0.4103655717491413;4.668142661355455;25.21188781981005
95;5;819.9465994032643;63.198479460844794;83.30978344101406;0.5380777037371558;1.1758590202832386;8.916560247378689;450.18613117723135;647.0977164857658;0.43499602517918606;324.6193047488302;0.462120284000883;320.9178251607254;0.2712660294646228;0.3799064729256586;6.391963526225805;23.300532119435488
95;6;691.6509039925538;64.58509399128093;83.34407157175832;0.537101072656315;1.3064891974214567;8.426899702483416;390.37090322987495;580.1993672674059;0.4540075843505825;285.9914829185827;0.47884189827912543;320.9207197059885;0.24350265176470112;0.39183981507273336;4.855048500028771;28.2342768890654
96;1;1488.5487121394074;102.5402070007071;82.4115895872189;0.5646713617743495;1.2547991804429586;9.061630972225611;936.1300325774259;1377.2526721445536;0.5186297815258515;540.8761005749855;0.4278580460987504;604.2790533784042;0.3527262532885591;0.3856316030993883;5.1010262554286365;26.27791128485601
96;2;1187.9581888028183;163.92098725705378;80.52773160079877;0.5554514277618516;1.169508790407841;9.08510274331213;773.1424597819497;1070.955935432631;0.4854676877227305;505.0981999956412;0.45325661738555;699.6304413116034;0.3737051871886511;0.3995255638435654;5.976006052322981;25.35958728466465
96;3;1496.2342074389326;109.87154332435516;79.14805626074128;0.5236020275235336;1.0567312053711175;8.627088903089795;913.314926603574;1372.4783058359226;0.503077529554063;506.96885835173356;0.4762736893119774;964.5959597582091;0.3775682233329571;0.3922570402232062;5.518939012645458;28.403870719591005
96;4;979.0993770077416;94.79619170661789;80.712748400395;0.5615907046241027;0.866001559317225;8.945116612377342;551.763648974489;789.0121979820422;0.8058368353257113;360.36876958017683;0.4530950658998091;438.65308725588454;0.3077713624204137;0.47486342194318404;5.064193476250001;24.954900634856326
96;5;1805.4585714924076;163.6434953930622;79.3939149232125;0.5113310120887872;1.3078902188434625;9.162028771577932;952.0357654056487;1505.1798087793181;0.49873597092306376;486.464347854765;0.47426235989383403;642.5476806747017;0.3178990901935117;0.4481144031387547;7.199587364644902;25.87132315641394
96;6;2260.7539250612313;102.90670238957713;80.71347796364431;0.5633582366220038;1.1928951401910473;9.486600910197916;1248.9427712015988;1882.3359934715759;0.5580391568879858;560.0962862084663;0.44180225304916326;653.0045825883939;0.3122750014381952;0.4580624435936208;7.572840342248825;23.88697514120681
97;1;852.2728844491576;90.34126200476072;82.04081574880074;0.491581133838404;1.367626159375501;8.159740823531724;444.16262127136855;669.8955577268076;0.43194140973684825;385.5751494321045;0.5112320267722354;337.75440821307353;0.30460159002168424;0.44467919623838;6.392343562957975;23.599634105932893
97;2;2412.839894719669;146.75178343847102;80.02645150593361;0.5193050199850662;1.1181218792081011;7.756568587144445;1213.7213224071313;2077.7885188950668;0.36096151632219575;587.5865790146213;0.48603984039300385;686.9609645514013;0.32463112035401787;0.45625822566640656;6.475764565644311;22.400134965792418
97;3;1201.5806982556887;107.64152855846949;79.92826296033168;0.4968288870645077;1.4018667052267673;7.843876025337314;676.2936171980774;987.3131878538993;0.33162296972565825;819.6395772414805;0.5013559816476958;595.632665465541;0.3552224310662342;0.45681028652801053;6.408210420405993;23.990154230739062
97;4;1055.8298384931718;130.33387240636065;83.2785912003341;0.48725799229142963;1.2814554996768523;8.042568924609146;602.5165024641294;912.6607705237542;0.41892182941282186;705.1732750385656;0.49785849498585144;522.7362416236975;0.3303946401576913;0.4037514782346583;5.058287911333972;25.439529824672682
97;5;860.6274276036263;93.74357957325832;82.53276667584036;0.5129193195032536;1.4722301809781813;8.688093292066263;509.41442904563;763.8072544993598;0.5630319115462206;591.1605380069782;0.4776178036715414;514.8372194388961;0.32231196766955716;0.46853165385074597;6.420505485173951;23.525198142327994
97;6;944.6473941410037;118.6362915347327;82.59450021851588;0.4939595681396918;1.3768352752563249;8.064083200864259;537.0139407535884;842.6709749259776;0.4093771195387708;573.8257839770051;0.5093420305647577;611.497720246528;0.3089735508927613;0.4240691782340438;5.519351887432731;23.713220396369557
98;1;1643.019387345625;88.66632277841926;80.63752832756776;0.5490950110275581;0.9508861582387622;8.259910030275655;863.0352548800028;1381.585020095802;1.1306427798598784;816.3886886135181;0.4496581399831209;537.9121527354065;0.31426798999818906;0.4459064628607642;5.06752651573326;22.631543783764364
98;2;543.051605809202;44.331670062116466;80.15881587845413;0.5658596257153135;1.024362747900257;8.192030251311797;353.63429982581306;513.466179733032;1.0366040757253727;248.81212280061683;0.4433614939966467;206.0192564698079;0.24743414196630856;0.44733644144801454;6.531662915197625;25.479231191193936
98;3;874.4065709676386;79.22717064265784;82.9418766461694;0.5502982265457246;1.1189524496005328;8.389462993751836;469.4791865528862;759.731219180602;1.2333438619512993;701.8816532171272;0.44524650022592055;365.51756692452017;0.26328719478760804;0.44771978936648005;5.0715291521901245;24.42319710867585
98;4;850.5222403727058;57.9160319646596;78.365218029215;0.5826060143457172;1.058770627247326;8.14019644011532;561.627341184562;799.6111763271163;1.044629002116003;683.0867965505761;0.4374810006942314;358.0929689655669;0.2956389714407618;0.4324768661076545;4.574076255710706;30.022724389468436
98;5;1345.3973264866345;92.97730549725644;74.33723310680568;0.5014835210821504;1.244582610643849;9.31290624554819;754.583001574588;1124.1204106619068;1.1814341275279805;785.4076345230644;0.5049233443912702;684.0267377052814;0.37528804553897493;0.42482917532170555;4.553173099407067;35.12638210837711
98;6;1197.3671501203653;76.63773222609508;78.66628938559737;0.551057671078039;0.9669280415134199;9.523280867587156;675.3899294842979;1115.3609082606954;1.2574335690997405;479.10073765303076;0.45057842832954514;577.9492559744973;0.292800822716991;0.4270111966565762;5.003188296336483;30.009847022473433
98;7;576.7308423657745;51.96624112807662;82.46341850214392;0.5712296927439156;1.020627170773476;8.093956642004036;368.9434450678665;542.0167491531722;1.081660087136311;279.7387920464444;0.4361674398209501;263.8510710267635;0.24907276801382863;0.4524491975448979;5.7920325314997045;23.805989240997782
98;8;1333.7902110995399;94.01584766419906;77.09680960027131;0.5094825826337768;0.9884749472256895;9.23691046649108;800.8963514551532;1224.4820387366362;1.1998239363534686;832.7723623521938;0.48185117011182077;659.030323971478;0.3363990958514453;0.39164256308613543;4.6212485021356144;34.1289732253027
99;1;851.4482019182481;100.34336840767907;80.03560739758208;0.5321537667924792;1.333642863806595;8.914744595116368;531.7483686640184;767.4801911612177;1.3028708297808398;433.7468073825318;0.49179035051242936;272.6938291832486;0.3548725695085659;0.3721593070199258;4.309752453282069;30.827479874973942
99;2;465.791331403815;44.90670184252473;82.80540120165453;0.49480331882000766;1.1940736582831382;9.686487307592058;242.11878777521596;367.63745548268065;1.1862700433338984;232.09700921397229;0.5023239542515867;160.6304055678741;0.2875885273396336;0.38491601493070116;4.418676440003929;26.684709497019398
99;3;353.4504458073615;45.77371166605588;81.39140383705121;0.529663873904516;1.1775648163951888;9.814747061750376;190.50513812741744;257.0573881211623;1.0943057587090472;176.78721688705448;0.4792606593749374;116.59675160183511;0.23460889281783393;0.39019683851216;4.6983288106976415;25.750340783024512
99;4;358.17525847218633;39.471984766204365;83.5760369846222;0.4946031048844354;1.2211567880649326;8.560972910022459;209.614439610231;294.94507433996;1.1377361411865365;179.60198245394756;0.504338303416317;122.16461242683594;0.267172762607242;0.3793928448043533;4.68225090709913;25.942169066729793
99;5;381.79668593987327;43.14352634030334;83.43336320046963;0.5058111156963968;1.1694631535046665;10.004716935014374;232.33010261393378;333.8478525825237;1.154054547374443;227.11767709210548;0.49009154242101216;141.93101280247294;0.24682464236605564;0.3765327551387565;4.716802852923532;27.264300844098837
99;6;918.5335960537678;84.32249002312346;81.89730628783849;0.5153277290671348;1.2161322314768501;9.201353556097528;518.6544798779272;726.4020343417296;1.276786828227936;386.22660715595816;0.4780940245356309;350.68274977722734;0.3451187173753306;0.3813822704899515;4.260189458581207;33.65893217840671
140;1;2449.0714268550205;163.97809859106098;83.37610750193922;0.5757524410766353;1.1735965800254158;10.129934311279941;1423.4182726008878;2091.52511918202;0.9080132477539227;958.1385977017459;0.43519275953117775;814.9482122020678;0.3414550031450383;0.3408271368713897;4.922007743507725;25.89661126212819
140;2;2326.2693801456553;160.49937690528068;83.47352954890493;0.511921967643459;1.4987686414281403;9.720605504723572;1137.80932796156;2091.2498225439076;0.951351244393033;846.4166046369388;0.488349823245214;823.9625872476672;0.3653926665696754;0.3875977028844493;5.192946495002866;27.096853098466955
140;3;424.68173765807944;40.91242802847148;83.8386213847047;0.5667538212564813;0.8708408552858871;9.623408230197;276.46098161310124;392.67973319871203;1.1473011744344583;214.8914343423784;0.44096644596077456;226.3918610447494;0.2521015041614402;0.34111282772112406;4.795661125244872;23.92047214211563
140;4;498.3100059641522;41.27807030060232;82.35529266179768;0.5583106046528921;0.8796410026049934;9.63109512571641;363.8350464304746;495.56401319641714;1.0197332998906428;193.7798274634185;0.43963696795085605;262.76305761731095;0.29913364493297373;0.3367606846229059;4.990838942265074;24.22216291434435
140;5;1567.434854907761;112.5964786652625;83.01790773142338;0.5244961030009122;1.1423354543471578;9.34439577427262;855.6252520318466;1519.5449119862717;0.9621371989361169;553.1097775264476;0.47161467141711433;562.1428042735288;0.31379006210986726;0.3241506010635761;5.257546584292302;28.403487767339634
141;1;809.5984627736209;71.8827840901145;79.11278425122025;0.5929217819918946;1.0221598942464674;9.817563361088734;492.55108248956765;685.2166756209206;0.6780762876843532;609.1160615287445;0.40654785914123953;355.7149585676683;0.3182342061412023;0.33476613016700063;5.615815878823764;44.19759077546165
141;2;578.3458193829379;60.56882892188956;81.50767778820327;0.5102803584369442;1.2054315517211944;9.758203149865864;272.60903756323006;484.1529664461199;0.609308699601798;277.37574497182595;0.49554022100817546;245.78490491299894;0.2801500621267003;0.3406483231507091;5.259503005953242;28.074114424426153
141;3;320.0313080785488;43.43284896832016;82.61866081440587;0.5189925877490537;1.1219831222745857;9.533017757170176;178.09692337209813;243.4919960046896;0.6691819301793472;211.41697248082622;0.5030633214734798;154.93030445184968;0.28045452070207233;0.28178005037198717;4.90876337860151;36.74619234720442
141;4;352.34101767804606;32.77155133560851;80.52256852527911;0.5457434998856856;1.027771206268776;9.4845235998768;194.52852555466995;299.5420160535124;0.9102699123468926;165.8369537166571;0.4705502087874992;146.21389712892866;0.2959523201497084;0.33913907098794654;4.664769162036543;42.22887067725274
141;5;286.4035668133155;36.25648114911476;77.47960697949985;0.547026557817086;0.9232662487615371;10.091512361794857;172.88531261288944;246.10248082610545;0.8350870196936262;154.48062847051511;0.4503551223137594;136.74647269100163;0.28438248877885586;0.3311926470546156;5.010325309149407;40.90370426875901
142;1;320.1664963281281;50.61444107658953;74.71819062532111;0.585707003909351;0.9352345545811276;9.482680077955198;201.67563295342944;291.8106931520842;0.9057493841804484;155.5441136343838;0.4120259142535532;130.19657071507683;0.29618351252996417;0.32392708670812004;4.976534443454145;47.976362375820365
142;2;228.18022674317737;33.83685285870083;79.71814955019194;0.580991907555293;1.142953598108301;9.105032442265129;152.64986680072957;196.7842097663883;0.9284359269074819;119.34525460932505;0.4124514455435828;110.80465477294493;0.2862687448934648;0.3385031508572668;5.002227561105052;29.714940711695725
142;3;290.0716543706351;47.643047825893355;77.86552524744083;0.585335359255298;1.0185385582127808;9.490505627533372;188.41394684344843;267.1431411068031;0.9271735920313112;189.91708223135697;0.41555169383592633;132.47919299231933;0.30251459677302567;0.3451336616344217;4.907764482749576;30.675505203316153
142;4;250.50043959027715;27.38823199799758;80.40728102070952;0.5642016496051698;1.0390640656326524;9.38749301718276;161.23433278105063;204.76906052036523;0.9409607871723273;127.78710132051337;0.43917009935024637;161.0425701381951;0.2821315510227463;0.35240258476625835;5.2018882328513705;25.491226579811496
142;5;233.3783660296811;35.422793032991365;81.91252886999233;0.5776728326747643;1.0536294602803669;9.272794339260834;154.93174177421687;204.1412522232483;0.7723014331993547;116.52258250436745;0.41670368001196517;101.60734195409358;0.2819334262295555;0.30980481685002476;5.0023873353396855;29.503470508797715
143;1;420.40032764989775;37.67244501261911;84.20687896321004;0.4912615789285094;1.1733138890187496;9.251981382968701;275.5117364822487;386.136369224284;0.6607287033678704;236.50348085490594;0.5022220743087905;225.96231047377518;0.23137047862376245;0.2971766584904466;5.020348765704844;30.74386218368826
143;2;853.2112514027103;62.558919009470976;81.62838480634159;0.4934493277337089;0.9090173661490341;9.602044562570503;451.30208293899966;743.8230931954427;0.811315174859418;391.22285032326914;0.49702990263170976;369.1676692476656;0.3154755807938691;0.3394639704866679;5.250660155493547;29.48648651002085
143;3;1068.05302144114;113.9673897302356;84.25149163844418;0.428747952418219;1.4696358172835866;9.503940156907698;568.6111243533452;991.0825943770637;0.7019883884350565;788.9801374225008;0.5572998472064722;437.67290520691654;0.30818422204614687;0.30636320797739225;5.1162171429833085;26.78508695041554
143;4;2152.9093239040626;161.4278924762029;83.4842014409555;0.4894640886643464;1.512072480500944;8.32843643943559;1098.7531215682639;1987.36365563842;0.7468505612538834;1256.0357242422565;0.4996285415814408;1012.0131474236923;0.3923027212276694;0.3240137748409544;5.060095262486149;31.354249408504614
143;5;443.1971383806113;50.641974990660046;81.16375762189064;0.4673136054661597;1.0983366590878711;9.539311681981042;286.1854099061895;434.14521531381894;0.7087869287900934;232.4225739783089;0.5305688722946327;206.28704257388398;0.2733710308646265;0.2767238836909791;5.155638140559468;27.250185770835504
144;1;2225.7358360828694;169.8611583695321;80.76160995070092;0.5308412590115109;1.480043226813036;7.668901841115884;1228.4128759059274;1870.8118999797623;0.9091078571583192;1160.0597505383616;0.46598203499125385;920.6855624771604;0.3623125278983834;0.4343275739402248;7.636749032406872;29.69528720090757
144;2;2237.935122414945;175.10778995489366;77.84390687600258;0.540753603798207;1.3534788355694425;8.602930641931447;1371.5237491189844;1934.6224449667518;0.9507071411819332;1312.0588562641383;0.4769384070956043;941.3627238052852;0.4339393274603841;0.3899348421614209;5.356047822738624;33.96500600848961
144;3;2516.9810927668423;174.5589851499353;80.7737227732331;0.5301510880737674;1.3753430920920815;9.007249981711652;1454.2169276028205;2188.2055798421875;0.9118838191986212;1213.5738071136857;0.47738761523831924;1024.0302790287408;0.44595369094306725;0.3982692996031848;5.952501957581498;34.36242929796217
144;4;2437.625539546351;158.6157395259649;79.55254776736543;0.5233280304706814;1.5122394033173505;8.153696848550364;1419.865399357359;2063.1634531773248;0.7595318079524961;1325.027310076946;0.4784875741347064;1071.3833956226122;0.4425396756778801;0.3992314257927665;5.033140880979046;32.97721631984123
144;5;2533.629917121416;208.8783386197688;77.58405856547208;0.4998435014197167;1.336473684140384;8.995088306068226;1438.781204036367;2186.395127519652;0.9691580030008006;843.2759484149577;0.5000800618181592;958.2552830909117;0.4226979003764667;0.3402737583281786;4.98840858088814;43.203071986003536
144;6;1536.959924990692;159.66380971075884;81.97876498672268;0.4702647955899995;1.6654010629926665;9.47496371155512;824.1286666526202;1369.6518240004525;0.8008750521162651;1154.8787980849377;0.5444364502034239;744.4679892898831;0.3633264693696082;0.2535467549531722;5.027254644093215;30.462891698700176
144;7;2059.8002198153645;117.13152574618198;84.63816211703798;0.5127397423321014;1.4766021858058471;8.993526170812594;830.0876075717555;1851.9696352684946;0.6071676761264266;1055.1831388653407;0.48320234072343005;479.05442531124515;0.3394673515627183;0.3331139058887105;5.460886521918544;29.472626970359546
145;1;342.49858244569447;39.839537274857534;72.01456218387695;0.5714021658337393;0.8335458785982209;9.003173649059919;214.90767118347924;322.9850408998079;0.8784550124533138;141.42576269357016;0.43089303915241467;221.41469390330255;0.30219529870846407;0.33829786844707443;4.96179435524099;54.1323883118383
145;2;407.54955394250914;38.40333544628484;77.48739724991911;0.5890077540215173;0.8309055830442774;8.973659179527044;251.13844854884334;353.9803345817135;0.801796816212403;148.86577822548998;0.42394091526169686;237.26395598201762;0.25018790579450867;0.34450863627560074;4.9804480942804625;35.02650363774716
145;3;399.53385804824416;42.19232405444816;82.58419524125135;0.5672441879644006;0.9332910161227405;9.40209042383559;281.7578982735137;370.56074786202663;0.9783213270212506;169.20843496762916;0.4327479358936398;362.73286372062;0.2533620466411656;0.3485747378246424;6.591953676371873;35.91289054506279
145;4;864.7047366332504;60.220468843476894;74.99279935891049;0.5543842810458599;0.8395571745519168;9.126356412043387;548.6280737733832;805.658555108883;0.8920635723270317;398.7369599801288;0.44113608852379144;606.7826700236899;0.34081363993990543;0.3777244549815958;4.825354290577726;42.36861603873647
145;5;342.52089116211414;30.298855086388258;77.42955557559915;0.5839252930212482;1.0837013705408944;8.7331046346771;219.57449438129325;318.6419750737094;0.7975177728261129;126.09623265463408;0.4105767136126223;188.701759811345;0.23677735139141032;0.3649825712493053;5.173244473142411;32.84141509191675
145;6;374.44405313012896;43.22254954524479;77.45211137040646;0.5687782819831382;0.9113035575336621;8.769027619912215;247.58453412485548;326.9515412709605;0.6897682513688373;175.58930734579866;0.4332612364946675;229.08621860583364;0.2393204868684785;0.4012247179753667;5.16079832579432;37.04726312534133
146;1;290.10596040246367;25.07885480517669;84.47397638153667;0.5737448150215873;0.8785801874876383;9.19738419496424;178.47903008542806;282.96951159078236;0.8830667558778494;129.87522497987007;0.4272620190953271;189.2322600283068;0.2064625861550359;0.3714949703269122;4.864598248805274;27.449603527698255
146;2;399.66952433497266;35.61067853371119;83.68983136676289;0.5704421729445504;0.7939798973471919;9.130128775723325;266.9823122806305;341.67549553532575;0.9909893712863832;155.01015682005678;0.4309086129294147;245.44960261393373;0.22954028541660887;0.3793870387453782;5.257974309050887;26.69313975576997
146;3;688.3464514747438;45.436793413859114;84.49958422575546;0.5938867960420642;0.9037932591584404;9.167082662453721;397.65854867621687;648.1526854492221;1.0727270079878062;349.56767971048004;0.4064073189017211;321.5586132519252;0.26874761294441957;0.3722738049230388;5.4014742473434865;24.920375467245467
146;4;279.86541729569717;24.35886009192517;83.53187998072649;0.5641936401875488;0.829907130620041;9.35980538279563;191.93629490210074;270.802760301973;0.8416679660863212;111.19177998792115;0.4366747878154051;174.3522392860163;0.19574145183660993;0.30542796956895013;4.904582330308574;28.973042005628937
146;5;516.9873828143748;48.10817417290601;84.07481072425107;0.6087764971732619;0.9011381467788891;9.039571823016864;358.08657508594666;493.92487767884563;0.9156670328792368;265.11001930845606;0.3932808775392836;331.90670222903185;0.26108097290717625;0.38068351633291103;5.151465460659625;30.511252545349294
146;6;380.6715870621753;29.15968611888845;81.18618147285174;0.5508300898631103;0.8253194397404159;10.035268450145146;247.70659922722874;329.0893439311449;0.9332208462229791;166.93400727430264;0.4571742487046159;204.94456706157268;0.28559695063894813;0.30616629403856904;4.885786628811345;26.599324344491308
146;7;313.1240079538279;32.45647068020704;84.63727577151593;0.5618486677885385;1.0078128824525594;9.17807394505743;195.76072998422222;287.8910576686336;0.837994919044224;126.60861701844937;0.4376756460523702;137.2262025237002;0.2258168643524545;0.34765202039961696;4.801975181026602;29.805321036739706
147;1;911.8452261242951;68.51275211092269;80.34496566866666;0.5088337698075986;1.0294185589519813;9.574537100652766;493.7795785671955;858.4179017424203;0.6565724092786037;606.9596915803621;0.4878892309465879;489.3908219680859;0.31230969803580527;0.33040109576382853;5.19259827051343;35.3216582565602
147;2;1444.3449479952164;113.37635885313094;84.17218859864292;0.4965292839343672;1.7177779220203926;8.943680527164707;639.1143502548828;1289.0355680575872;0.4802782208699649;830.4558065258125;0.5038323030023535;578.0267708914582;0.3389754295131816;0.3309857269034179;5.240702648427425;28.979824350584146
147;3;2160.6522254410997;161.30384432803797;83.82554301448599;0.4864630003110293;1.4888764278984867;9.184191882990595;936.7852462608582;1794.9130126798732;0.5520185107369293;764.6665855696689;0.5081849571093013;590.9062979192465;0.3266619834622339;0.32139742107674024;5.487718620767047;29.35228404279237
147;4;2121.9915569876853;132.80500337916942;84.31887568886101;0.500528569879828;1.4673061222617374;8.926844266113024;1017.8534626760404;1946.8450618667846;0.6616122296292543;912.646614211475;0.5012632899529869;603.9312394075159;0.349402949817189;0.35281938236936994;5.322878004539707;27.523177136465762
147;5;2126.9195193984465;129.3041468392961;82.88490395814779;0.5213325474236213;1.57466142697274;9.012783684763754;1051.3155898185478;1855.487772943316;0.6272019631422172;821.0119762645514;0.4830795137552034;784.896880095045;0.36197420221168125;0.4007281342885175;5.2386091798140475;29.04911307831933
148;1;480.50121990753416;40.26415948044056;84.02624902837078;0.6023799236361469;0.8309813395802714;9.61022392358593;329.67173937895285;452.1782529911109;1.2063883419862667;374.2563261052577;0.42317588034739034;290.7416030381472;0.2583378079171158;0.354407865446946;5.02520904927005;25.538306646601104
148;2;1724.2091082980185;121.25164496930898;83.22403797340053;0.5643195367037535;0.893344131682253;10.570282619527891;920.8713822896259;1632.861525359926;1.1917682301954622;865.4496326681244;0.4437227129871028;564.4018829496556;0.32251164862586157;0.33955220547896725;5.023520646657931;23.410737321335837
148;3;875.7653997780584;56.886052352462386;83.62546573009985;0.546061113453977;0.9577685075382886;10.328250838731524;460.1075525518984;759.6352717130078;1.2159033897904108;462.2072210317896;0.4676287146476964;292.2792117513425;0.29302628167708855;0.35684464829797513;4.92586960885204;27.955198000281552
148;4;421.8213718640249;48.29538584238805;84.29590113933156;0.5642461724438251;0.8582847919261114;9.6730685392758;334.3075458434762;412.68845621737194;1.1343076694219982;185.35015953327712;0.4431961705458074;253.10746129278883;0.2470780023285657;0.3588007428595884;5.009281720578578;27.827315955053834
148;5;1048.6808542935717;111.31849329966042;82.17551738434997;0.5309794790630238;1.0294754110740458;9.565742573952605;552.9206607347497;914.0187025146639;1.2848056570828141;682.4752701316831;0.474027627484102;535.6406900983967;0.30525750302702304;0.3197350945591485;5.213295927547014;26.08728293703229
148;6;884.7841899592294;54.12120221612849;82.624565149416;0.5468057411395958;1.0623627055671243;9.351938013111548;504.0060728849044;811.2832362134643;1.2793786452505669;591.4415559392635;0.4666293529428234;337.296080299749;0.2580343168252247;0.37501405197773097;5.291066951453896;25.2336153291831
148;7;441.73508982994485;42.07292020098641;83.72868188675837;0.5877260498812206;0.832536083848299;9.715403805748869;307.8284125719121;409.1024595704824;1.230590371105088;156.41994676282005;0.41762474850761977;301.5113220357118;0.23210754566000533;0.340478466970403;5.260022813394435;27.0653570653831
149;1;324.81545556151275;22.368862523907183;83.47169711752373;0.5983787652665713;0.9120713801185938;10.319833513755393;215.3112440674317;298.439650876112;0.8058801644297268;121.77360903641073;0.39811116010090086;191.82235519133573;0.23391419521615167;0.36897298825122393;5.638126465087016;26.42207678795021
149;2;344.9886019964948;24.279744098424025;83.38638258276318;0.591946623102086;0.7990545303881343;9.687894648952309;194.95329192380203;303.07805775615606;1.0357464623669084;124.82626328373665;0.40809839645108525;162.71854433797017;0.203161424866314;0.35323594499286953;5.587792238469839;30.015009373002176
149;3;297.8665392271766;27.06061820311651;83.59091769917856;0.5722770801452223;0.9089944675078272;10.039971044441625;184.95173410124153;274.6937017204163;0.9838657524754524;122.51434902546052;0.44191530444651284;220.5929746591712;0.23039389496584184;0.38832524341830177;5.581723232260194;25.88995980731309
149;4;315.08913253170164;27.743523009889845;80.29034764876893;0.5910006288270738;0.9289621513465053;10.071677372889228;213.0643138322774;292.98350833915737;0.9648641675754681;135.2577491293616;0.42425495982409517;209.84402476881885;0.2538339272867321;0.3260153956284617;5.038061207594672;28.007315119304042
149;5;318.2310665438999;38.768458315697785;84.45985283694108;0.5653756226729435;0.8621602398052994;10.476147135668315;216.15327712290235;260.6458033512527;0.8771995971036328;138.13764149272737;0.44451450317147556;156.85850252447213;0.21161078361798882;0.31631780484182115;4.701028600125988;24.05014646017766
149;6;320.9000283443648;31.44226008210499;82.00470630076009;0.595393228526829;0.8530552838522463;9.903252612286831;231.8854471132491;302.2318255012547;0.7820397382681407;131.0349539267042;0.41510833827707566;181.0395493953148;0.24158485279927597;0.3450743948407346;5.056871866307667;26.09904153963352
149;7;338.3339785953312;27.229939263960205;83.67879190259146;0.6231129046335775;0.8408476845442041;10.169328169251036;211.30364751065713;315.05061488637153;0.9234550657141495;131.23853166924746;0.3804251502324228;164.25424585633849;0.23912416509323495;0.3474147554019148;5.56113279268933;29.492991862502446
150;1;606.0563573673388;36.046894648042745;76.4549901927619;0.5930118260845423;0.9367563030990089;9.239758710902333;349.5636666527153;540.0022924721102;0.8119094646478482;219.19157259992846;0.4143213173560361;381.9273319427958;0.28666427899630753;0.3093640744978735;5.006969189055199;42.79690384152361
150;2;2012.4040645552461;107.73296369521375;82.00180286672946;0.5111598155385001;0.9317338320483884;9.6161974176596;1002.1086592807432;1811.393670570837;0.7409569559557948;538.7734796135355;0.4912057396688281;668.860463192437;0.3163679613716996;0.36937881795546995;5.187253989499391;32.543946831384304
150;3;2257.8666823198287;146.8677811324489;79.48401284047083;0.5128460002618902;1.0169530026401794;9.214414540268692;1266.8246278570964;1951.5252805535324;0.8522633631138727;614.9084940449026;0.5006391180304128;685.0044163094389;0.34234871404588185;0.3550798371988991;5.4023613652575815;29.086851363979346
150;4;1361.6598557113532;181.63239651934288;78.35697573043717;0.5076780292233264;1.2225890424618073;9.572075952842228;741.7305082267422;1113.1647989615992;0.7488402825859543;521.5253161126318;0.4878280700345597;598.6387880238808;0.3880712940897472;0.4593107114757764;4.754246448585897;34.61941576297589
150;5;487.16486487123075;39.40693144263838;82.65655826867649;0.5996694590986441;0.8895749383848923;9.894335334341157;350.67796046358643;494.81435280168233;0.8130791788279111;261.9547751326688;0.40272627717575665;282.8977072984811;0.26036779243689717;0.3498864425687859;5.216417332563046;27.17734260568109
150;6;1495.8185184686977;93.16687535608108;81.06554539258208;0.5287803715985316;1.0803588335406065;9.81550510217153;727.6443004729414;1394.855554175498;0.8426275613592195;499.0668772024028;0.4794984067318256;584.5041780631568;0.3377755936594991;0.38862816772427466;5.347259853651534;28.64463206262227
150;7;1603.006700083802;77.88065093745617;82.53138962930161;0.5238843768871285;0.8548500199600652;9.249337876846324;869.2731504430906;1469.655290115572;0.7275756272644094;427.33229350818823;0.47598513598820835;635.5561617555948;0.28315172970282587;0.3785677191737825;5.951161247448564;26.910423629257934
151;1;877.2008326217917;60.935498501940316;83.97734665463192;0.5103607647224403;1.1404810293611967;9.233804035145722;462.39478165319105;809.9556317547576;0.5994337522509556;505.35936343467506;0.4867142350250742;313.5444017877407;0.28299243454795336;0.3880905128432851;5.0534529642393355;29.697601086574196
151;2;1746.4937949890652;116.24642354210533;83.35753521568975;0.46110554945293025;1.3971492686608806;9.07546655293015;963.2278899274213;1528.7526966142427;0.7349933220528744;969.2929264724863;0.5501170693183329;805.1504323813839;0.3359917462813283;0.4150898366209597;5.295395441023011;27.719254574826692
151;3;2487.4849450877896;158.8400274285623;81.7179964706238;0.5313771552778257;1.6006305072218803;9.623090064598848;1276.3865547120818;2207.402556154392;0.6560863330728713;1312.5182416674934;0.48283277257689733;1097.673795556192;0.40951371189672287;0.38253265113883117;4.948485067672446;27.061782581279463
151;4;2010.4807118233014;178.46594893506114;82.38699098126048;0.5155165145591378;1.3882436323309055;9.27531430187464;1119.5475851179697;1818.1210386777666;0.5613542219101254;1304.8265798698917;0.4876358712707767;982.8231959377741;0.41530662988724515;0.4355487895335107;5.391030597714007;34.20969670735239
151;5;1937.877916704915;135.4927411711414;81.65606371080027;0.5488069410682426;1.4155990137189713;8.109610351494181;1205.1486171551035;1744.0183968493088;0.5186022345747151;900.81335359198;0.4503276707824948;898.2449073872217;0.40653655843355785;0.470762274468059;5.394082931624382;30.55128582287688
151;6;1183.5582227354525;103.79999881571334;84.25355523127482;0.5311491502697588;1.3786972239797441;8.949108178768247;584.2709438282833;1007.8091734908829;0.5569840719564569;627.6314141405342;0.48435171756454865;515.2329446018916;0.2889958303442875;0.4632494828794349;5.279913280222087;27.336437689255227
152;1;1052.6667391072847;64.7769800928268;83.0905705740772;0.5510641138372326;0.9636215351050242;9.875050724307394;596.5378876664408;929.9924525432884;0.8093374260830415;579.4993960986218;0.4447803253854408;411.57752704224947;0.303436238385652;0.36831246658098005;4.991818197671089;29.68340078412763
152;2;1979.650398806254;131.70390690264543;83.84213997274074;0.44512887290025366;1.6322829098074716;9.756164670198867;954.0804662778016;1716.3410138155825;0.6538813419051679;1184.789398533382;0.5422266758736175;850.1852203203667;0.367806356610313;0.36535259925248154;5.368960170579095;24.568721849336512
152;3;2020.628940465113;148.41662712895481;84.47185944117035;0.44116478266387255;1.7070398010705443;8.895493398471093;982.6816980173759;1774.6376761098413;0.6749508435878215;1083.3541191628128;0.5550799192612871;950.994114164513;0.3385805679018369;0.3623615742063233;5.3247364551374154;27.24573435402676
152;4;2332.827250810781;160.2586466990798;83.30741502868622;0.48569374877496907;1.559098555074774;9.329612558510865;1251.6482868387634;1991.7075861523374;0.6333905006780541;1300.9210944952456;0.5174954075572323;992.6904430142619;0.37569164624786305;0.38122045625317325;5.401301707819921;26.41740733694283
152;5;2255.6680425886175;143.60983008338727;81.00147257695076;0.4886298516630325;1.5147667470682358;9.07030958110742;1206.5905662329624;1942.0673754624609;0.7260997457065316;1071.9267501699117;0.5001829440355379;786.6326449873965;0.3976417828746756;0.35414982715624854;5.1742603342459015;27.27104632757661
152;6;1509.4152528460056;112.58995582016884;84.99480567072497;0.48123487168484325;1.1783776356323319;9.2130378201172;674.3646782864532;1402.5035473812336;0.7957088279185075;647.241551789901;0.5178261519100925;502.2108354817851;0.3341359663822653;0.2905651051010393;5.35688091552616;27.365239398340414
152;7;607.4250154952513;47.40841375910772;79.11149653573479;0.4939033332666629;0.9855961566638901;9.831637754084467;418.2516134188229;597.4768791874037;0.7764063372104748;314.267371192865;0.504360631909689;306.91387043005346;0.2981961505816271;0.31431354329273986;5.2557603165302975;40.27858335725213
153;1;269.2027198175635;30.95056378325337;82.89786474711511;0.5429111841531288;0.9630326399228221;9.03347161053005;162.61691084896648;238.89499329576844;0.9538692246764051;208.12983175046338;0.4564480458239505;168.90624866612978;0.2805018191642768;0.38514582918628626;5.149789874457382;27.258420162992316
153;2;316.1349610507733;30.584553744463;82.2276091734483;0.5701319835971796;1.1492237860574253;8.602918220823708;186.19498447679027;270.435113085922;0.8199178787350302;355.07474098249753;0.44559633797370324;135.26683245259505;0.27995023795662377;0.3295378465733996;4.7949080273784315;28.86401110703959
153;3;249.72184993671488;34.958794710581444;79.03986811032824;0.5398738658388108;1.0859899602308585;9.68338830163441;159.12028613391956;207.2800638904571;0.9066941371934386;146.44713679322476;0.4695109010905812;125.50266511018714;0.2916113144784067;0.3165725238481331;4.822993937177643;34.2841783046585
153;4;320.4841380531059;28.0091329205654;83.99041916662658;0.5104634626138949;1.1101799667042043;9.429162474060098;185.49075457038322;284.83724986756596;0.7731206548299364;209.15005249427534;0.48914333190333614;143.17866154019242;0.2940035160312346;0.38970037085205833;5.369662837973305;28.1138124786645
153;5;341.69483013321593;31.196669051039734;83.00933280982694;0.5108772506042191;1.1186254619797116;8.997622432700426;201.0839752175125;305.0216136207548;0.7131992919579893;181.14219381092184;0.4857453132732947;149.67798944028488;0.3017368460439194;0.40195922467651035;5.673604962524613;29.51728669638887
153;6;249.83719588823496;34.33146925108144;83.63943961375526;0.5630259675491253;1.0249842299880136;9.292927794201887;155.39680289931644;209.15374254227615;0.7466415226050295;143.47638764435533;0.4473734133052241;129.6614008378258;0.29945207364523;0.3277860567893498;4.929466081650117;26.722853209272692
153;7;268.5457071838792;30.851662454040024;83.11080037923408;0.555689887249127;0.9746207968154474;9.80315159641867;174.09906995904356;246.0033423419961;0.8118413870392873;434.361780118686;0.4333849641753862;160.84020001048262;0.22813258961755042;0.3529421008569517;4.724464477179559;30.377570917899398
154;1;1562.380322823029;84.17864091596829;83.46144625991067;0.5032418640035848;1.0452764284011664;9.678567260118664;827.5420874594997;1441.8378868925079;0.9092433569183854;614.2497560788145;0.5015362797209295;529.2761028042275;0.3025201619418121;0.4399550346977016;5.4500444323173625;27.33368433354943
154;2;2071.134744342012;173.23040414340153;83.20217823420677;0.5204917560817867;1.4006852880797662;9.240962336079201;1287.2930687890087;1760.5890293791495;0.7016191683362734;999.3889009534005;0.48167017678438745;835.9879080896882;0.3516159467112704;0.4400536260094156;5.863307022823607;23.84726745859619
154;3;2448.0888757444704;147.74736189548202;83.01914475232556;0.45069000821544547;1.3316361187319157;8.981911542812655;1303.028281170416;2120.321203702595;0.6352048898676519;905.242037848585;0.5471268066003003;765.3281765160117;0.36088609809807887;0.4002112508566642;5.267689997823927;27.105501684676934
154;4;2153.2868411328086;170.9013409132864;82.6670174954102;0.4828216020956899;1.4797296894314773;8.081972200603435;1124.9649970932949;1829.4293635185186;0.5449289312572451;1262.491255257148;0.5012648368921292;939.5261975690609;0.35655451364939933;0.40382107366904063;5.941279352299295;28.230212134480915
154;5;1741.6060525098221;88.90074142808017;85.17452235707115;0.5142544723733672;1.283411155406518;9.078866704159399;897.0588240946557;1667.625311989066;0.6855167512456125;590.7358936767963;0.49938705958516144;529.7158142430743;0.30648517488918947;0.34536605470045084;5.361227748404499;28.06700562613042
154;6;1897.116241405583;137.37604052943698;83.45555925236405;0.49249215324857054;1.3158029238131455;8.68516437810635;836.8030115764002;1671.2255320081283;0.606549467830774;668.5778050930468;0.5187906382406138;586.9807725098506;0.32653146447720216;0.3162946372478536;5.652387232844648;28.95724274376968
154;7;1191.5338210172379;96.69076665219289;83.38454426643109;0.4654037386072406;1.3890399955838122;8.469786454235093;633.5310423086726;1068.7400255643959;0.7060496856881086;876.1660002034442;0.5351182157417468;629.1048199983513;0.33040202328371726;0.3060746316224261;5.5755293924086065;29.362036852691016
155;1;482.0174544502447;54.36530830125978;84.80701058626069;0.5299343505873881;1.1096400684279744;9.895946085235092;307.97495462134117;456.87451543586104;0.6801022156778568;374.2957757448834;0.46268308619797793;281.0168563649721;0.2577917687629218;0.3879092001445727;5.208757303576236;29.657028597143963
155;2;778.0930577535797;64.38598619462623;84.12469537364719;0.5033202819537808;1.1500981651230269;9.817439426694511;441.9057330387171;682.1225977940298;0.7883792603249862;445.2125284101406;0.5107322360912023;348.8262941298166;0.2797414110778176;0.35135597424574533;5.338068036383724;22.49192177258466
155;3;830.7228720026645;70.90412650529952;83.90578236149743;0.5181005173970084;1.18828044988516;9.095880968575836;518.0948492643234;829.639239515856;0.8405790554689505;482.3827461838637;0.4701801466727721;390.8052513387616;0.3036368263811681;0.2792211542067773;5.052434534536436;27.095322619339992
155;4;676.9715684565449;58.622838418070124;84.2526410534537;0.5004925457664318;1.1922148402131574;9.535269174060023;381.9391758066264;615.2793809255509;0.873836450362961;375.0621223186891;0.4844483174953547;318.51511239052803;0.30409837622461183;0.3420675422072431;5.206541593942168;29.28276867837301
155;5;813.8599400852295;56.83422875823891;84.99231906381088;0.49448864476912285;1.4857896293600463;9.456437538446323;432.4914822700403;737.0341828415662;0.7016176797686404;549.8122775904594;0.5285335444939429;298.42209938029606;0.28568130118751384;0.35953811556916165;5.2257573189761555;29.296886998995568
156;1;412.1160161252148;39.422421633664825;82.41231683028526;0.5807519346005207;0.9435393861304764;8.82607290107581;259.887798744756;391.9396774750026;0.8573720828798965;156.3489178923075;0.42583395606787583;236.26908600400265;0.26494107148818064;0.40486600284389945;7.243447010446888;29.638121216262185
156;2;345.98328134166826;35.65387270464157;81.67153606239901;0.537988135404704;1.1622514172738938;8.974297869307879;224.0749592699271;285.07060729213754;0.4783346165735342;242.51841407384026;0.45596034203043884;159.21384091832184;0.26458887586938235;0.4189082908835969;5.162364151718883;29.6982144461609
156;3;842.4902923771858;63.87165893972425;83.95669639670606;0.5684132618530351;1.1553872137105012;9.150862584013025;477.4084611990202;749.7704364265162;0.580692523624727;423.44618148948337;0.4451499575265439;309.8871165096366;0.2836705230191704;0.334909279650416;5.166031034119569;30.240894205514294
156;4;352.23255777356;43.84758620878694;83.88974820034905;0.5735703392452852;1.066631246408904;8.480934367200078;250.31237750936543;336.9237858731078;0.47505411140450415;137.23429734299248;0.4295287229109039;196.95021697681022;0.25464188147103495;0.4273201862331679;5.252975072847421;29.645662293564634
156;5;520.4384780754505;52.71637268683199;83.49786558022912;0.5425724780470843;0.9240009056350194;8.873442064567673;351.2068811729272;485.5172796486419;0.5217964400747269;399.3301731343084;0.4603939854203898;278.6555537027427;0.2529277467029189;0.40104433623729496;5.171486963757343;30.632799542198963
156;6;1023.3866743572474;73.56939071984561;84.81672674538883;0.571050906079846;0.9262547985574188;9.416233232837744;530.4898420557132;880.7767792145368;0.4781749806549147;506.73903874140444;0.43096966149629945;359.6476477292121;0.3114937949851473;0.351047416815045;5.557313376485658;31.47896800973264
156;7;382.36758553468286;35.708261502782605;84.2703155546967;0.5987729001531743;1.252757762834979;7.885590933375082;288.06041091303797;350.51870509746425;0.5810189995223488;167.22708802723346;0.4033498770672962;208.98945545956158;0.2637512542336446;0.4426765808944298;5.0320588960585635;29.62876809466752
157;1;1154.7981238720995;86.29993968937606;82.03022205203688;0.5148271533199695;0.9329259829712061;9.422540268422734;676.9486039271214;1109.010705317649;0.7998674784318499;583.5653876447186;0.48521330390944883;644.2648504095209;0.3155619994461568;0.32449817141160636;5.243665183873921;29.777071552287318
157;2;2283.6419905930634;159.3477925270688;79.69947547006034;0.4466317561951873;1.4160651218222586;8.779529055100413;1119.369066079763;2056.9330724450365;0.7103537624014064;1130.2662947566373;0.5473747805265278;779.489200148083;0.34282211308934074;0.35932261721602393;5.829611582608631;36.17440361632822
157;3;2244.6788692818404;148.89612461598992;81.692006503561;0.46756323779068887;1.52759213524211;8.92538230738799;1085.4403257898591;1948.3461537121257;0.8583559030455136;1282.7685285950429;0.5283522513031922;855.8567704324394;0.35143198447128043;0.3364639437266063;5.176497664727308;36.78603208797495
157;4;1680.2082702914645;88.1886230309296;81.10224632834444;0.4626165675272408;1.0576743698730096;9.617790850928497;913.3993932570453;1454.1306747512108;0.7957704599165227;578.3087660029016;0.5367259348453323;687.1652869451533;0.3009007708921384;0.3555704082951125;6.232268693919057;36.09462286346478
157;5;2384.3951083838547;146.4586536405819;82.36482459724286;0.47040063600096055;1.4442116395518623;9.183072800051239;1261.6123531292346;2000.776095230674;0.7862279282489554;1215.023477620094;0.5291518327605584;918.962866785183;0.36714956538876153;0.32313449651276094;5.150901647759021;36.98933983427094
157;6;2498.110878926011;142.42288320607582;81.32861698005202;0.4470593424603118;1.5650921966155167;9.196572506378487;1253.7905194823904;2215.457398623421;0.8735657090642966;1220.781113991648;0.560782671138427;756.7075497459524;0.33723082615781297;0.34529771844101276;5.0948474560770505;33.81518473493344
157;7;1311.1246133092957;66.90453172219553;83.24589237223756;0.4849627296437432;1.0264894065985932;9.363489607952356;771.4891731411979;1264.9658788763597;0.7437094998330819;541.9310309865891;0.5243018148597907;538.3518653465712;0.28883254519167584;0.36073220733319106;5.952497188756007;30.268368422580917
158;1;837.4889370593938;52.40038500704898;80.7595969361841;0.5390277017259356;0.9923963617722394;9.278548974899897;469.5366665334823;769.6446930652357;0.8313428259063764;402.3689566676618;0.46283320742738887;398.2254187649567;0.2998993480921175;0.3969359651213405;5.916579658534298;29.158288486822297
158;2;336.2933235949077;38.906412690609145;82.4608776154814;0.5572628457536021;1.0082226266351164;9.684484163127944;227.96923377580518;312.24343393550026;0.9156844420542473;137.05527598514325;0.4371802933464013;231.1792707739765;0.2742683448440815;0.43784597098450534;5.805242460144931;24.608247384965075
158;3;336.6427008743795;28.2577573765341;83.30541373259976;0.6080472749938087;0.8634254024746018;9.348457573500344;244.55274696219837;314.7120435954966;0.9156339243114239;134.60859970888563;0.3789158507972279;213.77078055602215;0.2318576666126851;0.37463216313563513;5.218584264250322;28.93186807464924
158;4;850.8903813260138;65.52300018715734;82.6218147333477;0.5507742808982371;0.9518826694693727;9.341752757847479;489.78806337056113;761.0419978117612;0.9389144160864408;329.6668462373489;0.4452365030903055;445.7436007164404;0.2774550020139725;0.35108791044321935;5.4396443770296905;29.97052778139497
158;5;816.4637188328936;59.408994798099;81.42884487293705;0.4919829757399413;1.0114204175308896;9.511470993762389;450.6182775054203;744.053405120608;1.138301147697687;528.1253044310893;0.5076771484193656;353.86394139971605;0.28902873696510284;0.4124927041844431;6.300302432727849;27.367529890047862
158;6;543.5749460010414;39.70651810239437;82.98960891450054;0.5997442499327128;0.9381173709714642;9.28103003401785;332.37030833809047;478.2725069112355;0.9420089258176458;180.9248648981734;0.3991323297978662;276.68266388997864;0.27898814322123683;0.4061510204072466;5.578734397770453;27.124900497629252
159;1;734.5160507431855;43.33665185330576;82.64117861415896;0.5618656421554913;0.9927078241642012;10.12260744259969;420.08974090704;671.028655193311;0.8025665604207286;298.92227826174565;0.43362002366252583;399.8804856898072;0.2738431168583706;0.37099459706341315;5.885056497292919;29.829918134387377
159;2;501.90654100512455;39.82186669577916;83.2056775445875;0.5634454361214014;0.789283832198945;10.533185903291846;350.76745405256753;489.1159151167209;0.8504466718856094;178.91546783428396;0.4483140795529371;292.99016649827917;0.24675672874382612;0.35044156259911796;6.288453407793978;28.632539012389106
159;3;401.9622401156541;44.589666072534776;82.92823628621989;0.5807298906652906;0.8740934413939683;9.974187246171825;299.52254110204774;391.87213705510675;0.7979309291307513;157.9195812539534;0.42619036496846213;217.60934283315027;0.25330014212927277;0.3004054444188741;7.106199233926561;30.04456217325092
159;4;813.508160968112;45.43429054617614;80.18722716396746;0.5866617529287459;0.8104383188648007;10.32013216197865;438.3995138984456;710.259404474883;0.8299901762013076;312.1775757951619;0.42225491325551445;415.9779453904596;0.2752043239919253;0.351714903695882;5.8892733545262494;26.767496897874025
159;5;341.3179383863038;35.609420328101585;82.76857885892369;0.6008722167558315;0.8904559281451296;10.100902665691402;221.7588456878094;323.8383926379348;0.7884745928239985;170.2344528362884;0.4047275298001327;227.7146372125623;0.22962066473278184;0.2840261910840571;6.213277202340569;29.607230529111572
159;6;421.92771824384954;35.928109739754056;82.85884720267589;0.555434899760426;0.9627838395395824;9.287591337606033;279.55664677179215;364.0935660636561;0.6296870557958069;158.69661538912584;0.44894855175193393;268.29384810651743;0.2659171118819916;0.3800031966482384;5.264570739946247;29.622561644656603
160;1;1845.9070105827393;139.8323747325365;83.24485081462564;0.48263288583429104;1.1186177683475371;9.409399035762048;1021.7542172097425;1606.3743856979872;0.933693386017326;656.511658950096;0.5263008818921223;685.45920350751;0.3277707406678182;0.3626953572641156;5.24864119185967;28.67529313994243
160;2;2108.088862356589;146.65197450096096;83.12074654883013;0.50804139605373;1.1404159691148827;8.57113524186589;1106.276771514089;1969.301360678752;0.9221471085175837;705.9089613717731;0.4948875288075354;646.9967457343712;0.32587549396377213;0.3445950842714609;5.264737150800288;27.966009297591043
160;3;411.524190239882;39.09346418205054;83.71001705768009;0.582758286194331;0.9934547923363636;9.210027885779377;286.8021345043277;395.58637891350634;0.9477360200463545;139.66866608888176;0.4265038393225777;293.87294179344684;0.23803276131574969;0.3301296107976346;4.9633840803150315;28.02094477814019
160;4;336.6399893351769;31.362073614184766;82.68848300252299;0.5903123609524885;0.8190317727714002;10.423076595273374;248.14981136544148;321.5543786332877;0.9302903875867758;122.07287332429257;0.39774220201094046;215.3228505674066;0.25933902296458766;0.37604413078836507;4.9720107248039005;31.08238708651095
160;5;1952.0831672352697;130.15666193113276;83.64121352330058;0.49940478947286343;0.8564724542754798;9.16336587870242;940.8098488508696;1831.5009405269;1.091442879568276;825.0682217703466;0.496029526118811;720.046891446071;0.310876339227713;0.3485628826893585;5.195696166211514;31.78575579440045
160;6;643.2768448105129;53.854266757259346;84.4122184042364;0.5499808989075224;0.8731443434745887;9.763640057043006;359.8115437072693;601.2606520979764;1.0628674941954832;302.9215145031312;0.45825930573637813;298.7699858850048;0.2679159090071395;0.3460487325969393;4.959093380941158;27.26289995097968
161;1;946.7781987584469;73.1931236175336;82.68900860363705;0.49733576769120097;1.2057424047383756;9.876308788916832;519.1990227116568;850.3506113688812;0.9221058187490174;483.8109942337351;0.4909251129080948;407.09010837441514;0.3166513372909079;0.33948344340054315;4.9679068739517955;29.341851220320162
161;2;508.88952339500315;44.65675914248583;82.06168698168085;0.5888424958465226;0.8578433255305277;9.435495047623089;360.79828767380866;451.07518391937026;0.7287294754892105;260.7738172364726;0.40734916282216;289.04608541975284;0.27280575850766237;0.34673978873083067;5.1802002174457105;33.47018480717346
161;3;978.852579434592;68.39738861033995;81.47851750093399;0.5328013504404193;1.1015454782616196;9.650503251477685;515.3213941648942;860.8893476724405;0.9072077701125245;547.7094346808212;0.4759939438764553;387.4963909959684;0.29103451709189543;0.35601115350853385;5.067019508319996;35.432627110490095
161;4;530.693973893939;46.56962097926218;80.5641847944832;0.568190989058037;1.0724775468604077;8.646871550710255;324.16384829795817;505.5874684224277;0.557336376479974;229.18025683170524;0.4323241700988742;275.68463168425455;0.24863243211800054;0.4578706587494268;5.255738466647816;29.86621619039369
161;5;465.2628612907505;55.18953285949234;82.29972592329818;0.5665772732873454;0.9446570048792021;9.62892898517733;294.78171966172863;414.3752946794555;0.6340720906211003;168.90666814036697;0.44157331730528904;249.11534611043015;0.24751301846309215;0.35848189509209294;4.780188561841486;32.25656152323765
161;6;966.5480525016274;61.32605599161614;82.72224794207357;0.5439985181065607;1.0506361251211023;9.052607512179534;506.03598788206;804.5651877954213;0.8728583319215073;423.60653128577695;0.4576732925441112;373.19858121345186;0.2811674176694774;0.359389122881678;5.926101965459932;33.62145204169279
161;7;777.4526639153867;67.32737050613126;82.61667184660884;0.5040028672943802;1.0113528921761037;9.544301907878443;421.5228295186916;710.3362453452021;0.887871837537902;471.922726331509;0.4890354676178753;436.69509963049757;0.27929127615181776;0.36869983646605214;4.958602835082009;30.717108483866536
162;1;684.4842370374109;52.68512841768367;83.9793495925533;0.5584822406490575;0.9727953901363251;9.975794475200125;343.0058900496045;613.7442941428883;0.6394439939066904;315.54062556568306;0.45183027753596755;317.1581180480899;0.27190171183878664;0.4130966559520904;5.446061492074466;26.723216057810955
162;2;843.9715336574595;61.479300971643205;83.43432353173239;0.5015397761146435;0.9669796236967824;10.191820850997397;466.69722999634524;823.346793168641;0.6695854761513746;459.53912853325204;0.5082365324822924;431.52933889199284;0.29411874270628696;0.3645480718878619;5.478767038221515;25.856479043615327
162;3;2137.730049764385;134.15594741706366;82.85780258397696;0.4899120584699323;0.9852642128344979;10.469589318151874;1042.3850238671387;1915.354852879621;0.7300862201964412;914.9547773753773;0.5127531941755213;676.3081909490559;0.32733026597483045;0.3890612985037116;5.379898950659233;32.19323552233463
162;4;593.0763869267203;51.638721431082466;84.1791269424196;0.4946005026405102;1.0013952910182307;9.714408125213652;333.3568098853115;557.0156451782211;0.6329775949246327;271.18838490347406;0.5057390147260419;297.91383724080225;0.26405201638519793;0.38329758542478615;5.314760883799104;28.938585090568907
162;5;893.5734594828922;61.49839420077635;83.9673381237152;0.5199939050223571;0.9931107528356006;10.095099969642607;482.796173782901;800.2407834271777;0.6585424150360158;357.51489921207155;0.47767684590057935;304.7202223036421;0.2833898318272259;0.3654568282018263;5.2891859920345095;28.53267785425048
162;6;921.5302610250781;74.73020110316162;82.68931301551811;0.49743620032728286;1.0093785767072;10.047949227618684;521.3035330851877;809.4398452012289;0.744866781298413;432.3843129695993;0.5180680623924715;350.4872246872239;0.28177838161153773;0.39005893963029914;5.329325815387481;31.316618344126656
163;1;308.98930138300807;28.7122362604377;80.89184923146483;0.605140119243995;0.9876452339499946;9.639396364163334;205.4425312328327;280.1976097404644;0.7832704923862314;131.38392988595356;0.3953764150572009;195.75376848857846;0.2870297341837802;0.32099938083909213;5.653952149318876;37.63604154198201
163;2;265.4022970826728;27.153042917758803;82.1525185494955;0.5866459035022885;1.0902991168460179;9.75091662280751;172.69145000341123;246.32052448823976;0.8413118638001702;114.0812158620271;0.4034177270112913;169.1129153671305;0.2623429928324012;0.30339606241939254;6.105477283787641;34.32946378117379
163;3;310.6896515515962;32.987263895426445;78.80552188866622;0.6162778209688623;0.9753878237918605;9.646167495736814;194.21293182541507;280.2597055107459;0.9392789137059464;135.99633928131897;0.4068247456287426;172.9244819441465;0.26257859659987803;0.3265411632696709;5.154197525187658;40.43875197138371
163;4;356.6040761188238;31.80172331292833;78.35295796995025;0.5723478103722952;1.1198179851519316;9.669512621242001;188.5189220381703;291.30091050831965;1.0875807249229523;128.3722870141599;0.42575992744980196;229.04542998866924;0.2976059291730344;0.3234679315590657;4.702539761361943;46.068978484850376
163;5;319.43118807452777;28.343420937320452;82.32002243580727;0.5943589192341409;0.8823716796296776;9.14961597738089;199.72452906048954;274.33501777320015;0.8451728438454462;116.352166110515;0.40312072994174514;218.48714767406855;0.24566416099325913;0.3250386759186145;5.303216590115113;31.079906160816535
163;6;271.84751744383516;25.513529336954868;82.6531226136276;0.5873741358139436;0.916646389459687;9.564155488108927;167.57338823014445;249.19108416489559;0.9690553309673724;128.89811872081944;0.41135534003974167;183.62916018195153;0.2548918219919753;0.36532630360120066;5.6018389087996585;32.48154846514646
164;1;573.0567927999336;47.13033239023427;81.70569736158518;0.5203335397866763;1.0506137059502783;9.819793789169244;355.28427754430146;539.4280906408435;0.7314489236598282;261.6222559810313;0.47866792496650107;314.8076498689597;0.2629103268044187;0.31594369072385325;6.168820045864546;33.734699432232865
164;2;419.538175851978;41.80785962971071;83.43648476616083;0.5674970719165219;0.9560397733516237;10.030615108889853;294.25345551593654;403.12441591938665;0.7922567463632326;204.23033079428137;0.4265973760868927;287.9877658998519;0.22883630953825793;0.34488806244039416;5.299583235146372;31.898177997638864
164;3;1155.8066608962563;78.78902700526393;82.45637731294181;0.5276578407598999;0.9309804925989925;8.802949740418661;614.3500358212902;972.6084857561557;0.6748446356232931;448.2272018929535;0.47766421037524276;530.9079844771057;0.2989105165884704;0.3365479992302827;5.395503393306262;31.709957831355037
164;4;1061.359823340542;109.11862438902847;82.43354438282198;0.5182007587020983;0.8646826134152803;8.961781690103415;573.3787209108824;903.0747389765027;0.6490178471769206;612.452059708509;0.4954078633294621;559.9483814950876;0.30763836673302786;0.3510164507712291;6.129063697486106;29.75604532173669
164;5;801.452919069402;50.87965378337159;83.61795102385638;0.5316453601204878;0.8844708560188703;9.26651187857624;403.69700610619907;654.7406961139156;0.6465215700248678;348.81630812280406;0.4624222124905711;333.6720692797304;0.2424532768160055;0.36762220832208925;5.302396747500354;31.141822205487312
164;6;933.1201082165142;65.27573976098832;83.38962603263307;0.5324201339123493;0.8518349869872682;8.829077302543476;478.0769208154093;766.9499472733625;0.6565176889270268;457.14049134101793;0.4798573602245035;440.0386062873297;0.2929364157828952;0.3311451541314988;5.452315291575819;32.813748886079836
164;7;1083.6105749183691;106.03244673013788;82.85841563537132;0.5233380917053212;0.9776851671657657;9.308559624965941;657.4859161762782;904.8543813081981;0.8844004347540851;515.3276402989633;0.48149328005533887;581.2709217849895;0.3129068031832227;0.2990605365697656;5.210500504771123;34.35188988800554
165;1;2607.502889145655;158.84007379677246;74.09060369276949;0.5681655750886733;0.8927306443462902;8.641943442949717;1445.5253093894505;2208.135802940859;0.8720493307609565;699.8081302903336;0.42118083419256863;1039.380485994811;0.4678922587224726;0.41203288213198275;4.826879205035147;41.82725862089898
165;2;2454.6783878197602;178.08773076542246;73.44355504584708;0.6015897411039539;0.937594246161298;9.038681555735929;1579.0706946081616;2153.0308886728485;0.9641481649079261;1073.2205356332724;0.3903988276693669;1294.6836782974858;0.5055238863602226;0.32659762153573973;4.559781195531423;49.05844502002864
165;3;2569.893214395069;171.6866715433677;72.81213237409894;0.6175194017904784;0.9788563338530079;8.784814747770968;1595.0267678366185;2208.176240086426;0.9484864626769373;865.2879954958332;0.37826941000939307;1379.1317056657933;0.49894346655784444;0.3734377664597388;4.773256335457507;52.623574938922054
165;4;2346.594225179388;176.03785674930756;71.40334385915209;0.5878818536972706;0.8724910325716834;8.741669077373027;1526.0813981266942;2050.2795446297214;0.8896496056423888;685.2622848595652;0.4139953779521406;1238.5204545613017;0.5198597460779752;0.32845514940578113;4.618464635063017;50.8862588306747
165;5;2819.4048228809133;190.20187952677483;72.42069035551877;0.6112712588027014;0.7896713202917598;8.47345672976288;1693.5559939060095;2483.424814392233;0.9083752835588653;741.834521658857;0.39799030545180936;1380.681240947964;0.49067227203398717;0.38821941653321806;4.590873961654381;50.94243130160005
165;6;2540.8975634416124;174.27261552121018;72.0719953010371;0.5873709310000859;1.1740619023159147;9.00325800017886;1637.1245266186534;2217.1600420334426;0.9568761325913532;773.5768234145443;0.39883313266561465;1122.685328388261;0.5315177113798952;0.34927640446174324;4.551917135997626;53.61059870455298
165;7;2714.5630579783674;197.2618432019318;65.32857798351154;0.574451253463812;1.0356020782701505;8.664101554948486;1676.1552235603667;2307.2820810653197;0.9020458299239064;632.3233816981134;0.4393283651632583;1401.9738750774254;0.5442506257892492;0.3465087886291967;4.581572168812357;56.997332295352386
166;1;525.9496779585867;45.22760332103034;84.98117847766407;0.4701514187221236;1.1431649054610205;9.644462514406962;343.5747868535955;497.3142977481486;0.8010158916477698;332.56244058296943;0.5127840224083475;284.1177381410233;0.2824591120119815;0.37372990358259833;5.2260989540405305;29.046095239015393
166;2;2771.8699405269604;168.0634629958121;82.9088822465293;0.47558800797907663;1.72445961109311;8.585186533311049;1437.8785586735437;2479.2748081145774;0.8437784770967928;1200.0040056706537;0.5280153453182641;939.6446306745684;0.444923311437357;0.3348523633781173;5.1329041693531465;29.467756062099085
166;3;507.99740203346823;51.05818177084755;84.831398361802;0.4916764368763286;1.2181254401527875;8.684266786413032;346.6537128725488;477.2120170261437;0.7030677873938298;430.12863129607894;0.5066963953415098;268.54562771968864;0.27977940211883945;0.3243793662487907;5.2730434450990575;32.355952750508855
166;4;2016.5187650743774;138.5774345393403;84.08654255867688;0.4497222221008112;1.7323628068783936;9.475422966203752;940.7553383842547;1897.8812706687002;0.7333947857562202;884.4633066951429;0.5492226673312042;669.0919265457477;0.3534640743734594;0.3193413884348611;5.330895052749131;29.16212126932612
166;5;2215.655442039416;148.37614311111545;83.47934851413541;0.4792888237569799;1.7465113977205335;9.468881854424497;1129.2439137673143;2001.1752630777364;0.8361075715995026;1220.7698550048;0.5139640894685101;862.4124549764574;0.37733188499307024;0.34922059477282497;5.145692385656092;29.195246969846103
166;6;802.58201807276;60.565992849434544;84.24125857117589;0.47839703357696906;1.1563205644256063;8.451396958448434;401.05310718110036;728.6434871464094;0.75421421972288;535.5852313181358;0.5118860378077861;302.9249872927618;0.28124734813200275;0.32187459753403835;5.267726685992581;30.68963255310088
167;1;2248.3785386999157;163.089660647091;82.05364219105554;0.5520887614976935;1.122114044619473;8.714397947735614;1238.5241641881096;1826.5572803350783;0.5914538007057485;1056.4690558397715;0.4556827195633877;813.3415096745392;0.37495482318167084;0.46431866480723066;6.079839082208614;26.861983226720653
167;2;897.716537180243;69.66211944182761;84.38520117885527;0.545226028591453;1.1507588705360356;9.10453896266704;482.52679340803274;769.9389308464099;0.6636378317017038;488.751595882995;0.4664989962436503;366.02589923480724;0.3084350721335698;0.35284676273858123;5.482920964690397;27.166055221364378
167;3;940.5137071183905;64.64519682175626;83.72784649661907;0.5273464805645349;0.958540343111974;9.146434008174664;494.88830330007835;768.5469239935222;0.6688458018916416;396.8230939466564;0.4782512451794539;441.1373945709661;0.25095700305272506;0.4592243755279693;6.197628927076956;33.50105063123438
167;4;1491.987981814805;154.74083452180864;83.8257049206022;0.510788026759274;1.0887869122543914;8.86512869573042;716.246016857072;1306.6533958023836;0.6101665451478333;793.6369439609547;0.48819933671249593;511.9446080365321;0.33161493470711;0.44805154523927093;5.16969642396672;31.16565722218963
167;5;1358.7854125627866;89.64452468301715;81.99594339302868;0.5343306262633161;1.1752304839149634;9.891490947688805;717.2620242783399;1192.4706011157305;0.8445011388421816;860.8069435537561;0.479028086080596;587.0714400426998;0.3560156946942118;0.3928564432721263;5.164501227689247;40.583153668912495
167;6;1755.3879391548646;167.2933133277967;81.87939661149423;0.5648925546590626;1.1964350451434576;9.609328088518865;1010.1798981360606;1492.7639926092552;0.8223261734295945;1120.4522707486472;0.4325819396461871;915.6930815962028;0.35486517855316946;0.4241954137754241;4.986021584688254;40.07390062678403
168;1;886.7345325469662;72.51011296465163;84.87421402572905;0.512830878286548;1.0220394975054488;8.85386608967778;482.3921515100799;797.8409468473222;0.7518318008220449;509.21011500468626;0.4961735073314326;340.8063100218065;0.28455215486481217;0.36064408979599605;4.9785048731268295;25.512108246209365
168;2;1144.494793467268;92.6640598836415;83.34933275374905;0.51635520089043;1.1396113033282198;9.289262653920355;683.8262630614076;1020.4989480089342;1.0614888313005924;649.4318721336117;0.4912895910737084;467.03740041658966;0.3248894311062244;0.40157260654525506;5.181255475262065;29.328624311359814
168;3;910.1450451250258;54.87112715226349;83.48456419180155;0.447686942503137;1.1579306401570897;8.942268653616763;486.07825404159513;765.398764758357;0.9595986761280759;544.9094935489229;0.5655247783448051;372.91034819124684;0.25818028825347517;0.3804134901491142;6.230738000422434;27.98917924337923
168;4;371.1278185662528;33.33818277256342;83.84535926051824;0.5422170766264659;1.0511808520563084;9.233629603199404;247.3620843662178;331.04063899773706;0.9618993478160968;139.51878250002187;0.44421900670227693;187.39004073346487;0.2222952417273711;0.2926291656805655;5.217970786884426;30.001032240092623
168;5;402.2872777923538;36.93934552169136;84.10975973330456;0.5127906991752194;1.1696364635259198;7.883002585590514;248.17534798398404;377.27892615201944;0.5599575618637346;202.61914015950765;0.4972090901123582;224.34481354165243;0.24990678818555476;0.3132536311150911;5.01244358133072;29.214852646231137
168;6;1156.4535624155187;78.35769352132984;84.33776073839242;0.49380858586912063;1.0969713995248411;8.917224305312782;589.4882447838099;996.9337657550969;0.9887082372224701;625.2828300264338;0.5216545287317901;380.1526404576315;0.2987235790537152;0.45312799583568414;5.4245741644498;27.65222963193884
168;7;2115.8033533399444;155.42067122070603;84.1505592716821;0.5137261871947862;1.3258872690266497;8.796921099414572;1161.3661821237404;1862.4687714878355;0.7607212218655289;1131.7644601613513;0.48534124868789164;856.6750589958175;0.32976606831911914;0.33771525422972426;5.061991548134168;24.94505557428246
169;1;2303.091234399961;179.02773162339565;73.20461160457342;0.6365985190505142;0.8424348388579876;8.522810109652914;1472.922633992944;1986.3301611910795;0.8286683245472669;1051.7001737962617;0.36828284826202434;1349.3819073678433;0.5328862278481105;0.3153145167594294;4.510617785734903;58.01398965944943
169;2;903.2296768844488;52.89795342714313;78.12367742327147;0.5412367400906561;0.7604735616196255;8.66367900795313;464.8004756410978;765.1013255877108;0.6837294324660466;381.33811851552207;0.45832332440596035;436.7473405669433;0.2909931938437631;0.3279980387475699;5.106816333836766;38.28093415159532
169;3;1300.4336741046793;97.24930420740453;77.06542143757976;0.5483494814641805;0.7451735707849114;8.972943170777217;842.9840980764587;1183.2453530679818;0.8232205589890682;557.7433623237299;0.4434349365725217;671.0199019197669;0.34309930014240037;0.2734000204091353;5.139797479298828;45.45519446829014
169;4;922.8115952449614;56.74048189039856;78.40666179709656;0.5435828319278874;0.7771969889451689;8.640943608540878;484.05893792682707;791.3628914010693;0.6415262946675128;379.92743559229064;0.4457717648453374;470.326812343286;0.29411239612127454;0.34461210834745015;5.139797269516402;35.99597053703487
169;5;789.344614112175;47.700621514605174;78.77159079839568;0.5523046784487434;0.7694724613727688;9.130138347317892;419.8544712892706;639.3578327016763;0.6567482627296536;342.5940645379148;0.4428786046076069;396.7714176016923;0.2922388649728709;0.30918886991656125;5.247003368700621;35.55665460976463
169;6;1977.1804674310013;148.96331318448162;78.0996325969571;0.5315849608881368;0.9853024817186967;9.14249449450495;1162.8569096245876;1699.902882048747;0.8167874478371828;740.1415854368365;0.4675818719705196;758.0431282096018;0.3567602218490988;0.26884163781265363;4.958352196776833;38.64783850603732
169;7;2288.3921408626184;181.37733719095624;68.82727254112133;0.6142815881156805;0.9655453541920673;9.117071999922334;1548.4138945588645;1940.18505892279;0.8548284046343222;831.6658314070914;0.3812880623108726;1353.98991563916;0.5375203437493812;0.32022703251168794;4.475844505524131;58.413590900595146
170;1;1591.7217389257492;122.45182985519426;83.70176753116921;0.525677841450673;1.556709613022502;9.832437404245624;737.5981055149364;1456.6823213324233;0.6790643626413274;743.1749663564143;0.4844155400279483;471.0633929754799;0.3221243847470556;0.4049373670794829;5.540390768273404;28.560836138736803
170;2;1568.5860194814857;138.23158966424197;81.83823004286081;0.5633403706259899;1.3290470757152404;9.411634306338602;802.3190481975925;1330.4075099418114;0.6013456758069982;844.0432617779551;0.4401998907196695;622.5833499638932;0.360526376952779;0.397955476581866;5.746928853271095;32.963142124417544
170;3;2254.1091808484357;150.241972429827;80.22820197774188;0.4780775965328279;1.6037746227509426;8.969156287809716;1161.222110565659;1891.3760782218205;0.6143063114367046;1223.4595345954604;0.5211398147073646;980.5914124917114;0.4267957948519791;0.30782354773753356;5.266223308121112;34.461870246016595
170;4;1889.624757845417;138.2100278343541;80.71255908431964;0.511782389594136;1.6244908456021683;8.115794843214584;1129.178071411991;1633.0954140273136;0.6483940242840766;922.0952238602509;0.5017008596359209;946.1441569079851;0.34722656761220594;0.4583622563585189;7.467875775550865;28.332692203329735
170;5;989.6707189737191;58.049056335361094;83.71030731522582;0.5436534637575899;1.051354593741617;9.93665084169387;544.035324047387;967.7664132364833;0.5769130758635984;645.4818310553445;0.45452816168660065;374.62659663646946;0.2939055401319206;0.3812731698497064;5.231092972720811;26.77576264903686
171;1;330.4142118437456;29.709100239211324;83.87689586425576;0.5721302060430664;0.9897263319056824;10.017198416593905;216.08782888158927;303.46516363293506;0.8685173588731004;136.14956512190324;0.4304165584527872;149.61281686728177;0.23239163695381695;0.44677361108198;5.074215151474836;29.70613354672438
171;2;448.7782380116907;37.24068695007603;82.93482897053666;0.5232809578291149;0.9557470553970137;10.426024287404802;311.00622052856306;424.567851790847;0.7097151854400303;199.6347641657259;0.4691152463867072;189.0294874670395;0.26938379057211814;0.3618520036668555;5.112464903980325;29.79598958533891
171;3;270.73561402786385;33.32644655650458;84.32419297435148;0.5598472007877408;1.0293236245395423;10.56508821924423;184.40255829890248;244.67179974844086;0.7222594248356162;118.14660846380929;0.4207699950524637;141.27935535845768;0.25090861943005205;0.41400617727218697;4.9735072877580855;25.401554181372635
171;4;1466.0960984454803;139.80478944936044;81.88024196088176;0.6259021089528426;1.0694269513460022;8.600147182794842;802.2982980399739;1243.3340869161298;0.5588125261352186;727.7301639823537;0.37904207756870123;526.55935430991;0.3207779156787015;0.41055936041934143;5.944711934326889;31.74405447892826
171;5;386.4385836688835;42.297935543986775;82.03435787590334;0.5918821097199684;0.9949038357421159;10.152320856869906;252.83807382994218;332.5064198605344;0.9594666993532406;167.10267438217332;0.3985727622711978;207.12928608921538;0.25877569024025154;0.4666431003703246;5.055920104482082;30.963236482843385
171;6;288.0921162132671;32.08277343084432;84.08632112093281;0.5446817963724414;0.900298063862618;9.209171481293874;179.4177408333035;262.83946400101684;0.6968340267853546;138.32053434944157;0.44205766097724464;160.41564665987715;0.23186108611580117;0.40732703120989;5.825644470662329;27.59938160692505
172;1;380.51793539085486;34.539892642848194;83.99492468137271;0.511221694431422;0.9021277364663791;10.374173115677495;247.15053649745425;335.4657828156133;0.8275059321776901;188.14734150182693;0.4801509512954927;208.43262689000719;0.2411274117010476;0.3694922903132518;5.754759424392869;29.808793627783462
172;2;339.3635160620521;34.34679751759688;82.874840276189;0.5522663753801956;1.0603536686549835;10.64378869051297;193.5598306858697;311.06812205924706;0.9015065831072185;168.2358198332656;0.44116290663717406;276.5683154271422;0.25175436146247604;0.3762621560411553;6.064963076726723;26.619091143438563
172;3;799.2432324466738;42.65787348170111;83.54828369477148;0.5350252828110265;1.1740946437327893;10.49653897578091;438.811926944687;659.1271946535119;0.8430246092942962;307.5108475749413;0.45964855142639044;414.35262716987586;0.2958863206360434;0.3369938391124306;6.131935906414381;31.239871368588073
172;4;678.0513635673044;37.126923541998366;82.7152739584399;0.513271555131983;1.2155585740410517;9.486896598648048;363.95233481818866;590.2339170191742;0.6525678226499995;254.7546894522318;0.480595305874127;384.6897598357004;0.2921249233215172;0.46070053814484224;6.168582999128794;24.232767135921772
172;5;418.3325736415859;36.43026099536404;83.54334555933158;0.5472383863761796;0.9893230320871538;10.203036910711978;340.4061434691314;426.1902686904562;0.7895875654857079;187.79179199936922;0.46187376936717206;315.0780245789906;0.298274231838066;0.4522541790382287;6.083118872986456;24.654809205602156
173;1;301.3886145808345;27.56843508991626;80.48238418634881;0.56412431367209;0.9490396202366627;10.01286407219528;187.38731016846512;251.59335603664374;0.7775699955687919;125.74915177423824;0.4290616299221179;168.9335272174966;0.2512227713450518;0.253023982526084;4.75804348969567;30.55065219193858
173;2;259.56109225436927;26.893792113350727;83.75175748462098;0.5824386336652481;0.9684042640598964;10.648549700696684;164.68523365466746;239.50666863744402;0.763369082545512;121.8971154824731;0.42561878021637817;170.62273225163833;0.21280796424347237;0.3142755295556267;4.7012526958965;29.17087145556626
173;3;337.4156925321235;36.518480334609556;84.33919411963221;0.513226633891149;0.9970305458207135;9.42429995568795;230.57042024598525;299.07259943534734;0.766749858059067;151.80197415247542;0.49491806979236863;146.54341604381597;0.2453800849640982;0.3338369102764285;4.885567310911336;26.892242721596357
173;4;389.8338740181524;38.136223655900785;83.8802590058661;0.5251117794920118;0.9445350804003916;9.951753663124997;295.60385421595873;418.3492014646042;0.8058407245450045;187.2086075835704;0.45726246563612755;201.92622307902283;0.24465244034445532;0.29648783963182196;4.871629786087656;26.966592613408316
173;5;289.3157341939375;27.809201491883947;84.13842876390689;0.5868557048798066;0.9437559242354335;10.72889319563945;191.96903521453407;273.4715457658559;0.8607786234039766;146.57537698235825;0.42194785243300087;177.71275821788623;0.21418359131849982;0.31425798050394504;5.13986063489904;30.310657320497167
174;1;2060.1207835730734;179.0384926078585;78.83357415316725;0.5204036598630332;1.05522260181112;9.949216996242143;1210.9245048261046;1804.2855687791534;1.0927864580365942;662.7677007198101;0.468776454182523;874.8146676813548;0.35537254628895015;0.38189067927099296;5.010815635054278;40.74513729247769
174;2;384.8755395363498;39.76197181188419;76.78510278009352;0.6130261239443173;0.7744691284066908;8.6751008800602;246.03031169383942;351.0598244772645;0.958436543955618;140.62887961973775;0.38808805415643005;276.1751550136285;0.2556734562287675;0.3572605091108037;5.066538209525115;36.289036595892455
174;3;379.36377521786045;37.773379341206585;75.70898293400433;0.6092506916110366;0.7760152996341487;8.79045218719839;243.17899288343568;347.4289680355098;0.9520100901729783;147.11536329753724;0.3983719477718378;225.18407484972514;0.2523454412868778;0.3646514361635549;5.106455917031085;40.676680905035205
174;4;1140.8763769420561;119.09409065880625;78.91446994340814;0.5429351023407947;0.7453805761061731;8.930580197056097;712.166642423439;1009.6072329104687;1.039697958161882;564.3277187243074;0.45249275247185045;575.2058765653688;0.29058765383978313;0.37958055151167225;5.293795632559766;37.51617152553611
174;5;1051.2111681979652;48.95759463234105;78.2496342204872;0.5883999895439942;1.071425002649497;9.731284675994008;603.8793846723092;953.1899347846421;1.0637561293448743;502.8337953968011;0.41618781558575807;396.7856840108953;0.34484829597480776;0.37201455008504447;5.060779451368612;39.93203620296745
175;1;344.8705214056198;33.288956718076356;78.30738959254415;0.6000271651481182;0.8599519312997025;9.408413482259231;190.00694428270862;310.5670703722377;0.6407547767704247;129.0875141651578;0.3962705177773716;223.2643194845714;0.24586817701038435;0.3638042970434449;5.239222455978745;34.206746712492034
175;2;518.6588711503965;38.592599603529976;80.1386565793085;0.5625158345077621;0.8452355897855447;10.241622139786205;295.9789707101579;468.09484506697913;0.72948551631432;196.75059729246567;0.4489472880072853;243.42338434729493;0.3087310367527978;0.39973372740880536;5.936650123036889;29.873330712087178
175;3;1704.4023905261233;112.67731618329401;80.76372525272657;0.5622346459965513;0.775102111942163;10.562804672960421;948.758637267842;1498.1701227842098;0.964766631540192;487.44290573603746;0.4315458929123991;771.3396984925129;0.339782327380729;0.3410636330819054;5.256149098430066;35.291721342097475
175;4;2541.03475702083;152.7688676560059;79.28310643834645;0.5296311376567736;0.9078409021941138;10.342581403592202;1424.541486116062;2173.5455451941216;0.8334500662295625;542.4806496014368;0.4706335095466106;890.8930275915081;0.36225338862983797;0.37897665694479576;5.273918133282974;38.40256197193461
175;5;833.2421414886203;52.717704571443846;79.8345743115404;0.534596763486206;1.0297200730777398;9.784128359504889;500.49470127715824;732.7358466613363;0.7497531262295908;399.18991511064263;0.47424115698813013;381.64953166992285;0.30663263668582874;0.40237316717032523;5.678527777775302;28.432471968543393
176;1;2435.0400702215493;167.03655125013887;74.84278951572928;0.5050083784439164;1.214464464217197;8.751424727033566;1305.244955648167;2126.4437849547835;0.8247411458858446;915.3347250681345;0.4774316860010488;899.948720058114;0.3916511562664679;0.35569853992169065;4.814973548058124;46.3612558893814
176;2;2165.9216282301827;175.38332277410098;71.83238395076377;0.5753680964128912;1.1356818224318295;8.861986746847034;1265.9401200012715;1862.2507970533752;0.713687595013204;613.4215562784823;0.4251041369568679;944.6269621269464;0.5030649296375191;0.36490029454454387;5.039535190444506;51.26677230719832
176;3;1604.76792649199;164.16463650420081;75.05250325961173;0.5609615098031923;1.006346077437443;9.529835274641822;980.5932635817934;1474.5578401470602;1.0094447316062565;693.5878356089336;0.4374163169555391;786.6978161829461;0.40941426988599827;0.3613706244984077;5.010954745628217;43.58880303587941
176;4;1375.2807037730172;123.49124955374133;76.51629025307288;0.5004181755376182;0.9608865584098238;8.33817514541665;805.3783525564903;1187.6372571738693;0.7578500744996657;754.5939383297047;0.4898626596611436;686.0608358820064;0.39415499839463386;0.34651424446995316;4.950484253101799;38.108422534500576
176;5;1076.470416224401;51.354521489842206;74.11017637648942;0.5515549428503482;0.6911361687005236;9.087413056904351;610.5204303678494;977.6151213996689;0.8755152722004338;451.7809601039038;0.44751303567348155;516.2379615015809;0.35778872219772445;0.3554537352840799;4.91404312181522;37.7176519581114
177;1;1615.7305264778533;80.59276208253684;77.50466685247234;0.5331322105447768;0.9134413369393402;8.214565205590656;941.350986308093;1578.5141901525622;1.0294575573495057;645.2391462088069;0.47054239328736314;791.4463133245201;0.3428394636026112;0.32612911235733394;4.99244879861792;33.948384126665104
177;2;2399.0276468201164;177.09452763193448;73.7577770332466;0.5855684358045321;1.361706072937884;8.68462928430367;1343.9359328089342;2078.192418870103;0.9281579570872467;955.7963882303742;0.40631659496954514;1137.896741467807;0.44961561870997113;0.3667603430129622;4.955061868590826;36.495278520419
177;3;1668.9806851060896;161.06187150410216;77.55833375980224;0.5225963188606909;1.489630334977538;9.477238438638691;1037.2844354518668;1468.4776617502084;1.0168418884407908;1261.4694587480676;0.48646224520193543;881.8093439713033;0.45217912539040633;0.35865237435163416;4.848733224584817;35.58540465394301
177;4;1189.3693821736122;100.88248613763295;79.70316119718018;0.5222916936423221;1.0021230063843767;9.398358051344712;596.5454033442295;1048.4167365463807;1.1026711389563795;549.9405153857521;0.48112593770978745;567.5841223987857;0.3380564720999996;0.34253517539030964;5.185401332863701;35.21933174107534
177;5;1530.7598157786024;120.9065172786614;76.73524334309104;0.4927791563891953;1.2013554196043426;9.472523323553691;878.6446342564903;1355.8980638351923;0.9866595446217197;1047.032468500215;0.49598379343796445;735.3625866412856;0.43761274645619097;0.34465423173533366;5.153601650859915;34.83355204277036
177;6;2454.558951810496;151.38942130255097;78.20257058661606;0.5170345067035798;1.456430226180228;8.615291793125856;1427.710401672484;2165.022303912243;0.9805970283877266;1247.4907211731313;0.4861338385059578;956.8960451665731;0.4471435470426794;0.347717814458178;4.804136769004773;39.25247548897443
178;1;2371.4940930976777;208.26438280788597;70.87529482791058;0.5881767413560139;1.0304997890774539;9.49737711733292;1550.9454363343402;2089.2863297690856;0.9311866586098163;803.224000435277;0.4007667426394772;1247.6901923776845;0.5182992339357753;0.3499222104255449;4.52946223621023;58.100640317562174
178;2;2268.8722108797906;189.73207809603107;70.80618493477942;0.5774736516079125;0.7705730607832949;9.025613124238618;1460.6148681495602;2001.6616461772157;0.8633454839480614;598.866839412164;0.4171696866749404;1076.743153360515;0.475202188969761;0.37134531497074846;4.497829457848733;57.66510470432036
178;3;1169.4934234750026;76.93229350946707;72.79460907030811;0.5878909472005883;0.672849588898536;8.854430801534043;719.0783551880089;1027.8846165514271;0.7976256087625295;438.79588031218367;0.4071441827151218;487.35913912746247;0.37798454631037764;0.4000458706304542;4.4088234131847654;54.08581629353276
178;4;1600.8331455167418;105.78674458300928;73.58556313745332;0.5849437825101174;0.8922500717403244;9.099811153708613;937.5308239000817;1323.8434283071165;0.814120905535166;673.5065210392559;0.40765697042347143;841.4689192720508;0.390229152722485;0.364276391297282;4.5111338218238215;45.63568183469284
178;5;2098.7396337240034;148.99698377291963;74.54146459809712;0.5727024275358574;0.7450792120236688;9.875797419882382;1280.433583638674;1785.5062750177824;0.7487702733437879;728.5046508198432;0.43252278222677837;1114.9658466664637;0.4389359523988057;0.380058840954924;4.66568652773584;47.112451499314965
178;6;2732.9978109745734;181.43028208812385;72.93824574891315;0.6357788600695227;0.9380474646564065;9.95450796659989;1571.407243952167;2451.250197324211;0.9359811619113767;1184.5129185468809;0.3624362126004368;1419.1543261084487;0.5108891687354745;0.34230599838065706;4.47451353742561;57.74824931783006
179;1;1050.3209251602393;59.660355036965036;81.63389756843188;0.6424283882143992;0.9561821585234939;9.602556401688068;565.6254311051587;895.0523317530491;0.6440535462505318;389.8437368478224;0.3724402529787609;336.8296969670588;0.28911661776825803;0.47035574848893363;7.600698683547257;31.958505661638796
179;2;1517.5063163858545;178.08401158188485;78.52583928858601;0.6186996214077827;0.8769520217667953;8.955495166239286;872.8164336461364;1373.9457205218162;0.8048704790413787;643.8508151383902;0.39286646957886334;576.9464082359824;0.35468534354282094;0.4688626499794543;5.456144509569904;35.11479244526544
179;3;1387.545070282359;126.0342109564011;78.29652912318852;0.5474198787808038;0.82833783725998;9.55739489347263;926.9894812778032;1289.768064241646;0.9318772024680756;671.9997946548455;0.4509181590710737;580.3872144587982;0.4106153800971011;0.3536515782677108;4.934434398673027;46.24106419204114
179;4;1383.4539100177926;151.01343086252163;74.71218254563759;0.6182222400791971;1.078576037916341;9.426772157777533;995.3865270506682;1315.5534477394708;1.0057487488854904;847.4105609173987;0.39785409304213987;736.3901538363295;0.42216037111969645;0.4315719388987032;5.062637884333035;48.368843358062925
179;5;1219.988828487484;89.37220257548366;79.65110700665593;0.6020602732063368;1.0966361255554957;9.37343102969764;686.0551901060061;1052.0537488647135;0.7367742636804444;608.116654826471;0.39855522363239215;526.4333187993096;0.3398068039362853;0.4571144280481266;5.454693130942605;38.25870925578621
179;6;881.6894050068536;67.25951159953019;82.40100035846713;0.5451805578345542;1.0625742166360823;9.300221887871578;444.25023795663606;798.233794002918;0.49550284511637066;500.9366679023526;0.4432050913478027;358.05370379672325;0.2939134020859155;0.5022309065731089;6.567085959437999;35.88128132956642
179;7;429.5906780584562;42.09779826880892;77.51388545621222;0.5939426090040619;0.7952222515730559;8.796798672641692;328.2522329630889;424.25202569222967;0.5532075668830442;194.93196791322563;0.42385340692751294;303.2366280900066;0.319884543451405;0.3582237415378652;5.3530090858494805;50.49312893537601
180;1;2669.8444838113537;159.46652907399826;83.19726551064119;0.4174988963406828;1.6722410084831922;8.036014363692802;1175.5789276634523;2284.5844572421715;0.5541322173378365;1219.4614942530172;0.5710816896437126;939.0026692035666;0.34541102382224403;0.380769985942835;5.285550710617328;29.698354574299614
180;2;1675.0094673280162;101.60396438495995;83.33637955061069;0.4522051797609879;1.3346811061269408;9.392960472434646;794.875973759602;1634.9948689136259;0.6437494905722475;665.1200884367144;0.5591735859300937;609.9330297736351;0.33855745229890444;0.38351671455391007;5.319988081330472;31.554758996758125
180;3;2283.980724079635;177.1327957825279;76.97754536038998;0.4942613131044116;1.6162899997721902;7.854060792019222;1056.472975039979;2129.5608556375814;0.7133524030638854;1175.6691006614915;0.5018519264952455;929.6944074646863;0.37885998851364167;0.36187938117210305;5.024019740215574;43.25383146272307
180;4;2210.8386032021936;140.26895547723433;79.90043031847006;0.45585197501045555;1.7002700528458088;7.755239453143004;1135.4939661758835;2040.1408633894703;0.6516424849081116;965.1426593776814;0.5379528334122855;995.4161815933742;0.35164824375293674;0.35008866442549896;5.380982109582607;34.38916795449156
180;5;905.3744628742077;72.93914294506493;81.15554634277639;0.49152060728056;1.2572923798982039;9.106303950125811;470.80483583252067;796.475265970412;0.6761713318489605;708.6523954736048;0.5280631685058352;344.0753179576697;0.312913574478822;0.30617646615078564;5.169562118428404;31.150708027524505
180;6;2068.6495346355196;180.27531000103838;81.77492037170454;0.4607599235569506;1.6289607573243274;8.15304182014479;1145.4417617026086;1752.9459366569708;0.5469243774045507;999.7869480496395;0.5263159840354827;1056.3088078533087;0.3238726682605327;0.3586495152833134;5.231509155414963;33.66153805732689
181;1;415.8546366009517;41.695384121633566;83.28446469996892;0.5283660752473813;0.8929401382538443;10.709764536153296;285.5145942963812;376.9537069447599;0.8348824642373139;169.41609379038363;0.47525106161224584;314.92100196827;0.24524215223278037;0.3775558602852025;5.159468013572328;30.41858439954997
181;2;2065.682924364716;111.12263222021613;82.41571912347156;0.46229214926884454;1.3433767741872134;10.036468833357711;1052.9442790707117;1829.865356045322;0.9518872380247385;1066.2718643280828;0.5329444418478978;718.6081762139548;0.3332860512693668;0.3833239779337281;6.191358744345999;31.931051565629993
181;3;451.6740259430394;40.67405382605421;80.29122303821929;0.5598064370120684;0.8172801944254979;9.211512636332742;288.7368124222242;428.6281588606492;0.7302917433541884;183.66687516092614;0.4348950044192091;314.83087904968903;0.28376116248077266;0.36797474157267174;5.181269423660877;33.952579717148524
181;4;773.3730473559087;47.115578570709715;84.30670479707611;0.530540042842084;1.1008917989105909;9.83479637970618;384.5394689938182;662.6628944002474;0.6824086742348466;348.25514326186044;0.4846592893108457;338.78325984582256;0.25287795926481155;0.3753863058351228;5.349650940201817;28.51421235420794
181;5;473.3511932752336;44.66674150616698;83.22174131868427;0.5348228477380348;0.9422756655367135;10.326949496592187;362.7012504845559;459.9266388471404;0.8979126203847543;180.63087447000788;0.46585722095466986;324.06815910609913;0.2659357352238113;0.39573086415772546;5.673523432829131;31.798045091644063
181;6;1479.5962093398985;97.87336476131857;79.26440496611518;0.5086401041514562;0.7994491187024992;9.727890579171524;966.5391346275468;1284.41632103311;0.7864177413191048;506.7232962323756;0.47824245336121235;720.8225183851816;0.3203720104333938;0.4027829887950016;5.799227238764676;37.68959661715266
182;1;1164.98729102649;72.44940325517672;80.45650472129488;0.5083986162044216;0.9765577629665232;8.912632452735588;644.5364141032937;1055.6359828268812;0.7677168415363135;509.68269036022656;0.48247758729437706;450.3028084903911;0.32692854173299013;0.30875864821497545;5.293003408608891;36.265403925789045
182;2;2112.955615492247;140.51680926096253;75.30274355961784;0.5631194044476822;0.8420520924348782;8.96304212253847;1249.8189102962838;1913.1652041267755;1.0684694921367508;777.8883105055029;0.43316226805374436;1027.4678609951732;0.4464944472215356;0.3328245137300979;4.641636717550685;40.89452200600765
182;3;1023.9153244503509;66.04046203144567;80.58659664555852;0.5487191809913211;0.8618967931269291;9.080678988938473;558.7438886252653;869.8442312652026;0.9442346508809076;525.628041607227;0.449931270970305;470.5320582724567;0.3082119337909706;0.3730506210089053;5.016001895325735;32.37273897560723
182;4;2416.1695794011675;171.52849525647292;72.61509307284389;0.5314266473972004;1.1580201994864052;9.131484441486554;1415.9669099116416;2121.210659387303;1.0277595984371164;1169.0581202387255;0.47165812672758056;1397.8610671433064;0.46805525433554634;0.3451794323349898;4.722305172133195;52.48380872119004
182;5;2169.8916095845752;160.27194842183945;77.66682837645642;0.5291417160079684;1.2169837070047547;8.880310250365495;1270.9119953302015;1954.123262756396;1.1534795324230438;1113.0508847130322;0.47727606316034543;1052.325277400347;0.40646911030260313;0.3662735068989587;4.94306902851423;31.599164391331225
182;6;1993.1384499797548;141.7557024242064;81.5774258104464;0.5287169952122378;1.0550683805586463;8.976727250766237;1160.375743411058;1723.561782408329;1.2167233529507726;743.6866737877189;0.4757840772785276;833.7892175506864;0.3763330550922744;0.3776430299843549;4.906654043411671;33.116741039674224
183;1;1738.9265436528578;126.18718301512784;83.69668238346007;0.48930916858879103;1.2819615992293834;9.700096740403994;902.4106589379658;1611.4964144652993;0.6506294502014621;711.4948063348579;0.5084381720286811;702.4243983937502;0.31958518161398;0.36882845479026377;5.567551778657181;30.54457042169673
183;2;2731.6467157809093;148.3540973971401;81.490943788835;0.4697379908722723;1.5564059759427216;8.555814520742588;1393.279179385304;2402.795701428004;0.6112169808749122;1286.8605615831425;0.5295245759097692;1185.4747840738305;0.38160793648363617;0.33722730144760676;5.157127249895801;33.72245029931505
183;3;1623.0953566525807;71.68169770615488;83.75413164777167;0.5102959769023983;0.9873877394362266;8.555306830295848;844.3126955135054;1515.900893479058;0.602015880940806;565.9370289561266;0.48855251538596767;672.3977359684087;0.31121986461603973;0.339460035917509;5.256385789837634;30.260156090388623
183;4;2281.599682464822;163.99562177404852;82.24782552667908;0.47133737222401884;1.6523176452372283;8.474716907263453;1197.7958801267707;2038.837820148968;0.6924207286009613;1359.8128392835538;0.5256561364926868;1187.0525501411307;0.37978891489701083;0.3645965088074238;5.189259390155325;31.212538033992825
183;5;2486.754272018254;183.97579105667683;76.37398799412871;0.48867115772549946;1.3388577233148258;8.320218777067799;1538.123677204754;2094.467687270539;0.8512545811386748;1437.6999121685258;0.5155978157676041;1359.9630567154832;0.4524572800331066;0.3507802378321857;4.94429822834211;43.02127125158465
184;1;476.3723303207672;36.17853149365397;75.31504454324293;0.6195931328106257;0.732179085179414;9.522283475966868;319.83258027077795;450.96860675489353;0.8311200960614614;174.5955985439499;0.3769543739664881;301.78020179868713;0.32446609469898974;0.41691187308769473;4.699053282722469;42.4912779520667
184;2;1090.9058055371513;43.521615721221885;71.44988171281929;0.6110776751774584;0.6318079120122657;10.168579301175276;618.9823434862201;979.7571165568546;0.8889905676044922;383.19200998592476;0.37511760957898665;552.9639501172668;0.3755964482592066;0.3549443375671435;4.477260481007863;56.61567243662712
184;3;369.7882073094474;34.68672610113468;74.36817049769532;0.6144600663354245;0.7826943752489702;10.186261452122887;215.3689993388053;328.1020556130696;0.8099396432466193;141.0304060233797;0.382343730284226;253.915910545648;0.3040587030198432;0.37655449337897473;4.6301555244971695;44.10157177905359
184;4;405.53281839506866;38.19047507718268;74.14486273194707;0.6084322744669705;0.8042134870634483;9.872518897092887;263.83199246790684;362.9984276791607;0.9191229324760535;138.5411704154036;0.38543627163448135;269.6893627588789;0.3307796036687404;0.3515674500044777;4.557307038423932;50.237040991943566
184;5;1688.0935991282383;79.8691575830617;68.84245413980311;0.6057802559352476;0.7868307941894879;9.845250057682359;1073.8741447595216;1503.581255706345;1.0505803898288653;471.96577028707;0.39064475704896173;911.5857452730812;0.3984020533845936;0.32969991660090153;4.502439383436714;58.30593673615786
184;6;378.1467194226562;34.51324703505942;74.17810559952554;0.632966854369365;0.7479917471812052;9.570149984655881;260.39530265745657;371.27182271714247;0.7315345131363271;138.17427445811867;0.35507963776057605;223.3835609035345;0.2928312433896811;0.38314210100225554;4.737744956882736;42.88391900190656
185;1;549.3401257200989;36.499658320443764;83.78088053236944;0.5649838303390282;0.9718482578317874;10.549703589698009;350.1608707435085;518.7732354297939;0.9716753557204334;233.40248968873485;0.43123212614222295;287.1226770353406;0.26472097304119097;0.4031777157373852;6.229603884424426;27.67923606509677
185;2;298.4113926719554;37.01804613852591;84.28435637637087;0.5952145655667139;0.8642978717695885;10.536499884577056;216.1553897148367;303.8938135207894;0.8783227161500389;142.25981253174922;0.4017916583563212;195.86501502201727;0.245431196610493;0.3857827019496493;5.256387355379231;26.204988885883637
185;3;366.80233464274147;33.548300027096985;83.48046531572113;0.5743647637281333;0.946121762521567;10.403474339228818;258.83451082268294;331.7129533872457;0.9451369331116513;157.98190525957943;0.42524165152682797;237.67243746962285;0.26623078304817765;0.3165267279185482;5.909900868793952;28.489379503257634
185;4;322.2573721068866;28.612724423907267;83.74206527752851;0.5634346615836374;0.9952063595022635;10.84275561475883;202.91626465574348;295.64237265071193;1.0462525017437017;137.1396518615781;0.4308104275228653;206.61003097640642;0.27202211659231224;0.37753522693286;6.038050238442199;24.949897456466665
185;5;301.2978807182986;27.804535173573992;83.35453445048493;0.5780614989253443;0.8721387287379311;10.210985372069313;214.23480610727566;289.43938502397793;0.8502185867664224;123.93216250221379;0.42416286518172064;172.1280346623476;0.2311321788171978;0.44265332714745137;6.102873077047318;27.752119291305807
185;6;323.1752346097083;34.51018732513516;84.13684170328867;0.5885971597325826;0.920519827437285;10.698841073977503;238.22326185026958;314.74871429998626;0.9431748564723518;142.66057977607153;0.4140213557023412;242.28166537081822;0.2624971211855675;0.35583948956982014;5.631052940293973;25.484638891747913
186;1;430.9491153409311;42.23317348395563;78.88981640853139;0.6024322358789425;0.749363272537775;8.095462385298177;325.3008118998747;402.4092485054462;0.6832293948581005;164.31813848969514;0.39818519823468124;214.7131990506876;0.2482297090812185;0.3702147341734296;5.802750153546996;34.68628191401408
186;2;724.4250053549933;39.56655200831099;77.42584111434688;0.5805120270910011;0.852323122773384;8.69543862570441;401.9542171256776;655.7111624889812;0.7606422983052405;228.13004163198974;0.4042652273865376;373.70686847322895;0.3061034770505875;0.38507071103192997;4.708393542801865;37.933366796335434
186;3;1201.1282171782861;83.12048990006538;74.32583962563913;0.5517894889043644;0.8922650832460751;8.73967169961206;731.1850377520359;1073.6946922012987;0.8508001603349835;492.72339848233787;0.43868067045924825;678.5033226629444;0.34150058877162387;0.3224914639568951;4.705099143117368;52.00266329330984
186;4;362.79000986907465;29.78178015145659;77.9552389801756;0.6077549468318724;0.8453853122197728;8.50416859512617;241.2064142550858;313.5831199053032;0.7178402738130027;133.0785990957065;0.39735278872630064;183.34259389804438;0.2791255078086312;0.39971824741038775;4.837195922673377;38.73158498517075
186;5;687.714482139444;39.89282376702466;77.20150575936748;0.6066649058659291;0.8726839665608234;8.90654342099138;353.09886475420353;536.9140692670081;0.8401842666556504;241.2785657104084;0.3920887832164437;309.4558479270667;0.3088297563706897;0.4050961504943016;4.629200687293272;41.55251958739227
186;6;692.7764479364662;38.931567489914016;75.00979509906587;0.5603346343126168;0.9568630949020377;8.708764080200162;374.3346530783849;602.8958210092568;0.925790510658104;329.54663933916476;0.42363653174638843;282.86520218800064;0.32194353636752376;0.3481956091144119;4.6176163694606185;51.31375871294596
187;1;427.25999569064123;41.71609232609197;82.6986974503907;0.5325048238930411;1.0967059263101187;8.439587585966999;295.28816742209534;380.796508322682;0.5118332372243591;240.88348762524228;0.46671009580463135;205.73720067951274;0.2480554393464386;0.4104949072184136;7.2920708764443525;31.427386631449682
187;2;578.228429726896;51.081913329896246;83.89694724375141;0.5180314202074929;0.9472650943605936;7.774783260944015;365.69828212412096;500.2395284086277;0.49551267464251775;398.0085312962012;0.46992903906521905;314.57820116206875;0.2678277667659114;0.4078049281044595;5.149253811281991;31.442792949670498
187;3;557.6100239470547;54.77565898408199;81.7645461737679;0.5474162873146955;0.8065932075063701;7.655529143863738;395.2026048344256;551.5801995997739;0.5673324035166791;462.49058515054486;0.4463666297618024;336.9170025122208;0.2543081077987092;0.39192070819820785;5.584952078162131;34.97566549264416
187;4;2051.8921758406436;152.19846351177247;81.06563381699873;0.42061116835410717;1.668997123654645;7.569909331307798;1225.0013573361816;1710.9457541664442;0.5168858821933217;1106.915648135608;0.5742675579780376;888.5649952930787;0.33294911752155626;0.44389986644444035;6.489021678606129;32.712035145859716
187;5;430.8495411523347;34.73933604085054;83.04017433204992;0.5713740112652252;0.9557144790755171;8.847287732255806;275.85301532151493;381.2255988116209;0.5965000695990832;182.2695085078314;0.42761271169983817;207.81842174074444;0.26096583841541476;0.42081643199237767;4.823915366426305;32.55566767093783
187;6;464.8173554036047;45.53852897853091;83.21905466394158;0.5627654124862529;0.8060390721023939;8.757892289456626;340.2807626196387;427.4612818610952;0.6009197867914751;310.9004240238556;0.4312842554062356;252.25427224395273;0.2584176878348966;0.4044595642217192;6.484979760314116;33.13293081718582
187;7;1671.3229709497498;103.23670795797406;80.77993677024318;0.5175606708575649;1.555303250934445;8.091643522409047;839.5657593565119;1423.18411064935;0.46779956688236535;758.9021194898044;0.4775288227251847;667.6766173650981;0.29337439220398165;0.4407552175666325;6.086534312683334;30.390622110890853
188;1;974.2281791190894;63.383319829352104;82.7827641482799;0.5477222796468977;0.993905350709204;9.086722680101666;538.3542849784432;834.4371447198232;0.8963080051180549;486.5941559452416;0.4488662938212936;439.80195509109586;0.30455048517197847;0.3402113448052262;5.120806217483743;34.03722641641607
188;2;1871.8686306688535;137.36467063207996;84.21864837372644;0.522686644800903;1.1273568988655485;9.101803857903494;1101.8859640378835;1636.452470469664;0.8000453368695593;763.2098782549567;0.4832110085818419;731.7858048927359;0.3342206463796868;0.42819025833649527;5.348269177175555;28.273324053438465
188;3;1732.1090057144493;152.84622878224087;80.75231081331981;0.5150993912921384;0.9356376609538827;9.212697637965295;1001.4826870839112;1400.9282800279916;1.1119889231731233;839.526928502046;0.48440753906530903;876.4005560394259;0.3745378354123249;0.35913921017596595;5.091351153145805;32.18220904649351
188;4;1215.4970958824124;99.03462005091545;83.09761869994557;0.5110534395882548;1.017808175135147;9.530599648693176;666.795696439525;1056.5283452677038;1.15972918681581;651.485028940157;0.4898516320476489;701.9395938067358;0.3505891054286409;0.37588116682575345;4.951036107164066;31.97081281112125
188;5;579.4947635601757;53.61355930727836;78.77763918238023;0.5406544153212658;0.8668474399034689;8.5444020316274;370.0661436904152;512.3364669252674;0.9649929473586104;310.51412787167635;0.4624379864679015;271.4843887183682;0.2726559040495813;0.4174307152013465;5.290324511816324;33.856028990488696
188;6;993.8791362638891;53.83946970841434;83.59306649908585;0.5564501004359103;0.965021868181459;8.95386433835831;608.2143403567902;930.2591989851913;0.9137342033220203;375.85523305140265;0.4518539737514289;402.7814184335137;0.294961819662352;0.3807856552224167;5.221635702717483;30.56359141833663
188;7;1960.3623471162584;186.7958523528136;83.69729137063028;0.5011178241408683;1.3787611653908234;8.956604055050429;1209.5955926058982;1632.7549445144487;0.9979098016017082;905.8636859945722;0.4942309765157911;860.1967250270768;0.35132686499666876;0.40032415817965467;5.275546416588794;30.5132485542028
189;1;347.55530339670986;30.619303906068158;82.86710289319284;0.602153202548398;1.0372823136281046;10.257991430458597;225.11523041433173;298.5812448524848;0.8097332785841133;126.10880162903028;0.4014785292386478;185.10668761575573;0.2525635856674395;0.38009230095101265;5.9351821877593895;30.85415163960481
189;2;675.5605644481653;43.985949363831416;82.74596779209055;0.5738328845415763;0.8273047575669616;9.896201960555405;393.8010126930941;590.9718370361421;0.7360921539368307;251.1181501024041;0.42064702557542716;395.7518767102821;0.30775468905605874;0.3364624373533446;5.195594968559241;31.362686453045555
189;3;372.1657921113996;36.166544931858205;81.91309757317853;0.6053758963054832;0.930928076589862;10.036994260917057;241.78104580274427;340.14923890616103;0.8656024209885798;150.22852553599836;0.39607598428413504;303.8641712767616;0.28538478024335867;0.349761580926682;6.154425880157735;33.67127241888236
189;4;331.5412625835785;31.161706495488257;82.029609772015;0.5549551887208392;0.9267882394705612;10.48193974459841;226.79662274085211;299.7568098770766;0.7643368715112351;130.99841763240062;0.43656522686199734;191.0398501829678;0.26709527106420006;0.3765791245681938;5.7632401842346415;28.22698043159208
189;5;873.0918827161007;55.123491598549506;81.99581326297493;0.5809092788593843;1.0937285041818496;10.67208797481077;471.1219047883093;774.195522507566;0.9204082139923557;350.62985874553544;0.4303704074042687;421.38524292150936;0.29803643649983286;0.34711199050306724;5.380545172308354;32.00111960885346
190;1;425.894956265648;36.36796608291539;77.64934137641593;0.5968600399445146;0.865924347349298;9.720850265627588;301.44703666582734;400.2805099918385;0.672958127976713;177.44447644539102;0.40649186640020374;228.64761576887486;0.2848694229808494;0.352257299328893;5.256261327087539;39.87368858859547
190;2;1124.0934156286069;70.7671755059359;75.23425381372455;0.5689977833651778;0.8079710907443544;9.16737455293051;663.8798889067529;993.5932584508512;0.649537276975373;428.434180697198;0.4407693873667977;504.6854755718207;0.3551337095292664;0.35708878080268375;4.915658290710953;36.09957044173977
190;3;971.4242973409484;44.505451575977716;75.26169971897471;0.6157198762894915;0.6801629321657084;8.647479284527435;565.9170704628245;885.3407655463369;0.6119536541242308;374.4746786259772;0.38500589375607175;427.74320129769825;0.32389705768019506;0.33608429477861795;5.066762587639528;43.15933106057093
190;4;382.5725205608276;37.252674346531315;78.43596116459996;0.5661297213510891;0.8315700466602262;9.389705816231231;262.90619446174753;373.3590622382368;0.5897579544339695;140.18856313186345;0.4426513474612557;238.6942709878917;0.28225824249599196;0.35502284797259775;4.886886952242504;34.86388056341638
190;5;394.4495122681812;30.80161119170198;79.93781864056861;0.6234285887414556;0.6886619304894714;9.090813159263549;303.6254166319957;378.3308129444423;0.6625977892834982;133.70299174123284;0.37523288659746007;259.76146007537443;0.24781844094468541;0.3987618380198679;6.3990660505614105;34.776729619771324
190;6;402.31552296370864;29.989610210234623;77.24969241132005;0.5921663691292657;0.7635041117624992;9.034965465494313;263.0616043252783;344.0229132216726;0.6282952049007695;151.66270822774538;0.4069910131481491;240.10914933269711;0.2763152828702742;0.3525313746861471;4.970316981387246;36.674954216541984
190;7;924.06801791702;49.3429149566036;75.33624309555294;0.5847837525386831;0.7327316463364177;8.609358048757947;523.8738599756769;888.3674317615232;0.6682198924060814;318.80935417180535;0.40920003753988476;449.82983569045484;0.3079720882075174;0.34543925248989316;5.012357494616113;39.12774565483201
191;1;434.87424520012456;45.94304751935958;82.02515078670694;0.5513810285452744;0.9708026058904956;8.437442575191852;294.79392779178545;378.2400529852581;0.4780721269185052;416.5492030629915;0.45382937758436376;276.23334889816266;0.28288289785711057;0.3587778592142664;5.946305525851014;28.746058773589024
191;2;1719.703649001931;112.96809186283514;78.74239474101329;0.5445881359887411;0.9406475021753568;8.85159898220229;1034.3629215407927;1467.8851934181832;0.6791079422952537;648.8565156308389;0.4580523644365346;801.4025539714972;0.35139941866468705;0.3154474606718707;6.064389831774532;35.138483678927905
191;3;1633.197785998905;112.95606261994386;78.55962935028855;0.5157573378525026;1.4876036736908238;7.737857718694122;865.8703240460221;1464.454570054199;0.5307211584416311;751.6192632170922;0.47757361685585936;669.162712687873;0.32307343490419865;0.3929642915813285;5.15636228508417;33.09849597406403
191;4;629.9160007653046;45.06179238242056;82.3303265880892;0.5826992076996266;1.0117374781223645;8.787588857531647;434.9352027024672;617.9528482577409;0.5561646954926103;477.8317401219326;0.40890397133761924;325.9699505788705;0.2667426362382551;0.35050480917917504;5.769678684310869;31.678538869076366
191;5;484.4649133460453;37.852101886906645;82.5307966958683;0.5155736272360885;1.0244949096124223;8.19009430154402;297.38683514902885;403.3121515633249;0.45598672376529126;266.6018846384621;0.49311448929174445;276.00288558821796;0.23234547111574666;0.3914602653469648;6.167935430315856;29.842926591120932
191;6;569.6997914095979;54.613396356434386;83.22033132881151;0.4919099451498566;0.9400230854247542;8.714426189451807;384.3451421028642;510.18031121380227;0.602648954098416;480.4497790302574;0.5025426518880933;446.9998651970046;0.28027951703538734;0.3761225900071801;6.893858873791771;31.02014206039187
191;7;1705.8344799975075;115.28146112377517;75.83949987342447;0.5464708130470358;0.7888953920712799;8.34782201524424;1093.6861836089886;1531.746009506062;0.6364378328513999;681.6344937299062;0.4564002284799007;797.1381805734396;0.40081686494745183;0.31377138857831055;5.619289933869994;37.22307721303496
192;1;277.9646865736213;27.709425073884436;81.19476602450837;0.5581965658803284;0.7934411446728745;10.343935898262984;167.93591582031092;230.52931079212124;0.9866358628188021;128.8437776205533;0.4396047299609144;171.14341470251108;0.25464338494852634;0.3399898935635067;4.569756748874197;31.59587727985294
192;2;239.94861079725152;29.082989582669537;84.0504575289782;0.5497448147178249;1.0475692768296438;10.320086954973707;186.58838693426173;207.71847645758825;0.8815114074575864;112.01175914041887;0.4480115938724916;159.07753399889407;0.268106722535273;0.36060400782829455;4.809286082288;27.483964689962633
192;3;262.7412547641254;33.542609790333216;82.97807218274703;0.5554594481400954;0.9434074658851352;8.732321150183697;185.22210161942684;237.10523752110575;0.9066955147154943;140.535801807371;0.4318736440465796;152.89252861581488;0.3120263005230235;0.3470688297337505;4.8611764375734525;31.721993453736175
192;4;411.4792789229884;36.277753053825094;77.01922955471593;0.5159194744214747;0.9477456539380603;9.060103217925784;305.31406484104593;412.4818195411103;0.9634944409773816;215.4450439868915;0.46541706002462246;250.34727447160574;0.2926296292715409;0.3502717388420555;4.83001148422741;46.21901183822157
192;5;277.30729815829574;28.11285936013087;82.56304389138184;0.5454776033018888;0.959870086537108;9.436356126196978;198.6729076617401;247.35196114393875;0.9278384529880577;148.8305197304425;0.45817573234234943;173.72485780527407;0.2758277062919964;0.40030328986946395;4.833176760541072;32.12718042940069
193;1;2098.2264049873693;176.03078669076484;81.37437033093926;0.5387590912640983;0.8136817673936529;9.581266603003554;1353.1094902880586;1727.8516540202927;1.0151775096165627;640.2531200287369;0.46937584792026854;1052.2061741028485;0.3755128511813644;0.3672343410097255;5.331971248110062;32.86457936897777
193;2;920.3932877250854;57.60288192844112;82.72580910217025;0.5780632329192052;0.8254680929090092;9.7387753729486;526.2190327916362;797.2056357319641;1.097487875988384;351.05147434493773;0.4209139428354357;484.79658540855485;0.26803826369959294;0.3774181434041828;5.107957089726368;32.08889998473507
193;3;403.85133930354533;35.984339863920155;78.69407084286976;0.5905019645985654;0.8364549253588764;9.580822138662064;265.03539988574704;346.88121084414604;0.928666356727683;139.38803307586429;0.40540311384951905;213.18856336223126;0.29462692490620307;0.3694433056479198;5.293758665553058;37.44845934014
193;4;395.57172804053;32.911388539137754;83.04397144532702;0.5568679614500003;0.9382115090665881;9.972387521137229;267.57374415209773;382.4511436914935;0.861001309822337;141.7985276862322;0.44144497572852137;237.526043092051;0.25433446210872807;0.3457010834869553;4.96585917062174;30.74944221859848
193;5;1813.5398475713312;131.94859320946006;81.65568882171026;0.5305975096454181;0.8603951854470004;9.59389708435855;1080.3044833372055;1646.2707366979919;1.0695545886456073;537.7493332789182;0.4705194189455192;736.025834558433;0.3433055638881431;0.38386781485965854;5.297612904965857;24.791892127296748
194;1;475.31994590515654;40.24927781305375;84.33013775124527;0.5113319521841351;0.9794138133295249;9.130276969754881;316.98721930023464;461.6469523989327;0.5499374109274232;194.11554491507306;0.47776393143255746;294.82171664568455;0.25240037192793463;0.3934373439559697;5.577609356422811;30.375663427264275
194;2;1955.5668437852446;137.12711587697774;83.58942913479166;0.4462199065715833;1.3745010478605424;8.068600310573725;1099.6440781717483;1740.8595121891246;0.5130774718045406;1006.9259730712142;0.5546276701174551;747.3374379818571;0.3259746976954374;0.3677136452891343;5.562390671728268;28.24115225542135
194;3;1861.0865045831954;145.32814491157188;80.87448407538113;0.4736281091618741;1.1643319083153942;8.424897246608412;1149.5925923322384;1664.5759756249545;0.5255739062145804;773.1247486852371;0.5186853520404403;799.6404012075062;0.3134740427014922;0.3768385486814698;5.282109367638042;30.25922233552538
194;4;2180.6256807894256;148.13513995458516;83.24847228574862;0.46477718872639207;1.5893021113115418;7.959561617804975;1122.9011160815792;1877.2447443135463;0.5515358034191802;1153.2483160427535;0.5378699849791434;1009.2178794048773;0.3582988002294084;0.31057213534206385;5.530052903705091;30.110350112490245
194;5;1151.2268363072803;116.74440595607217;82.26261976229931;0.5752211489444933;1.058847398429095;9.354654533563945;663.041396092821;1017.3741277391075;0.6846571082779757;510.9329138213194;0.4207416706229119;394.5209478321818;0.3139167439352493;0.3253469403066756;7.115009170606226;32.256042594705555
195;1;342.8826432694636;37.83603039175419;83.8514986574128;0.5477775861688867;1.0884577593782876;8.845381755148559;235.67009094813488;323.17580932546343;0.668481414660865;162.51182550736948;0.4544052564446194;218.99972900330488;0.2722755041583594;0.3766725248144062;5.898632254627042;28.407910475457108
195;2;257.250475329874;23.500583485413085;83.28065608934699;0.5711964439843554;0.9657324003191485;9.109115496385577;164.4958824230456;225.65679218271063;0.7055933547841843;127.22392694673294;0.43655669635925926;196.01963344811446;0.23789647316198034;0.3777385958782827;5.058493502603674;31.562582019117645
195;3;329.44460448651023;31.006116799679894;83.29348016363127;0.5393723124972761;1.0458923886148384;8.759939274751876;194.30078878838958;297.50312709076707;0.818713330376335;159.87851124956163;0.45707876274683307;193.3388756345097;0.2598800161716573;0.3240234726830042;6.4017965141388915;29.981130867120196
195;4;330.7826636599603;30.67382180388968;83.63740002875574;0.5051873701420818;0.9682077937456357;9.100397858453949;211.18198855827544;298.92463531813115;0.7252363705567255;147.07279483006567;0.4946854935540187;177.43414807461033;0.2440907436845273;0.3766902552148934;5.889999370405359;28.920747454130233
195;5;333.1412312849021;33.91779164237418;82.76172593354096;0.5789668296770205;0.8094139134831515;9.240818063177166;209.4783893649553;267.63770462112666;0.7138694970860175;129.97265066712322;0.4194321428963652;176.97592765786186;0.2514422295981065;0.43517513211919473;6.661854146917162;31.840614148447624
196;1;629.402067556969;55.80700895090541;67.40530639876602;0.5590241810507677;1.0973747771916658;8.611586088655223;361.4076573786349;531.1396792454287;0.5049340932531873;314.02722930421334;0.4357795486078443;274.11008268603865;0.37475055463542767;0.35130691462509206;4.663781433355427;59.735779899149136
196;2;1286.1142364102323;125.11477936942428;61.87883924665668;0.5733445145642694;0.9299503033470637;8.834976317135132;786.0413576352731;1081.372814064798;0.702836986346102;775.7226052908475;0.42304546034677737;600.997698441425;0.4335867804405793;0.3227167415769834;4.604577658474672;60.37217666103967
196;3;1096.5232129383237;185.8228816954819;62.38212073285876;0.5747658953075538;1.2440074095732379;8.862141823371717;768.0319004532544;886.7387382396306;0.5822351357397814;473.22422142167653;0.4373659700016929;464.62154186992245;0.4714297095850916;0.36600085400211363;4.564953916292583;59.20764892504078
196;4;795.6214766629638;66.23919222879705;64.64824031737236;0.6039423420393482;0.9397815065808722;8.801981665023499;468.96439495893566;657.4141622839942;0.7190778833959649;305.01899826136037;0.396853700357543;314.17304974297184;0.404819083613436;0.33069711844154154;4.559349772295217;59.98377798832864
196;5;817.0899699793944;71.99797084126561;70.05235029925319;0.60532970718734;1.085320562615144;9.191811343848041;502.73740838623166;706.5821931881696;0.7959960531542032;354.096902176314;0.385489955847337;335.89808618177494;0.4007543127481389;0.34051480073194723;4.664760905919298;59.753393304239324
197;1;884.0782721352028;74.29577126903554;83.14075920331817;0.5260332855446657;1.104604675879348;9.396100455173277;545.0841489449449;815.622361243731;0.9239618252658826;452.38981138517005;0.47079213333247394;469.33107162603693;0.3287144211123485;0.34944782126716367;5.461122817744251;29.608404999181943
197;2;483.41258157903985;34.980144790435624;82.66141414279053;0.596324483885883;0.8945162405104012;9.518133756191885;335.8008950269199;487.5318750208434;1.0007705909178837;257.9481520693391;0.3984961470723797;343.548698637501;0.27596176783621656;0.36120577157724915;5.186119253479402;39.46319045230462
197;3;428.8126597994594;40.37367109261146;83.41662393684928;0.5821158305405308;0.9272142525167588;9.551362281761625;288.4796537218232;400.08512578973745;1.0208340533838047;143.3559945769786;0.41793557595810127;245.036897986501;0.2412603324507072;0.41511884135013377;5.02262273304366;29.854005227906406
197;4;772.1071145563885;55.41907979453261;82.30101904836847;0.6090922541649706;0.7711229189856269;9.547486824331015;395.0852446316444;675.9385944950056;1.2841942196341805;352.7252652061922;0.39308883238585623;364.76655440863425;0.28932436842989;0.3612424803648533;5.370011895162426;28.9179051346799
197;5;403.31716317662193;41.303081748514124;79.03451749120049;0.5981874430058721;0.9157438484114501;9.599912397176348;290.3936780674349;397.00928933703125;1.1302401080363669;158.21329233191025;0.4046485917187004;270.65860115845396;0.24010976636371087;0.338107241120815;5.175489622115499;36.703017034042155
198;1;431.8970533118587;40.28927774904416;73.06555908488731;0.6085654418040669;0.7022724282306958;8.196786848238952;318.8405394738755;372.5026626238063;0.8632542708006614;164.79729195941266;0.39570913279877423;219.82007648131454;0.3384645065639913;0.4116120459973924;4.425399471343648;46.61610974985924
198;2;403.0751736004831;38.50102496788034;72.751622047953;0.6097261738529755;0.7666294648891252;9.03169299764437;293.8605049888506;360.4497697568835;1.012441332160876;157.09236685648366;0.3832192240283627;221.00305109382003;0.3110981936424276;0.2925534462691132;4.422382446684971;44.20488284243175
198;3;500.12562541501126;40.717686986101484;73.56697903149919;0.6034786097585358;0.6498236907970013;8.799915740502229;386.6212285646558;519.9991482313675;0.8941716018198559;270.3958179312525;0.3883169446776732;340.5874719065928;0.35421868498452896;0.3563385806563529;4.654745595669262;52.68997488981997
198;4;355.9233993470943;33.32970063750962;77.63936247995765;0.5985346169539375;0.7777851034295865;8.557905276685995;227.94488766931772;295.76714021864325;0.9610713455260155;136.49803565512536;0.40642420510220684;193.7581467308932;0.28398248709469154;0.3818889271660323;4.961476076905572;45.7771627693615
198;5;372.65570522672823;39.38520527237932;72.78725424274211;0.6093394799109368;0.7529533463644438;8.803582974315818;255.41971967907142;336.3354359890211;0.9535949733310878;143.68254078958597;0.38303485225199424;231.48426076739545;0.32465002504369955;0.3623930002812319;4.391973505200977;52.21109129447529
199;1;317.5353322711037;38.496856111019014;81.49862772001467;0.5417081492942517;0.9370421760436684;9.966157632682554;177.26473681320337;298.0641359463839;0.7602558099024505;179.14907121289232;0.45503238027846543;191.75371819624144;0.2666263456815705;0.35040512188236805;5.136369210914832;39.37507950226373
199;2;520.6222640300642;36.30521788213974;80.00150883343169;0.5363396582197779;1.0573720528050572;9.421036906133528;250.31981081100145;416.3216928716298;0.755743911772366;222.23236505115037;0.45280233060092334;270.58538836682516;0.28787303173093765;0.41857397717829087;6.123330865753473;27.882640283975785
199;3;634.9848623427948;40.529222482700575;79.86425217776899;0.5630683208913481;1.2546444336622236;8.84810913296274;355.7046303299718;541.0500073815538;0.8055815020887472;250.502475657636;0.4305862053060974;268.68643107438413;0.2912962221652292;0.4033914112397319;5.559067086811362;29.564973405108894
199;4;372.0815790702468;40.11494073104454;79.11333965821456;0.5440169623053042;1.0811040252839348;10.223241124145112;225.61245745624115;324.83858685139063;0.8472679718420091;161.33363941817285;0.4433590263449368;162.7372303056447;0.310969079870244;0.36281411849593725;4.8974250283646406;34.2363615028182
199;5;602.8122981991539;38.97217711302708;76.555387101534;0.5522916567512591;1.0335391721943037;10.068642548797174;382.96839362771885;581.7645868254207;0.9030598827971655;233.43352905502937;0.44072461241502386;256.3653507083375;0.34771896037831845;0.37015769394641757;4.883890019049006;38.38567096298856
200;1;824.6484734915439;56.90651321876546;81.78850798703355;0.5117683418954357;1.1058332602540337;9.725601885368327;414.3328087093951;670.1567997089246;0.7341262446328939;329.35939598318794;0.4772392125578073;334.803177393925;0.28203238130056385;0.34929502340062174;5.343263420217038;29.77854720267253
200;2;1189.1923956119736;64.334385589205;83.75129427485912;0.521680856770879;0.9909626019418432;9.519019631463737;591.7899401389983;1059.7990930071592;0.7844020954356118;546.3963364592477;0.4745063231720866;434.73992259657257;0.29273391546926747;0.3361901191569639;5.197158424913115;27.624217444468783
200;3;1819.6058436925273;135.5292411930387;80.09552643799931;0.5195674684857647;1.2081088809023774;8.90733668070743;865.7878672753411;1641.887605566485;0.818848851612582;809.9860852415292;0.46439089112525705;667.0902896343846;0.3397650550395079;0.34577192678517926;4.8420889086215295;31.584275188805517
200;4;1688.8084803448592;113.03239830594077;83.07459141470197;0.47149842318594787;1.4102205952304252;9.731892671179857;947.70912427872;1565.6802835463927;0.7009140602488781;977.0466937408909;0.524020944288021;714.0102459013729;0.30421160600606595;0.4179293839168794;5.503063602771256;25.30745556144297
200;5;933.6475256938542;66.0051064079023;84.26607335053635;0.5350831763245109;0.967870269600948;9.579881753284216;436.23122132144147;800.6033183627134;0.9406880963082671;409.55673911192804;0.4612949761645853;379.215831646289;0.2707414103868515;0.324122010106381;5.307994971084202;25.60233597149381
201;1;389.27305462499106;35.728087822164994;82.48108894051335;0.620737150678351;0.8189632382589294;8.720172268622319;290.4079303355191;354.2786000369981;1.0386891254278967;192.4958637789675;0.36934077808511595;213.3187596100908;0.23627150504186378;0.4460916258085901;5.008976756520994;31.363097240947788
201;2;651.0054590682091;50.62225882673297;81.60818625813951;0.6271696979648417;0.6730380351339961;9.629278007763917;432.63433347525586;610.8372150196695;1.0800165706250013;257.5373170848698;0.3788320348183871;322.2458819627082;0.2743939466332302;0.4264265695462802;5.166176053450545;32.48852639049383
201;3;509.91102964763866;38.246417155519886;81.48558719845232;0.5970548466433465;0.7874997693331188;8.893597230919779;383.2703743571809;479.8499322487145;1.1816965343691128;399.0120180023897;0.41058414970850954;265.06307128536736;0.28583998992729753;0.4438447919393424;5.14519294265002;29.197698899136547
201;4;901.2053784281823;46.16854074370131;72.39381794132431;0.5642821340605197;0.9070756620307172;9.283694350241595;545.7182539766884;817.9759911053063;1.087581981940679;361.0967313764261;0.43603585028902353;468.2356869012739;0.3479583874215916;0.3664480630537446;4.753140561896063;45.8843454322466
201;5;845.6668904001974;67.04123069015903;81.02944664916409;0.616851673624829;0.9610287202597667;9.251867240267813;508.7490039931519;793.0911166695312;1.0403477154569076;584.6579719807556;0.38433240430828847;445.6639361947897;0.2957561275943512;0.43469541068562156;5.466657955156911;32.288521752528844
202;1;1075.937670360536;72.28734237319264;75.1349893649738;0.609620644386066;0.7301733301117533;8.936457437888759;600.1917430951994;909.8220540566217;0.5643651969429346;403.63627281251513;0.3866093707033101;433.51769656918646;0.3168746524327715;0.40582366738008796;5.205981850144077;49.874718813818916
202;2;1187.2410675190076;74.09715483969566;78.02373060325337;0.5463624435534606;0.7933385215017063;8.819651095334168;688.0597691312086;1021.9211515166585;0.686535527004328;528.0127825105054;0.4600276303523815;467.113899079583;0.34323887253016916;0.3561577408741311;5.047238799674293;36.651758212580305
202;3;1978.7655453559419;182.69973322722336;76.0883963797839;0.5641129539360589;0.8741595506286823;8.964861625416152;1280.976385753468;1609.5760700498563;0.6649903211329845;680.1232175471284;0.4315954905308513;992.5933549162562;0.4348076570766266;0.37334331553797917;5.578606002970662;40.24640503494179
202;4;1969.797126934477;196.8404874282788;74.21102000660304;0.5858098703320117;1.1515382642170806;9.312464610063408;1358.80514224232;1789.8374097525925;0.8466296090573188;726.5854169807919;0.41685643607002076;977.03408374657;0.4704079463904929;0.3901890662127422;5.135374885540675;40.94438681536607
202;5;1115.3030524540427;62.41709174384349;81.91370091171562;0.5468140525949814;0.8564307305960159;8.448875490284406;658.7207997614612;1006.6040394246082;0.6404438940461478;487.587602756569;0.4605086403345361;424.0536244328572;0.30269985967108526;0.44465213542054116;7.598203253403722;33.32272488514045
202;6;1190.6020636369929;111.4145755770074;78.01303332929989;0.5953895177036156;0.7129346427089785;9.185088642955584;740.2403819639419;1072.8069043691623;0.7315787650384659;605.1117171138178;0.3974409430170963;625.4405046558209;0.3542356260835345;0.4248823834530326;5.5945391172615215;40.62079830323527
202;7;1090.4758940868696;59.30971636009649;78.11745258375785;0.5724643350531131;0.9837216236423741;8.905116042029604;603.8059134695856;955.3648908940859;0.7479723186382746;441.4629142587021;0.4209668932599995;466.42230613201787;0.3258065160905473;0.4331097554461448;5.712119174488652;38.401906665950136
203;1;656.2802212255997;39.492157380720066;84.55318614526017;0.5181517148788566;1.0239451717711299;9.261000166948492;421.8842133466388;628.7988103283479;0.9251993047216667;241.38206482444784;0.4719074375815903;302.4415405557155;0.2749889722005877;0.35033193052285844;5.588508767811999;26.69407770391765
203;2;381.29411635808697;33.13294936401527;83.89789152578055;0.5843436471724032;0.9913085888071502;10.727934168732393;210.89995185677992;315.06838915938215;0.9798691363765973;155.71061572012113;0.40995343052285;160.25589141359922;0.24565593196377677;0.37353214825671793;4.968478875528118;28.82184712290007
203;3;336.5348730560688;48.49752511792312;84.20972348236883;0.5325510505971132;1.0010389862423454;9.789790313932635;203.36739118914795;292.2549978089711;0.6428753870488967;171.09366739021877;0.4599276389365254;160.8484394780626;0.24624317455403588;0.4092690484419436;5.159629507392807;29.28432776650983
203;4;723.3343095417243;43.396042575577376;81.55549421660656;0.5310420350704824;1.126263139733353;10.021240038024162;443.71639364196943;659.2829948376943;0.9888805792258836;253.3710749953859;0.47002047073624104;369.44845771872974;0.28354059913296564;0.39736433261244697;6.673950595509178;25.659118821005773
203;5;464.6470916024952;41.08127240177764;80.09368780534115;0.5065953205597704;1.0377260145791627;9.632251191109182;232.01988083234517;393.4491617437096;0.7945667913087935;163.49937453359243;0.49847835108668304;298.76559303760007;0.33589804879956686;0.41461900962696363;5.176849350947951;28.01097919253341
204;1;425.197340549826;44.63706421243946;81.31588879684121;0.5966880137386082;1.0946908188274547;8.88914246674488;260.42033698326964;388.94096330334514;0.6911397146796173;177.60176329225038;0.42332100284642815;214.22003463891585;0.248962999639044;0.31846442472613407;4.976363543117781;30.14286182528891
204;2;390.96267353774186;34.62144396807202;82.58261330225594;0.5085210950017414;1.0692476783811737;9.271539113050942;262.75270937767357;361.21707654445805;0.7918637482860039;165.8402505467947;0.489504237239235;229.54500000514219;0.2580551314266349;0.3485290222950734;4.942944437118141;32.23455513819747
204;3;394.8683233832589;34.47171750911709;81.45606037095338;0.5487961946525534;0.8729712220395851;9.51763357320055;271.34174297011054;350.6272877107772;1.0345255843615957;174.45375537944298;0.44986245138834396;263.34591270458435;0.2880976261650737;0.32580999882267475;4.927034932183906;34.58913133869654
204;4;694.4669329618602;44.70279539903664;78.95255377404655;0.5348410035026955;0.9359388518333721;8.729970343494093;390.80379430331874;613.8173140484348;0.9077041461485582;274.9669927135996;0.4630536347773514;312.3393200958767;0.2806216795881615;0.32566596810657883;5.000644424081602;35.85417072980689
204;5;1981.9492713977174;160.10426082823332;73.2841980761151;0.493879783123469;1.0889981258400712;8.89759776226215;1064.7676672097568;1781.8281249291247;0.9729102454074425;597.9988416847407;0.4913366242348331;783.4876852446064;0.39084856127819856;0.3256824335814901;4.7035198149344595;45.87201387110804
205;1;858.1594211533337;56.12106410670698;82.8089948470384;0.5563915371670827;0.8728319125784368;8.63189445211368;454.0830460110818;752.7040236656211;0.513761897471536;375.1752402381158;0.4503868884909423;453.7960710164955;0.28855753905410325;0.386736308343297;6.000203684689575;30.797563418510713
205;2;366.68484691089236;43.05775936928901;84.31095254697875;0.6071454979410841;0.9009863461171114;8.738073369835437;235.53750249795542;340.5915713744626;0.6441979590843817;171.04886659495133;0.4042369802536641;182.93982210558107;0.24336781558943646;0.38190042253527984;5.270565093284039;30.706492539918536
205;3;583.574681289403;47.24055833745618;83.64866897125442;0.5684017887301229;0.8196339953508437;9.130607514232002;389.1567159592554;540.3552294623478;0.6056765730089791;248.18906126828657;0.4328214669844773;294.08019351210817;0.2493466141730207;0.4018405802670523;6.077072319764784;28.69045673758035
205;4;443.31185937109586;37.626033103555685;83.28253264675628;0.5824417283609676;0.8258026405206149;9.14477956415345;325.7887290449569;441.7645129040915;0.8106922773299174;135.3037484579605;0.4144666289864257;244.14825333839545;0.23503591829931486;0.40059494699281134;5.9410182092451755;30.99198676678663
205;5;791.3089692010624;52.760372263301015;81.0372323566296;0.5891258264832264;0.91513360204211;8.410308255881892;419.5330321537177;653.8110233336718;0.6574860240534959;368.5806369988589;0.41113591038630715;326.788299675962;0.2660378844834245;0.3410105349973103;5.333598658086539;30.087679253473127
206;1;974.6178296584528;56.77193127905641;80.28635911366926;0.606609009578424;0.9947680636399912;8.678133130771544;592.8445538404126;932.369464446959;1.076726552445879;376.4979005308654;0.3928479638120544;431.3562061448319;0.3236518192198025;0.4332929077056625;5.053539033426315;33.656070371615236
206;2;535.7125416519249;36.74484087544947;81.0546985117992;0.5222509209885167;1.0039604632642196;8.667467418938255;354.2925743003466;474.1719778564121;0.9565209945885101;183.2912042561387;0.47332056520173815;326.16097782021507;0.31244664240843195;0.4322649413035878;5.706961121460156;31.0213121218145
206;3;368.0595802859105;39.5345544648142;82.34508192639562;0.5565693543241681;0.8521186154386888;9.12635047791045;283.32869061918655;343.55177702727633;1.0985260905113052;191.49256984941283;0.43686560459121376;242.3928609663999;0.2946036462886786;0.41503224879777384;5.281845679195011;31.386403371317414
206;4;418.69465969473816;40.194413348910864;75.10486956253841;0.6083030008706239;0.7704627406945952;8.911831769479075;292.7190297379527;397.32628476228035;1.0184278105590276;150.49197467947494;0.3840519919752668;174.63787734909377;0.31429519503698394;0.40248009030441656;4.821607171266899;33.2637471821469
206;5;409.48016254327564;37.07911194559558;76.04125433025654;0.5991400826873907;0.710718967024794;8.848348403989668;288.810946370473;366.5867463310137;0.7429808584329545;210.19644577554317;0.3955072928740008;175.5909177079906;0.2960206372643905;0.4038965644698297;5.009764592797667;39.47444247924301
206;6;426.6054073530816;50.641933203083624;75.46159639195434;0.6359594909188082;0.6999737825174603;9.130257002666871;307.9703562589129;410.5269763978462;0.8842178565716735;229.09019039775168;0.37626815840332983;290.2869865834649;0.3195206061311268;0.3871123088885365;4.813755167458528;37.35531003468963
206;7;526.4010139189537;42.29014935083404;77.98703710227618;0.5575974169033548;1.1471021222926265;7.897569294879686;296.56676719926776;448.6050092002169;0.7888655414366049;224.06192125996884;0.4405055823623394;232.78670393197967;0.30365822399436854;0.39873197638067237;4.93520449952537;48.0514751579467
207;1;2016.2785314825683;157.00882270188285;79.16933909360239;0.5449000886729727;0.9365900701163506;9.076585323471473;1134.2598210674716;1830.179430927592;1.1002136664202318;506.7517878381138;0.45260779375488164;954.1552046369424;0.3805882638257334;0.31979893225563893;5.059514965689275;33.89020861698496
207;2;2094.3745136656257;176.8731127985366;79.55171064709229;0.6005085554382643;1.0048950486763542;9.006543306927776;1313.6880211525606;1834.738959055956;1.1488585216513945;688.3400849079866;0.39951518404395203;1163.9792940855034;0.4549810200012681;0.332962409018352;4.802498741570668;36.492851903295225
207;3;877.251010962897;65.98514758227296;81.01292964821378;0.5318064990187963;0.8671411161056045;9.188371384312982;495.05423615714665;835.6721854088636;1.1527928381497703;471.00600411125635;0.46993525981171586;455.7803461876692;0.32572645309327686;0.3220614735865338;4.793735746058219;35.34738920097996
207;4;2002.4015825484278;179.48387699044724;74.35921707548611;0.5905564751342669;0.8160637922968179;8.764707628188331;1122.86809940826;1734.8952237681785;0.9663373486413913;663.3991897051081;0.40805121139532474;1171.1840759446613;0.4626295724317305;0.34429792504995904;4.5507068049984465;39.65864176171131
207;5;2116.6666529099;181.41482375077598;78.54765318552462;0.5935004963707636;0.8095835042035477;8.38720099790106;1342.1116467462823;1900.1770045499816;0.9514198302058726;656.6376695281596;0.40732201321974926;1112.3158383794303;0.4115093780163842;0.324469104814379;4.936715214443762;45.2223435720838
208;1;440.580695515932;44.4789141650389;83.08758800789496;0.5880857614761503;0.8091429846948206;9.598034551107107;266.0492969659524;396.0353382609704;0.834994857739065;257.90319783270166;0.41575656976805553;221.96277504619493;0.27844456169517184;0.36375258930620397;5.459045263852667;31.096621598928717
208;2;1773.279261155029;132.91799569992864;80.32972047525688;0.5240250701482567;1.1093205363423306;7.738509501214834;943.2838940937796;1558.5542336848823;0.9711502552764932;544.4935222176272;0.4659746446228614;597.5071252699298;0.352798533127078;0.4191447999343746;5.494873140668742;36.092151794621905
208;3;1278.842627456919;165.79830282604394;80.94600593777989;0.5318679822018192;1.2693623829093434;7.939255927815029;706.1652753242574;1204.4851629469772;0.6519348937258408;533.2809698096221;0.4677707171091565;414.2356507859275;0.33832210322367523;0.3856288474920848;5.147967699579322;34.33023515454394
208;4;611.778958300627;41.542310770956355;79.61759942569779;0.5219291885827767;1.2160116098782376;8.114895060571582;399.26203130893504;621.5424881861709;0.5815608896543232;276.1509188409187;0.48857578097518745;229.47471422454748;0.35892107586559474;0.385554732706005;5.007494223631307;34.43419707235041
208;5;1170.5378691493179;96.13824623412997;80.96869105443388;0.514161291945427;1.180358227456101;7.6693317015548095;713.9727686827405;1058.861300715921;0.7081404920914588;547.254564576907;0.4748737404937164;374.7940145703461;0.32916188661564244;0.4210796496429991;6.76521702120169;30.621022720765378
209;1;910.2317464667209;66.95880046470829;83.87215721478324;0.5353705726171282;1.0240170261216384;9.40540164034571;487.6261959795183;882.040724520663;0.6157813469351828;546.1141342095624;0.477872129467453;319.9257483100806;0.2713279832907825;0.312229108215523;5.400901832730318;30.330938200031415
209;2;1128.4108952100257;51.88160703010911;84.20410728593457;0.5595870033988565;1.0974186705949847;10.477859921870575;656.6444299249783;1051.9049694048704;0.7475562823570422;369.65455349400537;0.4422524145636826;384.51113093713093;0.267153011452063;0.3632109116280743;5.640249977252869;28.73696873171977
209;3;1082.283823320003;105.32635990522074;84.45100091624906;0.5307077079528124;1.3314050134379434;10.044472556516492;637.6777256181674;1007.1066075320449;0.5652334807945445;509.40585173795387;0.4901975879779797;346.9322016564063;0.2833640707753797;0.3769892135120256;5.3272823290832;29.84566652320312
209;4;1570.8802534499355;74.07290041378475;82.42507064362692;0.4868913231252405;1.1580235306021573;9.741829504235161;840.46714027005;1485.4630106685477;0.5756147702830502;564.5728095282215;0.5112293553476831;578.1225205290502;0.30574699089173224;0.351764466416932;6.658461808630835;28.699189883024648
209;5;1010.4499641186598;89.20918418917525;82.00140903021305;0.528191560859604;0.9609018746655505;8.813254249551262;580.8744046298508;906.1130130236875;0.5587782596468681;450.9493454802245;0.483937755766972;602.3389451205729;0.3136142998803367;0.4110500072719783;6.018075156935485;31.50922244219911
210;1;978.9276461621706;101.91201542653178;76.7076568893218;0.5144600059468217;1.0432521967881894;8.84046379087306;581.3521022467484;864.4916003349639;0.6847799666082497;370.21624478351094;0.4920887449600875;511.50623434246756;0.33982925560257754;0.3401250686921571;4.516033455888703;46.03071860829749
210;2;1070.012959658981;111.62354857815407;76.39400436873882;0.5222770700796523;0.9966504007776136;9.352091018459571;654.5766001707211;841.7139965953585;0.8064574230028777;391.4808283742036;0.4904843346653034;511.546593217175;0.37053790747363347;0.317784360616169;4.575959604427117;49.23777591752193
210;3;1190.7366054272286;88.99707640145783;75.69196065852948;0.5208562433660902;1.1616681288411317;8.701979397506769;791.5055979081797;1092.9545792581575;0.8022254013397873;480.5945974102071;0.4947824123083035;597.7439063847434;0.35883429964123154;0.37423221017887637;4.774478722003547;49.197812925947574
210;4;1110.1602430057467;141.80281438198833;78.94292951698417;0.5037050645839941;1.1764111578386027;9.467637778944791;722.9200539915104;995.7161621047192;0.726265413556743;453.8484065920452;0.5076346482841043;527.7249856745615;0.35131532302348734;0.3796619488563933;4.8319834757484985;42.51240887439209
210;5;947.721138846481;141.64365137918975;78.31418928128366;0.6007970920994002;1.036073744790084;9.173004201902156;589.373357371661;808.0479912233927;0.9183091074394264;376.4226428794581;0.39623945641779046;517.9116850524792;0.37791930862048334;0.3716138783629481;4.803454573603434;47.52811802316166
211;1;624.2083011063736;63.85717613423994;84.7142954800592;0.5712940775426862;1.0731122628301588;9.4807862257083;347.86290412085975;577.3814745007704;0.6637274926212311;326.50323720232774;0.44681448527556583;307.56827315237416;0.2501310702826791;0.3386576258200379;5.223763320864296;23.15984899706455
211;2;848.3011860494163;64.9453727005228;81.59814060739414;0.5136691211594491;1.0103374211400467;8.65211613485239;477.7613943876818;789.436238087403;0.6988089367180882;340.43058614032384;0.47947667669360217;322.6274237775084;0.33822712753469214;0.3552876053448608;5.192119763594439;41.69811113974891
211;3;470.84793093924054;46.267953009300335;83.59177681037568;0.5760276863397802;0.8938835633483785;9.690183306620035;271.7523482243035;420.4223359394254;0.6879704133778077;234.71486821840742;0.4548007788659892;250.1552121028028;0.24314685533047964;0.3693125422958491;5.609995777126305;31.392846553457975
211;4;552.294805589215;53.894538080162334;83.88189231543981;0.5525900518650224;1.1234272512701011;9.48642159912945;339.55094177014405;493.2978552534168;0.6412757821471317;325.8985406790512;0.4546584010898882;283.32872156938475;0.2230789209247096;0.44882600403031264;5.991375973724548;27.244588550944616
211;5;948.442514893312;93.44237399603418;82.7232313317645;0.6186590317402975;0.9318681131206322;8.503987354000992;506.74705375192343;820.6323607983295;0.9168120482967576;435.8808431650026;0.39064880461851587;501.8510861934914;0.2920702386121825;0.4761436706973786;7.359524158244323;30.40618980292807
212;1;366.5155242417166;33.08692267478004;81.7956509944368;0.5948471528919415;0.825434431081184;10.421707047631834;249.20437302476455;356.52232975495747;0.9209542017074045;140.9871563340457;0.3859791890019397;191.0779656554918;0.22721556888778782;0.34960111428909607;4.950158184552826;26.73920246848326
212;2;391.79970117077477;36.843324640763896;84.3405599413682;0.6095783847200614;0.965382539284172;9.513146895780123;263.9079851237012;359.00988410045915;1.0759249875777115;157.7174257259854;0.38899181588690723;221.01606633327316;0.23833253891689474;0.3951827406048137;5.2077400557372595;24.247565758222
212;3;330.937451761567;32.821416774993274;80.71731854598048;0.5922172846542378;0.8522818818717278;10.283856489152079;202.2376157222945;284.84628755326236;0.6408012913409926;139.57689656971854;0.4064741549544245;177.48135718847803;0.22985544205556852;0.3407326689590439;4.977133360255153;29.228611021382562
212;4;376.63321442647253;28.49046700266641;84.04196564311518;0.5971701712639982;0.8836368931386909;10.200766810615944;213.58541660814637;328.41701729174963;0.8826044580436729;157.76730851697067;0.3996399967277919;145.36876056604797;0.21624433196700316;0.4011215532017698;5.162670442242546;23.701623091572152
212;5;841.8889578984765;72.04841819595387;83.5538567072545;0.5787385433954688;1.047282884185195;9.642771032172627;511.91137464609807;790.5085136311897;0.8137674615307238;429.23009623028156;0.4344351612898521;443.08381648570213;0.2832645872392441;0.35958504555503235;5.081981854510777;26.71869838902995
213;1;360.4721940274801;31.664878572507963;84.30688577674033;0.5914806210285021;0.7482660256778928;9.321153108629145;224.20920573412462;305.6653979516905;0.6636061218241066;146.5579597201514;0.4101116838904474;181.06620173371198;0.2408205566554138;0.4274476960136887;7.573169316989862;31.022721522705204
213;2;348.25731281068687;29.78457911308447;84.15241262710377;0.5970370264254411;0.9775070321135464;8.968884226608465;224.0277962323054;293.4975366556256;0.6117573660277104;154.22777976810852;0.3985788189906364;176.02995640642507;0.24064470277444083;0.4493368089376885;7.7778565321595385;29.928051234007356
213;3;493.75241487848456;42.805050984628245;84.44890647366255;0.5703345987132376;0.9922398980422823;8.853957738667305;327.79298431572397;447.605184149251;0.7256766250828331;192.23262621904735;0.42283975427040227;291.004038406101;0.2191777120578832;0.35749539573448474;6.754714925700476;29.92249408442192
213;4;356.6802867702239;29.297114703933072;84.55769686456141;0.5618172220840676;0.9631467914845044;9.267820211660476;211.23743219358497;303.1956966890705;0.658847370734491;140.86186696982045;0.43157823297546133;143.59232180726644;0.23956517489171109;0.31831598636213654;6.770678340446032;25.676434121930086
213;5;326.67533723567595;27.65766496167989;84.61548649882033;0.5628134045188814;0.8593314737900706;8.027620690814059;211.34457691075332;286.26948319275766;0.4255050404798789;145.5548830808264;0.4248366237487105;173.43259078886197;0.18718630540639253;0.425297447503798;6.828662355736554;27.416383292085793
213;6;282.7185258058118;26.89487009158694;84.55081480716761;0.5561048930198933;0.9595950477785563;9.88596044710611;188.19615017203643;253.973289977648;0.5815933882911429;142.31203888002054;0.44879942092895014;186.85074362559556;0.21875577829077034;0.4525987799363249;6.714862655440405;26.15233895334597
213;7;418.21793667596313;38.17198332673082;84.06444987200412;0.5848709017415634;0.8872995998185934;8.652898818911337;277.18608817497386;362.5997785039718;0.6535735121023546;176.07375578709755;0.410267952931505;220.51709027415905;0.2623872889735926;0.4055737280743258;6.650354806754705;28.00920878774595
214;1;847.2790028067701;81.0517606351897;75.54734856092482;0.5764981588100686;1.068177890636692;9.232425885043318;460.25558193732604;740.4279403502718;0.9897370594986611;308.6560893663358;0.4349698647007525;375.4773272611721;0.3589659329246721;0.35029444050677006;4.83764454880203;35.22625466642207
214;2;757.7348621668302;38.58462438149095;77.78908383128476;0.5433322192794803;0.8257271970547513;9.26833140142955;474.2014612962744;679.0196487335312;0.9796252104091002;272.6312727606033;0.4516124700504893;456.9904115570875;0.3171554235590656;0.35905988041161585;5.130058553464063;36.087140340410876
214;3;473.03858673623625;50.950996311123916;76.63158847846614;0.5820827697698823;0.893075880673054;9.402718541895199;310.3559298548037;454.9809529318855;0.839195451673888;281.9317191518141;0.4165344091517793;294.53961320096954;0.27722939061789115;0.3472686868080405;5.068769929041349;43.383693122506514
214;4;745.4299697661787;49.191867125473415;82.01653230128856;0.5698428150527954;1.0028461384183274;9.638171450697138;432.5186858275444;650.7317779236948;0.8868869397907118;325.3260815234972;0.4379282568298693;411.1580811769969;0.29259671538119497;0.3060931955916626;5.221783887600257;25.515667236102725
214;5;914.0037290883031;48.10592720354215;78.70934464712822;0.5779773987319018;0.9108809334388934;9.435076307102603;483.206819286638;818.9265804061422;1.150064339794481;310.2311628158176;0.4145443633434725;434.99095599487924;0.3293886718866558;0.31267403202155253;4.784559212970768;37.11655062704245
215;1;387.84697979797545;41.77491288836476;76.85768165445023;0.6120949601154729;0.9673679009465305;9.297809463036034;250.37952435566538;337.63035002936124;0.8866540872454856;145.6739100272818;0.4041969529764188;211.23419784443806;0.26711656578358023;0.3537315970628305;5.4420591382292995;40.3459501056328
215;2;1585.261472734507;84.61643913313466;78.21584882992671;0.6159912713751734;0.9180345947476833;9.428759320366954;970.3663669962443;1417.7828209279971;0.9641151355496878;659.899286137716;0.3929726330084553;598.5485885578137;0.3357907580408148;0.3943964230833461;5.436324372786797;36.718991642962024
215;3;2140.848316734328;181.1476511009955;79.61878768175865;0.6024550670651554;1.1222839575584491;9.593343316702137;1443.5328281630605;1900.7042888747944;1.00791700171561;669.5080647230476;0.3862569673951905;1111.0110922974043;0.4833031162182237;0.3523756340950882;4.97626027052698;33.95247773159112
215;4;2113.953749296863;200.39202739075262;78.44709409507028;0.6001213464601488;0.9218039491619139;9.964891955633131;1323.4249526734839;1660.848953823718;1.121463484764038;646.1221331445277;0.4034201469752394;1084.7341751735357;0.46513523697349585;0.35348234908603443;4.745340916076964;43.12837807394086
215;5;888.2632988100594;53.13006187597311;79.8556701945038;0.5703188930949391;0.8010986939205326;9.241687253377432;511.48216957136043;776.9619254335422;0.7457536447442303;306.3766348023868;0.4267337614466146;437.146128178148;0.3001901975303751;0.40145261136086885;5.291764311055746;31.71319187060753
215;6;461.8192498667792;45.2596436119861;77.67430012058334;0.6086297780011981;0.8614652836592231;9.32649069549518;307.16216900787214;449.3831725788527;0.8066318119010379;186.1566596941911;0.38747751685460374;268.39693925282285;0.28091008982832877;0.3446768665651292;5.492134427618509;33.88115764189876
215;7;2086.4991841850942;192.43728315947862;78.39169038153128;0.5968623914401372;1.1684746841132128;9.564332287752567;1347.5829686149061;1788.809063383222;1.131170877803066;1077.1640043590958;0.391628328062912;1108.1928241926523;0.49161700609891384;0.36991930872034745;5.0227341407183275;35.07992866368236
216;1;490.97439068646264;47.114242244428695;83.18814108374076;0.5966769175233574;0.7671811214640255;9.597295115379847;341.19690151875153;482.879172959939;0.9141263763208181;186.48626806772907;0.4080023016565364;269.3570998482434;0.26148258431049975;0.4259229062936696;6.058947320422451;31.381236923112628
216;2;534.2320945933711;45.43422861961909;84.62765617231092;0.5389937525921958;0.8085675863157376;9.496646217098318;329.12296523967575;497.24759129881863;0.7667055223101106;240.25197573517517;0.47159083801168;267.443968002305;0.25092971528212304;0.38377775171365286;5.42825413930231;25.90514013542463
216;3;996.1053473169433;113.0612130576423;85.00689749862653;0.5367307363051999;1.2850630191687107;9.834739232756366;601.5589061293945;938.198536455714;0.8956838537633922;409.932609963729;0.45733252066637126;474.17527497952574;0.3212294212548108;0.4005547039821624;5.569611263090596;23.035051497163906
216;4;474.8677948311799;49.79149730695588;84.23075326060119;0.549677251114446;1.0852318783191335;10.158088947549274;283.62960280116437;406.522979990157;0.7268991163877536;193.58007947081913;0.4479371474832532;277.1646398528817;0.2710235819597312;0.45115785639270506;6.144449844973338;20.859525080718136
216;5;704.6564327439295;43.26982589078244;84.35121113535394;0.5104775957669943;1.1453380904841794;9.901068377363114;376.41103795170517;588.4244952539286;0.8078214089333968;260.20801822518484;0.49551781021384483;323.0535928627122;0.289939822992275;0.403810060599544;5.92013128234236;22.318885918989462
217;1;450.7727254563543;38.802361355171655;83.98468186812448;0.5590535847712637;0.9428479249272838;10.6820822132442;311.38789023924903;459.9964403128075;0.7579038255354862;197.4191360173741;0.43408175832201;268.5364546828374;0.22323769089879966;0.38667341904406266;5.306500860008196;24.839802229629758
217;2;732.9346377671941;49.55618737804014;76.62190785710614;0.5500778636598792;1.0878141006357342;9.71904114041649;439.12001477836566;665.1825880019986;0.9491144560868114;224.5874924906042;0.4554200455815905;343.4504320313583;0.3023712107991095;0.37750648200902925;5.194580844485857;36.79873425267974
217;3;459.18720639496837;43.853234379426475;85.29409990294937;0.5646301018269065;0.9262813459898922;10.431763349064225;309.3577913939414;453.5964769180461;1.0093510655711144;171.17257566742097;0.4272953291251527;246.89646921264887;0.22507950514144656;0.463399605089078;5.267422328900724;22.78860588216982
217;4;918.7777081717687;52.081948628393896;83.37369422496978;0.5254717064621213;0.9245203627993958;10.291900372890872;485.9650269971114;923.7079252549067;0.8158568898256967;339.85851320054354;0.46297287385223107;492.8958123667655;0.2687094560064294;0.3972750478261367;5.980573569128138;24.123475562007357
217;5;960.0853821240473;74.25028521708619;83.82896513373754;0.5504238815789002;0.9405040627362629;10.23730869063672;577.6756261420244;868.8954371524123;0.9956199893535559;402.9307627310807;0.4370276159647207;410.5377501229236;0.30619871847175223;0.4233215726008261;5.650896692860126;25.5064524966533
218;1;453.193611829411;36.74865090562153;78.3745571257404;0.6042635065572926;0.6749503701339431;8.983598538145081;285.96012140707205;384.4397402144204;0.801393163673438;170.2875538358899;0.405577714046928;209.3548392313509;0.2644345882544688;0.43531952692359255;6.544360784698325;33.548226279527725
218;2;1126.8877981381488;81.44660564629025;66.45522231673199;0.6045285347159757;1.0311899407797303;8.994867955251896;631.5980924221744;1003.3165316864479;0.9718626446399717;462.0323249174545;0.39727313891717086;600.9939864570332;0.3848525931286209;0.33025187044141446;4.664226322228941;56.07900830278384
218;3;1197.2808536586103;122.5079214451822;63.10774844585252;0.6145917258208953;1.0872486766093288;8.790114461820249;820.9536307790066;1030.3176871599403;0.9826561723044703;493.69008397906134;0.3859489633245301;893.8459950916613;0.4447858930848152;0.3308399133371605;4.641178877073619;55.60536526476117
218;4;435.6526169899423;41.456360474834355;73.69820647255253;0.6267882140795272;0.8131441027515026;8.968805597403554;308.18073137256437;406.7523028820012;0.7229524532194962;162.23731565958727;0.3811219870779406;206.97228965534453;0.2785455787585456;0.35388282537032867;5.303404967335907;41.72021679890918
218;5;1367.0139494166403;188.2374065485639;64.18323093603908;0.6355743988227577;0.8835137915695583;9.090560716783394;897.1006947285745;1189.302573523275;0.8902652660630159;495.9318098711749;0.37464091359107776;834.3620466782093;0.466883752403715;0.3402407396097673;4.639159490324203;56.675806566761366
218;6;437.79774563914333;41.172949297729026;68.10567513972158;0.620489395396016;0.8188741200159875;9.02049137864384;352.8972057229254;428.47937310701053;0.7010401267892283;184.27205150215514;0.3800060383440062;214.51873766734673;0.3353477425591443;0.3622392185020664;4.6641064144647215;52.991719790607014
218;7;1160.2083618201386;72.99654229454715;66.29361219978487;0.6102760668495872;0.9023660420034918;9.058560948008827;700.750377167864;1049.3368394490508;0.920484507535283;466.36143548894586;0.37391568643694306;677.6986931314882;0.37643034199766634;0.34844878206138497;4.50449639277613;53.60382805917827
219;1;387.45617893781395;47.503524796651256;84.5452181425583;0.5294253196304376;1.1363639306873512;10.003032130029263;256.74303034319547;380.1336636388645;0.758460651660902;168.07336642620123;0.4713620342825488;241.87536759510945;0.27689976102852126;0.42774079420723915;5.192479223361029;21.634208764000473
219;2;443.7929559924729;43.238327008656576;84.771710458676;0.5716239387752017;0.9155268204039605;10.003033771336758;277.8077411205739;441.64912739244;0.8641576954563696;200.54521535469632;0.4418663922740986;256.17308883763684;0.24414191479726885;0.45570579322898686;5.718067067640663;22.453887976007444
219;3;607.2597150578758;39.85088523905377;84.37759031903074;0.554646152301673;0.903874141326538;10.372310433202816;364.38680586959447;538.812713964198;0.9152768578861213;222.79447964655037;0.4444149454386036;314.62884822471256;0.2488076056474132;0.4367546467135383;5.90425122768826;24.32606954128578
219;4;456.085365369213;40.624364147239184;85.33907366435608;0.5457588126170605;1.08671018328266;10.195137391628194;311.1785308795725;447.4431390332869;0.8015332115946853;165.6166170750989;0.46019783056619473;240.30702571458212;0.23976094064509307;0.40169088611634973;4.987367102055438;21.326823600364026
219;5;465.24621754011235;45.86257315384302;84.82434925788841;0.5948366237305645;0.8531968404810752;10.574686525906364;337.2507966670116;490.0387558710261;0.8470188893558628;302.0704956661802;0.40003789268393186;272.03156581376135;0.2586744217195332;0.38180856522595696;5.486125570258526;23.256649195612567
220;1;377.82343855469657;33.75569737547797;83.79610106959991;0.6010383261928615;0.807422537904632;10.386127959336573;242.02397124512012;327.32796620922267;0.7197107027523356;151.48344788625735;0.39042460739103163;195.9908827047902;0.2125082954836563;0.48279660833546045;6.046326000895224;23.72787617281475
220;2;419.92878523758657;39.97968142727464;84.69642189745792;0.6051459228506051;1.0873546620691155;10.673359691454563;289.95853180077745;386.56971402927593;0.7813467698355906;216.56764792593933;0.40431305544765883;252.966980974779;0.2262076408842479;0.3873479026797103;5.886294083369152;23.806067212270236
220;3;866.3106790492425;97.783118981623;84.30996928180564;0.49385155604786407;1.1305380622963073;10.543675526784254;514.1566680419057;763.5901123489867;0.8438156850905392;422.07883531867077;0.5070276240608363;390.71607950662064;0.2846304917024923;0.43320811062525594;7.33154632447916;23.456722271650133
220;4;674.6346805956435;64.89164830950467;84.49301760870999;0.5580057850504836;0.8524797180686279;10.595308840864272;402.9712751398344;607.0147500909598;0.7549666979621696;356.76563439367504;0.4368457398610571;390.9142438204261;0.21290306723327693;0.4445907481519559;7.550112152002458;23.744734708353327
220;5;411.66988478733816;32.44223445502112;83.62435987104095;0.5979121110776664;0.8822496254143044;10.74573225448498;264.5484976564089;359.73986880898224;0.7615666769958221;163.1172005680614;0.4025989349886852;218.82566968522366;0.23046227762953944;0.39505533373218255;5.941204010258758;23.28982537398357
221;1;522.9397029073414;38.1382838020382;81.62501813448446;0.5709034406937357;0.9277532575904217;10.151909943637355;328.07036906729167;475.49748484428966;1.0227633450863725;194.63751324215355;0.4178865852722757;261.35023103335755;0.29629089515431006;0.3641887895113874;5.3049364347638335;35.25509396298259
221;2;612.8009767007514;41.683625068359746;80.17742915314427;0.5290673533549021;1.155831640834753;10.234423026625677;372.62099232798494;579.7296076469258;1.0678144213994878;296.6673524614225;0.4732411901365493;230.78432862837494;0.3133977729631415;0.3496913781724736;5.079059779303592;31.239380114776687
221;3;765.5002933823722;69.95183300440024;77.81695137651805;0.5547718711117944;1.1069452903499764;9.858680412292923;571.7909856511419;694.2901462267529;1.3942412464171545;409.0320129246134;0.4605083417029457;365.8393381478738;0.3274302943991879;0.3726583893546127;4.742456920380928;35.25571029184866
221;4;412.3554739798204;43.546373522472194;82.99288874573315;0.5805869408497446;0.7646601360937527;9.51301733143911;281.66405626472033;373.19310013842716;0.989983075181445;258.1534512227753;0.42279653735774114;251.07525679779897;0.23239131831395912;0.4427675327475075;6.827499001984454;28.112441413564262
221;5;755.6647235334485;50.805994045413115;80.92792967572201;0.611487841869325;0.8704374928830877;9.492226609028592;457.52845773782246;665.5506677393274;1.2056567541908703;249.85455720836836;0.40251545610784584;388.45402518626173;0.29516421991005254;0.4152690957279333;7.1298128836817884;33.60163621060046
222;1;644.463767859532;39.04705025127357;78.61590453206344;0.606464659121314;1.0135030058241905;9.127890880366659;387.2848427585449;611.7529603999183;0.9277932466239408;261.12757840702085;0.3892027423355803;307.08434788454576;0.27276900953279676;0.3707108368004135;4.74834276353161;42.63159292864396
222;2;828.6201519577231;84.62324993799541;75.98056079242282;0.4878701015166258;1.2652177047918012;9.241890106635905;565.9422789166863;713.8694546327318;0.9823478250060321;369.5550130281228;0.5125420963576928;465.4965004406467;0.34302910658661595;0.39548187586797484;4.390913071809528;43.35926295104728
222;3;2328.675018608183;192.4345158140871;74.04935440494836;0.49306582192699255;1.3435434962219732;8.942208838973283;1439.4250779662377;2046.8231486893765;1.0091036299670622;1087.1608240178725;0.5072237686456207;1027.3919249507314;0.43290096284317575;0.37247116190843294;4.5251967078257636;51.73519901430509
222;4;400.6458254713472;38.65491814407633;83.43444344076036;0.540106917086349;1.1835313190731542;10.251826152635587;239.83963570381187;378.4001586132236;0.8859500487771644;193.18423838727514;0.4553661131555636;185.30544297237262;0.26419004120614975;0.37080684885882936;5.412934882336251;27.3902827283087
222;5;660.5657643631371;37.04859841973846;80.36061107704315;0.5337877587630733;1.0649237867231742;9.96765077135238;369.19731071644;575.5231129837898;0.7113016432460917;288.25466925007436;0.4789260253892023;247.40424013321459;0.3009768666469951;0.33010383484074773;5.45846002227186;22.998722417649333
223;1;2001.314040034526;212.9064559055526;82.3996029524556;0.5637972337160975;1.0466946287494054;8.205890234474712;1282.2063227038195;1700.0252202625365;0.6746751940147204;913.5261236225493;0.4367412649709177;924.7022481330918;0.3839189567761796;0.49067183785973484;6.372452142494194;25.405773529877514
223;2;1990.5843439723924;194.3512020547882;80.60771976578962;0.5693250515437218;1.3763396570609616;9.261816357090904;1230.1511544664236;1781.7839671304296;0.8335292683674156;1093.2916721316492;0.42885150831151875;1033.537577072629;0.431165052230446;0.46924867152323296;5.570682820197232;26.929427324203957
223;3;2069.9370641178493;174.04817178489583;80.15649501202144;0.5668028240533103;1.3186804468171986;8.846071251239096;1324.8850848802745;1832.2375255737209;0.7308550809685596;1000.4722830441298;0.4388314113171002;1066.869885479352;0.37737780070739896;0.47920029569995726;7.709620113334894;31.28923775459602
223;4;1856.237609110131;184.25829606494779;80.48582414561393;0.5761050807126017;1.298909946832945;9.258980027629052;1151.004541035926;1655.3348096410193;0.8963199921422599;694.0707194454578;0.4166456645458616;1125.855570809637;0.39136436950018433;0.48238400538947185;7.106935059714499;27.670240810703312
223;5;1989.1241745963594;179.578646816081;79.3938755200898;0.610015658858363;0.8882388475553137;9.129780816316533;1300.0339862779335;1776.237885858628;1.0084585017224195;793.7156234376821;0.39982297554108115;1237.9374768074122;0.4292376272128229;0.48431103459452657;7.3437866963273795;29.222773980255987
223;6;2277.888123841537;155.1672829176304;80.71588237935688;0.5069804781537119;1.374809448495406;8.40808646847048;1148.940344372864;1972.6278774854875;0.6016674838395653;641.5932431280991;0.49034104450376903;941.5308578956115;0.33081575387414014;0.4746156630648853;6.378956276250116;24.735419534095062
223;7;2320.2061513662034;178.61233510845548;80.2291405576611;0.5356062249125085;0.9773988433013845;8.322612156774959;1252.6535380935823;2043.4151310254122;0.6051521815369826;539.045430573085;0.4596916781396812;1053.8822647272618;0.38691203892455583;0.4558067326982158;6.6638652725800425;23.437255943957194
224;1;461.3602771066997;43.38091736372609;81.14672102853874;0.5891947133943969;0.823938565980984;7.857703494123701;315.146224898629;461.2276668510767;0.9487055639141325;177.11615644126144;0.4062020118948264;230.77916524293533;0.23580122477798313;0.4352501018229266;4.9835734078076594;30.830229217719467
224;2;799.5883360553267;65.26006674350768;80.78087170790316;0.5806408798972906;0.766866226889343;8.362331133337804;456.24298463532483;721.3453199286065;0.7779878044082247;356.1045386856595;0.41756678173666;317.78334862625894;0.2826558792955588;0.37596029566156747;5.122858067385059;31.11403752405754
224;3;995.7600269371578;60.05729978807131;79.59000290834558;0.5648544970308631;0.8185831633649214;8.941405333816554;610.0137431302855;824.010857116052;0.8942696903793944;418.631538507067;0.4292853564798158;359.2039400923674;0.29084623710822866;0.42698910939723256;5.310165471985066;33.83354633078365
224;4;423.7317363871683;42.90057301776528;76.86110738002078;0.5424821027419852;1.1050901228507537;7.379030814442339;286.5583238022533;394.3142354667479;0.6071813792856561;171.39842268049284;0.45734239982879893;161.38009575385416;0.281294273402295;0.38341335939108345;5.247116679519268;34.991694306451855
224;5;464.2646402189581;46.97804022153637;81.65556429653067;0.5569208016635807;0.7998048363304034;7.714661482758041;296.2931003670525;425.0160854555211;0.8468588211509627;200.65712449730447;0.4509765822522862;241.0480501792078;0.23665043684436887;0.39699316980459215;5.295991572168312;28.670029926118083
225;1;1617.066800274929;146.68911170262388;82.81522864733329;0.6470028543385343;1.0008836138220647;7.906138523170019;869.4032589226498;1370.1434058269408;0.33697435987020324;513.1924360070607;0.3727957253191122;660.0909664271046;0.32859802578490127;0.4968949472843297;8.03894218276228;25.432800913972823
225;2;2053.6256802779403;211.26029438344045;79.66000254800248;0.6026650203085456;1.0612677506059;7.945904786363802;1262.2799747121126;1710.2189977676826;0.29776211200476616;971.7197886656106;0.38756623494482284;969.1959333087661;0.40996280617483294;0.47760713635368185;8.466445764963897;27.19493488726357
225;3;1664.305617271363;173.03408868934764;81.41774115084229;0.6053338074844804;0.9899905248028215;7.6597304531771195;1102.5550671074482;1389.1994171401159;0.3067986721120819;550.7446398697373;0.39524118394526686;627.0017569102099;0.3544260449087824;0.47658333970149813;8.169869275741801;32.069309818337594
225;4;2162.820926164363;168.871848850217;78.06519427923969;0.613372087939129;0.7503610837803851;7.429239654109662;1359.5798529366134;1834.4412363988283;0.28969979816763475;667.4388501730122;0.39111324540953873;949.9991875741189;0.4095341019886139;0.5105017558377177;7.990999732904462;31.50034069559129
225;5;1816.829941726305;171.14037236022898;80.50552627127263;0.6243397046403717;0.8519453155120252;7.930083483079396;1151.3041828343396;1560.742974659848;0.2713011292056086;804.0592446607861;0.3478615182043927;725.3656126267452;0.34507326501437824;0.48729496416392054;6.980066617444928;27.07634943437043
225;6;1813.8853961624636;154.47453092799822;79.14299508364323;0.5864258896237527;0.9851656557708333;8.902609201425747;976.4150387194095;1648.4936580788499;0.37720830892367324;443.83408512631235;0.4147970482668763;485.29959344901874;0.3741726520006349;0.3770863451019119;5.409207714917544;30.454336343659847
225;7;1520.1672802545602;183.15045236028908;81.04014422755456;0.5942115547285011;0.7456113077321549;8.058822174528968;1083.250218773506;1289.6603307536554;0.3186593660204223;554.8941103716201;0.3999594194270559;877.4198081730393;0.3492409468432083;0.4472893783637414;7.622062467333981;33.85342667656314
226;1;401.89848723673;33.96525234634215;82.72789015911995;0.5194044893621146;1.1514159097804018;10.199132234584535;256.22509356702324;345.4066236157785;1.1358813211740637;201.83770398390396;0.4771708697579403;244.2660713879437;0.2565794999729371;0.338653497065493;4.955349227266499;28.221551902492305
226;2;349.65658637485626;36.50310471766258;83.4434375230487;0.590073917667581;0.9745269858862432;10.187259007823007;229.59687718854784;310.74818204461275;1.2167393660070085;175.15655140811492;0.41550641254020854;176.6739804340536;0.29557516876888246;0.3509574823016418;5.115008913472699;31.296537397319604
226;3;728.9008392801178;65.25926465238089;82.34769295373526;0.5072409448400611;1.1495314575272344;9.446506119331092;468.60802798621995;685.9880703930583;1.0507718446958552;338.7119403806588;0.5068159678294888;424.06704086977965;0.3061625903550972;0.33031705846171006;5.05848409449739;26.852542528604225
226;4;559.0381169974314;50.048638723720785;83.76361108213433;0.5000407047685045;1.1247615478163568;10.168638226265914;355.5707472168683;506.5943164356456;1.041993722640054;249.43270216202097;0.5030486317075354;196.08632705796776;0.28230470957784065;0.3930711446878752;5.849745694718296;24.436651054470786
226;5;825.8986110805203;51.24420901542557;82.97669570499235;0.5233851479913444;0.9783893705756951;10.179091226694736;449.10028126477687;702.9587753007695;1.0670744134182606;294.6186669950503;0.47391881215642906;377.17275503625564;0.28443424541315887;0.3245623973317484;5.095808478856714;30.392536289791163
227;1;375.3818529497426;31.88366190769848;83.82560166016782;0.551162875723751;1.009120358933859;9.684392034030592;232.51289088485603;337.45470326970616;0.9345045762614271;146.55804869892216;0.43951599257670443;190.665440878704;0.25102498399689993;0.31435496506282745;5.40348653612443;31.23146186810139
227;2;420.2307307707079;38.40540465365391;81.67770171826415;0.6068910663758406;0.869498177232038;9.477433083754523;274.06207965587333;378.650094404152;0.937664586895645;160.88464628002714;0.3918562550056404;153.69848358697743;0.27846834928615133;0.36095852280439644;5.078781494721642;31.418198151607545
227;3;559.6332371480337;39.16940275068017;80.295620533377;0.585933745335333;0.8691978526172492;10.215544626076296;376.2764270425929;498.1003030654449;0.9914070789029804;243.81517085798697;0.4151295335159433;290.90211054006164;0.2775332979243786;0.39205947163109356;6.76846944032774;25.207172877957316
227;4;373.9032279565616;28.48967103811885;81.47500285179902;0.6220830429047964;0.8284507319193424;9.566508291323096;240.31912193350163;364.2243348523371;0.8503525038815369;152.8375406863236;0.3789193315352483;200.0854903436556;0.24164086346318847;0.3493880241864695;5.127431271682041;30.608809023003705
227;5;384.2888664831655;33.266476084355475;83.02644097704503;0.5353735107762805;1.0975310611822948;10.040677052939957;226.9868842525126;377.890673670886;0.7549851969933279;151.20179460988263;0.4534468038740272;186.82987222407363;0.2511730183339896;0.38337472583319104;5.790187719027244;26.268751611373727
228;1;783.0848231058811;53.78272414751626;84.19213477164736;0.5070121546492927;1.0713623542322257;10.639540443013342;420.141461528425;662.0018971141373;0.8393131671776405;310.7404678560919;0.48905923968288756;311.3383224592445;0.27785284041101355;0.32733359891777064;5.002270072268176;28.93909643425674
228;2;1740.595312841056;152.00243807498578;80.38235583514312;0.5399045838324207;1.2459296695110973;9.78599622735498;973.2657635586459;1589.106168482374;0.8290754584183913;449.7076244593074;0.4618998975482802;620.7596912516959;0.32237289074666026;0.32980779244561753;5.7052160965478445;27.996845024179876
228;3;563.5511379778968;35.08763465226048;84.15551734992097;0.6015917740320295;0.8756840948293307;10.816004159862944;410.3400359325981;540.9343331978529;0.8625141804040722;203.88828422280622;0.4050310742173649;226.0894744244718;0.2662335898676111;0.3249143432569976;5.0010756994557966;21.29825275757054
228;4;545.2709160906986;35.01998869313335;83.73061796167882;0.5576123787916912;1.0705416959328982;10.38939857033138;342.938746389841;494.227861087784;0.8979393564475647;258.8833878360555;0.44549947536592605;185.68414061046985;0.295764290741203;0.38950961786979343;5.443249175783006;26.087947301842302
228;5;386.4246108391759;37.01506091014628;83.18554239920726;0.561309605641376;0.96686804307558;10.610555074695126;279.16305999422184;367.57223468739073;0.9179378694253383;177.49961363183164;0.4271048258838613;218.39355258096944;0.2705114574020604;0.3647812017154306;5.155458785989395;25.12220303562023
229;1;560.4130304865714;56.26339770573632;84.28660371032989;0.5755853255850492;0.9202530930394767;10.190384352848763;331.76749047273347;506.44083829355594;0.9103367927584497;239.6544942315945;0.4307376700671221;254.2227971762585;0.2487451918161529;0.32599002057619175;5.112170186287436;27.821060875757176
229;2;1109.4478759308486;80.09392419296594;84.32571341237771;0.6010821060614479;0.9754727456778477;10.666770872114794;703.2459121071349;1056.456252480576;1.211315963357749;421.911068665554;0.389188029271603;366.7088097786608;0.3120866994217937;0.33678945651963216;4.9549098175178115;24.626101118059765
229;3;927.9329959850344;62.72144633981773;84.80756480758542;0.5595853990343364;0.9607815587680973;10.215372492200514;568.7245404143862;946.0885698361244;1.07797943759409;364.23905759868796;0.4353603638214035;372.91503460111636;0.2768260778596797;0.3180700508856559;5.351601075698823;23.993256889406965
229;4;735.5484274911807;66.04649482752914;84.14561185424884;0.6040195980097465;1.0448128316020868;10.601542159940461;426.4929917859792;754.778317202075;1.0426421307879115;364.11752176188565;0.3939073195007903;378.29233707586536;0.30975144893578466;0.3367315288661561;4.943121752747997;27.0503056271697
229;5;785.5670338568779;66.95083376383073;84.87723774311003;0.5330960526016536;0.8437424255922044;10.697555296115649;464.9263487711942;724.5108895268722;1.142360786316004;339.3971470331868;0.4655611463371669;329.9731394109763;0.2877529691124729;0.32613195397619354;4.785110266183325;23.9145204827865
230;1;955.7280945657119;57.91468897374694;73.59947852941517;0.5932700302187076;0.9266446358317441;7.9031277828942486;492.1590431342832;858.7555140743564;0.3125904832908397;310.36104157314037;0.401447478254574;357.8809577734401;0.3105170300619234;0.4218550053253582;5.345278163943676;27.26724755964264
230;2;1376.7330123217062;174.0648515013562;77.03230563868114;0.6204385117651016;0.8473847676722548;8.824133199979451;917.4553096656159;1161.2913677569697;0.4843975327535216;481.35939001699046;0.38886913863251144;642.5812550624447;0.35369153806573744;0.4710629805603059;8.297152702057192;30.475848291483565
230;3;1124.8595983393739;76.45392871445705;83.10288760746543;0.6106944024757822;0.968407442056821;8.743063638908707;719.5707690229747;1016.4012389379868;0.3330210870942977;530.9596954331606;0.389382862453813;300.3325560683799;0.28743556655107144;0.485465975361446;5.351839774041348;23.64526194385748
230;4;1948.669773452316;199.63022165341113;79.32459821331523;0.6435009129556236;1.5234747654300962;8.037139640602728;1198.7167731858592;1567.0277975965948;0.4070352776892435;712.3454180425088;0.3781534128774067;861.6061933378669;0.3975969337733913;0.45203568800113525;6.825674160724756;27.201621300604515
230;5;1412.8678794137088;68.65640221823207;84.86236835303247;0.5944936487727615;0.9531262113163582;8.34526250670515;761.8432225421645;1216.9477268097257;0.3537015962612565;477.6457933163142;0.4097382086866729;391.50659556318396;0.2812041002999914;0.42890881336975073;5.925535353877086;25.928130430561477
230;6;1983.958083878156;191.24091561721318;76.16202402037031;0.6026807260398354;1.365779878188991;7.237034791239968;1175.5934563974647;1548.0804469896705;0.2608461095040897;665.1904802912593;0.3894124815210641;958.712931314908;0.39973997059645394;0.4625758995450244;8.062903263595114;38.540739448928896
230;7;1853.6660401009947;108.51374991591656;80.68280895111597;0.6301025928088244;1.1134546249125208;7.810538294436426;1042.0337740723614;1424.3428942840285;0.3440732804900103;580.2117684712399;0.3788239215285424;730.6909339728355;0.33939477105177274;0.4643037777327859;7.755178982590699;26.84316460564022
231;1;366.29289488200726;38.693616766196904;83.84395836305069;0.5538270017189889;0.8635042168350012;10.0912350694284;230.1978721086814;350.70594792097967;0.6636035733475719;157.41464729780535;0.4422033083346926;202.15863735784768;0.18985197351263963;0.38731405924423223;6.361897496106666;24.602331572389666
231;2;1683.902460262595;152.3624334447181;78.86199171272565;0.6165699177025965;1.1351113153050216;9.087324985538501;1036.9952243644423;1462.9846762049458;0.5036042621072349;570.2921423180507;0.3921999577718209;662.5747994433328;0.325633154598406;0.45361519470369155;5.3419807282879495;29.455553612856683
231;3;476.03000576073214;42.62465653313601;83.43958512775784;0.5786676682044201;0.8824124447503063;9.777126864991514;331.13276822117143;472.9499043948687;0.7111920978891587;204.90285695589728;0.42478377136010276;222.8412614659749;0.24143650873706593;0.4192190980476998;5.530058818678698;22.885581012439683
231;4;1096.799245074646;66.65780663480595;80.42416884594037;0.5807168426668624;0.8338090785279139;9.172355499061213;654.3955594878394;929.8323789675171;0.5490166799647385;458.19564448801646;0.4219054834490433;551.7492715904209;0.27474394442557837;0.4884133561591174;7.135918618081482;30.23480472908641
231;5;343.72640375386544;41.02297439007949;84.29417685387865;0.560579131578869;1.0292806404642463;9.1942468222129;249.1078309832482;327.9253931951039;0.6857636230132179;161.50210216692687;0.4347116070099992;193.47891302360028;0.2101415321857277;0.4726173624648379;5.4585961567050685;25.751337399958413
231;6;533.3513717717253;66.50878867646412;82.89173592713975;0.5841041740689924;0.9959364312334981;8.083442724254262;364.89511750940306;495.4118901831979;0.38705711887261235;246.90942834279815;0.4247323436836981;282.24367340532694;0.20352157069213206;0.5116049551227495;6.798655953400847;31.590906943124875
231;7;589.4641846104346;39.00143961602934;77.7842200002591;0.6027385204216059;0.700802667349776;9.254921757178655;443.83640567580494;581.5638268743705;0.7823612309154364;239.5934891088935;0.395358891161085;316.38013673001734;0.28804646192938665;0.3919346276776522;5.461340336031085;32.90797385979242
232;1;446.4142803916144;40.29792236817908;85.30437317839808;0.6001033972008983;0.9478763070854147;9.213453020013523;337.42181173576637;449.71382964792406;0.5690200814368279;185.06331165942004;0.3983727122502725;257.485016561776;0.25461399272248547;0.46448702888677873;5.974781700006319;25.693172348128915
232;2;458.78899820995923;38.6765847441143;84.53850456640748;0.60015489225791;0.9012748857209604;9.002465441526123;317.4186528362127;421.77181481652826;0.611667899146661;214.29469914177682;0.40555936488016264;241.32431233010215;0.21732878338495984;0.48814673418560417;6.710741115632996;22.933290878306636
232;3;1825.7657285962314;173.43628547204128;80.08140295494624;0.6043209364222468;0.7379762471295608;8.120718655201332;1166.3213458888729;1536.675514037982;0.5467157356813223;568.9919651280933;0.4024259956335132;717.5180727439911;0.334665807258336;0.4567380602032876;7.737965633894889;29.666266067325765
232;4;790.6586562123579;45.87329161636018;83.1642207883107;0.5426744150208812;1.13269146006201;8.860759755859954;423.9793809815967;651.352229956771;0.5779568166409437;323.1381787665912;0.4641853936682206;282.87395407245015;0.24984089048110306;0.42829156591223183;7.864131487814245;21.740212903154443
232;5;1272.80621036109;79.86926049708002;84.57698039216967;0.5862944884145388;0.8406809680784268;9.768278545346494;795.0441247508111;1128.7145897181476;0.5452988044212073;367.40346603530685;0.40517759655438373;349.04335627625784;0.2773953405241772;0.4604432018236711;6.018482856186353;22.311239827487324
232;6;631.5808194072614;49.351743849631795;84.3885297855615;0.5777826287951426;0.9311746801348028;9.424674438054948;407.28644250247135;636.2785542232433;0.5666192292738665;276.6048362830085;0.43482928840771506;301.4067905592233;0.23019572291444135;0.4589518268158852;5.568415376163168;23.025200747104414
232;7;688.1554607367929;67.92194045359265;84.97994671415583;0.5799516553899098;1.0066168567215186;8.765721369022943;390.4822895997721;597.1785112572833;0.5527105836266376;301.4107171470244;0.4178843791299575;272.2857563154175;0.2764456887454041;0.46418464345205734;6.235862534720594;21.535962022082803
233;1;1266.5588421912855;93.90302066709268;82.62900642162039;0.5772990765492731;0.8855909555025374;9.100517382122202;743.6677613329989;1111.4750106512568;0.3451789398107287;467.4589558824638;0.42764554714132735;516.3559254972494;0.2790359342298953;0.4808180655472469;8.52568636192198;23.91430253742722
233;2;1984.1140247288401;144.38397745926648;79.89502353560782;0.5866800897261922;1.0006100867393812;8.427971250347765;1120.422270375151;1707.324236841088;0.3384967099307695;447.14129312655643;0.42988943855188966;718.7121600497686;0.3455367553686284;0.4209416675535688;7.778695257853858;25.034410576286596
233;3;2030.4518767275315;168.81004182015906;78.96645901133991;0.5472378336040802;1.1001218635250607;8.513072178016074;1267.4900338454277;1738.2217983175326;0.3847388377246936;519.1855824760138;0.4732616153849204;878.1273529684986;0.35982255996780166;0.3884094374839559;6.734123495106179;29.717556666747377
233;4;1821.6216707911528;187.77793528273068;79.49278887137085;0.5462033147897852;0.7156757283266518;8.083041734231523;1265.862562190989;1508.6354687215094;0.3284894499300368;556.3516979635513;0.4530739204962122;933.1543233345074;0.3148969453641132;0.4516777267182171;7.564915332247936;28.637410117316463
233;5;1831.873957013494;190.20695744776415;81.50791553069928;0.5476524278414093;0.7585036329972774;8.336535922425709;1191.7677145875225;1519.0854463921232;0.36070535306054885;611.9738216330742;0.46445630070176463;752.4473943617965;0.3270230894615023;0.3837486840125967;8.118045468110614;27.74557035708357
233;6;2100.677501181084;181.96044939750428;81.64588048505082;0.588079906790649;1.1033250612266243;9.074917248990971;1172.7799298157545;1854.6699676957587;0.35618588276389196;515.8344892662565;0.39587228745565745;935.4312529940585;0.30728967211096603;0.4711735829682941;8.122843939369346;24.907878451487818
233;7;2069.2792776573106;171.49638399461907;76.52097408759455;0.5690245285525386;0.8435706553471454;8.95535911538176;1512.7861478833938;1670.9294662485606;0.38378910740090616;708.6239503182984;0.4442659222732093;1061.8539301640217;0.42585005609155197;0.3439378548343466;7.009160599046287;30.52843883119349
234;1;451.33982056137654;40.0880157567912;84.54330996187505;0.6055376931913123;0.7967994262123428;8.550439451588279;303.25559307922964;427.84398542977135;0.66081307182662;164.59884944474587;0.39295385376310504;199.43858375597355;0.22760026892813745;0.4021736425959043;5.077139199822104;25.070217323434704
234;2;505.97019636822074;40.29458701464851;84.32752684618923;0.5729955496256453;0.9963225471547925;8.363239774590154;338.6442349509351;473.95006948510337;0.4233531827680944;233.29546801783172;0.4190706415155418;316.56587356413087;0.268321860737555;0.3990522213648312;5.406311281287219;26.793158752252516
234;3;744.5871950423068;124.92758247161044;83.65487849192574;0.6233661900918234;0.9771813423835554;8.133471981176951;445.537083628945;637.0902824262171;0.4188686021555179;372.4363816694861;0.3726905700548117;437.6164769391439;0.24589498257711728;0.4723713535783257;7.7107956349824;25.32086276062658
234;4;912.6432011529974;64.58851151962065;83.7703525530577;0.5899802372803326;0.7896392469748194;9.771949219630228;559.2912591490041;823.4584844590412;0.5590350132931209;340.202017265006;0.41328787370928316;344.33306073533;0.2897698470334414;0.4473506321327669;5.581778001775136;27.30428617317211
234;5;668.8229633889273;95.50166315711088;81.63527415233413;0.5857935867345958;1.008642829745944;9.228320270342097;406.5960155876081;589.9957047116214;0.6455260871227044;340.71690346018596;0.42806154110464417;321.69205571604397;0.257518738776748;0.36488112838830405;5.119456082412955;29.610606262920413
234;6;419.56154117990724;37.64447850129021;81.97677314662455;0.6014408696679058;0.9474577607196841;9.464056920450451;276.59344931248523;392.0019167892209;0.5707701608082736;217.25130374186946;0.40108886319903414;216.6851092211087;0.24500580314021;0.3970459576395385;5.553959219053748;25.214237836006173
234;7;488.636279919679;40.67037020579977;84.834722167601;0.5947199564644754;0.9409571422169402;8.536306769477537;326.760272608022;506.8954736923486;0.47404493888978344;221.3683242287566;0.4019259833799812;269.59700743416613;0.2555085227453745;0.4371895065502944;5.997948341455821;24.531712023969536
235;1;1455.0438527966064;98.51989802542717;81.93742585507553;0.4786129427208391;1.4173601894721894;9.540618192228981;694.9908286178579;1274.4932461664084;0.37548916531680665;465.1728863673956;0.5228443163516754;595.7193673753175;0.27528488246739824;0.45323283634132383;6.814956016216708;23.44734964535709
235;2;1318.4696447683557;68.29773412521334;83.10060409580493;0.5019108160975355;1.1736557738952877;9.334876272251506;784.8014268264981;1394.556990103902;0.369292341687252;369.9526405212132;0.49119400889599424;480.0646824819532;0.283048126870036;0.450594329728746;7.432445581559622;25.180749603011535
235;3;1651.503204829171;126.04018063790883;83.77009918659353;0.5503716041302723;1.003807327467216;9.612880289958008;821.9472420121006;1473.4434635198202;0.3239172061672198;469.6278604249663;0.46346539468510434;564.9152508244827;0.26607759807514236;0.4892596728625259;7.1117841802685;24.085785304811484
235;4;1627.7873094954414;96.18406410510178;84.87805515014543;0.5226641470746775;1.28709310676143;9.507658930124546;885.6062270284866;1439.4211567272398;0.4137666235805421;533.828051865889;0.46562604364314836;619.3941970622425;0.30083429101112863;0.4388509002508386;6.164633237025335;23.89169688393893
235;5;1309.4793020378906;81.73717805720631;83.93868074979328;0.5385226358985932;0.9874961936954636;9.29962151234543;726.9307532520776;1264.4706896890602;0.35985927786352034;441.1747643818225;0.4560964809010273;489.27464653467;0.28775560310879233;0.3897046878032166;6.1572652413138265;27.72876712505705
236;1;485.4351178097811;43.05260648786647;84.2371826647898;0.5667172867152569;1.0317194921900448;7.858470808370528;302.5941618144028;458.18923520322477;0.3345240330937754;179.9974868067492;0.42599487764136945;261.97432479195953;0.24219934933037734;0.5018917217055402;6.856328483509564;23.26352284796328
236;2;2359.313732444225;192.4834127130935;79.97658471484701;0.6335056886693884;0.9032521226828275;8.040672104374922;1281.9922136819537;1863.2079285896004;0.3527392775498982;584.9118156158354;0.3527554096350237;859.6156050998876;0.37396115674496444;0.45168222550174053;6.629862291925084;30.04598463796573
236;3;1869.8690554850298;165.76223956308456;77.04115745968627;0.6104107985136538;0.9437453102805261;8.942335002593635;1234.2376962735586;1488.6172345098323;0.6652356181086243;565.3349710883109;0.3933403190075474;649.2943594564279;0.3586047034049784;0.3834973930673782;7.002914895787767;37.58832594922895
236;4;839.3998340232929;63.54630712086292;81.06088865341854;0.5767705887453882;1.1938888077344416;7.9181624975999085;499.8314535276292;762.353344172926;0.3693568968855673;345.4703567724418;0.41392228984906665;300.1694599743812;0.23945780648659631;0.4598236094747615;8.329093826392587;30.644389547894693
236;5;1144.9577021999519;105.18611205937565;80.14306331463594;0.5878107875125401;0.8351580437357252;7.722437258646505;604.3202719450325;984.6302964011084;0.37430577369391166;481.47945473835307;0.4106279972710167;403.6211354004029;0.2991655679942965;0.4606793077268873;7.144407607379077;31.151989005744255
236;6;2439.222762608583;181.89174818034556;73.09659432219455;0.5591393773834028;1.172089907677297;8.629278212940942;1439.6261136707305;2029.509201638883;0.4073859504482431;1125.9388050827174;0.44035400276785713;1096.751370497537;0.5087122051258279;0.4085704242291214;4.94467470832334;45.07568479622137
236;7;737.3882116460227;83.30086919087933;83.0791828155716;0.5653526285519802;1.0767768741633932;7.706612359216536;446.7457889472717;661.9168636971531;0.396984152898856;398.2344870173646;0.43105506683985473;355.21450978901294;0.24218599834878912;0.4792709176379638;7.588828216056046;23.114131053516758
237;1;661.5908403678902;46.43045649647789;84.83447244278905;0.5954410520531581;1.0279312572144876;9.465199737814888;415.71679043103484;596.7842326066183;0.5479432840743503;298.025515891107;0.41345473092935514;274.23396158749625;0.24284320682583163;0.35167745019295876;6.60064497278581;26.78565174485352
237;2;1556.3834876871579;134.0383692417506;86.06489238425354;0.5211820210070135;1.0493031349140693;7.749934207610554;806.1485197946025;1462.6735848833619;0.48977878182097534;537.5747920034476;0.4685615899013436;570.9132858305863;0.26359440388176625;0.41990302423117015;5.5864469842656135;26.617920834795523
237;3;1702.6551719819347;134.74006957959816;80.78846927733844;0.6153508483083526;1.0748332086516648;8.02657818532222;951.6396503909888;1583.3805725886978;0.4709149119547598;523.2279180239091;0.38490002230654236;597.8541174130895;0.2963390744666842;0.4542478017786854;7.34765436034538;23.795702773424615
237;4;764.5092048067437;71.76268743701368;85.18339705648498;0.5953731300506954;0.8701786479464896;8.860461562971617;410.4388241474356;689.7657338296058;0.5365120706958533;349.0919248193615;0.41224777562591997;302.25249493115183;0.23212969821792995;0.41720270182186636;5.497257399079131;25.024984858162064
237;5;1966.39645580301;179.27577929537142;84.46268002330888;0.6014424242642543;1.2269687234085755;8.025372000073233;1133.3015096300599;1740.7332959337066;0.5073210286687929;742.7833816031579;0.402319584619705;879.3365290627506;0.3653774642046735;0.3687036606426232;5.542787070520856;24.680638350960283
238;1;464.58978941772284;46.36864304307752;85.05299322892654;0.6131262759903133;0.8269457410359717;8.25798123251808;323.0987225034583;447.5746262105389;0.9433241824914304;163.16907509848613;0.397301117111746;249.63759916602837;0.24719910383425667;0.4574152712601876;7.134127836737947;26.455389422926793
238;2;592.9936838528458;63.269741531038115;85.02280183937613;0.5723672175774871;1.0639213673308785;8.130194048117477;361.0332136732037;561.472027508222;0.7166754304520161;263.40734306545795;0.43984395389590003;284.02204978496815;0.23793558934615902;0.39155158201696827;5.0066044770880875;27.40197945213375
238;3;991.5756090124704;85.32941235243995;85.69677757688314;0.5703848533813136;0.8263291837256465;8.788737172571507;637.5146946818548;944.2223063840232;0.7045196231626433;427.9319083697462;0.44098447696891546;459.1452083263978;0.25956708013827795;0.40501196326406247;5.2907482496975025;23.071521255331582
238;4;732.1212621582371;54.58965306229013;83.97166081788467;0.5979344510130964;1.1452203835016663;8.818670094355335;415.7401926791676;646.6701381806474;0.8232495993783849;258.2621604022522;0.40058747597147026;313.36485955165904;0.24969738763003024;0.37579467689537066;5.074812252484524;25.08651994206326
238;5;1077.6163491346415;62.86451921857193;85.47946184171404;0.5652057594975979;0.9431775282279239;8.024805925326023;582.6963659754982;1057.6381002030612;0.6560077255044845;395.1261347431184;0.437862568610328;308.81488313146184;0.28498164266449555;0.31235323538121385;4.958820979241176;26.721245958524243
238;6;1927.636854155976;125.03108240258422;82.63440688412011;0.5402179797296934;0.9197327275422049;8.31321928791355;1063.7337399807016;1708.661916982312;0.7224110702151909;506.6916942875441;0.4581668057317114;516.9919929876625;0.30107695372983634;0.45167707127949724;6.130123854729826;27.407465795164956
238;7;779.8518302117533;67.47511905853635;85.59895302224027;0.5924518725481378;1.1105582657922215;7.910163061662558;419.8518032182443;758.4051640278549;0.5679862269364405;399.4402896384998;0.41871446627374154;295.2663547810548;0.2503004732349272;0.4255589891510661;5.511717893132834;24.207959942678
239;1;369.9151153061315;43.47655819864985;83.1480151796412;0.6157066169752785;1.1075507060020855;8.711640853759496;232.7462679735714;359.19460034078315;0.45734089266998185;174.01891207092396;0.4049286382615084;223.80046775312974;0.2349823892145346;0.4515716618627391;7.723775810780884;24.29324147673796
239;2;505.66587544094875;47.965054983781364;80.80035639787934;0.5900598369780274;0.8364958270309227;7.330890809735828;356.57111284132225;526.1197085071151;0.3330252152284473;261.76308230450627;0.39990363810721824;309.900267507975;0.2547820235486018;0.4421741719439797;7.5209751323956935;28.022740361556306
239;3;424.1816201814262;38.42466204189628;82.3849352403659;0.5692866446684836;1.0658183125796603;7.8565531467669825;280.93305847487363;387.1126397429221;0.4168167892306892;177.9208324551595;0.43016839497844644;209.75714631789793;0.2366838909614107;0.46730351952352833;7.853707291586808;27.41565070545737
239;4;455.3608456686007;42.071510004577405;83.89138552596727;0.6094815326308237;0.8260741157014883;8.717735608241401;332.5391709936529;456.2934945715873;0.4107165357936987;201.9471231194552;0.4088239181257734;211.09791898347717;0.22811473061565052;0.35519466638237984;5.292532349570604;28.70976808911761
239;5;659.9499390203808;43.943371118150274;74.8260386324409;0.5654344482480458;1.2247313335597008;7.3906464702820935;397.8290352750802;602.0637973798513;0.49430037798729376;278.10240738918907;0.41480360762988333;279.03802010510856;0.27601467012526704;0.4470049416841661;6.685421440033576;32.51733788103111
239;6;425.6544975506043;35.87041738391346;84.90457601758156;0.5988298013878725;0.8835369274355853;9.027150332768448;293.0045369523184;396.49491491983935;0.45223256403140494;187.6294429583328;0.3994449973235706;200.47508908121978;0.2255554296191953;0.48215432044413853;6.322341103562537;23.620717162529154
239;7;628.2714226924479;42.28372089182442;79.99892089580993;0.5720263347924412;1.0288644564484364;8.965351876862373;388.2883404559923;569.4154830801145;0.3779514400355629;231.46483396219458;0.422571753878039;223.40718943269442;0.25129860796420855;0.47956009837479235;7.853426914062411;24.422693563820726
240;1;934.0772561544879;71.62329746733218;83.230096126753;0.5370259804758433;1.1366545948911584;10.460097401582477;573.0305738292192;836.2260901210367;0.7759854554271027;600.2957894313164;0.46068723333068506;434.664381370902;0.27874613740857523;0.37129325832611376;5.6263104431785225;29.12812972637054
240;2;1124.4487513681672;85.11023477673251;83.98327644060738;0.5177375838013151;1.3064493448871735;9.310681523116592;556.7065256531711;859.294314965927;0.583767651459266;566.2529955900321;0.4714145101483802;396.4907181629293;0.2999202850027823;0.3829258353542729;5.3814720105952;31.2723086800499
240;3;1884.1605263701254;135.21910502991068;83.82268018525276;0.49818537528324364;1.1744496504492483;9.43827959281496;1162.4197145356336;1565.8943418696772;0.5702039334989427;828.292151933116;0.5134371008864292;731.4740691277703;0.3349399307470178;0.3989196561721154;6.129790490773791;24.43830457420599
240;4;1185.7643778052488;83.86611325290241;82.78081184972243;0.45157824813318603;1.4077616147420267;9.785965539229178;608.2738181639684;1068.205854145942;0.6779653635782183;718.5594793433727;0.5398320381925379;472.4998908613911;0.302115804288912;0.3929686201410597;5.38250671736041;29.90161068417915
240;5;1680.7308228392326;101.14022619232438;84.23550780527889;0.5380363780112879;1.401550366908778;10.192923842078631;949.2556013195234;1462.1172664621802;0.7068816755106055;671.7275189899373;0.46225041131033573;677.9641194086504;0.30794535604740125;0.41214620749992564;6.2029560431856465;22.08661685571592
241;1;2384.733152534622;155.18074152822254;81.03665327898216;0.4757926265566856;1.4838286748079978;7.207236224306645;1131.9185813387332;2012.3037467205193;0.3437863902760847;750.2768620337533;0.5241712606970007;745.7985957890555;0.34043134478904785;0.4380799174871653;6.2235884608428185;28.524624361291735
241;2;2141.4332871233246;213.6085963322031;77.52414822125849;0.583431391856744;1.1531412573929487;7.447142395979951;1337.8909869283307;1786.1046236554573;0.5388562708519101;742.0896871465088;0.4298653245499111;988.2985811346525;0.4123600497232908;0.41911973941677166;7.586457859678952;35.90878154076622
241;3;1951.264869191712;163.98670914664254;77.74994837307777;0.5264224822807307;1.135893170952551;7.228412930054483;1070.5087741530417;1662.5117605573166;0.4375969298196471;703.9599296322466;0.4630337875563106;821.3738107210488;0.37356524323327667;0.3905254712145403;5.505040765544759;31.12189899589899
241;4;2023.4778039926446;201.92296283038615;79.49762895965527;0.524538239958577;1.3854258064803626;7.217755758065445;1277.4427127081588;1670.2776422036943;0.3666488158589532;869.4317818697181;0.48466888247958934;965.684290471784;0.4123837689192152;0.4361574262902106;7.158586352407386;31.38468718090814
241;5;1660.9451662038489;147.52266117554208;80.25032300271441;0.5227521116295568;0.9623202603590947;8.005436028298496;1009.8019583453319;1500.4112821308977;0.4762040803577389;571.6475063819688;0.4727223319181948;754.5257819116752;0.3152859736300384;0.4061470996217281;5.943748965242765;28.709854563286036
241;6;2084.977989176922;187.33391717319358;78.02698846530683;0.5266095056000081;1.2750450085073237;7.745556211828486;1114.9364338650444;1711.0572359904804;0.28667862891011553;1138.6828227229696;0.4747794443331717;1101.1379467740446;0.4068766744673294;0.450807680038924;6.064708933670898;33.06756201463119
241;7;1942.4931155492764;199.56614917498106;75.95712358394125;0.5637161127711057;0.9606385013211529;7.784413695597638;1252.8937780131469;1565.309504653237;0.47319517872198297;610.7631286692741;0.4400442194465788;853.4678250524081;0.4050274202066747;0.44734339675486917;6.9229123643800285;33.147437662683416
242;1;597.7278014896485;45.95529249255541;75.78316642598995;0.5494560273289273;0.9832093422419171;7.2492458051768125;386.5863282555476;529.7815278357425;0.22144064251399645;237.77245562216024;0.4333179254836355;288.43285249830507;0.3043892754424427;0.44536462744021016;5.266796019336152;38.04689780509757
242;2;2351.5417551843984;192.77150790935943;77.31559041181366;0.45576763367017775;1.1976516304279257;7.164666286274361;1367.3823843836167;1994.743139443912;0.24177235948371248;672.6150104036564;0.5398660589577866;936.5263599503231;0.39095022066413443;0.4414097994232358;6.682891249389821;32.593250284293184
242;3;834.7412183841319;44.93285520831507;76.81204452486868;0.5421027129172851;1.0621539925854564;7.408074855483068;490.5295742300006;680.6408092531979;0.24503018728402026;285.48621450391283;0.4515980325863594;277.07650878424147;0.31679381352075664;0.4473770339756777;7.482066338632353;35.298139004276884
242;4;1084.261046324821;87.92904434052235;80.6967350450251;0.5410484324325147;0.914404590959204;7.472207147259372;646.7709401648273;901.0002907761618;0.2840409235367474;444.70788651080426;0.4825285771399607;458.9153560633629;0.27959595037349494;0.4440177664559116;8.27822731563467;27.102645106549076
242;5;1248.0650468540857;86.71304389268302;80.2493300121162;0.5922144835091694;0.8214469591664804;7.525971452510889;785.0707638328449;1094.9561303186786;0.3066154636226859;652.7506016583351;0.42835678561184937;599.4274832449695;0.29413907580118015;0.4327520875034928;8.237501554616456;31.5814864509166
243;1;803.9395383172529;62.19455636813025;84.01416867848937;0.5909400628329989;0.9518340134196234;9.384068537128071;451.0835640197661;704.3623326643702;0.8464028353474362;398.89021445677133;0.4238078188990547;341.71620531416056;0.23829185806617217;0.45624398476297356;5.232986722770477;25.766211450490108
243;2;1009.7221094762122;92.57873222019298;80.9466738865816;0.5117072435109848;1.1947276495134214;8.683024087123691;652.1990994986485;997.1552982869309;0.8399029629055154;379.7577105494514;0.49170556076217425;547.1122052243755;0.3177328504035107;0.35814424265404116;5.196803868698895;26.32792115311603
243;3;987.793418731471;67.87807441650806;82.56690511949435;0.5403672111050976;1.0855480870266712;8.997784405709368;598.8562245835553;935.0550948934339;0.6257418473502661;382.11484884341564;0.46232179150762903;362.1583435886055;0.2484779633876723;0.44425240725842186;5.316406849132302;24.251413817309555
243;4;849.4683076671884;68.75791059322651;80.3814046312935;0.584688384591499;1.086746196025757;8.325264758044366;499.17607907327596;734.8733856789091;0.8144709082823189;336.17332106843736;0.42464175789655484;419.16167737891305;0.2962282063429866;0.40452847840556033;5.255220838439114;28.933678076490548
243;5;794.7589927982386;66.04546596556776;82.29182121776607;0.5790137145184557;1.087397348321563;9.022070423058773;424.10512826431994;687.8900247751128;0.6948415283855847;351.6946240818601;0.4312448308983162;344.5104869865847;0.24146082985341558;0.4712182272964208;6.044269585165922;27.605844983153364
244;1;591.6345655614373;61.11246188290945;76.44023978791655;0.5088988427746154;1.2409869820084496;8.474788380505155;341.33623381607185;480.93761436220484;0.3203377833609491;245.4314090293595;0.49031458231140124;275.9951693740004;0.29803020955111686;0.40562669572709253;6.256741484547336;44.014742421794274
244;2;596.288203228795;59.68461139827909;78.80884278070961;0.5200945313467943;1.1956118808883174;8.251072239243218;323.0706319963345;537.160001158046;0.2682254038659852;266.8827433019033;0.47901904416023866;287.5885889550975;0.2878834513671568;0.41051858152530285;7.468264035764415;38.26279400558613
244;3;709.9269630109861;55.75010970795019;79.6736482073136;0.5451547424695065;0.879390156816271;8.095227974698076;433.1576703213736;639.7166341599365;0.34683292583289044;313.9605868505596;0.468040953313606;363.8432763161421;0.27068968939798427;0.3434288398336304;7.884901416338058;37.14039464033537
244;4;416.0265503599358;41.95555973918236;77.8592172616202;0.5348242301061092;1.1440165112330767;8.794381056737494;235.90361912091413;378.19641320871165;0.3791478874784532;185.59432189247943;0.47519442838865295;192.12706199265102;0.29000176570784286;0.3493677057275586;8.796394941610062;38.29905274020692
244;5;570.6565593080045;78.36762509376341;76.39720252333866;0.51079677033034;1.2454728177540495;8.290600347085146;373.2421167704321;436.19121645526303;0.3757359577850724;267.44072683205474;0.5074159196318793;295.7392002159828;0.3160390178870104;0.3655457579209899;7.0206293511905775;45.797401252937014
245;1;459.99804980518354;38.72113460777567;82.66092133890334;0.5697992120991959;0.92054905510979;9.160572708431966;316.52897532887806;434.1610964172947;0.6201500225755743;154.71257754402458;0.43275366553845224;201.49942591265787;0.2457565054423522;0.37644594152551564;5.6317908430639685;27.634207684548596
245;2;488.7489957740413;41.620843313722055;82.19325091263566;0.5346188141258121;0.8581453285345805;8.829742238934658;336.9009971296956;470.3111857434251;0.6498175931510835;220.95730496607536;0.4514395217455536;316.85656570129487;0.2603303518855135;0.356731230038383;5.842826047526536;31.400656940001827
245;3;1670.481769312071;91.7633983003591;82.56003793731594;0.5435513444562527;1.0578449286675564;8.879790314028435;873.8591717286956;1409.8785878629951;0.6570298285856516;489.37410007203437;0.4698258379020861;675.3753667527907;0.30582447123232614;0.339880180367213;5.446293662552392;33.53759673211707
245;4;424.82160999620515;38.38893741419291;81.81694378779524;0.5277535155568679;0.9513230204843043;9.469718270264176;289.8969298016457;418.1217992220983;0.7985821716729268;166.47219707761496;0.469569039565687;245.10913232467013;0.2585904685702939;0.37875326947514276;5.6615051376501615;32.273146856070404
245;5;1235.8942720437908;67.40423071984483;82.62245408205784;0.606349583260107;1.0110877884899698;9.594582583222072;731.7896132643539;1152.864244354205;0.8700944876530231;559.2936583204533;0.4009358908787256;418.46685252125206;0.29812305871884764;0.29851088597302483;7.255884152002489;32.14977117766436
246;1;446.4558653548068;46.04532780361005;84.6232088814765;0.5185924635754959;1.1002511827948256;9.051325152841365;268.41067764822185;368.12186241967987;0.7236910050395807;203.26872941849024;0.4834407043197954;244.9167697705751;0.25872371879700856;0.325448360026503;5.28969058842396;27.181798743420824
246;2;445.45759153605684;36.77405719151521;84.01753480543643;0.5795728968130794;1.132916837684182;10.181904451637445;291.3804253538445;382.0697222871515;0.7443200218834782;169.66231144169615;0.4297865750313353;230.05110434210016;0.24534061881558017;0.3681883110260572;5.170281820591452;24.617217337787928
246;3;813.6797655516847;64.1451488566604;83.6884696655666;0.49209732828559694;1.2897097683050442;9.372565200774988;434.49635687499404;690.7607383471288;0.682371716197811;444.1657546623611;0.5218698914938741;419.05476147929966;0.2751745496420907;0.29214117323146516;7.062374885866824;29.58403158679152
246;4;1615.430736597226;86.1960555565067;83.79759654948366;0.4292393844811523;1.4815339981275502;9.212268976270247;878.347699967026;1391.4874337356491;0.5998677077119918;861.3122532009957;0.5864395081953623;501.41281144374415;0.3156572881661409;0.3700050696207154;6.027783446584555;29.050719352033173
246;5;538.3314183610584;44.177543321086986;84.58991991209717;0.5346432155369396;0.9934984325935755;9.23564024589575;330.8891224118473;462.31319557905744;0.7047132850071943;229.7674617220813;0.4518136321006775;250.3596600559845;0.27978741427995557;0.3702366512358083;6.225876962605931;23.499641786179772
247;1;2348.864214385147;186.0605944724731;76.1001630393914;0.6166376556840043;1.2490792479023256;9.041237723443892;1455.9573976631832;2043.2890085100034;0.6625430497562451;1101.1823748369363;0.3859235012925032;1132.2620560311632;0.4845333812370506;0.27910482804478387;4.514565363005276;43.39285915995908
247;2;1087.293462033534;74.85491296737024;74.24332789707474;0.5995259005996629;0.8434879263144871;8.291091572112745;601.5843431484242;953.989422557373;0.47849214206094115;356.7924444067166;0.3959687445653121;447.3698350620871;0.330468139550264;0.39265964332732123;4.917033958787375;37.943741057802974
247;3;978.9814341048389;64.63069418733745;78.16381126946229;0.5477331669052401;0.7714712847289084;8.071058050487439;573.6093997796984;856.4811995763021;0.6120642659101143;432.9017642251257;0.4485527350386559;375.34216949560164;0.28416965155170854;0.3939843517244002;6.862576430272815;35.38394583518586
247;4;1554.884892250479;114.25877070923305;76.91159596632482;0.566874844036283;1.0751148584818815;8.878594344702611;949.5888393662287;1353.0358725141327;0.6672908672659011;659.1846372720718;0.417142691175691;724.8252653295756;0.3574611971693718;0.35942376858774494;5.055728365237925;38.64978744537527
247;5;2503.1366719932425;199.59689830728655;76.23407135569526;0.5706613293359937;1.1740396852946131;9.229503787583353;1455.4387162902685;2108.2098944708423;0.6422396790928692;867.9059428473482;0.4212731818213839;1176.8664672560374;0.47814955363956685;0.2778952289231324;4.860858982772099;44.08452097458024
247;6;1095.9989168669133;86.3567914347976;79.05365310420386;0.5562313061969126;0.9889664279642809;8.647664200340651;622.2367551522225;922.5426413240755;0.6187720460753818;484.8922024512267;0.44064940481883746;440.03165897019585;0.30998527595338793;0.463583669133151;6.1036390652795145;33.773455402010136
247;7;1065.1547033423187;69.93532519793399;76.37045677645689;0.5499502411503536;0.9451538682921292;8.863824508571932;590.6620863960202;901.5932889530606;0.5819583527263194;408.9122824585751;0.42752727809606095;448.16103084661074;0.2974993660198265;0.3167771073617443;5.070257548661117;38.91374912732902
248;1;1112.4771043427452;153.62158293137756;80.86311739300606;0.4860586660673894;1.4705830863751377;7.684975990512091;601.9089004269674;1025.7583069908665;0.3331789820366993;675.6236427436235;0.5103111153796288;674.3537984776028;0.2874130317189806;0.37949279734728014;6.468818965967829;32.14349072796951
248;2;1953.572853108639;160.94336726600986;81.21403472145697;0.4801132398128127;1.5739490112990666;7.503858019677089;1017.4350876526339;1653.9553399480437;0.39857944367933057;861.1420515031258;0.5158548281329809;819.2813989155536;0.33691743281934655;0.3273008694804419;6.726652857804177;31.584285292978283
248;3;2157.0210024851017;167.24726305749132;80.27196889218395;0.42901228254053186;1.3966546708663765;7.343730543766401;1224.5465967309174;1851.8868478218958;0.3923791178679684;872.240163045739;0.5551988265172382;927.754661619058;0.32927568301447835;0.35579658491228483;6.600557734622039;31.311592971820154
248;4;1490.2989726641554;102.81719001379042;79.88729858430578;0.4739948546512154;1.0439553088363684;7.945832458041633;838.659896367598;1306.7631904702528;0.3795194077992164;598.7216602452396;0.507073064835938;659.7522335017151;0.30462634801042576;0.39611800108427014;6.2781683651331965;27.335672289347954
248;5;2143.244417716167;160.50212928955403;79.96853603980134;0.4680918818386445;1.499376934053669;7.231387182028352;1093.570552517695;1830.3348327894116;0.3519034069531023;920.9147805778106;0.509895232561846;1127.2935181707185;0.3404469485343721;0.3535558297919997;6.818456829518767;31.552541932286005
248;6;1489.0720076711289;149.4129164685039;82.91897113915228;0.5078880621774691;1.1205397792864304;8.614020501312691;900.8297653415029;1363.1620407621353;0.4333412172661802;607.022725200705;0.4906038729442475;683.4510570262643;0.30735425408899714;0.39715139305908836;7.075352901658992;30.477409645093015
248;7;1851.6080758122691;169.74169573023835;79.75978438100724;0.472350407868689;1.4094236066835504;7.371228552263565;1121.2185252228471;1619.647352783932;0.34918714282316937;868.0429907321915;0.5111534886125554;849.0204078244105;0.34273760507270074;0.3704003861765468;6.9156856207384685;35.48050943648131
249;1;377.98549913815964;32.939722814533745;84.67327925179137;0.5956462873380842;0.8905990065377734;10.63596722904609;225.84486789760885;323.8115872894218;0.8366972074718493;147.77177120503524;0.40937116598021006;170.6249358827207;0.24383711561393429;0.3700278103618711;5.885915138691652;24.408404013347855
249;2;354.64895426762376;28.77019124597662;84.16509904407637;0.5967176085454745;0.9549258192626261;10.28551184825819;209.25409189969724;294.8607716093028;0.8295994088779626;157.84975153334074;0.3897702521490896;198.46402090039126;0.2582301353360338;0.3624052410470601;7.270573281200858;21.141156599117526
249;3;354.9475353786504;27.20132468201866;83.32163820935021;0.605183219834312;0.93312906051527;9.823249893372582;203.74876585230274;317.68677467361726;0.7629339917730801;144.43224141163358;0.39972394310368864;194.59118048555627;0.24675206807683922;0.3808471824115756;5.287953343849107;29.74312368533783
249;4;372.423981533092;32.555095313252096;84.83809750889549;0.5974764101708019;1.0262833018824373;9.893620729531094;252.31895379300747;359.60767763088387;0.7994250803707915;153.59151485980055;0.4058458235502148;169.44234093823903;0.28264403804971816;0.3725921783559293;5.9533123644105395;23.77888327398413
249;5;310.6534382879235;28.248080770696934;84.24215911997496;0.6204095890222026;0.86120045722658;10.777201270634508;198.89345464912992;292.474966322436;0.8286645271405708;134.54491013110118;0.38746414097072657;188.2369621099423;0.24214142721142656;0.3991957377638468;5.802353187296767;20.38599644359766
250;1;414.7043402304706;32.39898117826089;77.39229514185787;0.6086076027599331;0.7283254733838956;8.972126524619988;221.33073677312635;337.8954180672314;0.622310427384183;148.19751889307787;0.39780380826064077;196.47527893968135;0.25905659344598475;0.34283383001806006;4.977989196012175;35.72828682621612
250;2;376.2912660233919;29.9242174687445;84.14220295685246;0.6052070660538167;0.8478210603929226;10.688939421104278;242.1188793409983;344.29176114842704;0.7291776412392262;135.5726904068138;0.4025852169047087;217.5877632958509;0.24600289107589368;0.33815738423631075;6.61326784342193;30.879225773044055
250;3;727.161086031168;44.50919755950439;82.28090051365032;0.6206616253668532;0.6951885597063246;9.156822611922363;441.55977758604087;643.4125537918859;0.6165730479500573;329.62933721609437;0.36825543006368233;404.3271006082697;0.2647160101539877;0.3381371111942466;6.1768151588491085;34.99468658518097
250;4;395.0450020991323;34.467136770490676;80.56352526026627;0.5995899346868683;0.7006886032893499;9.147319895609112;249.4310405545456;357.91312199746557;0.5858192157767745;145.6205398795632;0.3937068105930575;220.095038444275;0.22283119347897945;0.3224622435568427;7.379437882763323;30.379200965158052
250;5;399.01090673599793;33.898745679697974;83.28889703212684;0.6334224128701321;0.8001044512803446;9.62459174851586;250.4439809937284;344.7523327662638;0.6307681391555819;144.94457867534692;0.3681089169771576;229.87401468788548;0.26877768170814303;0.3554731990030102;6.683868262054728;28.472774008088823
251;1;408.33662350622285;31.259442628644855;74.96019357064644;0.6201323071149205;0.8471800116165753;9.221517237235528;277.5872853324656;360.7251108579237;0.7790879202744292;166.4391250028584;0.3903716246145707;198.50254106751956;0.3003327626433238;0.3579777095983489;4.711973511481623;45.30255093152844
251;2;380.05133156378565;32.384170507979164;83.14137158854338;0.5926220062677063;0.8664302440067021;9.367353281845734;236.34338949412103;332.21356271839414;0.9589708050052714;154.6934975426043;0.4064082699204839;196.0008946252945;0.2622945532666159;0.3439660326822942;4.848582400046181;33.081444892689824
251;3;360.23137278868836;34.61904866902092;83.58929834760977;0.5511279683589719;1.1640639078975603;9.871012514891007;232.84550941256995;310.04482100954846;0.8519191948361975;177.42883528559958;0.4537791100739899;219.83712649935515;0.2891861208388071;0.3356941482029307;5.21970183276691;31.124251845417085
251;4;437.0210900197994;38.42388767709602;83.25391657609798;0.591556420054532;0.9359999583742596;10.468573384804325;254.11774820940727;390.3518132392964;0.9740896704795609;168.48932923626128;0.42499945996811206;152.70296993741877;0.2953374640369455;0.3090741500259932;4.9570314195139344;34.225625161995595
251;5;458.4364893059124;39.20823587708274;80.88580503270504;0.6126008813803103;1.1319317541439609;9.935520955507535;300.46254476607095;437.3297324758341;0.995935031632316;216.83824957127175;0.403398255430135;218.35739290840905;0.2973574430959072;0.29139294291726703;5.588729183584891;32.533181708221676
252;1;401.4354113376461;30.572682410506513;80.08905721125306;0.6172387157455799;0.802440479396234;9.08846672150309;262.0459153007944;362.6608640063911;0.7316535254643891;139.75828377486758;0.389141914009647;237.8055463654165;0.26412363480682827;0.35289783638071653;5.6375062243068745;27.636913383644533
252;2;536.9295311481906;32.893326944787894;82.51594233767084;0.5878149958658649;0.9782257770611154;9.261405057728982;382.0363930202518;524.3370148018957;0.7868140034144622;218.2686753835397;0.41527849360642644;339.0685069967738;0.26262421925159096;0.2541167862062863;5.17193601295784;30.425360161704184
252;3;833.5096088792926;46.477950891158706;82.72805921980846;0.5571331857578569;1.0007021545273909;9.374663004958093;443.80141679708265;776.6583144221754;0.8205437038237889;319.07415665509484;0.4378230938484877;400.93756637001127;0.2742488540143301;0.27401105639786155;5.099483883954807;31.801419172144882
252;4;334.2385866866771;27.045767676268852;76.65185455957527;0.6151140401167022;0.8365794197049005;8.467032427862948;198.98336371133323;296.0193906108457;0.909665066534135;166.91533539492082;0.3759888431934397;224.89498935029889;0.26671811988701094;0.3793570799387547;4.965987746053775;33.11524815254285
252;5;723.0184972154563;47.10256841899559;81.8298118679605;0.5669982682583097;0.796506634741245;9.302094552552903;404.80254484529434;648.1731050983018;1.0094599360329661;317.7800587426774;0.4277731167315699;397.6972041878265;0.28080853563793023;0.2944424931717685;5.043028198298181;36.12886187949934
253;1;341.7265896048348;32.21258433171144;84.76754033157049;0.5890832273240191;1.037484545062542;9.731659992597365;245.67510562815352;322.8135236371551;0.6453829996308298;138.82677492641685;0.39559309315410857;225.5263276248917;0.23352251846494995;0.25542376465091027;5.612389231872;29.97961690115549
253;2;692.3135170299329;38.300326076621715;84.58988272702707;0.5404196827701843;1.0451446391536103;9.793940800468166;377.0812022176509;633.1798122727973;0.7710994327102664;324.19601407522333;0.4439729017744341;314.21283968426275;0.29132822638519756;0.3846216159537096;5.175986772274398;27.608348067873667
253;3;768.430143961249;50.965861401142405;83.53725531908947;0.5861791146142288;0.9642919313165519;9.997030684398297;432.5765171774925;633.9502524579625;0.7407079218678884;303.9073020209595;0.4156780589217847;408.36144927552795;0.26133551800004534;0.2717752889113486;6.554414769406516;31.70491169677976
253;4;840.1062925668634;46.37043641739252;83.99094585529704;0.5875082633800048;1.0210261664259987;10.129194172503663;483.58216925255874;826.9609875751725;0.8047094118090756;355.8660383198181;0.4166340843543073;444.13430297322407;0.2898039917112028;0.34152940064123505;6.202083960304499;24.5180827831896
253;5;1491.1924592175699;78.71064391569666;82.59478831600585;0.5134542822470948;1.0532768898283353;9.230126154615744;790.0340058849463;1266.8512848358366;0.7904372034438263;503.7138229962886;0.49652297021336717;637.6174498362446;0.3184954170153048;0.35500209235953406;4.865984644814557;31.73219205146781
254;1;394.7206237628904;32.81520906074634;84.4402281401528;0.59582014611142;0.9058180904252872;8.150632527945449;245.72644622324682;354.5851387397216;0.43491455243319016;159.60420919544822;0.40239798748639544;193.91462437671728;0.2281888083992687;0.30015094783423757;5.703041620366685;30.78722005999284
254;2;741.8736552542599;52.76498049652395;83.18540932527804;0.49769636243554527;1.0035110967067478;7.913070180797627;400.34990960517155;622.9592349485872;0.4150626513073977;347.5977363491539;0.5016921439040309;353.31858805726847;0.2552816924691529;0.4235340744322972;6.045557339463106;24.20568428879395
254;3;674.3165690839965;54.874709500932916;83.68445877059202;0.5162272558683475;1.1931480160070818;7.700857445645635;377.64787345711227;594.8107524254345;0.3996758968500916;304.05353176051665;0.48728268630453914;320.24367128048704;0.25886590471713555;0.42792964458334837;6.656725970604475;26.968037899454526
254;4;788.2983687388703;70.33054596459434;81.61060054778956;0.4790086187230129;1.252175608871213;7.571173830944638;402.4701950109063;684.5018598833977;0.38106816255935405;514.8872832929688;0.5204284465585733;419.88639396931234;0.266526486574913;0.3862598371221169;5.745676980633493;28.741860995771255
254;5;468.17087824601447;46.42180193417801;82.71454169952278;0.5566961297788524;0.7850544198394268;8.19483233367222;342.08728257684305;491.2507318946451;0.4181568897429341;255.13896339383044;0.43879214904964586;339.9428128846776;0.23283314273247246;0.37900739389014954;6.948959590662583;27.8143778000645
255;1;423.41242581860854;43.50281003190782;82.46749090427221;0.5519018887438213;0.937675007259679;7.525795733439352;273.0302189417144;366.8195552270372;0.4199451254877907;157.83454855681993;0.4513288597671635;185.04986600351927;0.23116852853928713;0.33982193677886025;4.953023483171272;29.784990019686337
255;2;424.3369830215663;41.00486709369806;84.91398199700258;0.5055712317491954;0.9600329927485861;7.959434632960693;270.37699351693203;374.1758487998615;0.40439685327657704;167.1026697215836;0.4721862262065843;176.955619757246;0.21677230399787553;0.3726154529202165;5.780430921498436;24.874360463896096
255;3;467.2117462973396;44.82206602553771;81.76576136564293;0.5501024874152006;1.1712492609966054;9.02433906760945;336.97505826766746;435.1798695493337;0.5656279740866861;202.85031270508998;0.44266378483043417;249.93851359601777;0.23531421099129685;0.40820537047947103;7.738010773395661;35.45125047680429
255;4;402.4757244891473;38.26449827091024;83.33359005058225;0.5549348608179685;1.0198982326078296;8.306345117274804;250.75764261144516;355.76609489807146;0.4731847861507331;209.91999056925363;0.44837356319772437;194.02500853784335;0.21777863983951284;0.43648920130164803;6.917854204921591;30.53430700822214
255;5;358.06975013739645;40.252880297115304;84.94515138109088;0.5364414414411143;0.8738191103143546;7.652801207037937;225.23574440948846;337.8706984278543;0.47719682670101726;176.3810895134611;0.4625458711615061;182.4947096609841;0.23511217790225492;0.4365756579570275;6.249826547785889;27.852139310928887
255;6;378.832888855736;36.7641987247833;80.71240066591368;0.5635660021202062;1.0275133069976838;8.546007866322503;253.4295361276155;332.56160998302664;0.622750878532719;157.13476505016737;0.44552567773473584;178.99060301373083;0.24434821495453998;0.4113586000368119;7.2638122291390195;34.12216309976667
255;7;395.8869212075741;35.7413445069663;81.06039335524035;0.5588807062532637;1.1079848060534412;8.70305172278054;254.494750498764;364.8654139484529;0.4638719660209974;181.97415582831988;0.4315524575668426;180.85574022679577;0.2448580854203829;0.3687489143285264;7.708433590979515;31.557109737647185
256;1;336.57387301776043;33.694418536366136;83.1743033647205;0.5585330057836525;0.9974850370072352;10.125514124619187;219.25370568753974;310.46477972409605;0.6026104331549831;153.98087053863833;0.4425469813242204;175.22617307655327;0.2385989713923681;0.31312703147569765;5.189839727853236;31.37486156291145
256;2;420.3286145292608;36.48821045389274;84.11692649539259;0.5499627025875798;0.9523088955426565;10.340027266618508;295.3397142286803;408.0498466308369;0.7051806002167091;164.19963457907033;0.45316541937716875;261.23046642231094;0.2680630398670253;0.3952611088692909;5.970474558958881;25.46358213405027
256;3;480.700972559595;42.04400022729711;84.12435366319502;0.50054549517355;1.021937540378359;9.726701724797216;335.1857858752699;469.5476666082522;0.7342904252747471;254.18320919613228;0.5175598621227324;293.6891032732441;0.2749504664433385;0.41511815249951506;6.03603901402675;24.09355246686435
256;4;357.7663544211708;33.94235506343693;82.67705993145795;0.5634477261805024;1.0198277659362522;9.64013149458301;222.86436384585448;337.07498648052314;0.6853809732382613;164.85087713551223;0.4530533475534269;248.47628402860565;0.25592959279427385;0.402605374299061;5.4717988387117025;32.92082588181743
256;5;681.3835635375485;44.4252987887771;84.3537462960586;0.534642678078895;1.18554798871603;9.274195069651286;369.19155818805046;627.2411099577134;0.6405583462312049;274.2928107499585;0.47115810594758273;317.918345359948;0.29226621069892816;0.3284094035021776;6.003052568880255;25.719940577561538
257;1;1042.1698911100918;86.81077090444028;82.65754674691466;0.5441558148726191;1.208801887928656;9.917663704340955;658.7794706297132;1023.8061421959663;0.9365130818135151;490.65257349943516;0.4689796114513055;433.0273949854672;0.3018312379233036;0.40769336455736727;5.115372874861244;29.661919578992652
257;2;1054.7795942168134;98.664699391149;82.37441789317025;0.52937113930704;1.2046566770114924;10.334439491397125;586.0255809824611;909.2309957835496;0.7746655729479358;467.04484099770053;0.4693132401255302;490.7181244383569;0.34694596183341425;0.38687000819315587;5.991871004023651;26.30081172450498
257;3;1350.6203518537948;138.29599421765616;83.0201980511355;0.5338460621735215;1.6008648433119252;9.349707218416379;761.4777646388404;1180.478840299651;0.6574998354050989;696.9634363040329;0.454877428137701;749.3377219959104;0.36841021131296237;0.39435903288046137;6.95791880501753;28.208826616815376
257;4;1626.9604380808812;136.03100646375012;82.65771490838043;0.5487700019924384;1.3296032289516346;9.632459778699472;966.0969152099892;1423.0603878868747;0.8550629543841821;549.6495912835994;0.4720720499406487;577.6762204311365;0.32011762961571577;0.40789389810811505;6.299742407030717;24.659199552289337
257;5;1563.9829500648787;173.480111154994;83.73704354106934;0.5658584163112943;1.2076336851170983;9.607895766662084;895.9369438031713;1379.2146766944218;0.7127199635601561;762.0747120839791;0.4332125816322651;488.90476982005845;0.3446309611113221;0.4156116161959931;5.861404057928266;24.60072954321963
258;1;488.7306328337677;35.459518671937865;80.37224114173999;0.5888608430123332;0.9568681077513767;8.473600243722325;316.04733854024056;461.77880487045286;0.6878532314480158;193.93406862619346;0.4096074105102668;219.35894762558254;0.29258536694865284;0.3627986394427807;5.188647398918987;26.233033200978152
258;2;761.1722870879871;43.23531586376498;82.43049468596018;0.5877320775950368;0.9745480086150377;9.218021618847239;394.8633117331915;686.5913578825619;0.7352510935010741;351.2965848955631;0.4038644636267464;294.292642990888;0.2800833371251184;0.3266598292469072;5.618702248275716;27.846042142410646
258;3;444.7306698753761;36.17623755941969;82.55861096407786;0.5674283099503962;0.9407155581771927;9.274156217084103;294.35630325647236;414.7633765520036;0.759382517113724;187.09715439214247;0.4231863971137038;238.27576274103757;0.2823924283814457;0.360731836173997;5.211082878448488;32.16163442974261
258;4;484.82767143455965;34.74796451482846;80.54167684597765;0.5810371462346093;1.0157032159738584;9.006091988632162;270.73727269755744;398.8663313761866;0.7189484876421347;201.19817495298972;0.41896035093968387;234.3172529988121;0.3020028960483867;0.3548960655330922;5.278106627335045;28.085974457905508
258;5;1488.6083699236792;126.0544392123074;78.96193653945886;0.5668733484676138;0.9722507047316549;9.799242131264979;949.5020277843502;1291.2160349324763;0.7990259875305753;472.17676897534886;0.42893915302829355;676.8764013437753;0.318553788582538;0.3385007685903897;4.949539800249811;37.9465401061062
259;1;1109.832545725087;91.4194948924994;84.09868405133813;0.5151229936139601;1.248105606733609;9.71837482660307;575.7568537165172;1021.6648132318045;0.9149740718079125;633.5971872009626;0.48477236637655735;534.2294370091984;0.3088108367763397;0.35789300502900173;5.359226145275276;27.268728241131242
259;2;1688.8129476293589;143.7123928049607;82.15718141023399;0.5124495365354808;1.4487916271239334;9.085650008320867;958.6495097324137;1573.4212708142263;0.9332560436961669;692.8892181593418;0.5001158908692397;712.7767336878311;0.3442589971120953;0.3553902274226627;5.322902215485625;32.14598994046631
259;3;2010.4408341254841;147.0888310166804;84.93317428229243;0.4842323052073485;1.4357516953590048;9.466797271295096;969.5406937651622;1773.767893722043;0.850387423565208;716.0693412788573;0.5226023071931308;657.9749444954007;0.31633970499615377;0.3076456118651752;4.975829487194345;26.552456151216646
259;4;2573.0024823486597;177.235555825222;82.90989234409513;0.4983634111802915;1.486665538677535;9.71114668918174;1263.569531371436;2243.628400635987;1.007624929199314;762.3581797104898;0.5040222035414863;827.5573740534088;0.3960103840746705;0.3384665381866048;4.98279016357859;28.931000349470818
259;5;2128.148547690495;166.0508059352708;82.73548623846372;0.5195650087197056;1.4245506806804287;9.127735321594452;1095.7738213710902;1904.5747798048399;0.9771524115294972;784.6573463865362;0.4866850353207905;781.638901658182;0.38577006627291177;0.37328892079579823;5.264701350444248;30.676544366420927
260;1;1453.1787293846726;134.14176405879553;84.01400318319833;0.5271624130822868;1.0959992525391604;8.950139204974887;830.0710095508615;1266.933506034301;0.7454650951554808;530.4393233219548;0.4793956234976824;633.457583469477;0.3263795752380112;0.31126830790197846;5.498482169357267;34.07150203205643
260;2;821.7898604439793;62.36949890417027;79.33950010684615;0.51689639484578;1.087592337831985;8.851740561362389;423.14120871875707;717.5915662868532;0.8018458732871669;325.3619645720517;0.47890489021218174;314.3769419429191;0.29545134266176837;0.3025587211278371;5.207842981449925;38.592247293947636
260;3;1314.7623146429594;89.1586817468872;84.65547500839703;0.541213823646293;1.1229442768617728;9.295588473693659;780.5743232491446;1237.251004948201;0.7540007701040872;460.43788553737664;0.4602170611417203;490.0680450572047;0.29583355369369335;0.3411037174614193;5.386492409935999;27.21979837055305
260;4;1612.3897384245176;64.19558305038571;73.9462079445207;0.5805150920258627;0.7552283726386926;8.948424509659919;979.5911537380995;1463.9340616255558;0.9929183873002865;406.13094653846593;0.4231671527148565;625.005852586778;0.35610890897113207;0.30969918917608286;4.67133974197278;43.33855535999218
260;5;1775.032508780745;138.81310133405685;76.95151712801133;0.5705348942241583;0.8312467022367276;8.734051670728423;1092.2804771372566;1706.3032189799974;0.9065777948929652;546.3097963413442;0.41779002345218674;1064.7276493676336;0.41827924615605455;0.29941687745059964;4.605888973010621;42.54470658548998
261;1;366.4095946020589;29.52076698047763;82.30348176425385;0.6046919865947211;1.0222521115534362;9.366760604007538;232.8665012427503;319.5058441593161;0.7087491742531883;163.34111728298086;0.37933557222228925;201.59734900440267;0.251348305445589;0.3352932722619183;5.574210289165372;31.834601861959587
261;2;423.10431639976633;40.356068939918075;83.49559288564443;0.5963966694077996;0.9197963002531994;9.01932480568048;271.6174230360463;406.9639250591358;0.7105106497045484;153.67758779417977;0.3947398686917057;201.38728006266538;0.2260603837176588;0.39054210569659026;5.267456654118315;29.831434341148093
261;3;379.7825031720255;28.812063809276154;79.0911897671924;0.5870131960867303;0.8042502878449004;9.171355308450517;238.46117753030865;320.2044791922551;0.7842654674188342;156.20522639916544;0.41131980531792117;179.97382790527396;0.26924714847384074;0.30437239254401893;4.950455741782666;34.399134270998196
261;4;365.0607647328814;36.12957796032485;84.06097680592846;0.5545711676568577;0.9715164856827494;9.29770115072428;223.2632011886885;328.7943147088637;0.6799929526792596;162.20475736751052;0.43277893620399716;185.6675316578516;0.20875620623795077;0.3539615540539954;4.899588231879618;33.67245437275668
261;5;413.18486813062924;29.875341876056083;82.55437758147826;0.5424233664521353;0.8515999224890716;8.589654317377793;268.6869529121232;367.79942754829864;0.6945275138590032;156.41010396299885;0.4476347031064654;212.0545807199919;0.23548807778149697;0.2821236879034421;5.133963331383504;35.81643135697026
262;1;423.99054922998897;41.46444944543733;81.36380207277764;0.5527497623594089;0.9601490447914796;9.611005310034475;292.1844173925797;399.31563926794325;0.6603826864628036;184.2119420068372;0.44210949021496143;179.94371224798968;0.2604722492166738;0.2549150742185428;4.985285775787948;32.273809046784876
262;2;1042.9872030452875;135.19858982127053;84.62122638420608;0.49064911391290167;1.5424224256192458;8.857439429251524;630.5992188545978;1006.8225758022328;0.7318382567314565;586.7092530817505;0.5042603003391637;388.2213304913305;0.2914895579412734;0.3404213272067964;5.186145826548338;25.658970448805235
262;3;1649.5279923877936;117.53687115689424;83.66210080231771;0.5572078305277144;1.477891371503294;8.459463211953377;890.0240229743616;1498.5443812730032;0.6514246287240614;701.236217293774;0.45055376857191576;447.24257088934775;0.3129314452873262;0.35922470350847746;5.301991353566433;27.018950935281154
262;4;437.5833973350293;40.42184354259777;84.18917141734309;0.5525745431892936;1.0439617083991382;9.104004926932067;300.2700187605031;413.6198481559379;0.48386196414798244;192.62130491015134;0.4548607588054878;216.68811549814134;0.2637768958130895;0.3140299389258459;5.07902722159933;27.62081209716349
262;5;1120.073521828035;105.126617736251;84.63898142271736;0.4923406884691873;1.681414292744473;9.340434191362617;596.2829713347138;1092.1818060630617;0.6115639739199678;467.92188000013266;0.49215291526164395;415.3130712279926;0.29380038527620106;0.3279322840904765;5.539448459943189;25.15009121328696
263;1;757.6841229346372;54.21077091733355;83.92403828956293;0.5574793369464109;0.9142171098994101;9.121784139056803;433.4639735381955;650.6414693407394;0.5810954971437468;367.14461918268915;0.43344309384918267;318.00618695606477;0.25346365273219373;0.3867956761005267;6.502362524820679;26.885006780052485
263;2;864.9277129911893;64.21359884020563;83.76609938949618;0.5622154566884212;1.0027025912697924;10.115616412291567;526.8640930489785;813.6817044412201;0.7754935946262416;397.0664757830839;0.4500126874021948;413.34905184530925;0.26840540195238555;0.35213303881591834;6.216636470277039;28.651334806690812
263;3;1965.6968709716798;152.74030252128085;83.27008146269954;0.49514558198067826;1.2127243095313263;9.207303541308642;1047.5952116179633;1700.3803462459796;0.8577125280572928;574.9014639281398;0.5086955053779365;762.3345935700643;0.31064743997177535;0.405719392263355;6.139956823485408;27.86079763571334
263;4;1476.0278252108646;57.095406263974034;83.6514752446083;0.5458052483885524;1.0182591818015811;9.492031196294901;815.7450674336588;1287.4337574134495;0.7827490458760052;412.6927454014333;0.450495004103644;494.0048426323981;0.29512747250415106;0.2964321478732101;6.344367104119929;29.70752476961249
263;5;1468.8878812906082;111.38904437132761;83.27064408334078;0.5425875981882701;0.8606167596189505;9.480474982913375;863.5803786233328;1362.0037066291281;0.7910302995271092;488.0164587129015;0.4622000307236598;701.5619679320765;0.32456027608176186;0.357042153741444;6.201646165477045;25.566412876455864
264;1;1818.576262213754;107.93528649250517;84.99518559999285;0.4983544099041834;1.3076191240927664;8.79410928084047;957.9522183787523;1586.206612571117;0.6110851203242189;594.3750909270387;0.5078295165171247;566.7829994647986;0.3171252889916541;0.2760982259095009;5.842730943079379;26.862778976897815
264;2;2117.421091751593;166.4002678602274;80.47256049197284;0.46536220566012804;1.5738672658208694;8.544355431735598;1126.449079595546;1882.5698443832503;0.6383215373654342;1198.79362618598;0.5342812112018097;832.9529764124851;0.3346638158580799;0.31328753390329217;4.9124157408078215;31.2964817547537
264;3;1973.3695464864886;146.04541803823125;82.79507976712753;0.43130128434639653;1.6601081158649709;7.929482836817863;1067.5992857338622;1725.18554287594;0.5060641354247634;1203.1083570868416;0.5570997492466067;816.2030462879748;0.32931514278893625;0.3963502773790715;5.294735631879416;29.002484108615903
264;4;940.0059520652642;58.9980609530124;85.22193495067565;0.5568248403894348;0.8976289274789986;9.040965475762855;499.045918693243;800.8474967641961;0.6188638664236386;385.07743697384365;0.4484171831237043;319.98074521480555;0.24111066284045746;0.3382313177455105;5.333996575414033;26.92333573459311
264;5;2149.01909687768;176.65898752445966;81.14680064761014;0.48866457215079895;1.5557109389044108;8.555836631707358;1148.086201837711;1850.9147769694248;0.5550191661263147;1205.3764486141042;0.5028433178699511;819.009350695782;0.3410295070714875;0.33104915055280526;5.210930857007993;26.38612719098614
265;1;1387.9216010849912;100.33020713017153;83.54870360346338;0.5356523687236806;0.968707653655985;8.595644458690682;870.7761192093911;1280.9635421366784;0.7907224946520374;436.9339299235691;0.4630929368488861;599.1816212657914;0.316488811197724;0.3681824268074734;5.442051475703264;28.191177511793825
265;2;2084.0831424656517;125.98173652360514;83.0382982319821;0.5982859049838936;1.1199028283943437;8.414499411798314;1107.843195473829;1827.3558613457235;0.7713470774219495;710.03560798851;0.4056919437496039;687.8479617147885;0.35651398849996274;0.3594823534807102;5.110934698526087;31.152649657564698
265;3;1807.883957979999;134.2829617133759;84.05392653361193;0.503373731821108;1.268746075116762;9.985040313407696;1031.9440014267116;1540.6365764631;0.7458769619094722;789.7570512494592;0.5090272073889043;788.7691985950125;0.32850668136487515;0.3515608299547626;5.290181909685681;27.69590315362305
265;4;1273.2211933457743;107.5913525873069;83.29582130584703;0.5411610185215208;1.1062173667614654;9.138716240978459;812.7920138229805;1145.194601222374;0.846716519084294;564.5007417879634;0.45057883837019636;524.1530918239331;0.34402071195617395;0.43995071008415887;5.479238543125988;29.930137280396696
265;5;2201.0353984085145;187.1988321820121;77.9732058316647;0.5426208989241812;1.4178958522955196;9.788859521960346;1328.939566762223;1873.8770314946585;0.9397481348391534;1260.8537210881366;0.45696954887315144;1032.0515244095009;0.4581362861661416;0.37317700556214717;4.979614056939769;38.248556541038596
266;1;904.715337167677;69.36300043526019;84.03867914579406;0.5272480356755728;1.2994315812793515;8.885409505683015;550.8893597326742;795.2705347133248;0.775432931777209;479.5689022175904;0.47838423550782017;326.5696279461249;0.2778702025785645;0.35229058357811766;5.382302665435328;33.06134341624308
266;2;1868.2176126356999;181.25443260309237;81.89725207089057;0.5560856202147135;1.3949554055549604;8.976592936501133;1217.4373251601794;1658.5482036612098;0.781670425063152;804.2348386946134;0.447325146292338;878.3902489199922;0.4089272539814271;0.3752507325502591;5.481157604713969;31.51355452639073
266;3;2162.004248270894;204.57314540101248;78.81177040127272;0.517564992845161;1.3959407755651172;9.717979290513393;1217.5495501022538;1867.6774649784898;1.0494252936083326;1279.485355374802;0.4922700467373061;947.6079328781561;0.4359050242057974;0.40116406872045046;5.352414962175491;34.606314667000696
266;4;2254.521895613611;162.03748703528635;79.68596979492466;0.4975042513458854;1.5309980234272977;9.430922346382472;1132.5397332923528;1958.0322474786185;1.0274514167183992;1199.201344321792;0.5002153396651035;889.667618334616;0.38343355898819054;0.3405420998270401;5.179772723559143;30.023560780663907
266;5;911.4684402728064;58.12643628193691;76.2052964622193;0.5055207997099894;0.8072829696725555;9.004367836719824;506.82177949772057;810.8473562716717;0.8664352665652355;464.6440417757431;0.48732020651085;357.87446748428846;0.2919436548198328;0.31387124718998566;5.166402964918572;39.37643486050961
266;6;1270.7342497796167;151.12925477179152;71.67502168965494;0.5003042666271882;1.4117526234950741;9.306183761951921;687.0968484719874;1115.777406840979;1.0024404238384306;819.0329170373552;0.5070840643980361;615.6349844313056;0.3879486681812383;0.3640850026300893;5.307175734477203;46.86050849574947
266;7;1014.5287676725148;64.1546057141588;71.01747226889367;0.5061046350745741;1.11626162731438;9.219722981778457;497.34679818209355;856.4967485527732;0.973655690483648;486.8812979085145;0.48834009161676184;466.9075404429106;0.3349920855967133;0.3784078912915789;4.991772396165235;44.727188051866754
267;1;932.3710951317432;65.42586536597241;82.46121161371921;0.5145706926236284;1.075430024551602;8.808395082076897;500.856445721148;846.5287216700834;0.5612505087474334;321.6433652279389;0.4836661914837753;404.5308228076883;0.3000959790283927;0.3277245269761413;5.046022934102174;34.282703891600164
267;2;1748.4538044926937;140.19545885676706;83.69540970613778;0.5528172866465467;0.9006941332303401;8.616790028160654;991.801783116935;1552.1081523974042;0.6379173388599642;583.4372445620608;0.44188207587990014;658.239619679186;0.30488986296177994;0.3842141665707591;7.413700249393883;28.534561980633395
267;3;1885.8958783181133;174.72338247852142;85.22256991675587;0.5439131798653281;1.5770886998073583;8.58607948736682;1014.042151157386;1666.2439881249072;0.6081306557082695;667.4518408766979;0.45622265227231773;740.3785384646606;0.33872260869719834;0.32527564591674585;5.493126813910579;27.756725576784945
267;4;2431.9101289378013;187.9687972915418;81.1982141980924;0.5795152709002342;1.2341555967244267;8.484759404094621;1296.3496428939404;2059.615018785394;0.48407328791114596;935.9933006455103;0.41368133230178833;1026.484895653272;0.3618669240208767;0.3838103897065146;4.923872914587167;26.204581178773065
267;5;2178.3117383077397;199.56406507103623;83.4969688341172;0.5423144447385253;1.3726467664822064;9.26133311621929;1240.4938027215705;1779.0764225972432;0.753667233213978;992.9389038457962;0.44759577240610576;906.6187977006875;0.38908663158502277;0.35804807437768604;6.420954763974769;31.402799902418057
268;1;1836.3545126732827;150.79043234358926;84.18971397276148;0.5064143990506929;1.5483057658284265;9.221489813576442;1030.973690657855;1623.7114699423607;0.7230677842122553;707.3793685169011;0.48681992125894974;738.2208607830048;0.35536475391693295;0.31803313354855506;5.164719016609653;30.177592241397274
268;2;2193.282584018303;143.78394730333733;83.95793105997542;0.4821264472032763;1.5045205288900572;8.799065935460114;1228.4287816387064;1915.33105768995;0.9321046910921857;1059.9512674313585;0.5196076887008949;828.7961984987927;0.3526171079147176;0.3556607941948344;5.223287740250027;24.312337346592663
268;3;2272.98675613708;162.43960549109596;80.37153966164827;0.4812551209890525;1.2972349242744579;9.058939489132314;1191.2597842930759;2006.4288678768505;0.9918901074681893;1271.9924503845289;0.5152031750198608;1004.0562705376776;0.4040568897788323;0.4172415138531006;5.052102649114786;26.732733703810272
268;4;2514.438686422497;163.65938127755197;84.16406658120674;0.5042262113238654;1.2382611558835723;8.877905261369682;1139.5228127716043;2201.850931623142;0.859606550472833;683.8803252933395;0.5071858402935058;787.417323352816;0.3281536017015783;0.3376822696516733;5.246071319148156;26.91355284403637
268;5;2254.0926881551113;157.64646273637834;83.14281089768632;0.5127744095354592;1.2781378400531778;9.266734209412634;1195.6082481906562;1958.9029093730717;0.9322308775227525;1166.1613616400568;0.4761949010097027;948.942213322256;0.4053155561588106;0.34137394603488325;5.146106133217754;31.2731902713613
269;1;442.12846513009083;37.3409368176838;81.40516218291386;0.5875684586760187;0.8198157663251192;9.424615565241732;329.1785815627359;415.9025107831631;0.9861519500026246;152.3572390141239;0.41267619958854046;226.74603570224;0.2909382382995071;0.3306517947628907;5.0872736865349575;36.123679841895665
269;2;768.4493770711358;58.35029940151629;84.25336553865678;0.5669863981926256;0.7589237596396402;9.028322949155706;445.13470568888647;673.6859084251954;1.0089710160525989;338.09802985820016;0.42122620534018407;370.7589145040583;0.24400810380427818;0.3517147413422761;5.277372946321513;31.795510271764485
269;3;2237.5564927095907;182.7075056314748;73.84046719769343;0.5922079237372135;1.1052102253139469;9.405471130650845;1477.5788951759857;1935.743040792337;1.0523993569986037;969.1332362265574;0.4068075227070282;1288.2919809398243;0.49940760115105043;0.3057099761724045;4.4607520824268745;48.769932156786645
269;4;1134.5294050277405;56.638261782965785;80.74649785556932;0.5775870083398108;0.7945497004798423;9.49894959331783;674.9774295456511;990.9179949682915;1.0258890107046348;434.0439028903057;0.42714065208014307;530.0361812429612;0.2865695743014169;0.23899191193776392;5.135511982914339;37.33718323846919
269;5;2163.435687927105;200.47839776084848;75.01104680664307;0.5743949292964822;0.856786139737379;9.58484402489434;1438.247784529717;1863.8929563720571;1.0830197126820678;633.3982334341728;0.4160126078059991;1038.3138796715943;0.4410713536203791;0.30818830002153486;4.832008952572015;50.409660010638
270;1;1872.7433509062512;125.50215805421443;84.4533321679262;0.4662290588779895;1.5756492043398884;9.977886795769882;844.250486274732;1750.1818351162322;0.7418747628145609;668.0574652372119;0.5339892200465162;387.5499838229934;0.33772599964215344;0.3887987871161439;4.982852059390604;23.296409209457416
270;2;2255.3438788859335;141.96960591782351;81.69024739316708;0.46120283262104844;1.5016220703015695;9.297508724162572;1178.7114459436282;1962.608328848957;0.8050104464766608;906.1637609859013;0.5314095925281425;739.8944247714752;0.34630290133217784;0.3678459782431365;5.234954828783922;26.889548190711004
270;3;2075.510974598751;163.55791140667964;82.81368563188808;0.47574226889318977;1.625233387786868;9.106866393806605;1029.280424893782;1752.9519375943057;0.748999583483321;1122.361325716964;0.5230039208412133;807.9619551654682;0.36115701440691333;0.40442954497096956;6.126418360501751;24.638710519345583
270;4;737.699000627382;46.172433571961726;73.90248350435927;0.547657938596752;1.0297279561415216;9.343139767304052;417.2263947712014;682.1520364860946;0.867025117421401;347.6264431032122;0.4569421709348619;281.75801333035906;0.3369200163811075;0.36224776571334927;4.980318426169282;46.66945821479023
270;5;1793.4453212675276;156.47915965649082;84.60061125945991;0.5174542512845024;1.5943027821274567;9.674883723834046;918.7679115704834;1699.861714145362;0.6961753018119242;893.5574405242861;0.476253738253559;714.8097898555424;0.3549179469888364;0.3402277719575637;5.218315574999732;27.7191257665237
271;1;398.04558593053747;33.97257912658512;76.99935789042591;0.5870114825014912;0.7952853998910554;8.494763668764305;265.46263838563954;367.1876692320627;0.8024496560061075;155.39724402419589;0.4096109336361474;211.83329971590476;0.23369153535194248;0.3583140381871385;4.958936648097795;35.60006752500792
271;2;424.39819749606846;31.75514198256108;80.67876894795401;0.62100125050684;0.853752884123218;8.651077769848241;280.357849400314;380.636718340644;0.7880829406929636;158.96536978478022;0.3926931895459243;268.6314410118236;0.24966920744709484;0.3564279102197341;4.980981492006425;25.993980800385643
271;3;425.06199259649753;31.75337626157953;83.43195328906143;0.5984884837262707;0.9207136621394691;9.257892039343407;295.9814010810349;404.71204693161565;0.717324898097521;182.09053005965916;0.39660442690183834;303.36205888613006;0.2626129096748965;0.2915066186283189;5.877802437446707;26.259994080524702
271;4;418.2849474472585;36.02218073608253;77.5981749692301;0.6292541988772336;0.9675525145161615;9.241048643840982;295.1091021851127;392.43159210389155;0.8515437678490969;174.37048998274545;0.37764679967439724;253.43541820883246;0.26595138438712956;0.36618461531416535;5.036041962211237;30.74858752951487
271;5;529.8148464893845;38.604244434471575;83.4874218959976;0.6087840830500202;0.792869712373543;10.27192974659169;340.1555224257018;517.6085911730221;0.7355864832375665;227.90121703987964;0.3949636310234766;333.53554700390123;0.2571822440878406;0.2675926832862637;5.744435964153065;32.31619868441112
272;1;396.7108482084181;40.04855613484435;83.78061009165431;0.5785911136893125;0.9918200072662569;8.589139052635023;253.88163706501422;347.90806176272895;0.7399160026620263;170.1431184759204;0.42439734762638226;201.30630126414562;0.23169613588101587;0.29436960271688684;5.043354042465048;25.044627615304297
272;2;1532.2378100689914;86.58351626448128;85.20233218456198;0.5496382127579572;0.8544916628766053;9.667609929844021;807.2554508416135;1465.6687652540609;0.8015930306706577;549.0953507900118;0.45104999750362673;553.7864094859074;0.30134708396442295;0.31355263815840784;5.465556502688131;22.489550733524943
272;3;906.1876325143816;121.10495027148973;83.90351371967307;0.4885561834398572;1.206454156930997;9.535450347351054;555.496052483682;840.3597024799685;0.854709008904937;513.7456417441523;0.5168983583449869;436.51067021536124;0.34160133906679996;0.29149886767608707;5.148496267796472;25.419655806728237
272;4;1775.1355073122693;126.93943225820732;84.05394578532196;0.4611676122981776;1.5175051938323432;8.669510347426462;810.7226499220429;1630.42202737038;0.7830505698935899;601.2736234766348;0.5388310431000882;592.2810543283113;0.3239653447486763;0.35050444181541995;5.404959656897076;23.813224784898335
272;5;496.7364702882535;36.15957132511434;84.45864280432508;0.5988545356192718;0.9395488483932136;9.021026363855066;348.5295445727615;445.9262453239901;0.769530156620105;224.1895721502967;0.42149390227064193;243.25033706638067;0.23130205665225045;0.2908897419301399;5.256979194126142;27.69600653268425
273;1;951.1350936899412;69.6773610463067;83.40415606568631;0.5350454388569615;0.9621944949224284;8.85500358303037;563.9884115815728;868.5479763309511;0.7112224033935355;503.20628746116904;0.4584936254475958;377.4348400972427;0.29132064625933124;0.3727766386033236;5.280390289155531;29.5858981534994
273;2;2031.4140995759992;198.73554148498727;76.18670606770827;0.5834089443643797;1.3744286409352873;8.867183766129171;1249.6334994509682;1709.3071338342102;0.8917653986663341;1162.4836953290019;0.4224103229678277;1128.8657463409145;0.4683092281667892;0.32298543985827266;4.775662900435306;41.21819630609656
273;3;923.6655137904858;50.57658784490188;75.24603743877219;0.6438248065503315;0.9340179875691192;9.180346579104908;539.8789900533085;829.2545301927323;0.7888151528700353;313.4664241193381;0.34952349400103294;424.05171327728726;0.31617306053781963;0.36708370458489176;4.796812039655522;36.65749624031035
273;4;849.1345414966937;66.50848451446524;83.58440316266854;0.5600875633035497;0.8381578648556423;8.535173043976581;479.249816927989;763.3696923260858;0.6888776765151889;369.15688104096387;0.43043361084491016;337.9549579236627;0.2916395066356228;0.334079524019926;5.7355064298853;28.322861797703027
273;5;2140.6388829998923;185.45047533626476;74.4964631590603;0.488331524103575;1.2599645252071765;8.746993056689222;1394.6047569683426;1808.7005867841392;0.9857358555450357;1169.5798039248534;0.5145067648374545;949.1267020631916;0.4588158767404024;0.3140881318614349;4.741042945671367;46.10811354889457
274;1;320.1773048036063;33.40187114471876;84.58401050013057;0.5142238672802084;1.1178833610165455;10.2430308080676;178.8961296535548;262.0465572193553;0.9604963465328696;152.50698030566008;0.4894691846545131;190.9265944856638;0.28165297650691273;0.3761891894091531;4.879762245074466;28.099332732763163
274;2;376.5715596885436;36.68930371999263;83.52614398684891;0.4873056038852994;1.2087310999731173;9.228442003170654;279.5751300811762;350.9256466327892;0.795224162181604;167.2017391524899;0.5046110126635935;163.5238745762491;0.28878819093365965;0.3096515280872986;5.072799052037507;29.03695527817826
274;3;309.06669560195496;29.326001618487382;81.50980322910601;0.5720962007353647;1.1243198800668257;9.70451807003912;211.38811625727107;290.8613033636232;0.895884487576061;127.87492223510439;0.43997152553439556;150.6654679580285;0.26194763343370553;0.3115565589869751;4.757231931929107;34.53951439993348
274;4;575.2452452224408;37.7648416173013;84.52610467730209;0.4796291493429157;1.2452799912640586;8.5571793138592;305.58765020443565;467.14503626695006;0.8071140453708882;254.4517225824964;0.5220474864822047;166.80575410574423;0.2855955479644459;0.2703473803464156;5.000012807141803;31.292656928474415
274;5;326.7207120748849;37.29685456355273;84.59813483770064;0.5192681639336328;1.1868000034564048;8.9289571483713;185.06144639915252;268.62335788148414;0.9275026305126388;139.65971977610315;0.48689396082025554;190.12477160190568;0.2320286007073831;0.3270972925442625;4.874465686006331;23.043710401397323
275;1;1288.1363127742384;161.16399072181133;77.6138379001344;0.5489587378348564;0.7982664604098512;7.573012494958266;854.5367174745687;1093.1639376516368;0.2360386323785213;507.0006630919159;0.45872369035164745;718.7337616854618;0.3681099439909265;0.4723137373926769;6.163622682512848;36.83223398506447
275;2;2271.8277737914477;198.5825766094306;76.63257504444496;0.5635832479279701;0.719472021931104;8.123439911055153;1373.094977530737;1888.6289160202828;0.24779614473419911;608.5187806676488;0.4386352759121969;1305.9576706773023;0.42007436842160417;0.4434484084989833;6.452756625998181;41.81317721539229
275;3;1805.4303883439675;95.54564134244096;75.79310426198221;0.5664906642170152;0.8092209749932896;8.71664442025521;1081.9317824380478;1554.5799039238348;0.37618448238367747;407.84799524403917;0.42773160264811544;726.3287149137743;0.37176213420095716;0.394549761982195;8.034689205786664;42.428559741476555
275;4;937.5443969549897;91.0367603446509;81.10060633673824;0.5785330536641068;0.8578048057701491;9.168416936709264;572.6252028582803;920.9564804480314;0.27299667549319184;398.74630842657905;0.4148833387123102;356.3116693689278;0.29372273591239767;0.47186473962877784;8.438765090568966;25.938677343729754
275;5;1384.0298620529666;208.97012076489074;75.85400148306582;0.5767185972651467;0.7547161050028506;8.796045113732484;940.8642899388424;1167.7819446993797;0.3346256769890521;535.0283247957271;0.417372464324233;775.7972848603666;0.4000335823582419;0.3387609329703896;8.697977552016512;41.76264625212974
276;1;1078.9356730101517;69.21439523634413;80.09910750821125;0.6294199930361176;0.7902547015666783;8.425121809598823;655.3003355338158;974.7934052889441;0.333654463504953;409.23936332958317;0.3842688572013908;490.5640394852373;0.27628437852670584;0.47633954811858936;8.084620334290967;35.04383425075084
276;2;2608.992473379066;229.66328773652947;75.20950666402324;0.5857760803637829;0.8098750582527118;8.766278764511341;1545.9357535169925;2173.0277574573634;0.5063205998398806;601.7731151302576;0.42549585062977635;1330.3004454078678;0.4941088931872436;0.38928428418958155;5.213967265490621;45.662698207544764
276;3;1828.503596595561;147.18680939074957;78.90614237491415;0.592382157739983;1.2091446648019821;8.536293526916353;1073.3944228659755;1506.0907114226254;0.28351651187144544;561.8446564020161;0.3995919441677122;792.2909582141604;0.3718328694456894;0.5054933402410021;7.668666877441307;41.171553037523644
276;4;960.851756635073;114.9703122544457;79.39695808530048;0.5615035098943358;0.8199222889900436;8.475872221345659;557.3565400475179;793.5621960200286;0.3328780840355166;459.0638715517968;0.43898699904413396;491.04650710542643;0.2865548379158844;0.5333200287248505;7.453566818019895;34.490382083144766
276;5;1487.2909254839815;128.10269433977837;80.12731703811653;0.6007541132467579;0.9969285921638893;7.9527963651742475;1030.8877328707028;1251.18577282635;0.2574942440028798;488.47254643513725;0.3865608768310708;631.7268643878537;0.3471339917419803;0.5188666742448389;8.274047744299013;27.36146722674122
277;1;1928.4214726676985;132.01523099125362;79.59118395273538;0.5127194058480344;1.0356210095867968;8.724976094171437;1190.241207772716;1560.4219530669181;0.7836057875359146;543.5286554020062;0.48931245176842464;763.0101933830691;0.3478029913391776;0.31957434462813916;5.687050971046608;38.66138867327481
277;2;1971.0379147899325;163.16688839953844;82.22453481779378;0.49289182468054177;1.1209821204017765;9.11235878101324;1138.4196248223834;1719.4067612307888;1.0116249080017503;497.7585688483284;0.5099073598907906;831.7137605643302;0.3070644853032302;0.30602243869775836;5.238947298060384;29.768362368367256
277;3;784.5822278489625;54.43920585092649;83.82032355448207;0.5022153770093264;1.0704167652104861;9.028647565811472;438.986536446721;685.5791450682325;0.9606821481046393;341.8683640482996;0.4895662347571244;415.54339428448804;0.28205325246236407;0.2744988147625564;5.0836846693021;25.41561080853765
277;4;1708.6240902708576;140.31129116489925;82.89476228215739;0.5189724078821174;1.1336822210350064;8.747767927944336;948.9293882133779;1471.9125831024808;0.9641732336846197;523.6417725757861;0.4756284272964034;685.4770217379265;0.3060641348714176;0.29065021244784184;5.9650460769790605;28.27884247202698
277;5;1863.2775830803696;152.63952191134874;80.14539858681279;0.46018066753366754;1.1014134516981164;8.285003023013365;982.4335032119928;1622.167208317577;0.7489288878683156;524.331353497784;0.5397145117856837;675.9135165628991;0.34116754844573693;0.32812741429451037;5.025272283637216;27.881824758736126
278;1;539.5223287593209;38.74260743992013;76.39782517176998;0.5458316559711535;1.1276642962039676;8.357769419286424;329.3150521997341;512.5445698561116;0.574542328730865;234.69219720687735;0.4414398429975329;248.70888786439033;0.2836893178418474;0.41208614453676856;5.4032263993385445;37.32678081241555
278;2;1858.6639990520544;74.57770204211653;80.59411691494215;0.5062814535537143;1.163115052681467;7.782559141775935;854.5192632418248;1572.9849140670747;0.35157060968209347;444.1480564087344;0.48430798084525556;488.4718860675641;0.2973591380295228;0.4620735397239751;5.483804470244864;25.86164650812144
278;3;724.0601177654884;46.96171975802054;80.56166083709944;0.6172226702914321;1.0265804766938675;7.930062495141807;420.005680500948;664.2052516339193;0.3218862612682858;343.464247106192;0.38729319735713597;218.29462872497632;0.282388905296121;0.4856685368779533;6.5118988822507164;25.59414355233083
278;4;611.6798943570953;53.464238377179825;83.41337155373776;0.589990344957305;0.9745543973112188;7.732048590822243;387.185753961538;568.7565486337579;0.37233232101898517;267.89433034531515;0.4252829106173741;277.2003102579709;0.2801609753970814;0.3961802876133372;6.117146896332763;24.553775962623273
278;5;424.90513121953444;39.873487615670214;81.65358598299464;0.6105098242955956;0.8623091808160944;9.164749038579378;299.84211816549777;379.5108696999361;0.6961068540227593;174.8112338882012;0.3845931879508149;205.68527155244996;0.254706034413179;0.45569591828862416;8.653892610098168;31.876716563156656
278;6;1028.914754501656;78.78938189022541;79.67999873330598;0.5320065315112155;1.4239040426605025;7.591053215002974;566.152398953543;949.3594576435157;0.3393473911161685;459.7091010126908;0.4704219208263656;474.9361369695243;0.3035011704032872;0.4825058694084955;6.904890264585992;35.02103630973509
279;1;781.2999137725127;48.7513824467926;80.08413693742646;0.5628787795382869;1.0237987787524947;8.525660616179374;493.96788417196285;690.9140906254866;0.7011120720298921;325.09347689450686;0.461478242348764;328.7164577148742;0.2746093184959766;0.3445147114065823;6.0362371933165875;28.63848391794249
279;2;695.2748599845343;43.1100125267637;79.31586695025764;0.5486954220425182;0.9996362566687683;8.256426252481075;376.7875683091295;598.9898799168349;0.7640092949334225;267.7814263016919;0.4463216207933267;232.15520257113403;0.3291005572342729;0.3648213643002706;4.981291697532251;30.930979423117943
279;3;1074.9677093007467;70.65862552342978;79.7655138449896;0.5339004149723946;1.0410322009824946;8.581699312666599;644.128201574802;936.6240384151631;0.8126011034995848;421.521148181088;0.4707805475462714;473.2265334651394;0.3084454850294176;0.3412628218332417;5.408217324728546;32.21243424279471
279;4;797.6700484648927;47.17417423417033;80.04744836908047;0.5326108536604237;0.9395688252662324;8.795347022160113;466.84691166136975;714.9263938837425;0.7629309546880193;333.5470856465986;0.478144764076955;334.0422162846594;0.30085006637249656;0.24948124688439222;5.30592441448132;31.76478566274272
279;5;967.4157826483129;56.460355054225104;79.60754991906695;0.5607597665099404;1.05870608982514;8.514812241498356;610.4724295593103;948.0614218672376;0.7326114259665847;371.87178449192044;0.44177864903635333;460.47895686187144;0.3090631530619838;0.2593867475567284;4.86245933927909;30.0890297973318
279;6;855.7119045763859;56.29584455935463;79.93635621434255;0.5414526038055503;1.0726362656670902;8.410140123199096;525.866148426738;876.2748829194024;0.7679011912305604;406.13519715747896;0.4474874350449292;391.75966531379913;0.31573237378855695;0.339603056797156;5.170814909447568;28.849691198828513
280;1;599.7862914650206;50.589217977204946;77.6933311274229;0.5510933443487882;1.0233363408399876;9.966273518828597;388.9296499489069;592.555244006147;0.9550303049246323;238.9711017166136;0.4591912739506788;287.5728907935878;0.28222700196498485;0.3284175220483039;5.016256135887346;36.38615765877836
280;2;1098.1614843702514;59.42103325442135;77.6433811513803;0.5434245989710529;1.1807311573210488;9.109806530467946;626.9383001443715;990.1435332556013;0.9277070945923134;432.5288178765515;0.467185732309769;481.07161995244553;0.333205264465167;0.3275820616396794;5.032995584127532;35.017348029565284
280;3;1210.0899542459122;103.00694757739083;78.32241624007689;0.5019340230078101;1.4498150779080452;9.407281546710335;742.3418112603676;1131.5743821734907;1.2044618141490713;525.5503012942752;0.49515135314821757;599.8090714861032;0.31318451572194933;0.36880882251932434;5.169259493718726;37.31351713608519
280;4;640.5297242783392;40.43176637040888;80.4708308061799;0.5867303999820402;0.9703382976384084;8.568961072266532;411.6031566431791;597.0279615147814;0.7595374767345374;267.07746957279545;0.4095563908443488;339.70237121042715;0.2689094158513302;0.37050684291565206;5.963245333148739;34.55270470548621
280;5;1222.3383971040844;66.74620274056532;82.05285190043959;0.4428329495866344;1.4651543569422971;8.86623530719834;606.459720876149;1184.1898074251087;0.8342868050320338;515.4310927482845;0.5563476862643132;477.3766123321245;0.3105243352635317;0.3925047250740388;5.91757120549748;28.5685740871597
280;6;2117.447343448747;185.39977648657143;77.32747247012756;0.47653746681972303;1.4580805488361313;9.353378029330823;1240.434547907702;1724.6343154416277;0.9390552414578599;622.709335334217;0.5272603960716278;759.5799652164138;0.35365816557874397;0.3671524230864984;4.9993786429312586;39.4133390845374
280;7;1175.818185479381;107.4878608458496;78.63479100080139;0.5206514066231669;1.1662907218768803;9.639221079655174;644.2479259864729;1116.9526996775528;1.0230441198824962;443.8121523093186;0.4715494923703364;648.6810979444951;0.3337075631930778;0.37751942689612045;4.862982694822312;32.515146371872795
281;1;778.8564975825485;50.93335004478013;84.31910449154542;0.5202511370451703;0.8945240040689687;9.064939248458197;383.50563081802545;658.0373263566947;0.6231921400257349;294.1554381196419;0.48160739934964725;374.9654512371765;0.2542602733884794;0.37443579483163686;5.865113971991747;27.10030075207388
281;2;1909.048959514984;159.09896407656726;80.64383551312936;0.50745043494074;0.9519354439721543;8.813093728847285;1028.0379363932966;1600.486972028118;0.6880814529883672;622.8821248842297;0.4797445038590859;751.0716915729773;0.34656506459380987;0.2772313710931802;5.759459987128626;31.179986748223932
281;3;1513.3977272352713;96.15867149216787;78.34903665813088;0.542480526776705;0.9621707212143947;8.820177139548017;816.317711363477;1301.934075099457;0.7691552263186016;458.84926908700214;0.4570645924392485;712.4568348580242;0.3410465189942186;0.23098143060164464;5.0487894588363895;41.33405496649876
281;4;494.1252614051506;40.98001900516913;81.10151563928171;0.5731607802988832;0.859333856968271;10.385160416070866;369.7044412525203;512.491785703075;0.712106807840209;218.91911305692017;0.4251031519475715;247.1116372139335;0.2370809241407682;0.24001994544095587;6.5913436904571086;29.00034656230816
281;5;769.8756011892519;96.10972443519114;83.04805515540728;0.5816764905004596;0.971962287885119;9.760706974173615;455.3327112275672;672.8254092700544;0.700599680131368;400.91567000858487;0.43440196560106864;460.229955523141;0.2962359758936699;0.3697327992980492;5.881640294460942;25.14021133334983
281;6;1376.970710332897;110.06884258698797;77.29331660608945;0.580128181255375;0.6884006546870768;8.718795978717878;824.8683240739265;1280.5284230346635;0.7899492060704785;457.10910340427256;0.41870995078657414;598.3486462623731;0.31862344270686693;0.35998485483825027;4.864835885104168;33.47201062253005
282;1;519.1819380520207;38.5888168537733;78.9260275416743;0.5852123674222408;0.7559349008704724;9.269988789935226;329.93439445875964;482.95122563763107;0.9777023087800776;192.44029030946234;0.41291986343345166;345.61327927018255;0.3078079618138227;0.37598849692830094;4.992562679147349;33.15209345947027
282;2;731.9854945689107;53.6432438423868;82.69326004833293;0.56227435839339;0.7564162110842023;9.455296722029082;402.63441073800016;621.261245852407;1.0071337814625958;308.7453444551162;0.44338861867235757;343.38993303373076;0.2761171475301287;0.39909663414827085;7.300314070267515;32.0989443770897
282;3;1297.8734973284604;115.12177270826747;69.65137012913118;0.6076669002765906;0.9212030347939124;9.461811904091418;846.7063374988438;1204.39463099481;1.1616136562064352;454.1239935636456;0.39615958853801847;808.6043244159954;0.40883080678098643;0.3124140385517267;4.748959285534617;52.73904872352001
282;4;433.50941660194593;40.34643700923268;81.59463415713702;0.5399414149842299;0.9897563487910587;9.252027220638741;310.4273832737532;447.7155676487319;1.0173497261653928;201.6585970375579;0.45747976353999353;271.1533029767302;0.24048982132703453;0.4294104668880425;5.124519192737933;36.43186731213532
282;5;571.7053954351352;43.76813553670587;81.11207415084627;0.5484317841273338;1.007779988394923;9.370430879081134;386.5118416989099;556.6323038951103;1.0631015463298938;239.92891680817328;0.44536358891660915;403.9823021235492;0.2932646194377711;0.35857172068613435;5.186433118167308;31.7947536222675
283;1;490.95155382487064;52.13979195602187;84.78409805727404;0.5466839777661238;0.9580323730348274;10.441634871040412;300.56560088930587;464.70379912688526;0.7277355388526463;233.88507215142678;0.4525477525130677;284.8820142313728;0.2445851894103576;0.4564044947953608;5.095367466405955;26.77791368579372
283;2;985.8626715423014;69.86995416309934;81.59953911419633;0.5231980192208878;1.0539538224327984;10.284716074396762;556.3363393739813;881.7057734274304;1.0247411620547389;493.4557923721977;0.48913008180257106;362.6973088834869;0.3101870113413605;0.4022861382736454;5.024828306436816;31.039277069077446
283;3;1840.8545991586243;81.29175501167293;84.37987413370251;0.548659230152311;1.5929796031000212;10.119454993720664;896.1024677670259;1734.7160956858822;0.7657980542906246;498.9293445649419;0.44259312530303796;410.79139635644424;0.2802655891749494;0.3996922519356303;5.381485606490048;26.88340065789375
283;4;494.2397124479306;54.75373100554948;83.70019073556088;0.5683512292121339;0.9248096987863568;9.729367601902275;312.3243993418297;467.15626005806087;0.6648878351036663;285.8384676118193;0.43118420798003726;306.89090458403297;0.2651502107093304;0.4210484200738037;5.358889792748898;28.735022736895687
283;5;716.9449587549739;68.14674047334778;83.53864724955517;0.5408281070838371;1.0274700645546433;10.441858024440334;418.99531203146194;652.0267002036587;0.752224889454792;408.2378848439634;0.4565653586532265;316.08783174724636;0.2553104493356772;0.38271415168803796;5.141706328149874;30.48806848745356
284;1;468.4869168301073;42.38700744816317;84.29301536125293;0.5152840291170344;0.7751605170298611;9.604807725680912;304.5270224044063;431.8307172105948;0.7235795842774507;193.88891439983968;0.48350871468817963;235.46308165524226;0.2726056225639652;0.24426329514656409;5.535840588186207;31.663418861720842
284;2;1550.962397681626;121.46766347043707;84.31394900815246;0.5134559081732152;1.68977409823505;8.427703042104053;909.5628580713842;1433.4773486411455;0.7777420051803584;696.7915637397216;0.48978671158203324;636.6107071522902;0.33427602284345814;0.29879145591881234;5.549261188886493;30.552556454267684
284;3;1860.2913840153094;128.17007295525417;84.31540489694999;0.5213237709487573;1.6555562197662355;8.891219947895957;996.5133037729049;1564.3656270564804;0.6811420288569328;979.2829808550683;0.4623001964433161;747.8336291992897;0.33517632635865396;0.4217806105019586;5.449986525259818;26.592388646376794
284;4;1338.1622753525983;175.19772856170104;84.0247873222469;0.5200066561559523;1.4466393840777283;8.512250182696725;768.3185492308817;1167.5792400126825;0.7335154448084489;727.2042020535949;0.4772338266486165;752.5103774953491;0.3603509941638317;0.34083966389222814;5.341233398643081;32.262809658223816
284;5;974.6792820633679;68.69265394400202;79.88647870251657;0.5318323438249998;1.0858161658068552;8.86444124786921;549.751722913433;889.0856769695956;0.7913374150433494;434.9254712057654;0.46209680800297287;349.1733797618864;0.28131745893800436;0.3039275513503489;5.14412980157736;39.19639632974451
284;6;2107.7376647540286;178.47002388485726;83.66625071051676;0.4602284211669829;1.7336265987198518;9.194281517638544;1209.2750415931084;1840.6147044643524;0.7748966453266097;764.0219976745624;0.53901525175672;875.3010720570092;0.3814805816179668;0.33738582528717376;5.11303073581151;26.824961577322536
284;7;959.7323006238256;91.03359047668908;83.97090404176578;0.5852999023060348;1.5729417619712074;7.73485428481601;506.72695672194664;951.8654460239164;0.5990748435786692;512.9085189103706;0.4245842574627535;344.9209635195139;0.29038480948829415;0.4599345238183558;5.160760643014573;27.090934575864807
285;1;396.6085896152909;40.15154993223061;83.67615384866741;0.562599059905473;1.1196676764342979;8.9169509828112;246.05153352820463;354.03525644012257;0.6701190349118172;166.64424059860409;0.45209864109431963;206.51444631959185;0.21326868571374596;0.2300329800320742;4.981161228682473;27.84830174104978
285;2;473.51861963781704;46.09791666365534;83.97261085208135;0.49489791525324334;1.0732460900927436;8.63425008561986;278.3288122858553;385.0201387014648;0.7257018056359289;203.86569440476092;0.49843987338274276;314.30403361608705;0.2457365779145728;0.25385108019239505;5.1501121067463025;27.533106379740165
285;3;1768.403336307066;104.05447494167521;82.33276477768918;0.49184208607698865;1.214735719547445;8.13003319925762;904.0349486063106;1648.5694871650423;0.692351793421378;502.0047830279773;0.506395721380123;671.2964584386766;0.3210187886393215;0.3334680740911475;5.316274559653156;25.287142185993936
285;4;1807.6112568355575;111.20546955002717;82.82278418291993;0.4693839282558851;1.2858147302983516;7.863748555612602;953.2794000313085;1688.4457867510057;0.6683051334842791;598.2630686705736;0.5259345331995252;714.4330806425736;0.3263577094850947;0.31617282682420406;5.139733297797334;31.67228693658636
285;5;1033.900975402068;105.88560447527725;84.38036146034541;0.5097372404066344;1.2573404787637275;8.153288305249578;664.7693775765396;968.2676852084068;0.6674511939889932;450.48258069139945;0.48631456589704697;547.1338587858993;0.27139458439671954;0.302117566056406;6.021314345446293;27.513595607829558
285;6;1319.4709545239266;68.82516109203118;83.84235929720555;0.49036037292504636;1.128590066911708;8.298865777376983;777.6873986424545;1239.8791001058287;0.7738876311576633;445.5194356144725;0.5096588049609913;476.8429173255097;0.30088690598851703;0.25960072421554403;5.284538222398403;28.570551445995065
286;1;2408.987528773637;144.3475717428899;83.43092881793386;0.5164651009781025;1.376876710367767;8.931507590111087;1222.6290481274202;2068.87875985617;0.7042152031453123;950.0063060065987;0.4833891046116522;862.9293687109271;0.3568789021887654;0.36117446116074353;5.300820194947891;25.075164397494873
286;2;1171.7017578004109;81.56693837318713;86.00679915633896;0.5090924943215946;1.3014698311954311;10.03084936682921;644.2229426460206;1095.3094953406546;0.7272576285357438;471.1178041898437;0.49416488130024133;413.06634585885274;0.3043974896738022;0.37089254225702867;5.152657696029816;23.02300493093575
286;3;996.8871714539448;79.93150714469007;85.56795017692956;0.545848701018161;0.987212272204553;10.081523074983409;617.2495177559492;908.376827686616;0.7619420581376951;398.6983073022951;0.45466041244732003;373.5412893946104;0.26527201074911677;0.3640808364795777;5.50096016416432;23.674390979400595
286;4;516.5301467518624;54.98745641321434;86.55989392015424;0.5778849921405322;1.0950183333105858;10.30427206635303;334.34238584705446;497.8002148665192;0.8271971535575029;238.73391721078835;0.43594675986113535;291.5420721968424;0.22865796166708904;0.3341800130367886;5.5350476809521725;23.93371808792196
286;5;706.2236525843297;52.34821733266179;85.67187590417687;0.5581421850436608;1.1224809556156148;9.168331999741278;395.71323463564653;663.9948618080318;0.6758174944768988;343.43447830002276;0.44010886258663795;292.07548473067914;0.24464778697389977;0.33424900357364284;5.411227287214064;23.760621073229476
286;6;902.6759135227264;66.56600543666033;85.61675356603143;0.5284756247588251;0.9849973743379924;9.564624622517176;519.152275360696;770.4146016664481;0.7096937553812471;395.92632482548834;0.4634978957494672;393.89045465776604;0.26282990790241384;0.4109372053874789;6.091339896282899;22.850375268436082
287;1;801.1962624631316;74.13471450090923;78.73130327629895;0.6044560242256428;0.9459607198569933;9.448606573167256;506.51028520961523;720.4411734892835;1.3133443086639731;379.2738599476017;0.39840298695898213;450.22672712630754;0.3052588921948398;0.39520107323432735;5.131735325931055;31.60594256477725
287;2;784.6313144100618;60.67675128708438;80.32335292023531;0.5629579187348309;0.9046337121833723;9.322771343075038;407.9793147870153;709.476393668972;1.3288369563603888;355.9251103051952;0.43889999595431284;356.4346303778777;0.2756385747064594;0.3808645218423707;5.468411995921708;29.257461576638594
287;3;438.0108060261269;38.58992960455731;81.21290113568364;0.5705686675584356;0.8929896735386986;9.449912697397703;325.7345143898971;423.45315965701104;1.085638832748769;186.0607210187457;0.4364228840941752;236.03974810291692;0.2747735417757386;0.35417586484748925;5.155057860851554;38.04139872312623
287;4;874.235760793136;92.45983436103732;79.14625313500798;0.602654525264868;0.8070628204125854;9.485317957423598;501.46232056126047;741.3472682644882;1.314101919707428;349.27078775354886;0.3960310242280453;501.00618035772146;0.34211882089184925;0.33875339751915673;5.270511496716613;30.907671475403635
287;5;391.75627552499003;37.917958097657745;81.05059249280667;0.5699155068210962;0.8452472324204697;9.277598084305849;247.4550207319953;346.2034843993562;0.9677950567532821;156.0165794326823;0.4233717773082896;188.71379792735377;0.3118686128111519;0.35806648306664507;5.000229234494023;30.599873457744692
287;6;1022.6833759513474;50.16007699525699;78.17284254899121;0.6071431767012256;0.9146909286938603;9.550423625530488;541.7505199219747;911.0178576432696;1.0909617104208233;359.28291386630025;0.3984904981451743;361.47350675718684;0.315995309859599;0.3264606978634829;5.00689763150833;37.89272863680002
288;1;366.48864075829516;28.838923876057752;83.70975465329742;0.6289286603506017;0.9104572649585065;9.481903378608381;223.80900483433982;313.29932725700945;0.7328244061364089;146.35360298383694;0.36784422811364964;186.43480920915664;0.24182352728723194;0.3464545366349154;6.1741625768123924;23.645493233926885
288;2;365.89715167965915;29.607073671230292;82.53888461395105;0.6194864978395304;0.8689280049750203;9.210838992309466;234.73779371214457;325.9793199470559;0.7106412665647904;137.6700431359066;0.39165880280167725;231.5129130308242;0.2651205699023136;0.3348882240012627;6.391900693298206;28.152441462400944
288;3;667.5209930031981;40.75699492940032;79.98382170454799;0.5650194102070746;0.861294985330786;9.190028778583219;433.1764976105091;601.6555732626853;0.7009012594903854;303.8302605385643;0.4364490718982954;389.7806367760394;0.2806915179486895;0.33367661660771825;5.797904897070896;32.73725745706104
288;4;327.514055817917;29.54980047481301;81.92948554363032;0.6272927393859257;0.9208963974550686;9.624315072172124;246.70465755150133;346.0187454085466;0.8461573870226983;143.65335839523024;0.37249964968919935;226.73296015179287;0.2555065809854729;0.36097308629326946;5.482968547042827;28.80551773737721
288;5;679.3900489038997;40.55643117866453;80.02018440132453;0.5856373039817407;0.8659315709880745;8.81944017901541;437.82579301715276;654.2961967513573;0.6719802839442218;296.57162358906265;0.4180348253817783;285.1161980314129;0.2986948787370007;0.30259687167487526;6.381627823947314;29.2101274681124
289;1;875.0709878988602;77.77701473915154;84.7152030559642;0.5122250839328958;1.074487393389509;8.746996007982869;538.0939240013705;837.620934737483;0.5807246525649464;392.2724811063806;0.488164901698429;506.42177944474446;0.2902273431493725;0.3060868958236326;6.31938910702321;27.815264989248767
289;2;1991.48544980215;151.87672894870934;78.56795339618446;0.5507701048381047;0.8635938977461526;10.039894543136175;1098.7460603964876;1687.5308303794227;0.7948655667111386;560.7638926169046;0.4415149611282029;935.0855361322243;0.39216707946449764;0.26653325481795903;4.924126961072236;39.388461779838394
289;3;1129.815557337133;71.72123393977952;80.88728718767085;0.510875674424521;1.1446281844648645;9.302662010255528;597.3975444084007;1034.4920244272805;0.6915465684399525;548.006066558809;0.4931569929849872;449.5364241588592;0.3502950475758017;0.23096093395672973;5.097435049847452;32.538484223051654
289;4;1725.4023219099763;150.27706393344647;77.94521424571217;0.5540375706016631;0.9202071221364337;9.02380527905924;1090.6180572782032;1544.861823907072;0.8366067196700097;461.91982389930604;0.44189218756923937;847.549310083592;0.3469093314592985;0.27243083105855326;4.792177448367687;36.06773874587694
289;5;1618.2516886548408;115.94564546716857;78.60646727921272;0.5555968137667272;0.9123604883759113;9.565502052587876;869.2956673574183;1452.5425068749564;0.8126471382671411;461.9766458483503;0.4519487216722392;733.4152287467739;0.3375443102334117;0.3236327854306946;4.799908554047438;33.190486648758515
290;1;412.7877006075207;38.506839065145044;75.45051114595425;0.5895878478253734;0.8031383047469506;8.663179116722649;239.69957256679808;355.59113132371726;0.7919409699747235;163.74950674990532;0.4144038288144955;202.9802871961254;0.3064640673278125;0.3436447180788459;4.893727548619943;43.6777008907238
290;2;786.493700708156;62.91034390246693;82.78637971044886;0.5333080399784484;0.8659573631025222;9.20766528569387;407.0521939574335;690.7080281365504;0.9427836540830896;351.032943519114;0.4571849635584654;466.516261513794;0.2849290692739328;0.34767254374385187;5.1000155826248665;35.085288733467806
290;3;861.789085745472;116.63309345602894;74.45458383781227;0.6219938482728096;0.8325331775951595;9.18023365994781;581.4791554270502;814.0243952965674;0.9754745108614546;390.6906613461141;0.3940550624118323;475.995104164367;0.3401600086629998;0.3488485367095698;4.775617926625395;45.166310095896016
290;4;1841.4496394242938;146.82405399855236;76.97414858792462;0.5876168771698123;0.8945994701650964;9.108610481633765;942.9071440805445;1609.120982044424;1.0292944825680053;475.7064339884175;0.4099456316313841;766.2126459507796;0.38238173456693964;0.3406566011100298;4.862247808992829;34.664345967207844
290;5;418.5157750408026;34.038222564801515;75.57557725197634;0.6245896952647358;0.731492690960572;8.590148657583201;259.3909494269295;389.83879746639855;0.7370583910061022;178.5882968173711;0.38072634859358745;200.6789057295104;0.2999163304973539;0.3066339402426415;5.210659390542312;43.9621646006437
291;1;1375.2201922664485;60.246585583893314;82.49740807513625;0.5615290403068864;0.9921875050775376;9.966844794242142;763.7621171717952;1262.2523976155776;0.8315007913387389;398.49713335861946;0.435601877479726;599.7077812966924;0.29653983623640484;0.38627596184872404;5.762972668710619;30.917469406007434
291;2;682.5369434832177;35.28036945874697;84.05582615152683;0.5304106242219637;0.9522430552379179;10.420627733364697;376.08799274202977;616.9064049258529;0.8622186852858166;280.1872039272095;0.46981450957650517;309.72490396468396;0.2779909423771683;0.32514251505926767;5.360642729872207;27.613554235283665
291;3;422.4018614787274;33.332276068555764;83.81636198142706;0.5551954666131824;1.093482770041945;10.55086439536726;263.81991642991153;378.57495518639763;0.7683467716629075;172.39011757507924;0.43578832493100245;224.5639657308445;0.22313217658750223;0.36649245956759385;5.8765096600064;26.974991554263216
291;4;433.7223428767272;39.44135675162879;84.29563835839949;0.5627050402740912;0.9323156649983859;9.8457000193662;281.50402926116317;386.7088760082661;0.7656556412931873;183.240437823296;0.435168715355994;274.6402670992623;0.24066452081522233;0.33659829065097796;6.260910204072006;29.23571012759133
291;5;346.68862167171704;29.5712488579017;84.49808102833545;0.5716800800105685;0.9269725110634094;10.322377692631127;196.97711635195134;296.67146299116035;0.6945263405797413;146.896718854779;0.42351980820805657;191.13009834624714;0.21502187432728015;0.3732412084963972;5.741547923614641;31.402591458947096
291;6;361.48796323990035;31.4018594902895;84.52414922542943;0.5470159670801997;0.8728885005601507;10.057415738188446;210.12637351189625;297.7622944270721;0.6326352733283712;150.52245721669632;0.46042263836478875;220.3056493732512;0.24372358183903053;0.31729887340595675;6.8955492482834835;29.29408603209215
291;7;669.6691401974506;41.681393681674464;82.2612393098466;0.5945983373301297;0.8882293538765047;9.456865070548076;368.5537186547878;556.9341982887664;0.7384883207319701;255.069563436981;0.396920947202725;376.0647555457469;0.2992781351861916;0.4067544390413922;7.553038663869873;36.00608152400976
292;1;409.0056964620315;35.98663711832552;85.3600906127947;0.5321831068292536;0.9385833270101671;9.988275538375039;268.3704719922561;379.03170976018185;0.7043674211284281;176.9001033008025;0.47084266073249026;236.882082243903;0.25466368272503215;0.28335321848388895;4.994439423472516;25.608858943708555
292;2;827.5096963594634;57.786056989122805;84.88804463752545;0.5730472267765588;1.0594713402239349;10.01858627064162;436.3047388422994;735.4093406218494;0.7936755275366555;357.25369738143604;0.44859298154059607;327.19111131134224;0.262117055390384;0.3488408802867693;5.182056384538284;26.673541621806017
292;3;1742.6530956141041;179.1261668955275;82.98776517357577;0.47025525151960373;1.4334864922557737;9.876637509973422;970.3118029142913;1604.310470066147;0.7473156005077448;605.3953867019331;0.5344255235565067;708.3302840031079;0.33585805042020717;0.3567470007420949;6.312177353740428;23.80067864613013
292;4;501.5183095491543;48.677550062903535;78.88985419050034;0.5618789193074331;0.9297370211443793;9.527306450920126;338.3970174001019;439.0048063011469;0.7998367062625773;272.82502228344833;0.4454209282778476;229.57523809481086;0.26556304233373057;0.348766072764876;5.167083029769424;34.19081330883738
292;5;1927.4721595108515;168.64178793520412;83.58090096297694;0.5223827956156434;1.4181921604868128;9.12682711139046;1096.249259050338;1646.0794410672454;0.7072789391720332;555.9767521192211;0.47383241215711486;572.0349839237199;0.31256719179889314;0.3464167647994809;6.199311516126864;24.83133711116576
292;6;725.9770318923328;50.39572302077054;81.29835533070931;0.5380251039269446;1.2038735013570319;9.75739726268949;450.43788918773635;674.7103598850402;0.7740936743357005;344.9973438705094;0.4627969485359542;383.6706076269236;0.3148101072766928;0.3501490759117434;5.092117446433402;24.7583886794725
293;1;411.9014742015412;41.8501588712755;85.17619583562343;0.558793785069108;0.9677325331517278;10.89458840068141;258.93049697078663;376.4028104625562;0.863604196578004;155.62276382242973;0.4470945591997076;256.83594456823494;0.2536314478178838;0.3254493941570179;4.9710025621372775;24.69384446119893
293;2;492.0021518414627;46.41242050125843;85.04053275368629;0.5438205306389294;1.119738463218473;10.669960353614579;329.4364945851481;473.7883533857826;0.9151091803711925;245.45860827949335;0.46684243496226463;288.0574909449548;0.2743645373215409;0.4163710934227286;5.16595980775671;25.05109235637956
293;3;1041.3781051591668;79.90645116122741;84.97563034237918;0.4950298717869892;1.3405172755976578;10.540873978635561;542.5012790179248;1001.1522661911824;0.8421268940959934;493.76312436925343;0.50201100075135;375.2471629185731;0.3103533755625389;0.3322313897983975;4.926385163697163;23.383402872046087
293;4;1149.3397284813689;144.8914439287371;84.222086919132;0.5317669771052382;1.3001584081960185;10.597327432406498;627.7297049567738;1097.287399569345;0.837663533437182;476.8994796400852;0.45424229907764496;413.95832961345593;0.31269199791532964;0.35046315297438374;5.372538280471723;23.246288066633664
293;5;839.2660087269039;75.15665982680999;84.74205843812146;0.5551843439392142;1.1322215622979364;10.648206515220012;512.3427229171298;713.1925581095211;0.8508683352251082;352.8169338703519;0.42911747268528183;488.8242524665522;0.28534295367796486;0.37132341812668385;5.7627528970249955;26.386646886005835
294;1;474.634091626324;44.777843539123985;84.15538612469291;0.545579422457734;1.0591003420413725;9.97272001229971;296.49504166001265;451.93819301886725;0.8435764926094173;176.5645551312678;0.45683669476795524;232.0675458694708;0.23852620709268993;0.2886956993960915;4.7438661511716536;24.804955664179175
294;2;655.414345289514;55.93368782902319;83.24035927540581;0.5610823377303169;0.9301985187219691;9.608656951677872;377.723391994296;577.2449991765707;0.9412978264048314;280.08141509692473;0.4356124151120075;291.3539864049082;0.2750554384896931;0.323543879865521;5.19221452375556;26.855498850087674
294;3;1850.2156567607008;183.08967497065035;80.49236215006692;0.5966650127586398;1.288108800657004;9.597896213646962;892.7537612769695;1700.9306370450888;0.8799625006354087;672.23514602509;0.407713499752526;699.4272144064074;0.3807353056512289;0.346062805456117;5.259168317622254;27.162235584167547
294;4;862.867721512236;129.40464303475363;84.45701509637841;0.5659631298307994;1.2849834548686936;9.76981536569266;476.29034097675657;763.5217963502129;0.8155779935866669;459.4596039671287;0.44013248293436574;396.28542491542464;0.2926162110612044;0.2938464272641767;5.305539903806964;27.46733009184653
294;5;538.3532160516951;48.604519895642994;82.52920005055901;0.5627260683299723;1.001113713008253;9.579512143339544;324.1188933676043;526.0826216100711;1.077651333489106;247.49356813768688;0.4258048590437501;308.55857149806496;0.2771933979143773;0.3449807923699686;5.030689304651238;26.754802677501868
295;1;1242.1180678301287;136.43465754773266;81.83677840040241;0.5870813097339002;1.3021465660485307;9.316460946585055;735.4274854314029;1184.512561853888;0.6127064545205705;445.87088700125304;0.404789389451676;421.03685743986347;0.29871497910041667;0.37840680834444823;5.121307660457293;33.94786099821496
295;2;690.9702751153184;47.7718460080018;83.01990480821236;0.5759293508335458;0.9774985914312108;10.323539398401318;448.81078362013506;655.5605051873483;0.700095974717233;282.0237444575379;0.4118829838626516;284.2355144163889;0.2685934206310611;0.31633889692708367;6.784566322480105;32.255406912239216
295;3;633.3120851712118;52.38778427397866;83.89794593001584;0.5828756542216604;0.9242146838263712;9.755684145197604;408.59132647646226;611.1880629988883;0.6608118492708148;296.545768054642;0.4082765913117893;278.4116624322913;0.23976998322644416;0.4796217196932443;6.174084558932135;28.64005556700613
295;4;520.1190410306186;41.32340455925466;78.91060449270599;0.616508815251249;0.8167637560753628;10.017241758073803;370.4002352545966;537.042634021279;0.7454188453943299;228.64591915593658;0.3761489862975163;302.1189718454986;0.2758691960040384;0.3413881589051412;6.907832066204619;38.60697380896206
295;5;786.2237244984566;52.072168832247215;83.26284563526376;0.5424736296905062;0.812748381007161;10.34163868856886;401.2712848057077;625.652959735556;0.7649720676554718;280.28969424769133;0.44369230848960867;323.0625009720079;0.278779248045567;0.37079456523188137;5.254071217386753;30.537132504414352
296;1;359.481949840903;31.003983656879296;82.51894687736305;0.6038320332775232;0.8247280313347579;9.028565148511914;228.14296711262133;322.30573712042496;0.6231828207775884;136.67462753029758;0.4060267722799287;219.59536052103564;0.19790532692906393;0.26668274248443713;6.523941021880358;31.21577033422596
296;2;405.9086061442979;31.06620223931083;83.96849346727412;0.5752139251024695;0.9116263884116343;9.75856686121962;253.4193213462152;379.9526631006882;0.6236389229309528;151.0712622210172;0.42701668706711404;224.07940558405377;0.22920355820723176;0.22577391859960794;5.822421320465427;31.621826918757073
296;3;613.1105692215492;40.0159973933157;83.03278166909014;0.6126703242675892;0.8102790252062858;9.665554458813755;394.99945912623843;581.4670654726582;0.66751413551766;270.76006538803483;0.3920409941383939;404.81145802583296;0.26701776624217394;0.22689457823148632;7.552038967803173;36.25594449418997
296;4;402.9008995733233;34.79770993724178;80.44893406492032;0.5854379529022523;0.9129512944614973;10.124901588763887;273.6604320856632;366.2466184116277;0.7222492975194617;154.04731618246248;0.4045349499688266;207.5056711054393;0.2907620783614767;0.26049243125203314;5.3715273817982645;34.938876556334115
296;5;506.29442095054054;45.210111837495454;84.71092074481282;0.5594335721556515;0.9543535960774521;10.227913990014036;325.77402039042136;474.8677275994469;0.6511610336711258;207.83791029497456;0.44976236852682516;283.0021266378448;0.23082329466257456;0.3313916699712622;5.811651016014497;28.138426440485674
296;6;559.0680117557387;41.51042484682198;81.3768436713313;0.5560933943086944;0.9571459640943428;9.43192118719659;351.5135070151123;538.7422967654328;0.6566962017772661;232.30251724642716;0.43403612506975486;248.80005073450928;0.2719207551694343;0.2510930636180013;5.205710646279572;30.520202770813015
297;1;423.233707211945;30.669531935274055;84.72658096558506;0.5564724888944691;1.1120404619889324;10.126582114713578;271.067538738532;386.3959557395153;0.695100606091873;156.98289352740946;0.4496845023862372;243.20734268928547;0.23417837164608055;0.41067534430992864;5.358347128502382;24.15179997028828
297;2;1094.488844570199;137.07980670375588;84.59395598321191;0.4724174603122763;1.332576862008111;9.504795471049958;624.4977531720517;1112.6579729213713;0.6547121989851281;444.35893475299855;0.5209252313535431;431.0087391281093;0.29602462629608245;0.3900971788547239;5.336998944452348;26.5426341207796
297;3;883.2883237207873;77.57659377810272;83.820990621441;0.5264716740016662;1.0919520511003302;9.764683438694739;475.9896321182273;795.0978569840017;0.684637073911581;384.42020313861565;0.4597679061986789;316.08642224986596;0.27117273615549403;0.38410677724115594;5.513945078707014;26.377120800334357
297;4;1054.785298659325;113.29808088650564;85.38653516526688;0.523119815845166;1.1843926955086324;9.558816285778377;582.7912504236813;981.4270064462268;0.6826045596485266;458.82415154003576;0.4992638567885871;418.5819314230277;0.29565541616935287;0.4185507398197983;5.074888712146755;23.124809261247268
297;5;419.1571525532753;38.05157719551228;84.63115188806087;0.5804126611918448;1.0325268352740056;9.997324771593739;257.09757440488124;386.528488375211;0.695948310746251;162.8039427650356;0.4304479769595668;237.26507010710245;0.24646976690318728;0.36673916119568906;5.776458306211872;25.535650285596088
298;6;355.22652349773654;36.82993435366236;84.67678488772029;0.5329308822493596;0.9944245104216858;10.281988854367562;225.0242861358611;322.2712333757195;0.7280277691898663;165.53139393145327;0.4730814226835324;192.48347733330024;0.2071945741784096;0.35120512112633584;5.000080246268632;25.760229680521274
298;7;469.33994314427093;44.204891762174775;85.14733040521752;0.5444889030363688;0.9625613257870227;9.19324556479938;308.2839980000711;453.094864689795;0.7921258196219659;213.79197587625865;0.4590485164654819;277.04839574435323;0.24514328895938756;0.32405221808513973;4.9980600668410045;26.930059476642512
298;8;1371.0066532698445;89.08952951745405;84.35789019461531;0.5330217863579156;1.2010664969249587;10.234286447781894;749.6703396273807;1268.144665945473;0.7893279844111465;475.20095017083855;0.486097848792057;500.20661869728605;0.30945038602939356;0.3186196311748366;5.801098984054621;29.229332943259447
298;9;296.3065095547579;30.80669306200338;85.2506757309559;0.5886173491712854;1.0795171129737549;10.40247843780888;192.59344539724444;277.83112762907984;0.8140407337223347;150.0690978305455;0.39517864060123054;181.2492988424028;0.2262302368008409;0.4517904681116341;5.143022796304979;28.098022749472694
298;10;501.18159092777915;49.76773304017702;84.74718864678228;0.5056800068018971;0.9710227841695629;9.872223904545917;306.5542258640117;445.2752150572794;0.8059309010823095;222.34332275922293;0.49871859454349265;248.2649827414725;0.2449903420656683;0.2981334303041398;4.849126068779491;29.661418802185338
298;11;882.459174213263;49.94776824955495;83.57450969585479;0.517303861010822;0.9540345975811255;9.658331794277045;473.95603649591135;808.0067721631676;0.825017224202455;313.8542150151927;0.49822529413581196;384.518318231519;0.2507669061195733;0.353557368909794;6.450492800672506;28.520008918103198
299;1;551.6266785792423;43.43661369786807;79.37847523403697;0.5906843391183545;0.7920499563703362;8.708778402892644;370.66079164545243;543.1645121009692;0.7495466222588336;225.53790591481618;0.4130739086468928;294.9771819147113;0.2310609070590826;0.3189139859539637;4.829689811307916;36.46255399936222
299;2;1797.9232678028936;149.00531324939257;81.23400941831379;0.4837178678671147;1.1059636260707308;10.122484342078273;981.1479468470674;1540.0371787894244;0.7528298696827861;473.41287606116373;0.5140340570677912;671.5871163484055;0.32801445804847773;0.24753646347611902;4.917914946873952;39.30532940047451
299;3;464.7394113872091;39.40155410217769;83.61325625905398;0.5229284884053289;0.9653350794361154;9.858617302636745;296.98500431538474;407.0628928243035;0.7314005418225074;182.35955901698924;0.4758486277641758;269.69544694311935;0.2649758358894442;0.3392703597526639;5.878900342851905;33.586980883486596
299;4;1407.9334999002642;200.76817525489824;78.14948266057901;0.5098439037044183;1.2124751420033302;9.698098245049659;844.1905782651197;1218.5701003164322;0.9210682662930039;486.06210087912876;0.4995298775311236;770.5281811623231;0.4027376676964667;0.3267497016277372;5.15185676332396;44.65023177566816
299;5;696.7751356277689;44.802862381464344;79.37567984080754;0.5645574461237842;0.9595483016509826;9.014417502227424;399.2677564477151;629.2455169068659;0.9384330411299993;280.57055198697134;0.4396114238995913;394.8328160150545;0.31374297439744525;0.3561333010836205;4.64251305620227;30.547583238006816
299;6;1687.2757845658243;156.54661412591366;81.91978787713302;0.5174852340880198;0.9473272117456573;10.278334396812452;822.3436991987342;1348.1179976048747;0.8683958526836614;485.52480247902565;0.48419684626167464;727.6954238366001;0.3221405496965267;0.300103229110078;4.912768571662082;38.59711366899037
300;7;492.9395947091183;40.626997846068214;80.72597678327715;0.552208781162812;0.9538473622335631;8.824475403437633;344.69551996713307;492.2380174540247;0.775561174699358;210.72173588231632;0.45635817154693525;273.7946902379266;0.250926207316698;0.31078768969132753;5.1602756638449945;36.0331424180275
300;8;821.850186340622;44.43249978465701;84.47015308157957;0.5846275975980183;0.8539223099813572;10.176580260044895;479.8119964554;748.8179698837769;0.7452872057741682;279.87690109339553;0.4125926210712112;324.67865414732483;0.25001907994410066;0.3784602391402384;5.687292598491992;24.172973896626758
300;9;1383.3055054270258;63.70531845988687;83.69888541376632;0.5181582955623399;1.1316520839098416;9.96370942037329;693.8319072583696;1266.7845932567616;0.8311189311437739;405.3277994843613;0.4788047231843159;518.8594619253853;0.2926226072395231;0.3545665352345263;5.941676916676688;27.84742649646266
300;10;682.5695775302503;35.44730383133896;73.50204433716041;0.6072783194588611;0.881416277742606;8.81328595297051;369.111984245444;568.9322855666151;0.8935366807537783;273.6236776046885;0.3922387964138549;278.13482672565345;0.3116933732438646;0.3565568179543888;4.908500209661533;47.23476389702327
300;11;1534.0165749108914;149.45064852762607;79.26147437913613;0.5399163551074525;1.0748235341561534;8.662294063723222;854.0241967340178;1347.4494024718485;0.9292416924624;543.3771192551656;0.4571743800512103;774.7970248718915;0.3596307202035222;0.3578784541663916;5.187582945086792;36.78137993001107
300;12;809.7992809117559;58.14524261446724;82.43966180450813;0.5384934152957893;1.0199922569777267;9.772858853784966;438.87517089187145;691.1699037464392;0.9474230367760599;391.5895516668619;0.4716952678317137;472.00025725339185;0.30788428172662136;0.3770313002563789;5.428179182284952;27.906040876682304
301;1;1110.1130897239093;114.97654431914017;77.44101965644862;0.5924068184187805;0.7882921510760937;9.32846291326815;727.9797306757857;1039.6963507133646;0.8795807370652492;405.77796157797565;0.4157135949546358;633.0877622000335;0.35502355207443775;0.3327351380801209;5.005714704581437;42.56903425486369
301;2;1049.188018167269;57.744337369687436;79.36154096931692;0.5882592281639132;0.6346685074007081;9.642480821330654;622.728998889374;908.1421153823385;0.9416396802365743;361.35606314855255;0.40993363848361225;492.97395517404766;0.3342758603610887;0.3001467704257747;5.828007301702188;39.14095229313747
301;3;1137.517186240111;61.070990758541;77.81241006309807;0.5635514223292036;0.9146809463785439;8.839310005958044;741.5639781862282;1016.2855512058186;0.6845686691528035;386.80218537198425;0.4465999790995386;685.7009034076432;0.3008709836113898;0.2706501837569258;5.682419218371288;34.57053790522578
301;4;823.5187967205815;60.00151969219811;83.39117649857168;0.5559158876897062;0.6703436606548564;9.339813511281763;444.4262446206997;675.5903353456393;0.8468924754323705;372.67126975279217;0.43209931554540354;422.0956977046555;0.2583520599723896;0.2777359058333012;5.966145371654965;28.6555310673694
301;5;1396.4700884733177;66.24261975438948;81.24420376911125;0.5898644344143036;0.731511986830418;9.365920336359338;926.345681261743;1235.0756383049004;0.907212223431861;393.69005016910774;0.4123772477193963;727.1436420357161;0.33278643775917094;0.3391113751219781;4.9513682330010775;39.416956411062465
301;6;2074.446764808572;145.58180351147763;75.44553296183096;0.6181712369883061;0.661162092855866;9.06960777067342;1166.596761833767;1779.3504131531195;0.9725618824249407;509.9316514064583;0.38378450065731234;958.0560676032098;0.40358872269721346;0.31856761399063716;4.4557386891463615;47.60081831674824
302;1;307.951450272073;39.89309122597369;83.55400428185362;0.543747100594619;1.0912585644969501;9.420580288835952;186.2800871457314;251.49018755806728;0.7207685927298536;149.26146956121664;0.4604336830379348;171.05239186579303;0.2525624772950383;0.38985922384301014;6.105252826751149;28.63568161818864
302;2;345.01113932725957;31.68878556152983;83.34111752221274;0.5452188023844914;1.031354753274987;9.707581873500631;194.24381439323588;277.74476745398226;0.902403101620071;149.27016128544957;0.4491325271079362;184.28577520115493;0.2557013338743808;0.3961512657255206;6.661075216781658;33.20346126236641
302;3;322.18383635639503;30.790193430129115;83.54445402698492;0.5377199419601708;1.0276609368295928;8.71011919063049;193.69022196775552;268.2371223227546;0.8126941671709197;146.0676758075452;0.46931143998435465;199.07624051441704;0.26263312114092796;0.3349411453648543;5.432535736670241;28.155725153709046
302;4;280.79741364223304;29.480267395022512;82.94556316958722;0.5540058475647842;1.02923337210964;9.846573453392677;164.60675253498863;237.69602886868822;0.811584273637742;168.96783359033583;0.44875306138579857;193.1531048802604;0.2706656559824921;0.34256116273014336;5.429367021832157;33.514897395985784
302;5;286.0653583183044;36.948122041397376;82.9527936218594;0.5425252558662963;0.9907411559207092;10.187360822712865;177.9194493268535;255.96003173856843;0.7760176134673527;168.53623157014474;0.4399426002896372;171.32647301433374;0.2530500928741795;0.3853672473318744;5.33633554186678;27.361781850473143
303;1;410.93749275712435;36.21147035743844;82.85697986253948;0.5975527912850764;0.9996579702965562;9.987012531973466;259.37029389196846;382.33841868343023;0.8382086532361676;173.53944168827513;0.4054967636724624;202.21382682513635;0.2772028561475317;0.23393765309012443;5.169277366775486;35.17892211923042
303;2;627.244780343148;39.608388180876574;78.62650352619917;0.557862747845189;1.016000042204176;9.531919197642935;384.1253456217678;584.4632530741214;1.0299648077316645;278.0277007129111;0.46504231347613506;255.5595227102193;0.3264888681141988;0.3702088324894001;4.946070148538961;39.23605678769289
303;3;2211.3435822344795;176.9579432009201;79.21334884575622;0.5312364333520798;1.0327400797467188;9.945728432649434;1241.1850634413095;1954.562774678639;1.1569041154916517;489.62288895874525;0.4719278889894478;825.2358677125786;0.36647305167385497;0.3751965968573542;5.112217924305517;36.51237103061755
303;4;606.7750035962099;40.76460104533655;79.38630048898868;0.5772988618676003;1.0473906100389618;9.808376931846649;390.5248084479433;564.7307297468848;0.9208415069728473;284.5571649031535;0.42097735002053044;279.07700533106544;0.31183099385690743;0.3673862093243006;4.9060083606929;35.59393680983127
303;5;519.8254585935141;39.42462701053742;81.92911891021615;0.5837963148126545;1.0063316155902085;9.241473101224448;297.05933948526143;477.9634095194579;0.8176134218033901;208.70404092352067;0.4046351210618934;228.86122906708508;0.30758239197357323;0.31918085896736537;5.009894667771329;33.29161547627712
304;1;487.7929675449184;41.94472004090808;84.73038951325269;0.5821949753788939;1.0857999557699172;9.927033168152755;297.3260166395752;422.31969271929376;0.7626216241390252;200.13043479209384;0.41740115313568;261.8296253721577;0.2524690469175881;0.34041732188770263;5.281919339411465;23.19033722978881
304;2;803.2918812600453;65.76536492560989;84.39574237072925;0.50598293990918;1.236625587815877;10.284187067144353;455.97069661645367;722.9333285722928;0.8939577054701334;343.0133861255574;0.4939542880002737;357.96373803582844;0.29703689038112324;0.3533584057425406;5.186946954567746;28.017940700767504
304;3;501.23764548502726;45.23599562112862;84.26452267759946;0.4839655244643259;1.3778959213568494;9.921427893585582;336.2065081514622;458.32651996379786;0.7713827813260383;229.9189584808395;0.5124080137211581;252.31818908463626;0.24244556355328523;0.30659942014641134;5.011747980973563;28.804219745865463
304;4;751.6077819062864;70.89661520297713;84.22093102179943;0.5838753756691498;1.2190228656699147;9.994711176762433;453.5886705071643;671.2573705107887;0.7746386582747999;430.70373780275816;0.42887243024378785;329.0747420800414;0.28102934635268056;0.4081384776690278;5.66064751409692;22.134883538553627
304;5;481.66690661461826;53.74894518824287;84.72722005622137;0.5163966870884376;1.0874859088053692;9.98917501150691;337.5572298592077;475.34816266130196;0.8262638729387473;258.83328325945934;0.47278898979338124;269.3665566307658;0.25429260217699806;0.27109714947129016;5.177941305046464;25.842215547252874
305;1;1756.2782922236875;160.56102294142013;84.85171887292611;0.5035399287871661;1.3369457521066277;9.163254997816816;1006.8021314795786;1565.5073721745916;0.8192328946436861;513.9637544111766;0.5068817087922102;743.0869206014635;0.3139366091882496;0.30404883593470855;5.456235839927043;26.59741282006536
305;2;1199.906234069063;76.97188216108707;82.83549467978506;0.5182432622731467;1.0101630267321582;9.490002754424244;692.3673914559265;1096.7696296186734;0.9394006805375296;433.6168630661012;0.4829969490041217;439.95902108327726;0.3108347600468938;0.31858605882577495;5.008900676897318;28.731444896476145
305;3;765.8764152500321;49.56053921053186;83.92089454712536;0.5116355144539299;1.0603689440033128;9.626034759030707;403.146347182518;681.4494458221324;0.8208263558247727;339.8762626359588;0.48742894257691505;318.3774129437434;0.25913395284365687;0.33674656902685984;5.138623366432314;26.70705507517545
305;4;626.6854652926786;49.86634328585201;84.1265391125359;0.5766447896543417;0.8380818189503368;9.599889636409577;336.89047154612837;558.9541807745608;0.7013147488446576;274.24320312738575;0.4279285719701324;334.1484601278156;0.23742956130673765;0.354375906314578;5.606300175981783;27.817050511134052
305;5;777.050736838366;59.62881572437882;84.82255499470511;0.5618143828830213;0.8954272359939149;9.374947528486565;417.93939669903796;693.7056263602291;0.835843722235986;362.80452675213155;0.43440884518697537;375.79944710654485;0.2798343389513689;0.33934689132498475;5.157069014572212;28.856342725731967
305;6;1267.5120485188024;147.83362719306922;72.64831274461963;0.6186190973269428;0.6939746394617101;8.714133299875627;878.1830386701066;1119.6426770749995;0.9625886738273547;471.3796107845638;0.3840774697485383;846.9151119048429;0.4846403095951106;0.3366180921973263;4.572988538160794;45.910479473539866
306;1;359.83711255326955;26.343259134106674;80.6846314394124;0.6203166389639122;0.7826540003657154;9.571249789250613;210.67017078698865;315.7457416099563;0.7961050342313084;144.0166978036337;0.37967212298761055;202.59010036716808;0.22946603033501625;0.2980949607755266;4.886697422213003;34.44095406889384
306;2;274.31287724749086;22.082131245582715;84.90414870130817;0.6141717320458492;0.9005328432779449;10.498253523822337;205.548693358358;266.6519635991892;0.7935409282176781;125.61147742800262;0.38935994638978116;185.25386568566515;0.2227200181921834;0.3090253501574692;5.066157971276613;26.264243037401034
306;3;303.590226823713;28.445862724992224;84.67316699405312;0.593885079069658;0.8311619227487274;10.441170446706511;208.23265303818917;277.30655173345605;0.8406255988850135;143.1369861274152;0.4069262561479189;192.32861725710788;0.22279787317910052;0.34066943556450846;5.102484920066748;29.97862037574076
306;4;323.45213078991264;27.115562072561914;84.5890500096437;0.629340219536056;0.8442133142988939;10.648313700917008;199.61412252078998;271.2913459305204;0.9070758712108348;130.9417499726017;0.38940826949705254;159.75522903992666;0.25854993838232787;0.3027147966304421;4.827024762828663;31.87573100988915
306;5;275.3341618759414;23.629513882200254;84.15476831594506;0.6159148700351761;0.8363419128156451;10.704590462140308;201.2288022331424;280.35670766928274;0.8299692987907774;147.24293683669114;0.3893567660130162;211.08514146571667;0.25427046049961005;0.29989873439026643;5.2237338587839925;25.40398996012844
