ech;Variable;mean;sd;min;max
1;C14.0;0.7649683016702257;0.1187863659094737;0.600072786696425;0.8702458146185208
1;C16.0;36.72639580406199;1.6719371568381096;33.87648952069532;38.16758375734181
1;C18.0;6.302979063439288;0.5012212028041008;5.887068161937528;7.107364284690274
1;C18.1n7;1.2828894861579807;0.15726269962714862;1.1575977084682816;1.4973045685289228
1;C18.1n9;46.07885163170066;4.239515520900982;40.018934993822604;50.8337430628629
1;C18.2;8.776459454369657;0.918383255208957;7.5009348803577405;9.540280306594758
1;C18.3;0.3743645501013589;0.09053357698946865;0.2447258203073541;0.4414239123847281
1;C20.0;0.3902429224185513;0.01733174937670768;0.3694368497085463;0.4170695560061283
1;X13.cis.beta.carotene;41.19021628408067;13.872840164138893;20.70433904777858;59.63142532703303
1;X9.cis.beta.carotene;63.33907319882496;27.107521949370234;26.601493311555103;98.86561041839651
1;eau;53.69909749732911;15.899766038707904;35.959998554908566;69.69999444681875
1;ratio.alpha.beta;1.2756257422464352;0.1797819862972272;1.0776407781154453;1.4957957939598605
1;ratio.alpha.natif;0.5345127497529697;0.030098757180575947;0.4854280342240392;0.5635442006742054
1;ratio.beta.natif;0.46046131008623625;0.02795850332407861;0.4297861237917104;0.4968212654631275
1;tlip.MS;74.07549064340523;6.878628611764211;65.6722965295124;82.15678717498766
1;total.beta.carotene;374.4699986818699;139.45550646667928;179.08209324507607;500.6333978061116
1;total.carotene;442.2123185352178;68.0478828901237;336.5008595095354;509.7484358047707
1;total.trans.carotene.natif;398.66244093380084;73.1739744518965;299.0197385019117;472.39695566770655
1;trans.alpha.carotene;231.7161646311136;63.83251351664772;158.27502156008012;328.75207443612976
1;trans.beta.carotene;272.12628262372607;95.59338570540419;140.66012072609806;361.280235680086
2;C14.0;0.531058119140239;0.19590497155217218;0.3839500035026086;0.8831507868199128
2;C16.0;33.1284178113573;2.7037151486629485;30.954869453083933;37.16755484314693
2;C18.0;6.072770454409469;0.5006712725684203;5.471523393751407;6.917539140634723
2;C18.1n7;1.0840361042898132;0.14381482345623997;0.9503497972886679;1.3299150452439177
2;C18.1n9;49.23565882735092;1.6068966508494071;46.295575850069866;51.34895316865377
2;C18.2;7.361157531699182;0.33677356071337095;6.7844121533416555;7.736357403891763
2;C18.3;0.5060819435007208;0.0323356858539354;0.452989738421516;0.5470421325552401
2;C20.0;0.42159859443607084;0.021583418154470332;0.38755972226908847;0.44956002002674617
2;X13.cis.beta.carotene;94.02835416845937;6.892848204329166;87.50713180966349;105.61194733678275
2;X9.cis.beta.carotene;188.2069600612221;21.470428189925194;163.39351466129736;222.76430384356055
2;eau;49.234286646172066;7.882155777826274;35.56999675857458;57.79000077253061
2;ratio.alpha.beta;0.9101927702273482;0.16424033178489117;0.7274721345779469;1.1809337519624317
2;ratio.alpha.natif;0.404117641342112;0.05180153736845477;0.3493927401168529;0.4950579906327224
2;ratio.beta.natif;0.5880240174425818;0.05357955416919004;0.49257064328101774;0.6366846931166799
2;tlip.MS;73.20824657010523;2.782467109118439;69.91720870557126;78.9996574294189
2;total.beta.carotene;1363.7127203599405;119.62873810053264;1217.4978113896095;1600.3291651904294
2;total.carotene;2503.206965757563;388.42506986384365;1646.171585977167;2738.948922569579
2;total.trans.carotene.natif;2188.3821318426785;298.2876175223298;1584.1441592783442;2405.698037784635
2;trans.alpha.carotene;981.3593779178475;313.3299373175916;546.2649257048871;1514.7318904646343
2;trans.beta.carotene;1095.756981726938;113.06526496784535;939.8986080812427;1292.19371344385
3;C14.0;0.44090402632124714;0.15025274107493367;0.31734890722990516;0.6676417442972163
3;C16.0;31.821641420236382;1.9565475960622214;30.535641583876746;35.268391515775704
3;C18.0;6.143529435110845;0.6299576905064181;5.510604840026304;6.805344385991717
3;C18.1n7;1.1379844159434687;0.11286559979713692;1.0506546741784903;1.298148462879518
3;C18.1n9;48.06116328976171;1.1312277393327337;46.82685273335459;49.49705435946776
3;C18.2;7.892768004638891;0.36166158754029987;7.342349539331071;8.272458401082877
3;C18.3;0.38537790451176324;0.07646702423079507;0.27907867164479;0.4810648668468993
3;C20.0;0.41310502858612075;0.02464109369522516;0.3728145023418022;0.43226795143163804
3;X13.cis.beta.carotene;69.2552350813498;12.985622761380707;50.936335997405074;87.3520507599099
3;X9.cis.beta.carotene;148.76156343590054;38.568011605680965;109.75441543988403;208.6304640820743
3;eau;29.783119221417515;6.314190416577106;22.652422493063693;37.18823459280245
3;ratio.alpha.beta;1.0155459543663465;0.21703228448589504;0.739379098313133;1.3410730623398992
3;ratio.alpha.natif;0.45975607756916964;0.06317868872604082;0.3684000906379383;0.5385769434509164
3;ratio.beta.natif;0.5449419947591576;0.06185475327755519;0.4650626118954336;0.624512592016075
3;tlip.MS;78.59007043892913;3.439772717527959;74.00817442736343;81.95736838591341
3;total.beta.carotene;970.4952706392775;209.8192902128559;754.8152717800986;1243.0004534536233
3;total.carotene;1890.022025300037;644.7750703086335;1065.9218525210745;2560.064846986043
3;total.trans.carotene.natif;1641.602288136437;626.5894284311702;829.8316882367676;2284.3963260048527
3;trans.alpha.carotene;729.2815209451264;356.85994633332456;423.926174919693;1279.8759687143458
3;trans.beta.carotene;823.8695158248726;190.44483223385157;591.7006249140055;1079.5008310402156
4;C14.0;0.5881506751184432;0.18203643286810287;0.35172690783478816;0.7937374418528677
4;C16.0;33.16417431347419;1.40141507950707;31.724100633349213;35.09860633076235
4;C18.0;6.670570865866716;0.7020761918816399;5.788291571059754;7.77994142478103
4;C18.1n7;1.0247086739524824;0.12016593958496925;0.8567105209507747;1.265645727640556
4;C18.1n9;49.256241241198374;1.0548068317176564;47.39850791058407;50.226155080928315
4;C18.2;8.293278366751787;0.39462480558180396;7.752991344677395;9.079502499025937
4;C18.3;0.3567588737268671;0.061450757546120185;0.25007590831363347;0.4652471066414876
4;C20.0;0.4194110932486036;0.018668559644956867;0.39679921899364595;0.45856332895191243
4;X13.cis.beta.carotene;66.64912285364274;11.564921039951303;52.74534167163694;90.70744580503568
4;X9.cis.beta.carotene;115.93859617906554;24.230263704819254;73.27232946627522;140.45084550191766
4;eau;25.2125560116843;5.138003224346291;21.090000583027066;35.110002664404576
4;ratio.alpha.beta;1.0181494426507682;0.2045160114802439;0.7468063846670911;1.2709308943862891
4;ratio.alpha.natif;0.4542571238780757;0.04459886654487615;0.39776157033391707;0.5052408721482784
4;ratio.beta.natif;0.5391003221658475;0.05285577815141038;0.4749289063966662;0.6045835933555882
4;tlip.MS;80.13022651327299;1.3389902513700145;78.6346351892244;82.31032067182308
4;total.beta.carotene;833.8604283856082;138.79127994643724;692.1838943955875;1138.720192681123
4;total.carotene;1290.79289217506;508.33703649121674;759.8079608310081;2219.4284843129444
4;total.trans.carotene.natif;1119.0555150262658;392.9372770982751;636.5996003479918;1781.9930036008338
4;trans.alpha.carotene;446.6095416947875;66.16065053151543;304.0646560492133;524.0080108098794
4;trans.beta.carotene;655.5985958339498;129.6230088992779;533.4763772124859;938.9429120468719
5;C14.0;0.6336871276848848;0.05797472755990311;0.5434792798137325;0.7163195948507544
5;C16.0;35.61737752338388;1.7574296346759157;33.505356957380066;38.20796672025753
5;C18.0;6.768438353262565;0.5100680666608498;6.193586768971469;7.979254205931318
5;C18.1n7;1.0609475394817511;0.13381793124332736;0.886551660763535;1.370002369550364
5;C18.1n9;48.77633648367021;1.353828806424426;46.18548057705358;50.69756085997849
5;C18.2;7.937175394206636;0.3988964622227967;7.531270330626858;8.812859902521506
5;C18.3;0.38514617990227284;0.04547245036374244;0.31953677410086007;0.45448949122366444
5;C20.0;0.43033364561718945;0.02641583006367053;0.37118356059189334;0.4570130162015753
5;X13.cis.beta.carotene;73.3843527922408;13.369535371893406;53.36051093010563;87.18259956904332
5;X9.cis.beta.carotene;125.7447549112197;34.14053462628598;73.32661864277138;180.54677560913365
5;eau;27.302398014970777;2.1286902845999904;23.990000548960214;30.610381044858965
5;ratio.alpha.beta;0.9922254364476297;0.1655237950450743;0.7203448121371309;1.1910975432196582
5;ratio.alpha.natif;0.4359983643807344;0.04605911244834769;0.36116424514865003;0.4908960164586206
5;ratio.beta.natif;0.5637748718130509;0.041730995775883115;0.5137266081856025;0.6174714209911899
5;tlip.MS;80.80747676130603;1.7527963926799486;78.37862311022306;83.32321595732766
5;total.beta.carotene;1006.8128169695531;195.4953446737359;666.1445018386271;1193.5234262839801
5;total.carotene;1504.2109864237887;483.46401179423754;847.1737814474967;1954.038923385374
5;total.trans.carotene.natif;1332.821372470037;404.0921306518902;772.6594501837637;1745.1821439749087
5;trans.alpha.carotene;742.9638813116937;378.8969794430936;362.99854831637276;1293.2963568282355
5;trans.beta.carotene;787.5493763297459;167.14930616357438;511.5746253691744;996.921061211648
6;C14.0;0.648051121781452;0.07973320120015537;0.5190372157474076;0.7617175499201368
6;C16.0;37.37248322701945;1.1486258241777534;35.523756923111456;39.050444878304766
6;C18.0;6.769375010632085;0.8649309698418213;5.741389721783885;7.9035806099496035
6;C18.1n7;1.1221155518281607;0.16278477093363622;0.9665868811798515;1.3721765266991226
6;C18.1n9;45.363406543774296;1.820009042129083;43.423851501063574;48.076143708374744
6;C18.2;8.91611626541971;0.6829841624895193;7.941487438215703;9.695381127344023
6;C18.3;0.2384284014214483;0.043355514290903674;0.1837008475833496;0.29918176542991054
6;C20.0;0.4428622009391246;0.049662273384807845;0.3665208525140314;0.49799874040216735
6;X13.cis.beta.carotene;43.56030420180897;10.755145641176577;34.592669112964046;61.76887111713018
6;X9.cis.beta.carotene;72.61428432241242;31.718345260337152;41.70558856425348;125.82480405427044
6;eau;21.904821080571583;2.2560458947615767;20.0309991486866;24.85667454294911
6;ratio.alpha.beta;1.1331206613581906;0.12580522777086553;1.038687647880701;1.3570505727247246
6;ratio.alpha.natif;0.4908894313767596;0.02755876438411406;0.44558080724742494;0.5217082701175771
6;ratio.beta.natif;0.5139579231671775;0.03215717306793621;0.47000763089390074;0.5543341084885368
6;tlip.MS;80.849835400253;0.9602845201139253;79.80537013419874;82.17566883677122
6;total.beta.carotene;417.7005382487277;165.11324193271707;243.34249743763212;691.6845976714535
6;total.carotene;520.9109706079644;135.0274888041018;376.7630291293416;696.6277759610228
6;total.trans.carotene.natif;436.302594216508;124.5829614423635;310.9101260924351;625.1418143990517
6;trans.alpha.carotene;221.11910147766253;75.27818572603643;143.30573149310032;333.258398906355
6;trans.beta.carotene;294.8906936582397;127.79582503852633;185.51375929582528;510.5761761994216
7;C14.0;0.5688627461291719;0.18936004032961487;0.32484071926348745;0.8559998543233948
7;C16.0;34.88720295720537;2.9824119430448293;30.23446786603971;39.77192632873361
7;C18.0;6.721998120261595;0.4828466782806207;6.250915771278355;7.480871249816715
7;C18.1n7;1.176899604970419;0.15086070067401985;0.961487245770995;1.4703365714204475
7;C18.1n9;51.03956238725604;1.190192930640727;48.46517532243658;52.607730464812526
7;C18.2;7.36372687278386;0.6393534732189379;6.60635070061628;8.577952272361697
7;C18.3;0.45335631859279707;0.032242983718623934;0.3916635585572025;0.49917609865373724
7;C20.0;0.40844032948584336;0.021296642506975442;0.38161725758029463;0.43436842944495224
7;X13.cis.beta.carotene;85.17447918320237;10.0865900950222;68.12581754573328;96.21201665565599
7;X9.cis.beta.carotene;162.24363713591376;25.626842335885584;109.92503421943496;188.1874706563852
7;eau;42.078861828678555;2.7734410340711233;35.91499596128867;45.25000222321591
7;ratio.alpha.beta;1.09662966013684;0.1283995375729027;0.9252345941456444;1.308552622250277
7;ratio.alpha.natif;0.4566405964385886;0.032692402741117524;0.41535642695553093;0.5103875337367916
7;ratio.beta.natif;0.5416047710537502;0.03356291465084592;0.4804457764297222;0.5888296022667233
7;tlip.MS;74.43195916420643;2.3719831478882827;71.79684397979133;79.78537933088883
7;total.beta.carotene;1184.9875538774957;142.10709874133534;974.5869822211964;1339.2691901451824
7;total.carotene;1987.6033840107784;777.5940490414082;966.798672163373;2671.872956488023
7;total.trans.carotene.natif;1796.980011976926;657.5034376544028;877.0154549246744;2373.145100923257
7;trans.alpha.carotene;936.2989730056311;375.188656838123;340.8653778525321;1405.2283878007386
7;trans.beta.carotene;968.6305930073637;114.51677535195508;793.6597421801347;1074.219327728931
8;C14.0;0.42409254043723077;0.11519564308059518;0.302864700945703;0.6608142442937021
8;C16.0;32.18634607993684;1.5103601765161854;30.345020121718594;33.96383193440479
8;C18.0;6.8661615273909415;0.43709720259596624;6.153494245714575;7.345550628166904
8;C18.1n7;1.0524522339786744;0.030684120961529338;1.0067636463689937;1.0959795473724974
8;C18.1n9;50.0734551193675;0.809450374246035;48.746564940837196;51.05435880078527
8;C18.2;8.288898733061217;0.43597533433369723;7.697196818577806;8.903776765550042
8;C18.3;0.35526257144409595;0.03903282266643631;0.2869733542017071;0.3970788645049744
8;C20.0;0.42219413719648907;0.013550369329547146;0.3993517579980457;0.4398371302313852
8;X13.cis.beta.carotene;73.11261426288432;6.822181369765334;62.43162861427925;81.1574033740502
8;X9.cis.beta.carotene;115.35263643168761;31.842336731932875;73.11410963155294;158.91624863528267
8;eau;28.58886985341555;5.501999362900954;23.082222735604418;38.21499740912276
8;ratio.alpha.beta;1.0083185351807253;0.21746961324067504;0.7493636744563117;1.360491002259629
8;ratio.alpha.natif;0.4510291315618402;0.055834302274513595;0.38474197646875463;0.5253229970642296
8;ratio.beta.natif;0.5488591896351542;0.05996699376823515;0.4676503557614229;0.6138707361075564
8;tlip.MS;79.84986481026593;1.1528768776627358;78.39358981283605;81.33440592790977
8;total.beta.carotene;881.0509566394549;126.85514844218869;745.3373740534239;1117.439761527759
8;total.carotene;1478.63853134243;593.9566942137488;819.3873064201829;2397.3414152993155
8;total.trans.carotene.natif;1298.9132119671244;553.3501428540334;711.9856852275116;2151.713209837538
8;trans.alpha.carotene;649.1828982605299;218.39238329979506;386.22483897175044;1038.2204027021369
8;trans.beta.carotene;669.8870595191606;108.20514933182741;555.8016869402808;863.3051815204833
9;C14.0;0.6827267454413265;0.1840246016572917;0.38227710710618773;0.9381416291064929
9;C16.0;37.189430444729155;2.9314718910491466;32.41420637288082;41.13110727140545
9;C18.0;7.14114926749378;0.33131686838432917;6.834966417710041;7.561573618293508
9;C18.1n7;1.2394603374335007;0.10728927232361787;1.1063911673228022;1.3765057749508895
9;C18.1n9;46.69916456375879;2.484345289401047;42.75658141678068;50.34554936008571
9;C18.2;7.962492672515817;0.6208561546572657;7.03607649271574;8.881687350727558
9;C18.3;0.36305755398939593;0.11262771598755499;0.24309364214583062;0.5087278159905287
9;C20.0;0.4176115500737778;0.030200404081949194;0.3820887257729693;0.4670167761365535
9;X13.cis.beta.carotene;68.09234928094055;17.74511771502904;49.70130520209996;93.32060524509583
9;X9.cis.beta.carotene;114.68775369456024;49.37840380668974;65.5437912420149;172.30758671105536
9;eau;33.48953528969986;11.243697290514852;21.440001369346756;52.75000019045507
9;ratio.alpha.beta;1.21654051351502;0.16311514707444344;0.9400907724164376;1.3861577323088714
9;ratio.alpha.natif;0.5107338233621078;0.052639003171501615;0.4104489825614212;0.5658612854411683
9;ratio.beta.natif;0.49131672050438047;0.05816423537460774;0.4308234724992076;0.6033392789185387
9;tlip.MS;78.58169242194397;3.5477877027187414;72.64193877263696;81.78882804986121
9;total.beta.carotene;769.8009186321739;366.0719377012691;412.415407927524;1295.3065243404735
9;total.carotene;1481.535894107298;983.8574913173803;637.6566830220106;2723.289384961821
9;total.trans.carotene.natif;1310.023540367885;868.6770473479697;548.4158988435981;2419.528417116389
9;trans.alpha.carotene;748.7529224199819;542.7812420830588;240.98266469919693;1502.8445595489393
9;trans.beta.carotene;616.7956433813224;354.4223727203969;300.8311180920931;1178.765691916299
10;C14.0;0.5567093548272923;0.08542755444811835;0.44934705422082266;0.6562394963087093
10;C16.0;36.16269594684853;0.6872654920824016;35.283987683379;37.141937401618605
10;C18.0;6.671825690229613;0.2844883411665856;6.233840042288559;6.9469329504838635
10;C18.1n7;1.2083176773659603;0.12002663088814611;1.1111726838480378;1.3690777922085968
10;C18.1n9;44.32978593936834;1.2251446134143351;42.9104800838218;45.664629792332875
10;C18.2;8.925084385420996;0.7082938412804473;8.460544472534146;10.098583095064138
10;C18.3;0.32293475392526305;0.04850934884005236;0.2596756731723492;0.36327395030262927
10;C20.0;0.4066194682295263;0.04172189114292094;0.3384905155209714;0.43739441947367547
10;X13.cis.beta.carotene;63.257376687645184;8.571609448269543;52.79766168786502;75.0582163554011
10;X9.cis.beta.carotene;96.73387852740572;21.934711729628393;65.9308416981782;121.35560827484194
10;eau;21.22008116178065;1.0138740497116443;19.581666918310802;22.31678301044838
10;ratio.alpha.beta;1.0373001408741254;0.11475857177598657;0.8790694461317334;1.195980230587849
10;ratio.alpha.natif;0.4729640137602525;0.03697682094439163;0.4163866731501888;0.5193996860517613
10;ratio.beta.natif;0.5365442508220895;0.030038558001085732;0.5052551836903162;0.5839379913013977
10;tlip.MS;82.6824106440157;0.44626178373737746;82.21707949359028;83.16036611089481
10;total.beta.carotene;679.167546444049;91.45670302018792;538.169383665863;779.0079941204825
10;total.carotene;1100.3636742910792;302.32256955482734;715.2976508228103;1401.0270986544042
10;total.trans.carotene.natif;996.5336108630942;262.2118121608414;651.2858875442447;1224.316022916936
10;trans.alpha.carotene;690.2698379918257;333.96780240809034;299.9856189557947;1008.4204978515388
10;trans.beta.carotene;500.4130728026188;70.10284689518515;401.9284410925104;582.9120048216198
11;C14.0;0.4767048635398576;0.1349532256169302;0.34111823143908104;0.6794068945997276
11;C16.0;33.45423803309893;2.7629537609459467;29.83636215183649;36.33061970306499
11;C18.0;6.990677375449857;0.28009102717827467;6.654153808476186;7.282812694279596
11;C18.1n7;1.0999338205431497;0.07839331892778219;1.0026470430557948;1.2336311124076356
11;C18.1n9;49.942357567832374;1.766766886750537;47.024045556310845;51.672703874365055
11;C18.2;8.155721554219811;0.4509815446319152;7.706241668246687;8.883547179416686
11;C18.3;0.3456907109493144;0.023020353921196085;0.3176823110739052;0.3858346566618183
11;C20.0;0.43971210351973467;0.02542443291891917;0.39890505322791875;0.4737368040408007
11;X13.cis.beta.carotene;74.2001065493082;4.195170184196164;69.69132078402713;80.01493949021159
11;X9.cis.beta.carotene;126.26972727214418;10.360848187689683;112.03459867506888;142.4326925851808
11;eau;23.53617884826994;3.29375336097158;18.950000297172405;27.229998508758367
11;ratio.alpha.beta;1.1113536698762416;0.1436257235183724;0.9583224022869168;1.2939060086100311
11;ratio.alpha.natif;0.453921111808099;0.03608597517096659;0.3980101407589386;0.4954493352178802
11;ratio.beta.natif;0.5471455327246395;0.04414794210051587;0.4986042911036784;0.608615124979443
11;tlip.MS;80.88123253606283;1.110926991633676;79.56655982455584;82.18360352868201
11;total.beta.carotene;836.8061465654846;70.46134688264247;749.0270303167055;943.9207142668718
11;total.carotene;1475.9829195418513;148.97152664098326;1253.541997431905;1659.8447326024886
11;total.trans.carotene.natif;1262.163290058088;141.3590833042115;1139.4649993351957;1475.7421642434183
11;trans.alpha.carotene;615.9148296378843;226.36655776472537;343.55915821073455;964.6638884343089
11;trans.beta.carotene;603.141391598465;88.48064039543614;532.4073135646004;760.862903706492
12;C14.0;0.7156729125484249;0.13987934273587344;0.5763821217148916;0.969387409883256
12;C16.0;39.792615416019984;1.2175091116851657;38.21865199160978;41.30431097161414
12;C18.0;6.606379544029999;0.7862238184139919;5.296912226578187;7.886742879690488
12;C18.1n7;1.0041100539989565;0.10584036459326106;0.8689258796986392;1.1248998704533266
12;C18.1n9;45.785198841647194;2.658907921132836;42.233739543395565;49.37965135654603
12;C18.2;8.182439193582303;0.6132712470785936;7.391282332114503;8.971862677780994
12;C18.3;0.3749360491201688;0.06152865500678675;0.28851809013363444;0.4629481417868442
12;C20.0;0.4165774123492012;0.02568466042991497;0.38134615392362403;0.46168091663025845
12;X13.cis.beta.carotene;66.2809722137427;18.488363897089222;32.65756267132402;87.84764250175706
12;X9.cis.beta.carotene;113.63627717342077;33.42734471999331;55.609725699112985;158.1276453137463
12;eau;32.06912140544775;10.764828146072544;22.4108542487863;51.01000069998428
12;ratio.alpha.beta;0.9503784370259628;0.2201598493913614;0.6628900127339047;1.1820431077369407
12;ratio.alpha.natif;0.43413514761879013;0.05213216160509045;0.3825854466241775;0.5056337733579341
12;ratio.beta.natif;0.5560631770764887;0.054416508890350386;0.4825060087236717;0.6148777816744614
12;tlip.MS;78.60849384186815;2.6394373211710254;74.5856504602219;81.36625853458816
12;total.beta.carotene;833.8636096666518;283.9798619907116;411.1345384367461;1155.394359485858
12;total.carotene;1410.4899240172854;570.3759632405015;700.7252429438616;2088.9427881974384
12;total.trans.carotene.natif;1225.3261381367836;518.442338327196;647.351996414606;1941.7936588147859
12;trans.alpha.carotene;535.3263407788006;252.41733139036947;282.54638830253333;1031.8313025938464
12;trans.beta.carotene;688.5261989472028;249.4614235968864;341.5422031247845;1012.7045450265101
13;C14.0;0.6803502744804791;0.1261238065426567;0.527729400071699;0.8516282917925397
13;C16.0;39.032527201515755;2.513924395099042;35.37135168389468;41.665703827842215
13;C18.0;7.39238731956343;0.9354762732675094;5.999000850364424;8.641590128159875
13;C18.1n7;0.9968903964596291;0.11824048274634057;0.8489985387136683;1.1199852285160203
13;C18.1n9;46.55417609826349;1.9346187366622511;44.260714659031414;49.229333654102604
13;C18.2;8.206765086523228;0.1847747738708872;8.034754460576277;8.426176361860415
13;C18.3;0.2263889735177932;0.036758252448120844;0.1821770814452343;0.27937904363156396
13;C20.0;0.4793446881577266;0.01249326745697929;0.46577816695556784;0.49197527272083247
13;X13.cis.beta.carotene;50.360485174643124;4.981118001937125;44.30991710658646;58.65207435383027
13;X9.cis.beta.carotene;87.4768832485323;17.815979279057252;66.60704668059967;105.0937035275667
13;eau;20.499962205005026;2.2342893307241307;18.631387331437644;24.589177521353506
13;ratio.alpha.beta;1.0036998779239301;0.1973745900842015;0.7881216971141013;1.3226327827420372
13;ratio.alpha.natif;0.4594863487553205;0.05629442090483533;0.38581878653287877;0.5333012217912003
13;ratio.beta.natif;0.5398380709922957;0.06681751735682903;0.4551236599381718;0.6315539771369602
13;tlip.MS;82.27173353812783;0.8418235811548781;80.81388006486199;83.41000383528403
13;total.beta.carotene;520.5274033804859;87.11329537991996;394.4561268409216;623.7128278701375
13;total.carotene;563.9045594754571;70.37686811924468;457.8569942825922;637.3756723780592
13;total.trans.carotene.natif;442.78819667589306;60.10585409204739;389.8658983019575;525.8232352698953
13;trans.alpha.carotene;227.8953728953014;36.87359136327719;171.76326678303724;274.68193761842826
13;trans.beta.carotene;341.09851393445905;71.15427452351332;280.86325015811644;451.8978752443282
14;C14.0;0.9770744137945612;0.20591432829152537;0.638340127751474;1.2474280068282237
14;C16.0;42.38712555523843;2.374573206814458;37.64041803586477;44.86191783950793
14;C18.0;7.872097717238467;0.8329003846269255;6.532376522134016;9.34533419595318
14;C18.1n7;0.9369628038473155;0.09230217888503323;0.8002316721488743;1.1220344439319823
14;C18.1n9;43.93126683013002;3.4885280538767156;39.16300652303297;47.38981958636308
14;C18.2;8.391330623271049;0.1519182172286535;8.07088076975787;8.568219706089769
14;C18.3;0.2939652696626928;0.06174372654410337;0.22079502067966367;0.3778118746055179
14;C20.0;0.46938822214543363;0.01662254346942063;0.44251279581988706;0.4961615993018094
14;X13.cis.beta.carotene;62.715307319497356;15.446977350392533;43.76710431830894;89.06506358850216
14;X9.cis.beta.carotene;102.50548059646648;24.43371511849786;72.34511629855365;128.65727764265696
14;eau;21.82970364329794;2.3121842007346536;19.040000526460485;25.17361942874939
14;ratio.alpha.beta;1.02420533864751;0.17738331303835156;0.7373104772622029;1.2088351084125146
14;ratio.alpha.natif;0.4514781153369022;0.0511108058668803;0.3679990821971575;0.5173633050393982
14;ratio.beta.natif;0.550100791962325;0.050617507349509566;0.47832000854213896;0.6345632779507107
14;tlip.MS;81.33480020214154;0.6654811345516082;80.44313475957888;82.6524267670858
14;total.beta.carotene;690.1330435928044;248.39304027571723;317.62522185139363;1018.3778465147957
14;total.carotene;898.3094924349255;436.9952085879987;429.4427575424976;1646.7714504335295
14;total.trans.carotene.natif;789.8774379530369;420.83114480926923;375.97779543628394;1500.3384438746507
14;trans.alpha.carotene;495.1224780123355;280.3783118270476;175.138752205378;871.3099943743301
14;trans.beta.carotene;488.4832531356514;188.03584824604349;216.5796424006092;736.814262805014
15;C14.0;0.6877745135312554;0.1615786132173836;0.5189774848571976;0.9094884498199449
15;C16.0;38.01015388886933;1.7453911003445677;35.062118402402255;39.479095215775004
15;C18.0;8.454926253306965;0.9607776971753299;6.6378092763411685;9.436895845216185
15;C18.1n7;0.924437732984891;0.1296309584982006;0.774052232006714;1.1407068553891662
15;C18.1n9;48.03123370736755;1.325299443773342;46.35898993838058;49.24240552578426
15;C18.2;8.556084538456936;0.6722765145554962;7.587695089420487;9.73676509755924
15;C18.3;0.24681040482748043;0.052751910422150834;0.16097574386596578;0.3311933733558159
15;C20.0;0.4711046292240513;0.01605551218159829;0.44825580260921244;0.49039505312456577
15;X13.cis.beta.carotene;46.50123486237142;6.8563751770356545;35.59407172870882;56.84050401167641
15;X9.cis.beta.carotene;54.725321495842984;25.69160643879584;33.891717615444065;108.95251044966395
15;eau;25.927691132784574;3.6900045326889392;21.967497448136186;33.09550607438491
15;ratio.alpha.beta;1.161165652558442;0.06375233452095727;1.0568160019884199;1.2380634005708817
15;ratio.alpha.natif;0.5020188583277654;0.011623642317292338;0.4861634361268262;0.5195359862911241
15;ratio.beta.natif;0.5016649513202635;0.014165595722047883;0.48188656703189864;0.5254529959314583
15;tlip.MS;81.34370520949152;1.0924315445949528;79.45768236875482;82.78627778315786
15;total.beta.carotene;331.7042571754655;119.93257787332549;225.3192413284043;577.2467940554207
15;total.carotene;410.8048198472361;55.99886381595569;327.51283754405443;513.8043237972178
15;total.trans.carotene.natif;347.4082408874643;44.21556863817832;288.2428484142484;439.5651091128313
15;trans.alpha.carotene;168.39700022682575;37.12186671215609;117.61580865386946;236.59130479985492
15;trans.beta.carotene;231.6729014801088;87.1250838155073;171.90500082976797;433.59107357087055
16;C14.0;0.7050114518901536;0.13250187517178239;0.5185563013010444;0.8820409424800321
16;C16.0;37.887746747626416;2.6626593862506946;34.69974979190746;43.00770348619235
16;C18.0;7.667660966739012;0.9874783773076687;6.060294285296961;9.451197060083613
16;C18.1n7;1.088215565239464;0.16565754478070827;0.8806699823895379;1.3283540422080728
16;C18.1n9;48.55154432422927;1.4849468162693253;46.215364187135634;50.32111894179346
16;C18.2;8.38790956275621;0.6942423059831182;7.306287271724622;9.382794236815188
16;C18.3;0.26984673139208437;0.07265442842657904;0.17306581756579173;0.3515048158162233
16;C20.0;0.4448610599753485;0.01666621221498107;0.42012329551227023;0.4641739722456814
16;X13.cis.beta.carotene;61.599705003940905;18.81732137645327;37.14423321089528;87.93685925792755
16;X9.cis.beta.carotene;92.66948301896903;52.450721785188996;38.60482117063789;160.76407873166661
16;eau;25.76241696069767;3.995116208111698;19.943748914621896;31.734545424350667
16;ratio.alpha.beta;1.1273986898519655;0.2063848673392993;0.7590793055343377;1.34038795361149
16;ratio.alpha.natif;0.4742502029261042;0.060283013684299565;0.37501927389844997;0.5227955964887467
16;ratio.beta.natif;0.5172962583614104;0.06801276805346314;0.45612310930982675;0.6290378432682943
16;tlip.MS;81.18057523407612;1.2206834373356263;79.86115543997576;83.02080390684382
16;total.beta.carotene;598.0740557700161;256.86649060136546;259.36192109234753;986.7341267279761
16;total.carotene;588.5497332405619;230.327462668348;371.3150616782038;871.2445976826284
16;total.trans.carotene.natif;507.1131978794803;208.95316660263785;302.2078812932952;750.8155584436805
16;trans.alpha.carotene;362.2724776132776;287.58670492904804;139.55962095472233;930.6250267650764
16;trans.beta.carotene;426.7147791279553;214.19294140337837;190.05538305466212;731.0874662264677
17;C14.0;0.6705160163963344;0.10688539634259858;0.5567817196964283;0.7944239704758599
17;C16.0;36.6301939660524;1.08310531821001;35.424596456482654;38.0028791406132
17;C18.0;7.528465601995092;0.4779984306080327;6.892117954433678;8.051224057513112
17;C18.1n7;1.1092990912555454;0.1429381417693967;0.9212132327972508;1.2447852818252145
17;C18.1n9;46.65413551790467;2.1242431598906357;44.249936099427295;48.88291982779404
17;C18.2;8.759931901965214;0.38675811019243045;8.40674600446088;9.400682207046406
17;C18.3;0.20497198983826942;0.014497181018187429;0.18807992033770748;0.21812262029924542
17;C20.0;0.4577378304864032;0.02664916571203061;0.4177780416289961;0.4886237439883871
17;X13.cis.beta.carotene;44.72255489086285;4.651419421239542;37.97352398669806;48.94782606366084
17;X9.cis.beta.carotene;50.013057037756894;11.773955827803999;36.64904892515561;64.5031648209119
17;eau;18.10824910538874;0.7703983915943067;17.344581082121138;19.23374950210766
17;ratio.alpha.beta;1.050966895887287;0.19773720952408588;0.8237060628442197;1.2966928934467505
17;ratio.alpha.natif;0.4634299824419297;0.043393417914987145;0.4007596665654583;0.502579525363211
17;ratio.beta.natif;0.5344206735814522;0.045840898120560344;0.4837097548244214;0.585501938698755
17;tlip.MS;82.65261983546381;0.7751526196999521;81.64603248457877;83.4441548554143
17;total.beta.carotene;376.417331726288;82.96057443165857;293.54265438750645;465.45170223267684
17;total.carotene;482.26209995404963;146.50727217816097;343.54372068363904;659.2503775395181
17;total.trans.carotene.natif;401.79710073200704;131.88160555786496;275.84964973933177;552.0484044051153
17;trans.alpha.carotene;182.58237656289708;61.232216682106255;117.15357515386319;257.5557151836425
17;trans.beta.carotene;253.32615733215198;64.36685600158111;184.00245433103362;325.0473055432748
18;C14.0;0.4451903907508479;0.10913974321699214;0.31041261236068274;0.6177927579049851
18;C16.0;35.326504409536994;2.685484119227696;32.1828436371198;38.45801126203973
18;C18.0;6.701797395450288;0.5382921009985844;6.184872757628491;7.475401733202708
18;C18.1n7;1.1435525550136714;0.08912398903208472;1.0370857826300783;1.282027218622128
18;C18.1n9;48.42543841274023;1.3936407465553504;46.508752271816576;50.145728424259666
18;C18.2;8.075414740057003;0.2660848387212467;7.679593334443471;8.364918570170524
18;C18.3;0.35646139116328074;0.020163077974554768;0.32892275165872525;0.3851254843708998
18;C20.0;0.4191969690509132;0.006408580383878874;0.4108782651411175;0.42564373017680235
18;X13.cis.beta.carotene;73.27600716912525;8.733912514929171;62.953060129342006;84.26593069787712
18;X9.cis.beta.carotene;133.3151055599272;31.118766031835797;93.66740931948775;175.95796545521083
18;eau;27.951723908905304;3.2853745107332246;23.468667509344574;32.65000192426301
18;ratio.alpha.beta;1.0228464812982023;0.09757440485526894;0.8612581209315447;1.1325496412276725
18;ratio.alpha.natif;0.46009439512230293;0.03867564329341114;0.40010221147271124;0.5004826033797078
18;ratio.beta.natif;0.5392846248491822;0.0345687928463295;0.5011436128559191;0.5947112204399775
18;tlip.MS;80.72240531230996;0.5992449160671295;80.11212670138949;81.53055587389066
18;total.beta.carotene;1039.327925649882;134.75898127608312;810.1733450070748;1228.2739528612306
18;total.carotene;1468.2637961798157;474.8130883763555;786.4557491160136;1960.6780641625905
18;total.trans.carotene.natif;1309.4405018065227;393.48004784408306;728.2014345364881;1704.023824660786
18;trans.alpha.carotene;522.6600991715674;142.5059856653285;376.1585536674128;728.4026877606308
18;trans.beta.carotene;817.1812796970231;119.17802104112909;664.7497102588194;993.8474245409147
19;C14.0;0.3354724857722071;0.03439137244745738;0.2981410636508303;0.36797265054931133
19;C16.0;30.071437772195917;0.3839928760002288;29.619947538390967;30.64761114621836
19;C18.0;7.302333667890442;0.33572841387507457;6.967510787771366;7.81949059216382
19;C18.1n7;1.1952299750394346;0.04144329966196476;1.1413610111009327;1.2358664911482875
19;C18.1n9;49.66921836210435;1.2905802827677562;47.45674299732618;50.85982871693234
19;C18.2;8.012858556494823;0.5264697862373002;7.502515393653361;8.868363771110216
19;C18.3;0.32974042122843844;0.03963703717396955;0.2741523471686869;0.3723107843666334
19;C20.0;0.4062398137677121;0.014425319668409134;0.3845538916836842;0.4236544049164295
19;X13.cis.beta.carotene;64.47175914018325;10.724185490482347;52.809268476882586;76.09146606667379
19;X9.cis.beta.carotene;114.51250637074989;30.91336137142302;69.89158771801989;155.71993018633194
19;eau;28.218276908052978;2.7161803263406563;24.83984548745473;31.008458501000213
19;ratio.alpha.beta;1.0092724973466969;0.1081499980210043;0.9111574898085142;1.168283358076449
19;ratio.alpha.natif;0.4529654058732572;0.018726514731193068;0.42716248711759125;0.4799021358134921
19;ratio.beta.natif;0.5353443940838016;0.023876731553883968;0.5070468194991631;0.5724850459732154
19;tlip.MS;80.3502295581818;0.8919371730453995;79.21337030353332;81.3206452280809
19;total.beta.carotene;923.4128674182855;163.1541493228409;698.8584603260539;1143.6105275595673
19;total.carotene;1089.8491125133062;359.4727071856631;732.941667768133;1662.361044811747
19;total.trans.carotene.natif;981.642929310301;296.62365134617886;657.0750741235461;1446.9470130473862
19;trans.alpha.carotene;525.8225424405357;218.5572457636095;318.85547691520713;896.9948676123694
19;trans.beta.carotene;695.4270505229555;98.16204706055137;545.1420560706434;803.4495463687449
20;C14.0;0.90505538293318;0.16249674900023267;0.6477347574521043;1.089318121942547
20;C16.0;43.46870715021784;1.4034719607412196;41.223964115903925;44.78494214974953
20;C18.0;6.680836723688396;0.8448869103738702;5.62061898927107;7.925727353815666
20;C18.1n7;1.2511782108581422;0.1476585075083917;1.0556794844646837;1.466674236739072
20;C18.1n9;41.96581612891275;0.784198498788661;41.168159914311445;43.1912274633841
20;C18.2;9.18420187726468;0.6070386773360604;8.330082313488823;9.863248580025662
20;C18.3;0.23809120272908163;0.04746186358225106;0.18987405994434747;0.29690023302617224
20;C20.0;0.4047455944398576;0.03286329093156692;0.370357835226161;0.45316109730393345
20;X13.cis.beta.carotene;47.344216558198724;13.077677543383217;33.77559612411898;66.19538934788066
20;X9.cis.beta.carotene;63.22167263939146;28.914590094638715;38.14361784625683;101.97132695955648
20;eau;23.97164489269034;2.7339079904638353;20.830002592060982;28.05063214868601
20;ratio.alpha.beta;1.177006355836281;0.09130083080480714;1.0563347164814074;1.2976743893937726
20;ratio.alpha.natif;0.5136354863647206;0.015286544230723918;0.5001805324249227;0.5392239483707374
20;ratio.beta.natif;0.48125245453800913;0.017298882831127207;0.4513771109144497;0.4928368431419618
20;tlip.MS;81.68049213209049;0.6602600669648457;80.8714211649995;82.40528067921957
20;total.beta.carotene;449.18349276564413;200.74960025790958;282.23261251675257;718.195627438972
20;total.carotene;431.16388833240535;103.7036186905328;350.8688455480325;604.325847919157
20;total.trans.carotene.natif;351.52309118348313;78.98736125929896;286.32509731049146;475.38869533181503
20;trans.alpha.carotene;175.62724521491242;54.526874593681455;120.47498957168617;251.78731477113826
20;trans.beta.carotene;280.1484060810852;132.27538113733345;169.8436414583063;494.9908815090283
21;C14.0;0.8510386873288915;0.10673482866537021;0.7460329271562876;1.0330335174922778
21;C16.0;39.788496292156466;1.0058709927332516;38.4909584637709;41.00612261146067
21;C18.0;7.706951781385473;0.6922467492669357;7.036735142259939;8.835814076896135
21;C18.1n7;0.9530103928964596;0.08695406413991832;0.838545067004787;1.057234665620792
21;C18.1n9;44.325966508704425;1.7050376392834339;41.002087433401734;45.541091822374725
21;C18.2;8.268079368287426;0.3030474577792218;7.835693372410501;8.521924297852198
21;C18.3;0.25585108561393005;0.04270356703512982;0.19708373937881565;0.31000840720703193
21;C20.0;0.4572996096258521;0.010759838693478877;0.44472448891608546;0.4705028330257162
21;X13.cis.beta.carotene;48.290879460749586;9.828166830905094;36.42736277371344;61.64121536821295
21;X9.cis.beta.carotene;80.876589069313;19.44659508938173;61.58758160970154;106.6760989280786
21;eau;21.380564271242317;1.607775803595526;19.47055602952628;23.91000049463405
21;ratio.alpha.beta;1.215430322223367;0.21643530944956596;0.9203897933643771;1.4893876002415278
21;ratio.alpha.natif;0.4956761370174034;0.0490568192883676;0.438182087901722;0.5537968454398073
21;ratio.beta.natif;0.5032924251522651;0.04793634141379928;0.4419372195576708;0.560024073593755
21;tlip.MS;81.44305458066248;1.4274144571011238;79.2138697189719;82.92013214118184
21;total.beta.carotene;484.17892844403156;144.59161252975397;311.91629878292946;684.4055573893986
21;total.carotene;717.7948902075483;109.3460186421673;599.5434828721072;843.8324457778668
21;total.trans.carotene.natif;609.6069017772273;94.78113708446391;494.7396134522926;710.8615479816956
21;trans.alpha.carotene;353.0589521484682;207.1725992873793;199.16437026805266;758.3931637115394
21;trans.beta.carotene;340.8030510798399;101.03151907584869;237.7385559186148;504.06214727205196
22;C14.0;0.9251931966594474;0.10005193827764111;0.7823279019129491;1.1122730882191068
22;C16.0;40.30219348633358;1.8817962146508884;37.39925051370729;43.520495584934395
22;C18.0;7.420176680549666;0.7020519677803235;6.624461597358559;8.56495946560566
22;C18.1n7;0.9153667373090933;0.059015625351944906;0.8294145845357316;0.9970677366286858
22;C18.1n9;45.125085027689096;1.3272794336592908;42.40627798718733;47.033859019855846
22;C18.2;8.059478741351228;0.47663433961596646;7.296264345984273;8.671782974598761
22;C18.3;0.2905353874149894;0.045352281347766914;0.1999531738295167;0.3411014675387101
22;C20.0;0.457034065031127;0.016189626604515797;0.43580699232321374;0.4769234263427771
22;X13.cis.beta.carotene;56.16862625076786;11.03710808461142;45.3982031886992;73.55562569100768
22;X9.cis.beta.carotene;100.10575706524968;31.602085877724697;60.88412576524067;143.586934351522
22;eau;22.566985474975418;1.3258313157834722;19.932380230152567;24.460001990764844
22;ratio.alpha.beta;1.194466765207929;0.185861430878318;0.9232312506678344;1.4373301935073095
22;ratio.alpha.natif;0.4785579755905035;0.04647269449346345;0.41340555774944454;0.5383160669342635
22;ratio.beta.natif;0.5161624866033221;0.04937082981244827;0.4536245707740726;0.583439183559567
22;tlip.MS;81.82375847655027;0.49401444080189355;81.18264944336067;82.52579245684643
22;total.beta.carotene;679.4761053035381;229.01298520877904;396.65780701099925;985.6238371224345
22;total.carotene;775.6748293261224;173.79987665137583;560.2475551869763;1069.8921897956309
22;total.trans.carotene.natif;676.9433517266558;166.9479350631307;477.1454610919081;979.4585381090642
22;trans.alpha.carotene;315.9172105856438;94.56313312391094;191.48091290381623;445.35545990749705
22;trans.beta.carotene;477.4935885592878;162.75339800049295;276.68276131840315;682.5095516641688
23;C14.0;0.7185476814075676;0.1381630319196374;0.5112316746268367;0.866135117158924
23;C16.0;40.15504663144764;1.6034397258919388;38.01958000927764;42.65447972347105
23;C18.0;6.840245870557598;0.3690700179737103;6.360313532524807;7.1866121967860455
23;C18.1n7;1.163297938578272;0.17069589550377723;0.9441325482254898;1.3610743303964423
23;C18.1n9;42.861264793310006;2.1941398724819035;39.96511608078247;45.98465995823482
23;C18.2;8.15502819205063;0.33490787346780465;7.672576572793369;8.586934524791696
23;C18.3;0.29651727783949683;0.07674282245218007;0.19981664733149732;0.41680047881050974
23;C20.0;0.41145486245760066;0.03396207133956535;0.36137793981437105;0.4558130590958021
23;X13.cis.beta.carotene;55.055670043292174;12.875866771030687;34.69694971853048;68.73830759016934
23;X9.cis.beta.carotene;107.8630682772433;39.86479579964334;56.9227865979406;170.99763364315146
23;eau;20.40046373062377;1.2469857112032594;19.040556270108617;21.89000134884999
23;ratio.alpha.beta;1.1945680100666436;0.19106385478597626;1.0073950829052762;1.437445779380753
23;ratio.alpha.natif;0.5022378924130307;0.03846693328555475;0.4638861889513666;0.5490959899269889
23;ratio.beta.natif;0.48589240647463244;0.03788739545305408;0.44335764047393394;0.5294165971543523
23;tlip.MS;82.62030403644435;0.8425450319448048;81.05809330686597;83.39152901608415
23;total.beta.carotene;727.1030186828453;300.0710158991172;356.36288550091064;1116.345610837722
23;total.carotene;1048.5253915851429;414.15082082289814;603.0544113864644;1555.6441909459545
23;total.trans.carotene.natif;901.3357609200287;387.70872486913953;518.58374595226;1431.6528727269083
23;trans.alpha.carotene;454.9600487667007;253.89568573530184;285.90968010531634;959.7150173599453
23;trans.beta.carotene;556.0153906012004;220.22030358673751;276.3847949714366;825.1915902754795
24;C14.0;0.8132465036210407;0.19079403836823575;0.5687926925665509;1.151321601219157
24;C16.0;40.6713290869994;1.0020093523768774;38.89033589997782;41.69971471031729
24;C18.0;6.051919007558059;0.498442212573726;5.470938026469154;6.948796471157319
24;C18.1n7;1.1509531280601257;0.08573504188386331;1.0292532830947454;1.2463308814935126
24;C18.1n9;40.95691236196631;2.6028262218149636;38.30255692604958;45.06378376567806
24;C18.2;8.002093010305888;0.4315675733062472;7.5843667943013005;8.590100782405877
24;C18.3;0.3032600665228496;0.05320438806250239;0.24985089584008396;0.38100881465779224
24;C20.0;0.4029442110488306;0.036108118205286116;0.33987822438834764;0.4427360117386375
24;X13.cis.beta.carotene;61.75627935686142;13.427487960152389;44.421773875780765;76.88618225009131
24;X9.cis.beta.carotene;116.42857373513199;36.060455548871204;73.80007943407944;175.2810475404944
24;eau;22.14298884690314;0.3914411752526068;21.753132252019217;22.704706885896556
24;ratio.alpha.beta;1.1456044875981168;0.19829118879385468;0.9760252593093102;1.4082167582256457
24;ratio.alpha.natif;0.490821203978673;0.029749362971499514;0.45868125506395796;0.5389271536316294
24;ratio.beta.natif;0.5045828843592516;0.03523381638475292;0.4573823011858728;0.5523725166202129
24;tlip.MS;80.44205809571928;1.0937223978316268;78.53531100792021;81.50712321910784
24;total.beta.carotene;834.4129843441951;196.0860659485519;571.8834908035914;1101.6989365829945
24;total.carotene;1097.5109761690935;386.19434587195383;722.2821630007257;1578.560799907822
24;total.trans.carotene.natif;955.8661963150157;343.99215382746286;617.1227491730734;1433.9156271796994
24;trans.alpha.carotene;467.2625027039894;235.4991403206182;304.75181298862964;928.1013966513528
24;trans.beta.carotene;629.5376833006576;169.2705828425001;427.6145871413082;867.9456348281918
25;C14.0;0.9336384511208378;0.09410518179722653;0.7428235698248994;1.0652951374798456
25;C16.0;40.04092254710661;1.1797840945195306;36.63569005566643;41.22984463136258
25;C18.0;6.540639964144273;0.7051751266593156;5.436949323043819;7.848155156497572
25;C18.1n7;1.0282622566701287;0.05741662072123642;0.9306958102773326;1.120068813943791
25;C18.1n9;46.27800535106453;2.4273420689564262;41.770861486831585;50.46041805373816
25;C18.2;8.127895746433447;0.4094316012694374;7.352073664495059;8.686547557787517
25;C18.3;0.3953063978533837;0.058139090577658654;0.260400957163702;0.4588793317843478
25;C20.0;0.4146265275925269;0.02364569766169974;0.38695095548778596;0.46060926089122356
25;X13.cis.beta.carotene;56.20918973578711;14.769238068779682;31.72380630686088;85.00326196934776
25;X9.cis.beta.carotene;98.25378836808397;37.24270929703502;42.77864272316393;143.3733583767241
25;eau;40.477424151089735;8.764565038655322;26.103076359082493;53.63000235556729
25;ratio.alpha.beta;1.2592899809075464;0.16857635388424355;0.8380786654507979;1.474972901987217
25;ratio.alpha.natif;0.5210588395506458;0.04408979870520631;0.40192790752869645;0.5586602750560216
25;ratio.beta.natif;0.48508230122762025;0.040654632259620606;0.4511364017831795;0.5841566326932474
25;tlip.MS;75.81089068897067;3.476375345336201;72.06744292942557;81.47302538245667
25;total.beta.carotene;713.7922078401947;338.994601534129;234.40175578517176;1345.7141072195802
25;total.carotene;1044.8996829490732;552.6248602543074;459.78916699562114;2201.0300331558365
25;total.trans.carotene.natif;900.9612075722622;485.30169244960774;405.8138730565417;1908.9529861365684
25;trans.alpha.carotene;392.73586195852414;235.05141862500793;186.35626960505394;1013.5966259492716
25;trans.beta.carotene;583.6969769535558;279.014515113489;199.14680202974097;1097.3915607160523
26;C14.0;0.8251992303611441;0.07596935592820442;0.6869220454848297;0.9106523282747642
26;C16.0;42.545575936137894;1.120414677651398;41.305434060517406;44.02653048280152
26;C18.0;6.5691386180695135;0.7669923826149646;5.4028223421676085;7.467117508404445
26;C18.1n7;1.1418551684517846;0.18728752919073877;1.0062042695305062;1.4881018305116027
26;C18.1n9;41.60878707744879;1.6765399398688232;39.425936840961114;43.81597559039851
26;C18.2;8.070756172017678;0.39442656835421963;7.715718231339919;8.770122622547166
26;C18.3;0.2844290906524172;0.05238011803012386;0.1979256387922146;0.3401440898630939
26;C20.0;0.44221165118548716;0.033344769001318775;0.382004494573913;0.4669780277530986
26;X13.cis.beta.carotene;65.51311845547694;10.413176160433041;47.12229687031351;77.60175426397802
26;X9.cis.beta.carotene;120.93379283072109;32.91240234131617;65.88865591772084;150.99681762625553
26;eau;21.912335178311867;1.9123689176926255;19.14152769704053;24.85943630384699
26;ratio.alpha.beta;1.1141790539680871;0.15197059779980104;0.8969244807453053;1.3406562297715567
26;ratio.alpha.natif;0.486830270352979;0.032758150390936394;0.43765476183227636;0.5268709810433647
26;ratio.beta.natif;0.5175667913088723;0.03926846779517656;0.4776003439162559;0.57634799946359
26;tlip.MS;82.56315271966623;0.7129287946163139;81.99145364815426;83.82271442507296
26;total.beta.carotene;799.8131526135097;206.3833638473298;389.88851153954914;924.2831119471269
26;total.carotene;1184.373958497157;355.56847528245515;649.383046227504;1614.8518182920293
26;total.trans.carotene.natif;1019.9724476158043;302.13275294507133;566.8658161904433;1421.9153011399403
26;trans.alpha.carotene;379.7090941927058;143.21056839764998;261.5619091514943;654.4217043255832
26;trans.beta.carotene;602.7090989406578;152.50681586954266;300.30028433554065;717.6777058352305
27;C14.0;0.8235311089367731;0.029414045827180612;0.7857590392095184;0.8669821335717595
27;C16.0;40.274158472277335;0.7823281059961225;39.22511333920231;41.19183763294429
27;C18.0;7.08807493082706;0.5184813797395207;6.470121069702757;7.892828964423537
27;C18.1n7;0.979848862523894;0.037539682544438166;0.9251207402146752;1.0262969428778903
27;C18.1n9;45.55432976100097;0.8879215915998601;44.48115922626084;46.90800428390933
27;C18.2;8.130670748227963;0.14701907238612946;7.928844705677602;8.24920244021394
27;C18.3;0.251985354373256;0.020619521568830946;0.21819228620630707;0.2714113555081195
27;C20.0;0.4430168339439559;0.008018130007982209;0.43144380846364005;0.452302680013147
27;X13.cis.beta.carotene;54.531039052486584;7.275405201155122;47.23370195740483;64.7608132264363
27;X9.cis.beta.carotene;90.35979136233729;14.473612050543698;73.01343840867418;109.02222613885539
27;eau;19.67910568275227;0.6105195756691861;19.020417932793816;20.530832557378588
27;ratio.alpha.beta;1.257588339895888;0.08799223073386753;1.1736470306680953;1.3533015057051776
27;ratio.alpha.natif;0.5121863606314283;0.019817387399522338;0.49291480883177136;0.5454592320419632
27;ratio.beta.natif;0.4889007676468212;0.02663394582113853;0.4517196114779703;0.523060868746646
27;tlip.MS;82.16550234895173;0.7908286442382436;81.05451586378253;83.06920228006302
27;total.beta.carotene;689.3196961313381;174.67975231367453;483.5159130905969;911.9720045646692
27;total.carotene;907.203593935775;210.22101234567083;660.5785680411504;1196.528005481568
27;total.trans.carotene.natif;727.2010709386047;124.40665965887077;566.1819568316815;855.261060316337
27;trans.alpha.carotene;341.7598698257176;29.923265750532142;291.00618144137496;364.3087108435754
27;trans.beta.carotene;491.9626477055064;130.346296581701;347.9723565566879;679.541686524461
28;C14.0;0.6738004677370163;0.10110264030274302;0.5317502638557149;0.7910596131705637
28;C16.0;39.599581825080634;1.367179780067862;37.136700154901476;41.08686208855882
28;C18.0;5.766676486948914;0.18654661465479105;5.4657556631279665;5.995087227700819
28;C18.1n7;1.0910510218483676;0.046405394761738675;1.0496342706565853;1.1743636644811843
28;C18.1n9;44.95642530071012;1.4270086446623795;43.25527607051432;46.70645768940562
28;C18.2;7.282644750028268;0.5077515925430174;6.545390747412509;7.882397086146377
28;C18.3;0.385699595438026;0.039916353429211106;0.32406367506154654;0.4254078000502978
28;C20.0;0.44463808987732384;0.0087418133059789;0.4355344820238012;0.4575649076779196
28;X13.cis.beta.carotene;83.17567556178783;8.813412396204352;71.81033504901754;94.94028342004268
28;X9.cis.beta.carotene;152.0145697439259;25.191208111108278;125.13860191737984;180.73885044765913
28;eau;23.943755730986663;3.411449731254295;21.342221162332997;29.91583394008429
28;ratio.alpha.beta;1.0579426529344211;0.17908651436339632;0.849146017431327;1.3584940762678106
28;ratio.alpha.natif;0.4474908128144848;0.04949189266174788;0.37791602585878986;0.5138900619954764
28;ratio.beta.natif;0.5515736835150976;0.05312189293248546;0.4899646111696218;0.624667039968027
28;tlip.MS;81.49800193745041;1.288489761281102;79.54151259225412;82.69496946782537
28;total.beta.carotene;1026.065524136435;53.58607568987719;951.374996666778;1100.7272575197403
28;total.carotene;1820.407397405684;198.94115474104984;1571.1776179587011;2100.7899893070235
28;total.trans.carotene.natif;1439.4743433870008;171.82748014483835;1214.6908585688723;1658.159825229969
28;trans.alpha.carotene;803.5892444077708;218.26208309745712;535.990429103782;1028.9754721744678
28;trans.beta.carotene;747.272390366198;56.138496058512594;677.467272196267;825.3813276924878
29;C14.0;0.8707841984678364;0.09139589029912018;0.7627451886658554;0.9654777014827541
29;C16.0;43.34055513493231;1.5111028508266924;41.45461683096077;45.47906263883316
29;C18.0;6.893881657134561;0.562371391738552;6.2570316475881285;7.5800647693678425
29;C18.1n7;1.1287950946084617;0.15788754551104336;0.9745643280798509;1.3928157517829483
29;C18.1n9;43.335475167247054;1.1932873790098837;42.03010156074674;45.0420761912629
29;C18.2;8.409173812120258;0.33381665651546794;7.964563628961093;8.738466173173975
29;C18.3;0.20927471878356566;0.05521120869326551;0.1522289761388529;0.2810936453591054
29;C20.0;0.43964318372472305;0.041803929025026984;0.3664524308351218;0.46966715513815466
29;X13.cis.beta.carotene;29.150309343319826;5.39908840404216;24.26479461649957;37.88549825292895
29;X9.cis.beta.carotene;44.21060007090942;11.285533751659141;35.72175982291656;63.64760686354261
29;eau;23.527983972943435;5.198652202296727;19.511668215255696;32.3208318372913
29;ratio.alpha.beta;1.1560556429907758;0.11782910597242914;1.0282063550528602;1.330399666629302
29;ratio.alpha.natif;0.5054676648979862;0.018609925272819093;0.4782789401647305;0.526164414489738
29;ratio.beta.natif;0.4872942895968103;0.023932669582623335;0.4685549234338048;0.519235556092924
29;tlip.MS;83.12426677514483;0.576374790039423;82.24017567515094;83.66480013698224
29;total.beta.carotene;250.9283125410167;42.50908441315937;200.03851522310998;307.2489170049723
29;total.carotene;388.9137501453662;110.81911020393129;308.2671615164913;581.0051734492747
29;total.trans.carotene.natif;325.19732983665267;110.66631823614671;253.81935395371346;518.5168466516506
29;trans.alpha.carotene;141.24896576298116;29.14805107336023;124.0658286493371;192.88599782221408
29;trans.beta.carotene;188.19435827684848;22.81856267955274;161.19512159965035;223.3304775291765
30;C14.0;0.8347304314754372;0.1628007561390782;0.49869868227286934;1.0885886415118335
30;C16.0;37.66581833279448;2.164845143112027;32.147196993141;40.13518473261328
30;C18.0;7.2656220006665535;0.9070426910598305;5.675641645979767;9.050211441918632
30;C18.1n7;0.9906054669613217;0.06950136309322123;0.883697791196618;1.1241231264248646
30;C18.1n9;47.89211626870593;1.8687754688809624;45.23393715783451;50.82068997951426
30;C18.2;8.24713304362584;0.4894477173356255;7.277879328200049;8.868423749727617
30;C18.3;0.3740475912429306;0.039350550061724214;0.33143232011474244;0.4468081510943691
30;C20.0;0.43335710146951256;0.009889736637501836;0.4235156097505029;0.4553054544415036
30;X13.cis.beta.carotene;68.2580123252687;11.105623592851066;53.32560572421222;92.16370874831865
30;X9.cis.beta.carotene;138.6023929029873;27.923986240814074;72.11885406845398;178.4149041912278
30;eau;25.215742870374015;2.913876973878373;21.15999974111901;31.25000251791657
30;ratio.alpha.beta;1.1656396845899304;0.14213851452242807;0.9305532828938254;1.3710023486833338
30;ratio.alpha.natif;0.45732520660292875;0.0381577825733428;0.3814232125042308;0.5023369321277149
30;ratio.beta.natif;0.5360821235323302;0.0446437743324414;0.47232410901114846;0.6190670832404472
30;tlip.MS;80.48275926245874;1.4363925247745006;77.6731300706735;82.77240430605987
30;total.beta.carotene;1015.9105877575703;128.2202758870459;875.844008570718;1260.095561731932
30;total.carotene;1486.511933015225;416.8377207558214;770.7542258620851;2040.851982687962
30;total.trans.carotene.natif;1297.7156185821598;354.90769448920594;700.5178752387017;1726.3849192801008
30;trans.alpha.carotene;658.4553118782843;256.6346451165644;354.26966360060413;1103.8226660243668
30;trans.beta.carotene;807.4833526408155;98.7651030556085;725.225854772;1030.3205553065518
31;C14.0;0.8080766447513407;0.11513750008843444;0.6699963440503224;0.9569188120864516
31;C16.0;41.07846387650211;1.1464491980180826;40.437094967973486;43.40886210913419
31;C18.0;6.186640490551664;0.46574038780368404;5.765759091301336;6.8452934448054235
31;C18.1n7;1.100140204190571;0.10503148247393869;1.0013251733146733;1.2761574169026597
31;C18.1n9;41.60193147165061;2.616062831515454;38.71344294129029;45.24213082771424
31;C18.2;7.938574834745879;0.4216018787512208;7.49906252936328;8.476585773021752
31;C18.3;0.36416168619142547;0.028482178736367825;0.32779854874561015;0.3947037774086704
31;C20.0;0.4370403425961329;0.017255857735840773;0.4178981307969861;0.45717532568651875
31;X13.cis.beta.carotene;77.43013176843274;13.088007788997201;61.00425051672533;91.7429570581248
31;X9.cis.beta.carotene;142.84507275845036;20.41917037061597;110.96239437086814;171.56814654920592
31;eau;22.040962052941726;1.3487640133742667;20.652220959561937;24.067500422552722
31;ratio.alpha.beta;1.0550076160948123;0.1539013230238119;0.7577629455455035;1.1752703470304247
31;ratio.alpha.natif;0.46130117432830975;0.04622175715885299;0.36904603664081237;0.497059702207201
31;ratio.beta.natif;0.539520166744507;0.05057085252703615;0.49186627058672905;0.637608592435691
31;tlip.MS;81.66049045981612;0.8445199205671969;80.48466937663287;82.85368531735466
31;total.beta.carotene;950.2063461488902;68.94220506242497;847.3240123975286;1031.377363345454
31;total.carotene;1552.3641717584658;328.5462846173648;1113.7827894159495;1960.4713758860019
31;total.trans.carotene.natif;1251.4523325281352;290.4762135972163;837.5732756654477;1565.6909475117372
31;trans.alpha.carotene;574.4644787207787;238.27288536757544;402.92727405583224;1027.5098880774954
31;trans.beta.carotene;724.7365460388158;81.50170830681553;620.3123833592463;801.3016108136416
32;C14.0;0.8440752663354192;0.17243756487600034;0.5519106955073617;1.0234427139524653
32;C16.0;40.164597693594516;2.247524641903344;36.135469404639814;42.89488293141898
32;C18.0;6.413973863571439;0.634245916718336;5.325384742160094;7.2258400683075505
32;C18.1n7;0.9952861827893021;0.04228137784097705;0.9369895994781156;1.0405918949562496
32;C18.1n9;43.25942819019449;1.4884764032217863;41.72262204985526;45.01091920082671
32;C18.2;8.165113917131197;0.4217181288843381;7.5185604045290635;8.563494148079592
32;C18.3;0.26707445922782225;0.06773615990843915;0.17858489814226527;0.36168981964247526
32;C20.0;0.45160287537137256;0.01612970013214608;0.43139110873052217;0.4732437689165031
32;X13.cis.beta.carotene;53.398809315671436;14.75384726968391;35.053569830169444;77.77257052063929
32;X9.cis.beta.carotene;96.89212056214137;36.22990359424124;61.68311033025465;157.09292349908787
32;eau;21.30360928208935;2.1461811419165193;18.621665591334803;23.712499334118675
32;ratio.alpha.beta;1.0728962850889792;0.1989622560926438;0.8126962362529487;1.328503191858465
32;ratio.alpha.natif;0.4721001226357841;0.05148898724786611;0.41008035039807733;0.5217669173080931
32;ratio.beta.natif;0.5368144120511696;0.057969143225380444;0.4797767528475022;0.6067813751255892
32;tlip.MS;81.09807903053994;0.9780609949278828;79.41579657491877;82.15667778109912
32;total.beta.carotene;624.586544225792;287.63936242792;376.6248976496439;1078.5865780485378
32;total.carotene;1009.7047946631004;507.6401143465031;658.8519275402105;1791.2329628623309
32;total.trans.carotene.natif;830.6802809880463;369.56578596382764;577.3907515884445;1327.7813410079457
32;trans.alpha.carotene;377.95507290783434;143.47710426853607;257.4862212709477;629.9743938361885
32;trans.beta.carotene;450.0653465304301;214.8755043327755;272.4448309218124;766.7707117788258
33;C14.0;0.7906901849470459;0.2287984436142366;0.5351442300792828;1.1951837941547054
33;C16.0;40.946355208877435;2.047224734351239;37.98606758551634;44.30879145927754
33;C18.0;6.114061810941684;0.7056877839987318;5.284384279268985;7.271187538805735
33;C18.1n7;1.0492844259027778;0.03953648923578883;0.9890988807338555;1.1070885197412306
33;C18.1n9;42.675882877528444;2.6375492783579473;39.90298270713745;46.584652242986316
33;C18.2;8.654739392215932;0.22232449652595412;8.28565122945835;8.888843229311007
33;C18.3;0.2919768038477113;0.046347461187635386;0.2528060441864717;0.3797747973348408
33;C20.0;0.44912713694077144;0.017334559764554294;0.42540657406255256;0.4671171535901841
33;X13.cis.beta.carotene;43.101982205474485;14.264012664032027;26.32506316182924;67.5938276632047
33;X9.cis.beta.carotene;80.01478038541238;43.53312743292363;42.46264302567585;163.2687299969278
33;eau;24.12870119806618;1.2793830515273368;22.9574963741761;26.310002609942106
33;ratio.alpha.beta;0.9552406812294413;0.15926583480594259;0.6849122789636077;1.1080846936924391
33;ratio.alpha.natif;0.4530078058192643;0.03696374238765077;0.40037777230124777;0.496287804705012
33;ratio.beta.natif;0.5454127371209778;0.04065994723787376;0.5009583971602148;0.6017122870003214
33;tlip.MS;81.19461393750957;1.5101878956584358;79.2257188183025;82.8065628556367
33;total.beta.carotene;526.8237325458298;337.237319751931;286.4772496153722;1168.783421116839
33;total.carotene;709.7717449199854;483.60142094190746;394.67667209255524;1671.0452235399111
33;total.trans.carotene.natif;623.7671238537388;436.1519866781263;323.5125893445477;1486.8108881302971
33;trans.alpha.carotene;278.34446683062635;159.38351088363632;165.88181435901208;577.5152416879606
33;trans.beta.carotene;403.917252812842;299.35046732295774;225.95686742118107;997.5770362926148
34;C14.0;0.9393228143889271;0.11757433620180745;0.8298933669324018;1.104275566447626
34;C16.0;40.93187835016841;1.4832502251647695;38.95106108734197;43.457267193618534
34;C18.0;6.805517310065329;0.8352711191916868;5.509363012962522;8.097857474201154
34;C18.1n7;0.9657590929537093;0.05040674891637385;0.8816480428873977;1.0029173558820696
34;C18.1n9;44.094276072490565;1.5776194742661742;41.56796491663224;45.69183863869799
34;C18.2;7.876712636991954;0.39159823421929363;7.2273290144246065;8.266917828979174
34;C18.3;0.371306862705282;0.03413406326332916;0.3392644751034029;0.43608506614010134
34;C20.0;0.45870824096525437;0.0031907018883122686;0.4543723340206281;0.4631080220669655
34;X13.cis.beta.carotene;77.19813777200535;10.153138457536183;66.04482572169253;94.99149984020333
34;X9.cis.beta.carotene;144.07225118546074;30.553576285949234;112.18121415963157;196.302271616592
34;eau;22.51249083756657;0.7588848413540569;21.64799902083972;23.74999984866146
34;ratio.alpha.beta;1.2488803227067609;0.17824209540426408;0.9975666244870282;1.4223767636873514
34;ratio.alpha.natif;0.4970042077918218;0.03281182772852157;0.4480744874092114;0.5326746083652881
34;ratio.beta.natif;0.49736321575724124;0.04101795664778422;0.4570067257897826;0.5659618741895445
34;tlip.MS;80.73938664145065;1.2699046835131178;78.90614189611924;82.24428974548573
34;total.beta.carotene;1050.2648928051597;95.46367737117195;943.2193750869799;1184.7639771772938
34;total.carotene;1411.170929296654;296.34211761820654;947.8089924736612;1856.1925439099473
34;total.trans.carotene.natif;1197.1084387556373;226.08537251212226;847.708403469867;1497.391245802869
34;trans.alpha.carotene;638.6901202196848;266.49144431101604;395.479228576989;1019.7064341660458
34;trans.beta.carotene;749.0637597422827;68.24846871340878;645.6503116010834;833.2549630810878
35;C14.0;1.0814057676830025;0.17169868933343382;0.8489528646148023;1.2931053516106183
35;C16.0;43.501656064756105;2.0220903879551217;40.53508750141477;45.47164303840561
35;C18.0;5.626632445081768;0.4614360578722159;5.157554965706208;6.391784595743583
35;C18.1n7;0.9814622989226208;0.0404636905644743;0.9255147354604705;1.0357139198565164
35;C18.1n9;38.56917390400199;0.7856622022218266;37.53460222413524;39.86198017887422
35;C18.2;8.15871570356794;0.5534043881564902;7.519298638355562;8.920212498716623
35;C18.3;0.38498267568359923;0.0339507839445109;0.34943144519305;0.4318186280468533
35;C20.0;0.4483026828807864;0.013751859957448587;0.4227098494211489;0.4616114064393206
35;X13.cis.beta.carotene;80.47723704539372;6.6938868033865235;71.11619203416257;90.31360432718486
35;X9.cis.beta.carotene;149.15391338932776;14.943012523085784;134.9552075772204;175.3653083160406
35;eau;22.178892044497974;1.4291383004504055;20.21899984743152;23.949999096293173
35;ratio.alpha.beta;0.9552316152970075;0.09794370624858718;0.7845573606250482;1.0774670966928057
35;ratio.alpha.natif;0.43102835018613234;0.03459610361880875;0.3706699412696947;0.47680129228717477
35;ratio.beta.natif;0.5688580325131894;0.040592598018878254;0.5182872056026605;0.637988390213174
35;tlip.MS;79.25346886299799;1.1002117680223023;78.1906539082855;80.88990497599521
35;total.beta.carotene;1033.8517527218653;61.88755512137291;971.2806029796488;1133.0648143090502
35;total.carotene;1589.4090430679328;187.40416736339344;1328.8256731925283;1877.0406576954117
35;total.trans.carotene.natif;1301.2965087536916;165.15654489985866;1139.2776194566893;1526.9278174987633
35;trans.alpha.carotene;947.1961400488425;53.26424619268516;892.2295282382888;1043.7943422027884
35;trans.beta.carotene;764.7488977155326;41.06040897433638;713.9240233997244;817.2399846227504
36;C14.0;0.882791781774081;0.16298487913225637;0.5413375369102909;1.1502620200822267
36;C16.0;40.32305421615827;2.5749408064305057;37.22688047091389;44.68860432529674
36;C18.0;7.0721012236009715;0.4165926668903968;6.610507759204534;7.98099793933211
36;C18.1n7;1.036837753547629;0.08358482654522162;0.8888819161500335;1.1501029047170253
36;C18.1n9;47.96016735174285;2.738128734327154;41.49015896594158;50.964603443043224
36;C18.2;8.688850109943264;0.5014828420929233;7.70369908219532;9.331483256434572
36;C18.3;0.3059101265213046;0.043651128227897296;0.22047788823500514;0.3988623490258025
36;C20.0;0.4577384460718874;0.018311674471802958;0.417736136843341;0.4876527589176517
36;X13.cis.beta.carotene;48.944686351334646;13.139340931508624;33.24669874761064;73.05217401074259
36;X9.cis.beta.carotene;81.04659082271537;38.566819830888846;28.271886544721653;168.51525520490137
36;eau;27.04259264575987;2.7464361057349267;23.480001025596383;33.86727072684111
36;ratio.alpha.beta;1.20782876257158;0.08433908137055954;1.1255378826293316;1.402249089889237
36;ratio.alpha.natif;0.5007191156456364;0.01032827313585277;0.4802405913671278;0.5143367895504316
36;ratio.beta.natif;0.5011590859720932;0.013643253944527783;0.48188067859810035;0.5290997594934912
36;tlip.MS;80.43453916711641;1.2097636937606906;77.95865571651646;81.68000408633172
36;total.beta.carotene;382.57081070711;150.15698416101765;190.98397490803666;593.2682388963653
36;total.carotene;464.8668213042947;119.26933794000449;379.94533321801134;823.3376019947806
36;total.trans.carotene.natif;378.49232292047026;115.26388290850537;316.5917827789724;723.6057260032757
36;trans.alpha.carotene;237.14672886792258;118.4817619491753;163.68676020366928;530.5279621637442
36;trans.beta.carotene;253.88109107036544;103.28546963389176;137.07002203834662;410.1448303339975
37;C14.0;0.9234845917828366;0.1376384787507097;0.7667341277658162;1.146815312533957
37;C16.0;42.678270296075056;1.7651319579343832;40.25984605856104;45.404438706388326
37;C18.0;5.799767954866598;0.4883587267559249;5.2042087641617885;6.566862730117383
37;C18.1n7;1.077491844106901;0.07727025646706849;0.9449496585996515;1.1675702207425256
37;C18.1n9;40.856114039637184;1.808902598422227;39.21564369508583;43.46284155397226
37;C18.2;8.25592978066126;0.32828340102045606;7.9500336114389265;8.88808672639119
37;C18.3;0.2602815047241822;0.07780444094394125;0.19261571442067577;0.4113574623107104
37;C20.0;0.458779253053707;0.006641656386446754;0.45188194347350796;0.4675440380644109
37;X13.cis.beta.carotene;58.645919945426705;14.816916221812807;44.05284224726697;82.671709586324
37;X9.cis.beta.carotene;102.89284172753793;47.282057472645356;65.53416051399226;185.5524728908063
37;eau;20.443551888994026;1.3405524895443408;19.232381471257014;23.032219765482232
37;ratio.alpha.beta;0.976163867087087;0.12391336569079792;0.7957122894507649;1.114468198721789
37;ratio.alpha.natif;0.4569764122834999;0.03534079014733783;0.40424194041536543;0.49068137574958487
37;ratio.beta.natif;0.5444843616731244;0.0452834380507542;0.5005154971120358;0.611856378623102
37;tlip.MS;81.48249171628925;0.8511523187095716;80.52631350665108;82.67848549836528
37;total.beta.carotene;640.0147590971775;233.74605768850424;453.5939805047353;1064.9023860275863
37;total.carotene;886.161155792881;476.28002973800994;613.83406664149;1836.5578402834683
37;total.trans.carotene.natif;734.3431444759302;421.9936702454994;457.2865758139267;1570.5955132487952
37;trans.alpha.carotene;453.0391158654343;285.2721996491143;217.88660322880642;976.9292183948693
37;trans.beta.carotene;436.69648043944085;202.46120867758216;255.68547838990992;775.8425170781998
38;C14.0;1.1888334030841456;0.07677780606189126;1.1202221320993766;1.3069486927386966
38;C16.0;44.814104274529456;1.3381265770956132;43.00094163277875;46.57217291557144
38;C18.0;5.779932224932656;0.577147841136149;5.140264787224776;6.481375426930813
38;C18.1n7;1.0456364093383956;0.0835711479516813;0.9415897276514442;1.1299511816218004
38;C18.1n9;38.583000267699774;1.135624857089097;37.292493147060384;40.22813873837568
38;C18.2;8.218093067473145;0.25992047523794165;7.907386925067832;8.629939597256355
38;C18.3;0.27582353878437044;0.06796097729180389;0.19800715048429837;0.38307284563529237
38;C20.0;0.4542644200629544;0.018616052589288112;0.4321385955756647;0.475962206578486
38;X13.cis.beta.carotene;52.48265028560233;14.954803112674611;36.709482249551186;75.29961236002451
38;X9.cis.beta.carotene;91.22320218196089;43.37190281897413;59.44436611749484;159.39470953444953
38;eau;20.692021111703973;2.2639041867423315;18.659998514497055;23.77999702951867
38;ratio.alpha.beta;1.0058375632633734;0.2008288906712943;0.7590661463857233;1.3159635905446114
38;ratio.alpha.natif;0.4594014287485373;0.04463332672463095;0.38608786905782555;0.49783913758153375
38;ratio.beta.natif;0.5359236184173825;0.052432616662508785;0.49052497668607886;0.6163891951082872
38;tlip.MS;80.76486913041158;0.662824999058336;80.09247260256885;81.7184465003286
38;total.beta.carotene;587.5126547201323;251.96486971476867;341.7319357405285;974.3203891460787
38;total.carotene;910.97388726342;474.14297912775373;644.2875777465346;1757.0145413581608
38;total.trans.carotene.natif;798.0547809893056;421.2314456536067;553.4932761926547;1548.2539353662373
38;trans.alpha.carotene;445.34816471150333;361.12929378070174;231.47891340855224;1086.5856391179416
38;trans.beta.carotene;444.4810408538131;213.4116496263091;255.50263789148875;794.2276791857545
39;C14.0;1.0319077639069345;0.1348159657681465;0.8627670844102476;1.159137839879304
39;C16.0;42.834128286612724;1.4289182497769515;41.673705089964905;44.628162656050215
39;C18.0;6.256812721070451;0.41880825659358056;5.772803994025439;6.670309504568454
39;C18.1n7;1.0143901131854327;0.06929818544684023;0.9138993068021912;1.0824707829756213
39;C18.1n9;41.15329554254444;1.1368144121219115;39.791093191042634;42.423352090162055
39;C18.2;8.247541658069313;0.7485887379734095;7.515242619800444;9.485424132387061
39;C18.3;0.32277395874587994;0.09035130936818601;0.24033014610570905;0.44153774414990565
39;C20.0;0.4493802165503326;0.009332015645897695;0.4408543178788357;0.45979643954308164
39;X13.cis.beta.carotene;62.83084451216113;27.633100893177122;34.48933837065568;106.25389224681409
39;X9.cis.beta.carotene;111.35044079357422;40.80950307164197;55.02198184507378;150.02953288424294
39;eau;25.63675270060343;3.4107752950842656;21.960552066422423;31.10571385175726
39;ratio.alpha.beta;1.1263104983827783;0.14926110715282764;0.9023728928904452;1.2726189209063112
39;ratio.alpha.natif;0.4837789640333794;0.03838449781715518;0.41624406990308643;0.5118518842084666
39;ratio.beta.natif;0.5159380564301154;0.045817831086622185;0.48958684791667956;0.5973964826850809
39;tlip.MS;79.58208842672097;1.1630196087703168;78.27373420795274;81.42623471483802
39;total.beta.carotene;724.0877524969688;357.6646553750124;275.1908586554811;1169.2153690287864
39;total.carotene;1108.7374085520878;709.0928347130834;409.92238940390496;2057.1709472328175
39;total.trans.carotene.natif;950.9318548400246;595.6081966867087;328.002074103341;1735.690138323438
39;trans.alpha.carotene;426.69721919604626;178.6044947788392;187.35492005903043;565.2862801413218
39;trans.beta.carotene;542.5593032489854;318.81829649715047;205.93173476851626;955.5759460597012
40;C14.0;0.5895622438024595;0.07009869411215966;0.48808190619722536;0.691244464459313
40;C16.0;37.59390190963739;1.3123135964330805;35.98311426711914;39.67909521144695
40;C18.0;5.951724863856383;0.39655586094165907;5.596423310833936;6.661016702725095
40;C18.1n7;1.1407848179458613;0.0830010850213965;0.9964439714699656;1.2333257720982385
40;C18.1n9;45.44117331652813;1.8565753844045172;43.70688488874323;48.48906533945433
40;C18.2;8.19606281432412;0.1471315194805274;7.911798720979719;8.306346364778726
40;C18.3;0.24224910396815305;0.03400213013343115;0.20073608413286587;0.28223966674200507
40;C20.0;0.432478067702107;0.015971643572933975;0.4103235260109658;0.45008049590357657
40;X13.cis.beta.carotene;49.270559884128694;7.3275126170830465;40.076455514159;59.81383922940934
40;X9.cis.beta.carotene;106.78401108676132;32.116980253661005;68.54845515638257;144.0355881086386
40;eau;19.933895416338107;1.2068307757219374;18.6037502764832;21.830597031554845
40;ratio.alpha.beta;1.194375763517306;0.1558346916676301;0.9687897294217361;1.397809702962043
40;ratio.alpha.natif;0.5123551746762595;0.04115556672127458;0.4585413933253104;0.5604580848630601
40;ratio.beta.natif;0.47999834013712644;0.04176363282318889;0.4268367905652813;0.5373464785109267
40;tlip.MS;82.2876735962226;0.8279367014050387;81.3758181480428;83.32989176622868
40;total.beta.carotene;560.4778475646577;169.77474207138815;377.1540157537584;775.1922973708964
40;total.carotene;757.7283291036468;82.39137634837282;678.2193370202398;903.0374662365393
40;total.trans.carotene.natif;625.212025495497;60.347835493414316;538.4063386112621;707.8058819967259
40;trans.alpha.carotene;390.9053159291778;160.52681467678542;261.59822256594924;663.5446365182364
40;trans.beta.carotene;382.2036135672633;115.32955831753983;254.35883159356078;508.7048563425056
41;C14.0;0.9373489112100882;0.09935291959939091;0.817016481431126;1.0560247961684899
41;C16.0;42.43790150766355;0.8218599040736891;41.46726569516173;43.532009447862684
41;C18.0;5.449010872228172;0.42630544654758307;4.926374793633675;6.021540449576419
41;C18.1n7;1.1411390452102659;0.1703233299772715;0.8337109239334929;1.3572975710032125
41;C18.1n9;41.70529364166087;2.5697555293853904;38.78498471580914;44.848985277555606
41;C18.2;8.452591841019725;0.7534273771746354;7.624717344709468;9.52172469879941
41;C18.3;0.29330764045636376;0.08687595308306945;0.19170938048114775;0.3973778719295594
41;C20.0;0.41260997261405935;0.021367534685492198;0.39007451563263473;0.45314890097932337
41;X13.cis.beta.carotene;51.05006045313047;22.105757211566473;23.424171837920966;72.92321896417079
41;X9.cis.beta.carotene;79.48666550118799;46.43183611528557;26.56743364870878;129.90686839521322
41;eau;29.90844426198289;6.846595823932862;21.83959871683039;38.12666586577669
41;ratio.alpha.beta;1.1905032267970623;0.20812021670103067;0.9266210005746361;1.4081224006794617
41;ratio.alpha.natif;0.5159930232697693;0.03952443575711287;0.4692221433629825;0.5702519510977768
41;ratio.beta.natif;0.48507352049900204;0.03991827630094484;0.4282991032214794;0.5347343646066423
41;tlip.MS;79.09171702571011;2.678236995702297;74.35138128024037;81.64191126014076
41;total.beta.carotene;590.8451942162213;368.3086543473092;167.05694950106172;1001.0678851194882
41;total.carotene;1211.8290816787483;803.4434665817392;331.0788904244668;2389.6080775331952
41;total.trans.carotene.natif;1086.1350957916104;741.8340894222699;282.34150075330723;2187.8364345459095
41;trans.alpha.carotene;387.31145133262635;214.97787753601372;120.60137538840705;692.873082514144
41;trans.beta.carotene;443.05174012406763;267.26789167017364;123.05768849514011;758.1082454564864
42;C14.0;1.0795569353469523;0.10127974517725394;0.8958788091925007;1.1721169325934182
42;C16.0;44.64164615131682;0.9444903362993824;43.066006699302704;45.60658927412998
42;C18.0;5.882377199387652;0.6025163255760992;5.323538629213046;6.875041496812806
42;C18.1n7;1.116791865745786;0.14239988510981924;0.9834298153283556;1.3064556768702533
42;C18.1n9;37.61554359304888;0.7149880607520642;36.78184188376367;38.69475774497734
42;C18.2;8.407619311027043;0.8313666919104764;7.353110149288408;9.505462521277138
42;C18.3;0.27488145619749976;0.06494811365621767;0.19488034183007696;0.34539254942775477
42;C20.0;0.4076578639912473;0.030024063915254882;0.36090931234644336;0.44741933169391956
42;X13.cis.beta.carotene;47.36570602765332;18.967045408809696;24.429490463785218;76.18821005163443
42;X9.cis.beta.carotene;79.6878266628117;44.585317984032514;30.578447452213208;155.08958110184244
42;eau;25.76547244426665;4.351070623163118;20.772450680771566;31.345714149365662
42;ratio.alpha.beta;1.084160161306403;0.1851183036695909;0.942440030822905;1.3770222499460139
42;ratio.alpha.natif;0.4959701045427973;0.0443002962987072;0.4549559571125862;0.5543822241605894
42;ratio.beta.natif;0.49459988056118864;0.04617178311402998;0.437849021552485;0.5426219252605826
42;tlip.MS;79.94177164412103;1.338601947748755;78.7799701732241;82.36622814747253
42;total.beta.carotene;546.6938558429157;265.9039652813727;208.89868882527765;971.7101800720425
42;total.carotene;901.3289041873819;513.5344322410344;307.5868304926064;1804.3488716875568
42;total.trans.carotene.natif;803.6375140565974;489.52038161642963;282.5956727146494;1680.9827658950062
42;trans.alpha.carotene;345.2420795369205;162.3942195891772;106.82021816475333;534.3748663831444
42;trans.beta.carotene;425.89146542169993;213.1371493841679;162.58317702284418;729.4664191896238
43;C14.0;1.018813978508005;0.08566391591179745;0.9204249821529049;1.1337833622110707
43;C16.0;44.475037746757664;0.9841449692653185;42.89774729736606;45.5237748873461
43;C18.0;6.0758990911748265;0.43848493122017657;5.64868601965064;6.572307508293102
43;C18.1n7;1.0389036936700118;0.08252852213783685;0.9004002183066525;1.125854800589461
43;C18.1n9;39.97539757870936;0.9844502543519696;38.38075051646285;41.395606141897865
43;C18.2;8.488273424645087;0.6725560534871187;7.7866087572125915;9.621566534382449
43;C18.3;0.2430746739168752;0.05617864903994523;0.18652797391822307;0.3278299563630905
43;C20.0;0.44229617603946453;0.017280878775724318;0.41585904181711675;0.4618842294578831
43;X13.cis.beta.carotene;46.46409656937981;11.552119354931484;32.644410639732406;65.49722089328993
43;X9.cis.beta.carotene;72.41865332849984;33.60484643504238;39.799743392782126;127.65092505429166
43;eau;20.785279391611322;1.6134205763459786;18.481665360893484;22.599834653745862
43;ratio.alpha.beta;0.9888045706817271;0.15643393821779406;0.7357274247461953;1.1954343004806427
43;ratio.alpha.natif;0.46071409389749607;0.03819072669360616;0.4043779665873773;0.5119610138541676
43;ratio.beta.natif;0.54538072465647;0.03836880997133361;0.5038736206163394;0.6071084944645518
43;tlip.MS;83.00262449576887;0.15406070730974802;82.78086345379512;83.22487970449464
43;total.beta.carotene;553.7511166626031;186.5672521586043;301.9921967221605;866.756357544792
43;total.carotene;831.433049072094;367.59044456231436;596.6223893029817;1568.4471303533887
43;total.trans.carotene.natif;713.2377895985859;294.6930510764383;511.04933518099597;1302.2159095532113
43;trans.alpha.carotene;307.9414477492842;64.78691340847455;202.68215849315374;375.81141523147335
43;trans.beta.carotene;434.5385668956894;146.27094326468958;265.26948524283665;705.4536812224648
44;C14.0;1.0080775569460412;0.027650046053321532;0.9617842546263807;1.04283192743944
44;C16.0;43.78092086706105;0.8484237785353925;43.01059112438315;45.26346112013637
44;C18.0;5.139408573299544;0.3607189118557939;4.837106118111074;5.776141031165688
44;C18.1n7;1.2902297084118224;0.19039713541420009;1.0560455565059597;1.5195423899516236
44;C18.1n9;41.06868043639865;1.1731696516813892;38.96810392523889;42.37358034852464
44;C18.2;8.448563215315648;0.9362063976288514;6.807970910861141;9.68975516227148
44;C18.3;0.2978003223575491;0.07043916749721418;0.24331013118630174;0.4262785182484361
44;C20.0;0.40981466586963805;0.018058249987066934;0.38810344565768334;0.4341704001461944
44;X13.cis.beta.carotene;41.75329477490896;21.051145503591435;23.3805757370401;81.29246424587733
44;X9.cis.beta.carotene;57.03943810000877;41.39442974617838;26.624808354539482;138.22026698008517
44;eau;36.17619894900459;9.772825141526187;27.069945912074033;54.45999751266674
44;ratio.alpha.beta;1.1924501647576282;0.17435733403721795;1.0198036023658152;1.4427123005476388
44;ratio.alpha.natif;0.5206205191024905;0.031672725479145396;0.49138268623507136;0.566104492635854
44;ratio.beta.natif;0.47802423765807595;0.03186014598184426;0.43261963685135135;0.5119628710750099
44;tlip.MS;80.18410286292192;3.9837656389475105;72.37894057590182;82.79052086194307
44;total.beta.carotene;375.4580304264873;242.8568555522443;177.20973202871062;832.5251785410002
44;total.carotene;620.6493696352541;518.477223870471;344.5337378444539;1659.3678208594786
44;total.trans.carotene.natif;531.6392993422224;462.3918476655244;286.0085861851198;1455.7756450298841
44;trans.alpha.carotene;348.172348947858;468.95763911125755;126.16830060870461;1302.4381944458896
44;trans.beta.carotene;279.64235939976965;219.05815055974858;143.89796169812536;697.8184428718049
45;C14.0;0.8042915972436067;0.15040593897620008;0.5536517090991857;0.946382290559323
45;C16.0;40.72571420199825;2.1812685815339985;36.472496929574056;42.489234304194405
45;C18.0;5.728297327095322;0.06214407059221742;5.638520916622043;5.826189467977089
45;C18.1n7;1.2322124912767014;0.1630171778909666;1.0201765096545723;1.4998455656516392
45;C18.1n9;42.65093814057674;0.7500851945431086;41.50276438348853;43.312001019604345
45;C18.2;8.676550477406275;0.5758650017901104;8.022364895218136;9.465058404339981
45;C18.3;0.2500116683307898;0.03920153151886234;0.20762616516917565;0.29903803840174453
45;C20.0;0.42675349135229723;0.021113340084208652;0.3897539405603292;0.45211581313854654
45;X13.cis.beta.carotene;41.26290780331708;11.569094730019076;24.987500880920713;51.92056792459819
45;X9.cis.beta.carotene;76.54145162616435;33.279546048307964;36.11869293746418;114.86197231005036
45;eau;19.67848178509286;1.8201517088849837;18.53071299548962;23.134997794881926
45;ratio.alpha.beta;1.3420663286592103;0.1696805844300386;1.0951112110459584;1.5334963781966353
45;ratio.alpha.natif;0.544293101590982;0.02724675476320083;0.49452275887342095;0.5658800617479688
45;ratio.beta.natif;0.45414079863750817;0.027173552326268526;0.4254500943370505;0.5016749266632708
45;tlip.MS;83.24774197887668;0.4907802046926003;82.57224283925206;84.09475203385196
45;total.beta.carotene;454.66503051446017;136.26687200284883;254.60653072853663;597.6261188370468
45;total.carotene;608.8690085566917;220.9024934372576;346.3060270619402;934.4797450228155
45;total.trans.carotene.natif;518.3837379596376;197.3249513664727;276.9677467868868;803.803026289582
45;trans.alpha.carotene;295.86054439740775;225.77510486531654;133.18092199366725;745.0653492651621
45;trans.beta.carotene;333.2902631506745;113.12302801022416;181.84286451852142;479.676367970321
46;C14.0;0.9238878917058924;0.12470032477163147;0.7185968763641553;1.071087330103732
46;C16.0;42.81332303549684;1.9214804228808955;40.400724169852474;45.21968243464646
46;C18.0;5.504761851667642;0.6033416096567498;5.075179643201778;6.586939348776652
46;C18.1n7;1.1475436077949779;0.19205088359686556;1.0262426950207952;1.5319973210353133
46;C18.1n9;41.33099032232381;2.355083776314796;38.24623410258796;44.897494812480964
46;C18.2;8.314816841053341;1.1311485204979497;6.973616447926491;9.71869842136903
46;C18.3;0.29154371556492065;0.08313532122025011;0.18327457585179163;0.42733407292069164
46;C20.0;0.41400905983208086;0.030769145363084092;0.36081779383859164;0.45196184634579817
46;X13.cis.beta.carotene;53.056994790723515;25.9987830680764;28.399933622591863;94.8115699776242
46;X9.cis.beta.carotene;89.4513341737997;51.87500312820675;38.66119768331369;165.52225961398096
46;eau;24.98371460533517;4.338811680554338;20.200999531040697;32.26882095644354
46;ratio.alpha.beta;1.0938542838858503;0.1252818480886301;0.949946707907095;1.277189124291829
46;ratio.alpha.natif;0.4983591397241798;0.03398039489876895;0.4466645980481678;0.5305921101952527
46;ratio.beta.natif;0.495131824882509;0.03385337455798446;0.4693195953661655;0.5477846021936412
46;tlip.MS;81.85550049946;1.2770830305788172;79.6129099495439;82.94252013078126
46;total.beta.carotene;627.9667534580796;351.8111660852027;234.60917167861754;1191.2641231007983
46;total.carotene;986.7936327011413;690.9697190869035;349.505216635003;2181.0807332194595
46;total.trans.carotene.natif;847.9407068909455;580.4835344451021;296.1893435912359;1878.8528426837597
46;trans.alpha.carotene;482.50135642026095;308.8641943431027;173.20889427016172;904.0409158126026
46;trans.beta.carotene;465.7249666388802;255.69811214837114;177.33823852421028;876.5103795299522
47;C14.0;0.9191903603854019;0.020645985662730473;0.8845953616320401;0.9469426791806973
47;C16.0;41.46900808401292;0.8880752879533835;39.69235186704112;42.08293895663529
47;C18.0;5.384047198392854;0.5479868013291082;4.597395954321101;6.250825570173656
47;C18.1n7;1.3666684010182255;0.06842653458660075;1.2892530488421428;1.4739169256355644
47;C18.1n9;45.458802665231616;3.137274080234218;40.19808006742954;48.65998771772984
47;C18.2;9.639886666178958;0.4961183878373902;8.691026570841771;10.062090839328476
47;C18.3;0.4067328589677162;0.04083889489113002;0.3296631484434533;0.44909918463183063
47;C20.0;0.40259115669965473;0.012538411194779522;0.3796013185352637;0.4164413300189453
47;X13.cis.beta.carotene;58.5158507657251;10.958470184942776;36.70504290672914;66.676045899206
47;X9.cis.beta.carotene;98.40232950883478;44.901099242373654;40.00632948611709;159.9517985084396
47;eau;66.4833298200622;6.637679628799948;53.58000143045566;70.33999508345757
47;ratio.alpha.beta;1.160794186385546;0.06990967456917521;1.035086491766667;1.2266705727072729
47;ratio.alpha.natif;0.47797185644959234;0.013123226622433187;0.4648923072154119;0.5009326086523957
47;ratio.beta.natif;0.526259421023305;0.015259132779981897;0.4968216772756807;0.538190042034439
47;tlip.MS;65.93801485365472;4.421996738849199;62.427745739467525;73.19709761371037
47;total.beta.carotene;556.3509398014639;134.0227876176735;327.6439892382608;701.4269766221453
47;total.carotene;458.42010440748055;36.65229386594127;414.4087516876518;508.9699060166259
47;total.trans.carotene.natif;415.1202377240352;24.34470069323174;372.8570589775368;442.3642032558842
47;trans.alpha.carotene;176.20116930668715;33.157988317798;136.19931995431537;227.65158268738412
47;trans.beta.carotene;397.8452158074935;101.06135924189658;211.25889196909782;481.6046420410806
48;C14.0;0.9451595411031203;0.1129344998883975;0.7697408465688385;1.0561283076814028
48;C16.0;42.93805716347245;1.2939840512122867;41.12148986022821;44.71420791606414
48;C18.0;5.734015254903059;0.7443704238636368;5.107125366064021;6.87858614660089
48;C18.1n7;1.0397826702172657;0.08736526963463277;0.8754554726912191;1.1125439119816964
48;C18.1n9;41.53212403350815;1.868531133492953;38.80124568563456;44.07448223134053
48;C18.2;8.419215853776052;0.38253878145111164;7.87863138260281;8.975029275984262
48;C18.3;0.24176684116073519;0.04820477024614821;0.1867120437215999;0.3200333556351614
48;C20.0;0.4303068963517855;0.0216702998365104;0.40124736262508603;0.45362930597163276
48;X13.cis.beta.carotene;51.89469876682267;17.46731612008485;29.56885055060447;71.75706336126854
48;X9.cis.beta.carotene;87.76569606413551;42.43709410758591;41.34232030162675;133.9454679099183
48;eau;20.545332799531213;1.6632913378456171;18.443748097764786;22.368887367912592
48;ratio.alpha.beta;1.148737409785849;0.17132667208327226;0.8939330410904699;1.4307445558544944
48;ratio.alpha.natif;0.501975322069725;0.03384901238226477;0.4385451586139027;0.5384299739290145
48;ratio.beta.natif;0.49847343168991026;0.030364213704691466;0.4702741943336901;0.5543421479535454
48;tlip.MS;81.58371094224341;1.319632100059232;79.82432263195952;82.97296070192637
48;total.beta.carotene;607.9590012888272;296.3691915473343;246.4905097150048;942.4856679934835
48;total.carotene;800.9288226559179;368.2910981058616;392.45230733432516;1318.62020250905
48;total.trans.carotene.natif;639.4502166244292;264.4911760962871;327.1694804245506;960.7781265915127
48;trans.alpha.carotene;367.0380909305477;275.2243228138313;126.98445323260529;883.5824646501835
48;trans.beta.carotene;431.0845596866429;215.81412942193614;165.9756085397919;684.8966246534945
49;C14.0;1.0358972851069785;0.09368854061916519;0.9315432375883475;1.1831262917682375
49;C16.0;44.05093510712769;0.9100488835060145;42.69914161466302;45.514370865257796
49;C18.0;6.03990665548897;0.7388548765742691;5.325075643360485;7.443458668801715
49;C18.1n7;1.1074463758811115;0.09407973501957148;0.9934521965077728;1.218359150559155
49;C18.1n9;39.008103195673236;0.5093460902311542;38.505816653680476;39.590162742513236
49;C18.2;8.719071720897903;0.33914327920238757;8.171832003247932;9.089336515809595
49;C18.3;0.186828896768345;0.03215649813300503;0.1458932619606044;0.23694889976406996
49;C20.0;0.477062168527272;0.011510691688278596;0.46510788587756763;0.49330632859857787
49;X13.cis.beta.carotene;30.80337830271118;5.124473456137661;24.436629359287494;39.62681242068981
49;X9.cis.beta.carotene;41.53321154919597;10.174901802040473;27.939143831164802;56.43221915236084
49;eau;19.446056054640536;0.6727828203937584;18.530137986278817;20.022289905635105
49;ratio.alpha.beta;0.9110898677727169;0.07501184611740809;0.814915754649516;1.0250644475094974
49;ratio.alpha.natif;0.44714454563200273;0.02225437912037994;0.4117207144452097;0.47231332843425766
49;ratio.beta.natif;0.5593719375169884;0.025147648638466816;0.524001487131268;0.5934346245119682
49;tlip.MS;83.08415962142799;0.6903675262355741;82.22854945453068;83.87240322718696
49;total.beta.carotene;252.87317704295563;61.28502377531205;196.0284742006509;366.79520531295145
49;total.carotene;398.2032206333831;107.43320519247779;327.17921502958;605.21879580019
49;total.trans.carotene.natif;326.6626222673144;71.38429024415406;279.4565893068455;463.5273446380621
49;trans.alpha.carotene;137.04300735485495;33.900824597371596;105.41251417473318;196.40329743026706
49;trans.beta.carotene;173.39375017351003;41.67227414712805;135.32043415897047;243.03777592399456
50;C14.0;0.8120258094711615;0.15077211875577198;0.6298830992898857;1.0595379470466
50;C16.0;39.981023246858854;1.7661600426427517;37.622093021331466;42.85776688405232
50;C18.0;5.261041603408363;0.5463832383122734;4.643119939206033;6.218229700834325
50;C18.1n7;1.2174944967809342;0.16263370704935554;1.0752081659328332;1.521487103897369
50;C18.1n9;44.48715749429949;2.0379247449562836;42.17660319736567;47.01117480181987
50;C18.2;9.569769577025985;0.2880395368636384;9.140493835907117;9.903139682379413
50;C18.3;0.2943664757737971;0.04656844080747091;0.24651233210468765;0.3681169532625589
50;C20.0;0.412381253572953;0.018225607222163053;0.3880590613173358;0.42967780306162623
50;X13.cis.beta.carotene;42.51770873925977;9.275927573280242;27.57252291274779;52.90754079974554
50;X9.cis.beta.carotene;60.833885006159875;20.382660826786342;25.43322990133995;81.97340085887468
50;eau;38.24089141685253;8.220282177231434;30.29727493286604;51.810000187727425
50;ratio.alpha.beta;1.1127717816058862;0.05895938597866381;1.0373999975868153;1.21385666332691
50;ratio.alpha.natif;0.5018228909740834;0.010245056820866174;0.48567120180006357;0.517177635242832
50;ratio.beta.natif;0.49692162582130367;0.010564425835290107;0.48540220089453184;0.514583092210607
50;tlip.MS;78.09056630158256;4.179917725286281;73.01111245589979;82.3509753552938
50;total.beta.carotene;345.9936238466314;98.26333767796345;168.02079538033203;436.2413215309862
50;total.carotene;394.0927990863738;38.517353948407845;352.76520703700066;445.32227490553413
50;total.trans.carotene.natif;339.79638270489977;49.337837060442254;280.475269181827;418.882445728381
50;trans.alpha.carotene;174.24609963907972;30.68002829966534;136.5111092587994;221.52639820857308
50;trans.beta.carotene;240.22987766816868;92.12288228412291;129.14155436707316;387.37162716246183
51;C14.0;1.1315496744565694;0.03250032355731879;1.0818921547541505;1.1729646076372378
51;C16.0;45.09277758090126;0.592068755345844;44.225177973776844;45.796468067737386
51;C18.0;5.435071011034061;0.2550750116266806;5.273528824905205;5.883557339244715
51;C18.1n7;1.188754037378115;0.10814011686737454;1.0648029809747905;1.3609499456949343
51;C18.1n9;39.49130785404927;1.3483514750940495;38.58897736205332;41.83533984599539
51;C18.2;7.936899691158881;0.32403997064768003;7.614677381025571;8.481146465357517
51;C18.3;0.3419016684311013;0.05128139901587007;0.27752862966633096;0.3913756628472169
51;C20.0;0.40218856985034235;0.012560177850522113;0.38308486909021705;0.4135206646846967
51;X13.cis.beta.carotene;66.72600381063;21.65855053407474;36.74011742425831;86.15881376825376
51;X9.cis.beta.carotene;116.40684304533636;62.90559323406951;41.80967137733757;175.36584114307428
51;eau;29.432055977556928;2.7526015644135935;25.936547835307888;33.59823701041468
51;ratio.alpha.beta;0.9717260292137627;0.1884489454246387;0.7646767115005588;1.143040040686632
51;ratio.alpha.natif;0.4617299639584832;0.05482927656919455;0.3882900538376556;0.5122396152403608
51;ratio.beta.natif;0.5275452971781174;0.05560059474004553;0.47253705516531574;0.6017442741871882
51;tlip.MS;80.6625088262829;1.113020401403068;79.62947037539429;82.17032449297967
51;total.beta.carotene;876.5787046333899;390.01763564463477;345.8809564721842;1180.4182552069483
51;total.carotene;1444.6053736115045;747.2018815611218;551.1672476978036;2098.074627082072
51;total.trans.carotene.natif;1239.068929173965;634.1603102728984;464.69606077248153;1800.164606663968
51;trans.alpha.carotene;464.946713298528;197.1334240856897;171.699533796822;646.3031876859371
51;trans.beta.carotene;644.7099066051454;292.2237552981862;255.14600140963236;882.9465718347934
52;C14.0;1.0266497363110572;0.08220120938372517;0.9149966887926795;1.1352888673804729
52;C16.0;43.6584255505407;2.311481228079981;39.27926978002471;45.91639448064283
52;C18.0;5.474045616245209;0.6276943716272306;4.948256878825911;6.714567574442694
52;C18.1n7;1.2080851671464516;0.14947020756109683;1.082752126228797;1.4999711930393766
52;C18.1n9;39.89398531515288;2.3038849542427298;37.59987683327817;43.8353529200567
52;C18.2;8.613491422535624;0.7257337164016444;8.130731284042682;10.052817204933646
52;C18.3;0.24987518034940126;0.07544021470219309;0.18006202404450267;0.3818435714792836
52;C20.0;0.4121819041174444;0.027546156206241006;0.3597088664607317;0.437168115964584
52;X13.cis.beta.carotene;52.500873096741564;22.32662630442356;27.492164273472216;86.26456007748453
52;X9.cis.beta.carotene;92.8469899473382;56.82352535800506;31.90543488588654;187.10671007521668
52;eau;21.320513283458677;1.9270588101884658;19.023748128512747;24.004291025161557
52;ratio.alpha.beta;1.0866075487982556;0.16076605972722635;0.874130592502499;1.317001432177382
52;ratio.alpha.natif;0.47836739112106136;0.044852329685920914;0.42125024410761064;0.5372476857020257
52;ratio.beta.natif;0.514194179463774;0.05677998993411797;0.4417683221676743;0.5944779581143573
52;tlip.MS;82.8585356902765;0.7037888943683843;81.82479167761832;83.78867850930783
52;total.beta.carotene;656.5167221912817;354.7888340715127;279.45910663395733;1214.2407371877164
52;total.carotene;933.3496661456642;520.4437534092298;313.0477411183471;1757.5145132752023
52;total.trans.carotene.natif;788.1770256472408;441.06890648884587;263.9632597695679;1516.1697600593675
52;trans.alpha.carotene;421.48208060473326;385.4711619551668;115.37599301370848;1184.6053043316715
52;trans.beta.carotene;470.8485832675617;264.31635507326587;199.99771849493732;901.0151021122642
53;C14.0;0.8768412399310389;0.04543990362657372;0.842977575501659;0.9671705603625997
53;C16.0;41.855657540377806;0.9839705749280026;40.50408073264018;43.05141208285837
53;C18.0;5.890030952151243;0.9344258918172271;5.152281226623031;7.627724162267735
53;C18.1n7;1.0661964799410126;0.08802122598448418;0.9762342664228063;1.2224618521260633
53;C18.1n9;39.902551489713645;1.5871945101450766;37.82684463287692;42.05597781739382
53;C18.2;8.479718117017638;0.3942210789087549;8.166121201200541;9.24592816273061
53;C18.3;0.19005662678547441;0.00823522032062005;0.17517592520274886;0.19885963311859067
53;C20.0;0.47399735579230146;0.018707565691482683;0.4558809407211219;0.5011602917516119
53;X13.cis.beta.carotene;38.284428659148624;10.034984995931541;30.05301502495829;56.946433094594255
53;X9.cis.beta.carotene;60.38183695112061;30.724644440592844;26.403530694671478;117.7865030882079
53;eau;19.562987892146932;0.9819627975039433;18.462498948251053;21.180995771146662
53;ratio.alpha.beta;0.9782675610062883;0.1946956766041513;0.7659879899519613;1.3183534329169986
53;ratio.alpha.natif;0.4519147555362635;0.05368436970774442;0.36958770224111653;0.5263411217967771
53;ratio.beta.natif;0.549411628184134;0.05968013487986801;0.46695811679934435;0.6440213783240054
53;tlip.MS;82.43344992725149;1.090369653124255;80.6263433744734;83.96189174241712
53;total.beta.carotene;304.1327002143462;98.93560549002005;224.21888840159932;484.8762677568217
53;total.carotene;470.3222001441113;144.5362615560942;309.6116755094223;641.0062253969552
53;total.trans.carotene.natif;405.7901175527193;127.52436585581917;283.1158762593382;555.9155925842092
53;trans.alpha.carotene;177.57697951755492;64.97821247440409;120.48751032148593;266.52859404573985
53;trans.beta.carotene;229.81647752293543;94.43919045328163;166.77398067538593;412.352638682587
54;C14.0;0.8981753637730712;0.07740666177390874;0.8199214767190856;0.9993380740377944
54;C16.0;42.42489114597852;0.9350063780025946;41.44822885943774;43.57863990844206
54;C18.0;5.84134228333718;0.6152287245079666;5.226659879648478;6.722166233118086
54;C18.1n7;1.3028330626789764;0.09184615411958985;1.2279051409985167;1.4338695417575473
54;C18.1n9;38.61264395127846;0.3331875125172983;38.22553650319495;38.92088040519479
54;C18.2;8.604267351667712;0.9196437341327328;7.549730443848285;9.483557450309817
54;C18.3;0.2487026369000353;0.04493174894758083;0.20204407232967903;0.31124085023567294
54;C20.0;0.3742496364977411;0.03962580798012682;0.3401954650366963;0.4348632570483943
54;X13.cis.beta.carotene;51.65996203812419;22.684053943984566;28.269500109698967;78.08471481597067
54;X9.cis.beta.carotene;88.96781732480045;45.316056312088165;50.886850685048614;143.79282442822924
54;eau;19.447251802899725;0.8736585158603773;17.91055451508196;20.059602903940064
54;ratio.alpha.beta;1.1247035456922296;0.23319937951661276;0.8897469536555144;1.4884717183241596
54;ratio.alpha.natif;0.48802974686581874;0.066774606025353;0.40669723479486;0.5842545198216836
54;ratio.beta.natif;0.504989384073945;0.06995151799954002;0.4080003579381048;0.5927107639878497
54;tlip.MS;82.53098618514127;0.7597985725873437;81.6832697466301;83.40511041930279
54;total.beta.carotene;633.850155987018;257.61503654446983;383.1983290275599;908.2862461201757
54;total.carotene;888.82494415713;323.38249697864717;590.1678975602027;1306.702118252641
54;total.trans.carotene.natif;767.7019397838383;267.5073524046582;514.4410246879274;1070.4978758413465
54;trans.alpha.carotene;372.006295589455;123.97595061593843;278.02026753980476;583.0198334114681
54;trans.beta.carotene;474.3368311205312;144.0065719661379;301.5651585893389;624.4936588129724
55;C14.0;0.5958006561556787;0.08432653220501561;0.4944564091205739;0.6902583093917746
55;C16.0;37.0688363340057;3.3625702197029534;32.48992050488382;41.97177511251393
55;C18.0;5.904291967958371;0.424219822954276;5.349201727155811;6.489241951145631
55;C18.1n7;1.2716018868232046;0.23481068443155334;0.9789614206540875;1.598448590065331
55;C18.1n9;46.23940656135549;2.100381344249525;43.79202896265234;50.06277671644575
55;C18.2;7.76822197578288;0.6801545705890418;6.650942196744004;8.572277484600283
55;C18.3;0.36835748947911634;0.06412479733243308;0.31898159617969574;0.45784671625040985
55;C20.0;0.38679129835417303;0.03488696417378152;0.3469138730089712;0.4308564380623141
55;X13.cis.beta.carotene;71.23543735710341;23.067972334088374;41.14713209299508;98.75982310718018
55;X9.cis.beta.carotene;138.58303225411404;45.36542764143663;95.02272128735882;209.8630188436598
55;eau;32.27387116455555;5.620672926863589;24.34732937715983;37.17274551011544
55;ratio.alpha.beta;1.2899758915741797;0.21653454157530452;0.8824682936131484;1.483287252034592
55;ratio.alpha.natif;0.5207683623107172;0.051634616295712615;0.41889288271626235;0.5624255856673703
55;ratio.beta.natif;0.4767604494974121;0.05834006134317141;0.4199115439673662;0.5878197452991989
55;tlip.MS;80.79664252653333;2.6237897895933733;77.96477802807405;83.46204399311357
55;total.beta.carotene;876.1604178908862;310.28678853181714;549.349089694195;1259.688444509946
55;total.carotene;1464.026678892651;780.0570833752823;728.8854285883114;2559.210824823998
55;total.trans.carotene.natif;1292.7953093624374;689.0273202869995;631.8627980925409;2304.0596456794524
55;trans.alpha.carotene;643.2995731796287;417.6720118222353;414.64095141909587;1484.7046461181499
55;trans.beta.carotene;667.4874790866643;220.9952055368483;419.5255865382333;978.0687152808449
56;C14.0;0.6741368026125973;0.10208838222418772;0.5257700984678378;0.77792842861333
56;C16.0;40.177113429047054;1.5512061227465053;37.77395926162674;41.824557990862196
56;C18.0;6.021300651227834;0.5101982444853306;5.452654211566791;6.606752783811669
56;C18.1n7;1.306299995770376;0.09838782745427785;1.1969071803404898;1.429000955542525
56;C18.1n9;42.41616653697962;0.988942280939881;41.74061512413156;44.15353643720849
56;C18.2;8.656399245372368;0.9128969747725171;7.66618149651718;9.723255567933041
56;C18.3;0.2661993953805788;0.03820313162519553;0.2086047811054149;0.30797146130405423
56;C20.0;0.39143326925404875;0.01852871950970869;0.37583107683244615;0.4209052628941995
56;X13.cis.beta.carotene;42.605358785540446;13.6221876746794;27.602758862819222;60.39218325389817
56;X9.cis.beta.carotene;75.05193642670369;34.24346541783041;41.74571546612235;128.65773390385448
56;eau;25.690434076978306;3.475027008224097;22.972220931975144;31.434999090035316
56;ratio.alpha.beta;1.3211573084328665;0.12642597786606258;1.1555738602591188;1.4846472954558578
56;ratio.alpha.natif;0.5353337857469928;0.020831642483091065;0.5080502968855481;0.5631955409837419
56;ratio.beta.natif;0.4558245942538849;0.024771689271366262;0.4206217504659277;0.48961712305578503
56;tlip.MS;82.56171452527364;0.680182417438779;81.83334771350586;83.63519174095234
56;total.beta.carotene;432.48428019084486;215.79604930304882;234.18134852007904;682.1299606573166
56;total.carotene;530.4638562479398;198.69882434225187;355.34998438454255;772.2675573954801
56;total.trans.carotene.natif;421.4013580635521;143.71325239162704;283.80696133289706;585.5979475109892
56;trans.alpha.carotene;213.27110684655995;73.31335817544695;144.3043831569486;316.8456995629801
56;trans.beta.carotene;286.7587697145626;154.34266476927738;151.0970342286195;492.2200094222855
57;C14.0;0.9264872344534221;0.14383540281679855;0.6962966902561969;1.0489884410839685
57;C16.0;43.405683353496286;1.0872477260045719;42.11751913774004;44.78815054982845
57;C18.0;5.325554458396246;0.46465088372332286;4.832534989251222;6.012440446628815
57;C18.1n7;1.5284646671194906;0.07779959865633192;1.427061621851214;1.6372656538422132
57;C18.1n9;38.660667245789156;1.22422554304992;37.654102135316535;40.0678309908465
57;C18.2;9.137520457003168;0.9935370268995903;7.749213793923434;10.29685544438672
57;C18.3;0.34167110252460664;0.048908583736635515;0.2779153716277425;0.39708225951822695
57;C20.0;0.3589191740088743;0.01224345792091923;0.3478148553680557;0.37863553269398414
57;X13.cis.beta.carotene;34.767266288919735;19.137327658005916;15.947549114602007;58.05546084554257
57;X9.cis.beta.carotene;56.542785155172474;33.468284534977876;27.90267237410491;98.49398800146682
57;eau;44.09149801599826;9.981557131041077;29.027495895409725;53.29999967754776
57;ratio.alpha.beta;1.43674954439386;0.1398516333325571;1.3158529216203363;1.6789322770508084
57;ratio.alpha.natif;0.5441163656436838;0.027196763908614467;0.5127576444102893;0.5816533248922937
57;ratio.beta.natif;0.4426456491768838;0.02422356868320742;0.4043077980159384;0.4673562361086525
57;tlip.MS;76.4900195033831;4.322706757012745;73.04063147442918;83.61107352769308
57;total.beta.carotene;341.2127765230051;116.95838284777139;231.31062055670344;516.3036273543185
57;total.carotene;501.79516368036303;234.38976108667512;302.18897667419577;773.2030980443659
57;total.trans.carotene.natif;454.33872816964976;211.9255013374479;273.5391744403279;687.515483985432
57;trans.alpha.carotene;240.48206579569992;148.1160736806655;111.65275843609861;417.9065453672605
57;trans.beta.carotene;257.1705686853723;78.73637283119308;162.8974115858459;338.6009535560871
58;C14.0;0.787793899459759;0.0763657931283016;0.6628240416731316;0.8698340857483285
58;C16.0;40.910326466346724;1.9248260343412684;37.562316642993444;42.66355891506879
58;C18.0;6.0654681215895225;0.9057987662843471;5.36004708633093;7.8050314021929035
58;C18.1n7;1.3299677940276784;0.2108420816503853;1.047550634027925;1.5499598124816418
58;C18.1n9;42.61648344514472;3.280260538056958;38.86794777410415;45.9922269824267
58;C18.2;8.276305581923147;0.7782160737451458;7.27983850805884;9.228559904385598
58;C18.3;0.30048357770031137;0.10749136653920752;0.19115411612798613;0.4648140809296795
58;C20.0;0.4273126528505063;0.04177728015594936;0.37169617382756714;0.48753767585789665
58;X13.cis.beta.carotene;45.8934683071269;20.900580331344614;27.767717575342232;79.1743581086529
58;X9.cis.beta.carotene;84.96515627931444;66.20099566707022;32.70717387241839;176.36409159506715
58;eau;35.34936879229735;16.35991068295446;19.910997731598407;59.78000143193148
58;ratio.alpha.beta;1.2296829414720416;0.0963356372488263;1.1039395110137662;1.3542037911331999
58;ratio.alpha.natif;0.5121084952712397;0.01952645608888734;0.4824781939109808;0.5341509198057288
58;ratio.beta.natif;0.48777165528304206;0.019572512931825957;0.46364806734939895;0.5181880603688809
58;tlip.MS;79.2569948362768;5.7617016102784495;70.90502095157275;83.3956069885768
58;total.beta.carotene;502.30568712360963;324.96853167786236;242.59719892035014;1012.1581645680355
58;total.carotene;620.6453612125156;465.22612178821566;333.0630417203267;1501.4330710017855
58;total.trans.carotene.natif;572.3878456812361;482.0816628276662;281.2361841813405;1499.925707202754
58;trans.alpha.carotene;258.44244028479085;169.01094587323124;145.2349312222148;540.1430839092052
58;trans.beta.carotene;355.20464134882644;256.5108568168236;153.51935196736477;767.668350484824
59;C14.0;0.8922504102072505;0.10687970865212897;0.8080223641113671;1.0725034190252303
59;C16.0;41.02404377423438;0.5294726229890456;40.353848527741974;41.49150371455338
59;C18.0;5.749910415439667;0.6571691620660483;5.0712173568632615;6.798082780342489
59;C18.1n7;1.3729699146390772;0.1222237338437464;1.239190871678273;1.4765701559767084
59;C18.1n9;38.11802335548653;0.4197606868995546;37.71438507601742;38.73884382014114
59;C18.2;8.412898849006435;0.6764710485050259;7.796273197235192;9.366621733826896
59;C18.3;0.2566549852539345;0.07262309201871182;0.17638632342434984;0.3411206443698271
59;C20.0;0.39210956734931524;0.049608657203966816;0.35132776880166433;0.47336878174754426
59;X13.cis.beta.carotene;45.53898459479362;13.458821910669878;29.64686186515516;60.47634230663465
59;X9.cis.beta.carotene;70.39515377584343;33.98799997112629;33.23245099301647;117.16164597410058
59;eau;23.77503793157547;4.318623145037205;20.330344624309674;30.620001991788655
59;ratio.alpha.beta;1.2524314450360037;0.25307234696184167;0.8555163679286502;1.4744136928463307
59;ratio.alpha.natif;0.5144434094583784;0.04840993787299479;0.43976877576658635;0.5692440239780375
59;ratio.beta.natif;0.4786189230178339;0.05542120839765198;0.42022996967029536;0.5660007940596418
59;tlip.MS;80.06487415818995;1.8063541619745758;77.10087043971643;81.43193491783205
59;total.beta.carotene;474.91598037110117;161.40077114685164;245.34533537563303;623.8325594028573
59;total.carotene;800.2618405882808;333.91568956305713;339.52945897230614;1254.8779964126004
59;total.trans.carotene.natif;694.9820884084027;304.8720573850062;300.0668508082145;1130.9856656774944
59;trans.alpha.carotene;316.9451111702496;132.6221256000605;126.48664350332139;476.6402401192607
59;trans.beta.carotene;364.871708367101;129.48998526403417;181.0022800076788;512.8350892615128
60;C14.0;0.9322078213220341;0.13297089221706457;0.7596119924118955;1.124421101903105
60;C16.0;43.5782983732428;1.5100546772479422;41.27959244750114;45.09475130861858
60;C18.0;5.286448514444727;0.30180572638567105;4.970992485008522;5.822966970073931
60;C18.1n7;1.246353492120967;0.1572375987025415;1.0095456587977079;1.4802802946620894
60;C18.1n9;39.04631832923567;0.7202618106761366;37.976839282161706;39.9259577729489
60;C18.2;8.598519630244958;1.0735206348170168;7.093793136468099;9.653801264003015
60;C18.3;0.2938880640815627;0.10552109499476532;0.20738546392389168;0.457818924659208
60;C20.0;0.4106832665019106;0.030433612640363643;0.3719045631235632;0.4643588994151294
60;X13.cis.beta.carotene;49.09768800577381;26.124321293959756;25.608124930551064;87.02888018126545
60;X9.cis.beta.carotene;91.68485770918433;63.529123747183036;36.37333284549421;197.16136279553615
60;eau;31.056814696546905;12.336843220454382;22.798796363881255;52.23999879346347
60;ratio.alpha.beta;0.9641299096604782;0.30542543377547443;0.6176257458425729;1.3420050787196458
60;ratio.alpha.natif;0.44213241911171913;0.0727830507838327;0.3672457206846644;0.5376006711537465
60;ratio.beta.natif;0.5537689004407534;0.07076409008093405;0.4594002177729849;0.636059418386783
60;tlip.MS;79.88885354476481;4.674512700366826;72.16460130550436;83.56731371849628
60;total.beta.carotene;681.6783893735106;381.76397444906456;307.77506485862637;1226.4310510404916
60;total.carotene;778.7348459713394;341.71545495884135;353.03735661815443;1192.452267254964
60;total.trans.carotene.natif;692.5602093165506;287.00618443330643;320.1876152279898;1109.7873687799847
60;trans.alpha.carotene;558.8675030215685;510.228386723664;140.40204883181394;1282.6034227683872
60;trans.beta.carotene;537.865265544569;314.8768069108952;216.9838175234611;952.5397598710049
61;C14.0;0.5409250853248114;0.14438797717970192;0.36556763789209556;0.700552487257891
61;C16.0;34.30621260350518;1.8642810889174501;31.299153732718022;36.19096547046176
61;C18.0;6.026924397995191;0.4152275281519461;5.423999282913553;6.504512549090813
61;C18.1n7;1.2158688084875398;0.1425702804912968;1.1103689629549796;1.4492744837028682
61;C18.1n9;48.59920797861039;1.9491719651289336;46.04650358433222;50.72288692816201
61;C18.2;8.62448156999075;0.7450108373557746;7.725580650863585;9.619759756472098
61;C18.3;0.3696756653100703;0.07922275227654892;0.3003285411652684;0.5112666350381841
61;C20.0;0.39259194134584274;0.036785245553631295;0.3278140452455326;0.43042216732511646
61;X13.cis.beta.carotene;60.31916373989204;20.75102528091437;30.122598878325295;91.2642742971174
61;X9.cis.beta.carotene;110.45860241564968;60.54574928244122;48.48575958666383;203.02902352943332
61;eau;28.77127563494122;6.561924959523588;21.313889571536606;40.2982379727606
61;ratio.alpha.beta;0.9727565665254249;0.12139766224140383;0.8518027812903277;1.1464443848606203
61;ratio.alpha.natif;0.4610205470729718;0.023408824946015407;0.4321529058444215;0.49235520474135874
61;ratio.beta.natif;0.535518515360486;0.03155325068571759;0.4884682459703156;0.576038950566129
61;tlip.MS;79.16636743881813;3.522129884124826;72.61219934152918;82.43668095107714
61;total.beta.carotene;862.8315835783422;296.97432902730213;618.3137637081151;1403.0851623780002
61;total.carotene;1454.0107949425299;858.9985481031397;717.2232762654586;2874.9722356789025
61;total.trans.carotene.natif;1259.021067116041;726.3681443993785;664.0025459678134;2450.809995468427
61;trans.alpha.carotene;709.5228590076653;435.0123765978957;312.07969999394214;1177.6852063484273
61;trans.beta.carotene;675.8495689525038;236.57133115906012;470.3195111887096;1080.3525242062142
62;C14.0;0.9860183023272625;0.11533557123889401;0.8921576619424901;1.1763837962200667
62;C16.0;42.004439994092344;1.1688834560642989;40.434202191255345;43.53929657604485
62;C18.0;7.598625165149979;0.4817816107925643;6.794712101736107;8.034289165882644
62;C18.1n7;1.0189285458410755;0.06370834731032299;0.9296249876330355;1.1137935736172626
62;C18.1n9;41.10445966950656;1.4636640017906246;38.625156698953354;42.44001511044849
62;C18.2;9.036628311397562;0.4527446324510195;8.488796915630807;9.720534346048389
62;C18.3;0.1937654100871327;0.026824091852210647;0.17497165697282782;0.23002703902815277
62;C20.0;0.47649333777756103;0.016132200996123183;0.45825702983912414;0.4949909875898363
62;X13.cis.beta.carotene;42.78537692429243;7.671729929740278;33.588115068031136;54.739113223654996
62;X9.cis.beta.carotene;62.80559278195182;18.217366432664864;45.83843440818072;90.72347878364657
62;eau;19.795532824097904;1.3935057923882794;18.288749768077142;21.80055765094133
62;ratio.alpha.beta;0.9871637498101102;0.2228307109265937;0.711234208592057;1.247783565163834
62;ratio.alpha.natif;0.45644719732521516;0.06134941555478206;0.37680398217368055;0.5089887182039978
62;ratio.beta.natif;0.5483512507553228;0.06886253933332123;0.4952364229960163;0.6380106952438632
62;tlip.MS;81.53986057364392;0.7642502085331732;80.95393237510834;82.82856891862126
62;total.beta.carotene;463.96564268058495;160.29519931082294;283.27232179701235;673.9676077537541
62;total.carotene;581.2932000989032;127.00875499969565;342.2822976984338;705.5150316168989
62;total.trans.carotene.natif;504.8554773572173;105.80094722478904;305.6477243918487;608.5750301761151
62;trans.alpha.carotene;215.22657566284389;78.62474493750092;124.21734439321648;349.9505129991457
62;trans.beta.carotene;323.8035369866703;111.61093166963731;189.68052942192867;480.8314412126009
63;C14.0;0.7190349955858167;0.12107761823997762;0.5679481607933518;0.9125737331156103
63;C16.0;38.662451974989445;1.8850974820996953;35.829348471880024;41.38581112453434
63;C18.0;7.660601650913718;0.9198296693721357;6.290994146475751;8.835389249363672
63;C18.1n7;1.0461829037968429;0.0638873722681748;0.9550444724702909;1.1349173904896597
63;C18.1n9;45.887713879264844;1.4427952209513453;43.647662413589956;47.73053725501219
63;C18.2;8.53210332822547;0.611358292358805;7.462780058713066;9.104705448000969
63;C18.3;0.23033452104438348;0.05970677905532701;0.16907799641542465;0.31890351195698324
63;C20.0;0.4772823668746132;0.011809752568586672;0.45658511499800175;0.4862849745414066
63;X13.cis.beta.carotene;52.32782375837068;13.359023902442152;40.244899323881185;77.90911545388076
63;X9.cis.beta.carotene;87.52584864603324;34.07601387376978;41.14451170896901;133.28518635711086
63;eau;21.113470947769212;4.7058375940419435;18.331664958258504;30.280002647971916
63;ratio.alpha.beta;0.9872085105988923;0.20931986428999;0.7540073046079576;1.2660071040241954
63;ratio.alpha.natif;0.4537179683134995;0.059386162378010934;0.38506289718805464;0.5129603267584237
63;ratio.beta.natif;0.5460432456417273;0.06172213274491788;0.4797822718150253;0.6116219238380581
63;tlip.MS;81.46354718385041;0.9424148807862541;79.98380951545576;82.88773560138883
63;total.beta.carotene;451.20794729244267;147.71326317905493;312.50521657953277;737.1897369452818
63;total.carotene;493.69757723449646;115.8494555959787;348.8472096704096;621.8653619231194
63;total.trans.carotene.natif;422.51034075017475;86.32646243849528;313.7792312701934;514.203507801486
63;trans.alpha.carotene;273.937958648917;123.8347290890132;140.63921430551218;451.2878240838748
63;trans.beta.carotene;302.1450645688946;100.66720993476274;206.3773895189369;479.89596257127084
64;C14.0;0.7976194712227371;0.1163142747145577;0.6610485932957261;0.9625069484848904
64;C16.0;39.58048364733921;0.9876311386014627;38.13399391916605;41.487778491703196
64;C18.0;7.048143526107065;0.784279497074612;5.81073928915334;8.5260019617734
64;C18.1n7;1.0644404622502501;0.09135290255080827;0.9167237440047353;1.215957419707965
64;C18.1n9;43.47097042876757;2.454057297707068;39.33434262176961;47.0049532390936
64;C18.2;7.9068939539269945;0.5879578187984378;6.955006763521527;8.661262132374974
64;C18.3;0.39617889097119857;0.07000738591512329;0.299705405231083;0.5034946296263711
64;C20.0;0.4493945858931979;0.015271120575959517;0.41863799207853203;0.4685247835363668
64;X13.cis.beta.carotene;81.68083307583997;14.760276967814976;64.53423114937448;111.01772906744678
64;X9.cis.beta.carotene;147.56988184388354;24.17444789731719;118.93252810078243;191.78943024235963
64;eau;25.427984424312687;5.886237833544167;19.879999439794634;35.59000023334998
64;ratio.alpha.beta;1.0328275395473216;0.18299229025883962;0.7710882190662613;1.2942370520694384
64;ratio.alpha.natif;0.4442305752194474;0.052310827051015814;0.3706726791630972;0.49980616287659835
64;ratio.beta.natif;0.5551731677282226;0.05341809080630702;0.49326836774193106;0.6294966683770206
64;tlip.MS;79.02101854446354;2.1074809812969786;74.03714138096953;80.64778227668562
64;total.beta.carotene;979.9089238203032;189.17870977298972;691.5132262929314;1306.8038519075408
64;total.carotene;1671.0721357773882;495.8689803213904;904.1219675962966;2425.812035268751
64;total.trans.carotene.natif;1398.6503735324231;387.2801329773112;718.9944924275316;1966.9585288491276
64;trans.alpha.carotene;596.6981106308698;276.8192141351501;333.43734905434144;1049.5799395267045
64;trans.beta.carotene;694.9508204062538;161.30663645109308;509.37143033877345;1015.087696031094
65;C14.0;0.6185081262874109;0.15877682273111435;0.4608261862585602;0.907193089976798
65;C16.0;38.729694371812315;2.165601781113551;35.874965097662404;40.76510289509753
65;C18.0;6.30841307342621;0.40146190212745453;5.672880623171273;6.661379803185353
65;C18.1n7;1.0330922247226892;0.06886118803249179;0.9182901333645203;1.1253298950348545
65;C18.1n9;47.095464203484845;1.35468439435051;45.91799344247645;48.8777445751072
65;C18.2;7.898847745415885;0.7360539780698717;6.998558780279102;8.93746122769145
65;C18.3;0.3120341980141845;0.07915717448000366;0.19264123794838292;0.39171490385625335
65;C20.0;0.44271775873363306;0.015780506837664493;0.42767392550118416;0.46432436201140687
65;X13.cis.beta.carotene;66.27468322760423;18.289522232758596;38.74166114119105;89.01732428839063
65;X9.cis.beta.carotene;122.66715038767093;43.328461735479216;56.62745453476237;176.78402772515045
65;eau;25.546063426834206;5.977850074079028;18.37166592675384;32.55454631504978
65;ratio.alpha.beta;1.0527208107535766;0.19641277665484333;0.8027955128736473;1.2742547698967654
65;ratio.alpha.natif;0.467228868792482;0.058255341818947974;0.376072247421999;0.5274552146226739
65;ratio.beta.natif;0.5300648806933566;0.06043145820184488;0.466246103388997;0.6288011695781174
65;tlip.MS;81.52143459008145;1.1268083219456995;79.38636815792543;82.57278280172635
65;total.beta.carotene;860.7536783701868;286.183322581028;417.45926454875405;1161.5750370803096
65;total.carotene;1229.4884752901762;610.874686848614;626.6328959636311;2027.3958645006048
65;total.trans.carotene.natif;1038.055337646647;522.6378061571191;529.7777206857664;1765.4916052123765
65;trans.alpha.carotene;548.4542069500872;323.7061151694784;230.2873860131533;1039.8826768040576
65;trans.beta.carotene;615.163399424964;219.59822492892317;261.2495529609338;856.6586382485567
66;C14.0;0.7931592665924594;0.11099344761696815;0.6360865231667732;0.9508408671361113
66;C16.0;39.175317578371;1.409234429665922;36.917315474735986;41.1057052841177
66;C18.0;6.158544566964363;0.45455154720198443;5.626778934641618;6.803699627515976
66;C18.1n7;1.24215336677971;0.27647655374409363;0.9133970637304074;1.5779190820960916
66;C18.1n9;44.62029855890776;3.064286858338515;41.357361903322115;49.10322891973542
66;C18.2;7.801482716668339;0.3865582134398502;7.182507499509415;8.314896775295466
66;C18.3;0.37846069918715836;0.04145235250646086;0.3276729051003624;0.4417210466615692
66;C20.0;0.39576555549139886;0.02619233607936047;0.3651572632621037;0.435567453109525
66;X13.cis.beta.carotene;62.9528815807829;24.780016564692385;34.47479813634513;104.23137707590085
66;X9.cis.beta.carotene;117.19834279648474;54.034301010153676;49.101787496179924;194.76197951650047
66;eau;40.209915196679674;6.745053234643156;36.32849789617716;53.51999737082002
66;ratio.alpha.beta;1.171897421922132;0.290496523193312;0.7730461865749512;1.5880646709629016
66;ratio.alpha.natif;0.4915678060123483;0.07221444767789603;0.37362598364485133;0.5909965941336647
66;ratio.beta.natif;0.5108552391074254;0.07761118131081117;0.41357069459613605;0.6439326540962479
66;tlip.MS;78.1806826174681;3.0746595123516895;72.82416623289825;81.65097388314031
66;total.beta.carotene;777.6567071924559;337.9067643298187;354.32433026618565;1227.1170955575449
66;total.carotene;1251.1674678089507;775.2379689066447;452.3895519183521;2359.7871838979972
66;total.trans.carotene.natif;1101.7530136070397;659.0483995786891;388.0662285644542;1985.8691168971945
66;trans.alpha.carotene;523.6535218967077;258.5550764716688;223.00350008919338;976.181841706567
66;trans.beta.carotene;644.2728996352317;284.5547998436081;305.09382941470886;1049.8460507661343
67;C14.0;0.48286678492625174;0.10942953560026718;0.3383826700228246;0.6622187320171222
67;C16.0;35.84040518617328;1.8772864697218101;33.30096708340484;37.77438522872224
67;C18.0;6.876115131683039;0.22509958639036018;6.6446302769165735;7.178513833013271
67;C18.1n7;1.0252441860355819;0.16345225523547927;0.893234104639809;1.3460494037846709
67;C18.1n9;49.01976256286238;0.6362208849017201;47.786613949615024;49.5016479520893
67;C18.2;8.724884506253677;0.7307728194293257;7.322555479182321;9.225393341314138
67;C18.3;0.23675798146100516;0.06360882445854629;0.19252913528278845;0.3579296384046062
67;C20.0;0.44857151800773526;0.04087161162014165;0.3698719821032696;0.4762533543088418
67;X13.cis.beta.carotene;40.10988839942969;13.871734479228628;30.423862765411176;66.84246976602577
67;X9.cis.beta.carotene;75.86495301194415;43.04833526989179;47.117037746940625;160.50336239717703
67;eau;24.304138557671962;4.314677013322099;19.64375059785654;31.277277261399632
67;ratio.alpha.beta;1.1154985674259004;0.21786832980567017;0.7180123567534438;1.3499090515921215
67;ratio.alpha.natif;0.490668912800078;0.061966771460674405;0.3699403544019535;0.5407239282337815
67;ratio.beta.natif;0.5103436973885448;0.06477167076781518;0.4536405422926494;0.634598480957997
67;tlip.MS;82.05297488018043;0.9015263035686415;80.30315274538087;82.7180439563447
67;total.beta.carotene;407.4522646903525;252.1562687365093;240.4103692663679;900.1031543932281
67;total.carotene;675.5494131886877;566.9078540629415;323.9597948577375;1817.764920913625
67;total.trans.carotene.natif;595.0188562361499;493.67331074166503;301.8389867538828;1590.773391540567
67;trans.alpha.carotene;242.21141266740335;182.56912482012248;128.82356410006068;607.0668276748406
67;trans.beta.carotene;302.17328431665976;217.8088994140213;173.7911149078674;739.8810154166508
68;C14.0;0.6567942746099031;0.10139095502048046;0.5521553491037239;0.8050676034240862
68;C16.0;37.87703459104652;1.9096938024177348;35.28954769151585;41.051229163832716
68;C18.0;7.020979513894363;0.25228499487796957;6.6709966325366254;7.387622389379718
68;C18.1n7;0.9776982505707927;0.12471056094160331;0.747210301956318;1.069478435951091
68;C18.1n9;48.89746690908364;1.0144222423429643;47.75498602655358;50.65735894411472
68;C18.2;8.16128449967661;0.348370133501573;7.766250530910318;8.741978227682845
68;C18.3;0.28525490230921224;0.07983993386687868;0.19719974074823568;0.37621174490807285
68;C20.0;0.445880133352001;0.02253675587938201;0.41262162028989624;0.47897328579240733
68;X13.cis.beta.carotene;58.907011161412015;13.316539192276293;37.70567200488319;74.53543906333316
68;X9.cis.beta.carotene;112.8789888623919;35.73260129337636;59.08661666347146;144.3484366831528
68;eau;22.553566796852575;3.40388090647214;18.692499282671022;28.426668841104593
68;ratio.alpha.beta;1.0765267599358126;0.3040758242156174;0.8552111894791932;1.6014129489387912
68;ratio.alpha.natif;0.46965237401487103;0.07555691276923367;0.4100619841110831;0.5865080479129741
68;ratio.beta.natif;0.5305798801655628;0.07683686278196432;0.40254575773141404;0.5982506735755204
68;tlip.MS;82.38490178146222;0.7060512300078224;81.30968707707072;83.04392056450641
68;total.beta.carotene;736.5582275973716;246.65002329550134;376.83095450815995;990.5709135786085
68;total.carotene;1155.628810218586;468.7876864710597;654.3503172732743;1760.622737580805
68;total.trans.carotene.natif;984.6495655303206;416.97183671850934;537.7457981729405;1523.9817967819422
68;trans.alpha.carotene;418.19533625385014;168.66141102135109;282.707692217633;713.0953110052533
68;trans.beta.carotene;526.4816364147265;190.41339704912346;248.4778136874998;721.8102537734484
69;C14.0;0.9273642230395515;0.19338412715033249;0.7273665125407625;1.1825260720462234
69;C16.0;43.011705708607764;1.2323476414946657;41.28288043420132;44.094367211014884
69;C18.0;5.801858725321041;0.47324722930860974;5.326368024439437;6.439331302123144
69;C18.1n7;1.0885958448665287;0.23122960040658222;0.8536840285769653;1.4146136136272571
69;C18.1n9;41.74765784294981;1.4955557531033643;39.30666046911801;43.20460404246344
69;C18.2;9.34382811896047;0.5382303156924996;8.892715680384507;10.177220325233474
69;C18.3;0.2229887578348823;0.04082118807561616;0.1612516115568782;0.2649719686492009
69;C20.0;0.4312147710609735;0.047680702715674886;0.3710430165097229;0.4762283467266808
69;X13.cis.beta.carotene;38.56080383375347;10.527074933369267;26.154618491111073;52.21426176590963
69;X9.cis.beta.carotene;69.74770409205476;34.05937579624453;37.84212885272058;122.4904115347846
69;eau;21.157698975138512;0.7335555654827101;20.129997776070926;22.139999967493296
69;ratio.alpha.beta;1.1921558323641428;0.06326666957590296;1.1223056934858375;1.2823302971847075
69;ratio.alpha.natif;0.5041115738128285;0.01265718034912254;0.4827574380317633;0.5155762679596853
69;ratio.beta.natif;0.4956000460850788;0.010025877382526027;0.4811175454699233;0.5067329877950212
69;tlip.MS;82.48787827100477;0.4044382084903278;82.08712426784413;82.92642354156914
69;total.beta.carotene;274.0479322494265;98.8842150412334;182.18991373114787;431.48945240834865
69;total.carotene;394.52723477038006;94.2646796506136;297.4964702635161;548.9815938278872
69;total.trans.carotene.natif;331.29763995547364;71.3626578788365;252.92396195574756;441.5567821127668
69;trans.alpha.carotene;160.16383234868272;44.684890242499634;107.19130365009413;226.70369355036033
69;trans.beta.carotene;198.7366951191516;68.2984619884867;112.66469572410664;300.85379843488795
70;C14.0;0.9359142174744594;0.06968318060233866;0.8384167221501161;1.0386756572378493
70;C16.0;41.2743621470208;0.9543529260768727;39.77172580194365;42.425861375726384
70;C18.0;5.2766777022775155;0.22459999884199036;4.98274639745112;5.644726001710403
70;C18.1n7;1.038858478976599;0.14660950972773729;0.8895090713814844;1.2617343931675387
70;C18.1n9;43.521027692784166;4.074531461558968;38.840166032165925;49.1176270872761
70;C18.2;7.6046612722557265;0.19313733996685964;7.235642652028796;7.753074759997043
70;C18.3;0.47750113101685626;0.05340413618595251;0.39876308973352614;0.5204245661840674
70;C20.0;0.4088345880534326;0.025639377723060425;0.3761843400757096;0.43074826127966614
70;X13.cis.beta.carotene;99.13747971239648;7.135433319873826;86.51146156663677;107.1073761695804
70;X9.cis.beta.carotene;189.215542253493;29.816539591818437;144.73038139118714;218.76883622099868
70;eau;46.63833340306297;10.387884022698886;35.31999702682629;59.27000147505884
70;ratio.alpha.beta;0.9603206919794736;0.09075882261180199;0.8277626648930455;1.0748039077288647
70;ratio.alpha.natif;0.4393310481108146;0.0332033196423756;0.38739667784674514;0.4751060741437837
70;ratio.beta.natif;0.5610806606636191;0.03532184256068374;0.5125364393119703;0.6162596145451347
70;tlip.MS;73.62595657747919;4.295788060476945;67.93415075533356;79.83855342494677
70;total.beta.carotene;1454.24890373709;189.16089263782519;1112.7285041877656;1644.7368919899732
70;total.carotene;2494.6333617148343;205.88431307299143;2123.24332424695;2656.7651560490604
70;total.trans.carotene.natif;2150.3907492763356;212.3279130647481;1802.0793047639197;2371.268176171132
70;trans.alpha.carotene;894.2227028653682;294.36101529447006;588.1643408245183;1398.6158464648395
70;trans.beta.carotene;1184.3504085862626;189.43131034516284;871.4829598343256;1405.7915265452143
71;C14.0;0.950181915535059;0.11830110688441137;0.8561635277380816;1.202032332344878
71;C16.0;43.52843858246499;1.4937942017227288;40.89421556290186;45.34503844439815
71;C18.0;6.365315530740736;0.4120422691431647;5.77182364315579;6.78702682460883
71;C18.1n7;0.9564940599430022;0.08268322463069909;0.8482442766652859;1.1079044290758495
71;C18.1n9;45.57065706087218;2.5964321332799103;40.44749385801543;49.07851350206294
71;C18.2;8.157438480397827;0.48981900231634073;7.453425414180247;9.01321230310391
71;C18.3;0.3613866994501276;0.05485456569201789;0.28375002599673016;0.4338976192592998
71;C20.0;0.4321922646599643;0.018645310324828645;0.4051693131339954;0.45676378186760436
71;X13.cis.beta.carotene;75.66798281499766;8.767538979482637;60.87733787218015;84.19768476851084
71;X9.cis.beta.carotene;146.33494342619858;30.04762936546506;109.71110121125639;182.29323819049205
71;eau;23.073054886754193;2.7457803359444584;19.920001154096493;27.132499565495365
71;ratio.alpha.beta;0.9794944829748234;0.16339356365601185;0.7319692046281188;1.181817632090615
71;ratio.alpha.natif;0.4443910542193515;0.056149748867986925;0.3677486897906977;0.5231692247082992
71;ratio.beta.natif;0.5578883318251388;0.06265024599449946;0.46597710480302057;0.6280432677285469
71;tlip.MS;81.12962629610387;0.7944108967271779;79.84604877715852;82.14256265983732
71;total.beta.carotene;1012.8454338740715;164.66897697192297;783.3187687488232;1231.746662256239
71;total.carotene;1359.076560816997;428.4515692955117;852.5667772504966;1968.9236779857142
71;total.trans.carotene.natif;1162.6436890752573;322.08991933392343;723.3732616675801;1595.7720704773058
71;trans.alpha.carotene;697.179355372489;264.1071324556081;321.88052751951983;950.9418232201249
71;trans.beta.carotene;766.2115120143479;127.89652339856941;599.5981440513991;929.0838860157979
72;C14.0;1.0880995256233439;0.027917298171643196;1.0596814406828219;1.1321162230497057
72;C16.0;42.819936017198835;0.5734702970493135;41.88016699178537;43.497839155065485
72;C18.0;5.51813568202833;0.11062989698993447;5.308852822106207;5.609856004560907
72;C18.1n7;0.928136953101994;0.04598926489618362;0.8740396687862781;0.9927329269266028
72;C18.1n9;41.49774086285668;0.9048593586236912;39.92670621545967;42.8918372859295
72;C18.2;8.07183315381461;0.28520962873676997;7.85755163715844;8.49482138829041
72;C18.3;0.40354225866254606;0.023711711913212304;0.36859233694997584;0.44114968832311585
72;C20.0;0.41999510357975595;0.011273676117254024;0.4096170211455517;0.43762917452712247
72;X13.cis.beta.carotene;81.47387219301959;9.27285203356736;65.14298451398665;90.97714863335499
72;X9.cis.beta.carotene;178.78962509454865;30.510920663068816;123.67565745470894;211.3422597584143
72;eau;33.72313062785013;0.9331099412562424;32.11823673417101;34.88764811828045
72;ratio.alpha.beta;0.8965529714915983;0.20227109802721716;0.6162706526413658;1.1600951476570225
72;ratio.alpha.natif;0.4104695877337282;0.05952381684460833;0.3285368232035419;0.48269132094342593
72;ratio.beta.natif;0.5800374178864764;0.06173674467333527;0.49791369979292566;0.6574705120390526
72;tlip.MS;79.65024358547466;0.4422053272699193;78.99676005278793;80.27438983918707
72;total.beta.carotene;1274.5048566318126;140.64425195975235;1098.4909691182413;1481.0361059971547
72;total.carotene;1847.5749525905935;425.2304225192209;1253.172355993584;2266.5348954380484
72;total.trans.carotene.natif;1628.8243099849497;308.0137634521945;1181.0308953679871;1915.3543289210395
72;trans.alpha.carotene;676.5017185305214;283.0996123810712;465.6549523439454;1266.090571523942
72;trans.beta.carotene;1009.1815193141601;123.97686655013416;848.7997071247946;1217.9461557186648
73;C14.0;0.5843631586461637;0.11792438912276655;0.3769178317671401;0.7526522128805232
73;C16.0;36.25909856676645;2.0799404505473413;33.18333676562941;38.852762350403324
73;C18.0;6.826164295075329;1.1397062366650528;5.571016104757504;8.450159902444938
73;C18.1n7;0.9389285625540925;0.05372747296082237;0.8625497243730368;1.021821573678495
73;C18.1n9;50.049339594188275;0.7494353304769532;48.75045693112835;50.97099815245481
73;C18.2;7.87671629074015;0.24045996521490706;7.53752706983456;8.254626184275601
73;C18.3;0.2562386933179182;0.06128805850451168;0.16083394044313082;0.3312809741106069
73;C20.0;0.44558618785091914;0.0204889053105844;0.41628918712033736;0.4819128143627582
73;X13.cis.beta.carotene;35.38615174631895;6.625053693151615;25.84303251044378;43.71001879073636
73;X9.cis.beta.carotene;48.68654371667872;11.304483209765285;37.37813980175194;67.1523942441241
73;eau;29.101095363355867;4.499835181700483;22.55439207605445;34.60923649327643
73;ratio.alpha.beta;0.8592422948917029;0.10310826587105366;0.7146196270962781;1.0383391019943922
73;ratio.alpha.natif;0.4387761267151062;0.032423401453021417;0.39498178023292185;0.4867025553318587
73;ratio.beta.natif;0.5551489200278479;0.03115009680244009;0.5069605874054866;0.5949860631552342
73;tlip.MS;81.66131001414203;0.8539326094861632;79.97914192890167;82.72311198294035
73;total.beta.carotene;286.2772130900596;40.11205028399222;234.61510898761364;342.2134039499934
73;total.carotene;409.36272781943234;46.9140125770942;340.72273906907765;471.66358018102716
73;total.trans.carotene.natif;342.79616327638206;34.673777481871056;299.89919235886157;397.2523809683207
73;trans.alpha.carotene;168.62700286944667;27.67295886907865;123.09827314570548;204.54152738580126
73;trans.beta.carotene;210.0323663966902;20.98861772546809;180.9769776697199;244.12065464776714
74;C14.0;0.9092139612112463;0.15174410367340252;0.7288279295979201;1.1239479328230262
74;C16.0;42.5010534658663;1.2104582313898251;40.383139239419386;43.73413683029351
74;C18.0;6.845087067418;0.9614988140962784;5.447357516349823;7.884992616694434
74;C18.1n7;1.2162544540559483;0.25900514401643276;0.9180188452009385;1.5495981979384579
74;C18.1n9;40.862833701687066;2.343350678459564;39.1342783602996;45.52086692032334
74;C18.2;9.743836181170833;0.7858147978293988;8.333604477724071;10.32800491414052
74;C18.3;0.27151496554734944;0.05514729156972438;0.1741806608079492;0.3324500782560183
74;C20.0;0.3990678043257889;0.03205294906547595;0.36951369296066905;0.4578411393666857
74;X13.cis.beta.carotene;36.415974317153;11.159831181644172;23.706789572528752;50.071519060481855
74;X9.cis.beta.carotene;55.90475244379784;19.81154585350451;40.83666051508189;88.17339630073685
74;eau;28.63874154347027;3.289299191658856;23.02266534790203;32.20501803377832
74;ratio.alpha.beta;0.6674120188074144;0.03973361561154396;0.6129011058633339;0.7192053588825691
74;ratio.alpha.natif;0.38094185266111635;0.010061244373511717;0.3729219895547155;0.39460081438034345
74;ratio.beta.natif;0.6197211396215955;0.012613779083937418;0.6029882909731348;0.6338900189004226
74;tlip.MS;82.41205426611131;1.6903704112550626;79.75041271164093;83.64674184717552
74;total.beta.carotene;444.81627205144997;123.41175055589173;309.9691341816972;607.2118618365561
74;total.carotene;597.5240624827443;94.1968353219603;515.630419655632;763.3093979075999
74;total.trans.carotene.natif;546.1393036619542;81.32442178355208;469.33168585614;668.4575402920302
74;trans.alpha.carotene;223.85517452316137;73.88568000439247;160.17805504160012;325.1512662280687
74;trans.beta.carotene;346.45325655007395;60.00266736234331;293.1367910909681;442.2974423952331
75;C14.0;0.5335439029359428;0.17955915782047335;0.34829550157027467;0.766195192641652
75;C16.0;34.01666291823767;1.6670126267678789;31.88999345080298;35.86856889986305
75;C18.0;6.880115813013409;0.2124944514984133;6.681707024410873;7.260583115312999
75;C18.1n7;1.020139816121534;0.07846279520344004;0.9272702377831906;1.14161342950769
75;C18.1n9;48.51839743157924;1.2547643764298348;46.72107791862352;50.280478018140876
75;C18.2;7.95794091644644;0.630996059310419;7.270818996333553;9.048283657951268
75;C18.3;0.32791193561341664;0.09847840797482232;0.22623105053383807;0.4732000215815595
75;C20.0;0.4608769555602448;0.018896452075061035;0.4465338526460056;0.48598764760752877
75;X13.cis.beta.carotene;64.99827439545162;18.24052929653064;46.948601608523134;85.92349875207444
75;X9.cis.beta.carotene;131.5511810518672;45.31726023552537;71.39424391271007;186.32257244091062
75;eau;21.227612022654508;2.1057201601192332;18.694582691321738;23.200000112486297
75;ratio.alpha.beta;1.0055873912768816;0.21127261743920306;0.7722473862150074;1.2250950996088175
75;ratio.alpha.natif;0.4426531115582004;0.06276045198150129;0.37115016095033443;0.5066065484588242
75;ratio.beta.natif;0.5553946694706966;0.0653764950167039;0.4849494752742443;0.6242890249577279
75;tlip.MS;81.47461964246129;0.39054919072634137;80.93943450675467;81.96414559372674
75;total.beta.carotene;783.829026120677;284.0942788945454;477.80530262555544;1129.0525832067115
75;total.carotene;1115.086616414979;537.4528456895853;611.595073185668;1848.5168017867652
75;total.trans.carotene.natif;1004.1664898928057;496.5210876361818;534.8438256648215;1597.0543164938126
75;trans.alpha.carotene;406.28609997647476;143.372688944434;221.40683363235715;556.1873465976095
75;trans.beta.carotene;591.1345144953422;200.51281387771806;366.4029851128928;799.5088120034817
76;C14.0;0.785600345957977;0.08184857858424968;0.6794090710334961;0.8792564781419051
76;C16.0;41.338359091402516;1.2071160463096016;39.8496646538369;43.2022263890277
76;C18.0;6.02018349654966;0.6642640696150048;5.622624883675297;7.368117732142212
76;C18.1n7;1.20957555225928;0.1253400875030906;1.0395522914965052;1.3910888896682392
76;C18.1n9;45.451314264144486;1.070423871002228;44.021681858653025;47.196623669861495
76;C18.2;7.767579170105296;0.3313800598704379;7.460502148584164;8.281960422127744
76;C18.3;0.34306668435362947;0.040603567866543115;0.2799784673183634;0.38791218658093074
76;C20.0;0.4180687044198197;0.022268766474415037;0.39440789549563815;0.4494811415572963
76;X13.cis.beta.carotene;70.75408759568559;4.37749755843616;63.729701842969426;74.99613932123638
76;X9.cis.beta.carotene;153.44239643160202;16.125511246879253;144.07625211053673;185.56497536272542
76;eau;24.948225013562478;5.627117234957512;19.99000236956675;33.52127112280466
76;ratio.alpha.beta;1.1449531847104042;0.22920037315616065;0.8177609348084335;1.3709771687544199
76;ratio.alpha.natif;0.4829753293567947;0.06927691706794151;0.3939620800552099;0.5464089783889574
76;ratio.beta.natif;0.5173928476226463;0.06620070636627227;0.4568606910872727;0.6087058628470006
76;tlip.MS;80.8026619505534;1.7844773751038154;78.49325979695594;82.84194474468345
76;total.beta.carotene;906.9589774584771;126.38630549101867;824.0374145201928;1162.471607422353
76;total.carotene;1124.580785768768;521.9417574551823;670.0770503597807;2069.7720358487654
76;total.trans.carotene.natif;945.1062623496064;425.5483206537612;584.117061115653;1686.0598002717193
76;trans.alpha.carotene;541.3673677085644;173.0382919232321;251.9819795470907;784.1005125175096
76;trans.beta.carotene;652.6145193384585;81.24436652723301;562.1865207239532;799.8738451205141
77;C14.0;0.8167982008863947;0.0831725253403198;0.7401083046725592;0.959887015057272
77;C16.0;39.203959549061004;0.9888549947919348;37.15444684992453;40.16485022432178
77;C18.0;6.588851434438887;0.8116115042647252;5.659080825387225;7.991202339690767
77;C18.1n7;1.04333805230192;0.1597830704151604;0.920713568595504;1.3939703300625328
77;C18.1n9;45.393174070261686;1.8262639906492997;41.69480605800486;47.06353937258758
77;C18.2;7.69731638998241;0.6072712888211578;7.041847979279136;8.594733911043068
77;C18.3;0.37504294125765697;0.05893481132161344;0.26381707096186596;0.4354667518341684
77;C20.0;0.4375637339484979;0.019150861473605212;0.40768818727247863;0.4619208680346486
77;X13.cis.beta.carotene;76.82781587448491;15.110352411324389;49.74731729743118;93.11747573976898
77;X9.cis.beta.carotene;160.60672700400102;41.00330582036371;85.98419064448842;216.29755980694327
77;eau;24.687936519283845;6.585264542123539;18.749999954279282;34.77999740056299
77;ratio.alpha.beta;1.0922066309118514;0.13133999794533197;0.9633513339404459;1.3438845318526744
77;ratio.alpha.natif;0.4665961876995112;0.05381046806087992;0.3972781263943933;0.5610327779935728
77;ratio.beta.natif;0.5312305565322798;0.05486526478989443;0.445708129135715;0.6101642071677119
77;tlip.MS;81.0893804193171;1.5638672117226071;78.88365110774888;82.91697728291032
77;total.beta.carotene;1032.2561455030177;178.8634657675382;688.7264752510325;1217.6471367835518
77;total.carotene;1640.4907432062282;503.8812401384344;978.1748975241406;2367.8942960937243
77;total.trans.carotene.natif;1413.1181917296508;457.4798126573288;795.3085053554288;2114.9603778805995
77;trans.alpha.carotene;784.6600684129551;321.8434402402828;410.6560475807954;1210.9027136574568
77;trans.beta.carotene;780.9347760632888;157.63547181047576;479.36275679951126;995.7931102492598
78;C14.0;0.581560726671749;0.11707342080450268;0.4471588586803691;0.7224756336238088
78;C16.0;34.72203290520013;0.8869853803589743;33.43826668914632;36.21351908182621
78;C18.0;6.871543074032559;0.6647532102458001;5.674883099879514;7.889593260371165
78;C18.1n7;1.0910619555637484;0.05925670601026639;1.0531800479820326;1.2207246326139427
78;C18.1n9;49.63366422581877;1.1559068491597235;48.31381043526189;51.63771892246845
78;C18.2;7.762785827590532;0.23305685999957165;7.42521668575495;8.085799668781721
78;C18.3;0.32049925822845937;0.06631012314049756;0.23679439923143078;0.41666715903881313
78;C20.0;0.45317415193703575;0.018599814302968025;0.42495530051362507;0.47878635122553787
78;X13.cis.beta.carotene;69.22954640138457;12.130541270093234;48.79247708085489;83.93619662725332
78;X9.cis.beta.carotene;139.6807039814737;36.42871720022269;78.96722648117866;178.7288799024942
78;eau;20.705017667661842;1.603600270818251;18.873750657370145;22.443333290420387
78;ratio.alpha.beta;0.9930627763448546;0.08641306736978836;0.840035483426412;1.0954780584648753
78;ratio.alpha.natif;0.44077572902323714;0.0311848347204729;0.3795384057580344;0.47160808492003525
78;ratio.beta.natif;0.5602024534511906;0.03580999758426802;0.5194383289214466;0.6314141705659285
78;tlip.MS;81.7874186431015;0.32345978237169554;81.36052316989557;82.385766857572
78;total.beta.carotene;829.7611971097461;187.2869403185912;494.4859363512083;976.4015385096302
78;total.carotene;1211.1857876790261;353.44048659364177;681.1336196231666;1593.337917980323
78;total.trans.carotene.natif;990.1907781274873;291.32823374827694;557.0635334067098;1293.0993896301575
78;trans.alpha.carotene;580.8205344706861;344.2716626657552;222.7095641369606;983.5861381136859
78;trans.beta.carotene;629.3407815963776;149.06964307707432;405.9466403739541;764.8017740728027
79;C14.0;0.8398644727632676;0.1119689927052445;0.6958927075245935;0.9807552800275215
79;C16.0;41.655578292533484;1.0052461696179582;40.42416340588935;42.88870916704168
79;C18.0;5.323982918759016;0.6516038626924294;4.8467899762515305;6.2009458337007235
79;C18.1n7;1.352411373209419;0.13201924592175493;1.094429676350012;1.4646431589121023
79;C18.1n9;46.57187949864299;1.7850565750055074;43.77238114419716;49.0093361211275
79;C18.2;7.093524669667153;0.4702972109983909;6.480873108323472;7.6421336486009865
79;C18.3;0.4486255469507184;0.0618654885738933;0.33096300836750553;0.4946428212468436
79;C20.0;0.4074205967448748;0.013048384001801359;0.3922642708391591;0.42888370267185283
79;X13.cis.beta.carotene;92.15103565474669;13.361332119443707;66.47935353542586;101.77404957878956
79;X9.cis.beta.carotene;191.89326887204138;39.24122552521127;123.67009563251563;226.6809553623457
79;eau;38.3564208959596;6.425512886459724;31.850001065424063;47.06000176557577
79;ratio.alpha.beta;1.1600303431744023;0.07872694352770392;1.056953606315233;1.2643720502602194
79;ratio.alpha.natif;0.4800085318930563;0.023406085777202854;0.44447929589215995;0.5034145917286622
79;ratio.beta.natif;0.5192418315150574;0.02100946701067908;0.49765888991509627;0.5535116339749917
79;tlip.MS;77.24498396650958;4.8510338511696975;72.40931067585277;82.6987431889314
79;total.beta.carotene;1180.5169984914153;301.9746082516887;573.6409442474145;1369.5745335542586
79;total.carotene;2002.1008547514823;671.7405181878958;716.9996792025917;2718.34091767676
79;total.trans.carotene.natif;1695.7755091473207;573.89706690418;608.8989202547023;2314.4837121021633
79;trans.alpha.carotene;1112.609690070925;412.968753427672;356.6114688979766;1463.5226424060832
79;trans.beta.carotene;918.7726340761807;266.30284020644774;383.32779204073427;1070.2238863814027
80;C14.0;0.774177539784311;0.09333631837886046;0.614146936645011;0.8643703389639223
80;C16.0;40.272038706841265;2.1649528714333304;37.21635235728565;43.800404979884476
80;C18.0;5.9321399113263205;1.1010703223357758;4.834774480033701;7.298919502692866
80;C18.1n7;1.3151729860062036;0.18259242669740441;0.9500057569342262;1.4286271457194497
80;C18.1n9;44.10121179010479;2.9116968675526884;41.393891256940215;48.490689106032086
80;C18.2;8.051429206196607;0.9920173093667839;7.085487996506654;9.748934954221122
80;C18.3;0.3589061384987393;0.07927486191354145;0.2691238308849451;0.4585052425469282
80;C20.0;0.4048712932012862;0.02444028267360267;0.38344099529027953;0.45149614396727833
80;X13.cis.beta.carotene;72.29094916546529;26.80984137312696;27.34213647491223;99.08779557622867
80;X9.cis.beta.carotene;139.06645268840535;64.41899677593264;36.78270079040808;206.91430294577316
80;eau;33.51305188985274;9.71332049239976;23.288757801012924;45.45000216253971
80;ratio.alpha.beta;1.1798408630470192;0.1212090504053761;1.0067927381401496;1.3129485464115147
80;ratio.alpha.natif;0.49324094826389747;0.03765891498948724;0.44236133335037353;0.5350914701826059
80;ratio.beta.natif;0.5064435222665548;0.03851373596541793;0.46569475801480414;0.5617047922402775
80;tlip.MS;79.16565198906282;4.768194541981619;73.19494553324833;84.10758326638357
80;total.beta.carotene;964.5434238775412;474.01596168741287;255.49085862361073;1432.0184940633649
80;total.carotene;1615.4340061557468;1002.7253192283036;363.89186005817106;2694.933896611883
80;total.trans.carotene.natif;1395.807211843914;880.8616790008539;283.2407607340121;2280.4505795709238
80;trans.alpha.carotene;630.4626031661228;358.18863684598057;133.98381431789056;1168.5416424481145
80;trans.beta.carotene;717.4227523030098;370.60513866864574;240.50606667493307;1053.3505975135054
81;C14.0;0.7335191714531097;0.13278396562425854;0.5821087031791761;0.9003954323414918
81;C16.0;39.64809758374901;1.9279760800513703;37.12186394754568;42.391854269197005
81;C18.0;5.966164132130992;0.605583154423921;5.13101623067943;6.677115527481711
81;C18.1n7;1.2421564261664468;0.10248338981450535;1.0801130007304043;1.3699918194268668
81;C18.1n9;41.371510662573655;1.4411926484697868;39.740832238065614;43.578508932905784
81;C18.2;8.85452390128968;0.9510020691711956;7.224266381544734;9.982506225931148
81;C18.3;0.22933167244735272;0.04502286719604379;0.18435011479297778;0.3129642621227837
81;C20.0;0.4151681316661502;0.03766857021675595;0.37539532608709114;0.4602680315216179
81;X13.cis.beta.carotene;45.26599996741309;14.642535643819302;31.46908181850032;70.97301917198259
81;X9.cis.beta.carotene;78.69603089914511;37.68419944546007;43.49722050736918;147.76288443089976
81;eau;22.5306781245696;5.179549807901873;18.70374954931779;32.022271458394314
81;ratio.alpha.beta;1.2813665475263116;0.15252643421191556;1.0849026490035962;1.516967230501894
81;ratio.alpha.natif;0.5151998110994462;0.01667814205548788;0.49732224193520136;0.5449219439097586
81;ratio.beta.natif;0.4789437176867315;0.025574075658433615;0.44894883398490054;0.5191423301077013
81;tlip.MS;83.14067839062996;1.4709536771500535;80.35262737556691;84.32954384160352
81;total.beta.carotene;416.8177446919967;126.78708917779218;262.53404675596306;629.2108904223463
81;total.carotene;475.1391933904279;104.58732188164298;344.69606947395624;578.5639996863456
81;total.trans.carotene.natif;391.869951091644;98.89735972946804;272.8403906448234;510.9185752631859
81;trans.alpha.carotene;191.9567862343208;65.32481377999882;115.51383297710012;263.8745745383468
81;trans.beta.carotene;291.880469683473;100.71148350242372;188.10169703055337;467.18246363341973
82;C14.0;0.6239227155023039;0.07784799186927244;0.5208464533724142;0.7099105343370176
82;C16.0;38.17952574103026;1.1450227009645912;36.51783095614841;39.96193830885624
82;C18.0;6.567332153060614;0.6083052765748668;5.750491829373135;7.217272221418214
82;C18.1n7;1.2082220338895417;0.09348706112638529;1.0711035316425663;1.3482252025071866
82;C18.1n9;48.02029444827885;1.1115382274995584;46.73442662654959;49.817256899349246
82;C18.2;7.415329764559925;0.3856740161492405;6.7057550948846405;7.844489476614083
82;C18.3;0.3507599436357712;0.04876270756569045;0.2826952192229546;0.43425776628827434
82;C20.0;0.4121641267086554;0.024024317935247883;0.3745202520030367;0.4368280187637481
82;X13.cis.beta.carotene;76.89505335481148;10.89913498370374;58.468515234413516;89.25201764090812
82;X9.cis.beta.carotene;136.356353975494;30.905821171582893;87.51946121660183;173.65310494337996
82;eau;29.37491597887441;3.8533515534802265;25.03091326495524;33.81152560667875
82;ratio.alpha.beta;1.1231063864591786;0.14162842274695472;0.9738244291019165;1.393644748325841
82;ratio.alpha.natif;0.4902485305282052;0.0404969409955122;0.44999468203428694;0.5597303939090439
82;ratio.beta.natif;0.504757781687267;0.04072371373527425;0.4373100302266537;0.5576094496294481
82;tlip.MS;81.63735179533174;1.1598595098769922;79.4746970884499;82.59789925917286
82;total.beta.carotene;937.5529966002856;226.63403342595242;582.9155458084456;1178.7418436359612
82;total.carotene;1447.3520859038683;545.9136090424576;602.0137410928567;2011.5134861490876
82;total.trans.carotene.natif;1260.9634820850206;485.439338705897;534.2173413000907;1720.1233702756354
82;trans.alpha.carotene;610.0368687646971;253.0271963960876;257.4671242759046;873.2416829422369
82;trans.beta.carotene;671.5133713425142;149.17383781597513;417.63779950448014;800.840221361532
83;C14.0;0.7571930524134426;0.17005277612566624;0.5753995267007783;1.0998023078966788
83;C16.0;38.369529175468635;2.01933774490353;35.89232151935319;41.79668970594276
83;C18.0;6.953902256704132;0.7029807467738957;5.321352011405741;8.210242217840248
83;C18.1n7;1.0407176689343567;0.070477685813829;0.9297537638125999;1.154130799994152
83;C18.1n9;48.65608507408093;1.3094532324188004;46.68692388081877;51.082072927002564
83;C18.2;7.771769000047635;0.4095735315665391;7.240142095631115;8.493270249582945
83;C18.3;0.32861754069204924;0.060228898717060164;0.2440321581027739;0.40692105552463476
83;C20.0;0.4613544720545049;0.016474208391238757;0.4311704811156309;0.4905827807107748
83;X13.cis.beta.carotene;62.84335564752993;9.730244538675;51.527267025981054;76.80608465901308
83;X9.cis.beta.carotene;121.79429320942195;31.096880334211253;71.46829678768127;184.32576598193566
83;eau;26.352303249944963;3.7243050352279936;22.27733320906329;34.93000061038335
83;ratio.alpha.beta;0.9107880391738238;0.19616828011238735;0.6429061164778189;1.1791997851041187
83;ratio.alpha.natif;0.41760631381752983;0.05129748725432783;0.36123963863388836;0.501355284768558
83;ratio.beta.natif;0.5864636221891004;0.05394362714332652;0.5033354263455282;0.6468554970550001
83;tlip.MS;80.27727658750565;1.3629790446612464;77.29554180609367;82.02531878835208
83;total.beta.carotene;767.9831727396838;216.3147699408764;495.3314414793151;1102.2296351241944
83;total.carotene;832.5058208406269;341.81496380501216;569.4725378304979;1588.6388808418676
83;total.trans.carotene.natif;749.4224953561974;333.7957928317665;508.0190720999703;1443.06863345789
83;trans.alpha.carotene;371.74668409942444;189.90976610113634;218.0207954349922;837.4801778933515
83;trans.beta.carotene;537.0502330428518;195.7670074773445;268.98730852641836;840.2482415972117
84;C14.0;0.40351233887500737;0.10303048745138003;0.3174862030274609;0.5993302553842179
84;C16.0;31.909021762770486;2.4506078296530602;29.543547234823535;35.844838472145504
84;C18.0;6.025040050564102;0.6533540344891888;5.085938667083959;6.8895450165266565
84;C18.1n7;1.0924634223524532;0.14115473437585813;0.8827054952702318;1.325541003435462
84;C18.1n9;49.48640869072235;1.778077748855382;46.72560498137463;51.36292473394714
84;C18.2;7.838595388004911;0.506404529474255;7.194547427975886;8.59271845649914
84;C18.3;0.4133054568169952;0.07826219361731139;0.29159687258335754;0.4910893332478478
84;C20.0;0.4127632822439802;0.03097096832527623;0.35230812584175475;0.4379393036553328
84;X13.cis.beta.carotene;74.6339610393749;13.901578112405987;48.40367195831011;90.83197765649878
84;X9.cis.beta.carotene;145.35813599595275;37.683751869742665;84.38372685820444;193.82637772947862
84;eau;37.229379952466346;10.839269824918157;24.31232448628152;53.74999893984907
84;ratio.alpha.beta;0.9392861951218057;0.22413923554447482;0.5983988179144881;1.1863782818956012
84;ratio.alpha.natif;0.4414977157049118;0.06255490604807551;0.36787790272303095;0.5060518967178935
84;ratio.beta.natif;0.5607696576542176;0.059523965465041746;0.4903840933914435;0.6324097349534877
84;tlip.MS;76.34464015558397;3.7964692069065227;71.80063514464388;81.0525773522045
84;total.beta.carotene;1163.7492205126841;246.83704522172246;731.7449028868391;1446.5728833268738
84;total.carotene;1777.4135153083316;771.5865297007209;732.4792963766438;2578.398315452212
84;total.trans.carotene.natif;1549.2816699542432;597.3820156207225;717.205227676189;2229.9574478192667
84;trans.alpha.carotene;716.191356600312;340.6271252161755;286.1515235289028;1263.5416907610927
84;trans.beta.carotene;929.2864230787011;253.0880247817195;509.48024962783194;1190.5095649087389
85;C14.0;1.0297210374972126;0.06223304228814202;0.909073207477677;1.0781819160794184
85;C16.0;44.20836775872385;1.1714832190886455;43.061981275448;45.96832826935748
85;C18.0;5.516610589160585;0.29150884293494;5.0555146867579355;5.842773710470706
85;C18.1n7;1.261563794419734;0.22479392364699977;1.0537352064871708;1.5763082692124188
85;C18.1n9;40.1831805484667;1.7859225571247537;38.07322984600247;43.29386195903496
85;C18.2;8.588232691807255;0.8512161719830339;7.691520038817166;9.712227274558668
85;C18.3;0.3226026744020722;0.027147517209867994;0.28906882487503344;0.35411256610638425
85;C20.0;0.3940013122552302;0.030133981720069754;0.3536674707011884;0.43063695929546936
85;X13.cis.beta.carotene;56.003529588493386;13.233242155522765;32.62453620791114;68.39631217239976
85;X9.cis.beta.carotene;99.5062720603192;39.12874085001979;35.01248219499435;144.86441068503146
85;eau;32.83312591698559;5.9582734708551195;23.782637125280157;42.00999847673689
85;ratio.alpha.beta;1.2252534690740786;0.17083446263529165;0.9717185479560286;1.4026065500813107
85;ratio.alpha.natif;0.5241341832746346;0.032088623689157915;0.46919951554348205;0.5567142310510387
85;ratio.beta.natif;0.47031554471225295;0.03300841503028876;0.4314926801483823;0.5209348554245782
85;tlip.MS;81.15370403583066;2.535771797571382;76.01328494373455;82.49840001915645
85;total.beta.carotene;812.5796634023606;233.47433184669566;488.6410068395156;1095.0390934094378
85;total.carotene;893.3598035597255;198.93662148023398;647.2348073798219;1133.2516346360312
85;total.trans.carotene.natif;816.3358745046044;202.40167578647578;565.2237091338886;1045.15313160551
85;trans.alpha.carotene;422.8475620117833;151.54064663079183;268.36771079488716;640.4843384083883
85;trans.beta.carotene;600.4168986971703;172.0611055261817;367.5564196973621;767.7331984473827
86;C14.0;0.812624258231482;0.07837594077843256;0.768690831209869;0.9717023060819509
86;C16.0;37.76666873066619;1.469015118904438;36.01371609415502;39.85811101681533
86;C18.0;7.333950022656837;0.4770339524182144;6.836681578095897;8.044410208912428
86;C18.1n7;0.9893040760888429;0.10159079515837448;0.8475444538251969;1.1119286091469447
86;C18.1n9;48.114701603853696;0.8544847698369258;46.94808387531132;49.021242100356936
86;C18.2;8.27849763722781;0.40217675605042497;7.550653944599419;8.642010007175188
86;C18.3;0.18307133886559487;0.019963485910888288;0.1528337173143836;0.21070405402796552
86;C20.0;0.4869038118509483;0.00966350433831647;0.47611432295934075;0.5024938973275819
86;X13.cis.beta.carotene;45.34136414166999;6.605965743557598;36.281934243938714;55.135685040700785
86;X9.cis.beta.carotene;54.494609382881265;22.521817602461194;29.61997700139743;92.14211094681305
86;eau;19.428659316858287;1.4007178838006928;18.043749296875188;21.84428819085919
86;ratio.alpha.beta;1.0835499023922177;0.04085192898817483;1.0309536333292753;1.1379653468849755
86;ratio.alpha.natif;0.4964936067826329;0.017012078759478997;0.47403170700885405;0.5187015520615662
86;ratio.beta.natif;0.5055292274284239;0.01671293635959174;0.48617185929749296;0.5289703754565681
86;tlip.MS;82.36020723794756;0.40375821145619906;81.66482026375175;82.78032663102599
86;total.beta.carotene;345.704406876694;135.4538077949507;218.7133496375439;551.1350523247153
86;total.carotene;365.08114697441243;39.080487045314776;305.84048824378357;422.5408059282734
86;total.trans.carotene.natif;299.47221894072055;27.810061603743144;269.4259305296628;341.6205902811788
86;trans.alpha.carotene;146.043476119673;25.00338511024626;111.51129269976634;179.7046899824558
86;trans.beta.carotene;234.48266779474724;78.29151678598022;154.15772721610873;333.99920261449324
87;C14.0;0.8109793110917972;0.1138359474854652;0.6100842632189489;0.9490515717397667
87;C16.0;42.39731514311284;2.0819704336015104;39.0394371324953;44.91113383115138
87;C18.0;5.532581191163424;0.2138992987504005;5.234637805451337;5.8452344613645835
87;C18.1n7;1.1512189646857207;0.11810127242160044;1.0286245835289103;1.349160224662558
87;C18.1n9;42.86014752710455;1.2699498583134352;40.715605591190574;44.40546854856849
87;C18.2;8.071508990165764;0.27243695073467467;7.757967896317302;8.481641404282717
87;C18.3;0.4099001810713221;0.06093764895642685;0.33584943218915286;0.48580869042965247
87;C20.0;0.41547180647274;0.023622909021227927;0.3825682195990227;0.4354436108418259
87;X13.cis.beta.carotene;69.70986656111405;3.20047422507275;65.47899387764032;73.7891179005295
87;X9.cis.beta.carotene;133.27192835645016;16.833863757152574;115.22478727889472;159.93585564216076
87;eau;30.532445902073217;5.0592163457157;26.117333351334068;38.95499945632087
87;ratio.alpha.beta;1.0137748998424967;0.2072457875791181;0.766074441073926;1.2936003007935541
87;ratio.alpha.natif;0.46925719421442796;0.05759828624873093;0.3903149075753216;0.5383138700098103
87;ratio.beta.natif;0.5309383956510887;0.06209949305443376;0.45068789516446245;0.6074245393721498
87;tlip.MS;80.73493541962145;2.8608190129879496;75.52870324877084;83.5690037318332
87;total.beta.carotene;1101.3909555613093;127.93213982192083;914.5456591541815;1261.9700746294704
87;total.carotene;1454.5816576427276;487.160726173502;943.2825871573782;2200.845967584628
87;total.trans.carotene.natif;1332.1568332188103;398.20141685224615;898.9824486326754;1909.739057847937
87;trans.alpha.carotene;842.6971680211687;292.65963003642855;471.38071206868744;1134.9277215036427
87;trans.beta.carotene;818.9227881348164;91.0391658807545;664.7952342083101;931.6316873409514
88;C14.0;0.31216461302594706;0.03253380586298947;0.2639765871315869;0.34728424884211073
88;C16.0;30.29223276374933;1.133267640279969;29.05828746182496;31.788508842729833
88;C18.0;6.728364852658752;0.18140242941500914;6.411600804891275;6.97070740727124
88;C18.1n7;0.9253393054078968;0.06596048730242496;0.8099442116574943;1.0025009815352122
88;C18.1n9;51.1639103995095;0.5588210465965715;50.68107758820786;52.1333322911907
88;C18.2;8.583617500120436;0.45220956171782933;7.915546134551549;9.336183939387832
88;C18.3;0.33406997389706233;0.043036043178602885;0.2579594766040326;0.3853497209276835
88;C20.0;0.44585090666576405;0.009598330242668048;0.43125328679279656;0.46264551081037963
88;X13.cis.beta.carotene;65.99449447815378;11.101836228652248;51.51717033637908;76.81876081846404
88;X9.cis.beta.carotene;120.97016231931805;21.258222230208712;88.73049641760994;144.15740339863385
88;eau;22.15135459033342;1.759156304110196;20.161112229613977;25.195832847273447
88;ratio.alpha.beta;0.9826448668183504;0.2037262308175831;0.757259282126872;1.2716711990063791
88;ratio.alpha.natif;0.435046193151991;0.04540220092874412;0.38880579286474365;0.5087898887122899
88;ratio.beta.natif;0.5626523465898282;0.04930308625251078;0.48982549354574945;0.6168025015266049
88;tlip.MS;80.93549619599456;1.258626416879761;79.26652484801286;82.97183013465764
88;total.beta.carotene;827.3725735960952;130.17132637507774;676.7874381078357;1019.0292141045384
88;total.carotene;1177.086936262913;427.5883852435202;719.667894700964;1707.7792456982604
88;total.trans.carotene.natif;997.0787696679492;351.12516045186743;642.0724407598043;1467.2279015501842
88;trans.alpha.carotene;621.7690968740142;337.3958673194137;321.7278631578828;1013.2065543417384
88;trans.beta.carotene;628.3705634393364;123.3075189470042;484.2430933859622;799.917164555864
89;C14.0;0.4517865315630381;0.12979745383615418;0.3283249449438931;0.6218324425140641
89;C16.0;34.27037660051906;1.6214631915339064;31.531426144885994;35.66388820192081
89;C18.0;6.838715971389213;0.24141815782463044;6.455453508116271;7.061655165923151
89;C18.1n7;1.1295856390918877;0.13903092719591448;0.9640414566194134;1.3409441332172969
89;C18.1n9;47.046219000816684;2.778427171166828;42.42805450389977;49.396782003211094
89;C18.2;7.7937386947689395;0.5320361844525634;7.18445133358845;8.672639455608383
89;C18.3;0.32998288462105047;0.05759181658857599;0.26593001987680404;0.41800181577509454
89;C20.0;0.41899880351175006;0.04639984910051466;0.3566805486244072;0.45865396885269655
89;X13.cis.beta.carotene;71.8374271665729;7.642618178066868;59.745036123823816;78.82819965149788
89;X9.cis.beta.carotene;139.47883349782725;26.068204779648788;106.83508628278376;171.3553154657384
89;eau;21.62066572806408;1.3879606884339244;19.788890578193836;23.237838095608335
89;ratio.alpha.beta;1.2119222231797764;0.19748730561492064;0.9719333737304422;1.5307642816361469
89;ratio.alpha.natif;0.5008440220129282;0.04587107668541121;0.44889130091884216;0.5757444294172602
89;ratio.beta.natif;0.49466918879129546;0.050809251733630184;0.41340432828971724;0.5571870786546042
89;tlip.MS;82.32836105934759;0.9452711020807585;81.3533457732273;83.37451643839921
89;total.beta.carotene;869.0069444475356;53.62168100006467;805.3746396364375;949.3489739162562
89;total.carotene;1315.18859658731;156.90401120084772;1119.5265579116412;1547.9357748528473
89;total.trans.carotene.natif;1047.7927378496945;125.98648481453637;878.7161964510666;1229.7997316763262
89;trans.alpha.carotene;880.4563341606649;275.55837428463866;326.02950651689065;1022.3683809016894
89;trans.beta.carotene;667.5976061446205;83.78540686596644;574.1835038899156;765.2794521850217
90;C14.0;0.824524181875009;0.28849963482009583;0.5008851583253665;1.1364600037502877
90;C16.0;40.327016650940635;2.6774598214993075;36.77247935870823;42.86828739604564
90;C18.0;6.052903393508809;0.4936707408027914;5.411671954234807;6.906309456044107
90;C18.1n7;0.9816970228659486;0.055041495422664545;0.9284910444345589;1.066924803712284
90;C18.1n9;39.20737569965567;0.7247090902985113;38.27573847704559;40.24001332104255
90;C18.2;7.6695272114461295;0.6257130692910089;6.966137589148627;8.57922827509955
90;C18.3;0.27179738875736165;0.08721424139001607;0.1854574022940531;0.3674257128709169
90;C20.0;0.4593105929947916;0.009808615987603147;0.4455004049120916;0.47368135083250634
90;X13.cis.beta.carotene;61.65116698651863;15.457233592807443;38.84460157276476;76.68426694353276
90;X9.cis.beta.carotene;115.1352332170153;38.735052390725016;74.4928988414223;164.13721694262824
90;eau;25.226030792295493;4.890560244499259;19.092501037106228;31.47000328202205
90;ratio.alpha.beta;0.8393487251424955;0.12220977184421569;0.708125272245295;1.0000168084870575
90;ratio.alpha.natif;0.4039667688478583;0.04010955252382835;0.3703554249501563;0.4629262454621976
90;ratio.beta.natif;0.6101509035181577;0.04778853873102232;0.5292822810786223;0.6465565896264982
90;tlip.MS;79.74355576116491;1.6282405383683147;78.22179630345845;82.31216530160933
90;total.beta.carotene;711.9027557807552;193.66672045046062;445.72284056898445;943.8830156883498
90;total.carotene;785.61982041053;237.3808783415512;639.0469974688542;1259.5238063828767
90;total.trans.carotene.natif;679.0182010028401;179.49053468385466;562.4669158838467;1037.6051178271614
90;trans.alpha.carotene;431.08218144924393;181.45654066008308;249.72689787754047;673.1829443049179
90;trans.beta.carotene;480.6608430116353;136.08416143328478;294.38769341547845;658.9247157454519
91;C14.0;0.9731950535589764;0.17017895303077887;0.7985341131676429;1.2446363495253914
91;C16.0;42.76781635752581;1.2072103745080773;41.236072955775256;44.17262888736072
91;C18.0;5.495652267791026;0.19914970654322423;5.338352097964504;5.780402721845516
91;C18.1n7;1.0905397113419533;0.06357978726502822;1.0163390546275173;1.1859418523203715
91;C18.1n9;42.902302040559725;3.0066433271908077;38.705629223849265;47.254160691101966
91;C18.2;7.539760443554155;0.7297724094571353;7.027696975726464;8.533597759917734
91;C18.3;0.3583693371101942;0.08099933789356577;0.2726020110235612;0.45253744119101463
91;C20.0;0.42687589163580536;0.013435413149224671;0.41535532110665707;0.45244580090128644
91;X13.cis.beta.carotene;71.09007385786909;16.46142843123559;45.0163884491096;86.99579384545675
91;X9.cis.beta.carotene;148.481127889717;32.75119706804513;98.03969165481485;189.8918732552251
91;eau;28.698817353967062;6.295269733673667;21.867102628091835;37.116665718807546
91;ratio.alpha.beta;1.1123640296771473;0.1293585495759897;0.9567399462833714;1.2689657545967632
91;ratio.alpha.natif;0.46970206573768475;0.034416987600194855;0.4118381933568661;0.5096560230806434
91;ratio.beta.natif;0.5363734722973968;0.0404991607818926;0.4964635419949981;0.6057242329035988
91;tlip.MS;79.79927609675529;1.76360899385383;77.69048068654934;82.23813841772558
91;total.beta.carotene;1051.6515636033348;207.8086282253306;752.1221428605838;1232.365253994773
91;total.carotene;1505.765151602757;660.4169332301535;697.1571105792618;2112.9778236389907
91;total.trans.carotene.natif;1284.9827419821809;571.1127836722738;649.1053719068909;1858.5405447839098
91;trans.alpha.carotene;813.7200330573222;260.7772842924806;313.99352837053635;1043.3064439260725
91;trans.beta.carotene;778.7357587682513;212.99379450200618;471.342081163896;1032.0510386976339
92;C14.0;1.1189614448539855;0.08918890428358552;0.9792527058234738;1.208080595405032
92;C16.0;43.75074079422578;0.983155351379609;43.01309473407754;45.69528310456146
92;C18.0;5.502305484784379;0.37657537998585516;5.22062277637912;6.2330358342989625
92;C18.1n7;1.0589709890858945;0.0764540624979386;0.9498346258077447;1.1493075363607095
92;C18.1n9;39.9259712462678;2.356748465075159;37.71953911959158;42.437812004840495
92;C18.2;7.879211852169559;0.5438022691847239;7.277031720125328;8.509815715249966
92;C18.3;0.4108050368588179;0.07360095254935946;0.33148687844936403;0.4998540478198379
92;C20.0;0.4251169373219749;0.01291797811054364;0.4048735820322424;0.4379535751658164
92;X13.cis.beta.carotene;72.7216337485258;15.344533856852395;55.52319691042191;93.52158447688797
92;X9.cis.beta.carotene;132.13839703906478;27.265052118957005;99.50269649498289;163.6490405703461
92;eau;29.851096474514545;4.412905937867483;25.25463437591912;34.36000407049903
92;ratio.alpha.beta;1.1100852225031559;0.20971197381905135;0.7693348153224313;1.3575489213139633
92;ratio.alpha.natif;0.4665417021383836;0.057105755903341396;0.3984130978632436;0.5493939984690589
92;ratio.beta.natif;0.5324021415935274;0.05766497536948094;0.45229255789417466;0.5979738970986596
92;tlip.MS;78.78707805588427;1.3790256694255254;77.15076011244842;80.3465595409477
92;total.beta.carotene;1037.3863634322252;187.67105421133792;836.5553216819058;1269.8465414133652
92;total.carotene;1805.4928061524577;470.51053360944087;1112.4739212987488;2356.050688132347
92;total.trans.carotene.natif;1520.734918277267;331.7519778490887;1061.118212550333;1905.5312931460837
92;trans.alpha.carotene;728.6660705306335;303.0734191835599;439.80145762275635;1311.6329371937172
92;trans.beta.carotene;814.8810587919447;182.7434680266678;642.5584467456683;1060.8385907182428
93;C14.0;0.8993544052179012;0.15852395557746266;0.6034352178372415;1.1786537021846284
93;C16.0;42.736600091668144;1.5470673058809101;39.49784514784786;44.40793026184267
93;C18.0;6.38175067146753;0.7190150555422411;5.32555202423429;7.308496994202505
93;C18.1n7;1.100436219817038;0.10717529684222993;0.9067315290689488;1.2486371371459122
93;C18.1n9;38.79493889727797;0.8898815210906248;37.265016578048126;40.28796598603755
93;C18.2;8.723955592852855;0.4224298046079453;8.231762948078323;9.42544618224206
93;C18.3;0.24785348806601637;0.0600226097426757;0.1787256555318751;0.34632398877850135
93;C20.0;0.4242743511305491;0.027236959670133867;0.38755824180670245;0.46778735348494704
93;X13.cis.beta.carotene;46.598063098605486;8.416877547028049;37.050612519648226;63.10096991876391
93;X9.cis.beta.carotene;83.56873853566466;23.632634912483656;61.90159062890607;134.26649503984405
93;eau;23.012977196975093;3.273084807099776;19.841665676995486;29.360001997701588
93;ratio.alpha.beta;0.7367184095819899;0.06953486418556054;0.6587640621875234;0.8804669696372363
93;ratio.alpha.natif;0.4019627767444174;0.024168663971716395;0.38241875322349517;0.45490605886131374
93;ratio.beta.natif;0.6066131520516225;0.02598956168086754;0.5649779644055009;0.6328949920569804
93;tlip.MS;82.34138238704222;1.289603171129225;79.72501502123721;83.54685460281969
93;total.beta.carotene;555.0499802069038;168.18122405532003;421.09663508667387;930.9846327038686
93;total.carotene;723.291394141889;153.47451946403854;625.8722903153904;1093.138575555573
93;total.trans.carotene.natif;625.7593138978917;155.66086269553213;535.7964274809327;1001.8090125875937
93;trans.alpha.carotene;295.33158858724187;79.0214345224236;250.70101604537155;488.5001505196262
93;trans.beta.carotene;413.62276711060167;136.33876067032452;306.58516853907474;724.7800704422164
94;C14.0;1.025102802683987;0.1308241428651081;0.8319724795759873;1.1892429778387466
94;C16.0;41.215159486152;1.585106422971474;38.03133430529592;43.58533298612171
94;C18.0;5.97026147768474;0.6359113703290056;5.129646073025699;7.39031654429235
94;C18.1n7;1.0731376512881954;0.14259295713674947;0.902190369831715;1.3182926064435647
94;C18.1n9;47.51528662653386;1.9492677933183251;43.24643801259846;49.880634797971894
94;C18.2;8.236597732343755;0.5070867371460077;7.330955788603356;9.11534436624071
94;C18.3;0.4298294585935469;0.05480571202175859;0.32218837489793833;0.5072958923618559
94;C20.0;0.435457127212653;0.023638894465095706;0.4019467973743274;0.4644959952846
94;X13.cis.beta.carotene;61.72048445732527;18.455192328429522;35.39181308890521;88.81860873268775
94;X9.cis.beta.carotene;135.01479222428713;60.32782998863982;38.08357093855133;209.31086015497877
94;eau;43.997827309915024;15.223759246454108;27.842501574167354;65.70999993508404
94;ratio.alpha.beta;1.0687239836025577;0.19084184034066007;0.6841850625743895;1.2838336155858034
94;ratio.alpha.natif;0.44894582872840105;0.043501336662105164;0.3704750123368181;0.5011936232525284
94;ratio.beta.natif;0.5535855552022535;0.047104037947616396;0.5002769332468688;0.6372921606292535
94;tlip.MS;74.81396410136651;4.65380830092088;66.71297698149911;80.41729526320206
94;total.beta.carotene;773.4911526349947;441.0582500093757;272.21084184569327;1359.5718644517099
94;total.carotene;835.0987849859905;504.52645902689676;396.27438116538724;2176.9790413588134
94;total.trans.carotene.natif;698.5518818323253;385.1824423532477;327.45870741710314;1683.609891997961
94;trans.alpha.carotene;533.2769018163049;408.3914157211753;156.06277373168723;1291.0748413921203
94;trans.beta.carotene;578.17587381849;333.66805372327195;226.14231106200583;1035.7862912644703
95;C14.0;0.5629466994821443;0.138642744285736;0.36839525940266016;0.6598693512092799
95;C16.0;35.58642753376815;1.3800306052589661;32.79853471403801;36.40124053154714
95;C18.0;5.8859734273188415;0.2692955336746867;5.628661981448161;6.407980059268304
95;C18.1n7;1.2147543045970706;0.12151918828071631;1.0153949806009468;1.3755345194712556
95;C18.1n9;45.67862596877337;1.9877636740832814;43.10230392194071;49.12973217952813
95;C18.2;7.832775811670924;0.5939572216301124;6.906433698866342;8.548787794226854
95;C18.3;0.3163766042037612;0.027497453632512905;0.2682094386939158;0.34184309741504654
95;C20.0;0.405773881504953;0.039063718373412125;0.3700291352116984;0.4547740978129674
95;X13.cis.beta.carotene;64.8914814088681;5.541364062391695;56.01358705057207;72.50237486771799
95;X9.cis.beta.carotene;141.36681135614225;14.436106934120293;122.98349260053395;162.26994114732392
95;eau;22.00407210635846;1.813730997640694;20.060001361755127;24.71091154274106
95;ratio.alpha.beta;1.1771986880601173;0.17142906563673524;0.9458437562090848;1.3908837626304573
95;ratio.alpha.natif;0.488910698278958;0.03951069000979083;0.4332603240702073;0.5344813842115099
95;ratio.beta.natif;0.5107065340705472;0.03626259946979673;0.4650259579701648;0.5570821392086196
95;tlip.MS;81.59057771763375;0.5401475664733421;80.53820313280625;82.09568787738338
95;total.beta.carotene;782.6271677593326;164.12385331438742;636.0057214157086;1070.9547500845063
95;total.carotene;1277.2877957772778;326.45170750049306;778.9377832826951;1669.1357924045346
95;total.trans.carotene.natif;1017.0985625115592;214.44058050434745;668.8925953820976;1266.9640357782787
95;trans.alpha.carotene;613.6010643651905;213.21304374595098;363.43054045040924;867.8095389139453
95;trans.beta.carotene;556.3955246816719;90.11291081007495;445.8136953822557;701.5511532423761
96;C14.0;0.5261634346911849;0.0813400651385989;0.4028692930531223;0.617079471323451
96;C16.0;36.734272336438046;1.5831712234970647;35.2153283325999;39.69105007263011
96;C18.0;5.808224739206833;0.3633922368344838;5.233717477134517;6.3564903122337775
96;C18.1n7;1.1926082825359625;0.07784248403753968;1.1020037876651707;1.3175471396732272
96;C18.1n9;44.22372570923188;1.4905071128760359;42.32886510925957;46.349386729944335
96;C18.2;8.48746607080791;0.4079928841395544;7.948119506368754;8.880177774729782
96;C18.3;0.38149094886955986;0.07550553676335629;0.2747668084218216;0.4672604824187547
96;C20.0;0.42418955807638503;0.016030064641040138;0.39987144036351585;0.4432882545205632
96;X13.cis.beta.carotene;62.14333225612043;5.23209412184601;56.64087091279789;70.12613497762328
96;X9.cis.beta.carotene;136.51525526864245;33.64600538451012;85.99105070147108;175.5962433911764
96;eau;24.972486631012156;5.071065329528228;20.590002360822574;34.33499925233002
96;ratio.alpha.beta;1.1621830140540776;0.13041875150397847;0.9206735044676612;1.3083810022722329
96;ratio.alpha.natif;0.48221478673497664;0.028543641307620358;0.4374116040090443;0.5173317016533004
96;ratio.beta.natif;0.5093200649431902;0.04066671485627979;0.45831996125964486;0.5777030627445109
96;tlip.MS;81.03156784343064;0.31239426208091636;80.81605067768902;81.64681302750085
96;total.beta.carotene;763.4243268061009;145.0367906251026;580.7035335896433;988.7414847415362
96;total.carotene;1291.3009106169714;513.4719621086714;779.6857478139594;2098.3285994063963
96;total.trans.carotene.natif;1078.0503369722212;464.6312296782102;674.5500129759378;1825.4546267422859
96;trans.alpha.carotene;435.98144603075616;159.40563955688089;270.91464131537083;694.6683474719608
96;trans.beta.carotene;609.3361879004493;98.06065332396378;542.678543956959;779.0116658271414
97;C14.0;0.5112724083478872;0.06516807097572277;0.41583741773800553;0.5934554618189124
97;C16.0;35.77202105658845;2.1790422641257443;33.01207477007223;39.5607812915846
97;C18.0;6.240215835716824;0.15805143348049727;6.048872170815642;6.483278501222627
97;C18.1n7;1.2350256767921934;0.10433096815234406;1.0936922687335393;1.3953514263741997
97;C18.1n9;47.84420320430743;1.0637634180115931;45.991111526911574;48.96391012016877
97;C18.2;8.239448424937297;0.14328689231700786;7.990913306278166;8.371208668877358
97;C18.3;0.3367395751826355;0.036404790324032196;0.3034745065240098;0.4050528589528208
97;C20.0;0.4052742630531383;0.02585276414837179;0.36727174535361073;0.43897597162617785
97;X13.cis.beta.carotene;62.42352932866104;5.159123269411414;56.2441592616711;70.75160580059509
97;X9.cis.beta.carotene;122.1568247588969;9.479979401223748;109.88934665655044;130.46205430322317
97;eau;22.28024789878477;1.7696580427587685;20.13000095796715;24.39726306286518
97;ratio.alpha.beta;1.1855923859900612;0.14372330222275098;1.0180087248357923;1.3766079327599894
97;ratio.alpha.natif;0.49413672157602484;0.03348965557357716;0.4610414347201193;0.5549473552811236
97;ratio.beta.natif;0.5061789363557953;0.03408802521128625;0.446300482335665;0.5461126933592092
97;tlip.MS;82.04111227526393;0.5224893780620409;81.4217369884289;82.82967478105203
97;total.beta.carotene;696.0137467815476;108.84679695399358;591.7813357844954;876.5324162702315
97;total.carotene;1392.1541076236117;334.0723013439236;1041.3878629985074;1865.8885209639423
97;total.trans.carotene.natif;1121.066944352215;234.40570481555565;839.3044355589016;1416.9041448230212
97;trans.alpha.carotene;672.3974569747195;208.34462370260368;414.0343684486277;924.3484554836766
97;trans.beta.carotene;512.5464522791002;83.03304226887364;436.9562412594489;652.1421856364597
98;C14.0;1.0547448411855471;0.1590036398460159;0.8243210865901992;1.2273042295423913
98;C16.0;42.66649833347932;1.9103956790354482;39.65960357890044;45.67836914073084
98;C18.0;6.209077610791314;0.47889733278163066;5.454115855921489;6.667182037605197
98;C18.1n7;1.0436046046522287;0.05958015201210897;0.9723639464723636;1.1582568524452055
98;C18.1n9;41.73438158882921;1.6190473298231665;39.02557141710324;43.211210678057995
98;C18.2;8.359251282800251;0.24469931829551167;8.047195084502873;8.741397032459796
98;C18.3;0.32094690296233197;0.057133811303450514;0.21601422608998377;0.40612482514776
98;C20.0;0.43943535807435535;0.016074166014086077;0.4104310649545252;0.46176629000289615
98;X13.cis.beta.carotene;62.15698364867339;10.700364441140557;49.970742927527446;85.63608162723207
98;X9.cis.beta.carotene;110.50022214854302;31.42010348208233;72.63117458737156;174.41586129494956
98;eau;28.78561875128995;5.803503329750817;21.73391654551645;35.271505823697815
98;ratio.alpha.beta;1.0831018817848534;0.19667946544054032;0.6164478566240138;1.2157389128608873
98;ratio.alpha.natif;0.4714658710475871;0.04845005327461274;0.359386092585468;0.5131552912236471
98;ratio.beta.natif;0.5317532639321082;0.046365722000787014;0.48646724644113176;0.6341414763085482
98;tlip.MS;78.38175489726119;1.627674477277848;76.20458070744843;81.38946003633872
98;total.beta.carotene;719.2607648931231;234.54375741660868;459.51812201379033;1132.3479331565518
98;total.carotene;904.4216551452623;404.1109236127389;614.30510919645;1805.3876874768955
98;total.trans.carotene.natif;790.7505682721396;337.1704672951194;519.2801262471353;1528.6419392463113
98;trans.alpha.carotene;459.6976071582743;275.7554764077582;254.78364082095774;1126.1425795853022
98;trans.beta.carotene;525.8894564280562;173.16012358367027;337.4781489320001;835.817388734564
99;C14.0;1.0146398440522928;0.04804747549869141;0.9473061973928918;1.0875086717134232
99;C16.0;43.96714801040873;1.09316600937332;42.59375551758344;45.63764847356199
99;C18.0;5.494777019775685;0.5560343902450566;4.986590716469033;6.566341385329742
99;C18.1n7;1.3853632282050692;0.08247093129775399;1.300584221576636;1.5370679240258722
99;C18.1n9;38.438662781509656;0.960351388768833;37.378905197275756;39.9285381955704
99;C18.2;9.649426357143438;0.6999535403584765;8.244649759767313;10.083651665946793
99;C18.3;0.31033137288667256;0.09226007774341387;0.21587662639527788;0.456253066188852
99;C20.0;0.39015309445975316;0.01180684442259916;0.38053792730760017;0.41246434729918596
99;X13.cis.beta.carotene;39.8789952716844;23.460011140553156;24.076191008494515;85.61149949709453
99;X9.cis.beta.carotene;72.73620673866543;57.15716380175044;27.028621416689404;167.90186905233725
99;eau;34.58923455795159;10.568055433449128;22.539093309992776;48.90000113085493
99;ratio.alpha.beta;1.2335091277133021;0.059885386155129144;1.1310620484628466;1.3023158498052945
99;ratio.alpha.natif;0.5113462890357366;0.008934348067022454;0.500704868950434;0.5209882957733752
99;ratio.beta.natif;0.4859435829448309;0.008756515650585758;0.4787597187663831;0.5025772878910124
99;tlip.MS;78.59369129009612;5.19277439808219;71.58595622529914;83.37166213850269
99;total.beta.carotene;471.5973396132463;340.97654954206683;211.41057506329665;1118.40182251736
99;total.carotene;842.9924212841632;852.2736483585568;324.1236903980414;2539.913385047123
99;total.trans.carotene.natif;725.0022687651623;759.3822785446137;250.16165970108005;2233.9049636238888
99;trans.alpha.carotene;302.80353311810126;257.01522635701065;124.00145233348226;795.5858918007643
99;trans.beta.carotene;374.4452859726919;292.4232784665766;147.17541929775547;922.2642688942112
100;C14.0;0.652849931097122;0.07717159298840938;0.5571260422286988;0.7336228310415122
100;C16.0;37.79586734844499;0.6399116006707618;37.30044143257296;38.95406164119042
100;C18.0;5.6167453129170966;0.15100514783943633;5.414033528975686;5.835369355968939
100;C18.1n7;1.1247961467414942;0.10655658479668367;0.9639682195591103;1.2671791807775867
100;C18.1n9;40.42408640432493;2.099564452190419;38.88211386109896;43.49914913048648
100;C18.2;8.920428391694053;0.3002119755390485;8.365613612075665;9.274095710775468
100;C18.3;0.40596855800985493;0.06362517641396438;0.3021751850113638;0.4736765693124422
100;C20.0;0.4337087463790692;0.017500164648692317;0.41649614733462037;0.4594885074325007
100;X13.cis.beta.carotene;73.42013757868419;8.24112423953128;60.11329721720483;84.26913718265914
100;X9.cis.beta.carotene;128.37477476514323;16.949796413748455;96.79776043109496;145.11626324703587
100;eau;27.4450007248826;7.346554685289361;20.480000791656288;38.1699997291098
100;ratio.alpha.beta;1.079966661783787;0.19179774017792656;0.7398674808257475;1.2543555522030276
100;ratio.alpha.natif;0.47676878309661214;0.05014325330162753;0.38448562510120665;0.5289234653736862
100;ratio.beta.natif;0.5190392132110194;0.057125227644589556;0.4588325870697835;0.6235640937948187
100;tlip.MS;79.27831581368906;2.574269715072086;74.57171143673115;81.74849267805875
100;total.beta.carotene;869.0579821084021;172.85193685383942;679.7218808412492;1070.0879141457613
100;total.carotene;1524.4840797759618;482.9964693454874;765.3449018132543;2188.805779005727
100;total.trans.carotene.natif;1313.6026523648786;491.12838679117567;589.2712174605373;1923.280438938115
100;trans.alpha.carotene;638.7153603568097;232.84913327254912;326.9023969641857;952.7131584584273
100;trans.beta.carotene;614.9199475459549;134.74056925471214;469.47397574614445;778.9468938636576
101;C14.0;0.42735487147843404;0.11050392564878761;0.30882267567718225;0.6246208487668536
101;C16.0;31.929441526213267;1.7832662368418966;30.027595244737203;35.472281779387245
101;C18.0;6.567094499197727;0.5380864090217022;5.834951591559731;7.488217681159664
101;C18.1n7;1.1754571560994647;0.15309343457365812;0.9904768410889321;1.349094644898347
101;C18.1n9;50.39137892940257;0.986214223203665;49.10529130060598;52.235455064949505
101;C18.2;8.09896184470907;0.4128951985877616;7.526973609377517;8.677108899754314
101;C18.3;0.3776980508417853;0.06671592406449772;0.28023745599160726;0.5040479452857494
101;C20.0;0.41667476934428377;0.014098227676867973;0.40092978447079863;0.43603873320484837
101;X13.cis.beta.carotene;66.75131284821245;15.552558027824697;40.345008345547306;91.79982494416392
101;X9.cis.beta.carotene;136.56715912795275;37.3656097558568;67.53838767903586;203.8058927114431
101;eau;33.18124489367203;4.514901981355827;25.522310107456782;40.028239640395434
101;ratio.alpha.beta;1.0753629586209361;0.16567786642884816;0.8534839710581584;1.2546518005913034
101;ratio.alpha.natif;0.4678180271601467;0.05650958619853139;0.3907400297670012;0.5306136388249715
101;ratio.beta.natif;0.5293311420577613;0.058878972069737155;0.47036481426360305;0.6174398784388387
101;tlip.MS;79.73182263915949;3.1995120042914533;74.08380539945686;82.55631805265881
101;total.beta.carotene;896.9896170551884;250.09650635113812;431.48391375722645;1250.9028405653394
101;total.carotene;1398.1092053345403;567.6440593680269;650.7938368461154;2244.9831682528993
101;total.trans.carotene.natif;1237.682104606753;500.04338812909685;532.7587018133232;1883.7802860785841
101;trans.alpha.carotene;780.7642091973664;386.236345917718;255.83827741584642;1310.5584854634267
101;trans.beta.carotene;669.3812492747269;205.92466187514194;315.1162274797463;1029.8423519602673
102;C14.0;0.5520023122434137;0.03774196406826272;0.4942528085186932;0.6063291406788407
102;C16.0;35.01363796455836;1.2479801268578423;32.66692564060227;35.90527845304089
102;C18.0;5.923057537992538;0.17251776450211126;5.630253414342111;6.110140487805294
102;C18.1n7;1.1676554981974456;0.11695150401453364;1.0071063923985417;1.332499508408706
102;C18.1n9;42.868064871727995;2.2758017892825637;40.118727485854535;45.71070441233134
102;C18.2;8.242062530458169;0.3960699752017825;7.868031284017849;8.733889882031427
102;C18.3;0.32049492527524953;0.06687447359323881;0.2586561459876329;0.4372718362626971
102;C20.0;0.438358656349853;0.019809117245737758;0.41324999702883863;0.4713007163928692
102;X13.cis.beta.carotene;63.75682185738034;9.977893401044987;47.70138583059453;74.24350899071563
102;X9.cis.beta.carotene;120.98340314697441;26.354743507792396;90.0557419759233;150.5903263957075
102;eau;20.231137855988077;1.401511336810625;18.980714237660397;22.913333761760956
102;ratio.alpha.beta;1.1984105122411521;0.1731499910390163;0.977252116354773;1.4421530639290978
102;ratio.alpha.natif;0.486368053968347;0.04340302617059974;0.4237007775180927;0.5377011914541485
102;ratio.beta.natif;0.5103109101356957;0.048931266115268;0.44041754579810094;0.5712322343625531
102;tlip.MS;80.41924406882451;1.2832954797087044;79.13743659954335;82.10687221693031
102;total.beta.carotene;777.2789384856619;111.14371285725332;593.0364855964998;902.3620304344367
102;total.carotene;1058.986420427864;290.570753479748;761.0053307412793;1388.820677346559
102;total.trans.carotene.natif;915.0265591505431;307.3301608842306;643.7360844637833;1325.7873317955123
102;trans.alpha.carotene;382.8608860969759;123.1566274023951;290.5864543308928;620.0721774063935
102;trans.beta.carotene;539.7442696501097;58.40282642348208;436.32816679510717;598.7258660692703
103;C14.0;0.6624128870110595;0.1360188270039203;0.45786531415634696;0.8979494888055608
103;C16.0;39.604327180007076;2.1564875882326815;36.14926448652931;42.50418417385611
103;C18.0;6.50217349500289;0.5068694026831537;5.869752449223329;7.28412245227453
103;C18.1n7;1.0899534012166154;0.09553465395988828;0.9827210851533684;1.2809127398175928
103;C18.1n9;47.08737209102678;1.341565636546976;45.24517198583197;48.55536263850136
103;C18.2;7.4854033666394475;0.4558760955224062;6.761563368236666;8.239617453575129
103;C18.3;0.3960003762664508;0.05719208147780323;0.3025040878657781;0.45265526766031866
103;C20.0;0.44402494025920397;0.012860531691693485;0.4240902709486839;0.46223989231391976
103;X13.cis.beta.carotene;82.25557473299185;11.321494979811503;67.12257003646857;100.45743011705089
103;X9.cis.beta.carotene;168.2061643973641;20.09586730563693;141.20545865960455;202.48435519363585
103;eau;24.532240899885213;5.106470058475534;19.310000144474515;32.85000412848968
103;ratio.alpha.beta;1.0423764244201301;0.13160430212673963;0.8491703191464742;1.2188988359595352
103;ratio.alpha.natif;0.4526256567726276;0.042909396657402225;0.3837434271243643;0.501374686752459
103;ratio.beta.natif;0.5416077952862148;0.04661342491086125;0.4886979195409586;0.6051193999990785
103;tlip.MS;81.18529994591722;1.4038080740123469;79.28406327042157;83.15097213276398
103;total.beta.carotene;1049.8231824221193;93.92573716656372;875.3749255711706;1159.5393108417818
103;total.carotene;1570.065645534355;503.6847622297998;560.47019703951;2049.4882097860705
103;total.trans.carotene.natif;1288.1266582583446;389.88706240801315;525.20253157971;1681.3401360964115
103;trans.alpha.carotene;762.2162637399701;310.14022472671024;357.9865221704097;1266.6723223161007
103;trans.beta.carotene;811.7687231653392;91.9182270326563;666.372032468586;934.0091976564422
104;C14.0;0.9149749598666099;0.14996090811218857;0.7332172239282612;1.188464039718955
104;C16.0;42.85539253189109;1.0796010428821259;41.077976521417014;44.788843158087005
104;C18.0;6.828740874803446;0.5543850335799845;6.096458631044872;7.797128607759275
104;C18.1n7;1.0618288006196426;0.14067476757232691;0.8719295552141361;1.2913541862282534
104;C18.1n9;42.60842876870278;1.7731178865617006;39.28788077124404;45.42053128698033
104;C18.2;8.082951212253159;0.48254251864079384;7.04003590751288;8.732872501519772
104;C18.3;0.2928772698548131;0.049731885694538486;0.1998574349514968;0.3507833150076804
104;C20.0;0.4421685409399399;0.020244875824216326;0.4068461178734097;0.470673354857926
104;X13.cis.beta.carotene;45.804571948792514;15.3748332256502;27.29416243327475;82.03635157033523
104;X9.cis.beta.carotene;86.19339156351424;43.402528101442975;31.79327301618972;175.77061127711767
104;eau;29.345603933969063;4.14554221909842;24.136018719023035;35.84999721782581
104;ratio.alpha.beta;1.107112487436709;0.14527258044987978;0.7541620726726579;1.2881809110030982
104;ratio.alpha.natif;0.49226447171330284;0.035843613272963794;0.3933595416053048;0.5163514010215985
104;ratio.beta.natif;0.5105094311898102;0.04302546109991563;0.4789047353310206;0.6287740523270752
104;tlip.MS;80.08911816321478;2.1410488215796715;76.3156503738182;82.87476765801394
104;total.beta.carotene;392.12421829540955;181.14861450511412;196.03452170175106;842.3675932143618
104;total.carotene;461.1528835784946;108.93879090235644;336.13082041006396;737.8354265669925
104;total.trans.carotene.natif;386.41390920929484;77.59633560687658;299.7143398044098;580.6534321021479
104;trans.alpha.carotene;316.6702732305803;284.24171513266;127.37057278689514;1049.2937310660573
104;trans.beta.carotene;264.7010263229148;115.20606483579871;149.61105459529819;553.0653045889575
105;C14.0;1.032114442756613;0.22151356179100298;0.6973298258561625;1.273373727242526
105;C16.0;43.33031308422116;2.386518180143757;39.484187289652866;46.19765241618561
105;C18.0;6.2018355259924265;0.7297208854817719;5.208195013445758;6.950784411015996
105;C18.1n7;1.1248726769642157;0.11195543698726027;0.9788805477545437;1.3193765916358577
105;C18.1n9;38.569131370095874;0.8265371343291087;37.68897597260288;39.96839375796689
105;C18.2;8.893440988224393;0.4540143581918703;8.215299302344622;9.544680487757146
105;C18.3;0.25479283398911584;0.07783370784370088;0.17559433175329858;0.36771696350327987
105;C20.0;0.43903950106580236;0.01531320867323695;0.4152138823148737;0.46311036462491495
105;X13.cis.beta.carotene;43.99792345573672;11.158274374913603;33.54352467169561;59.80822245806573
105;X9.cis.beta.carotene;71.36045362612298;39.71770223315106;35.61815967005409;129.57194640855477
105;eau;22.06700516612638;2.189515384621994;19.529999633014288;25.09140832942933
105;ratio.alpha.beta;1.1029981297039282;0.1788480736626638;0.8155895296789659;1.337366819797223
105;ratio.alpha.natif;0.4843591747101666;0.04641960298764889;0.41107021670608546;0.5318144380625713
105;ratio.beta.natif;0.5128099838324837;0.05791922783873324;0.4552509195296952;0.606209809537259
105;tlip.MS;79.76964227652142;1.6772504147835106;78.19609464961444;82.38934678814597
105;total.beta.carotene;518.3145471907444;281.7662299529144;281.1725552057922;973.8933670574672
105;total.carotene;639.1535307697341;178.97285414785625;379.7819958726476;851.2622455355848
105;total.trans.carotene.natif;559.5530827790053;158.03715498897873;330.27334952206814;745.7300591669527
105;trans.alpha.carotene;291.7827670600189;148.12253796710317;141.02213874001302;533.7383653255705
105;trans.beta.carotene;373.52687846373686;193.10332672277897;200.43282483032965;678.5568365939329
106;C14.0;0.9361467458972247;0.1394221726610101;0.7710148565063831;1.142817968079077
106;C16.0;42.42120085613906;1.9811867072061962;39.27126815514521;44.214269618450764
106;C18.0;6.738994834782566;0.6659862028604068;5.680192270982103;7.413186865313302
106;C18.1n7;1.14593443935253;0.14162804570104143;0.9793717650370719;1.3267466201014053
106;C18.1n9;44.85225241851123;2.470161444937177;42.02660428248505;49.159371183783556
106;C18.2;8.074871002192786;0.42481940594515877;7.397568865543127;8.60771637821327
106;C18.3;0.2524346353525378;0.052625609031540045;0.17231262153708593;0.32604744143326764
106;C20.0;0.4478275086532744;0.03832666192393479;0.38247467940496405;0.49019111663554427
106;X13.cis.beta.carotene;54.372999124570036;11.10328617979192;41.54006262824711;68.12403572104193
106;X9.cis.beta.carotene;93.72726150835466;28.942392394639473;59.29278662113788;139.6652740229251
106;eau;20.06062158805946;1.5649279917350483;18.291666782317563;21.79555581092005
106;ratio.alpha.beta;1.0792453739628638;0.22686736258280896;0.7810224430084809;1.3365288796038381
106;ratio.alpha.natif;0.46751982466140296;0.05628217869698814;0.3934760856679243;0.5291851117030313
106;ratio.beta.natif;0.5337443402840422;0.062179818557031453;0.459319042334815;0.6220310075926442
106;tlip.MS;81.89282823700314;1.239742550318545;80.10701364250346;83.52682989048924
106;total.beta.carotene;599.1754607093072;154.76068388972902;406.2577185227941;806.8034477439646
106;total.carotene;933.1014603835337;367.7406103972381;634.849155608726;1504.394666272986
106;total.trans.carotene.natif;763.1505860095604;313.6555241570324;508.93966294971943;1166.8008034899667
106;trans.alpha.carotene;346.0037035213261;120.77359542424382;228.54801950973697;532.932496026754
106;trans.beta.carotene;453.07351239217564;144.66141497551058;305.3205141833099;630.8336488217902
107;C14.0;0.8723202362788357;0.18092236756634225;0.7073708916408203;1.2095377766008988
107;C16.0;43.57268268522457;1.3641527220269107;41.948946554447524;45.722725061934824
107;C18.0;6.636812541755757;0.5808945881811598;5.831073312100156;7.334267557686968
107;C18.1n7;1.019668624290763;0.07556245652128488;0.9054953215835989;1.1059750029531954
107;C18.1n9;44.33901067415369;1.3051408563794864;42.343517921822496;45.828479597758125
107;C18.2;8.717918838773135;0.6332322238619922;8.206855643493933;9.917438314894218
107;C18.3;0.2309923993310514;0.07840534949501264;0.1535902415869591;0.34558925566696885
107;C20.0;0.44948226445702716;0.028374853731758413;0.3965941151003372;0.47811415260052337
107;X13.cis.beta.carotene;33.78117888950604;14.090452388788822;21.070588829173623;59.38858197615293
107;X9.cis.beta.carotene;62.429011759296465;44.711520097312906;31.091020240574018;148.0337428628902
107;eau;26.293755856162964;2.4129294768608798;24.16977510594033;29.907273935771755
107;ratio.alpha.beta;0.9516985834062881;0.1540751208070751;0.744026544309935;1.1658558512811283
107;ratio.alpha.natif;0.46401862192751736;0.04188066138202195;0.4048882307414784;0.5150092760228172
107;ratio.beta.natif;0.5347312995204468;0.04336411601667854;0.4889068489341822;0.5932556445994936
107;tlip.MS;81.52484918621859;0.9377179437942172;79.85741183861597;82.35950535014847
107;total.beta.carotene;339.36469234728935;250.0768005903017;179.68453299262964;831.5959971980069
107;total.carotene;474.3851697619197;221.88657735189432;347.87553712114067;917.5476500748089
107;total.trans.carotene.natif;388.4364302724285;174.52070446816356;295.17292637049724;738.8991814031037
107;trans.alpha.carotene;191.17879403995923;106.36520143407252;122.99425064877936;401.11645603406066
107;trans.beta.carotene;246.64273345255867;176.56570668926116;136.4173613001162;599.0093630497151
108;C14.0;0.6793785344652755;0.10312254850787511;0.5329366413565336;0.8150822586916838
108;C16.0;37.738082653169194;1.6439158477479843;36.073833597953815;39.95798991742268
108;C18.0;5.7951994807646425;0.3284935264061318;5.477193402020561;6.28863033473225
108;C18.1n7;1.060914211787891;0.08903614425846858;0.9111636304320201;1.186040127890373
108;C18.1n9;46.75519474961202;1.3802351561331767;44.794129178556204;48.62364606501315
108;C18.2;7.715052262234599;0.45841787563339564;7.126680914353836;8.56476555284655
108;C18.3;0.3921167836013999;0.04674337183365094;0.32615252395873684;0.45325187996719074
108;C20.0;0.4073451193875988;0.024747957504572607;0.3567256991172563;0.42569370874947154
108;X13.cis.beta.carotene;75.6898682416257;13.682800078578557;58.27834725055655;91.2137756622811
108;X9.cis.beta.carotene;153.04287407825274;38.58676296482662;102.02642324662253;209.50534582976448
108;eau;34.40988044962304;2.265319652306309;31.56954882711662;38.09499704663851
108;ratio.alpha.beta;1.0716613274117497;0.16201237491888978;0.8603273061701768;1.3069179394396568
108;ratio.alpha.natif;0.4693167626345667;0.03351633091679582;0.43154700708108323;0.5109400419634211
108;ratio.beta.natif;0.5337432702685262;0.03771719194632909;0.48902439496554345;0.5783326930367386
108;tlip.MS;78.61608147083825;1.333164271712627;76.13954154337208;80.20056644932095
108;total.beta.carotene;1123.6498197490525;215.43485724856293;788.5718562063348;1319.5904082573152
108;total.carotene;1447.8030843745726;584.2456942031416;859.9314107694803;2246.9447104774504
108;total.trans.carotene.natif;1248.344557639755;460.14032390366594;789.6861256364886;1877.0230823857328
108;trans.alpha.carotene;878.273379545456;394.39676533229425;454.7613616161112;1391.7821979747068
108;trans.beta.carotene;867.3572528653475;154.15851241331058;672.9013980517977;1049.0955130631053
109;C14.0;0.38353093561011964;0.0925673162734598;0.2921604847474052;0.5340515672167615
109;C16.0;32.469180837222375;1.7577102581460478;30.813641407323225;35.19466742548926
109;C18.0;6.638821046828482;0.5230825307917437;5.914129815371304;7.3521000427053
109;C18.1n7;0.9502546326813698;0.06188849125058405;0.8727490435431129;1.0613628198403828
109;C18.1n9;50.85255360209426;0.6034910969754465;49.881992838217926;51.54236523967903
109;C18.2;8.040363771236233;0.6051684454873513;7.452560920981011;8.956095990294427
109;C18.3;0.3357033043285423;0.05012272595460677;0.2821428024990705;0.3984550784558196
109;C20.0;0.43383163474890774;0.012818948445652343;0.4119964707329406;0.446271284952625
109;X13.cis.beta.carotene;68.1724403035316;10.273294061581678;51.796905484804846;79.80534297251286
109;X9.cis.beta.carotene;133.25691080481417;44.31965049550227;83.72890450140031;185.67727574569378
109;eau;21.77346446108724;0.27582418726402197;21.529623563314676;22.248408453740407
109;ratio.alpha.beta;1.0847142169360215;0.1480764711143791;0.9256387515052749;1.3076737490540231
109;ratio.alpha.natif;0.465043705252383;0.037183762655243174;0.41630982410819695;0.523660662902577
109;ratio.beta.natif;0.5405896525690312;0.04330815747428267;0.4896150501438344;0.6136712328491266
109;tlip.MS;81.36733372244494;1.3197881225054442;79.57078346098216;83.14766344167154
109;total.beta.carotene;952.7794512875886;171.31152590629142;686.7590246380787;1131.9193098303692
109;total.carotene;1303.99681600269;433.54766871856935;833.4075585106294;1815.1250848827883
109;total.trans.carotene.natif;1061.010293120775;301.8523956484994;706.498631982227;1382.5368119097277
109;trans.alpha.carotene;652.9851495914542;239.03330718219004;370.56338221425483;984.4103768187274
109;trans.beta.carotene;717.820549655151;126.50633599150119;540.417805007507;868.8498685680698
110;C14.0;0.5026185996729785;0.13104795939721156;0.36731197693470163;0.7466842929093863
110;C16.0;34.69422379254882;1.3192622244213392;33.01769141387303;36.8578563620291
110;C18.0;6.131828042149778;0.3870457138845991;5.683428062244307;6.72073226739217
110;C18.1n7;1.1232546664890237;0.16839648297138532;0.8914393922792176;1.4004240505530945
110;C18.1n9;48.26821982537564;1.5083904590987776;45.68614589963311;50.098337705453226
110;C18.2;7.606373954285858;0.292935957362916;7.213850308157479;8.047396971269874
110;C18.3;0.3388211455137375;0.05870238959227117;0.2572005632991223;0.4218682746943959
110;C20.0;0.4278382444329288;0.019818139531052544;0.3934189618037746;0.4525445877594887
110;X13.cis.beta.carotene;76.07227670573154;12.143277163255876;56.887479922657825;92.74971896813777
110;X9.cis.beta.carotene;151.7961389908772;39.397035813136085;105.97227412397268;211.8819939155189
110;eau;21.825421476490828;3.3983388550780664;19.280001605885467;27.949773334381412
110;ratio.alpha.beta;1.1684337845771728;0.13569276998850477;0.9273063015872884;1.3052477827607813
110;ratio.alpha.natif;0.488746896924133;0.03874596118654209;0.41615158541948805;0.5429943273181689
110;ratio.beta.natif;0.507840981487788;0.039377520244898094;0.46514069582568396;0.5893928303448357
110;tlip.MS;83.00829465930762;0.48614408734560505;82.48017574979497;83.60115760142988
110;total.beta.carotene;955.8555854468432;157.23737093324138;674.3978475372794;1179.4849934738104
110;total.carotene;1473.3330503693446;420.17086743699724;791.1693154610604;2095.8571307045468
110;total.trans.carotene.natif;1205.478848569242;338.45873714200246;701.8654733830082;1641.0915141551156
110;trans.alpha.carotene;505.7461223554088;135.129016583908;316.6178743520479;684.6501973095495
110;trans.beta.carotene;718.5315343137472;138.04595465803942;545.2427467210883;902.042453058645
111;C14.0;0.579535681945533;0.08889418279121415;0.47473236548393316;0.6954101016157992
111;C16.0;33.714947273433296;0.7761008585108784;32.549144249936646;34.83345120753026
111;C18.0;7.601915837680098;0.6772712436043568;6.743527902510663;8.940143674039568
111;C18.1n7;0.9646403453200055;0.05410993764231601;0.923944111016493;1.0454117980353328
111;C18.1n9;49.74890258140984;1.0781439793685994;48.259818860931425;51.04966202378891
111;C18.2;8.074427266496011;0.6450610311326793;7.021315357920534;8.792588354016369
111;C18.3;0.2259426000532189;0.04835905362449776;0.18472677094008522;0.3079845351425492
111;C20.0;0.48076890488926594;0.01537789776153369;0.4570785603016185;0.5015903241125391
111;X13.cis.beta.carotene;42.62766297589878;10.105478617387869;29.515849758379783;59.14054632145658
111;X9.cis.beta.carotene;72.40784644584015;28.32155618665484;33.347290371622904;116.1665365139334
111;eau;20.767611123431774;2.2421398228298277;18.183332673917487;23.783305645831128
111;ratio.alpha.beta;1.02923963064511;0.1447685570973139;0.8083630460959939;1.2498407393447366
111;ratio.alpha.natif;0.46574637908168626;0.05236206029195173;0.3826711815532354;0.5281902083702325
111;ratio.beta.natif;0.5390271236107953;0.062262443978471936;0.4652104734727751;0.6359374014673995
111;tlip.MS;82.31256293634749;0.6720618347964955;81.3879039634984;83.1142937705622
111;total.beta.carotene;414.33600795950025;131.81382649397216;262.7744999664859;657.3575590882846
111;total.carotene;509.18454348288157;117.87527705716;384.56217564377994;706.7224375581974
111;total.trans.carotene.natif;417.62388900521273;100.0610947590161;324.4273468196425;594.3174015554182
111;trans.alpha.carotene;196.16161997376634;54.81800014325557;141.75641626494973;301.4937598774543
111;trans.beta.carotene;263.51775512662283;66.68119202070119;201.86665461610212;383.16964425811005
112;C14.0;0.8720408187169463;0.10429164302242808;0.6994476158521149;0.9906174994976555
112;C16.0;41.332680531353695;0.8747371682587172;40.60765551118505;43.0695883199663
112;C18.0;7.146941369847958;0.9929701682835953;6.169624129950426;8.67954051396911
112;C18.1n7;1.0322287262983745;0.1067668660676082;0.9170819356204025;1.182535034548055
112;C18.1n9;47.203225479855206;1.821605930797536;45.36886929156892;49.00273137608104
112;C18.2;7.9783711676654505;0.512267823249578;7.126839405173837;8.580721157898093
112;C18.3;0.27065514391709405;0.061031129788114;0.2015216748009167;0.3309058390107762
112;C20.0;0.45942504629259867;0.017085362119130375;0.43475333114784653;0.4838844718233799
112;X13.cis.beta.carotene;56.045447940683886;12.930451422986616;39.280115611038994;75.20454198732959
112;X9.cis.beta.carotene;114.11528960945168;41.7151125094929;61.907280974923296;161.1593065114323
112;eau;19.747130643839526;0.8846753464613284;18.4024998533791;20.65375268651236
112;ratio.alpha.beta;1.0057031276539121;0.18647208439733487;0.7097140917383633;1.2378912264094704
112;ratio.alpha.natif;0.45374641527031384;0.05792190239062943;0.3822133073507366;0.5213148384026689
112;ratio.beta.natif;0.5505418826189307;0.06732937373774653;0.4801336927113573;0.6432167084704382
112;tlip.MS;81.93953138156394;0.8645858699706387;81.04545350939215;82.87341531905211
112;total.beta.carotene;676.2644158438202;210.84120863267472;434.8973879546647;973.1236703947258
112;total.carotene;775.4759360924494;187.67958512807508;653.3373279836824;1145.9669309067804
112;total.trans.carotene.natif;649.7382913794471;172.81643541113172;541.9880304870094;985.0156225945491
112;trans.alpha.carotene;539.1960230835051;336.3174418498343;239.29868257939088;954.2734217607162
112;trans.beta.carotene;498.84194461088447;154.23938603422772;326.7101877819189;698.6342361870587
113;C14.0;0.4234688464391508;0.07217987522609969;0.34385535928671657;0.5218301124425433
113;C16.0;33.960707235802914;1.122657928106387;32.82904425558291;35.49039494038147
113;C18.0;6.910069947883486;0.3932338975615955;6.35179440993561;7.40585576021271
113;C18.1n7;1.0962134592740238;0.06794738848532095;1.027244981016753;1.1834894744325857
113;C18.1n9;49.55635345314266;1.9170915181538064;46.254064388903736;51.631273675100104
113;C18.2;7.980568980441163;0.32327089061278735;7.579629794622367;8.440989645137723
113;C18.3;0.29341853716489724;0.02615237834428055;0.2626626239407101;0.31703555797312744
113;C20.0;0.4499393530941296;0.011339054758401577;0.4328685832603345;0.46234646766035015
113;X13.cis.beta.carotene;62.04359689370705;3.3603071864633187;56.212519068099624;66.57009443821272
113;X9.cis.beta.carotene;106.76294745156942;14.044044705732503;89.4823562572807;125.14951763633657
113;eau;22.58236085240654;4.031198011059009;19.12529883916177;29.32727405894833
113;ratio.alpha.beta;1.0929153326641714;0.18064141309743148;0.8615483740114034;1.303344440217478
113;ratio.alpha.natif;0.4799340934130207;0.05575977363504529;0.40688582039687426;0.5250922629150113
113;ratio.beta.natif;0.5131363543397237;0.05924930332955541;0.4542945385375573;0.5971255178866476
113;tlip.MS;81.43447322622663;0.8217362964633937;80.07995400543437;82.00985582787801
113;total.beta.carotene;691.5467151508328;26.53885774128941;651.0932559849815;715.4260696740381
113;total.carotene;758.4266729813086;41.72738455816889;704.1239409166024;825.9502777308182
113;total.trans.carotene.natif;644.6252248830871;60.79264969145546;586.3751303748011;730.6947641615894
113;trans.alpha.carotene;462.16216072109665;146.1714237647029;288.16721517639485;651.8848711928971
113;trans.beta.carotene;552.8840432736624;42.15073623698014;482.46403841244165;611.0423117622109
114;C14.0;0.39483859360779616;0.09597505458642919;0.30057911145434735;0.5784953515105016
114;C16.0;31.77184619702726;1.7711257895848191;29.251410951471158;35.371081479268035
114;C18.0;7.016242981457287;0.7586741963602638;5.745124263436314;8.262433935551512
114;C18.1n7;1.0205627323800852;0.11752724434862971;0.8668665270065838;1.1790084553201092
114;C18.1n9;50.97907609170356;1.7882173535420884;47.25253645992583;52.41625153572066
114;C18.2;7.540005390670989;0.4739545288406929;6.871259525525065;8.19253053686523
114;C18.3;0.3479320207834635;0.06068200364270423;0.2379560931717894;0.42923382970614193
114;C20.0;0.423936118490443;0.025056827132866277;0.3778644152240537;0.4451912957048904
114;X13.cis.beta.carotene;72.83354388770577;15.750873389378889;58.730667337778605;98.05534036721052
114;X9.cis.beta.carotene;171.0309896073101;38.590270843286675;122.02824667216741;218.12449323253054
114;eau;26.717014823917907;6.648505682896441;20.628889963311106;39.105714119974984
114;ratio.alpha.beta;1.1576754860772394;0.15042842750056074;0.8815584245328315;1.3887675637749783
114;ratio.alpha.natif;0.4845223533958195;0.030702477385625628;0.4366688144743791;0.5285712934004
114;ratio.beta.natif;0.5168993732397185;0.03704185570384715;0.46796384036403793;0.5839557138998511
114;tlip.MS;80.47371211902377;1.9886620720557404;76.3328115476336;82.40846796056672
114;total.beta.carotene;1003.7398238666516;175.19583556263788;787.2681263428759;1281.9217148829077
114;total.carotene;1626.0186324346746;403.81652727457805;831.1352557379764;2191.9979548521674
114;total.trans.carotene.natif;1364.5817055361715;364.21243086548355;709.3924129303695;1931.8223326789084
114;trans.alpha.carotene;661.3184349552461;326.9359583316154;337.58986837036014;1134.6261962139702
114;trans.beta.carotene;768.2801839982712;161.37031234798408;567.5107219633925;1065.8992559438898
115;C14.0;0.5713827922031192;0.15722283189576122;0.38455695078964575;0.8097354096134715
115;C16.0;35.05353222033857;1.9128256346792472;32.310601070085845;37.857599333424155
115;C18.0;7.252493179598525;0.30036422961184556;6.913537068516013;7.916001064982757
115;C18.1n7;1.0943811866928552;0.03954444822117327;1.047180169044923;1.1752077199734148
115;C18.1n9;49.47779741812901;1.4796165837630426;46.97645240676645;51.71298604166667
115;C18.2;8.19170724619951;0.2993928825777281;7.839615936281862;8.666799769509176
115;C18.3;0.33113818634473163;0.05108612395265585;0.24900112429644156;0.39191340782134965
115;C20.0;0.43240625661394855;0.017936344333893874;0.40615855427009306;0.4529616286933329
115;X13.cis.beta.carotene;67.7371909648096;7.135678158908158;58.47736520657832;75.63121023629664
115;X9.cis.beta.carotene;130.92658871646745;25.705699775813752;92.11953479467279;169.9617497512807
115;eau;22.524242547109644;2.9645188957387663;19.819602055019267;26.87999891355721
115;ratio.alpha.beta;1.0727858894804037;0.10715547390248038;0.9302139448777783;1.250679692617477
115;ratio.alpha.natif;0.47306692608990253;0.028022862908951365;0.42377605042209887;0.509031523625033
115;ratio.beta.natif;0.522339604484468;0.03348451427466417;0.48247706522943234;0.5861383887462034
115;tlip.MS;79.87454895192016;1.6014341870944775;78.54321714522183;82.48163027379115
115;total.beta.carotene;838.165490968247;123.7729661072828;660.2023646279723;1017.474064728982
115;total.carotene;1289.0683497608193;381.1812364705361;828.9440645518471;1733.497578760291
115;total.trans.carotene.natif;1075.5480464163234;319.2527787675763;708.225864526042;1424.9064685766757
115;trans.alpha.carotene;551.821823106144;95.03177145972633;410.53437220783184;717.4372873898305
115;trans.beta.carotene;632.7285332979401;112.41872263773759;501.2506964851647;768.2356096123392
116;C14.0;0.7369716069032131;0.17039624659044833;0.39738274215295405;0.8507780408546788
116;C16.0;37.82411122441891;1.7693590203900837;35.76970463477889;39.98260234261079
116;C18.0;7.539531082289735;0.37195557860277106;6.869956202999604;7.9925296470852984
116;C18.1n7;1.0463274074921995;0.08997175162956576;0.9403622631610559;1.1802962539183315
116;C18.1n9;46.33992871223962;2.478120270634206;41.99517914719609;48.24160457743514
116;C18.2;8.124975210478176;0.4725572179139293;7.216742549061398;8.534013679894054
116;C18.3;0.35401723806658736;0.044992962316029804;0.2859733671041839;0.40602155062772566
116;C20.0;0.4540139651366381;0.00852332882284254;0.4434881250317072;0.4659136842112123
116;X13.cis.beta.carotene;76.8893273719342;7.094853932287979;67.89338578386534;85.22773502302627
116;X9.cis.beta.carotene;146.43127611244088;18.557923435841328;114.12433327909989;165.06724286544224
116;eau;20.471642559427767;0.9314996385086061;19.65999860925327;22.144997818171763
116;ratio.alpha.beta;1.0884406856336177;0.1923012521620472;0.8225894833149867;1.3239457661126328
116;ratio.alpha.natif;0.4606812461837833;0.04859491329942897;0.3870846852480075;0.5193700570059504
116;ratio.beta.natif;0.536118780378782;0.048605962184900875;0.48322563117347395;0.6044161213777989
116;tlip.MS;81.50343775063284;0.37807803414737673;80.84789735103482;81.87726215993435
116;total.beta.carotene;858.096431253732;92.32111234468168;731.1664875102824;969.4989420288108
116;total.carotene;1378.4877799806648;306.91823564792054;875.4040512512059;1707.3362317754495
116;total.trans.carotene.natif;1125.6778751309178;245.11523647171907;713.5976587122994;1353.0200265011194
116;trans.alpha.carotene;686.3228971259082;294.4680548282373;387.48582007484964;991.5739189381205
116;trans.beta.carotene;590.7963709636402;41.17889749115766;529.4934733888609;637.3517237708427
117;C14.0;0.5352808220160071;0.17379738600611327;0.38817263726750667;0.7581302602340578
117;C16.0;37.72294608428759;1.976232216131716;35.43207942446279;40.196380831593984
117;C18.0;6.559387875555053;0.6406759733011423;5.884520391486465;7.739238374700105
117;C18.1n7;0.991045956964037;0.07983825327710375;0.8993264411090132;1.1303657379640522
117;C18.1n9;46.23504687610569;2.282507368760771;44.01566685565386;49.9461887383149
117;C18.2;8.327086459821814;0.3745196589407239;7.822565069762024;8.799816406781686
117;C18.3;0.2735762918416286;0.04821454820206633;0.20321313009003436;0.3381699397750744
117;C20.0;0.4696005949744296;0.01834393769858716;0.4543948130573798;0.504483011094069
117;X13.cis.beta.carotene;60.62903546127669;12.837038129060941;38.8862780341173;76.84517387602007
117;X9.cis.beta.carotene;102.59798002533428;28.325529796359874;55.64854360150846;130.395141566002
117;eau;20.53307232735767;2.414423930643507;18.261249045597477;24.319911119851337
117;ratio.alpha.beta;0.9414031167971109;0.22484683350075446;0.6910513072831841;1.2997234064431824
117;ratio.alpha.natif;0.43977404422846944;0.054525946060483554;0.38295382983073306;0.5166409526594884
117;ratio.beta.natif;0.5597472382489367;0.061008323821697796;0.48335525991630407;0.6265715049460276
117;tlip.MS;81.33995447812954;0.5529447251008738;80.6431493432527;82.22376342499294
117;total.beta.carotene;698.1531135420718;198.77467066408022;346.8654212445209;932.8932652536001
117;total.carotene;966.9237796303206;305.79163986112025;624.518920626019;1377.671543307092
117;total.trans.carotene.natif;818.125115343009;271.22564604060364;524.707876893006;1152.8949419735695
117;trans.alpha.carotene;286.2600897144184;46.923439592737246;231.1920749286568;338.9917548666597
117;trans.beta.carotene;496.83191412477373;126.049232306903;267.059405249641;622.1881313783438
118;C14.0;0.6441483235328669;0.11186081408976963;0.5135974805320372;0.7738557705430802
118;C16.0;36.742415528897986;1.6955551650258793;35.07424922537193;39.23750929657911
118;C18.0;8.333868541958639;0.5835844888534587;7.372523565593897;8.88730096591699
118;C18.1n7;0.9977548647870284;0.10766389874620559;0.8948742530791595;1.1636540816999612
118;C18.1n9;47.62418243738173;1.353117967605941;46.33468934655033;49.647793832113955
118;C18.2;8.84244520993857;0.4612790695369978;8.449258516394472;9.746646978428824
118;C18.3;0.22697306850149235;0.02687146539700142;0.2044828040505711;0.27327310013085604
118;C20.0;0.46482274403155693;0.0085126068457888;0.451674014431525;0.47644109643634963
118;X13.cis.beta.carotene;45.59305318275093;7.974519685191264;34.67810393563741;55.96878996966312
118;X9.cis.beta.carotene;64.87742589483652;21.72124547662621;36.65330211939314;89.3691555071135
118;eau;19.728202814439012;2.2836724510063013;17.29999848384504;22.568887982036227
118;ratio.alpha.beta;0.8452898008812092;0.11974145904282496;0.6898186831479145;1.0228325540108607
118;ratio.alpha.natif;0.4279806428068722;0.03263508747243141;0.3813857569238567;0.47580909242085523
118;ratio.beta.natif;0.572837410882606;0.0356739059812874;0.5216845478092959;0.614468431280482
118;tlip.MS;82.8367110085751;0.6364244605558291;81.93240940116725;83.73151212465123
118;total.beta.carotene;490.54145849861925;119.02117010334605;344.8889617739127;650.4600124159165
118;total.carotene;639.1873657563466;56.021619457629384;538.5862987106494;697.2658343036511
118;total.trans.carotene.natif;539.8112888965178;47.46867039347287;464.94067863011014;605.2149761278406
118;trans.alpha.carotene;232.6046656817039;49.09331318952259;137.5405532104713;273.7269728425538
118;trans.beta.carotene;358.62372210451525;86.78701484406403;248.55388983315228;492.87342833328665
119;C14.0;0.5319926375122457;0.07579399707840592;0.44345178306679217;0.6252802129764627
119;C16.0;35.41418794724207;0.3842414323473292;34.71756956191092;35.90217297208765
119;C18.0;7.355989636692384;0.7362247841892472;6.362891773495596;8.473170982043932
119;C18.1n7;1.0125000317440007;0.08609863173250264;0.9297628163260998;1.1719965319182466
119;C18.1n9;46.80038746303982;1.3749410187350997;45.75827353166829;49.453205400379005
119;C18.2;8.398381657440565;0.3029612276579293;7.903213829755795;8.705526524072207
119;C18.3;0.2629356660835667;0.04791058577253333;0.20509024147852176;0.32779587879180383
119;C20.0;0.4654331876184424;0.013558705605002011;0.44012744285084365;0.47774135369582127
119;X13.cis.beta.carotene;57.77595332803008;15.255176865095331;39.62231482741437;79.71243991615694
119;X9.cis.beta.carotene;110.50514467952786;35.35581097399298;74.87778436563237;162.47988524263388
119;eau;20.193245403941425;0.7703906601393591;19.231667018174676;21.169998554998255
119;ratio.alpha.beta;1.0353081629496974;0.20793148933118086;0.8145083467039587;1.2631810645375807
119;ratio.alpha.natif;0.4460465472153021;0.05028444984661162;0.39206629244878966;0.5059912021954283
119;ratio.beta.natif;0.5579548704570518;0.0544519306722001;0.49064547550366133;0.6176282210303163
119;tlip.MS;82.13266788704162;0.5102233846192835;81.33485631481317;82.54425966881419
119;total.beta.carotene;681.1503705758022;114.33670323078366;488.7607661867912;840.0327529787863
119;total.carotene;1050.5132007208208;335.13567639204604;679.7821538607731;1565.5702147601908
119;total.trans.carotene.natif;885.2096839314722;274.84669391750754;628.8665424224939;1346.5602646474447
119;trans.alpha.carotene;456.4670290152573;264.9883252260688;308.2297497986874;973.7880993032456
119;trans.beta.carotene;491.4542353477518;113.43707824616979;305.4927295530226;629.1611748511099
120;C14.0;0.32979730082879904;0.06281792843137904;0.25528320652781855;0.42219293810399544
120;C16.0;30.64720860148581;1.4316780388373163;29.144318557915653;33.20900382206658
120;C18.0;6.7092297015105755;0.7692166289506318;5.562750719750183;7.715371688954663
120;C18.1n7;0.939169355760697;0.028932147361683102;0.9081159872592383;0.9934572432231586
120;C18.1n9;51.01954982441368;1.6488410121559367;47.85951580286143;52.43000507413663
120;C18.2;8.564261956368748;0.7143468775965485;7.822525548930365;9.587566351565279
120;C18.3;0.2664356210063727;0.08017346399617616;0.18837291404060033;0.3741587664999117
120;C20.0;0.4714938316332266;0.02787467842373121;0.4455103443534883;0.5073600856637234
120;X13.cis.beta.carotene;49.84069005594361;19.01087651009775;26.57907402134985;74.73211889219854
120;X9.cis.beta.carotene;95.5195524583936;49.0734016983817;34.65267549459091;158.459132150934
120;eau;22.820189242646304;4.262869714592887;18.403471002989523;30.029998972718158
120;ratio.alpha.beta;0.8693806684331561;0.22285181898790457;0.6387204361276252;1.1576230603987516
120;ratio.alpha.natif;0.42796243599555034;0.05962868468612249;0.3690082418619872;0.5043799344510862
120;ratio.beta.natif;0.5681822956678731;0.06021258644783368;0.49320175744973904;0.6306241993818535
120;tlip.MS;82.22406990193565;0.9243795518927904;80.70033939639768;83.23891067142924
120;total.beta.carotene;661.1821036825089;280.0943382907576;312.03916251034315;961.3842409358841
120;total.carotene;935.5244795367774;594.8372730591016;367.38235580087496;1868.7691943818688
120;total.trans.carotene.natif;804.7424020493054;511.20349971238807;328.39342032371826;1572.0725321093016
120;trans.alpha.carotene;373.55458626959893;272.4696863039685;128.31594731021528;871.0459668365531
120;trans.beta.carotene;537.7989400251498;236.14948511270373;239.20770247226577;792.5099633046119
121;C14.0;0.33510862669796576;0.07791759006956124;0.2768675797428366;0.504834764584934
121;C16.0;29.689203101455096;0.7237768206688866;28.870107024628833;31.100063524898495
121;C18.0;6.4242513885248655;0.9074336665924073;5.296888730285173;7.945478608669925
121;C18.1n7;1.316269926924552;0.23833681792832703;0.9892808544455933;1.6577743218499181
121;C18.1n9;50.83018838032924;1.255776101696543;49.19157140729485;52.8335280583978
121;C18.2;9.132621103518796;0.43945503630419047;8.494328151412331;9.821183923336822
121;C18.3;0.3124655734366775;0.07748393161631068;0.20897427784188602;0.3940069095490908
121;C20.0;0.4128915284194476;0.024779817028010524;0.3888558647130884;0.4486488039761013
121;X13.cis.beta.carotene;28.3024095633016;6.653758816023782;19.48216140437278;38.374988596871546
121;X9.cis.beta.carotene;55.36045257357233;20.410760854895972;30.614446220278687;78.00806366924435
121;eau;36.489141264958334;8.646620076491763;25.56798195059508;46.1700016849523
121;ratio.alpha.beta;1.2605801026501477;0.06511316757865554;1.128560945333851;1.321052833533831
121;ratio.alpha.natif;0.5210476475136782;0.019406248324005195;0.5005697165550478;0.54904189957915
121;ratio.beta.natif;0.47998387804593273;0.020275920171699446;0.4554901143376884;0.5053488633139858
121;tlip.MS;78.23291837175046;3.87751802552814;74.10691866130789;82.91060006817261
121;total.beta.carotene;287.6677768976177;68.90142464482157;170.8864830969969;383.6171321502128
121;total.carotene;421.2300312042788;73.14255136800891;327.6877005404671;508.9225067913733
121;total.trans.carotene.natif;358.3148492437144;68.00655027841088;295.7108215107791;450.1595726686963
121;trans.alpha.carotene;178.55504333136545;59.436006726222345;98.2904467676988;260.5407115205849
121;trans.beta.carotene;210.5326386441306;41.57351358051427;146.95387642010456;263.81004968608914
122;C14.0;0.4901029019582568;0.10140529719473987;0.3743575466065534;0.6000359451374491
122;C16.0;32.942372766781844;1.638861099815315;30.994567530788082;35.3787779815028
122;C18.0;5.848035637074411;0.353747538300819;5.511387584049948;6.401018666281925
122;C18.1n7;1.3120363809572877;0.21594264459055348;1.0438371690009367;1.5604954259183181
122;C18.1n9;48.1339968615932;2.5179178528211468;45.212547339691604;50.5523071015644
122;C18.2;10.05819694123654;0.27475331917198476;9.700657393211605;10.355569606461048
122;C18.3;0.19125136635265694;0.005832487691143743;0.1862112769356711;0.20179083261810987
122;C20.0;0.4344858519901895;0.04036422964135691;0.3922665661605318;0.48618313305386107
122;X13.cis.beta.carotene;25.105048569531334;0.9113702026749704;24.126963982430482;26.33524280719369
122;X9.cis.beta.carotene;34.71955719363176;9.99768618443304;25.69226758174868;49.74840580534673
122;eau;18.37104140921224;0.477080047166798;17.821248504589136;19.053751281556586
122;ratio.alpha.beta;1.2427716116540783;0.08666338724463789;1.1179329835606502;1.345950526305448
122;ratio.alpha.natif;0.4916672467791377;0.006652626645740105;0.48600152450388956;0.5029439779311761
122;ratio.beta.natif;0.5065035317758338;0.009974038710262915;0.49353769178597856;0.51980310908357
122;tlip.MS;83.1262238942364;0.42215812556784726;82.57820786917526;83.69372301143132
122;total.beta.carotene;248.21166766260987;32.15909414870294;195.86931180054992;295.4509392431954
122;total.carotene;317.7741345733897;17.32859064863091;292.83194162567565;336.5479565098344
122;total.trans.carotene.natif;273.16452672635415;7.344023308183848;264.7759306932564;285.80514800357537
122;trans.alpha.carotene;118.78336980367375;16.459373998102496;98.09862720428761;138.91830593200123
122;trans.beta.carotene;165.73521856848677;12.968960183593413;150.7461209064475;186.85340818985878
123;C14.0;0.7044563399219591;0.10803909080905401;0.5886795964891651;0.8961867763599011
123;C16.0;38.34282361882901;2.983804014789673;34.399052587738446;43.46637119326975
123;C18.0;5.336688491483868;0.3886038015973387;4.986932223831578;5.942535375121358
123;C18.1n7;1.3350215297373305;0.15146610232478253;1.1339490104095173;1.5774979796019284
123;C18.1n9;38.38518939621989;1.0178550142282918;37.293092573107316;39.493124300011424
123;C18.2;8.99435103781199;0.8283834138941867;8.108535281414815;9.909243033227265
123;C18.3;0.29701792118819104;0.019103718493241467;0.27306667229764164;0.3256618368151679
123;C20.0;0.37261172611169346;0.020659156888070636;0.344213403244393;0.3950999009082812
123;X13.cis.beta.carotene;36.638397317685474;11.605106325539486;19.83967119392298;49.80950628443713
123;X9.cis.beta.carotene;80.1259382867241;29.61858043316032;47.36531577567069;122.60070479454322
123;eau;30.83173845388924;3.4269374696394115;26.69755493898072;36.55749993556066
123;ratio.alpha.beta;1.2987997009023131;0.16453674567559384;1.0414263609073944;1.4829675926107053
123;ratio.alpha.natif;0.5442201608609677;0.0357015361441529;0.4887857165030983;0.5768072244629846
123;ratio.beta.natif;0.4493604787569196;0.03775969461523648;0.4128029733176222;0.4975738330237287
123;tlip.MS;83.19402993828425;0.7256979855929405;82.30607712891715;84.26856067080888
123;total.beta.carotene;479.2447834432788;168.1137808157642;281.19091386909435;754.1831637877057
123;total.carotene;614.9075669630482;234.10639146715093;357.11496131123465;1021.5374056692038
123;total.trans.carotene.natif;513.8726605927118;191.15434063628555;311.87442521805633;851.4112234798383
123;trans.alpha.carotene;275.1810548129294;49.301612958619856;213.53588628904697;348.0440343837516
123;trans.beta.carotene;343.4381768635685;127.96355590428998;186.66799351004676;533.5981827799613
124;C14.0;0.7779142580999507;0.1595176488661565;0.5883951443530713;0.9622276941511535
124;C16.0;35.721480517331536;1.8797120250185864;33.37316426076195;38.46646953776746
124;C18.0;5.654361282674195;0.18698961153302265;5.3931314237820205;5.831644476579881
124;C18.1n7;1.137962416007398;0.10545066469516474;1.0737285816552484;1.3447526780112937
124;C18.1n9;38.89654354861317;0.7401997618881349;38.10641189790331;39.81114892767939
124;C18.2;9.562911946214081;0.3224796806832434;9.14430432304985;9.941561786296422
124;C18.3;0.20062918193611598;0.02162254316575468;0.18270020208865476;0.22911418212888152
124;C20.0;0.4392609895385909;0.025324220511289287;0.40338849302550467;0.46384794494488596
124;X13.cis.beta.carotene;25.528454409373737;6.782072402567222;19.450818567535883;35.706328651514056
124;X9.cis.beta.carotene;44.57169142673609;22.25805713158764;27.634341408049057;80.9961569635137
124;eau;17.935275255685234;0.5778871076741099;17.19457899293037;18.733748341698675
124;ratio.alpha.beta;1.15924365683887;0.09682102163131477;1.0595912583661344;1.3332831257266882
124;ratio.alpha.natif;0.5089552815253701;0.023030192910915247;0.48594534959626307;0.5512076330671735
124;ratio.beta.natif;0.481015919205531;0.02352640588685532;0.4421516080330011;0.5106641714449082
124;tlip.MS;83.5161081868522;0.10219834282925139;83.3485910419633;83.60944516710552
124;total.beta.carotene;256.46508351187543;70.6662567444882;196.9131964467292;363.0552421926211
124;total.carotene;383.0484979142796;79.11312363111614;325.3703801055197;531.3068908424481
124;total.trans.carotene.natif;325.1761178090292;56.3543184287261;279.4533059444775;429.70735917169833
124;trans.alpha.carotene;148.8831666633499;27.07485862745164;128.22922828234084;187.8932210769288
124;trans.beta.carotene;172.23614684611206;33.33978314502987;141.40081194579173;224.23390279602506
125;C14.0;0.4124472681647086;0.11705410296347336;0.2963769982415247;0.5883321248780196
125;C16.0;31.203407325739477;1.7224524933944056;28.939674592261493;33.28117209002153
125;C18.0;5.565732405894327;0.25474541038991166;5.26819054192476;5.877764987953934
125;C18.1n7;1.1367052731869773;0.08877341710828333;1.023429973077709;1.223031229499709
125;C18.1n9;49.99515137214639;2.0161770342401293;46.150784859901314;52.068261366497794
125;C18.2;7.931499711092205;0.7620242125019575;6.913338625287555;9.045394522438302
125;C18.3;0.3925218594074102;0.10552914973588337;0.2723128458103924;0.5082293830388472
125;C20.0;0.4104175716373799;0.013329602338385364;0.396937960210427;0.4303013934435866
125;X13.cis.beta.carotene;73.5789147384678;20.941532035341456;41.67752838501862;97.9302257239744
125;X9.cis.beta.carotene;158.77852118130772;37.946168773506045;109.87131509628114;193.51888509146565
125;eau;35.531477417357785;11.754372391026907;24.92004461266388;54.720000418274786
125;ratio.alpha.beta;1.0845915595946072;0.10798133722320032;0.9514475782079006;1.2408253443749437
125;ratio.alpha.natif;0.4772682949637727;0.02777751991954075;0.42769916888111964;0.5061620156754094
125;ratio.beta.natif;0.5279396589860729;0.02904440075889162;0.5032785311000237;0.5825934985708157
125;tlip.MS;78.46606244270659;4.354074908557316;72.62959532389667;82.82831216431563
125;total.beta.carotene;1090.7692018101939;291.78086501428004;676.3202576948804;1365.3079568351923
125;total.carotene;1078.3518967072926;590.4875558713693;729.565934786754;2223.8571071158985
125;total.trans.carotene.natif;930.9898287035916;530.5999606923776;618.054725487814;1957.0967403584925
125;trans.alpha.carotene;698.5441551603859;485.59240433407126;279.06696195275094;1489.4611682514906
125;trans.beta.carotene;852.7520308654631;289.9195685537888;443.84125723141295;1148.8811613242215
126;C14.0;0.643317934018547;0.018933752618657387;0.6242935373761729;0.6673662864077451
126;C16.0;36.85462197281005;0.5828965694826548;36.11440519505873;37.40099404914319
126;C18.0;6.028946192508439;0.4708435546115137;5.562546850042959;6.556060343317561
126;C18.1n7;1.0388046038040497;0.06217222030991848;0.968086461223817;1.1136650279418654
126;C18.1n9;37.82292638093883;0.3438767998063757;37.49104276613094;38.31379019855393
126;C18.2;9.264945987297626;0.7384283699990618;8.527519165486522;10.294551028634405
126;C18.3;0.22584221409245778;0.026818248566160177;0.1882086379245835;0.2574168864358185
126;C20.0;0.4417714997273226;0.006298617203886143;0.4319698290069529;0.4476133706263406
126;X13.cis.beta.carotene;34.62424023300066;9.407490151153128;22.302352808155053;45.67495581386408
126;X9.cis.beta.carotene;52.43624714654389;28.2051107230752;26.53499608777793;98.888801939029
126;eau;17.70091724743042;0.4840956542551207;17.14375163782776;18.29083463189513
126;ratio.alpha.beta;1.016943872219938;0.05853713073971472;0.9165582589975164;1.0680878462700834
126;ratio.alpha.natif;0.4743298076515668;0.018162430978860625;0.4428369371951525;0.48877573233813554
126;ratio.beta.natif;0.533947481415874;0.023997698929570793;0.5164891503649864;0.575104899624546
126;tlip.MS;83.2617064430095;0.5126474507811706;82.51352340392214;83.81682004413962
126;total.beta.carotene;379.90913545339197;175.7417791431311;179.90902051404439;612.3794749187906
126;total.carotene;482.8564950036163;146.3477197359512;328.6221661889467;685.5351882520144
126;total.trans.carotene.natif;418.81082389281147;123.52141270951388;297.3617699980453;591.5441947752078
126;trans.alpha.carotene;195.2697992670466;70.41933140947368;111.95107406704479;271.7779413576812
126;trans.beta.carotene;260.18947200102673;117.06111936188749;131.40949210448457;390.92455671490535
127;C14.0;0.4430959060780976;0.10050134656511404;0.28738942608597606;0.5698633998041264
127;C16.0;32.3347888820385;1.3270485088566428;30.266078238816185;33.8012822042941
127;C18.0;6.117512293909114;0.22184808145498836;5.862879919886696;6.419545081388078
127;C18.1n7;0.9703869896780274;0.04705130967414134;0.9091335336208932;1.0298761821784972
127;C18.1n9;49.49977516597372;1.3006338067622463;48.02575220154228;51.46036424462977
127;C18.2;8.582034604189433;0.6527985101311394;7.774497947404182;9.219175752811056
127;C18.3;0.27324224038987094;0.058828058218176556;0.20980454458875553;0.3734673264239404
127;C20.0;0.4587382755649887;0.016387788495468396;0.4403803229393548;0.4813678271977813
127;X13.cis.beta.carotene;50.117662330865095;15.772868336441872;33.535617333708814;75.65049147292328
127;X9.cis.beta.carotene;98.04760499405693;37.588313307276586;51.8436355571707;152.70857967924903
127;eau;20.04504588593186;2.0251717244985667;18.462499832180203;22.775502094843795
127;ratio.alpha.beta;0.8375571113938999;0.15505829896770862;0.6602863674492038;1.0610051131617928
127;ratio.alpha.natif;0.4183419775956154;0.04452738038752605;0.37222017373643357;0.48057788322517153
127;ratio.beta.natif;0.5889724967177561;0.0542543078085697;0.5087824786427062;0.6407383345375968
127;tlip.MS;82.81343420160063;0.40721530441194287;82.24293662464888;83.22821553758203
127;total.beta.carotene;666.1704317829088;201.63512738286695;423.31510022726985;908.9155565849002
127;total.carotene;979.8801312961764;375.28322702846305;666.6938018378148;1539.2079704681448
127;total.trans.carotene.natif;809.5914315916385;323.4374886971762;549.6316386697108;1279.9626443517984
127;trans.alpha.carotene;425.8605253191834;297.63575071740513;229.4872530973471;962.0145542731782
127;trans.beta.carotene;501.26629400798674;181.96806963866246;301.32077969351076;740.1025384229
128;C14.0;0.4939734227403318;0.10823756135626451;0.30195570498324587;0.5879417774220583
128;C16.0;32.80008998285578;1.9529063099623651;29.340136905065656;34.863742623724995
128;C18.0;5.497677300880916;0.23775179690971526;5.235360428500937;5.874424201383603
128;C18.1n7;0.9915579124821772;0.07806850393362139;0.8606401938402929;1.0760410676216854
128;C18.1n9;39.43248998224416;0.7351473202992537;38.6441248775229;40.56832058338746
128;C18.2;7.722670454700214;0.4124108852105032;6.9676700529005275;8.236258307442988
128;C18.3;0.3611039556603133;0.07293394607396746;0.24149777861259744;0.4556063803958286
128;C20.0;0.4496122872972442;0.022590434879089766;0.4185888758929226;0.4804481004930578
128;X13.cis.beta.carotene;70.26909831449909;13.833089937205477;44.871608997556734;81.69264472471643
128;X9.cis.beta.carotene;144.82143796666966;19.10769522590097;120.07937179506551;164.36788431801145
128;eau;24.301118806130177;5.914587713639711;18.89999917543994;33.17000163773762
128;ratio.alpha.beta;0.9817566598589836;0.12178657392904618;0.8394986990389491;1.1264719848211344
128;ratio.alpha.natif;0.45047702014688723;0.03800531672753756;0.41032667532817113;0.49573844278275286
128;ratio.beta.natif;0.5558535668343395;0.0392365137704342;0.5087462629874265;0.597043462553355
128;tlip.MS;81.91135565489175;1.4212631483116054;79.45224721848751;83.46423500777394
128;total.beta.carotene;904.5806855072519;189.6588871826738;556.3326262446654;1074.7847905213282
128;total.carotene;1576.0226351161573;384.8165678882147;883.8138630529709;1984.109031067319
128;total.trans.carotene.natif;1318.9941310450147;372.19357696005403;700.7873745304115;1774.6864386884374
128;trans.alpha.carotene;765.5467107746748;312.6031455084366;281.33850784930166;1009.3586669275594
128;trans.beta.carotene;684.8512091345692;167.18641713975603;355.3022540686296;813.4392239028493
129;C14.0;0.6453481247993783;0.0985729394087183;0.5491258799581163;0.8367584098277119
129;C16.0;38.379847630241784;2.247470765613027;35.49971605907469;42.351412103747705
129;C18.0;5.6257662215231905;0.06147711258302327;5.51040229920655;5.670473925675424
129;C18.1n7;1.0718250545404142;0.07887878599247589;0.9887677878557561;1.204669695434166
129;C18.1n9;39.13068381512678;1.2618253836383015;37.91110768538975;40.81773357112658
129;C18.2;8.412581295422084;0.4569737907333502;7.749766869749322;9.008868576291594
129;C18.3;0.29600123483000423;0.05235544247213888;0.22483622495982317;0.38153679655586453
129;C20.0;0.42346940515218273;0.01574793713271434;0.40348986494782435;0.43929743090635426
129;X13.cis.beta.carotene;46.69966583700036;10.609929387541579;33.039894058689114;62.721953936914694
129;X9.cis.beta.carotene;105.80572522131236;35.56854282506007;73.33043731483357;168.0932183947582
129;eau;24.99309824390795;1.4460075897102374;22.930002037293402;26.666464726590394
129;ratio.alpha.beta;0.9161815077030969;0.12054569115976016;0.6850414521721249;1.0051296554998235
129;ratio.alpha.natif;0.4500626034242408;0.03983859703384664;0.36990216940476356;0.47169204997336217
129;ratio.beta.natif;0.5499953528350675;0.045849693875659;0.5203953437706855;0.6412677711173892
129;tlip.MS;82.69741315077373;0.1767928103078604;82.46766660268796;82.8819975317958
129;total.beta.carotene;610.1836105967254;200.5743149081063;308.4155571079627;907.395190748647
129;total.carotene;863.3833190668903;556.8493189039932;387.2300974559554;1962.4490286633888
129;total.trans.carotene.natif;693.1000448842483;460.95449579906284;345.14166094816625;1614.668372161265
129;trans.alpha.carotene;453.62546447128915;282.22409038063313;173.874031586796;809.5812708615227
129;trans.beta.carotene;443.22304929817227;172.28863825934502;198.5730876954036;696.8487836123738
130;C14.0;0.4383411683005514;0.0910341784578076;0.30879831769496224;0.5600370864359495
130;C16.0;32.08552726756287;1.2720879586651788;30.37136914452178;33.4630634481928
130;C18.0;5.994683911322526;0.5137015453276953;5.386209451613535;6.808824442875985
130;C18.1n7;1.1994237047175675;0.19777488051533698;0.978493555436094;1.4747315595405115
130;C18.1n9;47.70531661583564;2.94392648894581;42.41554630121107;51.32141758503024
130;C18.2;8.457306431561289;0.39255505555953174;7.843336395075356;9.02068566907586
130;C18.3;0.27650352299841713;0.09792063078326993;0.18365852132391894;0.4383786411518756
130;C20.0;0.40839257379881305;0.029415092331546332;0.3801078953762832;0.4484028977713237
130;X13.cis.beta.carotene;52.087111249179834;22.51699765025674;30.69843595039472;88.236368794846
130;X9.cis.beta.carotene;110.46000458891614;47.1681369554899;57.106394310297276;182.98443413811873
130;eau;27.401505254194788;8.541330966506328;20.511663392219145;43.39823707703695
130;ratio.alpha.beta;1.1304224837483694;0.1840053464028015;0.8373505834192287;1.3688662903030056
130;ratio.alpha.natif;0.49381556629737644;0.04479845347400748;0.416480337233498;0.5549643579968111
130;ratio.beta.natif;0.5075155291056236;0.043228596981277366;0.4437876358057071;0.5791678818336357
130;tlip.MS;81.31843440799724;3.1264978844291957;75.42961389329444;83.21115476185643
130;total.beta.carotene;762.1863781500106;378.79932118215453;391.26949888515344;1383.6121794595138
130;total.carotene;1059.1368963765908;687.279208963743;587.0611151385942;2411.2283769799387
130;total.trans.carotene.natif;924.1293757241415;598.8790110395329;527.7297908936009;2092.0194928291826
130;trans.alpha.carotene;560.8907015584153;474.58767335482;284.28717497857394;1494.8930087825709
130;trans.beta.carotene;574.6461752047975;301.99296687177986;248.03005917627866;1066.2576592980906
131;C14.0;0.4906837938617696;0.08833015776793382;0.36138250045491616;0.6047921783464196
131;C16.0;33.08407375162313;0.5305919299036347;32.14663301815047;33.44939686971918
131;C18.0;6.071734953502131;0.4469612121007647;5.592598238136126;6.749829324928439
131;C18.1n7;1.093970921916532;0.08967536867513162;0.9979568848757795;1.2177198621885676
131;C18.1n9;50.01348660536062;1.6124792565156432;47.9332182151498;52.26046250403744
131;C18.2;9.183529992791499;0.8736689231325245;7.973165044583965;10.124903296405442
131;C18.3;0.2273609063707731;0.04846177907473864;0.1726143644220116;0.3070199520673171
131;C20.0;0.44029050053905466;0.0195492400254473;0.4105340395755695;0.45756553004135403
131;X13.cis.beta.carotene;37.43214081639339;21.746518812364556;18.78230495981931;74.62402674318955
131;X9.cis.beta.carotene;72.70252204488973;47.013006514586;25.42376186837164;147.32519250299038
131;eau;20.383398030633856;2.1459576429163034;18.341665515603665;23.787091267464223
131;ratio.alpha.beta;1.0304611028105712;0.2620138781105525;0.7311120466179228;1.483909465860166
131;ratio.alpha.natif;0.4650337698619779;0.062462730135582754;0.38010640740644097;0.5710773527604573
131;ratio.beta.natif;0.5345836309451599;0.06745767726696393;0.4221079487245118;0.6303858170878986
131;tlip.MS;82.96526050689465;0.6098802238116694;82.04073227362237;83.90487203870818
131;total.beta.carotene;539.6001652202549;308.0491246675925;272.37450461133926;1026.1837371852291
131;total.carotene;723.2189079324294;350.85647050913997;345.9684891696085;1333.2313214049332
131;total.trans.carotene.natif;646.5209429788846;309.61882441052734;316.6759437605065;1171.2266273945752
131;trans.alpha.carotene;355.916946354995;297.01062403443603;98.86775107758686;907.0723488706687
131;trans.beta.carotene;420.45530041721196;234.41175646532642;221.34185516764887;787.5611509897708
132;C14.0;0.40549588943156506;0.08094839958769702;0.3401131698809558;0.5180232398487967
132;C16.0;31.97800421996042;0.7823462521721056;31.176406849978097;33.364924939707834
132;C18.0;6.036431533248397;0.4324173005073628;5.430624298375075;6.469749983285224
132;C18.1n7;1.102325148020629;0.15916355165247648;0.9604408509725937;1.3862087447070834
132;C18.1n9;47.3136147713077;2.153122552178758;44.2110770669547;50.94785222330473
132;C18.2;8.291177249180539;0.28408663519217286;7.968031832558559;8.694520763227363
132;C18.3;0.2635144331577193;0.04184355759957697;0.21430428029582457;0.3216640662273107
132;C20.0;0.4388750512934516;0.04005127626291916;0.38792322258222767;0.48227879305757854
132;X13.cis.beta.carotene;43.797685178089345;4.206311063687826;37.57619528391605;50.01635192877661
132;X9.cis.beta.carotene;81.86959432478436;12.115706842029896;63.48284963673894;97.40126820797585
132;eau;21.92486118324898;3.7428017640179134;18.45321399197797;27.639538747381543
132;ratio.alpha.beta;0.9008845975574223;0.22511039190839738;0.65799855161125;1.2267348435291066
132;ratio.alpha.natif;0.44268398782692736;0.0537605336071796;0.3737710983622987;0.5050881454888199
132;ratio.beta.natif;0.5585791630512893;0.059611716169115474;0.4830550629011976;0.6263116936439129
132;tlip.MS;82.66621157965731;0.27937576836187333;82.22979177951926;82.98744066445016
132;total.beta.carotene;552.6993011481104;86.13762937031208;433.59472767192636;660.9866173731732
132;total.carotene;701.8791286753357;75.58016430018651;596.2966073654272;787.6169451586876
132;total.trans.carotene.natif;585.4236993132231;60.08609095456697;495.51528055700624;654.5273554035023
132;trans.alpha.carotene;257.544218118655;53.71812185611405;214.960369965552;351.4036540142911
132;trans.beta.carotene;418.45912671477345;93.83261085215652;306.93003511173197;555.5743605061225
133;C14.0;0.3609541797486933;0.0657341779159755;0.2938390369296492;0.49630332934309174
133;C16.0;30.13928494433333;0.8801547584780147;29.37765198390225;32.033576948811024
133;C18.0;6.772807378906141;0.5219397975558409;5.910094180331729;7.535949973405328
133;C18.1n7;0.9924507747716435;0.08821262037295642;0.8837258487547116;1.154916424510492
133;C18.1n9;50.52161565966778;1.3606283834099762;48.48251670780925;51.796742956549586
133;C18.2;8.173865770150089;0.6732837233531592;7.393143513648174;9.276681837777947
133;C18.3;0.3047070881561397;0.0780069241844962;0.1819755252276764;0.41606961733789694
133;C20.0;0.4407115945881118;0.01903071865736134;0.39709386518771905;0.45496412935912595
133;X13.cis.beta.carotene;52.68963910760563;19.718342420037075;25.532432660177466;87.43832955806575
133;X9.cis.beta.carotene;110.69921268789341;45.55387507973106;34.60317936120126;150.78857631742582
133;eau;25.708407226652497;2.297682891330416;22.574128927319794;29.7375014975212
133;ratio.alpha.beta;0.9855629907178186;0.12664878700080598;0.8221296669618315;1.1839090337731097
133;ratio.alpha.natif;0.4503025335766738;0.026398974313354306;0.4123413452214747;0.4944112743207423
133;ratio.beta.natif;0.5502259263270773;0.03683900829205908;0.49120310086993485;0.597524462041803
133;tlip.MS;82.36071090919805;0.856665331672513;80.86751952116195;83.7084396862746
133;total.beta.carotene;661.5095565449511;286.4451709612501;271.32210205005964;1100.3357136295785
133;total.carotene;983.3249640020085;555.6064516305438;398.84357834651536;2014.5904891504824
133;total.trans.carotene.natif;867.7337783255415;496.35126525007985;350.7519164743631;1736.8367773254056
133;trans.alpha.carotene;494.3157402834427;268.31478554646833;169.99777229208902;863.3854057497897
133;trans.beta.carotene;514.8683319176082;246.24910801114962;202.3896514603367;899.1082426389778
134;C14.0;0.5219337417192899;0.04162448112126623;0.47092786409497994;0.5814780620498343
134;C16.0;32.41916117733337;0.4524974316044581;31.6371841217479;32.728055653660775
134;C18.0;6.004222397902469;0.4383405024520496;5.3747745160191664;6.3563299223262275
134;C18.1n7;1.1157532796461513;0.25923891679061967;0.8571873225587483;1.5188859349868995
134;C18.1n9;42.97579586040486;1.9178700559694606;40.71670750284681;45.56296239955158
134;C18.2;8.571393419314806;0.8021759224372588;7.774704713416827;9.628845740635452
134;C18.3;0.3010243818460988;0.06179007381828999;0.2372466441825876;0.39599254755279445
134;C20.0;0.4127033293666664;0.05735146371276723;0.336186518923393;0.46576316722331496
134;X13.cis.beta.carotene;59.11087512798819;21.336084141603884;35.23552250106439;82.6134455887577
134;X9.cis.beta.carotene;111.68630010263487;42.75192159825001;53.79415746695413;150.9657787672455
134;eau;19.771717221005993;1.4668845926962817;18.26958292491357;21.83649992089995
134;ratio.alpha.beta;0.9071789895168105;0.11006533619153216;0.766844981676933;1.0170366551067225
134;ratio.alpha.natif;0.43136707284807085;0.0427788736330303;0.3847792264705326;0.4753655116941435
134;ratio.beta.natif;0.5695811729817983;0.04870835184689154;0.5251873100183455;0.6249768460776157
134;tlip.MS;83.22766801248717;0.2995485436144219;82.79371718956614;83.48396532772449
134;total.beta.carotene;844.1122284189307;245.6477459561591;561.9650886934139;1116.1553333042186
134;total.carotene;1177.702580683532;466.5464803767256;698.3279761309011;1817.7467107643138
134;total.trans.carotene.natif;1034.433175425597;442.76348162656626;563.873550584788;1568.6078767771762
134;trans.alpha.carotene;535.9143186044399;234.753465999643;301.936922888379;860.6645689530496
134;trans.beta.carotene;622.4111024733631;168.80149079294648;420.90617479594107;788.5617278395349
135;C14.0;0.7078643052579598;0.0883978487023387;0.5721924342851528;0.8157480777365609
135;C16.0;35.767699669828275;1.3889090389755425;33.93573086981311;37.57880085740919
135;C18.0;5.565354727607577;0.244042587509359;5.227872731632728;5.903762779513198
135;C18.1n7;1.0742873319808945;0.22365263854433867;0.8693725605514915;1.4376925586442715
135;C18.1n9;40.62491844784719;1.78049005082248;38.62934474652844;42.8140043710152
135;C18.2;9.250915608377653;0.4995311112715037;8.66051365104002;9.877932567258297
135;C18.3;0.21935787057306183;0.025571211190381617;0.20149001577287673;0.264022986213598
135;C20.0;0.4395726632669431;0.033167912061133495;0.3818412994041865;0.46472849608959577
135;X13.cis.beta.carotene;26.673090496391502;8.828369084002095;18.556936340538925;37.59648230385885
135;X9.cis.beta.carotene;47.58501415142038;18.260442704670975;32.798505689173936;70.38466153604907
135;eau;19.352835864443904;1.325024463174578;17.520831016887595;20.619997463163863
135;ratio.alpha.beta;1.0169811077765343;0.2018142181781351;0.7167715339558548;1.25680513661881
135;ratio.alpha.natif;0.4717690842555234;0.05357261266936987;0.3869816031318034;0.5161613503107072
135;ratio.beta.natif;0.5271682268180774;0.06146924261615419;0.4796345277990086;0.625065402254505
135;tlip.MS;83.36021307553774;0.32551602626636983;82.85256995988539;83.68643806233337
135;total.beta.carotene;316.41809631872013;104.94201245410623;225.25362936522637;443.4429274064631
135;total.carotene;435.31215951168616;126.49625973547559;328.4932716430148;585.8448037885515
135;total.trans.carotene.natif;370.9544227717108;112.7696599216911;273.3225816185229;501.8010992621065
135;trans.alpha.carotene;165.81310090995504;49.25437314979869;118.00945489034336;218.42925313465446
135;trans.beta.carotene;226.86009282890035;64.86255373131067;169.6813040989745;315.582822055344
136;C14.0;0.39940013498265464;0.07817758749357527;0.310567015020952;0.5297679150466617
136;C16.0;30.700800102852075;1.447350884187004;29.01144746562899;32.77428551900363
136;C18.0;6.0596715069914;0.6321616525028589;5.342152954730638;6.997830745256132
136;C18.1n7;1.1667187459582256;0.19878908658193994;0.9617621852081419;1.4647456217881334
136;C18.1n9;50.54046758638041;0.9877248919488952;49.04552799496577;51.78655863305016
136;C18.2;8.56194547369728;0.6191861181087104;7.83966869958039;9.491407740165842
136;C18.3;0.3461131178917208;0.056175300023713584;0.26509185628339876;0.41132001598575146
136;C20.0;0.4076582485212307;0.039834308940199424;0.35346419682593017;0.4551555395031017
136;X13.cis.beta.carotene;48.53375027549952;14.77666897838467;32.45778511947681;68.10854501965756
136;X9.cis.beta.carotene;110.06485672065395;43.19039391892661;49.90031343702735;154.67283174211508
136;eau;32.58181116944379;6.937302165486952;25.16346886432801;43.640003112648685
136;ratio.alpha.beta;0.8086842531329345;0.20523653129161587;0.6010924247428278;1.1048504636001248
136;ratio.alpha.natif;0.4275983816800581;0.0651540624224578;0.36018788942588953;0.5212542061470935
136;ratio.beta.natif;0.5833044265891627;0.06428006990299615;0.49357324813389397;0.6487343076987573
136;tlip.MS;81.51059392206714;2.5070725128102147;77.42683905535502;83.76929900848369
136;total.beta.carotene;802.8416186015758;325.04478951288945;431.3718141493808;1112.656310265012
136;total.carotene;1130.08671070394;482.83907177771215;677.6877725589694;1855.0045884108542
136;total.trans.carotene.natif;991.0984326027223;399.9439211430348;585.5321000692944;1558.3663755679725
136;trans.alpha.carotene;456.13413067383385;152.02830942655407;275.6401772037332;629.5808645104523
136;trans.beta.carotene;680.679966500786;305.7126384020161;314.514088143377;986.2906675028362
137;C14.0;0.31340187080161286;0.026093347006323202;0.27465106074934087;0.3467041288703407
137;C16.0;30.26612978987131;0.8837653065369222;29.433221881165473;31.50854080097161
137;C18.0;6.400430229205882;0.7198805161495082;5.614462770119174;7.39382706445873
137;C18.1n7;1.0725991018045518;0.1315130406636821;0.9416438828883069;1.3192133189731257
137;C18.1n9;50.87480829551554;0.5908502312652789;50.41714924371484;51.916834704966256
137;C18.2;8.318238813231597;0.7257713865586783;7.507674935525216;9.324677852340088
137;C18.3;0.29973498600865706;0.06946617716034505;0.2009945999220939;0.3773645241595506
137;C20.0;0.44045625019266293;0.02700821399298103;0.38783627978420354;0.46076657751361905
137;X13.cis.beta.carotene;56.80858657259875;19.89854463252279;27.23907815970313;76.93849045185013
137;X9.cis.beta.carotene;127.60635437616247;50.84008415711039;53.475141211471644;179.94279371148852
137;eau;23.760940262331925;2.451213097404331;21.884130194166733;28.18638860466542
137;ratio.alpha.beta;0.8968237305360648;0.2695799241734492;0.6708758430198546;1.3262638176949626
137;ratio.alpha.natif;0.4266274584043208;0.061593479582653654;0.36540258365049394;0.5224933637945937
137;ratio.beta.natif;0.5816065941125821;0.0628880544523499;0.4926974124056016;0.6443524998080722
137;tlip.MS;83.08318477976327;0.5112078355629208;82.15878185756914;83.64360432645634
137;total.beta.carotene;800.8732197540406;267.2536417180736;420.35719040360397;1014.8473444708025
137;total.carotene;1324.4714386090955;555.8074015737176;651.3954310949855;1885.3984825044647
137;total.trans.carotene.natif;1139.0890964699759;465.4208156295473;559.0443882467786;1588.84569862002
137;trans.alpha.carotene;547.7925055681003;372.28125286413655;256.15955486232235;1055.05922139641
137;trans.beta.carotene;612.1218141697021;221.44272818958513;291.8212187145092;809.3194800002248
138;C14.0;0.43820781364635447;0.1007300430521508;0.3131728076093291;0.5360579613638876
138;C16.0;32.539408482093165;0.9569054540683112;31.183340052365384;33.45748831684949
138;C18.0;6.075344818400873;0.44242500707944826;5.491820448255595;6.65083871574998
138;C18.1n7;0.9808385542840047;0.09330213141036646;0.8833754203100049;1.1150592003746922
138;C18.1n9;46.24921352822218;1.9019218863679204;44.20372315832546;49.44118106198425
138;C18.2;8.71225441902891;0.386534036058022;8.311866951822555;9.327435914962408
138;C18.3;0.19477109049772082;0.009225107047195402;0.18212634612884476;0.20825834036626187
138;C20.0;0.46619734786699213;0.009479772769829599;0.4494623179295565;0.47447621397226414
138;X13.cis.beta.carotene;36.41287923215422;8.776835878953829;25.451823931661504;46.07815997978524
138;X9.cis.beta.carotene;55.1736476995842;24.45052172995031;33.077718166877;93.92955683862398
138;eau;19.860920004624017;1.5651450860520062;18.271664811877738;21.831595871293874
138;ratio.alpha.beta;0.8805272979663353;0.22672976614628723;0.6816938507636663;1.181620214755462
138;ratio.alpha.natif;0.4391243690999807;0.05830533256255739;0.38337158060493537;0.5180154789779489
138;ratio.beta.natif;0.5678840286160476;0.06423925052128406;0.48855464907709034;0.6398824747363494
138;tlip.MS;82.76827698209293;0.4521947432424954;82.2273214453332;83.39084581904437
138;total.beta.carotene;365.3125628122522;90.66730418462875;266.86096243797584;477.4545172754518
138;total.carotene;489.61025594316783;131.85243796292943;352.44980346700277;640.74720515795
138;total.trans.carotene.natif;422.2155351490492;121.85368185425742;276.1265733708497;541.9926750634072
138;trans.alpha.carotene;196.46264285263933;59.21931275346869;134.84656776802197;264.9246849339503
138;trans.beta.carotene;259.3514687788049;74.32809488246451;185.3525823492239;363.8825640748939
139;C14.0;0.5767150441321998;0.02653684199537355;0.5508532810648945;0.6101346983412892
139;C16.0;33.03942957999129;0.7632900177300379;32.09376808813889;33.840438581965984
139;C18.0;5.851389785625254;0.16082419988656269;5.686198917711517;6.059898504998708
139;C18.1n7;1.2749646324453192;0.14601820911214297;1.0692731206177977;1.4358684768518257
139;C18.1n9;47.38723142065779;1.3468792714901692;44.782373062171516;48.54605157432194
139;C18.2;8.243760652675034;0.3875773761036125;7.822664245219135;8.740851694077312
139;C18.3;0.25968644565807625;0.02074000844444023;0.22319512868596716;0.2814545969714869
139;C20.0;0.3790128231648213;0.023847689496859226;0.35222738435500744;0.4139213852569278
139;X13.cis.beta.carotene;54.13041617485306;8.425705141617106;44.528623843280045;64.3728367067582
139;X9.cis.beta.carotene;111.38721531480762;23.11954795227118;82.54085042133582;152.54632651203215
139;eau;21.96338709159275;2.1513004489986645;20.208887422644967;24.971739968592427
139;ratio.alpha.beta;1.0856369677363873;0.28227906939907005;0.7554803042931094;1.4971717295313836
139;ratio.alpha.natif;0.4777779323445263;0.06625491925716241;0.3924628961526308;0.585781305122471
139;ratio.beta.natif;0.5261328857921557;0.07641176869277028;0.4049532654317759;0.6206437076746711
139;tlip.MS;83.13090557882519;0.3097314380889559;82.84648021622665;83.71090705036684
139;total.beta.carotene;687.3160405217217;94.69652354747572;534.3531357738893;811.1126349062454
139;total.carotene;945.7490687564342;207.0085522040196;771.3162604976083;1334.121308832735
139;total.trans.carotene.natif;788.269912335608;171.76080108620872;614.4462165351263;1110.75185908997
139;trans.alpha.carotene;383.56942999745326;143.05088485247012;289.7685002939197;670.1991812983143
139;trans.beta.carotene;513.2124325568218;60.51295049250833;412.3967230397559;577.5849212012484
140;C14.0;0.8280785353884312;0.04537524130592939;0.7742088270248573;0.8750829375796851
140;C16.0;40.876499516351814;0.44412111579619235;40.31863119619729;41.40793461117902
140;C18.0;6.100220481081381;0.7164881788708325;5.502406979168029;7.082936712600852
140;C18.1n7;1.0577706344208992;0.030534590175934736;1.0074226374570372;1.0783618332053044
140;C18.1n9;40.07972644191203;0.3448530306056857;39.62216546474261;40.499455339219686
140;C18.2;9.272705130377545;0.7233356040970781;8.319603205989234;10.045462191715146
140;C18.3;0.24657184651488545;0.06459471373818058;0.20353965488039522;0.3520181997662473
140;C20.0;0.4236627569510888;0.02779338174668949;0.38590972117683664;0.45531684280727286
140;X13.cis.beta.carotene;34.190298712034384;14.30775368661738;21.918169454310632;58.36028881702786
140;X9.cis.beta.carotene;53.93473362539671;30.748623273669942;24.38390941572235;101.16011602880886
140;eau;22.38183759711312;0.6970441172974285;21.700997330518547;23.19999715111034
140;ratio.alpha.beta;0.9164481551386231;0.20456120121381982;0.6597259114991486;1.0835276649479277
140;ratio.alpha.natif;0.432051897201741;0.06303359133581984;0.36143709237080857;0.4876833070003797
140;ratio.beta.natif;0.5718677640676318;0.06740433910908665;0.5131628839745445;0.6470997329709113
140;tlip.MS;82.68727627869823;1.0538707649042374;81.3416555975114;83.68608318715886
140;total.beta.carotene;514.3758449969611;273.78722519854443;221.53653168374603;934.4349877734517
140;total.carotene;893.1200695736155;654.3360354091014;362.1021528273248;2005.370266687626
140;total.trans.carotene.natif;752.8847850445615;505.9119590166959;322.6634997284273;1599.3116388974395
140;trans.alpha.carotene;331.1606925091137;235.66198905993758;115.06570159018545;706.2524312347205
140;trans.beta.carotene;397.65842945680663;191.47077247117028;186.96144674106;682.4359043859158
141;C14.0;0.7889709232799497;0.06883833471449016;0.6944727267402794;0.886549171218895
141;C16.0;41.574631370197;0.9139593574317666;40.38756809812408;42.75006186483965
141;C18.0;5.2105298522213195;0.09620617915390156;5.088429041186939;5.307902841449586
141;C18.1n7;1.4169155407778544;0.19168494119744448;1.2318447756822986;1.6875804417875373
141;C18.1n9;41.096801155442996;1.932045384508385;38.70498510313248;42.87953822233494
141;C18.2;9.542218944556607;0.13956923250978073;9.398828293322742;9.746630567447674
141;C18.3;0.332710197968671;0.021260489337422847;0.3151953181092322;0.3590437238239804
141;C20.0;0.38115181666464776;0.02981844970687484;0.3320751672894442;0.40748724582294565
141;X13.cis.beta.carotene;31.43467855742199;5.53204990601976;25.58904361593176;39.463814053614044
141;X9.cis.beta.carotene;55.76709551246968;16.73771222180138;35.416433689174546;78.63002401212145
141;eau;39.83706525113723;4.620311378730027;35.079996182366266;47.45999957846062
141;ratio.alpha.beta;1.1736959374602685;0.21933240047006677;0.7949075111549583;1.35492332699898
141;ratio.alpha.natif;0.5074264702280032;0.05884474810450479;0.4082778533830911;0.5595020140354989
141;ratio.beta.natif;0.4896260449951077;0.06089874974099445;0.4322752770491201;0.5911508297647705
141;tlip.MS;75.15121010072116;1.8415544802349018;73.23717894368502;77.31085742470027
141;total.beta.carotene;495.50871943266475;130.80317952709066;372.11984109113024;686.5295366765595
141;total.carotene;638.7694624383972;220.36492148868706;408.2589017157206;902.0917922951386
141;total.trans.carotene.natif;545.1725515463455;158.9045080786427;362.2390532745483;717.4765694551066
141;trans.alpha.carotene;272.33412042255645;63.61915500712844;165.98149816133667;336.12034739648306
141;trans.beta.carotene;368.0907685668801;124.431740296194;249.67977886907298;523.3744788143803
142;C14.0;0.767095663035744;0.10741709792357153;0.6385266278525445;0.9214542014277165
142;C16.0;40.45041256366363;0.9997149613416904;38.87113602401598;41.54389515736628
142;C18.0;5.298037500455861;0.2556614360415788;5.030066958902438;5.578387151725991
142;C18.1n7;1.3947056346230071;0.1546897214926677;1.2643557445719338;1.6443038277954545
142;C18.1n9;45.07263173642609;3.4327818730536324;40.74936797902281;49.67278513536726
142;C18.2;9.976863576193272;0.2487044567397025;9.596368810651708;10.233070420399399
142;C18.3;0.2454449603809322;0.06991764585807576;0.17952334562709363;0.33020971479455424
142;C20.0;0.4059310229785716;0.019921539947041062;0.3771786330162362;0.427717410382284
142;X13.cis.beta.carotene;22.308035025586214;8.184335014877442;16.941279584703146;36.685066405484555
142;X9.cis.beta.carotene;40.09095583470548;29.352014581335876;24.1300910050049;92.41662686134677
142;eau;32.91956328845244;13.633979468397214;23.200000527577185;56.02999949753793
142;ratio.alpha.beta;0.9844311412364855;0.0818941361690345;0.9135929709988352;1.1090830939034817
142;ratio.alpha.natif;0.4571804095482316;0.017757117658674368;0.4348112202388818;0.47995353441674876
142;ratio.beta.natif;0.543308474469295;0.02603044506485588;0.5052562447420906;0.573193711675605
142;tlip.MS;81.27506914737906;3.8314078048539524;74.90198715789872;84.70499309038445
142;total.beta.carotene;219.9755676556505;83.81222981097915;160.41422186911498;364.5853128073436
142;total.carotene;332.7469034890197;75.26176936880358;253.95999570699266;426.06185621856434
142;total.trans.carotene.natif;301.7286580097567;63.26062775955606;240.56955696634304;385.58189709094404
142;trans.alpha.carotene;108.55357697048017;18.65932513388038;86.63071293062752;126.61899368657514
142;trans.beta.carotene;159.82577524629906;66.04236761202958;108.40771929391006;271.45873484326466
143;C14.0;0.673766565696979;0.11792550601330139;0.5747111004745542;0.8740112042344438
143;C16.0;39.083645387712586;2.308719709185102;36.51755748687401;42.4729627204945
143;C18.0;5.35212319406554;0.121883493524059;5.209899938745775;5.464480188052967
143;C18.1n7;1.4112646005846279;0.1941755375641786;1.2011957213782818;1.6823689023943649
143;C18.1n9;43.6328126435678;2.666603738842439;40.97171385512782;47.275564171949604
143;C18.2;9.307194571395808;0.9082956667832178;8.01005069074608;10.201056323387796
143;C18.3;0.3083031634720227;0.06456630484661972;0.21142918437268876;0.3727925815686614
143;C20.0;0.3718590268438248;0.03151972955479546;0.3222544936154357;0.40718207324294986
143;X13.cis.beta.carotene;48.181250279309566;34.87640054615762;17.46417516495214;86.67434886622343
143;X9.cis.beta.carotene;99.09134190665496;45.683383454250844;51.23284848391181;155.74129903440334
143;eau;29.331426133287255;4.945370966325428;22.18272549020825;35.792901195114126
143;ratio.alpha.beta;1.3705185773174149;0.19682467996683778;1.1117946877734928;1.5988885101378587
143;ratio.alpha.natif;0.5555353403335812;0.035093086844126875;0.5025325837228982;0.5911222481268882
143;ratio.beta.natif;0.4415952731478311;0.04382978260062472;0.40192640170440747;0.5084878673580071
143;tlip.MS;83.45162561489596;0.667587890178887;82.96730167716622;84.55934237164892
143;total.beta.carotene;628.5780888989736;373.433976151017;265.90311336523365;1067.6879306312364
143;total.carotene;1316.7650062376981;833.5775474901878;502.44282037096576;2240.440290524701
143;total.trans.carotene.natif;1110.0492848496724;672.5085180431497;426.9497043204433;1919.1614764718224
143;trans.alpha.carotene;441.2806892766389;201.16097896816638;205.3775008145242;712.7635978081344
143;trans.beta.carotene;490.30196660752136;307.49922667517063;178.55991665084002;828.9300924883896
144;C14.0;0.8796715396978353;0.14358020580745356;0.6833382776626613;1.0158574251362602
144;C16.0;41.70106554617193;1.1669392347286807;40.114460589253035;42.97989182011047
144;C18.0;5.848400676515834;0.5022925907646701;5.288482518710435;6.522531782379409
144;C18.1n7;1.0938900244803018;0.0858780421353173;0.9585925104977019;1.2044745259173666
144;C18.1n9;40.79852437192352;1.0211380927302571;39.310401660370154;42.17384890840911
144;C18.2;8.73356791342745;0.43530794303704506;8.272694557914093;9.432559024302947
144;C18.3;0.35939419618236546;0.02930188942188001;0.3165104204394202;0.4057690933196389
144;C20.0;0.43247712001883526;0.02227742671418702;0.40498592988880316;0.4575865759405546
144;X13.cis.beta.carotene;76.48871611442304;24.899567512985016;43.069326793575726;112.994580913819
144;X9.cis.beta.carotene;125.92581607141055;22.54551536387279;89.7650181952269;156.48318080114944
144;eau;32.77845277137495;2.59270176328082;29.032879849203333;36.224998190913894
144;ratio.alpha.beta;1.1145455430224402;0.2257375488701092;0.8115708419396015;1.3995985753936018
144;ratio.alpha.natif;0.4693330337624297;0.0592622957693949;0.41052479000509956;0.5387334368163227
144;ratio.beta.natif;0.531805767086366;0.0613996050814092;0.4633286541074474;0.5956629998955294
144;tlip.MS;81.76153234427025;2.6415400972651772;76.69088522082217;84.21859127661986
144;total.beta.carotene;939.6876523243599;231.53035357351888;685.8582805335086;1316.178994055716
144;total.carotene;1973.5713649663874;343.24406326354057;1727.4930704027481;2447.3961693619053
144;total.trans.carotene.natif;1694.7330189563256;174.20439502983115;1542.254434837791;1975.3303463941131
144;trans.alpha.carotene;1048.9065686192976;255.91856864975418;672.2557615337172;1286.5699249527859
144;trans.beta.carotene;704.3592355681809;183.8196359056178;502.6197458402917;1014.3376261674765
145;C14.0;0.8420537976368475;0.13089636701169435;0.6699575318684445;0.9919681845953356
145;C16.0;40.38640928265505;1.9587178417043911;38.05661405628432;43.31006196848683
145;C18.0;5.267579410440374;0.5015446230156846;4.730835694805084;6.123145439054453
145;C18.1n7;1.4961385252049582;0.20848286206624606;1.2595101552894015;1.8172054563830085
145;C18.1n9;44.46334874357816;3.8591101032268695;41.52209355344838;50.00881326441763
145;C18.2;9.97634478528285;0.7884342222200581;8.506801531665621;10.651834884269613
145;C18.3;0.31352294242712425;0.07378652904915496;0.21354979963354193;0.4128806690709925
145;C20.0;0.37678741713035074;0.0419057687770044;0.29992361146000224;0.4162457022146991
145;X13.cis.beta.carotene;21.32782870720972;6.917192677834581;12.093093357638411;28.51324206507018
145;X9.cis.beta.carotene;46.144960708122234;29.294234265343878;25.238087744381264;101.11084893778302
145;eau;42.14628651941114;16.58708514516342;25.408155069606117;66.92999722492489
145;ratio.alpha.beta;1.0959757430966894;0.3151116313847063;0.5718752271546655;1.416086336683681
145;ratio.alpha.natif;0.4837823445712383;0.07413346995322143;0.3565994242681208;0.5554657507148643
145;ratio.beta.natif;0.503312183343631;0.0774218850817533;0.4315433562729563;0.6409695912681073
145;tlip.MS;77.09776987320849;5.353815387982466;69.9532333342882;83.60375444482887
145;total.beta.carotene;308.77983587904345;70.95053405621717;182.86519021583305;399.1269137732993
145;total.carotene;433.2386175395679;76.35308556611182;330.3072947277753;519.0649515298222
145;total.trans.carotene.natif;380.97509742852975;58.04878004460164;300.06429309846555;431.73187465588455
145;trans.alpha.carotene;205.21395795845902;74.87303082497584;116.737241169286;300.92619759747225
145;trans.beta.carotene;236.09528326741247;53.577526021811956;161.46692461743802;314.0625697614637
146;C14.0;0.7707555380939994;0.15213976850681954;0.6065847724076924;0.9968082329898769
146;C16.0;42.43027315095525;1.6258038427294519;39.60140259852912;44.51667268390669
146;C18.0;5.78349720595088;0.6168019519260964;5.168186117890411;6.632102923182534
146;C18.1n7;1.490605242754017;0.1608513215316418;1.3159057273926364;1.7545278411666616
146;C18.1n9;40.06588047860591;1.4572366839627406;37.611104226713834;41.09034702701466
146;C18.2;9.9135215155158;0.5442838825667837;8.951971917481403;10.467471939082643
146;C18.3;0.23697999386705726;0.029622869810240565;0.19477303473230953;0.27809421800976175
146;C20.0;0.3678118410875449;0.03613028184231273;0.31441436166664405;0.40720868181820113
146;X13.cis.beta.carotene;14.789090864174012;2.0282700765952395;12.48421122534632;18.144684957204877
146;X9.cis.beta.carotene;27.468446353751087;5.252959802051769;21.935925525059577;34.851073490311016
146;eau;27.081950978419666;1.8955788464930006;24.305397969097626;29.337270425784016
146;ratio.alpha.beta;0.9959905454846467;0.2503545004887025;0.6390622445426537;1.2968142490690557
146;ratio.alpha.natif;0.4723253170255683;0.060673425677336475;0.38104544326182876;0.5385977625130276
146;ratio.beta.natif;0.5192088419866595;0.06824132486559872;0.44588528407879785;0.6322177421358873
146;tlip.MS;83.97419675374123;0.5596860310015769;83.37522543455727;84.9246379881487
146;total.beta.carotene;246.86345668301695;67.75855504599285;177.83984404687763;353.6565753120498
146;total.carotene;486.2308717383078;219.0818187928067;308.4654742497607;782.687791470791
146;total.trans.carotene.natif;427.7022230746404;185.296216754576;255.32688340224615;678.7327735599023
146;trans.alpha.carotene;157.01326642661866;70.2526877074089;95.34932409001769;254.94400939142741
146;trans.beta.carotene;189.5720205436418;52.87125289874248;129.38975828464396;268.8187169506987
147;C14.0;0.6845843080408577;0.15582850246664326;0.5072020043873373;0.9219937519364555
147;C16.0;38.51062721219137;3.7165636655554866;34.76747592264434;42.67062679966899
147;C18.0;5.470066921047568;0.11574107370945329;5.308891645268882;5.628759660999123
147;C18.1n7;1.1300948247661406;0.04034300851774871;1.067564893621769;1.167457876698509
147;C18.1n9;42.04309665507176;1.6848460503780756;40.5915430881502;44.70130064199584
147;C18.2;8.427961737876965;0.30712423291882884;7.965146802966472;8.825850893372358
147;C18.3;0.36873654911469955;0.006625648437018649;0.36068809544969355;0.3755888138331383
147;C20.0;0.42878957021228625;0.012908882715990739;0.40750138415423676;0.43957917209621455
147;X13.cis.beta.carotene;77.74511162681429;4.799961533221367;71.42766896401736;83.90266260263793
147;X9.cis.beta.carotene;135.17226192312313;15.529874074561478;114.61183071642743;157.1048672728528
147;eau;30.960899715839787;2.445129307811838;28.38250086366975;34.92399659805596
147;ratio.alpha.beta;1.1680823645214065;0.22133227247343495;0.8688373507700126;1.3507773019370115
147;ratio.alpha.natif;0.47575028631903554;0.05290426113151752;0.4069797980972995;0.5244168600830383
147;ratio.beta.natif;0.5280724083489605;0.06248486816727903;0.46396072231798596;0.607206569838968
147;tlip.MS;82.44618752809286;1.6472295426947403;79.61433049073815;83.72125929329327
147;total.beta.carotene;724.18296963645;111.00363655680472;591.6188901051894;896.2927788464664
147;total.carotene;1784.616990477844;271.35240012805343;1377.0265147154435;2093.170397508757
147;total.trans.carotene.natif;1601.697988905443;203.08941413631482;1305.2095854839508;1828.4488717696668
147;trans.alpha.carotene;828.6297125481569;253.48737437690346;451.6097011280779;1063.9550006621755
147;trans.beta.carotene;543.119518797808;105.1732224204657;414.5071569795814;704.9172461130975
148;C14.0;1.0067369625008717;0.12246735736383331;0.8707890751605022;1.1317036903249467
148;C16.0;44.03155304750161;1.0633583404159324;42.541135613441696;45.43653586568973
148;C18.0;5.510208271664351;0.3020323272136335;5.255650530727548;5.976915735853495
148;C18.1n7;1.385202260394509;0.15921646727522365;1.1899498280403136;1.6184109796185293
148;C18.1n9;38.9947862262845;2.933632319010972;37.19100872818097;44.934318278059514
148;C18.2;9.904344046001151;0.3867047741348733;9.404719766697726;10.342158249734165
148;C18.3;0.28091857343474613;0.06686410873580155;0.19914572916803233;0.38473810425010585
148;C20.0;0.37398378585162667;0.019440860904318142;0.3493176330595393;0.3989213667776786
148;X13.cis.beta.carotene;30.423465970132725;13.907645874905896;21.908511724540492;57.81454994540197
148;X9.cis.beta.carotene;51.198803323026176;29.411490015929775;30.622754659319927;109.56327519331144
148;eau;32.306063197660905;13.727959917054754;23.09958366732181;59.72999796844948
148;ratio.alpha.beta;0.7076578308417892;0.093014557927144;0.5917625907862981;0.8459096802135309
148;ratio.alpha.natif;0.39588099436872853;0.03223388282382702;0.35524847568253354;0.45451976113335424
148;ratio.beta.natif;0.60574024209573;0.03053309771687449;0.5522102313145172;0.6448194607850286
148;tlip.MS;81.2715262859356;4.595509494720795;71.94139634662554;84.05470311911891
148;total.beta.carotene;571.2304648960652;185.7947149499947;421.47002805913996;918.5017881178168
148;total.carotene;893.8261924822576;464.9714275337779;441.0419852949796;1797.4696017418537
148;total.trans.carotene.natif;791.6838385204447;384.19295837256624;455.6202131176987;1551.5667563343634
148;trans.alpha.carotene;288.1047866254451;102.74726420317336;163.74204400816652;478.39260327604205
148;trans.beta.carotene;430.535006670167;131.9295944125564;313.7000747911496;676.6658643551616
149;C14.0;0.7423986799866027;0.07709867630991271;0.6573980864298251;0.8697933462501662
149;C16.0;40.51148371533819;1.3654225818519792;39.19456664946631;42.85117642474185
149;C18.0;5.82305847276263;0.5204730192217429;4.913188364513218;6.321277940662833
149;C18.1n7;1.6152232663967532;0.16554672464241962;1.4161084442512477;1.7778769796716585
149;C18.1n9;40.31778721028514;0.7383836750139497;39.062768626793584;41.133614535481634
149;C18.2;10.171720470402095;0.3565809072025921;9.6493691958151;10.569438020625517
149;C18.3;0.1933077282123398;0.0341162301057802;0.1617412763563179;0.24455858920009454
149;C20.0;0.35379035745066334;0.034542327751178575;0.3156861611160049;0.3937017245908955
149;X13.cis.beta.carotene;15.803516319932092;0.9399637300237331;15.005134914031526;17.22039098796694
149;X9.cis.beta.carotene;24.02646372770082;2.3028496195079993;20.570682529251616;26.406357714667514
149;eau;23.290070890142317;3.210708106581965;20.033749598487077;28.126161876608062
149;ratio.alpha.beta;0.8323502721156556;0.22097151314205468;0.6167888255690452;1.141200729907008
149;ratio.alpha.natif;0.41828672175926274;0.04506239614731099;0.3768001509602929;0.4837011075328697
149;ratio.beta.natif;0.582753922863318;0.053042347124129405;0.5047571820323514;0.6310075594383519
149;tlip.MS;84.26028299941059;0.6892383710197554;83.26111404612125;85.36966787538806
149;total.beta.carotene;250.03475253675524;40.04439721603012;179.69038048379412;290.7665031395676
149;total.carotene;349.38597800768844;19.533122910598458;321.3480566851197;382.6122848930965
149;total.trans.carotene.natif;313.1990365633931;26.62619670588921;284.51820228549;357.86610776953387
149;trans.alpha.carotene;115.23955741926589;9.0662005477103;105.9300270258917;127.32935145157361
149;trans.beta.carotene;210.6429989498463;38.167587810114696;144.21571503386474;251.12428641364372
150;C14.0;0.6028863562335915;0.06933950413955078;0.4924927351976662;0.7100262703926917
150;C16.0;37.48065515199762;1.0598636915217672;35.990049690722934;39.12211495233046
150;C18.0;6.195400686282228;0.6251497934124426;5.470803852667621;7.115681319138815
150;C18.1n7;1.4788639132836519;0.25552754952986306;1.1988744078180726;1.71826005199848
150;C18.1n9;43.3122397048495;1.6456492969998278;41.585202088033036;46.1495471842929
150;C18.2;9.743051907774054;0.5867217644969265;8.719009007100881;10.255420440797128
150;C18.3;0.3039428958160519;0.03198452849997766;0.2654600527427596;0.35052104644256715
150;C20.0;0.3564858681098906;0.03372963103684966;0.3114389026873704;0.39169728176188207
150;X13.cis.beta.carotene;40.851976012962346;18.053632337418392;21.301697925681548;71.18165420581535
150;X9.cis.beta.carotene;63.42572565898603;33.59973207150227;31.770544879109377;118.3990261548063
150;eau;28.28495850582884;2.6824548206295606;25.640666299041232;31.25131337924508
150;ratio.alpha.beta;0.8234224999508761;0.28765643215299425;0.6154344898239055;1.30810922171488
150;ratio.alpha.natif;0.4234722372228939;0.07261818035454727;0.3639787853151702;0.5396657263225212
150;ratio.beta.natif;0.5714471099617378;0.07500605341219514;0.44736473532118;0.6261207527278997
150;tlip.MS;82.76892853532392;1.196697760254584;81.20261970590886;84.26820636193457
150;total.beta.carotene;737.0729549459815;203.80463601361893;527.2415230828173;1049.1937939279132
150;total.carotene;1276.4928436790403;514.4322897944223;754.6080291865834;2029.4434884700975
150;total.trans.carotene.natif;1128.9126627265275;419.7147271125684;710.5341631516707;1736.37294201494
150;trans.alpha.carotene;378.79177505087415;103.51234259298182;284.399660175461;539.6149085945455
150;trans.beta.carotene;583.9588574787081;141.9050607437116;410.3099722133229;757.4927479532638
151;C14.0;0.7121720376026174;0.15956059808506823;0.5298777400162171;0.921736550375353
151;C16.0;40.226858903961805;2.571832229234836;36.966233194069844;44.47646143939092
151;C18.0;5.52396529935843;0.11008633279521719;5.381426031722643;5.707784168657031
151;C18.1n7;1.1008518359278239;0.2742886624714276;0.8941898954025171;1.6410932008348496
151;C18.1n9;41.8355758568515;2.2843313180193228;38.36895062156705;45.37917570074727
151;C18.2;8.720605397263643;0.5105911956786374;8.263529640386203;9.595136629485122
151;C18.3;0.34917593174270795;0.05422358304386163;0.2593001531521936;0.3915474770492529
151;C20.0;0.3866761750057493;0.05179183483712147;0.282676705162791;0.42081209527645436
151;X13.cis.beta.carotene;55.466260970688104;18.995589285996058;29.909728442006077;76.2656634186092
151;X9.cis.beta.carotene;132.02467916248835;36.012529744097854;85.75647233051983;165.91242607029253
151;eau;29.874530103401487;4.214688971433664;22.87999727781656;35.13571595512358
151;ratio.alpha.beta;1.0703668000096402;0.18499856583023397;0.8592144860796196;1.325234316704537
151;ratio.alpha.natif;0.470512524111329;0.05067693934664491;0.4030008896449571;0.5294276820168219
151;ratio.beta.natif;0.5304631159851442;0.047560661170947344;0.4785243853482723;0.589872885791701
151;tlip.MS;82.36953874694598;0.8463425145018331;81.48461503603963;83.628951208008
151;total.beta.carotene;899.9804205416925;284.5788567053861;480.2608085227673;1168.9453772817144
151;total.carotene;1572.1196199964572;595.1899334794559;821.4074023418536;2128.3748451180695
151;total.trans.carotene.natif;1335.8418197237152;486.1527027504979;692.8943205844952;1730.439239401364
151;trans.alpha.carotene;1020.0675830281863;221.60591832406337;787.8044159429595;1301.9695152429317
151;trans.beta.carotene;718.4784590351629;229.0786613381539;381.5900682834201;971.6502728254902
152;C14.0;0.7330192773699857;0.13418491957570655;0.6119435520776562;0.9731909917789523
152;C16.0;40.856071539528806;1.5286721810157482;39.49229002004651;43.75319372001298
152;C18.0;5.7446138338118615;0.27052757796678073;5.35332468715911;6.0432203670892495
152;C18.1n7;1.1759715344524742;0.2047689768547533;0.9571143256250714;1.5533074504349473
152;C18.1n9;42.150641745618636;2.0147957453499425;38.83336641765927;45.11881490828464
152;C18.2;8.474827784281963;0.6025569942615653;7.511501756059582;9.148635490115403
152;C18.3;0.32891693956863366;0.052700589225981836;0.2477262457265172;0.39002336870314186
152;C20.0;0.388515194145848;0.028656316314669587;0.33744073288606713;0.42003901131782884
152;X13.cis.beta.carotene;60.08747155916033;23.11785338758464;25.451435710950623;88.95966832899887
152;X9.cis.beta.carotene;114.29859877246508;40.87267096394162;41.868448079580375;161.71047734818336
152;eau;25.865455647820642;3.373105226797764;21.519720640642323;31.16000154844294
152;ratio.alpha.beta;1.2610278538827324;0.2822776129530717;0.887515345062597;1.5738046311413727
152;ratio.alpha.natif;0.5177456254400141;0.06201941411552269;0.4424358587321275;0.5786046935045932
152;ratio.beta.natif;0.47806295530071913;0.061372178143150956;0.4139251236143474;0.5559276471901702
152;tlip.MS;83.7737470258749;0.8570101795418622;82.11525674075105;84.50035088139049
152;total.beta.carotene;883.256614493328;279.8698832119042;375.2677588221526;1116.3161111087943
152;total.carotene;1712.8378419249802;513.2951309168353;738.1657804352403;2117.169294845387
152;total.trans.carotene.natif;1507.8178493602575;474.97718103564813;634.2380540185328;1971.5030959341009
152;trans.alpha.carotene;918.7871716428837;299.8739644493338;311.6230741133081;1090.3245099387232
152;trans.beta.carotene;654.3801493090865;194.41317244612534;308.2222825847575;792.0211463403366
153;C14.0;1.0220914830702643;0.028336251406665593;0.9827068779164108;1.0553012232827783
153;C16.0;43.39924278717607;2.519120187807966;38.95019955947528;45.87639575437951
153;C18.0;5.25883596581174;0.526067220235417;4.851819572327707;6.275066430274444
153;C18.1n7;1.2422279591349772;0.12300800319928856;1.08914022706463;1.377037379558736
153;C18.1n9;38.93244521859066;1.2190145544445874;37.01056592756308;40.2216373697039
153;C18.2;9.574789714857113;0.5018711268744871;8.96021408344558;10.122542882295386
153;C18.3;0.2828974337969606;0.04199318571842054;0.2363823472086334;0.33778746116994696
153;C20.0;0.38515611520749254;0.014750681404557795;0.36561045019242555;0.4069560531353684
153;X13.cis.beta.carotene;19.325336235078424;3.637498226263192;16.999093545277393;26.607719230606484
153;X9.cis.beta.carotene;28.169149899026536;7.3678398722051925;23.511212360955252;42.44895850182376
153;eau;31.40516399092968;1.3066370300951284;29.27999638134945;32.74999766044866
153;ratio.alpha.beta;1.0417670870633724;0.11591818471180373;0.9340674977223972;1.2408758937810562
153;ratio.alpha.natif;0.48167512097720505;0.021914947217971003;0.45659126189426674;0.5207895534879956
153;ratio.beta.natif;0.5213109241111294;0.0288098352812649;0.472888533020029;0.5572121232136059
153;tlip.MS;81.95818971584676;1.5932263893354872;79.55483960498833;83.56746321955217
153;total.beta.carotene;193.97323569792127;41.20606979330915;156.24911997603775;268.4046780867838
153;total.carotene;339.3061983158347;45.710886012490505;293.92839695019916;425.3387050115101
153;total.trans.carotene.natif;303.7572497567374;33.37587953652146;275.3759605675555;347.5857455612172
153;trans.alpha.carotene;114.25950481295945;21.750218680014648;88.41985963549995;143.2995703195408
153;trans.beta.carotene;154.7365264950956;32.094797079639505;123.41551806371062;214.58507234406807
154;C14.0;0.7692440646706024;0.06570868344330073;0.6773291934276692;0.8325228605854262
154;C16.0;41.56605819091064;1.071058373115451;40.173839884133834;42.65682494219572
154;C18.0;5.738685630344005;0.548123084543418;5.295053604896868;6.801123881244733
154;C18.1n7;1.4246007459940324;0.24996868354452814;0.9561121595800885;1.6644377496315366
154;C18.1n9;41.202467123454056;1.746227378701643;38.923133934563445;43.08363178113233
154;C18.2;8.822081340363672;0.5552033316252419;7.888070276089699;9.487654358167227
154;C18.3;0.34747068009472665;0.01520182872824687;0.32102899316301986;0.3631702640446443
154;C20.0;0.34243886972944715;0.035985037918673905;0.30658162804492156;0.4023056548288402
154;X13.cis.beta.carotene;61.45515665239467;19.38051484850462;39.42909335151952;95.317904355444
154;X9.cis.beta.carotene;124.27643256728436;21.47333027484174;84.24024478579585;146.47163808828188
154;eau;30.25100321606482;2.524942615709206;26.50009880529655;33.74866808623108
154;ratio.alpha.beta;1.4215017031774035;0.18445532819275223;1.1459105721916278;1.6148230084746227
154;ratio.alpha.natif;0.5589696277318448;0.030014677420328477;0.5157452428129279;0.5916460257567705
154;ratio.beta.natif;0.4360933357813875;0.032743778466380706;0.40564993929265525;0.4800372257085118
154;tlip.MS;83.75681689673368;0.410549081683746;83.10089769307552;84.24268884990538
154;total.beta.carotene;927.2627575334468;104.82994385021497;765.1512715370852;1053.5181132338485
154;total.carotene;1853.3615170823969;166.8268271894458;1612.1726121207362;2060.0114569658126
154;total.trans.carotene.natif;1609.538463488863;193.90109329551518;1346.8736206509245;1904.8008766597573
154;trans.alpha.carotene;986.2998604665539;130.43936788469256;736.2202338213505;1082.9570537447294
154;trans.beta.carotene;724.469751116133;114.53862078046605;558.2277697194836;857.6797134601854
155;C14.0;0.8503729980047254;0.08339835620350879;0.7596263002668125;0.9429069660610206
155;C16.0;42.087968385451155;0.5271701816485692;41.21897183888733;42.64491858181113
155;C18.0;5.451083459688084;0.45217945401703835;5.0968624722143625;6.220296353356644
155;C18.1n7;1.15824236667529;0.09933067926924942;1.0028022245558863;1.2706047645261211
155;C18.1n9;40.879859735076295;1.8108144581554502;38.851634075041154;42.789965151491934
155;C18.2;8.745126454119703;0.3271811002413015;8.379584178459417;9.27365698503384
155;C18.3;0.31446053340270214;0.016314317345447436;0.29706104350880336;0.3342881911780389
155;C20.0;0.3735217162700614;0.017301802916089282;0.3489380892499308;0.39315046745223414
155;X13.cis.beta.carotene;29.294278817176178;10.299879922426632;18.98198038522639;46.09490761685259
155;X9.cis.beta.carotene;72.15338703178854;17.8740807902259;44.239182527475165;91.51344777487486
155;eau;32.201342821208904;2.490521821319225;29.9827494118122;35.5910682335753
155;ratio.alpha.beta;1.4259011112110422;0.033186759253320104;1.3845161149577663;1.4696578812663617
155;ratio.alpha.natif;0.5692455972187658;0.014351852542125901;0.5469016804877762;0.5837212716592142
155;ratio.beta.natif;0.42583087971806516;0.01129106325615768;0.41137384668817945;0.4375027889652129
155;tlip.MS;82.83001657447099;0.30226005201804224;82.45559718952921;83.13661689159497
155;total.beta.carotene;407.462085567926;92.55697057039642;301.8895212751635;554.846301420376
155;total.carotene;695.5614824526695;153.29038317510054;469.2025416813693;865.4059470607992
155;total.trans.carotene.natif;631.0847183795964;164.51570606824805;369.9985314700368;795.1087679025015
155;trans.alpha.carotene;357.225401301591;98.13973772479336;247.3631887657196;492.9958887150447
155;trans.beta.carotene;290.13604783991894;44.05975633025566;249.97006329084238;360.7729645152217
156;C14.0;0.6157133349784127;0.08563924381721055;0.47442724579680023;0.7297310108247792
156;C16.0;38.493842222424576;1.663248806303981;35.71208601268258;40.25211665022441
156;C18.0;6.002790348081966;0.782598839549224;5.323778391489439;7.306610153874347
156;C18.1n7;1.2526857155886855;0.19061143585193963;1.0282957920327573;1.5255493312310986
156;C18.1n9;45.74756748765437;1.9119200482640815;42.947582616510424;48.61025369973805
156;C18.2;9.260021605487744;0.5374074895349971;8.616637072760188;10.08494761230327
156;C18.3;0.24461420013559598;0.02565552968456618;0.22383412507069253;0.28059757306261796
156;C20.0;0.38503817098602156;0.030888513722098224;0.3320742994718365;0.42258158156388126
156;X13.cis.beta.carotene;27.61276727534023;6.293982434247839;21.442156709152204;39.16526788537017
156;X9.cis.beta.carotene;48.01274304834556;19.175203271821005;25.604481288090565;69.4060602120993
156;eau;27.780461463306963;2.1857095559478736;25.82899913267769;30.395002159300237
156;ratio.alpha.beta;1.087207009421239;0.12472094974990361;0.9752854509148214;1.2848733189949095
156;ratio.alpha.natif;0.4807158974180162;0.023706757300612908;0.4533518164613253;0.5157900253737223
156;ratio.beta.natif;0.5162650830220289;0.03154532314656719;0.47116964940645123;0.5433435894727036
156;tlip.MS;83.36352534802002;0.6613530228470202;82.42684010247835;84.22812682846877
156;total.beta.carotene;352.2497630290448;79.62834294865422;263.14617903729743;467.05241023964743
156;total.carotene;584.3538440613921;172.04981649849825;363.2001716687064;837.4150439901529
156;total.trans.carotene.natif;515.5386075890534;133.45770234674725;337.52246256065985;660.3914785535347
156;trans.alpha.carotene;280.3651608673216;104.81570100562504;156.33032120666883;448.71062091854554
156;trans.beta.carotene;281.1440719351079;69.37413004662017;201.70319575333212;382.97124489473646
157;C14.0;0.9133535655558956;0.17450160634718967;0.7293621261929344;1.1413306951052062
157;C16.0;42.810389159793324;1.4511363384524358;41.22778685673422;44.8364576669151
157;C18.0;5.388554022523466;0.4552326435551272;5.02856300454962;6.242686972808527
157;C18.1n7;1.2493557212032715;0.23950812877080144;1.1010635250750471;1.7325347027108966
157;C18.1n9;41.21051126109028;2.8610752053890667;38.31948598375946;45.34834739248119
157;C18.2;8.462217342185044;0.6012777233324197;7.873611077018414;9.362128662085729
157;C18.3;0.3511232269609068;0.06998569901137247;0.27016023194606026;0.4460666266865352
157;C20.0;0.38599921422186584;0.03175829435965628;0.33129585572787656;0.4279650542783128
157;X13.cis.beta.carotene;86.95697009593924;48.436290289081754;24.870837346625787;127.81653461428733
157;X9.cis.beta.carotene;128.7608726070938;48.90944509005044;56.1286107375586;170.64582274437583
157;eau;34.59435049738392;7.420942399364596;25.046820707608163;43.749999810610724
157;ratio.alpha.beta;1.3812725635313037;0.22554887603958446;1.0554057444889122;1.6880358236347472
157;ratio.alpha.natif;0.5414300680824772;0.04216331932724162;0.4712408182598;0.5936212317392195
157;ratio.beta.natif;0.4568160684301323;0.042360636799178134;0.4158713390746081;0.5258447841602597
157;tlip.MS;79.94037756875788;2.8736467803259176;75.49531739862918;83.20256254854749
157;total.beta.carotene;919.5128552093729;442.59177840804534;323.2978299917936;1284.9497633100339
157;total.carotene;1761.2912254059502;775.4963140813478;664.8208205232794;2405.4656650521492
157;total.trans.carotene.natif;1535.5028496458617;669.3553966290256;641.8222118473655;2062.4514234034195
157;trans.alpha.carotene;938.1041236977813;470.8766194560287;338.6755317590539;1390.7131738478868
157;trans.beta.carotene;703.0635425050823;345.61354489313055;223.48957316314502;1035.6416063526128
158;C14.0;0.8701308176315412;0.10326104482492687;0.7683866693266956;1.069870839776354
158;C16.0;42.58257625989835;1.7642352219894943;40.1089619715862;45.58735611359553
158;C18.0;5.987319091069171;0.3521076072307045;5.2990361044854986;6.263939888325122
158;C18.1n7;1.2504140148047664;0.21915760584900185;1.015260777359151;1.6623056378991223
158;C18.1n9;39.70605304652734;1.7513678303526807;38.1697682563729;42.20476127472063
158;C18.2;9.693817998678668;0.4458721570613132;8.908405641795753;10.074393580659343
158;C18.3;0.25649808974808436;0.03300919374502678;0.22653466364663205;0.31054890891350473
158;C20.0;0.3935117759117566;0.04016661763690662;0.3160340038894076;0.4277678872258053
158;X13.cis.beta.carotene;27.219304524545837;15.341002815723433;18.068502714424287;57.984175199836024
158;X9.cis.beta.carotene;41.438438290625434;22.361936268512952;24.84634357846498;83.6459170201933
158;eau;25.052011696339136;0.33589205401978606;24.715079450765757;25.460654398928572
158;ratio.alpha.beta;0.7879645151654225;0.1881431835065987;0.6502533638049506;1.1295312157458435
158;ratio.alpha.natif;0.4217768465595754;0.05545523454456589;0.37635830790303276;0.5177084507428347
158;ratio.beta.natif;0.5818760078834726;0.05310519503850368;0.4940465655054364;0.6300878460122488
158;tlip.MS;82.87129696582879;0.9995063455894793;81.58251390879681;84.1046936097226
158;total.beta.carotene;479.86748595536574;201.55273528555216;303.2654898058873;874.3816167373033
158;total.carotene;780.8657702893911;481.68331125760756;336.85598929744896;1727.829802899929
158;total.trans.carotene.natif;705.7382308191603;398.62726717467064;317.6515933542067;1481.149847731829
158;trans.alpha.carotene;231.7512166840255;80.31756760963495;125.52277439165371;361.5374708779854
158;trans.beta.carotene;371.241160004535;167.03752512596103;236.5997911559047;694.8289191711807
159;C14.0;0.7111422144019804;0.15367670716337178;0.538761686579235;0.9413565580217335
159;C16.0;40.54075624983184;1.7574091337773334;38.50672081109597;43.43028197462617
159;C18.0;6.042961490201222;0.6014177185668068;5.418237941115358;7.0149535657966
159;C18.1n7;1.2660713767568008;0.2340973080609937;1.0773587154659878;1.6889241636826935
159;C18.1n9;41.15739123428996;2.8116219576212136;39.4048358368857;46.81965812431028
159;C18.2;9.339320840761756;0.3261413671208514;8.785592733121478;9.641642232304575
159;C18.3;0.25130436615775315;0.03316884015155741;0.1993905115059051;0.29574032364185543
159;C20.0;0.3943633100604503;0.03720338797768245;0.34604433279494146;0.43879861422694577
159;X13.cis.beta.carotene;21.89167818972989;5.824046267213525;14.709748806432284;30.718856868254882
159;X9.cis.beta.carotene;41.83270977058426;12.95982382900217;31.51624898758957;66.03385336495235
159;eau;25.80374653759117;1.5616556289083818;23.51763975594148;27.343445277398907
159;ratio.alpha.beta;0.7417502448306016;0.1910139016209056;0.598986882820513;1.116752855660437
159;ratio.alpha.natif;0.3980566217683766;0.05837250594955456;0.3576518927613403;0.5131396921919306
159;ratio.beta.natif;0.6025608557324843;0.05804749434996336;0.4882900202308074;0.6428156645902373
159;tlip.MS;83.85140019693675;0.6586950524942254;82.73997212763086;84.64462788717692
159;total.beta.carotene;374.1743141834606;74.11830116719288;271.07049664751054;471.24235864085216
159;total.carotene;617.1130438780154;190.33426239103315;374.8578648670211;808.1165801732853
159;total.trans.carotene.natif;536.9356517249397;146.19933021093382;347.4908469963063;696.4513885102916
159;trans.alpha.carotene;195.65749197436108;56.873651367719546;129.38563621309441;269.0052474437268
159;trans.beta.carotene;281.67320578959374;37.97712071798018;223.39393097193505;322.5713338484249
160;C14.0;0.9662246117986552;0.17715981688791219;0.7484304474532237;1.1692393316433582
160;C16.0;43.20005016150509;1.568472032658591;40.52666983535574;45.20688876317064
160;C18.0;5.845672133929121;0.7799521970558637;5.1285077759956;7.212891072706204
160;C18.1n7;1.1878235014392142;0.10838833450365516;1.0457595376705888;1.3650437087601432
160;C18.1n9;39.750000072809506;1.716230221952653;38.091591549310564;42.846514667766726
160;C18.2;9.356650970247172;0.7355251452334927;8.306817948107412;10.174427341391096
160;C18.3;0.2814202960848731;0.05563924422774075;0.2088190239973823;0.34550818005288064
160;C20.0;0.38606905996220703;0.023223671587833904;0.36081454215621106;0.42544762576237033
160;X13.cis.beta.carotene;43.93947381828943;18.672715284782278;21.18101694710712;72.03472072179262
160;X9.cis.beta.carotene;76.02327292937578;42.00801934051266;24.8258738180981;125.30767965321067
160;eau;28.24198467183832;4.270619266511393;23.983649836626185;32.899418772725205
160;ratio.alpha.beta;1.1219998332976686;0.2129918379278256;0.7553022456352646;1.3393284805043526
160;ratio.alpha.natif;0.48519815364577795;0.05689158495422855;0.39566364827495965;0.5464069040094247
160;ratio.beta.natif;0.5140378613727467;0.05429320184535428;0.4560595828229414;0.6039470515237025
160;tlip.MS;81.8165891995438;1.6023449982725375;79.44075873626868;83.93123593028338
160;total.beta.carotene;682.994423512156;260.14100378481834;310.27615190458744;1037.295575713189
160;total.carotene;992.7471291103687;558.498320290809;382.0409682635593;2017.072013988186
160;total.trans.carotene.natif;873.1246065170084;452.80448492927144;382.24310437243037;1695.0850956407442
160;trans.alpha.carotene;555.7290351183684;359.32381009414945;160.29339454317855;1056.8635012079
160;trans.beta.carotene;531.1760110209277;198.17989410914856;273.4409709765876;840.78188260251
161;C14.0;0.8925229290530585;0.14950741341230717;0.7098052531214886;1.1119493227276882
161;C16.0;41.1915174469153;1.6958631241783328;38.98844198658298;44.19018954222134
161;C18.0;5.591265283083672;0.5856856497497087;4.821102251407067;6.306346554402987
161;C18.1n7;1.2676838599038989;0.16901432961040713;1.0942704024497036;1.5981983661173593
161;C18.1n9;40.53427553235658;2.011456956169889;38.05646246271847;43.94896613717992
161;C18.2;9.078951867602905;0.5662941322950189;8.155875621081034;9.839575231518028
161;C18.3;0.2933319486355161;0.05883807093249409;0.23404430569892998;0.38735522845205933
161;C20.0;0.3693177663180294;0.016258409434252205;0.3414889316857274;0.3931397143584945
161;X13.cis.beta.carotene;26.88337100831972;8.648620365650938;18.84284859499106;41.17251289626668
161;X9.cis.beta.carotene;64.00408755190388;29.87283706782272;29.802550356160246;123.66063674547608
161;eau;36.7377987064553;4.553955109295737;31.275772998874473;42.89000221797472
161;ratio.alpha.beta;1.2623064532539785;0.22250931824696038;0.9850304701495903;1.6290520354453366
161;ratio.alpha.natif;0.5145113546024835;0.04828618401350458;0.45048720041554485;0.5837416206448719
161;ratio.beta.natif;0.48441945550325927;0.048347570975875255;0.4196774360670711;0.5467160912649071
161;tlip.MS;79.08655115123149;3.6179198380582855;73.83641331890122;83.04550468107962
161;total.beta.carotene;411.24185966448147;71.43528457239445;329.7553213241668;519.9868941010205
161;total.carotene;677.2184721006682;177.75535186187656;438.91614378285567;913.8616939538916
161;total.trans.carotene.natif;601.4756766295415;150.49858932161462;407.7405144930412;798.850739480284
161;trans.alpha.carotene;305.7483991682554;87.95101170782432;187.75261569736656;436.6686175544921
161;trans.beta.carotene;316.80460498502265;37.977085280948415;258.79898067742494;372.19185811904003
162;C14.0;0.5748531729294273;0.09491912785911538;0.4800305352848639;0.7380258375052778
162;C16.0;38.82985631678336;2.8262060574716212;34.059872303945106;41.912785640122955
162;C18.0;5.820055525339125;0.5251505974952909;5.457478540742298;6.786417281762611
162;C18.1n7;1.1467191093508868;0.06538220885672644;1.0408477364917708;1.2070323576761446
162;C18.1n9;41.523087174197265;0.8361592442935711;40.405792501731746;42.75159549624967
162;C18.2;9.197661971854389;0.45133811509041033;8.457989043709857;9.68259255326312
162;C18.3;0.2599844371024029;0.05103594461468899;0.18734104213672712;0.3311700414622462
162;C20.0;0.38815241935495925;0.01645762888384744;0.36152054578886655;0.40432123443056994
162;X13.cis.beta.carotene;35.268944448845915;20.494674302651326;15.183306596877683;69.69031458305223
162;X9.cis.beta.carotene;84.13938332803211;23.84301907438492;47.27154898908506;122.26519868475276
162;eau;24.934906013284387;0.9448905832416149;24.332801022653726;26.83022448871826
162;ratio.alpha.beta;1.1152448257781578;0.12433887025686179;0.9359740650552427;1.3111863379639246
162;ratio.alpha.natif;0.49760316290489204;0.024348803585862316;0.47332068168168634;0.5358344490182653
162;ratio.beta.natif;0.5026792908637318;0.027205727733361364;0.464038600176019;0.5307840535216264
162;tlip.MS;83.46200245347629;0.2877306921605929;83.02181830387242;83.80212449031904
162;total.beta.carotene;542.1894912400638;234.79108353850603;349.92466793577756;989.9750690332781
162;total.carotene;977.0481508595708;429.81193432520723;609.374883046548;1651.3926900528618
162;total.trans.carotene.natif;853.4461308408746;346.7735175268499;557.4315416139888;1384.377350567096
162;trans.alpha.carotene;523.3939311366881;308.2508510774572;280.3613952083681;955.394501217191
162;trans.beta.carotene;400.1981517365488;183.61130307753328;245.9210160124291;736.4587361330679
163;C14.0;1.0610940716366661;0.03069451360863912;1.026221803430039;1.1045512623945113
163;C16.0;44.756728274707974;0.5787554211436486;43.93870759008808;45.34169129329387
163;C18.0;5.837213142276627;0.39838567460111096;5.057091918300987;6.189898780376993
163;C18.1n7;1.50012701146919;0.09681102942842883;1.3353045874866494;1.5921029756259204
163;C18.1n9;38.74912865604279;1.0159416056559938;37.81176636757879;40.609689147917905
163;C18.2;9.105114813404825;0.29014790976606863;8.589579219252967;9.3957980246146
163;C18.3;0.27307085769571615;0.039709034318672114;0.24204892970313968;0.3516098888535834
163;C20.0;0.3902672818671275;0.013121396553058521;0.3699870248242012;0.4017525299736088
163;X13.cis.beta.carotene;20.558329466304205;2.8153964084912455;15.91259705587839;23.08384404778434
163;X9.cis.beta.carotene;29.548680832881022;3.941188210842619;24.922306516620644;35.85070849293376
163;eau;35.45080869949818;4.739996363174035;30.009538005093226;41.26000071691464
163;ratio.alpha.beta;1.118733928037045;0.0531946805579822;1.0620510866450457;1.1919017697724605
163;ratio.alpha.natif;0.4837511492928374;0.016086720285712626;0.4709064799472076;0.5146600705300792
163;ratio.beta.natif;0.510427667410207;0.022092109610397648;0.4790057045246219;0.5419818257280806
163;tlip.MS;81.63549227344818;2.9147497691687834;76.27680175612551;84.0175271501615
163;total.beta.carotene;277.3607891365197;49.988015217722136;215.74289553302415;352.9302269753108
163;total.carotene;355.2566727623919;44.1051824009408;310.02289402039474;431.5937904759321
163;total.trans.carotene.natif;309.4594665718621;22.916048755247374;283.8682393744642;347.75207069448976
163;trans.alpha.carotene;121.67667327422754;27.45827913241494;99.25324584124428;172.71643508363042
163;trans.beta.carotene;214.27491372627694;50.684662091750596;164.49132519339247;309.95708753903114
164;C14.0;0.7548182824846741;0.11991992073319778;0.6519620168337725;0.9812895976467949
164;C16.0;41.37924172123828;0.9871943668636177;40.67072694657266;43.23255737631787
164;C18.0;5.659508601584012;0.5439547140910359;5.0611221119086345;6.426207231264334
164;C18.1n7;1.47577181359089;0.19779466628504294;1.22649888582719;1.6837096749389802
164;C18.1n9;41.73291368347049;1.418527769235854;39.70184080518326;43.51207877950223
164;C18.2;9.633590049717652;0.6340428452913393;8.40937677953586;10.24785153262967
164;C18.3;0.31328783907853247;0.05159629783209801;0.2575442109680051;0.39434862074017607
164;C20.0;0.3593607621435126;0.025521143251512408;0.3231901323112531;0.38284632576497357
164;X13.cis.beta.carotene;29.63498896472447;11.086474263961783;17.442310411476903;43.945851956170856
164;X9.cis.beta.carotene;62.115401288484215;25.94679951320248;30.131813378160732;95.20714837533333
164;eau;34.183957427724316;3.748510937188731;30.912832281431395;38.58800085203991
164;ratio.alpha.beta;1.0634414555264302;0.3717033546535106;0.6052370036742303;1.5221879276236625
164;ratio.alpha.natif;0.4780239813299523;0.0867025223155738;0.37071091749320567;0.5686737815859021
164;ratio.beta.natif;0.522939362565077;0.08976707166903898;0.42830918863142936;0.6291655428285258
164;tlip.MS;82.47875730690039;1.4238272304232622;80.83661977506853;84.02276708239269
164;total.beta.carotene;640.3076694587909;267.08899400112216;262.38589562616164;907.4706447247805
164;total.carotene;898.3962177225194;465.5477429189586;377.8838543059066;1750.8508299819866
164;total.trans.carotene.natif;812.5608365921694;422.4703873727896;311.2568641570405;1572.4329711223045
164;trans.alpha.carotene;395.0274002647205;200.24402540516726;117.72827887536218;646.4651184079443
164;trans.beta.carotene;512.5947861839808;212.1169425894052;202.2957291964819;690.8908449626556
165;C14.0;0.9615458122748866;0.09973210659317552;0.8189373427169383;1.08578690722203
165;C16.0;41.4473265486402;1.5154188106672353;38.4236334086866;42.744578641197315
165;C18.0;4.938277853029106;0.19553134404795863;4.712823051759426;5.210950112700882
165;C18.1n7;1.3644477894404632;0.19665784778533552;1.0980361668257563;1.6138945634185893
165;C18.1n9;42.90728551448365;1.5316458704304705;40.79411894058316;45.11964430589236
165;C18.2;8.729160211130107;0.6803644410130476;8.024339047689967;10.000216224323617
165;C18.3;0.45891484557775347;0.035898086230515124;0.4062033051647463;0.5070383076883297
165;C20.0;0.3555725037877739;0.009455582940915454;0.34108890832160504;0.36651063395834443
165;X13.cis.beta.carotene;52.11425584335294;6.896222003834247;40.719304065907316;61.45718862005652
165;X9.cis.beta.carotene;153.31674193659907;20.08814243903777;125.68213234491213;183.6421103221318
165;eau;50.07571504193738;3.9124583376967945;44.599999928032524;54.72000163065189
165;ratio.alpha.beta;0.8326377314472115;0.2756344147923605;0.5829064613207066;1.2645941212407013
165;ratio.alpha.natif;0.4072670468402283;0.06695485003865195;0.34373183878072633;0.49421492043284265
165;ratio.beta.natif;0.5876535439927998;0.0674914933236037;0.5018796304036998;0.6464354254289217
165;tlip.MS;73.44618720678768;0.7857858642841185;71.9400685630626;74.31282223929794
165;total.beta.carotene;1260.0916513208808;130.37980373650385;1080.8192727493235;1417.1326316650352
165;total.carotene;2177.093311765711;288.9045384353132;1769.9433333254108;2528.0379427564335
165;total.trans.carotene.natif;1950.309885098714;222.00640276758767;1686.5595744980244;2230.3259849441097
165;trans.alpha.carotene;947.9844402842793;315.1738078423442;569.9563359816921;1447.428045766788
165;trans.beta.carotene;1086.0875707397972;143.47018946347964;874.6616521406424;1262.9182049824046
166;C14.0;0.8680802826525019;0.18490828747482918;0.6176394364857036;1.1399982105133166
166;C16.0;43.77093095065865;1.2960142617543864;41.37189492480913;44.95446341236438
166;C18.0;5.377754915834312;0.22280793859601394;5.04581715405238;5.6880150664099025
166;C18.1n7;1.3070272327113461;0.3085665066538444;0.9088375875168165;1.6064778152963768
166;C18.1n9;40.146366346643;1.50568251835945;38.08135824071598;42.57005180341573
166;C18.2;8.626411922602692;0.9292957638986575;7.500756375525831;9.78724501465324
166;C18.3;0.3409800590560521;0.058921257428117504;0.23602696719474472;0.40641190375534864
166;C20.0;0.3759709164015779;0.05077620751697225;0.31463488684185953;0.43245659022904065
166;X13.cis.beta.carotene;43.681290766054786;26.829009437663803;16.513995767635624;76.93525490728123
166;X9.cis.beta.carotene;97.75327480122901;49.09743422174434;38.74362769875997;156.42745649359412
166;eau;31.700178724296123;3.1409934986716457;26.881310166803587;35.69199993790426
166;ratio.alpha.beta;1.336655763062853;0.2524935331497086;0.9898616709408431;1.5723615927641332
166;ratio.alpha.natif;0.5314214393887462;0.0475413402893773;0.47161759961986993;0.5736574831646613
166;ratio.beta.natif;0.46553466219622397;0.05596839399579002;0.4148816696544536;0.5416841962776294
166;tlip.MS;83.3296245079545;0.8898291004348161;82.46093410891358;84.42982687613465
166;total.beta.carotene;683.706578727044;362.95350772991054;229.12496054517413;1086.9814119688253
166;total.carotene;1349.9087938678015;759.0736044940458;380.7336696096405;2178.1309419543018
166;total.trans.carotene.natif;1175.531448830332;628.718233515426;343.6668941453192;1784.9386518046451
166;trans.alpha.carotene;672.7908846613012;446.11283242036126;207.82643485452533;1352.0215888322682
166;trans.beta.carotene;534.2300491352446;286.93034444626727;163.70591093968062;861.5427551668924
167;C14.0;0.8122912096103511;0.13046397221768896;0.6340804232729046;0.9828067050632023
167;C16.0;41.184872651038354;1.4199317543406786;39.3697449930101;43.28825962674751
167;C18.0;5.5028152857937505;0.17821234263816263;5.288056592522063;5.767270196860993
167;C18.1n7;0.9513934993396352;0.05978717416158093;0.8987226426661467;1.0361293022189098
167;C18.1n9;41.78177012957902;2.110330804839033;38.553495609906;44.66591239340031
167;C18.2;8.811949398441845;0.46627941077912555;8.18659285630942;9.380031430474084
167;C18.3;0.3455655613319033;0.03982703233022605;0.2901916210447364;0.4102604907178631
167;C20.0;0.4155749037051417;0.010860116933350088;0.40471854211277647;0.4328408197825644
167;X13.cis.beta.carotene;38.40627393218845;15.792597225851978;16.414211829693045;62.48434658213056
167;X9.cis.beta.carotene;91.05013887627138;38.05559841851034;45.06720805944103;142.1145304206739
167;eau;32.918261656033174;4.141461918137743;27.978334201814178;38.650000217289
167;ratio.alpha.beta;1.212187560069628;0.24185505091400908;0.8377827179871027;1.4697943703242509
167;ratio.alpha.natif;0.5116827370265828;0.03591009200350288;0.4443716615546906;0.5452113368269705
167;ratio.beta.natif;0.4906529183024666;0.03583404095461016;0.45524119441286076;0.557934380337177
167;tlip.MS;81.72873417279295;2.128788769221665;77.86657977137801;83.88067638169022
167;total.beta.carotene;596.087071037442;311.9504634633794;242.45077686837604;995.2743516999326
167;total.carotene;1167.1714898967714;608.1242200519049;429.7347783927359;2070.7003415427675
167;total.trans.carotene.natif;1024.3308668272045;517.0397873323918;362.64066624728997;1834.8051507643866
167;trans.alpha.carotene;591.2998417663615;325.07567341568165;175.75696642381914;1116.452508203185
167;trans.beta.carotene;456.4510030731985;246.17059011009215;175.5690220961431;784.6844426242726
168;C14.0;0.791359459877053;0.1251722538910527;0.6332815087890237;0.935749370841227
168;C16.0;42.55608643558226;1.51030160687149;40.31556858250587;44.07276752742882
168;C18.0;5.662443253078822;0.5012694411389387;5.27616247488663;6.672462382303113
168;C18.1n7;1.2168177286297397;0.29183380927448643;0.9106272023613622;1.6312872973804613
168;C18.1n9;41.0531555127498;2.115985409486347;37.82414571492786;44.5728462270924
168;C18.2;9.025228423003135;0.9624571078049251;7.822052878365291;10.493233997869416
168;C18.3;0.27281417945243974;0.06575670287907968;0.176967465051113;0.34758936338058505
168;C20.0;0.39431037284243076;0.04878152377266681;0.31880830450413444;0.46104200562211445
168;X13.cis.beta.carotene;36.785125551115414;16.77368991751692;19.74894451792338;70.18269617839061
168;X9.cis.beta.carotene;85.83275343076537;34.871108530006154;35.954846207685634;122.562917424067
168;eau;25.210827275543796;2.5009889401423244;21.931221282182722;28.482501046232994
168;ratio.alpha.beta;1.2233047341960464;0.3275015058381126;0.6424524680901555;1.6216294546838559
168;ratio.alpha.natif;0.5106657178044715;0.07527422231475193;0.3682034844721322;0.5985401961553696
168;ratio.beta.natif;0.480072134055317;0.07834840415662764;0.3976821317147137;0.6316873700550909
168;tlip.MS;84.12211950416642;0.3199922023086334;83.72057623249351;84.61162436320393
168;total.beta.carotene;583.114208264233;208.48186912347526;289.87198118705413;860.4881551341495
168;total.carotene;990.9022378955644;559.54480365984;397.5708853832548;1857.6600108517332
168;total.trans.carotene.natif;900.7526575398285;504.22572834488784;362.8688128222272;1665.2974555897893
168;trans.alpha.carotene;546.2448244365129;292.3006777975955;171.0982566307178;952.7962086213051
168;trans.beta.carotene;448.1546313496825;173.32413867142716;203.1445134339884;660.5115491959391
169;C14.0;0.9031745557627563;0.0871838621618407;0.7344112413190382;1.0050179633728658
169;C16.0;41.317374092234104;0.40521711048644393;40.88155282197605;42.03966329820804
169;C18.0;5.337240358119942;0.6399549799174999;4.753806844055825;6.650879250519743
169;C18.1n7;1.4263286658923053;0.18090305181985128;1.1146035990114993;1.6838751097265063
169;C18.1n9;44.298551612879315;2.3236112978868135;41.70391686396023;47.551048483455546
169;C18.2;9.179953105884564;0.9223590105679689;7.852358388378495;10.177863491403759
169;C18.3;0.4102708692269558;0.08083861214822587;0.30604639002437467;0.507340349261941
169;C20.0;0.35654692194139864;0.01882771055104277;0.3250535145625124;0.38058011164683286
169;X13.cis.beta.carotene;38.13101069522188;13.700015443624553;22.239082120132302;56.208192243257095
169;X9.cis.beta.carotene;89.98511389383637;46.02913464172882;39.55414991207374;160.62060586834687
169;eau;48.0272514096198;11.982979563809652;36.85446683469387;66.4399978020244
169;ratio.alpha.beta;0.7270921221232234;0.13674734394455282;0.5687372972831585;0.9601696181422055
169;ratio.alpha.natif;0.3975096753534711;0.04763944112084825;0.32902355250069226;0.4653163564801656
169;ratio.beta.natif;0.6007964514761658;0.04778126697687393;0.5289400194108302;0.6719227806181288
169;tlip.MS;74.6110571253428;4.477180352553843;67.42978084545317;79.48214901588642
169;total.beta.carotene;900.8561075793657;310.2184177139543;549.2420265449502;1297.7935546679778
169;total.carotene;1375.1096538338004;610.6194291206044;799.2002965664733;2041.086247026261
169;total.trans.carotene.natif;1188.0818810751728;512.9775321366625;716.7224911721928;1749.6780080609935
169;trans.alpha.carotene;456.47397524104815;166.5254293673008;279.111414866422;661.3456418235297
169;trans.beta.carotene;762.9667560933048;276.289227382475;454.9775508140452;1118.248425887514
170;C14.0;0.7317556345642652;0.12573090091907624;0.585634304893923;0.9325589815603668
170;C16.0;39.91687460924861;1.6480736735533272;37.895319828656;42.8261475826666
170;C18.0;5.593576410465981;0.27521460661838154;5.235631669742586;5.865040462576955
170;C18.1n7;1.0886042636402384;0.17375822306594516;0.8910863190285554;1.4042071796215274
170;C18.1n9;42.06168589422439;2.25099911600679;39.63050422441815;45.100637805613204
170;C18.2;8.545449164439107;0.6788636830587996;7.895079616435996;9.769468849503875
170;C18.3;0.3449874243566782;0.043126569365680364;0.28160181653298066;0.3982939878508758
170;C20.0;0.41464361653412785;0.026097753946483487;0.36507576146116333;0.4428477881878577
170;X13.cis.beta.carotene;50.15183712991995;20.940500348581832;26.008455087829756;75.68496864719651
170;X9.cis.beta.carotene;123.4209858481906;29.413042159964483;89.46646262810435;160.92928517367395
170;eau;34.30622716652502;5.545579738245897;29.566501879899505;42.7399974430314
170;ratio.alpha.beta;1.1808715675761916;0.29775716762533067;0.7871114505446598;1.613770107911888
170;ratio.alpha.natif;0.48129960483076895;0.08705896294935155;0.37120014494413023;0.5887761129122893
170;ratio.beta.natif;0.5167956912682631;0.09461765021457365;0.3841161670584524;0.630323089855404
170;tlip.MS;80.43303575076021;4.260178485282861;72.55206628728982;83.16787222877572
170;total.beta.carotene;737.3249991380204;336.72331568168084;418.6216326274184;1206.661913004212
170;total.carotene;1383.8899050255916;513.6425637501601;909.6454291517545;2050.1080408549237
170;total.trans.carotene.natif;1255.3074278566844;495.0781288967812;778.0313765750199;1849.216408635685
170;trans.alpha.carotene;845.9214267716255;339.99676203298213;438.6415252873435;1220.521806327539
170;trans.beta.carotene;588.2976709692826;299.88632554173415;272.0141873539645;1004.34512657409
171;C14.0;0.7217582590865897;0.07884124072867785;0.6248310043133182;0.8237259515420925
171;C16.0;40.514655004453225;0.7354001922647695;39.69666198974362;41.69783519296615
171;C18.0;5.352719571995375;0.1932566304072531;5.033083534264254;5.534718525049213
171;C18.1n7;1.1769594498732519;0.11586123577495619;1.057658590958382;1.400776299524
171;C18.1n9;40.21305388285743;2.0231215182886975;38.351981992458875;43.70807834549018
171;C18.2;10.009569693116932;0.42998945918515735;9.450493331141645;10.65910278617869
171;C18.3;0.24497526462035313;0.03809892239107905;0.1819951679326057;0.28019631934173683
171;C20.0;0.39765356301003424;0.024568005355558368;0.3681371559389109;0.42605710568058563
171;X13.cis.beta.carotene;16.37082460445937;2.702186148861273;13.848154698382517;20.700741093187176
171;X9.cis.beta.carotene;28.836751519807304;5.929887983355255;21.965364752755942;37.07814330651304
171;eau;29.383973689405167;2.0824821879272215;25.389998596483665;31.29000115964612
171;ratio.alpha.beta;0.8788314695137363;0.17305842621698514;0.5918425958428214;1.068820019100754
171;ratio.alpha.natif;0.44793426103988687;0.043167740709796974;0.3717165044876947;0.4962344835444959
171;ratio.beta.natif;0.5574322430237159;0.04056640493987573;0.5130075055101638;0.629426972299632
171;tlip.MS;82.94698847083016;0.8804949179668096;82.05235786324093;83.84168780767273
171;total.beta.carotene;284.4658931341732;94.50756141033891;163.57731954796208;382.0161081813497
171;total.carotene;536.9835177321338;211.54661234868718;315.7670479962551;815.526888433324
171;total.trans.carotene.natif;494.5527221590839;192.61018978136556;296.415166061938;746.6821591107268
171;trans.alpha.carotene;170.54011745726135;79.72088354420919;72.97711164876961;291.2954011418549
171;trans.beta.carotene;236.8451762046639;73.94841349528886;131.49068934340983;326.0015649621201
172;C14.0;0.7680164272250143;0.05447178082630817;0.6842976495343336;0.8256613684404406
172;C16.0;40.58341707424804;1.3942538939415074;39.16293096341637;42.494810358259826
172;C18.0;5.297462609674615;0.19199763288307548;5.0679109339196815;5.517482862299554
172;C18.1n7;1.3182998447258774;0.2248587407116282;1.1087967886587633;1.6827881374175058
172;C18.1n9;39.844712804655764;1.6919285029214381;37.980832830071755;42.031546573579845
172;C18.2;10.005690090955023;0.703880112812751;9.136134867833226;10.869480412022396
172;C18.3;0.2877599200234096;0.03780380739237407;0.24537746373551733;0.3415856859093699
172;C20.0;0.3684602401742218;0.03958534899649717;0.33191078661647855;0.4254709905397822
172;X13.cis.beta.carotene;17.142201711334895;2.768762010929804;13.932286895854473;21.573263910395344
172;X9.cis.beta.carotene;30.407912866116174;4.126840417967448;27.23298983133982;37.97688694188925
172;eau;33.75699302387312;4.409375986328251;30.63393940586465;42.1299995660671
172;ratio.alpha.beta;0.9692259078437964;0.25207616906932634;0.5847731682585462;1.3572799835252187
172;ratio.alpha.natif;0.46218528672608367;0.05840415221175622;0.36376013052637635;0.543849795742212
172;ratio.beta.natif;0.5327775402791924;0.06403372560520265;0.4356060972142485;0.6368809352122339
172;tlip.MS;82.18989546166732;2.8736758148661297;76.40397302711733;83.97794141591578
172;total.beta.carotene;253.22055175440198;69.64323424749205;185.29542574704323;346.95068715844087
172;total.carotene;494.13492939341785;166.45396187448162;364.08311942471585;755.2471102611512
172;total.trans.carotene.natif;460.3305817455151;177.9961662650779;324.5582357495437;726.6666144192862
172;trans.alpha.carotene;211.73369286142392;82.8715615867672;137.57707652236834;316.03326971211567
172;trans.beta.carotene;209.25676727642565;42.780551878075514;159.89134489339162;253.40199320587587
173;C14.0;0.7269606477418739;0.06577097313337389;0.6476516311490628;0.8241085216054062
173;C16.0;41.63718674320803;0.6819958965575088;40.89611526043448;42.41685940948589
173;C18.0;5.141648393794984;0.2907905690685837;4.814061599310685;5.413584710134983
173;C18.1n7;1.487284615087072;0.2722138731314204;1.1967851698786056;1.7805858774177707
173;C18.1n9;41.89514807176788;1.6615738094621495;40.16004575564603;44.261425634544764
173;C18.2;10.169240776255274;0.6918380584864808;9.32985793319161;10.7242014481919
173;C18.3;0.19557907144707504;0.0320382087883725;0.16215844134096494;0.23128001928142516
173;C20.0;0.37020270756075224;0.047665993500234066;0.31764489964073955;0.42261277076585474
173;X13.cis.beta.carotene;14.572163623910777;1.3506651339413867;12.986256642127582;16.551229364936503
173;X9.cis.beta.carotene;24.67419160468304;4.250336185285094;21.83166182859697;32.01571530221256
173;eau;25.44963474372564;2.0426295026191243;22.647495962723564;28.238427519624388
173;ratio.alpha.beta;0.7995696026048051;0.15853679298336829;0.6558929715470475;1.0305684507240869
173;ratio.alpha.natif;0.42606316214654816;0.04135917666451332;0.3846403563010029;0.4736984105512933
173;ratio.beta.natif;0.5763478499994283;0.047041904864990734;0.5218791356356379;0.6274545048572607
173;tlip.MS;84.15816125700778;0.6471737346310126;83.29958280443961;85.12075836212445
173;total.beta.carotene;235.10092459577555;37.75371309740428;187.35339511020916;274.00654591023493
173;total.carotene;334.8796598918403;40.80392282842985;299.26902102199665;403.43909133545475
173;total.trans.carotene.natif;302.22238065639647;53.03738100338423;247.0831383493833;385.07872310376945
173;trans.alpha.carotene;120.95574410200409;43.64744656978515;92.17008133265699;197.79144114743212
173;trans.beta.carotene;182.19158015054558;27.072231907480756;150.2807416160735;217.03710785490205
174;C14.0;1.017910199670114;0.06498037267347387;0.9326599782926476;1.093599143971258
174;C16.0;42.29180510993476;1.4293634626257103;40.9571882942444;44.55191607139876
174;C18.0;5.212785059922168;0.27491465335144205;4.962442214022039;5.725096819746116
174;C18.1n7;1.2869905072103702;0.10113592964619743;1.186487232222122;1.4539487863106957
174;C18.1n9;41.78783739494772;2.8125188816550675;37.44965580763714;44.68499802324882
174;C18.2;9.27125755990945;1.2199109662457353;7.326222609799256;10.467396371571013
174;C18.3;0.32628415519050225;0.029510810649187064;0.2808005126567654;0.36438343882904795
174;C20.0;0.3707581904677091;0.016495502101625734;0.3412101761990287;0.38640617379190695
174;X13.cis.beta.carotene;31.90886768198763;13.943390826001018;16.97780872770696;53.63204518257928
174;X9.cis.beta.carotene;76.688621958471;51.01714598870474;32.04973582548231;152.4931877493236
174;eau;39.57721634148365;1.985955383247336;37.10623380699666;42.050001581073495
174;ratio.alpha.beta;0.8042346299443843;0.22771553893912136;0.5739343427787192;1.2114039932020926
174;ratio.alpha.natif;0.42058366258063407;0.05972995560301758;0.3602613734660645;0.5187064035403407
174;ratio.beta.natif;0.5773900190466754;0.06103253082068758;0.47610098435483755;0.6391418245425677
174;tlip.MS;75.64412574103888;1.619486497789021;73.16551782850911;77.97559706354795
174;total.beta.carotene;616.2179519615838;302.5570046668828;312.8311168319125;982.8515495586679
174;total.carotene;951.7618427021081;579.9151173507471;428.53486677260736;2005.3945067784819
174;total.trans.carotene.natif;826.1599230889161;489.5633616509852;373.3182641743381;1696.3367209941894
174;trans.alpha.carotene;337.6991363593027;186.35841140749946;142.92151623968041;562.17092025398
174;trans.beta.carotene;515.4782816245238;238.57055704656992;256.9109517908059;781.0420663556018
175;C14.0;0.7451198979895488;0.18938759269751804;0.5908941999631487;1.0458197528022053
175;C16.0;39.08394190057289;1.269762105471994;37.752745199959584;40.55150551829088
175;C18.0;5.114701882142308;0.2653430344160588;4.732840690068751;5.406872205626387
175;C18.1n7;1.3803701301936573;0.20230448406755894;1.187554142366948;1.7136621081570025
175;C18.1n9;42.51164718885842;4.603450703931093;38.28906257901661;49.90236388253723
175;C18.2;9.783746798235267;1.005408490830093;8.138189175692444;10.596209704481543
175;C18.3;0.32691999029086294;0.057162404304199305;0.2502166248795321;0.4081653887732592
175;C20.0;0.3785160635428849;0.03904485648212129;0.32059548633391033;0.4109840702548102
175;X13.cis.beta.carotene;29.7415170487151;11.329794137137437;17.468473084747806;45.718408868764065
175;X9.cis.beta.carotene;72.64684344987626;39.07728544729064;33.309720655328945;116.81807952744389
175;eau;37.87363540528764;5.7896337400230635;32.48193931777705;46.500004414284334
175;ratio.alpha.beta;0.8945878847211098;0.3655217943070978;0.6116583676672135;1.3033349692733225
175;ratio.alpha.natif;0.442099611688613;0.09661652771041494;0.3667562048236256;0.5488347077970871
175;ratio.beta.natif;0.550822645268213;0.10176459099637919;0.43644174097192795;0.6351976136032103
175;tlip.MS;79.32871163481221;4.202440017849001;73.23458977946733;82.42418680374445
175;total.beta.carotene;584.8873542400966;307.40009045072696;302.8392251574969;1017.0599104415576
175;total.carotene;942.123902346873;629.9851282181903;424.2603540431509;1941.899757179047
175;total.trans.carotene.natif;842.2622768392099;551.6936092592558;387.6891610797861;1730.7123552281305
175;trans.alpha.carotene;349.02539119967696;240.0442896076523;138.9994828664707;641.4476331911993
175;trans.beta.carotene;473.38677668278854;246.51933354134715;243.98263420438704;773.5809042389794
176;C14.0;0.7308747584736003;0.21307470039337573;0.38614239591599;0.8992460214170953
176;C16.0;38.20786210324513;3.152756353078847;33.58165745735815;41.15349028106438
176;C18.0;5.077224625985189;0.1658560693471528;4.748280820451455;5.200219897341224
176;C18.1n7;0.9741996125005673;0.08597886900029368;0.8667901576397266;1.0928073996955916
176;C18.1n9;43.53088794339831;2.6575452040462277;39.301408041346264;47.12136355275396
176;C18.2;8.32901568233565;0.5944566134213932;7.829618643335706;9.39102247965465
176;C18.3;0.38834044386783545;0.027796570141864343;0.34690335409723305;0.4228470946572955
176;C20.0;0.39784688799213724;0.016122903758331617;0.3721370680846812;0.4190239537753177
176;X13.cis.beta.carotene;57.506293963193194;20.099225526896497;28.800447519221738;82.78367245848173
176;X9.cis.beta.carotene;141.03735475402559;19.059648620420575;112.83713688862552;158.752128977481
176;eau;39.84747166304259;3.116577528040422;34.249125144476615;42.409996907196756
176;ratio.alpha.beta;1.164232335034735;0.20218298866525133;0.8412240153674061;1.4258977653420266
176;ratio.alpha.natif;0.4804051727977863;0.04936445257796605;0.38580527975539675;0.5269377961797325
176;ratio.beta.natif;0.5192401659567948;0.053546277889982105;0.46563323082814817;0.6214452778191092
176;tlip.MS;75.64109286301527;2.026674892509929;73.96124951669523;79.44934160342957
176;total.beta.carotene;1068.5710228033379;207.7117709499571;776.7180133776709;1243.8937047032246
176;total.carotene;1879.3498108579242;437.10990621591276;1099.739925004413;2286.002375095586
176;total.trans.carotene.natif;1594.4698430804856;302.625112416614;1067.1473857458475;1840.9112325516485
176;trans.alpha.carotene;882.8542430949327;241.5836720044006;572.4618522850175;1237.4492727215804
176;trans.beta.carotene;852.8501998046103;175.9649578633431;579.4720203919267;1026.9797720366003
177;C14.0;0.7790114217701415;0.06417660194399501;0.6954523595351162;0.8472465935901653
177;C16.0;40.85186667856683;1.5107211468397685;38.626030313287345;42.47310679310945
177;C18.0;5.25147319925603;0.09880827973389619;5.119796820941197;5.396822443831934
177;C18.1n7;1.4083926079243512;0.2839181407087881;1.075887460862246;1.7881929335340396
177;C18.1n9;40.783869960226745;1.0048827921235552;39.13271148416131;42.03877392082755
177;C18.2;8.079447022791095;0.5579927617575834;7.447310224200318;8.983388879691127
177;C18.3;0.3915134833097651;0.029148440451991574;0.36042108804822753;0.438198958617086
177;C20.0;0.34657248490164555;0.02279913517547561;0.31380818414250955;0.3740387940604867
177;X13.cis.beta.carotene;60.51072161456229;22.73343362555037;32.23895584932774;89.2633804105843
177;X9.cis.beta.carotene;138.24125530906528;27.498324412345326;102.5295304246309;174.38000677777484
177;eau;37.742888399696184;6.42882966044729;31.242335003831737;46.310000666362924
177;ratio.alpha.beta;1.1218953892915027;0.2543206750020326;0.8371847220188954;1.5684862005125246
177;ratio.alpha.natif;0.4786857746713673;0.06538832127961058;0.41418190564027163;0.5927621689093119
177;ratio.beta.natif;0.5202160482258427;0.0690147338312215;0.40949762046244786;0.5948686402036566
177;tlip.MS;77.76189379446653;4.458343370072728;73.23551647771359;82.94458229750282
177;total.beta.carotene;1090.961778692537;214.25407207126307;856.8825098292438;1360.3857318253877
177;total.carotene;2001.2778455810894;491.2089854495705;1180.8108222403196;2420.867622470477
177;total.trans.carotene.natif;1721.1954492083332;354.01453306989134;1113.0148857858837;2023.7260024076584
177;trans.alpha.carotene;1100.104064843682;246.02093531202624;672.3762593848186;1401.769942169953
177;trans.beta.carotene;899.5535413316793;159.92096692426927;708.8644299100977;1103.8739446558834
178;C14.0;0.8570954895871029;0.05736340957733837;0.7878324528350524;0.9361270229829108
178;C16.0;39.81053375636901;1.017403951011156;38.677019854490176;41.56603739064502
178;C18.0;4.729200587238841;0.19883079208601942;4.596097497414451;5.119597923588863
178;C18.1n7;1.5703442209577514;0.16408616008014412;1.372024783028602;1.7793013947056797
178;C18.1n9;43.20146388973263;2.4913466962469757;41.222667024912276;46.53019611814232
178;C18.2;9.744547766923658;1.1549136690143216;8.052146172937888;10.856216267159757
178;C18.3;0.46656918335831005;0.024142472663645;0.44297397059108695;0.49749554716637995
178;C20.0;0.34578553965492076;0.021299884681501364;0.3198834453260506;0.36991272557006355
178;X13.cis.beta.carotene;48.139252397561584;11.63540566185587;37.98666185291928;65.61292177363663
178;X9.cis.beta.carotene;84.15642844142873;33.826060001508104;48.352276283821055;133.0434056733772
178;eau;61.51833515686149;2.079321791600702;59.070000993867005;64.3900029864473
178;ratio.alpha.beta;0.802491275569012;0.23806177612130436;0.577265869534878;1.1912762797263319
178;ratio.alpha.natif;0.40793600826825976;0.049273606492571335;0.3505371890595547;0.4693165801604704
178;ratio.beta.natif;0.5943123040293092;0.056491405787670645;0.5219430401891308;0.6553726073254929
178;tlip.MS;71.81005394400569;0.5074899682940904;71.05799849592307;72.34000281606122
178;total.beta.carotene;1114.7435277447566;195.19749172912563;876.7805410338708;1382.0334537962544
178;total.carotene;1602.5118503035737;593.1402094580761;994.8579689421521;2285.213834966813
178;total.trans.carotene.natif;1461.5453436617497;535.3988425735902;886.0160381556885;2023.1501977653038
178;trans.alpha.carotene;605.0659469138669;101.3597073980723;417.1340181395719;689.0768956673866
178;trans.beta.carotene;1004.4596320814193;176.16106247872605;832.8149508101559;1267.4234886026356
179;C14.0;0.853493027930278;0.03908432494572609;0.7921126679079393;0.9034653601681302
179;C16.0;40.70427309132189;1.2137563620022296;39.11149674973428;42.359642219165146
179;C18.0;5.093474636355569;0.48096897637158653;4.763782758865104;6.047133886185119
179;C18.1n7;1.2927859228750869;0.1480264675288736;1.1027131746785892;1.4482562433422874
179;C18.1n9;42.92555327009623;2.0118578063182944;40.61867080408814;45.43218350114198
179;C18.2;9.195672786089917;1.0282976964971742;7.7469618813181045;10.550746537678688
179;C18.3;0.3983555122794311;0.05371721203659689;0.3076619898707019;0.4661738440369265
179;C20.0;0.3448469669148239;0.015180627828401797;0.3218770707543854;0.3598202043335595
179;X13.cis.beta.carotene;35.268257197071684;10.529308983031127;23.080287707497043;47.04211506962893
179;X9.cis.beta.carotene;90.90655823511467;50.95995365557737;37.780449682689856;146.39436528817726
179;eau;54.613332153208006;3.337643578574436;51.23000060627458;60.71999844928729
179;ratio.alpha.beta;0.9729429162777934;0.27061383183940707;0.7045254834445237;1.3564304955641222
179;ratio.alpha.natif;0.4495026874923169;0.05284874743575833;0.37846310708289616;0.5053505357143114
179;ratio.beta.natif;0.5553336309675436;0.05305141365045348;0.5005090265945707;0.6214907611652161
179;tlip.MS;72.34578440545454;0.5735932003235171;71.73722153476177;73.21480028583042
179;total.beta.carotene;844.1214530736817;324.29612576092165;503.7647435814355;1353.7135643355855
179;total.carotene;1186.1584840456896;629.8280594219244;598.9363103368468;2213.1197142739616
179;total.trans.carotene.natif;1129.6762412536202;590.6906302347065;593.8901650887202;2053.2809629607636
179;trans.alpha.carotene;604.8875635995565;386.83655005658704;197.68822757026538;1106.8754167003933
179;trans.beta.carotene;730.191071961379;285.7364867680171;455.4014549850766;1168.438322466287
180;C14.0;0.7025859848759629;0.08722211992197912;0.5964160934484329;0.8031268396944329
180;C16.0;39.59536184225373;1.4573060002072185;37.887102809837174;42.043412856292036
180;C18.0;5.199551253317918;0.2237407859543378;4.904770177784678;5.423796536617866
180;C18.1n7;1.2133158141435543;0.171147598539384;1.0042741275862064;1.52854809595418
180;C18.1n9;42.34182252938285;1.078824496740271;40.758651055828736;43.746936992589475
180;C18.2;8.06593398312816;0.6822629510119724;7.3289292014309;9.155097931943933
180;C18.3;0.36053299508848347;0.05386655158826615;0.29826583425214137;0.44479308701075865
180;C20.0;0.3652667394436382;0.019815459116951366;0.34248438082734445;0.38991938102331297
180;X13.cis.beta.carotene;50.77853920771355;22.64314329549359;17.915138980395486;76.93674301356134
180;X9.cis.beta.carotene;116.42449073738162;32.30744704253451;59.33452035604153;154.03765798069753
180;eau;37.24730296183417;5.213542091000351;31.7840014326358;45.95000115712819
180;ratio.alpha.beta;1.345804170638287;0.11881144172070324;1.1851424588537893;1.5080372620315308
180;ratio.alpha.natif;0.5507873630752425;0.027415292347771167;0.5083622414235546;0.5879384470469443
180;ratio.beta.natif;0.4495335032107715;0.03205127017391379;0.41472891844689175;0.501726176589873
180;tlip.MS;78.86502721207661;3.8233408301550194;72.2935695456883;82.63342387471693
180;total.beta.carotene;855.7345922363702;300.9158985781005;362.29658336005144;1128.312584205103
180;total.carotene;1787.082243408637;703.0733323776404;812.2457740122346;2429.096766042687
180;total.trans.carotene.natif;1576.7828819600027;600.3602220588625;767.4497126380261;2167.3372823357236
180;trans.alpha.carotene;829.3781869716366;382.78555039807486;413.00347517783774;1353.3904864437789
180;trans.beta.carotene;708.4255533393363;270.64298351818377;300.7904018771207;992.7756876412448
181;C14.0;0.657766192241139;0.05141973980839117;0.5979652858139466;0.7279528732476487
181;C16.0;39.561138432379245;0.8938082276753868;38.54662875321664;40.72077518111776
181;C18.0;5.4474469006528485;0.20701070389633483;5.200727098270565;5.764070481920056
181;C18.1n7;1.3348293604310033;0.16737600837396016;1.1272859534526432;1.5766563131656994
181;C18.1n9;44.499446105740184;1.619369397700202;41.734207890006395;46.19798519468771
181;C18.2;9.080731241218787;0.365237447513029;8.60151760201521;9.612232000302038
181;C18.3;0.26177117328077354;0.03286748244518916;0.21097067164014707;0.30326373105245463
181;C20.0;0.3935925407775556;0.03814830602390275;0.337237854507288;0.4343851176195572
181;X13.cis.beta.carotene;30.42835594963664;10.241983120254888;20.493503561914196;47.0951418155521
181;X9.cis.beta.carotene;67.52352443385537;31.521034445431273;40.949187061977184;120.48197300503443
181;eau;26.883653978683416;3.5864820537883486;23.3954884694716;32.177272225811286
181;ratio.alpha.beta;1.1489720353179207;0.25800535730983526;0.8552086492879212;1.4704119298627225
181;ratio.alpha.natif;0.5027214173501763;0.05485001494990287;0.4410565176517909;0.5724055379323844
181;ratio.beta.natif;0.4953449848300653;0.06543169043251928;0.41433102605200434;0.5689521608134098
181;tlip.MS;83.27047337835329;1.4068020156793821;80.68711500597735;84.35889530516612
181;total.beta.carotene;409.2556318525055;138.65535558320533;283.62841380710984;660.7529951326883
181;total.carotene;622.9967660718138;256.7221304315156;389.7462597270769;952.0993807715981
181;total.trans.carotene.natif;517.9679304727707;200.7911591531162;319.40854007192587;757.6111278793267
181;trans.alpha.carotene;273.4383527731573;128.63595955646;134.0295834448955;476.4563683642724
181;trans.beta.carotene;302.63637653293404;102.23360628418179;211.26290377618835;502.53992317213465
182;C14.0;0.9340747135295171;0.1451604622842221;0.7198118720316841;1.1246905546222907
182;C16.0;43.43812132402115;1.301520255153266;41.61391217100504;45.50155918725407
182;C18.0;5.421175818639292;0.2516560114619542;5.01110450885355;5.6759287702575785
182;C18.1n7;1.4485322942708665;0.2303807883825945;1.1435405300994796;1.7718323724079184
182;C18.1n9;41.176139644145714;1.3782037106178446;38.93852416637818;42.503641036242755
182;C18.2;8.530830953490367;0.495774681435363;7.988544502928814;9.34604655367971
182;C18.3;0.3653781309921483;0.03862231995185782;0.3060635402365113;0.4129146132243908
182;C20.0;0.35124647658136227;0.0306999004626353;0.3138525960885812;0.3916786954682383
182;X13.cis.beta.carotene;71.54213800308973;25.823521377533268;40.06074946303518;105.07869161128428
182;X9.cis.beta.carotene;143.106728026914;27.35282070376343;111.09896988697605;182.11029639375028
182;eau;33.09972460941117;4.431796221297123;26.0926677900283;38.41177578451371
182;ratio.alpha.beta;1.1127724229840037;0.19150019627064843;0.8310225475906999;1.3632647110719134
182;ratio.alpha.natif;0.48437995134022627;0.04564414498638405;0.425357223128498;0.5580413142946317
182;ratio.beta.natif;0.5125678256974486;0.042435463656490105;0.4517088558202967;0.5729511565304722
182;tlip.MS;79.01989295608949;3.082810029518313;75.73113318018324;83.82574543066258
182;total.beta.carotene;1071.9484041932328;217.81779551772766;782.7587574748313;1345.0726673909737
182;total.carotene;1958.0118436226855;399.8153622613587;1366.3978209293907;2402.5047979081496
182;total.trans.carotene.natif;1728.646017802327;357.61807849862197;1257.1059078195347;2230.482896947303
182;trans.alpha.carotene;988.6536126969949;309.26042125807055;470.32036414954496;1252.6968314032426
182;trans.beta.carotene;863.8493479781628;206.86246011017082;545.5419903965109;1092.8325745206603
183;C14.0;0.7319547772810308;0.13966231949941574;0.5684190270510997;0.9587858899556795
183;C16.0;40.48922839697426;0.9445596410156035;39.5382673176244;42.2511079721638
183;C18.0;5.3520963176076775;0.24409218632050786;5.02231347911805;5.604695011160849
183;C18.1n7;1.4105281170487973;0.23510118645357023;1.1179440102378444;1.6749364652961425
183;C18.1n9;43.497463398236306;2.7492196244682283;40.400333056132084;48.17997316338746
183;C18.2;8.237545990666503;0.6949440851999505;7.429406756684158;9.351608905269014
183;C18.3;0.39833956637559714;0.06914724011766069;0.30933097594447045;0.4843186100572661
183;C20.0;0.36206803971717133;0.028441820144772173;0.3308847087883682;0.4014627768741939
183;X13.cis.beta.carotene;92.47945381998632;34.4158441619153;41.85587262262716;129.32469381807636
183;X9.cis.beta.carotene;146.07477488726752;40.40474289325329;82.96804785494515;197.13993895080307
183;eau;38.120123523806484;9.65009876513022;26.97388187128724;51.890000888003435
183;ratio.alpha.beta;1.305969067930515;0.14698890967174805;1.0870958883057582;1.4844044695918712
183;ratio.alpha.natif;0.5255637114373696;0.0265963207438642;0.4937276528951031;0.5645896935869584
183;ratio.beta.natif;0.4723195158229168;0.024079258187890067;0.44683264510689047;0.5030289209639335
183;tlip.MS;80.26337549712785;3.4607585481946272;76.87540224646582;83.81378962443291
183;total.beta.carotene;1204.4534247786912;270.1997718249089;756.8518885787921;1426.483596314589
183;total.carotene;2120.8853690842548;558.9669102275562;1061.5972399092734;2589.9910219919766
183;total.trans.carotene.natif;1886.450268506357;503.9561564474451;950.3372133991065;2354.229835886992
183;trans.alpha.carotene;1092.871815723396;340.14587467157844;492.6768654147805;1405.3027783517368
183;trans.beta.carotene;952.6708986867634;233.69661958774964;593.5003833002169;1212.6254008062374
184;C14.0;0.846231207362076;0.04373960584093141;0.7716286284681426;0.8927859105111756
184;C16.0;40.34202684493237;1.7483107940666573;36.984043551793704;42.06501255682553
184;C18.0;5.918435332604659;0.5456088146412785;4.955465461451206;6.59619968228751
184;C18.1n7;1.5503540159492974;0.04132794339176352;1.5118790694208324;1.618777720728975
184;C18.1n9;42.46210628639382;1.70962376378743;40.166036901211726;45.192629106474385
184;C18.2;9.630866589336987;0.38210855554867934;9.199557217402129;10.120517779303494
184;C18.3;0.38783673431440785;0.04410601319893677;0.33221263719290073;0.4398107046170256
184;C20.0;0.36989520052873986;0.022550112110868534;0.34260823779804084;0.39427772157171437
184;X13.cis.beta.carotene;34.26097624140198;9.04924439265133;27.565714681994887;51.289498262127346
184;X9.cis.beta.carotene;37.59358619152327;9.00933041947724;28.52350798015063;53.207977481557634
184;eau;57.069999678222324;4.883580779760649;50.000000962905;63.60000144231899
184;ratio.alpha.beta;0.5757743732571529;0.02187775782285226;0.5470938411737958;0.5961715254311671
184;ratio.alpha.natif;0.35050415924403966;0.011059795667001705;0.33356548899977023;0.36223990090428354
184;ratio.beta.natif;0.6515836240294989;0.009328919119206617;0.6386793338350966;0.6614501705259178
184;tlip.MS;72.81569771388966;1.1421566180144966;70.9510554611362;74.16263754865138
184;total.beta.carotene;522.5145194877383;150.56833934535092;384.0790927732236;774.2207048838361
184;total.carotene;584.0144453089796;249.39486953623498;398.4763945714057;964.9821113843777
184;total.trans.carotene.natif;546.0718939976676;220.94744650920512;382.4553217425054;877.9153521044527
184;trans.alpha.carotene;213.47874382026058;87.50484669121349;148.975098139746;331.4100392616518
184;trans.beta.carotene;436.3041640658932;112.55987042026065;331.4821718229082;621.9086902414261
185;C14.0;0.7432514795402337;0.08467192101166494;0.591817864957936;0.849852475897331
185;C16.0;39.81699536994505;2.293386273627981;36.68715986162318;42.89897686286778
185;C18.0;6.090997571238849;0.374658744253298;5.771628022247503;6.695617285559238
185;C18.1n7;1.3110229244739806;0.19029044567355868;1.080330697640524;1.5423971893447648
185;C18.1n9;42.50308610020524;2.297246096615782;40.42674829190869;46.14774975687471
185;C18.2;9.710577321607788;0.4435843165394672;9.254847519098533;10.218848962453233
185;C18.3;0.1949797226708546;0.03707805218833709;0.15735533548178732;0.243350122985118
185;C20.0;0.3729498763750924;0.054909076331737666;0.31102549331295387;0.4292797833626764
185;X13.cis.beta.carotene;19.249379508821903;1.921369681904605;16.61390376797065;21.95054276163529
185;X9.cis.beta.carotene;33.54715597856379;10.124958504736334;20.85499033008949;46.81144733961553
185;eau;22.501747670760242;1.3447773440806134;20.54899921178398;24.259999394410034
185;ratio.alpha.beta;0.9791372782062778;0.26146290334821765;0.5961847021312746;1.2197673952523052
185;ratio.alpha.natif;0.4521838060509861;0.0601113445537705;0.36945093707578686;0.5099187411020043
185;ratio.beta.natif;0.5439064581116821;0.06671901845838159;0.47578409021188806;0.6294879254136515
185;tlip.MS;84.04784951871905;0.42573953957840405;83.41918010042413;84.47334027034061
185;total.beta.carotene;334.56758356274196;56.84483720398717;257.7536766177899;429.0791791272688
185;total.carotene;508.414749775954;153.2266642611412;379.3476944683722;752.2684995189283
185;total.trans.carotene.natif;448.46761711380327;131.78371138255898;328.0608842048782;614.408085139485
185;trans.alpha.carotene;198.43996840605962;89.77071501323309;105.2999966678546;324.17096470592134
185;trans.beta.carotene;272.61504866622937;51.50224458908687;197.20902826674947;358.7281397080135
186;C14.0;0.8105996760419537;0.07001891083729915;0.7555655176666218;0.9408377003106284
186;C16.0;40.44809985373566;1.443251732276919;38.275619208671436;42.147776360032985
186;C18.0;5.511410738170284;0.5164309189766396;4.920739513800584;6.232927020530314
186;C18.1n7;1.2871909597576454;0.1384031795229788;1.129392131630998;1.4783580672169092
186;C18.1n9;43.56851407708686;2.44680778075381;40.99328134355993;46.288439758672844
186;C18.2;9.135309036508188;0.5805977418866226;8.121189757494177;9.729955545866925
186;C18.3;0.3545794222949941;0.08033305393640186;0.2514043749396168;0.45620212880510913
186;C20.0;0.3892811523176065;0.02056254673886157;0.36099107535666053;0.4157663485642806
186;X13.cis.beta.carotene;25.07718117156301;11.481579285194462;12.762546047820075;45.19720934218427
186;X9.cis.beta.carotene;45.27839258062708;16.23375188464426;28.04716586349559;66.87720061387668
186;eau;47.00330419056262;10.264811575242812;34.847998963281945;57.41999875144621
186;ratio.alpha.beta;1.0493164870654006;0.2974179330684373;0.7721049345706881;1.4864681316081043
186;ratio.alpha.natif;0.47455828774321646;0.06727329671984392;0.41392239022947125;0.5710988944308398
186;ratio.beta.natif;0.5271880012181615;0.06583793200341409;0.4275680003384622;0.595326133074625
186;tlip.MS;75.15220011603391;2.2091862695969184;72.64097736979824;77.89854009817141
186;total.beta.carotene;393.96743174854146;178.29602450065505;171.2802254646397;595.9031382766268
186;total.carotene;643.2033806953598;229.12349082504429;395.74211746579306;893.4228502197595
186;total.trans.carotene.natif;558.271977492871;196.59666919511736;346.96642389515307;748.2639085794633
186;trans.alpha.carotene;241.70994281649277;88.17175460197687;141.4362118557128;358.76505817770885
186;trans.beta.carotene;321.05056097405964;138.98050048195043;151.52072864060972;482.32835623113556
187;C14.0;0.7476153658600749;0.12489656333769537;0.6078209538167618;0.9727064494161775
187;C16.0;41.059666084999336;1.1600367249187546;39.418349911055806;42.11444381177694
187;C18.0;5.8209464550383645;0.439770175146748;5.360623186156702;6.443201545460051
187;C18.1n7;1.4387597445151972;0.13220834608731902;1.1817909946858873;1.5732273049556236
187;C18.1n9;44.19929099812267;2.81454053038576;39.55424076243582;47.898703844857565
187;C18.2;9.028474054095382;0.3956424499255895;8.427227505795022;9.523540639953673
187;C18.3;0.3187892138408551;0.03451158802281924;0.2686652005919901;0.37276106225151323
187;C20.0;0.37239546555411696;0.023707575975734155;0.3342697649712725;0.3972952093396492
187;X13.cis.beta.carotene;22.857539222892665;12.299392714903195;11.954285143769328;47.69574150268366
187;X9.cis.beta.carotene;60.880104634120734;30.2233403615778;28.51708646505267;96.08183566052423
187;eau;36.875452330288574;3.3071886261722327;33.677083441949456;43.559999136803384
187;ratio.alpha.beta;1.4002318259878608;0.24085452052125406;0.9734528089828038;1.66550251052975
187;ratio.alpha.natif;0.5502314711233129;0.03629469915283947;0.4792537097755997;0.585511181130884
187;ratio.beta.natif;0.44173359718923516;0.04235346786578496;0.39989330896534037;0.5294250254947285
187;tlip.MS;80.88845703256769;2.3982095351492565;76.45746701307296;83.33899522030175
187;total.beta.carotene;401.1182182192694;176.2634472751556;169.92955326661536;711.8643809797593
187;total.carotene;858.1553723298344;668.8532631888061;345.79285150023765;1876.387334701916
187;total.trans.carotene.natif;736.8795001703047;589.9675592899378;281.35467890119475;1679.9016452636515
187;trans.alpha.carotene;322.98037582454407;226.01408512916026;113.04358361335366;760.5697122227643
187;trans.beta.carotene;305.4629166348222;137.15364417314908;147.32441622993937;573.4726085406127
188;C14.0;1.0674406601434872;0.08202885184882827;0.8855154855445339;1.121236422362123
188;C16.0;43.95174706204235;1.5244103678271144;41.10709238178897;45.50718249585143
188;C18.0;5.648819792258773;0.2247631133817239;5.4157979099972495;5.991606851626162
188;C18.1n7;1.1406163866570533;0.11484478024010807;1.021973915801903;1.3672637773180736
188;C18.1n9;40.91399795791075;2.2475733961135616;38.34881119877098;44.76842941212728
188;C18.2;9.063133804589203;0.6098346837867945;8.381029728652804;9.813600091741312
188;C18.3;0.32039322866519004;0.0587731958649138;0.23737718459885732;0.40019761984708163
188;C20.0;0.38487337034954555;0.012298545769856707;0.3720615243212456;0.4057574294460582
188;X13.cis.beta.carotene;37.64152536132264;12.749110665041492;23.462855631442093;60.346336667575905
188;X9.cis.beta.carotene;97.73586366055186;34.445528477417476;47.21008626708547;157.40811996865432
188;eau;32.299355949024154;2.2827294441312502;29.465834024979277;34.68999849989802
188;ratio.alpha.beta;1.1783014971248125;0.1630804855018098;0.9673064988004857;1.445607432848864
188;ratio.alpha.natif;0.4859468459686158;0.03686212985495935;0.44521844969912433;0.5515604138246196
188;ratio.beta.natif;0.5126893427733464;0.03714236129581951;0.45785856918110374;0.5537014984761143
188;tlip.MS;82.32891846155779;0.6964885573764708;81.62640174669814;83.25792572433694
188;total.beta.carotene;689.7256411140119;229.49685972126537;397.27901913959204;997.516530727379
188;total.carotene;1244.8304751159108;494.91521709476694;681.8758219086652;1883.3891928013202
188;total.trans.carotene.natif;1087.421595143849;422.6141752865345;632.0694667513078;1634.3907751375434
188;trans.alpha.carotene;770.0469402387895;417.3144297570268;318.42503094156854;1303.8530593925943
188;trans.beta.carotene;565.4938206406702;201.69657505537444;326.22142818276535;876.3045575535804
189;C14.0;0.8108054746338739;0.19297058614128315;0.6142148394518179;1.1075387351810668
189;C16.0;40.30496329450464;2.585284709821824;36.91369570673019;43.678766940409886
189;C18.0;6.341928881841216;0.3231282264787346;5.946491347322381;6.774359313015205
189;C18.1n7;1.2668123856975309;0.14646222961626976;1.0639716628716698;1.5102829570220613
189;C18.1n9;42.2226161277846;2.8079436946723737;37.83616885648954;44.77429991909748
189;C18.2;10.244373890360569;0.23303274142165717;9.851943343096472;10.505953219864375
189;C18.3;0.26317294546014686;0.01916358687050641;0.2475576387639184;0.29665617053202054
189;C20.0;0.40801672301472597;0.004825640071592595;0.40078610065984654;0.4139931140213679
189;X13.cis.beta.carotene;20.816425331965043;2.7896296774920866;17.814183794827976;24.68753462208221
189;X9.cis.beta.carotene;34.218965322451574;10.340365846053885;25.756667842430062;54.4495044573725
189;eau;36.667707140007735;3.3773922265971894;32.51999967654815;40.5387496784875
189;ratio.alpha.beta;0.6402109559994313;0.0529315902753524;0.5721337819313951;0.7172860052069358
189;ratio.alpha.natif;0.3660411690731508;0.01001528212818879;0.3555418248484943;0.3769070178446462
189;ratio.beta.natif;0.6373320559253748;0.010830356385599933;0.6216201940739741;0.6511054757909033
189;tlip.MS;80.31075347211059;2.579229264242863;76.97056558687916;83.19179129707538
189;total.beta.carotene;327.85069263171505;54.21339483584065;269.2864108464001;402.7610843079443
189;total.carotene;444.824497679737;118.9742643162592;355.3334758419219;678.2962603113323
189;total.trans.carotene.natif;393.27664171990506;104.50748679468012;306.5996013450824;591.3652628582348
189;trans.alpha.carotene;139.4166914254209;36.91107709621747;105.11712513851188;203.1124355785283
189;trans.beta.carotene;305.5977657183033;61.10896664398909;246.4852625772106;389.79536337837635
190;C14.0;0.6856890546785145;0.11309140178940887;0.5918845422223006;0.8620369304971409
190;C16.0;39.1758390303199;1.4778033709556333;37.310350647380936;40.78552111093543
190;C18.0;5.969885681839057;0.33450396622657985;5.390232245713534;6.31042307958931
190;C18.1n7;1.306536134141327;0.07858251797998742;1.2485420503593194;1.4531338129747084
190;C18.1n9;44.79169988858103;2.4262908091337745;42.3464518276129;48.65126123891873
190;C18.2;9.325586560057946;0.47156413895650123;8.51973243930861;9.792284258060528
190;C18.3;0.3201008158615477;0.05722128979371538;0.2553327181684445;0.39248123371972565
190;C20.0;0.40157030619704875;0.025319748897536017;0.36101959064099554;0.4325448463602805
190;X13.cis.beta.carotene;27.379592780702506;6.346839846918664;19.624015603648424;34.64999158599271
190;X9.cis.beta.carotene;49.63938493417425;15.404987203150155;33.90508480775292;75.80937239471527
190;eau;35.257165516472234;4.393692264150948;29.955833849948036;40.62000121515577
190;ratio.alpha.beta;0.6057202513150571;0.06949023875834129;0.5473357646411192;0.7259949153504118
190;ratio.alpha.natif;0.3523510191699865;0.012853623095395776;0.3373455301732938;0.37369235153648656
190;ratio.beta.natif;0.6478863232504607;0.014627580296646023;0.6264781506008196;0.6684719931101111
190;tlip.MS;78.83127798732954;4.270332297118552;72.80239628051831;83.7765261805071
190;total.beta.carotene;536.9584003299454;69.56329154930245;449.2591811082042;642.4883449680206
190;total.carotene;735.5772423738646;143.34065085606912;542.5342007407744;923.6072660424323
190;total.trans.carotene.natif;633.6785556460662;133.87535366759712;446.27132752638573;800.1127693132589
190;trans.alpha.carotene;247.45338953994755;60.72513821325567;157.82349576409894;336.0614370778409
190;trans.beta.carotene;443.5252310191852;58.00985275245649;368.34531833511625;509.1208516906973
191;C14.0;0.5905876073126279;0.0915185612984482;0.46352892608398405;0.6875020935449128
191;C16.0;39.07341571562686;1.0848561188942838;37.29528257310248;40.18625081101298
191;C18.0;5.531909203712676;0.3542659350907075;5.2563567872327726;6.1617458784984445
191;C18.1n7;1.3434714958143628;0.12393343931199123;1.2108568170859646;1.5565138188085503
191;C18.1n9;43.927105833631806;1.6172441869154013;42.124781073890475;46.24775153310314
191;C18.2;8.99639710572626;0.7107258770144808;8.136939248931112;9.87805531320806
191;C18.3;0.29400288349075093;0.037481640587214496;0.24151542859523378;0.34731084833159703
191;C20.0;0.3818147915504057;0.026519927208448524;0.3337758274667872;0.40812365558800956
191;X13.cis.beta.carotene;25.12039390855034;10.204641212447356;13.28063148516036;35.52611263029043
191;X9.cis.beta.carotene;69.20649125006497;25.86636605837911;43.772805176857126;105.26364686706204
191;eau;31.360641469592366;4.933134800633867;25.78257253672062;38.28999673205273
191;ratio.alpha.beta;1.2874430607324445;0.27916071587046815;0.793560210044741;1.6432452128539958
191;ratio.alpha.natif;0.538344622021332;0.05637492110926483;0.42903941194733286;0.5943225470164666
191;ratio.beta.natif;0.45345127678098524;0.060802463322143806;0.38665583149324534;0.5676386452984169
191;tlip.MS;81.86836836305731;3.464719136403146;75.3115007441801;84.65595508180157
191;total.beta.carotene;447.6095923967112;122.78134787509684;302.92049512559805;616.1923887552136
191;total.carotene;707.8338568169858;195.8970254064522;399.3995634673927;893.06269303842
191;total.trans.carotene.natif;630.116321121325;153.68140799535198;367.38526940529283;748.8326357589312
191;trans.alpha.carotene;356.61131990559943;149.45177352077994;190.86393213949967;594.6029778519871
191;trans.beta.carotene;331.6112140422205;93.133974100568;226.19188601267854;477.28408889272583
192;C14.0;1.101110566525482;0.027680122994018133;1.071226345715194;1.1308560195653288
192;C16.0;45.47347437056768;1.004139335339314;43.84233473042387;46.31934026749487
192;C18.0;5.141457560997779;0.11902009231841074;4.990116858275507;5.313460653454861
192;C18.1n7;1.2002695766219087;0.09351854635314336;1.0409851249135826;1.2621812457810118
192;C18.1n9;37.162667393163574;0.7983678078586179;36.25061958515164;37.94861633296644
192;C18.2;9.852159866843742;0.5805985603148311;8.901260156959383;10.406071965569408
192;C18.3;0.2872415565582277;0.037596701360007125;0.23434674723613097;0.32934063689336057
192;C20.0;0.40473156679112776;0.007284863899036745;0.3978207972949853;0.41532463404190045
192;X13.cis.beta.carotene;13.683664007507193;2.562506672779471;10.86468577670516;16.529228452995437
192;X9.cis.beta.carotene;25.637163546673342;5.698568520997777;20.540238264108872;35.16474674740364
192;eau;31.473347639872834;2.578187036782576;27.709996693852236;34.03999839961935
192;ratio.alpha.beta;0.9404881706648757;0.10332111024720968;0.8440594627016007;1.1045844726745877
192;ratio.alpha.natif;0.4556414517595978;0.019379477562385155;0.4352043213179068;0.48551212928361615
192;ratio.beta.natif;0.5401821953405996;0.024812628710351035;0.5101147917478965;0.572505625627188
192;tlip.MS;82.48427776441596;0.5654462800511232;81.8844256162715;83.40576238997238
192;total.beta.carotene;191.2153643668507;50.76985144973753;157.00417267810533;273.7463684653233
192;total.carotene;321.87317549599874;51.817428310409554;262.13065895009805;403.4938563256148
192;total.trans.carotene.natif;292.06201363617845;39.45864569116218;267.10164662786957;361.388152606283
192;trans.alpha.carotene;99.48564951019199;20.425815005320853;82.11229659493495;124.07073922042929
192;trans.beta.carotene;150.14518329770814;34.713752219476234;117.77837732732722;208.47905871338622
193;C14.0;0.9050271533383093;0.09870055889710923;0.7265541990647449;1.0421452391446229
193;C16.0;42.81898679101677;1.5276414900324318;41.00181421240637;45.93724468605841
193;C18.0;5.519779384972332;0.3682656768135789;5.1225823276120055;6.155311768457096
193;C18.1n7;1.403765413320535;0.24924047444302222;1.0420437798826427;1.7367457397422288
193;C18.1n9;39.913037124600876;2.0760836183597333;38.092892821770384;43.29335769507874
193;C18.2;9.34684068854032;0.6650936315223483;8.374510453962351;9.962646514672887
193;C18.3;0.33072065968843994;0.046051777018784344;0.26197097459815;0.38881584023436405
193;C20.0;0.3788774158994367;0.0242388444673797;0.3380920419485511;0.4100322623096854
193;X13.cis.beta.carotene;42.04195917871039;19.84355669581967;14.5466748682289;74.3895832546896
193;X9.cis.beta.carotene;76.03915157998871;32.9264005011172;31.457707086670506;119.97663401926364
193;eau;34.559520275579075;2.9753314454737514;30.490004508870648;37.99000030685009
193;ratio.alpha.beta;0.8846199093224282;0.23127157367843212;0.5714941339142146;1.205136701879673
193;ratio.alpha.natif;0.43383948629146574;0.0600306335143395;0.34515940913602094;0.4967848784958471
193;ratio.beta.natif;0.5648411954994298;0.059227527451010696;0.5084071491965931;0.6607629569401949
193;tlip.MS;80.74242714523542;2.4522829466994027;76.14481788314563;82.76205226018095
193;total.beta.carotene;797.7493986826018;262.26446238859995;404.2179802446415;1031.7119096350102
193;total.carotene;1567.7454818257959;584.0373318356824;680.2120245529451;1945.4986097850426
193;total.trans.carotene.natif;1416.1767746080372;508.7173675069522;633.0586382006647;1769.9965281277753
193;trans.alpha.carotene;472.9498644862797;230.06812793644028;201.061631300573;898.4388207717805
193;trans.beta.carotene;678.4799352501137;210.4178466243809;360.4463818073458;866.9766934350207
194;C14.0;0.6305677333532717;0.07435458827377471;0.5392314057930659;0.752392195442616
194;C16.0;40.03437251099381;2.334216512473051;36.38427350946593;42.972139692581344
194;C18.0;5.771961675481601;0.2940514319750982;5.375673514999855;6.186781998887887
194;C18.1n7;1.20880499059837;0.22754108772312615;0.9856675589540691;1.5015192516274822
194;C18.1n9;43.99349365966648;2.1109580551682434;41.88043501422544;47.71240974847554
194;C18.2;8.592413214549055;0.5525405271596491;7.964176235129591;9.257554035193467
194;C18.3;0.3293577395100081;0.04827218634963309;0.24657990557360043;0.3723773289460923
194;C20.0;0.39498998074980135;0.038232404027645196;0.34027727464446905;0.4319912832446319
194;X13.cis.beta.carotene;60.42733443294673;23.531992673302433;25.35907153718859;84.47716728131452
194;X9.cis.beta.carotene;132.50025032900714;39.16490230123642;80.38787367199794;171.67011175391573
194;eau;27.250389850300717;4.627827707648994;21.21999890515086;33.156668834999145
194;ratio.alpha.beta;1.3084271261309308;0.17087216668620286;1.0775545952326715;1.508204388370198
194;ratio.alpha.natif;0.5206143219525617;0.043849425631990166;0.47897570313840665;0.5721758517720248
194;ratio.beta.natif;0.4749130689893592;0.04714454915980288;0.42320027362489676;0.5246904623137606
194;tlip.MS;84.0280318421773;0.36827389774254116;83.5418474350978;84.49835501046965
194;total.beta.carotene;805.4168013160461;237.09467216785674;432.48012397409053;996.5960058456934
194;total.carotene;1668.43735154922;513.5748147988375;660.7139315396739;2117.024633189124
194;total.trans.carotene.natif;1396.4715228735847;427.3647440068289;570.2360262598861;1746.067622745901
194;trans.alpha.carotene;894.6271942653188;273.0525120986884;339.7927907069349;1035.1588944593846
194;trans.beta.carotene;631.1053611459164;223.14063506696098;257.7654930023135;800.5904451189585
195;C14.0;0.7148946172378216;0.06952851377878319;0.6172130929242878;0.8167153389244228
195;C16.0;40.589744168420175;1.0045405132113532;39.316797447585046;41.86993770715805
195;C18.0;5.170048784203124;0.3291296129803572;4.80301178468946;5.675667117169778
195;C18.1n7;1.3795130182894102;0.09276446600509922;1.279662299665893;1.5063994104049245
195;C18.1n9;41.482820951329366;1.3696544492992215;39.83550649737119;43.04865854227937
195;C18.2;9.277915237245441;0.2801630101976148;9.007500473611906;9.71768034147819
195;C18.3;0.27454112973123923;0.030523558504966734;0.2441274605513368;0.3142884335508099
195;C20.0;0.37961363642044366;0.026297032115733074;0.346383422981942;0.4095740994714017
195;X13.cis.beta.carotene;11.84807492961165;1.9547156291369336;8.795666489494662;14.28473482818266
195;X9.cis.beta.carotene;26.093440244019533;3.2196739019243763;22.590417948086404;31.02687765435499
195;eau;33.86496156971808;2.20276558805026;31.690000565753916;37.02000114399029
195;ratio.alpha.beta;0.9947977655299063;0.11713430653847005;0.7839428196182124;1.135668811111648
195;ratio.alpha.natif;0.4728078081543859;0.025328560318277533;0.4224962201503356;0.48908399482147263
195;ratio.beta.natif;0.5259568598685823;0.027019372324965072;0.4982208422226966;0.5730218564094085
195;tlip.MS;82.35833467067165;1.0586059715281946;80.71753812264613;83.57672431153838
195;total.beta.carotene;188.50817861064743;36.974982544670056;150.30350740579755;238.9361761233597
195;total.carotene;340.68673607845955;25.040699064050315;314.49205039639605;383.4273986166866
195;total.trans.carotene.natif;316.47450575974466;19.38377641631385;294.3798891368417;340.79664334022544
195;trans.alpha.carotene;120.71227764804507;20.118086619444455;99.94571728806872;156.56639115541333
195;trans.beta.carotene;155.68502463903744;27.70157611491979;135.8830794612971;208.71973874241436
196;C14.0;0.8807090556952025;0.05508699352204481;0.8069548987462931;0.9342703742191754
196;C16.0;40.495324030115015;1.9938713854672174;37.83529527994544;42.042011421925125
196;C18.0;5.473523628780115;0.17357027746660772;5.215391048935734;5.705455072268517
196;C18.1n7;1.3460336374971478;0.0971142902017596;1.255178070669139;1.5205368857136627
196;C18.1n9;45.77841873385583;3.044905340026054;40.93700984130897;48.852110817298104
196;C18.2;8.968465252305386;0.501517792957637;8.465526222246215;9.826090381408777
196;C18.3;0.44164165483580925;0.008301625354918405;0.43510919602269915;0.4537592281263123
196;C20.0;0.40837837202622973;0.012973536139774063;0.39146402136843633;0.42384368920313215
196;X13.cis.beta.carotene;40.38193679986512;8.665020234079174;31.819073459016607;56.463124385209156
196;X9.cis.beta.carotene;79.17274392315238;20.32596242685033;52.533981262190046;114.78020555383844
196;eau;69.53666243131214;1.0272212599472241;67.579998437607;70.32999456262331
196;ratio.alpha.beta;1.1287385314074678;0.24073184131107428;0.7059142456938093;1.455203000290068
196;ratio.alpha.natif;0.4820497349026545;0.06196357692509211;0.3611898407152594;0.5413695054776614
196;ratio.beta.natif;0.5194173237412382;0.06015723680634017;0.4551217204754592;0.6330710248777427
196;tlip.MS;64.37994190821023;0.8421302511799545;63.26553909464523;65.50401784792518
196;total.beta.carotene;587.1422331630397;168.6720567485275;439.25404511281204;908.6642316512539
196;total.carotene;516.0727710477013;132.9870913305187;442.4233647464015;785.6090181355372
196;total.trans.carotene.natif;461.567604408594;112.19471035715874;365.5266515827419;682.7230374281388
196;trans.alpha.carotene;321.5839084341569;282.02719222982614;194.47755116154806;897.0956705327835
196;trans.beta.carotene;443.2030759132292;140.1249398894209;304.8946405382634;703.4273015695597
197;C14.0;0.9449073068439873;0.15184992730613006;0.7829630786151722;1.161039873197556
197;C16.0;42.850098284091864;1.118071500382347;41.96221186660308;44.94828718648511
197;C18.0;5.238812675032567;0.16505742970170575;4.983231581375924;5.413846353810813
197;C18.1n7;1.255417950453657;0.10684659080080532;1.1175250928699467;1.4173196049674042
197;C18.1n9;39.87776795845022;2.1463820534292646;38.694408579539015;44.19194094018577
197;C18.2;9.920997931492648;0.25577896710994147;9.541666232744696;10.325150134968485
197;C18.3;0.28787642933841256;0.031676299815548384;0.24700346472196347;0.3255436860469018
197;C20.0;0.37382133724094846;0.022471442472790773;0.34656162698601306;0.40985729303348045
197;X13.cis.beta.carotene;20.90646039040645;7.684632898918748;15.738067523279303;36.32538579709539
197;X9.cis.beta.carotene;47.174741039911765;20.590087407393018;31.56598927870913;83.57922717755268
197;eau;37.03122140231078;2.0719961256460233;34.79874735846878;40.42113374090181
197;ratio.alpha.beta;0.6634815193846827;0.06045864135800507;0.5672025878996685;0.7558316693714418
197;ratio.alpha.natif;0.3717785689358866;0.022068091691638484;0.35285759141577133;0.41204717793345175
197;ratio.beta.natif;0.6319271631661846;0.021554573588431797;0.5910510411496681;0.6478530357734117
197;tlip.MS;79.77768294006766;1.7728705353956349;77.19745892699513;81.64357832644934
197;total.beta.carotene;467.24396511475203;138.41750588962307;347.0920540594499;739.2226143192117
197;total.carotene;741.7162341659417;98.47139111311209;620.3691744847885;877.0427498068783
197;total.trans.carotene.natif;684.5910050297549;82.56598859614351;610.4641234040912;829.2356643858157
197;trans.alpha.carotene;284.2588334279061;95.84412758099072;206.51219514088777;463.1523427183945
197;trans.beta.carotene;378.60503645539137;110.53458106992586;306.30799415139523;600.3046823392123
198;C14.0;0.9327227054725804;0.03913241792110988;0.8699238314161629;0.9897290018531223
198;C16.0;42.97500804666905;1.8159158169349665;39.79436649539403;44.43339289975733
198;C18.0;4.820111507655539;0.11634059980213991;4.697694407071659;4.963029059621936
198;C18.1n7;1.4611003829249871;0.07174089252371628;1.3755234192502204;1.561539124284918
198;C18.1n9;41.82259278708579;4.069618477585605;38.15496916602865;49.83886570022261
198;C18.2;9.090614042010506;0.4710448342649519;8.451008983315926;9.714833356417115
198;C18.3;0.39170356887553454;0.05315794354092647;0.29717095841838115;0.43429406739960386
198;C20.0;0.41056445825579807;0.023479138944834603;0.381303345862886;0.44824942570077725
198;X13.cis.beta.carotene;19.813485145051917;5.509341073694517;11.680298733941408;26.224591699193432
198;X9.cis.beta.carotene;43.17305062692705;12.321412100903308;26.845888502711514;63.43197041083702
198;eau;59.656663665158824;6.5746329243019375;50.45000103408038;66.21999499595152
198;ratio.alpha.beta;0.8689759759447234;0.17105729880281206;0.5889895919978857;1.0900483908248404
198;ratio.alpha.natif;0.4223127471213896;0.04694832988772867;0.3444459175094056;0.47892650059033476
198;ratio.beta.natif;0.5776669061657594;0.05262033893831851;0.5121312186109087;0.6605728226966844
198;tlip.MS;72.34479012833326;1.1999694868639994;71.18629326933237;74.02789038083293
198;total.beta.carotene;421.3588255261743;119.17448948973521;314.66430332907197;617.8155683989409
198;total.carotene;463.144352367701;45.0038643928554;388.2614347481683;506.9666960726248
198;total.trans.carotene.natif;420.4931552853437;36.43657344155523;364.4565066133338;471.19899025092616
198;trans.alpha.carotene;174.18504892356896;23.41870630777954;133.3761066566477;201.76530777325638
198;trans.beta.carotene;334.970764151891;90.32170506959102;228.86370256458105;454.57671224079814
199;C14.0;0.9835955050947053;0.10942190628215491;0.8298585841506642;1.092064829735642
199;C16.0;44.38446599944536;0.7163792398398797;43.497176689568605;45.24589108723022
199;C18.0;5.6010699864406215;0.12219548400055141;5.4895008754146675;5.794815066852356
199;C18.1n7;1.155747922712455;0.1257535962945643;0.9760191044445946;1.344618960190374
199;C18.1n9;39.898656173363364;2.782523131045463;37.06983814015198;45.18588372219993
199;C18.2;9.492084720492997;0.6573369515405871;8.636652002446654;10.154124681209476
199;C18.3;0.3228137292984246;0.027222794581976836;0.28716601410481263;0.35860392105532995
199;C20.0;0.4265395779673818;0.009818038790031854;0.4152069376680552;0.442405769992661
199;X13.cis.beta.carotene;20.4380041677117;6.411490076197315;12.849208860656205;28.178821495588924
199;X9.cis.beta.carotene;55.60166657528941;27.54289244244296;27.40499251353427;95.69121940883251
199;eau;32.381378516357316;4.232354642141517;23.76000015259495;34.62999680520307
199;ratio.alpha.beta;0.8948814797157164;0.17011369780995228;0.6124994596046324;1.07005700269734
199;ratio.alpha.natif;0.44757484121815505;0.051499166544596124;0.36398704018070394;0.49626473479100225
199;ratio.beta.natif;0.5600645783731119;0.050626201269743126;0.5147582434972283;0.6425989030725917
199;tlip.MS;82.09223153118948;0.9237263151343592;81.08787053094255;83.44847461119208
199;total.beta.carotene;336.82161449558663;97.99814160130518;199.45781023322445;472.1955576845154
199;total.carotene;485.0667819114305;79.46496674462705;373.1589380385833;554.2518797367493
199;total.trans.carotene.natif;451.38793031102887;57.66975474392203;368.2130576950343;508.7166738903019
199;trans.alpha.carotene;210.84997364485983;56.77698697439043;153.26476104960952;304.7878307310667
199;trans.beta.carotene;231.23278604898772;55.03880348906036;167.92047484925195;316.4565873529209
200;C14.0;0.6104742042352441;0.09070494161676845;0.5150506991085432;0.7349097353272578
200;C16.0;37.84675613169018;2.2118512041839713;33.8694281209258;40.01769752046874
200;C18.0;5.891840322709416;0.43576767524338716;5.281265255056321;6.6410396186988
200;C18.1n7;1.2744006485764998;0.1538704279242211;1.0854799127234884;1.4846674690774628
200;C18.1n9;43.602646155314886;2.262913367644215;40.667516832497;47.47830630818648
200;C18.2;9.53228360645972;0.528078501996602;9.106016609351318;10.235724307620423
200;C18.3;0.27719450392729766;0.04979067957912451;0.2265767955419246;0.3449208539187642
200;C20.0;0.37740241921281825;0.014188308630740425;0.3570090482647361;0.3953785601488405
200;X13.cis.beta.carotene;33.02448523884662;13.559646846141266;18.056322795578485;54.300498409339944
200;X9.cis.beta.carotene;70.95947956653218;26.558256792483462;39.77488370084492;100.26104426669956
200;eau;26.96601658069555;4.467737124740298;23.87399858905446;35.230301930143604
200;ratio.alpha.beta;1.0804102244988127;0.16708299035105428;0.8726539694436994;1.3555214995676503
200;ratio.alpha.natif;0.47894188772444185;0.031157893743032652;0.4507341983666656;0.537887194554156
200;ratio.beta.natif;0.5162609115661645;0.032202421485020984;0.45683461146002985;0.544296061301022
200;tlip.MS;82.62474483741353;1.6689486241662066;79.55616855502517;83.83193604995955
200;total.beta.carotene;648.0043598373401;194.91256296450067;465.37522795642826;945.5995588431355
200;total.carotene;1176.937873662348;399.62096410584536;767.187829776919;1768.7535968
200;total.trans.carotene.natif;1061.8987579014915;356.94493727027503;656.3738284847469;1467.6809991547061
200;trans.alpha.carotene;522.0391435165063;242.3085291067235;279.32770060735913;956.7263394034044
200;trans.beta.carotene;498.72266826522923;124.07129905804769;384.86693449752937;671.2011430664138
201;C14.0;0.9032945015477835;0.1790436252406197;0.6466492889269386;1.11574212058673
201;C16.0;41.664018341043075;0.745153786092256;40.55381739228679;42.728796824544844
201;C18.0;5.738380567071214;0.4656431496654486;5.23426360622513;6.546176271119002
201;C18.1n7;1.0872901519820093;0.19741905592595166;0.9659547431950773;1.4733622358240115
201;C18.1n9;39.43949574507454;1.1456979585219156;37.85763369103762;41.01216682899195
201;C18.2;9.669149633196957;0.33877117428274084;9.247669564983743;10.092958069651058
201;C18.3;0.31595557296120796;0.022849266931898978;0.2758383607511866;0.3341595621896417
201;C20.0;0.4002376836028046;0.016058830864083565;0.37138822988719766;0.418254756116973
201;X13.cis.beta.carotene;30.71683235329104;7.983498093408785;17.915640241534533;38.60553500343277
201;X9.cis.beta.carotene;63.88402184437454;37.09120375598708;30.485242842331264;126.06537693351926
201;eau;37.964999123313696;3.0607831137089336;32.639999234004456;40.93999999889393
201;ratio.alpha.beta;0.6648505076730511;0.06328258616499194;0.6045218669346075;0.7529562840038763
201;ratio.alpha.natif;0.3608052410970544;0.02274515427758739;0.34225087348571975;0.39724145288810586
201;ratio.beta.natif;0.642993445739357;0.024195211867912243;0.6117696884285784;0.6714084983617252
201;tlip.MS;76.71110709603833;2.4129924636693616;73.97927837620642;79.73951310454018
201;total.beta.carotene;470.87449029776207;135.61339841832574;299.47429896316146;698.1722444939903
201;total.carotene;629.2961305561787;176.87493812109045;453.8714241812128;907.7465891238857
201;total.trans.carotene.natif;574.351732621518;162.8891744158564;381.3202144192587;801.9360112452904
201;trans.alpha.carotene;230.64828945816325;59.61107664806035;153.57730152894143;324.4733443818211
201;trans.beta.carotene;382.6543592817199;97.51017202255093;263.866224956821;525.8935885697534
202;C14.0;0.8918566981418238;0.12594324481807895;0.6717903545087266;1.03751796639835
202;C16.0;39.588997031811196;1.4681719231813994;37.001173557968954;41.07161612036276
202;C18.0;5.925645651273236;0.40566446731057665;5.411858928215177;6.338215820580237
202;C18.1n7;1.1858931988334571;0.07638632214647952;1.108865173726108;1.301788560387978
202;C18.1n9;42.030225469336536;2.337611417390407;39.80439632724194;46.07073662419882
202;C18.2;9.550512805914494;0.5180158558511635;8.567361838983071;9.966903711426017
202;C18.3;0.3679069782308184;0.033107710932588304;0.32824920547994013;0.4209347862581765
202;C20.0;0.35307058929989116;0.016422143026448368;0.3215020293335275;0.3638600061201363
202;X13.cis.beta.carotene;36.5213338761643;9.467735224023606;25.3567469840269;52.53706938695936
202;X9.cis.beta.carotene;66.84244054925152;33.026007975293574;34.82318023632984;128.26404105129143
202;eau;45.24187352460769;6.217119940672137;38.42024293217186;54.88999861233843
202;ratio.alpha.beta;0.821087706423433;0.3231612580229933;0.5752320343011316;1.3988948758187012
202;ratio.alpha.natif;0.39800755016816264;0.0716801779910604;0.3391470795266972;0.5239377117108067
202;ratio.beta.natif;0.5986442543130296;0.0672686532356669;0.4767152771225298;0.6491672354464408
202;tlip.MS;73.35380951909485;1.411301948002341;71.63668195970428;75.7631723690279
202;total.beta.carotene;785.7479533314303;226.4330674366916;523.5148704284348;1130.4176035412495
202;total.carotene;1055.4302729219687;593.6888319081877;507.77629908186486;2211.7934311869603
202;total.trans.carotene.natif;960.0314872942936;507.83067204103537;477.60994964202035;1940.370651637321
202;trans.alpha.carotene;399.4866584903675;175.22633339809968;196.17977831995645;638.3207049557714
202;trans.beta.carotene;685.0837377849275;182.6639006878178;479.83729665589345;947.0413777566441
203;C14.0;0.7205332148509319;0.10426753509511531;0.5384580993822482;0.8418433147381057
203;C16.0;39.903021015689816;0.9034072231852375;38.567808657601944;41.119875904762495
203;C18.0;5.24794746271531;0.166679163474228;5.045697649107462;5.468596911368162
203;C18.1n7;1.267080208297904;0.1518041453208556;1.1370811015063103;1.5271924994081925
203;C18.1n9;40.12737939640659;1.3365645055349538;38.05482258802302;41.703942356019
203;C18.2;9.738853431846684;0.3213103667801939;9.388695454516284;10.312090465789131
203;C18.3;0.3091981152503534;0.036583678222460454;0.266564809964782;0.36278163754023274
203;C20.0;0.3712615778099076;0.017958548744051967;0.3561422236441323;0.3970173491423241
203;X13.cis.beta.carotene;17.091309694860342;4.114428980995261;12.289845125686826;22.367770183925128
203;X9.cis.beta.carotene;36.624662381106134;7.959338083564086;29.756265414213956;52.0337511143541
203;eau;32.78597656625998;4.622621674386476;28.739998077420342;41.099999002758224
203;ratio.alpha.beta;1.2392812229572459;0.19592851324756275;0.9444639107802493;1.5246452865019888
203;ratio.alpha.natif;0.517495857587469;0.03353043885686186;0.47520784183309495;0.5640389007699024
203;ratio.beta.natif;0.4693538950658685;0.033864386059704904;0.430912405742634;0.5202466363382569
203;tlip.MS;81.69545491957146;3.3508658144742696;75.82305903209823;84.60821712324282
203;total.beta.carotene;248.5247212729859;68.61889565041741;190.1207980015289;365.39229004037486
203;total.carotene;385.1261834948994;58.434889112450435;342.57880452755643;495.1586865276614
203;total.trans.carotene.natif;334.48846810463635;53.79431047835248;282.61057825425195;426.43947968344304
203;trans.alpha.carotene;168.933562044133;34.67279386036347;118.06583484499528;220.56784220229417
203;trans.beta.carotene;179.53749320299485;44.176016212561244;134.7059070798054;240.7961642017889
204;C14.0;0.8249906760446931;0.1552431558323881;0.636122498206938;1.065999246929544
204;C16.0;40.033410347615565;1.4212676476105435;37.67385028752117;41.26043673596044
204;C18.0;5.6000879765044855;0.29799689459495865;5.416817827123946;6.129553358727481
204;C18.1n7;1.341543341526311;0.19590608159243653;1.1526661947695478;1.651507035892509
204;C18.1n9;43.18094396555911;2.7051063043634573;39.61887949728765;47.05903693274709
204;C18.2;9.533233618713949;0.8119054371681866;8.344405328570895;10.263947531175184
204;C18.3;0.3168076212406218;0.02833510097270974;0.2910096742032142;0.35810204125010936
204;C20.0;0.35384870638217836;0.02116846801152725;0.32830232767826006;0.38314628641036225
204;X13.cis.beta.carotene;21.813475352698923;8.600251071671021;14.652591250161423;35.042383156574545
204;X9.cis.beta.carotene;49.42178276474091;30.650182851899814;24.831044327994217;91.65598442996287
204;eau;36.60799871144622;4.475709657333416;32.57999958300249;41.62000037395959
204;ratio.alpha.beta;1.0005577880070646;0.3371324627921747;0.5954849742185169;1.3686852023390583
204;ratio.alpha.natif;0.46500655659914303;0.07295558848550633;0.3688761503512205;0.5520016514352414
204;ratio.beta.natif;0.5374445489637523;0.07618378212975618;0.4504610111153125;0.63908806386772
204;tlip.MS;78.65396239475582;3.7928441950609595;73.36190917883997;82.1324525980716
204;total.beta.carotene;424.22412913252776;196.05288848101662;264.68277846250004;747.4976525352836
204;total.carotene;588.4320603201822;239.22069756436127;361.54103641839225;864.5077894350235
204;total.trans.carotene.natif;541.0491536853439;216.16445784666251;331.7911163836432;783.1098679463862
204;trans.alpha.carotene;240.194437119134;144.19480113184395;103.67318311742027;430.07743774833875
204;trans.beta.carotene;361.41425718867487;152.45275074765846;227.7478724941596;598.3345785750479
205;C14.0;0.6527618807386368;0.052303939739293044;0.5777629231559386;0.7350412957036017
205;C16.0;38.93747088260176;2.316203695520507;35.61634828718056;40.950421731723566
205;C18.0;6.086590182319895;0.5444360297948977;5.426538800031743;6.875338043813721
205;C18.1n7;1.2837385070407292;0.2067556303953432;1.0792525818054093;1.599756721941205
205;C18.1n9;44.11863048295659;3.1109493219849793;39.291269088182325;47.77533993485556
205;C18.2;9.817788351436604;0.2376238637199109;9.522909823233537;10.127376495690942
205;C18.3;0.2590674065242281;0.050607463116860124;0.20611089425601292;0.3305707512943471
205;C20.0;0.3759680265378988;0.025806262274317763;0.34177380116720874;0.41905527432594847
205;X13.cis.beta.carotene;22.365352132347862;7.356874455275938;15.646475715247592;34.198644451357474
205;X9.cis.beta.carotene;37.04558116687059;12.75247578872406;24.62342396899244;58.6679223555982
205;eau;31.924466193738414;5.232661237303894;27.34583404299232;39.260000258365615
205;ratio.alpha.beta;0.7992316966787903;0.1450865852120056;0.6276160698481352;1.0376722833616414
205;ratio.alpha.natif;0.4169210239584124;0.039745289915425835;0.37083989864452005;0.47974718478247297
205;ratio.beta.natif;0.5782547892987767;0.04276824893075798;0.5050822543711271;0.624236733068359
205;tlip.MS;82.27723662990286;2.112951460959338;79.041058715259;84.1704630663584
205;total.beta.carotene;426.7734047281057;122.21064350953407;248.85264455328502;614.6514910252104
205;total.carotene;572.132720295003;216.47664115420258;335.8512444231859;842.9492080660264
205;total.trans.carotene.natif;517.3229149660248;173.5295400325173;332.1405250110355;758.5010366070586
205;trans.alpha.carotene;192.1960910924409;78.05065996983859;111.22941276564376;294.0526061778099
205;trans.beta.carotene;353.28247585343524;100.0469081680422;208.16232262917924;504.08099159455725
206;C14.0;0.8432690034296222;0.1302159406455124;0.6350893536072717;0.9896937977804795
206;C16.0;40.95548534033062;2.0981582992086296;36.71640080635962;43.49868495755668
206;C18.0;5.741032425873159;0.47230859572126127;4.930760081797569;6.282663110277228
206;C18.1n7;1.2578160278703217;0.2210447352341924;0.9818798742519674;1.6144717930131407
206;C18.1n9;40.09741016166514;3.1137534031510885;37.83586255478456;46.75371230837241
206;C18.2;9.375896822017449;0.620845329662065;8.327606682050927;9.860456750323435
206;C18.3;0.3211339695314778;0.03522214218421331;0.2890355227671179;0.38326424238073864
206;C20.0;0.39151523432293184;0.015529713768059082;0.3725893459987728;0.412324531947463
206;X13.cis.beta.carotene;27.900018795602573;6.212886757734083;21.20395145441506;38.32212838655152
206;X9.cis.beta.carotene;47.96220508991621;11.725158185302968;34.20089118433631;65.29485239872814
206;eau;43.63323739372829;9.465868886162898;33.75182938510935;57.659999053147764
206;ratio.alpha.beta;0.5738419569432641;0.0305454663164166;0.5147422941105686;0.6028520139765332
206;ratio.alpha.natif;0.34582554804489013;0.0069337062932260775;0.33718990993328884;0.3564558958681134
206;ratio.beta.natif;0.6554923508473423;0.009797777588426407;0.6432753009561286;0.6688701618672787
206;tlip.MS;76.03566079601129;3.614421739085473;72.38378737990985;81.525569866187
206;total.beta.carotene;436.26920572839174;110.20476315508269;291.2947040653417;585.9140800581051
206;total.carotene;470.0686405428713;115.14558536787183;378.8326966164147;716.6578001921756
206;total.trans.carotene.natif;433.4203378119281;114.29225704105659;355.28836778141203;678.6247081298592
206;trans.alpha.carotene;175.14033702965318;54.91878829928388;121.02372241774829;275.354049861601
206;trans.beta.carotene;337.31999693886604;71.62405301361693;237.18081306255976;447.96514986566297
207;C14.0;0.99418070971917;0.0951371445489152;0.8322998513943984;1.101079219664363
207;C16.0;42.427648034219516;1.0692335078000161;41.01573469903426;43.7089396664439
207;C18.0;5.34172862899243;0.37633091378768924;4.945516435705549;5.796646470331784
207;C18.1n7;1.1986250388633106;0.09141955427665528;1.0680435687567453;1.3043491798523577
207;C18.1n9;41.76546632843674;1.5476785159080335;39.76164011477373;44.190317530661204
207;C18.2;8.664946039802649;0.6496695606876409;7.518565485322416;9.267836504881252
207;C18.3;0.4169724489070176;0.052212006264092524;0.35185441728450245;0.4796488644817167
207;C20.0;0.362246956796888;0.034000631283029874;0.3281994777578649;0.4239652795970263
207;X13.cis.beta.carotene;51.327697975085975;11.590047878605539;37.1739104387222;62.397084453958044
207;X9.cis.beta.carotene;146.17578382641622;36.024795119167734;76.67480146622042;176.17156484577066
207;eau;40.0751910002437;3.347765785249713;36.06756662339758;45.1700026039697
207;ratio.alpha.beta;0.9571541500743806;0.16694558357445374;0.7232660550732579;1.1149649974581393
207;ratio.alpha.natif;0.4402187595858642;0.047035718837897374;0.3793746575537542;0.49143705119925946
207;ratio.beta.natif;0.5699390870130948;0.04085487618631154;0.527821920670359;0.6257656053566528
207;tlip.MS;75.42520822668638;2.3723344520072174;73.36027725239997;79.34993405892605
207;total.beta.carotene;1081.737698673646;153.56953137886603;897.793897734285;1264.8738529084453
207;total.carotene;1737.4511952423518;536.2288576674642;1005.6806506286509;2146.4158372783218
207;total.trans.carotene.natif;1580.555023797271;517.8337199628729;863.4350770238591;2141.906657547502
207;trans.alpha.carotene;742.044747045123;326.2002566681191;331.99995450523505;1289.21578736059
207;trans.beta.carotene;872.7887894714058;153.23969919110775;628.4675031638351;1037.9107993132864
208;C14.0;0.9278466176816914;0.10710921843740735;0.8061428283536045;1.0627874261507408
208;C16.0;43.35278374396504;1.5975681914101947;41.68350978285782;45.650944839658905
208;C18.0;5.848083685052824;0.6966842792504977;5.005711796132874;6.6905105418525315
208;C18.1n7;1.1430875471978976;0.25075581970404925;0.8967642330397423;1.6014198858171524
208;C18.1n9;39.65157482870805;2.0802220885135907;37.2496747474376;43.031269727728265
208;C18.2;9.40576203433283;0.7306257675438462;8.722330585477826;10.51831118598633
208;C18.3;0.32204312116350287;0.017531706615873763;0.30008367045509043;0.3440264790848888
208;C20.0;0.3959047072687059;0.032458732638431284;0.34729811495336027;0.4228413661882754
208;X13.cis.beta.carotene;38.40065066766862;17.915214879572734;17.95456580798284;61.31570120068458
208;X9.cis.beta.carotene;76.47139450150594;50.22584226762548;24.153967674833666;150.2240150706861
208;eau;35.79745120931169;2.4264257163832297;33.069997600967184;40.009997846575125
208;ratio.alpha.beta;1.1435207903141371;0.12757450214691265;1.0165531083656758;1.3143262071829187
208;ratio.alpha.natif;0.4961825089658287;0.021643339388476682;0.47124689903449696;0.5235561436504512
208;ratio.beta.natif;0.5004392686534259;0.029604123498116853;0.46048442275308976;0.5357101651729297
208;tlip.MS;78.75422656987648;2.927302582059772;74.93717432345291;82.20346552369186
208;total.beta.carotene;611.5263617652237;382.78615738598603;205.78548155984623;1093.8915108196782
208;total.carotene;673.7363440415849;267.6568538009975;343.6340318147284;956.4493514340357
208;total.trans.carotene.natif;605.1780618450483;229.4893260449004;329.33385818292874;825.2326078085866
208;trans.alpha.carotene;313.1571285992729;140.93116951514116;104.57279860970677;479.49204122787
208;trans.beta.carotene;479.2971116452741;294.11561749006347;157.55552046323007;869.5621213040499
209;C14.0;0.5536407745125108;0.0714582577344058;0.4899858600974648;0.6611367065910778
209;C16.0;36.99245833120316;1.9437802105976978;35.309255874054;40.161091844426785
209;C18.0;6.030433274121919;0.345365656500049;5.69465235329996;6.645958954325402
209;C18.1n7;1.2148597468617095;0.11346195601173079;1.047036014622548;1.354833992432244
209;C18.1n9;44.05919125182451;2.3138654375064576;40.58336323327281;47.257191241549826
209;C18.2;9.132492246920732;0.24287962421792916;8.832867024023257;9.453345067194599
209;C18.3;0.2971881145596604;0.018515074222719564;0.27574872438431247;0.31951387854156943
209;C20.0;0.38298122210811986;0.01581589917884938;0.3591217958162654;0.40165639697484956
209;X13.cis.beta.carotene;29.050611201703067;6.091087385261765;21.75156232189544;39.0583312864439
209;X9.cis.beta.carotene;62.349852536795204;13.451641957566897;41.56110979870769;79.65870492300651
209;eau;27.32357051359803;1.770758818837676;24.555764361802616;29.685836091432343
209;ratio.alpha.beta;1.3282179825688012;0.19301382518189128;1.041749065731231;1.5860293361408802
209;ratio.alpha.natif;0.5468955777976342;0.04190527039470913;0.481026866088095;0.5953752881324231
209;ratio.beta.natif;0.4563607074694767;0.04318972457860769;0.39765828273028575;0.5211072181006206
209;tlip.MS;83.69654696248121;0.534749487816231;82.99384619494245;84.5877485862585
209;total.beta.carotene;491.2766798289345;83.08089670236498;399.7218773412784;588.1873297294511
209;total.carotene;827.7572854195674;60.562129146359034;750.4494464626533;916.3616463657651
209;total.trans.carotene.natif;721.2921782410796;69.07798022944938;644.8509499233551;824.8407306787502
209;trans.alpha.carotene;340.8750688114239;42.47236115046573;298.51955956675;400.50076949203816
209;trans.beta.carotene;375.8958648805267;44.97180831201697;316.54225350932103;434.5885614630144
210;C14.0;0.9430418265179702;0.0674163604263304;0.8381356957017089;1.0226868970360508
210;C16.0;42.41022301143799;0.716304313579221;41.322329249180186;43.203069316417505
210;C18.0;5.451992852943196;0.5553457951418657;4.953996473412584;6.51102629719471
210;C18.1n7;1.4653319931930116;0.12317775095137218;1.2571574726654784;1.5700628323040953
210;C18.1n9;39.74127640808476;2.1119262138153245;36.89995568862264;42.77260303724758
210;C18.2;8.549481011465522;0.5453184582499436;8.15807073323909;9.622673213517242
210;C18.3;0.41758070384435847;0.03872912027728477;0.36436910538047124;0.4484611246800938
210;C20.0;0.3589604659790146;0.009929273632886633;0.34171592744368623;0.36857251588975004
210;X13.cis.beta.carotene;52.129390984345854;9.975422032133027;35.9072870760748;64.56401673878446
210;X9.cis.beta.carotene;124.32368800194892;42.73538797907792;85.16708536053613;189.5053870404973
210;eau;48.50555632494129;6.264616961080477;39.71333398446285;58.14000076780699
210;ratio.alpha.beta;0.8940233510222337;0.3946065072967886;0.566196333083075;1.442970573454225
210;ratio.alpha.natif;0.41709805314945997;0.10525585533970722;0.33320757101483434;0.5582303793809832
210;ratio.beta.natif;0.584285545521312;0.10086393817327403;0.44507614505315046;0.6547485036003781
210;tlip.MS;74.93632729205966;2.006248945733453;72.84920345910969;77.76943283186456
210;total.beta.carotene;1036.3948979822671;187.6258783130757;771.8343773188241;1324.1147258186343
210;total.carotene;1436.4211214794805;547.7777715108508;882.3684487827973;2017.0422140891492
210;total.trans.carotene.natif;1340.6020825233447;539.0387131912505;831.8142111120475;1876.0469458800656
210;trans.alpha.carotene;590.5015155010736;185.30455702555238;373.8470054106168;870.144693373044
210;trans.beta.carotene;927.9209513701367;174.0930119976465;640.8957131026306;1124.8385354559725
211;C14.0;0.6824440895080653;0.1264017046366411;0.5005448398005953;0.8350479211348824
211;C16.0;39.139454938817394;2.788717618168495;35.28362760128168;42.11049108136295
211;C18.0;5.584289194968505;0.4079214133276961;5.1629792075982035;6.322099535166933
211;C18.1n7;1.1274507192672771;0.08611107009848495;1.0330264427833107;1.2406269549810303
211;C18.1n9;39.496836505929885;0.8175120818891666;38.67048681962818;40.77539392485881
211;C18.2;9.49539766883897;0.6916469734196681;8.6060065197013;10.208579448730546
211;C18.3;0.31004798318312843;0.06373200449735494;0.2290598811664275;0.4096844923073696
211;C20.0;0.4173655042625974;0.01141143350428094;0.40186004147465826;0.4299539287651218
211;X13.cis.beta.carotene;26.284023505529223;10.77772978394243;15.444451321468355;45.10652071427774
211;X9.cis.beta.carotene;52.34269223866634;20.233083962794858;34.656517073353;87.65712951337375
211;eau;34.896556316040765;6.852957605667448;26.370262747116502;45.85000121132937
211;ratio.alpha.beta;1.1784920420885263;0.22589446638806185;0.8709560459155183;1.4903531434489714
211;ratio.alpha.natif;0.48922125731529303;0.03169248464333893;0.44524842805118503;0.5351096927521058
211;ratio.beta.natif;0.5062658276060533;0.036385126227958045;0.4534536562629664;0.5532840130265263
211;tlip.MS;79.45828438266817;4.576080796224473;72.77160874037621;84.71008038367448
211;total.beta.carotene;417.62550576812464;194.9598667336201;259.9029872748434;804.4075012300167
211;total.carotene;548.8326157698336;170.24557144209336;362.20738586772694;797.1932719218293
211;total.trans.carotene.natif;495.54617600144735;167.97061842904242;326.0713686365181;704.0735543285415
211;trans.alpha.carotene;299.4613575236374;96.9932550985907;179.86663342264106;441.3289623292076
211;trans.beta.carotene;320.3894576267751;169.7865896478895;206.1378572087945;656.7035865287119
212;C14.0;0.6363679116627815;0.05511189710980762;0.5419609291798071;0.6837409562106549
212;C16.0;38.82300259052416;0.8384342144257428;37.99495784700213;40.29704238757839
212;C18.0;5.94659580966088;0.5376784326657947;5.320456195522803;6.512235106571867
212;C18.1n7;1.3284779319447813;0.13499579249325497;1.1791195476805154;1.4760907934859053
212;C18.1n9;41.59595630448782;1.4155324046007858;39.78838708606823;43.4421951672914
212;C18.2;10.398085724593093;0.18277931230070427;10.06099068661487;10.570959090582198
212;C18.3;0.23006264151515932;0.0594160135334221;0.16500869272403385;0.30171231774663476
212;C20.0;0.3869252967642183;0.022948449798477568;0.3529931693000736;0.4219103211231395
212;X13.cis.beta.carotene;21.79461225605581;5.484934262447236;16.44460597073429;31.77016188157182
212;X9.cis.beta.carotene;33.348206086623954;15.55219482831633;22.95569853623897;58.73543608976238
212;eau;26.035843054229176;2.6231301520133963;23.16548881191992;30.230095209563306
212;ratio.alpha.beta;0.7091978317291673;0.10667156167783091;0.6160201978274782;0.8730461709542573
212;ratio.alpha.natif;0.3927984519154873;0.03532748109385485;0.36234307668778204;0.44967977659509056
212;ratio.beta.natif;0.6135605996734262;0.040894093509527586;0.5487843963936155;0.6437981440372491
212;tlip.MS;83.5265964319144;0.4498133354152503;82.89549542790144;84.14256742646603
212;total.beta.carotene;385.06411047979145;180.72938036554817;241.74846988286467;701.6088806224734
212;total.carotene;478.24986192462666;218.24256859026607;314.9055512974913;794.7784980665915
212;total.trans.carotene.natif;439.8260580389299;177.86631167449264;322.41223281242515;705.5824474751566
212;trans.alpha.carotene;169.83163649953016;98.32500446047865;94.31102117035977;312.81800508885726
212;trans.beta.carotene;300.6159008952468;121.40144692473683;199.10408933005766;521.6118382236248
213;C14.0;0.5818334656255616;0.056116435088585395;0.509204463510384;0.6677657289181469
213;C16.0;39.20089756063073;1.4801524405281037;37.50301933021523;41.35451085036031
213;C18.0;5.545115248346329;0.2662825435119175;5.101880493439947;5.788218819015655
213;C18.1n7;1.3763540220434025;0.1202887819279089;1.1718217632987586;1.5236193322159535
213;C18.1n9;41.719237674072026;2.0937876328879197;39.547948575851755;44.5789382890066
213;C18.2;9.433580766198826;0.3681695385498947;8.95183216086682;9.910332086935828
213;C18.3;0.26078233494767705;0.025743990988146278;0.21417400453828697;0.28859943655163617
213;C20.0;0.373653516433992;0.03051436975116164;0.3293527082493254;0.40691527085973805
213;X13.cis.beta.carotene;16.816553942170966;3.863934560672383;13.070182986960369;25.092022989299192
213;X9.cis.beta.carotene;28.128621168592424;7.363882039675449;23.92195800439872;44.73218903985697
213;eau;29.68403917357948;3.1622282389916543;26.681537444606032;34.50999861648683
213;ratio.alpha.beta;1.030503527940996;0.21869066591527186;0.5923569060235487;1.3045026039447931
213;ratio.alpha.natif;0.4768226711249172;0.05512789376363629;0.368582567317721;0.5528129549444012
213;ratio.beta.natif;0.5164743928072146;0.062191463284275106;0.43496298902548525;0.6393224876571552
213;tlip.MS;83.65518953416058;0.3299380036864791;83.28110114612691;84.09990212860644
213;total.beta.carotene;230.33150353540245;80.81476931854056;166.42530243943693;404.149455587607
213;total.carotene;384.47649035728364;162.8698967585424;285.1466071021594;747.1527708376151
213;total.trans.carotene.natif;339.4574406100654;143.44962457865677;248.85727770407394;650.8263485901479
213;trans.alpha.carotene;129.53074087997928;76.55411332845313;87.7364147917789;301.46404487635596
213;trans.beta.carotene;177.0112782256862;50.44951233566274;132.04920283410618;282.762753007417
214;C14.0;0.9339635858244172;0.04579937060626988;0.8848017365610774;1.007664931715517
214;C16.0;42.3161838651282;2.1063268084875166;38.43406305963479;44.514426753532256
214;C18.0;5.093760780089409;0.465013784721581;4.774000224588782;6.016478594669735
214;C18.1n7;1.4591710695206703;0.07529863801114202;1.3471042160755302;1.530430931375205
214;C18.1n9;41.53670277621276;4.6180141798302605;37.794285576582006;48.41606860687335
214;C18.2;9.196126665179504;0.43879971287087627;8.601419862792484;9.85780720886579
214;C18.3;0.3617638703113169;0.03825498243565338;0.30459516808060877;0.41334108742035197
214;C20.0;0.35944500316298694;0.025664359328336474;0.31244350213937727;0.3875554342243358
214;X13.cis.beta.carotene;30.281851636480464;10.68718147615845;19.6657889979726;47.29068044881594
214;X9.cis.beta.carotene;68.92521541389978;22.355611091629893;46.4906811820588;103.45253412472076
214;eau;45.29322487865975;9.726652552137228;36.74083012423238;58.66999919312921
214;ratio.alpha.beta;1.029822972839472;0.18749808405401752;0.732848760385469;1.281685050858956
214;ratio.alpha.natif;0.48357484951663204;0.04537371121993882;0.4168261620531482;0.5441046065360481
214;ratio.beta.natif;0.5155338785000335;0.04736191577696178;0.452083676374469;0.5862483293199988
214;tlip.MS;75.71919226486864;4.097864823197689;71.11722699946935;81.24004501524476
214;total.beta.carotene;527.0736389214962;127.33512261550926;393.3780673900824;700.6314433154303
214;total.carotene;754.9624567254424;176.2136656874885;441.5066860978141;981.6726394240366
214;total.trans.carotene.natif;683.7123002825932;140.90105790650614;431.84257010333835;868.0323025423531
214;trans.alpha.carotene;373.0696833330001;186.03673096434608;174.59165398899256;721.8776249600933
214;trans.beta.carotene;422.9726818146851;107.95333984963298;332.29787820877436;577.1750792082397
215;C14.0;0.9074398269004651;0.140128248723941;0.697162365757682;1.0761173212214818
215;C16.0;41.72392744120856;1.0093590633898695;40.528606991946546;43.22251494130908
215;C18.0;5.549870133602287;0.4221681641598609;5.077042393457296;6.187187436359707
215;C18.1n7;1.2893699629731294;0.22687944258631937;0.9325818807081049;1.7034429047481994
215;C18.1n9;40.703138702886996;2.75284618219309;38.47228061461781;47.38626674502452
215;C18.2;9.311998868992456;0.6071875779980207;8.31546030919561;9.993434500945396
215;C18.3;0.35871824295972093;0.060158751457794035;0.2752762373412245;0.4395863979305104
215;C20.0;0.37803132098042724;0.022535433037993387;0.345110630948712;0.4216989540971274
215;X13.cis.beta.carotene;40.473356193891824;20.627796296073885;18.626968656514084;74.92259721188685
215;X9.cis.beta.carotene;84.22411061054578;38.019334346647334;33.81671064886202;137.68172520658916
215;eau;39.27948219935448;9.07451757195755;25.53683312036528;53.67999998902619
215;ratio.alpha.beta;0.8684945829092958;0.2041659871010531;0.6107929885296667;1.159326802645244
215;ratio.alpha.natif;0.42966252900626883;0.05361647855733302;0.35809555281502764;0.49372911051372614
215;ratio.beta.natif;0.5721031797999316;0.05580534329599075;0.5095480948313611;0.6496803335716131
215;tlip.MS;78.4721102984977;3.8433239806157253;74.26524448705095;83.58948090646119
215;total.beta.carotene;758.2498756426289;377.7129141042223;237.7459776522259;1287.2851755588367
215;total.carotene;1280.1653189780511;732.1934011197359;407.4566623805381;2223.66369546185
215;total.trans.carotene.natif;1164.1702501961474;650.652116550069;371.0060321454524;1972.9995981220336
215;trans.alpha.carotene;495.26178937512043;346.255865198846;160.4109145594067;1288.8672891038889
215;trans.beta.carotene;628.9102999992912;325.1868825884788;213.5494271428001;1128.0972529832009
216;C14.0;0.6011762588878206;0.060427776143965946;0.5275698162714585;0.7112245269776309
216;C16.0;38.57188174307503;2.6705986784328064;34.85537120769515;41.88966136677472
216;C18.0;5.622174278441892;0.24576857828104556;5.323002235593505;5.938575939217775
216;C18.1n7;1.376439262264747;0.16922754669655893;1.1424760280524846;1.5526158922357334
216;C18.1n9;41.51640941088682;2.180066103136358;39.730959537013995;45.60668429275874
216;C18.2;9.232326721523703;0.15218057519467126;9.094944025821091;9.48513551472588
216;C18.3;0.23485263116100155;0.03801295253953272;0.19191278082054297;0.28146862827490626
216;C20.0;0.35778862828074876;0.03821723620963413;0.32256717024133197;0.4080567406150118
216;X13.cis.beta.carotene;23.91846165826944;6.722173663840169;15.718698247144465;33.36451155667671
216;X9.cis.beta.carotene;53.40229850565159;14.760238784640356;31.58486411919148;72.72725503137082
216;eau;24.788167403677658;1.0345610034849453;23.37578911385118;26.243180322307495
216;ratio.alpha.beta;1.2012270483383365;0.24346030207697802;0.8585726825519826;1.5401072156294804
216;ratio.alpha.natif;0.5207762647635578;0.05288510371439312;0.4367043100050636;0.5836366221520592
216;ratio.beta.natif;0.47532196455761794;0.05914191294126687;0.39920667748910027;0.5605042579017993
216;tlip.MS;84.20902721033924;0.32697536852250886;83.77891678820446;84.51596999154982
216;total.beta.carotene;395.84890465565695;127.3968920006718;230.4473527622986;563.6857348516734
216;total.carotene;608.7094569993257;227.19820093509634;342.94334060434613;858.4490459473319
216;total.trans.carotene.natif;543.5725625297059;195.30641334689554;318.5188464076112;768.9007769372188
216;trans.alpha.carotene;261.24987102415736;86.4442816339814;133.86527244630904;345.62564886186067
216;trans.beta.carotene;304.17179016879163;108.27137317316178;174.89777745431323;451.95420060211706
217;C14.0;0.6200986588476699;0.07750425120111346;0.4630122161636854;0.6673894176534307
217;C16.0;37.119515748574045;1.4099805943363126;34.868238149447755;38.63945236184107
217;C18.0;6.0609258846056955;0.37621946926743743;5.513675272491686;6.5388731960444515
217;C18.1n7;1.4527649903781905;0.16555027470659403;1.2790599269970757;1.684862442258924
217;C18.1n9;42.987849446910815;2.6676686081657692;38.956558188844774;45.78274728117061
217;C18.2;9.580378652167894;0.7125748460154042;8.483027885828362;10.637170770688432
217;C18.3;0.29284483338010336;0.04896444127286017;0.21452055234626108;0.36261445033147444
217;C20.0;0.36866622026604;0.03664033003169504;0.3168460746727603;0.4094946928324939
217;X13.cis.beta.carotene;35.103008348380236;8.608130528499878;22.222505922925993;47.39042234454451
217;X9.cis.beta.carotene;77.66087418571695;30.235385554780475;40.05736942924611;117.62267994822245
217;eau;26.278270004386233;3.439900247628699;22.27099613046724;31.985712737109843
217;ratio.alpha.beta;0.9259269868475973;0.1934685816634851;0.6789029063186608;1.127515825331815
217;ratio.alpha.natif;0.4505824642758302;0.05120246868393147;0.3834427991823556;0.5003801175828034
217;ratio.beta.natif;0.5495910815752592;0.05484150482129444;0.5025516079245573;0.6262600591389313
217;tlip.MS;80.31425195687773;3.46773947208516;76.26740224951845;84.25138637805304
217;total.beta.carotene;593.969042489012;145.07742371473825;395.84765545834824;814.4778152030168
217;total.carotene;899.6781946716246;433.9885390437583;519.6423241297026;1749.4107945553644
217;total.trans.carotene.natif;793.7749852822329;389.9239703833658;476.91564899182544;1564.503010527849
217;trans.alpha.carotene;418.67588652727505;242.72390019178093;263.3151212581301;900.8903846193201
217;trans.beta.carotene;462.76475972806014;99.08086709355688;332.63914602263276;625.5396606569028
218;C14.0;0.8714012018734577;0.07033865760808743;0.7239382343247677;0.9451654535159397
218;C16.0;40.825161499062126;1.6396436096937974;37.852355687929666;42.72629272028853
218;C18.0;6.047483925079642;0.40984415871324326;5.581687858292229;6.832758056504994
218;C18.1n7;1.3508539809857458;0.08984197688423713;1.196217857728578;1.456702363129009
218;C18.1n9;42.75471405129712;3.5094438040957847;39.79860224947802;48.96890230908729
218;C18.2;9.70080872879207;0.4876863995002538;8.652205979018749;10.26383616560441
218;C18.3;0.4100785322165283;0.03019419139195169;0.35716339233967637;0.4450947558707044
218;C20.0;0.39217718952635566;0.011364082395549084;0.37618737698582266;0.4050421694118544
218;X13.cis.beta.carotene;33.25785940945675;6.94821446113596;22.41038263569119;47.044678813744746
218;X9.cis.beta.carotene;55.29458295475773;21.71367364071949;30.906631931048146;89.19269710812638
218;eau;62.81333206922214;4.755173276768884;57.38999859507031;68.58999739937445
218;ratio.alpha.beta;0.673491770886984;0.2039380334116664;0.5532577214405981;1.0398988862568779
218;ratio.alpha.natif;0.36925941414069513;0.04678375752847748;0.33886908952573047;0.4661135145887234
218;ratio.beta.natif;0.6304250452746692;0.0476320498957101;0.527946749497189;0.6632412726712711
218;tlip.MS;68.91670009609362;3.4414706631057332;64.22924547530997;72.95056085177015
218;total.beta.carotene;565.0242927993007;81.39885032195349;419.6629021462041;660.8206683395665
218;total.carotene;614.5550394504096;214.24434820781437;448.5783448228902;1113.9368691512777
218;total.trans.carotene.natif;565.0912575139029;207.09392294142305;415.07561913497733;1058.396716852143
218;trans.alpha.carotene;230.77953091398663;61.291289033928386;154.21588804503355;347.95480921652563
218;trans.beta.carotene;460.6816037014613;66.73306021827085;362.8116199482091;568.8979776806891
219;C14.0;0.6437399902707616;0.07381914476853792;0.5351439968064543;0.7245852964674329
219;C16.0;36.83476352260503;1.5820357689411169;35.594505092757174;39.65816295021721
219;C18.0;5.910420563437671;0.5161160112060141;5.463314571813663;6.905702209423579
219;C18.1n7;1.3187771564156876;0.12745669532345336;1.1534871112280012;1.463323900299662
219;C18.1n9;44.194016937501864;3.1081012362932303;40.38929001961661;48.0192877701599
219;C18.2;9.376688625714248;0.4089534852327111;8.930572150597136;10.106322644544152
219;C18.3;0.23313678766910637;0.018101533724813965;0.21516649774350516;0.26425789901027996
219;C20.0;0.4220174952814583;0.0555072692870299;0.33187763642186174;0.4793719217220263
219;X13.cis.beta.carotene;26.641987408001356;5.010572793025823;22.217950499269037;34.78012855084028
219;X9.cis.beta.carotene;40.23430279836548;7.936709141137726;32.91876103017633;54.65905010213468
219;eau;20.398258018007134;0.644796371890523;19.68083149640357;21.441111469690053
219;ratio.alpha.beta;0.8544262135253898;0.07676784996193792;0.7272318118654544;0.9575615784687445
219;ratio.alpha.natif;0.4395216459818562;0.022399461029415972;0.4004874370180595;0.46604491631777223
219;ratio.beta.natif;0.5552022864380366;0.025518882409876403;0.5318622361356887;0.6010469703034553
219;tlip.MS;83.99168752241074;0.5468634797372315;83.27871142338712;84.72806601856783
219;total.beta.carotene;300.7485602445695;49.23081214699717;224.47440716098288;372.20876238399086
219;total.carotene;537.6441088362009;166.0658623257085;381.44343473886875;743.9768030944317
219;total.trans.carotene.natif;459.90395383787296;137.60333400735843;317.43995148938865;639.3388965216744
219;trans.alpha.carotene;179.88423572204078;46.211747984672606;127.31785666846086;253.15354806205
219;trans.beta.carotene;225.27994044794673;37.51417247932247;161.21533577613837;267.6739271533993
220;C14.0;0.5380483329433515;0.04766489493534233;0.47191186917508204;0.605149109172192
220;C16.0;35.37059530968599;1.341711843453941;33.73809594205747;37.07120820437617
220;C18.0;6.027349915386775;0.46752267143927434;5.506285490784953;6.650781187819635
220;C18.1n7;1.356781353964165;0.14108757821078435;1.1860226130345934;1.5975569254852227
220;C18.1n9;42.50126687029525;3.0834407908503363;40.098811535772114;48.23601523658099
220;C18.2;10.134937206867413;0.6445713026927998;8.960830806820384;10.717302202895716
220;C18.3;0.24016197647302875;0.05556800156962568;0.1738959478446283;0.32719539656834684
220;C20.0;0.39004087918788305;0.03979978329721761;0.31245806324207126;0.4209818765762929
220;X13.cis.beta.carotene;26.57212314122174;7.422725936659878;21.802662215383265;41.004303643562984
220;X9.cis.beta.carotene;41.032206784762046;26.982073955422294;24.041726403783706;94.77418803298802
220;eau;23.532006806214962;0.6418470133569416;22.95372573228914;24.700555874151497
220;ratio.alpha.beta;0.8595063098108904;0.15572913133611116;0.6470391419736548;1.0127113484294334
220;ratio.alpha.natif;0.43184779758554065;0.043066355696456116;0.37892116633964307;0.4781983923673033
220;ratio.beta.natif;0.5657939785553879;0.04604740905541378;0.5097180706166342;0.623715194420472
220;tlip.MS;83.98338095167243;0.585811865571273;82.99329587471469;84.50113794700277
220;total.beta.carotene;529.1529019998635;185.2443524331927;361.2473684896024;831.6907618275778
220;total.carotene;837.2628938324743;519.0350589571292;421.3006164820295;1812.7543532694485
220;total.trans.carotene.natif;749.7490216345947;418.62190286267423;362.50819150736015;1525.910951478852
220;trans.alpha.carotene;284.4447013875532;148.26542077725438;135.40754648208028;522.1552484672962
220;trans.beta.carotene;421.4441308684243;127.37082908527262;322.7933177901399;645.612084577938
221;C14.0;1.0130181900326278;0.1029423213687505;0.8460616537136906;1.1130140813429032
221;C16.0;44.97175532349104;0.8138655099441783;44.024764021269185;45.93416377996255
221;C18.0;5.21532769415188;0.30361674920966714;4.890495616827937;5.712118242737451
221;C18.1n7;1.319815103108444;0.11722105315282001;1.1469276068293872;1.4060803635378243
221;C18.1n9;38.44827836058451;1.9480931743106709;36.980672167723924;41.86436311662821
221;C18.2;9.859895757293087;0.13018054311186478;9.613036595319256;9.988006008958648
221;C18.3;0.32905421437891463;0.021100855288056202;0.30588980241516683;0.36030487081220586
221;C20.0;0.39595673283593874;0.022267728447846347;0.3610900216517257;0.4265792050682623
221;X13.cis.beta.carotene;32.26457676586547;7.7003000862480215;26.446335293272362;46.85449504222148
221;X9.cis.beta.carotene;52.64394845931816;29.649695582286405;35.31198153797605;112.65234176898333
221;eau;42.500294543598365;6.7670648013624835;31.13176574550567;52.17999822055413
221;ratio.alpha.beta;0.8164291614068864;0.26393643155985663;0.5722621602490621;1.2263993435292035
221;ratio.alpha.natif;0.41207086905808993;0.05743640724748958;0.3624929230600349;0.4968540664955258
221;ratio.beta.natif;0.5851079709003273;0.05659324617436221;0.5075891389187516;0.6372716073043341
221;tlip.MS;76.53430312923149;2.5341262365505965;74.49048779670045;81.27878943446524
221;total.beta.carotene;493.13393741588044;160.81872662634558;294.52888779136777;716.3308439254132
221;total.carotene;665.437140999829;207.49529224984389;437.07562285691534;922.3285552510753
221;total.trans.carotene.natif;577.1396230323684;192.06393655329867;378.4265318730726;816.0547259943338
221;trans.alpha.carotene;262.42349876415534;85.42967001812256;147.89253849236573;377.38674113256116
221;trans.beta.carotene;380.01609203170716;137.2198793736787;226.4227682538887;587.8980589322176
222;C14.0;0.771254892775243;0.1967955042940568;0.5607914414570703;1.068033073588871
222;C16.0;41.817789081967675;1.2627549918527712;39.936438225973504;43.244092437258416
222;C18.0;5.908692679174368;0.5323105321263795;5.349413118520155;6.652924526546982
222;C18.1n7;1.4954623083401317;0.09479155550777915;1.3950582983675548;1.6717828549839862
222;C18.1n9;42.478880105108374;3.447230812108245;38.735779712063085;46.633984276710926
222;C18.2;9.623788598447524;0.29791325079199776;9.247469325268224;10.128018279377683
222;C18.3;0.31018338568677106;0.02024427496196965;0.2742958556240397;0.3365341941193431
222;C20.0;0.3892489665285757;0.009841600532555813;0.37605651299591986;0.39883698154741515
222;X13.cis.beta.carotene;30.232238551947194;4.436798615680391;25.723266543269425;38.240084298369375
222;X9.cis.beta.carotene;48.086622347749596;17.551308046968124;35.900681085342214;81.96658553210193
222;eau;33.772806393275076;2.3356422878070346;31.410001988240356;37.61000098459063
222;ratio.alpha.beta;1.2896122620684498;0.059445933459431666;1.2422291373220347;1.4053947360332355
222;ratio.alpha.natif;0.5226597053502201;0.011680892343031022;0.5084722282577403;0.5433773371897715
222;ratio.beta.natif;0.4663270558169021;0.014847099394167349;0.4463578919075466;0.49193853047769065
222;tlip.MS;83.06818622757146;0.697230163748286;82.2783154738921;84.11157920973231
222;total.beta.carotene;331.6416184653811;149.39802833945632;239.4811283094305;631.0110629174642
222;total.carotene;571.9676503547739;390.70611281722506;374.2465108783924;1364.95940204903
222;total.trans.carotene.natif;505.15650133337766;373.861893670875;311.02453081220824;1264.2825752723663
222;trans.alpha.carotene;173.30403178913448;49.854429645041904;141.9163662322886;271.86615631171605
222;trans.beta.carotene;254.5655368733259;90.38549375414544;187.05543443228783;433.35849671608196
223;C14.0;0.8022907194693033;0.2050421596470668;0.5574432959334463;1.0539469887038104
223;C16.0;40.089051180800894;1.8116477831887552;37.77158401001394;43.47740329585427
223;C18.0;6.540225131366153;0.6207631108645089;5.366523900406293;7.102714654367232
223;C18.1n7;1.1552142640689178;0.04298348983050644;1.070236983068785;1.2022094753830235
223;C18.1n9;43.81090047818823;2.656751205303186;40.62458635755058;47.8938535211621
223;C18.2;8.73615440994854;0.21913483635668232;8.477974233113496;9.028847714355644
223;C18.3;0.38717079520099834;0.029014691526687595;0.3406803860007259;0.41622293785078796
223;C20.0;0.42316702661776634;0.011528350196431548;0.4085663531662813;0.44324843752172227
223;X13.cis.beta.carotene;75.72403825492789;10.092797005713878;61.79851769284;94.36226428024963
223;X9.cis.beta.carotene;156.99262195944877;20.691518821089666;128.65291188037654;182.2135048683014
223;eau;32.39551574292429;1.8990543403765994;29.75000246372938;35.02999894765407
223;ratio.alpha.beta;1.0391509410512942;0.18455189408747125;0.8443125254940541;1.333979150653283
223;ratio.alpha.natif;0.45347034209431236;0.04323623811003632;0.40126373818221617;0.5225584954527366
223;ratio.beta.natif;0.5493883663587699;0.04358317521260989;0.4889544146206785;0.6141105779218895
223;tlip.MS;80.65125592092411;1.8371898931516821;76.66315477085072;82.43801061105755
223;total.beta.carotene;1129.5563629886317;112.09178881513229;977.1876901434157;1305.2661919167222
223;total.carotene;2023.7121766943499;235.98013082576742;1702.1945387518695;2328.7384290847713
223;total.trans.carotene.natif;1763.1963328916709;173.92421873135456;1519.0551133375009;1961.9560504696385
223;trans.alpha.carotene;1080.7119692755887;168.21881147300488;807.3830990317626;1399.6950035967852
223;trans.beta.carotene;878.4224821624049;83.57199492551125;775.0315136143504;1011.4430687569918
224;C14.0;0.8802052626868458;0.12706347897575432;0.6825947187681742;1.0127561863621117
224;C16.0;42.9716281808869;0.8821823461749153;41.40080066597389;43.874932412305455
224;C18.0;6.215313004195359;0.6256133957850113;5.578097502293816;7.154569600236643
224;C18.1n7;1.1955593527828132;0.1534440675563763;0.9560995996533884;1.372828701516365
224;C18.1n9;45.26239318422511;2.8272514095379324;41.50361184773569;48.39831117676023
224;C18.2;8.467168925348135;0.15506004237272403;8.263927867130224;8.579434631087691
224;C18.3;0.2998235047763415;0.05741836349508146;0.22386419788365014;0.38055736330856577
224;C20.0;0.39233366192309854;0.02456008855733261;0.35600322789360667;0.4235784654887127
224;X13.cis.beta.carotene;34.80585832747938;6.191198651611094;27.36053072252597;41.98460405470032
224;X9.cis.beta.carotene;73.7745048979854;23.38697878973133;47.46953476220901;108.22370674249619
224;eau;37.2078549875368;8.75157959035036;30.44000207397835;54.66999848461257
224;ratio.alpha.beta;0.7084570311697683;0.1272126706172086;0.5746380591488687;0.8689476398596624
224;ratio.alpha.natif;0.38223949265994245;0.03552448512387186;0.34876978171272277;0.42759183846496235
224;ratio.beta.natif;0.614713074176538;0.03720787313240106;0.5660577810070884;0.6532791455318125
224;tlip.MS;79.7596488757307;3.0649534046849185;75.53488810896346;83.60304961628037
224;total.beta.carotene;404.9996366900002;112.62228656866672;268.65984097373797;578.0959255769064
224;total.carotene;656.1589252877927;210.86087212966993;415.2398140871853;871.6770441208646
224;total.trans.carotene.natif;536.127282344022;179.3123419400155;352.5740923766508;723.8106389591593
224;trans.alpha.carotene;230.9094522450272;95.85466862515084;128.17463709177696;345.8836315581017
224;trans.beta.carotene;310.686634036564;72.13428736766305;217.61219256019598;426.25153670575645
225;C14.0;0.5863532723056976;0.20214514813256096;0.41868780903164426;0.9415891193663996
225;C16.0;35.069593319233135;4.166369893773961;30.330151154795068;41.36032183702767
225;C18.0;6.952765695957066;0.5787328211967359;6.389383557314404;7.751153812129216
225;C18.1n7;1.133316402314412;0.22824689080282812;0.8479402001725944;1.440999936562067
225;C18.1n9;46.34266109334441;4.293446141665073;39.37293752858273;50.56279874747853
225;C18.2;8.332601054458754;0.2691210844884766;8.066942818746506;8.827329645994315
225;C18.3;0.35019981475691414;0.0388739377327234;0.31253645818066017;0.4038633809388591
225;C20.0;0.39414536240140485;0.04102415546963538;0.32626752112433705;0.45521101193302166
225;X13.cis.beta.carotene;54.83799639219004;11.231445212945204;44.90978253028451;72.34955305735842
225;X9.cis.beta.carotene;128.3477848552662;24.443883623878406;99.65371127845525;155.1153044517665
225;eau;27.836806238948814;1.8666544658228583;25.561538251468477;30.170836596341914
225;ratio.alpha.beta;0.8113732804730773;0.16683475332753667;0.6855776875887204;1.1380101870571624
225;ratio.alpha.natif;0.39355225859845633;0.05243964870908123;0.3545292392554263;0.49596501152539557
225;ratio.beta.natif;0.6057162642171058;0.054389802898471194;0.4972875997750247;0.6414969810518447
225;tlip.MS;81.56341414690336;1.07972978125567;79.78373792593082;83.00706287809355
225;total.beta.carotene;843.7612823332197;190.8761899511425;565.6309264453902;1042.4643802457945
225;total.carotene;1511.6332692670755;377.3199553683674;1068.9243876678372;2101.7640018127076
225;total.trans.carotene.natif;1336.2445584424088;330.349794831468;922.7341042775446;1807.0701077482775
225;trans.alpha.carotene;560.9038757140984;257.0270291645461;424.67866215172563;1079.6792518814011
225;trans.beta.carotene;668.3808385470767;156.85411457117664;448.2978267331882;832.3268387698548
226;C14.0;0.8584144548086917;0.14256404008415235;0.5946149592435286;1.0875130975266645
226;C16.0;43.76070003583608;1.2355572554665408;41.68322339988763;45.167867486685765
226;C18.0;5.948610977626791;0.6142002600496137;5.27000375840105;7.126308603355013
226;C18.1n7;1.2775091370749196;0.14075562486091386;1.1463692940960124;1.5263189815979694
226;C18.1n9;43.16167823424974;3.3085622217702406;39.40950864422421;48.40040531547981
226;C18.2;9.184068919485998;0.3421152031896756;8.420544111219066;9.648424268114068
226;C18.3;0.27363982529477504;0.04194501760198542;0.22608203845129402;0.34421724128513076
226;C20.0;0.38566294778619553;0.018746229909248655;0.3607608358728828;0.4183574736382819
226;X13.cis.beta.carotene;29.55848723871211;9.711312865650557;21.430176758456312;51.00466240970955
226;X9.cis.beta.carotene;52.84708370452059;19.716135234997434;34.31111597029444;83.90688888822763
226;eau;31.58026848667885;2.338328607857168;28.52156351937082;34.850830494937426
226;ratio.alpha.beta;1.0450576547130037;0.28421369758918485;0.5990070603303003;1.308705306700427
226;ratio.alpha.natif;0.47781379436569543;0.0720905961393836;0.34652734031571764;0.5500023208660672
226;ratio.beta.natif;0.5142435783659096;0.0797597314585614;0.4368981139476623;0.6535258060440243
226;tlip.MS;82.12666216505295;0.8197522256100008;81.32691501281438;83.55448972515285
226;total.beta.carotene;388.9550337221237;127.63223866097674;247.84542325417556;627.4895544099277
226;total.carotene;620.231792471564;235.64896680257624;409.93263223298794;971.7794463195592
226;total.trans.carotene.natif;521.9405246045947;206.06202121482164;347.16248262787644;830.1617954807218
226;trans.alpha.carotene;209.7026167989148;92.53081560042676;125.79754785389619;358.741598735076
226;trans.beta.carotene;299.57095660767493;108.40816138941659;196.706599464258;501.9045357956911
227;C14.0;0.7616337872066102;0.15560086622135616;0.46604858534188337;0.9327584129939743
227;C16.0;42.671136438101264;1.8790533883416025;39.293707526711906;44.907437797889095
227;C18.0;5.853923350533786;0.3376594752783815;5.372713176659001;6.32960622343176
227;C18.1n7;1.3724225283396516;0.10169503465031474;1.2378970325647192;1.5328500945150867
227;C18.1n9;43.34004849024778;3.658825127635759;37.9473342685003;47.761013651190666
227;C18.2;9.312995624574151;0.3247379274808671;8.760073725260646;9.664295593811651
227;C18.3;0.21304006609916987;0.030017788996293822;0.1721528307621353;0.2614560813750648
227;C20.0;0.3700927279061047;0.03780846341626722;0.32539183954189915;0.4326413983621181
227;X13.cis.beta.carotene;23.337770962280768;3.9488928306297084;17.65918546318439;28.554635903914026
227;X9.cis.beta.carotene;38.48214119840299;8.765139434652859;31.486020798591053;52.03275425779635
227;eau;23.166461041106636;1.1634542660235494;21.276388351052823;25.119023031365337
227;ratio.alpha.beta;1.233468991565362;0.14594955456190686;1.0349846700964749;1.4058287639943494
227;ratio.alpha.natif;0.515162448930036;0.02722993125648361;0.47060784285645646;0.5415977092645631
227;ratio.beta.natif;0.4767473496534483;0.03009064169538531;0.4450299896057739;0.5215332712886837
227;tlip.MS;84.09369298164358;0.3608517744939512;83.64638786926318;84.59686010024448
227;total.beta.carotene;311.0147573464141;58.33286262066291;221.37504461170712;373.9636292885797
227;total.carotene;438.96739330469427;146.58011974665268;354.01897473825045;766.7543798157503
227;total.trans.carotene.natif;381.78354768704764;89.41957337920718;316.7392317138805;576.3647082956323
227;trans.alpha.carotene;148.9452053049301;26.32195021950042;118.67103805224433;194.78187124813377
227;trans.beta.carotene;247.264667255908;45.58542714366587;154.23126925675226;297.0985308525796
228;C14.0;0.877493505731537;0.1707379325067738;0.6162172533950411;1.0326004405175242
228;C16.0;41.632957049195085;2.165463973805529;38.915604957822644;43.92241153578373
228;C18.0;5.872861438039998;0.43833612826604623;5.339398197271151;6.5625317730483825
228;C18.1n7;1.363494838245026;0.09628892405215504;1.2107840192774488;1.4760088380286838
228;C18.1n9;43.889906481841514;1.3288279669739946;41.82463335424709;45.30680975512226
228;C18.2;8.974609665858193;0.7176661886304617;8.045430643431978;9.861320031937597
228;C18.3;0.2339553706674448;0.026444067614013033;0.20413258122317474;0.2650524343288638
228;C20.0;0.36670163282780344;0.022085522078586894;0.33804819199005737;0.3872806198590386
228;X13.cis.beta.carotene;33.717974986308796;8.296953472694897;27.47842779276836;43.60280766184512
228;X9.cis.beta.carotene;59.81024450423813;21.838308801607763;37.77479624916221;83.60519848056758
228;eau;23.480711908025846;1.7668570284207432;21.681666787064888;26.075500792468233
228;ratio.alpha.beta;0.98013440862726;0.36851322940054293;0.7004352253516954;1.5463514427651932
228;ratio.alpha.natif;0.4531028581731051;0.09013480633866344;0.37009317226604055;0.5860376200716807
228;ratio.beta.natif;0.5440300385794927;0.10136700171206128;0.39930543799869284;0.6417638941065494
228;tlip.MS;83.93889847880914;0.7934230308889128;82.71785866845501;84.6724360080446
228;total.beta.carotene;478.8175253619871;115.90853444059644;378.7767631443472;606.1091479001852
228;total.carotene;799.4628689012387;335.7924899948566;441.7603648407114;1354.1059050688907
228;total.trans.carotene.natif;694.7884026611764;292.19638734714096;378.91944191167;1176.275382901855
228;trans.alpha.carotene;267.6280553408655;70.78302449466644;167.7872887355861;362.7549797139021
228;trans.beta.carotene;386.6144971114441;95.49675402363094;295.2930207732998;518.7344604353385
229;C14.0;0.9874954903105747;0.17311376285968752;0.765395775466641;1.1621890009759217
229;C16.0;43.22029918381863;1.2008049226442596;41.73535300457674;44.407069818808466
229;C18.0;6.136091954061924;0.5366641335831446;5.649222010613391;7.04549433506711
229;C18.1n7;1.1915888877071572;0.17321893662948526;1.0604130780484682;1.4733596457530678
229;C18.1n9;41.662764597516706;1.624902330253125;39.74898723369039;43.798779592635015
229;C18.2;9.49389674941507;0.400269275691209;9.020238263034582;9.919978055619628
229;C18.3;0.26742470177062583;0.03100486668244164;0.24260909370873984;0.32135264164709115
229;C20.0;0.3971937250182768;0.043576329748235984;0.320955933059605;0.4278293712486006
229;X13.cis.beta.carotene;43.48491637934037;5.262067215180391;35.43728738774822;47.27904852694236
229;X9.cis.beta.carotene;81.36488911686557;10.495376854594973;71.119801661299;98.22571419692461
229;eau;19.619778317640304;0.789026774849063;18.90999898105429;20.750002230339465
229;ratio.alpha.beta;1.009338741523206;0.0535153177547304;0.953383987436053;1.097352155574342
229;ratio.alpha.natif;0.45825961722934777;0.018829684659655583;0.4346102795545905;0.47887555481529775
229;ratio.beta.natif;0.545269471682636;0.022943835799787846;0.5207504810770787;0.574419443126321
229;tlip.MS;83.39101413702932;0.6916651518558753;82.63451179609262;84.3457914009108
229;total.beta.carotene;547.3996098846095;57.79959928248795;455.17179332321103;596.3968740332415
229;total.carotene;946.4122937942195;198.5503242136648;775.1500908656745;1177.9583739390869
229;total.trans.carotene.natif;805.9670279714404;169.7792909211309;660.5087696131982;1000.3737964151404
229;trans.alpha.carotene;285.84493216552346;42.044825872286026;227.28200497056838;340.0447350866166
229;trans.beta.carotene;439.6312839363992;38.223624559295764;386.7156457444546;488.4651813592203
230;C14.0;0.5727346039721919;0.2513634775766342;0.34944127686038606;1.0712391280576394
230;C16.0;34.81991867516284;1.7042544333295326;32.75875101734884;37.82986910999772
230;C18.0;6.113161095629161;0.7396597593079023;5.469876707008246;7.190386196151993
230;C18.1n7;1.2498740337931857;0.11442867265148732;1.0669082124879374;1.3707949572607419
230;C18.1n9;46.50322674082657;2.1785840806987453;43.067178655722586;48.850910778402294
230;C18.2;9.14336069493979;0.6578881758597375;8.097929550084075;9.97217930560367
230;C18.3;0.3189840502150189;0.0636049353174594;0.2194219703555321;0.4084830432645147
230;C20.0;0.40263655426904854;0.018462390995824484;0.3736376419823006;0.4225188515078908
230;X13.cis.beta.carotene;51.19563825213237;9.096423511112146;40.53180525585954;64.48088282614441
230;X9.cis.beta.carotene;109.53778751346019;29.800214555036543;71.34968303326453;157.16720387474234
230;eau;26.606987174223104;4.597277481681828;22.421334570482628;34.14577591580128
230;ratio.alpha.beta;1.154340000617087;0.15586870608410489;0.8809393671076632;1.3282140764971269
230;ratio.alpha.natif;0.4860068106962987;0.048262770041360974;0.39111794391359134;0.535683314538104
230;ratio.beta.natif;0.5109584147863958;0.05383839688762811;0.4485458547337842;0.6086143963073654
230;tlip.MS;80.81844630259901;2.6919425324642474;76.54242111080555;83.44398415750993
230;total.beta.carotene;819.4863929290349;150.89897984126185;668.1740857527528;1111.553180990812
230;total.carotene;1181.0046621030258;256.9924408838521;845.5389423455026;1590.2697939591005
230;total.trans.carotene.natif;1070.862302010618;244.62685714581588;774.0456359128027;1511.4751685773438
230;trans.alpha.carotene;709.3950482463878;276.16801551249023;347.1974474203622;1018.4095645139762
230;trans.beta.carotene;637.1923519571995;130.96777861704876;525.9485591103564;866.6502443442643
231;C14.0;0.7813812840111863;0.19037655124627184;0.4848214581008684;1.1138437476084897
231;C16.0;39.82977554878147;1.9196165698026906;35.55048847764568;41.29032900982997
231;C18.0;5.721010273487386;0.26319512278334395;5.347996810976681;6.03230385110468
231;C18.1n7;1.2482662525547945;0.05289626413628171;1.1755888176159093;1.3245100837711743
231;C18.1n9;43.37941453022563;3.282694535759696;39.81723978812125;48.11220199646719
231;C18.2;9.357571793466004;0.29385609134483526;8.858510139483178;9.837972552773659
231;C18.3;0.2650870682404905;0.0798456896561749;0.18202087725671037;0.4026912247263412
231;C20.0;0.39436876626696815;0.020585148775991213;0.3669298562757479;0.427877842786016
231;X13.cis.beta.carotene;37.06021978513758;9.56222212149788;28.309879714675866;52.03793375996277
231;X9.cis.beta.carotene;56.73303797930714;30.36511670201939;28.76331947904539;110.34967421492696
231;eau;32.29634268999717;6.794589427889026;23.820373296809194;42.90000044185047
231;ratio.alpha.beta;0.8956206888968197;0.07293564972725683;0.7903936392304213;1.006910396531794
231;ratio.alpha.natif;0.4358985741282978;0.020985889946060956;0.4032806811340978;0.4623593541123017
231;ratio.beta.natif;0.5700510690165157;0.0225803845734758;0.5384324659962264;0.6012153645736599
231;tlip.MS;79.41656209509905;4.4901450774686635;71.64030974800626;83.32151638441017
231;total.beta.carotene;394.065025552844;169.49108889175733;198.38270996194754;631.5724232363364
231;total.carotene;597.4540969277998;220.4454223416313;374.0782843232535;899.0587604349016
231;total.trans.carotene.natif;523.7728949138478;196.33777517118398;318.71684545001483;821.821263253419
231;trans.alpha.carotene;253.283917699667;126.12175787597971;131.65224064540996;446.11194366724305
231;trans.beta.carotene;330.3429552017562;136.13205210130883;193.58112523816635;514.4978178640231
232;C14.0;0.6045033908183621;0.22133074753549814;0.3387212899098298;0.9654072352858928
232;C16.0;36.056289316432434;2.516382310162602;31.73235422171864;38.80680288565193
232;C18.0;6.385865773159715;0.6256186256369327;5.672927303329463;7.381411733690684
232;C18.1n7;1.0811686975870625;0.06673182461045206;0.9975455871142549;1.1789239434679377
232;C18.1n9;44.99554413357561;3.68061497614607;37.82831851696497;49.691195647415256
232;C18.2;8.955430438411494;0.4951781627938944;7.990713805674491;9.575673611021788
232;C18.3;0.25828865167722526;0.07589784325134387;0.1877253581311737;0.41191625000705534
232;C20.0;0.4471014683621372;0.011829860737654092;0.4340542505966849;0.46392188168647164
232;X13.cis.beta.carotene;37.13180160568255;10.087768906236054;27.988522075363502;57.91402137775582
232;X9.cis.beta.carotene;62.72543267081022;25.871662211634522;38.800381977653124;112.01673629195726
232;eau;23.81416938808266;4.896827573416084;19.468889658633383;33.544524399846175
232;ratio.alpha.beta;0.9690623290220558;0.13213299426023717;0.8163689181852144;1.2091971884609096
232;ratio.alpha.natif;0.4468660564276279;0.024749872684800108;0.42203878437238085;0.489439333496067
232;ratio.beta.natif;0.5604939947182256;0.025903066987313164;0.521029442821582;0.5864632117138874
232;tlip.MS;82.76903639768886;2.991854160271897;76.22748394144438;84.69414373802857
232;total.beta.carotene;465.43221928011127;251.38502247791305;279.56764423181494;983.1104362345366
232;total.carotene;615.5694450518886;183.33425113676398;392.17250890389437;893.5723564899695
232;total.trans.carotene.natif;533.7840542474065;152.48898100770495;343.824756402436;759.8858411695524
232;trans.alpha.carotene;426.40172732114127;356.38790133319264;145.65695123947233;1016.0549937109827
232;trans.beta.carotene;347.50460886616685;183.7118058607315;210.2334141276061;720.0102193230508
233;C14.0;0.4130349485694905;0.07190016467491771;0.336552468320627;0.5422900857963378
233;C16.0;32.323971596400995;0.7045253652020476;31.520766538108095;33.39412728440811
233;C18.0;6.167430910657585;0.6709913340956458;5.322984215500551;7.245783046735731
233;C18.1n7;1.1965284148975812;0.09815109523007177;1.0881276834965314;1.335785342983185
233;C18.1n9;46.139407190879176;2.5696711787211224;42.18063678508847;48.61805034664282
233;C18.2;8.604249220271623;0.370124311825762;7.933115361113286;9.029248174418973
233;C18.3;0.33377753995557535;0.05514588624825252;0.2563446360343971;0.42624563133906895
233;C20.0;0.3922638899016976;0.024977894766853654;0.3565074587476266;0.42598162566108455
233;X13.cis.beta.carotene;49.19829509806786;8.752985149525728;37.20724279284673;57.95116959125988
233;X9.cis.beta.carotene;108.51268849217249;26.09859830688624;71.81245750716127;140.9581206891581
233;eau;24.40357371367609;4.318774109387243;20.688999840618965;33.09999951008974
233;ratio.alpha.beta;1.1716163830372395;0.1366323323183209;0.8979027956188022;1.2868515380773868
233;ratio.alpha.natif;0.5043498910018741;0.04128875206127416;0.42578609640160425;0.5432558764525334
233;ratio.beta.natif;0.4901610142470314;0.044987838667012094;0.45531713112041244;0.5814409910269982
233;tlip.MS;82.44407442886764;2.944945949794713;75.29120001288241;84.07853814137849
233;total.beta.carotene;772.3408972479821;107.40526567105172;641.6068536897722;939.5447094622738
233;total.carotene;1637.2903881046072;396.0623707633568;1117.3171491093715;2201.1279113349456
233;total.trans.carotene.natif;1476.6341992851867;403.28226774667206;907.0875957774174;1958.3727078011916
233;trans.alpha.carotene;614.3818001299876;318.3987581030581;346.6507034375858;1186.541671966529
233;trans.beta.carotene;691.0099157304279;127.20687833498026;530.9673009265643;853.6387303811396
234;C14.0;0.5918985249263742;0.15804253366513024;0.4063289996985086;0.8054710458087995
234;C16.0;36.764508048576324;3.159802048818017;32.96603910569067;40.78756686393766
234;C18.0;6.45380471070398;0.5629328158088913;5.543291818749754;7.167465092432205
234;C18.1n7;1.090697648233102;0.11793358787086361;0.9934875732519071;1.345550228940396
234;C18.1n9;44.617066186400166;3.3298899897145997;39.07172157798408;49.86822401785561
234;C18.2;9.385660428724826;0.3149989877560178;9.003847222229634;9.8379975479316
234;C18.3;0.26556870949932454;0.03946246900561421;0.18871677824829716;0.3160500798581002
234;C20.0;0.4097539170131709;0.03862345865451326;0.3556760511776784;0.4653967617522924
234;X13.cis.beta.carotene;31.967982965346422;4.641890634333018;25.44394146077285;40.30881508523542
234;X9.cis.beta.carotene;63.04761775900337;15.74870452180265;43.012039601487466;90.48166364124778
234;eau;25.5113412806448;2.1448292681268772;23.843785120646256;30.323215775793834
234;ratio.alpha.beta;0.8891348889859696;0.25711363235557916;0.6682495457383462;1.4598970882348392
234;ratio.alpha.natif;0.42146026071080206;0.06235199426224577;0.35488936436943097;0.5493313904725684
234;ratio.beta.natif;0.5793904083358401;0.07212351527534062;0.42797837132382;0.6483719595989911
234;tlip.MS;83.84180332676078;0.21683911878408685;83.39688588459865;84.09832307064478
234;total.beta.carotene;493.09703850005235;130.50749188516897;391.5161940164225;781.9011323501077
234;total.carotene;668.7804133806211;175.7826277790947;453.69342921857043;878.5443025720323
234;total.trans.carotene.natif;596.996184181388;186.70150195973872;381.22928604639134;836.205602255024
234;trans.alpha.carotene;265.53072141981477;74.21112390719911;161.37874535052728;392.17635008134135
234;trans.beta.carotene;370.4390723559379;107.7538734770138;279.1250340979086;609.6933755806938
235;C14.0;0.38836811580219505;0.10698224425958207;0.2752631928659165;0.5768735321372904
235;C16.0;32.36106119801521;1.6522075805647263;30.426665204383657;34.999340291551164
235;C18.0;6.308406559560755;0.23815909632471902;5.924848233492071;6.64243386457618
235;C18.1n7;1.069268231854008;0.15170645721573306;0.9468533217037212;1.3442044016973336
235;C18.1n9;46.78584673393834;1.9954922100436954;43.99285196080053;49.22115834361537
235;C18.2;9.130080175075937;0.3118340094903171;8.750829148251778;9.500530870713519
235;C18.3;0.2859227967576528;0.03425548901355201;0.24001668234653517;0.3307651915288263
235;C20.0;0.3892098838057279;0.04536650398915022;0.31669798461897547;0.43617402804498207
235;X13.cis.beta.carotene;38.44193503623996;9.762639135097094;30.12744166147759;57.358855727384956
235;X9.cis.beta.carotene;88.71253856633979;19.257812412547736;67.48422639364436;114.18723680320501
235;eau;21.380969644183676;1.3960981774261076;19.810000392883865;23.198432154239235
235;ratio.alpha.beta;1.0480943221317818;0.16879074680561215;0.7750860307637149;1.3010004644289765
235;ratio.alpha.natif;0.4703763811921228;0.04601495244703621;0.3871040075539899;0.5228984212355564
235;ratio.beta.natif;0.5251404112290311;0.05079997894993946;0.4603513650065473;0.6162561154949208
235;tlip.MS;84.06829733310109;0.49999154656837697;83.57902474108685;84.8023790205434
235;total.beta.carotene;625.2368493009177;125.61508086279856;496.05317811920963;845.0250774118882
235;total.carotene;1038.916100313001;308.9946673708249;791.8450520935928;1601.501260325603
235;total.trans.carotene.natif;923.2342231258712;328.43378200194735;693.1089805519819;1520.6020188454993
235;trans.alpha.carotene;583.4009410296336;200.65414113605777;365.2523135853819;914.7220467474367
235;trans.beta.carotene;470.25937477798044;108.5121300653565;349.69406840205016;652.9329738624589
236;C14.0;0.4882399287212429;0.058283152476372384;0.415246579513022;0.5838698616225959
236;C16.0;35.32749607780381;2.8543998996162183;32.805087051195954;40.08991556537581
236;C18.0;5.961965249517147;0.5922566241632924;5.196890191089269;6.525125913007187
236;C18.1n7;1.1078972995673961;0.12023321604924962;1.0012622884505125;1.332274066346248
236;C18.1n9;44.962113824429366;3.541677895490512;40.08694121616583;48.24949092890476
236;C18.2;9.25778603312302;0.6557787388740036;8.440060862482339;10.152516092795686
236;C18.3;0.31438607674359664;0.11346814215595265;0.16701594514020435;0.4923575522309732
236;C20.0;0.375244634002041;0.028773163472226075;0.3392782008408019;0.40668441952736273
236;X13.cis.beta.carotene;39.14659178877138;21.46487781096477;19.687066476294603;66.9867913056946
236;X9.cis.beta.carotene;100.62010693468551;55.11652956361453;31.344467231851258;170.79011206740034
236;eau;30.479665122379867;9.24595672839811;23.977064432851808;47.91000186441029
236;ratio.alpha.beta;0.8608953447496278;0.1489547631229221;0.6911103000100528;1.0920920120478645
236;ratio.alpha.natif;0.43512055736224126;0.03835628995260153;0.38922175288715527;0.48196437067226866
236;ratio.beta.natif;0.5614523238065673;0.04011322818896672;0.5174777181292094;0.6067521453978151
236;tlip.MS;81.06594163462135;4.812509202237901;71.95659635444564;84.37060691058451
236;total.beta.carotene;727.7857744746452;336.7784900836673;312.29557391360146;1120.8026211041913
236;total.carotene;1368.1888015338202;808.3276120645598;394.62417151678244;2449.047647808057
236;total.trans.carotene.natif;1197.3659594235241;697.0628247056203;357.6050093414585;2159.4024090518956
236;trans.alpha.carotene;733.929714188242;561.2932220112158;134.92762956213585;1444.5499056292401
236;trans.beta.carotene;606.6690444129848;303.07951352469956;254.39625948545617;964.9510240721924
237;C14.0;0.6085787857583181;0.1485636159545393;0.3910918102360811;0.7732480150684259
237;C16.0;37.33347732986302;3.362097623449403;33.575608211972146;43.43993695567592
237;C18.0;6.3622973524262605;0.37307285914000043;5.84674630819002;6.72352477668053
237;C18.1n7;1.0033315802434775;0.06192359369568028;0.92360080699449;1.0724908025706243
237;C18.1n9;45.861964085378425;2.4689266473207034;43.83535403355216;50.15648879080864
237;C18.2;9.000085552873506;0.43485509822286417;8.349338967348654;9.659004386795612
237;C18.3;0.26437355083633823;0.07343846053558567;0.1718865234677666;0.3796774194653122
237;C20.0;0.40314229408237057;0.017535210949234187;0.37908748416440724;0.4244011652264834
237;X13.cis.beta.carotene;31.490199940897664;10.74497139189384;17.408422054650234;47.12556333228002
237;X9.cis.beta.carotene;88.40766871969116;38.18751191148234;35.34427599222393;128.6891238810253
237;eau;25.190124647062294;2.5513782970519077;22.33012056366026;29.420003149243374
237;ratio.alpha.beta;1.0571846908205427;0.2502555595509901;0.8058610541425842;1.496794106906734
237;ratio.alpha.natif;0.46642886526574245;0.06072251512346676;0.41455098869049783;0.5669392357553845
237;ratio.beta.natif;0.5268269877164333;0.06516982639717595;0.42145813136932403;0.5877989706873626
237;tlip.MS;83.54433353175462;1.0411326321207839;81.7111847068466;84.32680030495831
237;total.beta.carotene;597.0165516056862;180.0676533637226;355.07550566052174;837.1199470468601
237;total.carotene;916.0797907054729;376.7417019175807;553.5024619119523;1632.1942332322164
237;total.trans.carotene.natif;831.7991777417792;305.2126701201372;502.30824698965523;1381.1219061761442
237;trans.alpha.carotene;386.61155345645074;139.3056866542053;227.71554752070003;638.268180405928
237;trans.beta.carotene;469.9272256476673;128.31217586807387;299.5074695076124;643.4325292622377
238;C14.0;0.6426850539453601;0.09403948538311412;0.5522641483284836;0.8385414369510445
238;C16.0;40.47666492698238;1.7227701280979288;37.50264046344626;42.69842412404947
238;C18.0;5.941543588315988;0.520239269184713;5.253250958202948;6.763626200609304
238;C18.1n7;1.08653329211958;0.08552368000261629;0.97421586914876;1.2316448389007744
238;C18.1n9;42.83079797691351;1.899935101069186;39.83732419522928;44.7393860348918
238;C18.2;9.168201463099567;0.32927509865761156;8.753850998741;9.548161778804337
238;C18.3;0.23618882538241925;0.05190422821200373;0.16613096560557067;0.30932740545937754
238;C20.0;0.3845957842667669;0.04175846883309454;0.3274076069375559;0.43511515429025716
238;X13.cis.beta.carotene;29.847743241021575;6.823095025993344;20.24743930054958;40.866386031021094
238;X9.cis.beta.carotene;82.99181579060084;16.509585327391335;52.791560216664166;106.26871284846045
238;eau;23.59551012564572;1.8104227207476442;20.838748276310138;26.268872239800235
238;ratio.alpha.beta;0.978963821656436;0.2193117192778736;0.7875998340038931;1.4768140846681523
238;ratio.alpha.natif;0.45273303775841933;0.0516153947598078;0.400606385111141;0.5585523157291564
238;ratio.beta.natif;0.5454130821523662;0.05542771003317442;0.43202383557769286;0.6115841090228994
238;tlip.MS;83.82523031119591;1.4692755403474131;81.35682306565991;85.17494693013572
238;total.beta.carotene;518.9870410055855;107.29680212834387;384.4930312787382;684.002086047623
238;total.carotene;754.1676884323032;83.75060048012755;650.3132816167717;897.4245077080532
238;total.trans.carotene.natif;671.7271534138016;82.10866377211539;556.1627016479969;821.7991578781989
238;trans.alpha.carotene;385.79741872388144;163.31305839423294;273.03343636396187;769.783808479843
238;trans.beta.carotene;384.58711589852226;84.14427753530613;273.93014405663564;501.34710554895884
239;C14.0;0.6351694707798414;0.15335187767577269;0.39299461803729513;0.8809015826377892
239;C16.0;36.5231480815427;3.866615169017134;32.46334768449187;41.332909444335115
239;C18.0;6.705957262586682;0.5078208244459064;5.768686300457091;7.529239311295551
239;C18.1n7;1.0612468194435383;0.07429014997139798;0.9184110456714362;1.1724498224736875
239;C18.1n9;44.55133605440532;2.4770306109934332;39.61704733096552;47.38850222707613
239;C18.2;9.12104112252632;0.3436245479338776;8.669847246185922;9.689444501815947
239;C18.3;0.22140993568654738;0.044540759403273227;0.16849174923497653;0.31552075556059717
239;C20.0;0.42356068121069385;0.024952949772781792;0.379033167639354;0.45906494876484544
239;X13.cis.beta.carotene;23.698785872680933;3.2513963735753646;17.708935108819954;28.356002904445297
239;X9.cis.beta.carotene;44.61436190158847;15.63277413645566;25.527076535085715;69.01479967950083
239;eau;22.199070743810807;2.418840198194719;19.44999837537948;26.62657646587346
239;ratio.alpha.beta;0.8479289268337945;0.13806554377386318;0.6827211166259716;1.1406767658805863
239;ratio.alpha.natif;0.42892440219201483;0.04566766146863173;0.37146136272927216;0.5216850193295999
239;ratio.beta.natif;0.5687453666505028;0.04753552997184069;0.47847437348614397;0.6394099273577175
239;tlip.MS;83.96809224623235;0.8439421754200639;82.19993029951178;84.88395180966681
239;total.beta.carotene;324.875716450489;50.52106104278742;272.87569295633716;406.84656585434027
239;total.carotene;459.32676353011743;92.90416583136296;368.9284111166989;622.3419055772039
239;total.trans.carotene.natif;391.6554054767111;87.90859645097807;312.766020134206;550.6721767354371
239;trans.alpha.carotene;169.85522904504197;58.39380578146291;109.33259995522658;281.18229488246686
239;trans.beta.carotene;259.9333792794197;43.314953926872484;217.7359548846469;328.0308653800876
240;C14.0;0.5562922631210601;0.09967620169397826;0.3625266660195161;0.6801748915474558
240;C16.0;34.24076593813824;1.54173897912775;32.29309819224849;36.50871255447773
240;C18.0;5.828493049213612;0.2560225506867474;5.622215664833238;6.220333078540604
240;C18.1n7;1.2243065356238927;0.16938954659896602;1.0022654127764323;1.4794651227461517
240;C18.1n9;45.08333134291414;3.2745372311667014;40.1018458352309;49.423201092378115
240;C18.2;9.093477049575684;0.33024736039836133;8.633508416831415;9.578207657591149
240;C18.3;0.3209142819585038;0.028348249524490127;0.261816692243701;0.34322529529025525
240;C20.0;0.35536383329283083;0.032936880389063526;0.31900160175160286;0.3996802478375642
240;X13.cis.beta.carotene;52.529000654193524;4.79429444136882;43.66566592377081;60.00697994469107
240;X9.cis.beta.carotene;125.46604426398653;23.433950548628474;87.54302072196124;157.7679808749969
240;eau;23.365987057858625;0.7661453579031882;22.318890209413656;24.144701136716236
240;ratio.alpha.beta;1.2903710710889167;0.24356333753801218;0.7983005721185912;1.5392948190453426
240;ratio.alpha.natif;0.5280080972770977;0.05407273681965322;0.4123684171780074;0.5748766849763359
240;ratio.beta.natif;0.4724195023753498;0.054255871507515124;0.41746864966128655;0.5888418637532801
240;tlip.MS;83.9393397396708;0.3405222277069031;83.48361625368744;84.42043820235718
240;total.beta.carotene;868.1273588991806;57.079192796578425;784.1493092450025;945.0315857468222
240;total.carotene;1557.18350800094;320.91830507858157;876.9740944977192;1869.6424215596842
240;total.trans.carotene.natif;1337.7715137411471;238.1871530650454;842.2252316440191;1619.987937180495
240;trans.alpha.carotene;1016.5297622313672;46.69863047990136;920.2008894733424;1064.4336306976338
240;trans.beta.carotene;677.668313555734;54.21058765004472;596.4381236047491;733.5191713440477
241;C14.0;0.6691258442349693;0.09342307258606035;0.5131888870655402;0.8144160869801947
241;C16.0;37.0893994918101;3.0382435448498675;33.63433978286404;42.40602934180525
241;C18.0;6.058963552357399;0.6416457354895546;5.109343606077638;7.055683244054879
241;C18.1n7;1.0735387381910606;0.1328326020262476;0.8935980230282321;1.241877401147215
241;C18.1n9;44.40182267492716;4.232523084996563;38.672311630750016;50.11834735978495
241;C18.2;8.472346109558213;0.45179477482723795;7.578335925365608;9.024849191796951
241;C18.3;0.3777873963876222;0.056725940815114125;0.28965413815630425;0.4877923603836448
241;C20.0;0.392414636521719;0.03511549071233024;0.33977967460846714;0.4370192648143156
241;X13.cis.beta.carotene;65.62537963822894;12.976484888530607;44.43037327670585;85.97845729887284
241;X9.cis.beta.carotene;142.57345412061824;36.0641360796052;79.4886073611018;187.86394423669338
241;eau;32.728438749053;6.7710636954013514;26.72000035667089;45.720001607939906
241;ratio.alpha.beta;1.306612565739873;0.138088436357044;1.1881524962510697;1.5883780709571365
241;ratio.alpha.natif;0.5211412963013232;0.027996885888023865;0.48819183774482267;0.5782354179061209
241;ratio.beta.natif;0.4752995346522661;0.02559943050749656;0.42631455266969426;0.5159565280730384
241;tlip.MS;79.87775106716506;4.521610059872452;72.46867037284308;83.85531899425533
241;total.beta.carotene;1012.7047594079183;270.0360389733822;594.195025973103;1366.4376538327997
241;total.carotene;1940.2137068395612;500.21759774457496;863.3616466037926;2503.1126045670753
241;total.trans.carotene.natif;1678.2110503162842;430.93322366171947;762.0257159367524;2211.644516781493
241;trans.alpha.carotene;939.3753310240711;307.7530276489291;372.371114149384;1295.385912195179
241;trans.beta.carotene;810.3366658413862;215.70775742971276;414.8182291223654;1056.8389317252963
242;C14.0;0.4627635888295392;0.07244147622024467;0.36518755105571904;0.5530329497147907
242;C16.0;32.49874409622073;1.663442997785022;30.5999091596906;34.86662643720323
242;C18.0;6.76038483700902;0.5391979558138719;5.963844558551524;7.4555991543996
242;C18.1n7;1.262035972567673;0.19213230746260745;1.023555202300184;1.520329573099711
242;C18.1n9;47.112588658889834;1.9930515145396854;43.71254156590165;49.55996192847442
242;C18.2;8.273048779571237;0.7179797157694073;7.529217531892653;9.37544358893307
242;C18.3;0.3441168467985224;0.04521169467037849;0.27886743937341363;0.40226477953591944
242;C20.0;0.39007682436052166;0.02233777740064072;0.34757316209231687;0.4184408061972229
242;X13.cis.beta.carotene;46.93636106157873;12.357039662506265;33.05328515355206;69.01133145831638
242;X9.cis.beta.carotene;123.82326967189292;38.240495234362704;79.936646606568;181.94750467997116
242;eau;33.08575304020842;3.350491172782391;27.226161618674766;37.77902718016491
242;ratio.alpha.beta;1.3674297385574232;0.18718172076503703;1.0419354425077483;1.5282136298478532
242;ratio.alpha.natif;0.5436632902118899;0.04608916165087301;0.47623333141235435;0.5779120857482885
242;ratio.beta.natif;0.45301786534198957;0.04593140556672617;0.41450217912918746;0.5193878318398993
242;tlip.MS;80.31045378831655;3.165534084331991;75.56229379563177;83.88064241934937
242;total.beta.carotene;709.8312300547507;200.5816789350593;457.5932100819404;1048.4782503105018
242;total.carotene;1218.5863102102765;566.7605609478396;637.5851658012745;1966.0890871549827
242;total.trans.carotene.natif;1049.5118581273819;489.5252936280541;526.678382639914;1726.8768558827642
242;trans.alpha.carotene;654.1907718555182;416.46272428510036;264.4074131448218;1312.5520726118984
242;trans.beta.carotene;569.9581289467473;178.7524703637468;375.1169548077643;833.3481521973023
243;C14.0;0.6879463494098603;0.1677577426693738;0.4741770785795387;0.9321748808060696
243;C16.0;39.4519195319536;1.6731685883517322;36.25244397400101;41.22672945745657
243;C18.0;6.329785876055702;0.2790198802330551;6.0296997134349;6.718492987187524
243;C18.1n7;1.1785310113924614;0.15942440225558768;1.054304271940335;1.4713931355121346
243;C18.1n9;44.88620291523852;1.0627914651775716;43.62163880238787;46.66522573638069
243;C18.2;8.856662435737137;0.2054459136123649;8.714748460196962;9.263769198118753
243;C18.3;0.2633275162952818;0.019944747741493345;0.23159064712103514;0.28093677647726006
243;C20.0;0.4159984770909915;0.034070336074401256;0.360103711957739;0.46102286063599585
243;X13.cis.beta.carotene;40.37393056298695;3.9394011295180746;33.79673438085075;43.30504611149367
243;X9.cis.beta.carotene;85.27914445882583;16.989170798405556;58.80276167934052;110.98231079705928
243;eau;24.40899107404608;0.7336971808985672;23.404001787017773;25.148625461663432
243;ratio.alpha.beta;1.1498369682231757;0.14579443007823853;1.0473599402287592;1.43738285170626
243;ratio.alpha.natif;0.4872700770544202;0.03599660262403861;0.4654546025693774;0.5584359924033234
243;ratio.beta.natif;0.5107412286547778;0.04134384317854468;0.4294343543472813;0.5455374982170896
243;tlip.MS;82.90495033969374;0.5312392539184436;82.11197332761034;83.7490075898844
243;total.beta.carotene;447.36404416907857;52.653660245412055;374.85194631015975;512.9481072978077
243;total.carotene;826.9452564892085;74.26855405550843;726.8212780530005;920.816132920002
243;total.trans.carotene.natif;708.8538785341229;70.67494627184766;605.3619140018341;818.7383023308721
243;trans.alpha.carotene;370.74960514446644;39.29592781167358;333.04340402656925;445.2584245743237
243;trans.beta.carotene;345.97589952737866;48.79664566276014;297.17582708468274;431.3581760434019
244;C14.0;0.5333207453806753;0.14601872896147286;0.4107613753134776;0.8051165424384703
244;C16.0;35.669344698272916;2.138578002479561;33.12764406457496;38.572486957504836
244;C18.0;6.61196639307569;0.7924097241732844;5.561118282072215;7.890146985178934
244;C18.1n7;1.4583308811949094;0.12191579745730864;1.3150505421697196;1.650336973235319
244;C18.1n9;44.11653849414481;1.1103292231158184;42.771056885284;45.33716204803576
244;C18.2;8.652179665625608;0.8177175516338415;7.7671960703377705;9.744422545338164
244;C18.3;0.3509032541216968;0.03260630907462598;0.3221253572771829;0.4149263712661429
244;C20.0;0.40162060382209647;0.00885331357253981;0.3840843009761198;0.40750570267481495
244;X13.cis.beta.carotene;31.965259739805777;8.019205800925311;22.675916547087233;44.98683283506274
244;X9.cis.beta.carotene;65.1054283990476;26.050022828072798;31.405936571116026;88.20358264156954
244;eau;45.12048518570523;14.106888563811866;32.757917510659276;70.25999530309326
244;ratio.alpha.beta;1.357786500430886;0.09688629525440504;1.2197208246080087;1.499947624456478
244;ratio.alpha.natif;0.5267775248077892;0.03244864065841747;0.4805304203513855;0.56508019030472
244;ratio.beta.natif;0.46926557738355484;0.0334660138652718;0.43118286524069405;0.5161779207691488
244;tlip.MS;76.43065541563409;5.69609569441818;66.39656285606003;82.20553230416328
244;total.beta.carotene;429.2051822744106;93.09989811804037;351.17965917739684;611.6329198751647
244;total.carotene;646.7622173332423;252.85465585160065;429.6629975179449;1126.295510021873
244;total.trans.carotene.natif;549.0773133438926;228.550676770449;408.41284946963935;1003.380653957067
244;trans.alpha.carotene;250.95770045871382;109.03592046351305;157.87336596906766;440.63046382543575
244;trans.beta.carotene;324.312995314459;46.60486102464475;286.5073887760255;414.92617916570316
245;C14.0;0.8485806234658732;0.16365984404880995;0.7031266132623021;1.1659304002793416
245;C16.0;41.48895915849745;1.7238710645143251;38.039163788847276;43.957982531051584
245;C18.0;6.146128775351045;0.6269426565739183;5.60995935064747;7.179171254496741
245;C18.1n7;1.186997232472464;0.18223576363983185;0.996608769204097;1.5539899542862015
245;C18.1n9;44.45147308941396;3.6536209896644487;39.736040057016176;48.01075782626434
245;C18.2;8.936828034604229;0.3351836321829079;8.54257076091733;9.45315831973167
245;C18.3;0.2684674041133188;0.03641340867460747;0.22468857742440865;0.3387286966341117
245;C20.0;0.40859024346080147;0.039582385369201785;0.32983986908681173;0.46716366273511495
245;X13.cis.beta.carotene;32.08807173616109;8.629327433839565;25.261366403498492;51.96204811287119
245;X9.cis.beta.carotene;60.4208483248277;32.13678637023535;33.10076926670999;131.1669387853387
245;eau;26.433500428151213;2.6510381891489683;23.782639039019173;30.887274818016657
245;ratio.alpha.beta;1.2362563271355511;0.23158908837129297;0.8986783360097691;1.567506147980211
245;ratio.alpha.natif;0.5211315317324502;0.04848508425208652;0.45106153521168796;0.5966619644494815
245;ratio.beta.natif;0.47269296624556545;0.04919723703219775;0.3969643981509022;0.5520178143766296
245;tlip.MS;82.77353283407771;0.8371876251019381;82.03165848215032;84.34439299392496
245;total.beta.carotene;349.3130969732038;143.88263518762977;204.46670926089624;626.888166156413
245;total.carotene;653.2428034726424;337.70569910716733;357.1319856683052;1375.8993003106737
245;total.trans.carotene.natif;576.1896811257118;329.5897508913648;321.9998579481769;1311.6543515331132
245;trans.alpha.carotene;297.2658803307806;144.9636866620473;140.01452850421302;543.0305640569393
245;trans.beta.carotene;261.59130270794003;116.48091617421063;142.38532785933126;481.63123641152447
246;C14.0;0.7265433093551048;0.1433415855780192;0.5529896544961097;0.875091850653102
246;C16.0;41.18761230012883;2.7604431211682288;36.97276376297608;43.38390481255843
246;C18.0;6.4001397326720255;0.7644115633306686;5.554881037349805;7.223509128849775
246;C18.1n7;1.3805144809851533;0.21361898681079025;1.1445157375205268;1.5681934645650701
246;C18.1n9;41.78044380827984;2.7894287285604817;38.06872124581159;44.84196936891858
246;C18.2;9.337028445435541;0.599674106925019;8.563318464815161;10.018483549335686
246;C18.3;0.2457703779242205;0.028331443059337283;0.20621646399419982;0.2768698502945836
246;C20.0;0.3721964769303804;0.03514710131592462;0.3342004534043454;0.4124026778973773
246;X13.cis.beta.carotene;29.37472568475953;6.739160232396253;23.423491571886892;40.65720760648433
246;X9.cis.beta.carotene;53.92058417823823;18.43431758877865;34.82812424776179;84.43579941893974
246;eau;24.355415403100057;0.7637575660240954;23.48162584845846;25.461905041742646
246;ratio.alpha.beta;1.456629761596788;0.14164254497643777;1.2847917639442723;1.5877155508877985
246;ratio.alpha.natif;0.5642861050661184;0.03321568304746134;0.5117865683930072;0.5910362186446498
246;ratio.beta.natif;0.4241842267072843;0.03637679911229675;0.39068131303848913;0.47870963135785677
246;tlip.MS;84.22268932010986;0.46117596121829096;83.62607404764464;84.75500749952988
246;total.beta.carotene;347.5595989232406;97.78428847979346;231.32981083969588;467.9265463944319
246;total.carotene;640.8501633820525;243.19292688968233;360.7916927392169;872.8046560592186
246;total.trans.carotene.natif;569.1559981636228;234.4550284214215;312.5000591859091;783.956113844809
246;trans.alpha.carotene;316.8646293113399;140.1597600290407;170.90619571999662;489.04558472129725
246;trans.beta.carotene;258.0985033750107;66.03410021312303;163.7291464248095;333.8812621169364
247;C14.0;0.8324206564992257;0.15083769225255783;0.6669453505051419;1.1465841857271988
247;C16.0;40.39067515829727;1.2911141593513091;39.20608312703812;42.87968666075741
247;C18.0;5.745819592160944;0.4138418897121996;5.192923960140976;6.551064380615
247;C18.1n7;1.447912224248419;0.11903841885946564;1.2991293942621547;1.6096408586762427
247;C18.1n9;43.669474891806246;3.8328867506743927;39.79032092066512;49.92439499501497
247;C18.2;8.848702130260524;0.9749097432984085;7.7837665050033955;10.099820827288006
247;C18.3;0.40619921235647194;0.07562372509949922;0.329139961844342;0.5071252570369963
247;C20.0;0.35270555184860347;0.02237071887714787;0.327358969818767;0.3889823880796034
247;X13.cis.beta.carotene;55.272650183529414;14.776743884447653;36.983362586372564;79.00225923604313
247;X9.cis.beta.carotene;97.37425157092;45.28112795676391;46.32543004013087;161.14395286682594
247;eau;42.01296842443457;7.883284479190945;30.875835573105856;54.5600000743255
247;ratio.alpha.beta;1.0077769030868384;0.26748567374636484;0.5787846741280527;1.3406439246983937
247;ratio.alpha.natif;0.4472963417034942;0.0599405308031278;0.3481408533566459;0.5267335448455042
247;ratio.beta.natif;0.5484511031416118;0.05814697780142461;0.47416420363328354;0.6437827086642386
247;tlip.MS;75.87689030260785;2.2361963933234548;72.37960489480973;79.50459777597821
247;total.beta.carotene;949.6999404138345;199.85387786978364;701.0720411027786;1246.837302832428
247;total.carotene;1784.8625882294075;585.8768556506063;863.4166959113006;2416.0528360216017
247;total.trans.carotene.natif;1539.1131589284987;444.4192559430113;793.6898715180589;2051.470696286967
247;trans.alpha.carotene;724.8524536089477;434.914071714924;316.7104022013544;1418.9884079008418
247;trans.beta.carotene;811.7061195412417;195.07219623048658;571.9259744162357;1128.5300518752892
248;C14.0;0.7110927842470736;0.09791378056006406;0.5739376385451732;0.8711809058716217
248;C16.0;38.10363008076697;1.6139503457351292;35.776715827269925;40.668790305117966
248;C18.0;6.402870241194798;0.5560512863856116;5.462712795042581;7.105735685505136
248;C18.1n7;1.308973810529204;0.18360758573683778;1.0822788962601582;1.6052382296336518
248;C18.1n9;46.77387514258492;3.279086536346441;42.94667097832556;50.51720090830313
248;C18.2;7.710327426976002;0.28574831752835644;7.354749251618921;8.11319567967317
248;C18.3;0.37446693538133907;0.03937645180787433;0.3391087319093354;0.4513063230625585
248;C20.0;0.3794954252620478;0.030185785445309383;0.3472753492113016;0.42163818527819397
248;X13.cis.beta.carotene;78.05196365519676;11.10234654554299;59.486147494551375;86.63891052034326
248;X9.cis.beta.carotene;143.49363941631344;22.62959685084978;110.16479196035479;170.1654791814258
248;eau;32.62930217195019;3.1214540258421986;29.123335457500545;36.0799977952032
248;ratio.alpha.beta;1.3405624006212187;0.15426213516522438;1.1370278023736922;1.6023797994714046
248;ratio.alpha.natif;0.5374012681901911;0.020189368943976174;0.5087225017687804;0.5665360890023396
248;ratio.beta.natif;0.46345663156016254;0.01715649124443594;0.4454245188573542;0.49408620860302904
248;tlip.MS;81.1057266683293;2.5687777828648217;76.4551693156381;83.2430725597859
248;total.beta.carotene;1035.8680175648083;107.01660431431281;871.7149638777915;1151.2206788962144
248;total.carotene;2056.9349044525684;242.58220365583733;1706.1720388721128;2304.367689144364
248;total.trans.carotene.natif;1767.2907903139296;116.60922080514273;1571.6085556044343;1933.1922820504344
248;trans.alpha.carotene;843.5316192585129;271.31880654589236;484.39122012917926;1221.912721340508
248;trans.beta.carotene;792.9197932622171;100.2568909047107;670.3425538955098;942.3142571804595
249;C14.0;0.5970228092725228;0.12951056544185227;0.43559855593990604;0.8278309522597533
249;C16.0;37.45873994182126;1.3625570810304242;36.184206772741845;39.62233347957418
249;C18.0;6.101631485126127;0.20734468439965556;5.853193055901059;6.321225452190017
249;C18.1n7;1.3765801567063052;0.1773784163569092;1.174842068750352;1.6300647696500423
249;C18.1n9;43.37699895172944;3.4170948519489213;38.499503685498546;47.22923907208098
249;C18.2;9.407505404159146;0.5953357392054371;8.59732735252242;10.096711646696972
249;C18.3;0.18146002043793777;0.027115916474284404;0.14718150775119188;0.2268370357555374
249;C20.0;0.43139504766167464;0.0373430980607238;0.3834758850476013;0.4694614162932226
249;X13.cis.beta.carotene;27.569958012920424;4.4777978138704055;22.471131014919493;32.61262649165492
249;X9.cis.beta.carotene;32.95240899945234;8.358115651825358;25.120138005104245;44.11639850128761
249;eau;19.29854823517702;0.9589598484381737;18.179999980605125;21.01670724436476
249;ratio.alpha.beta;0.9113249725526599;0.21291841763766772;0.7298508097981456;1.2167911846387445
249;ratio.alpha.natif;0.42476008223901635;0.050651984675829716;0.38020845838101264;0.4965189004631147
249;ratio.beta.natif;0.5742854630636768;0.05625102963443649;0.5020429349473171;0.6257761997671185
249;tlip.MS;84.07297422759557;0.4295260524582167;83.62430382817551;84.8551370066765
249;total.beta.carotene;237.7341471545379;45.647606618602495;194.148439269624;313.4934575760953
249;total.carotene;374.8641467986963;86.73926602432763;306.64032699085817;520.242615747818
249;total.trans.carotene.natif;308.72302134921995;54.90381363932998;258.3164852135445;384.4896575149325
249;trans.alpha.carotene;118.23504202174819;30.069391396505523;90.57687920881364;174.37214920214498
249;trans.beta.carotene;181.57500208468045;35.53029142973319;139.2625234722269;238.75252250031176
250;C14.0;0.8020193881455799;0.09690404595546981;0.6847103903734826;0.975136620109685
250;C16.0;40.0846851787425;0.6109988508519785;39.219033446258834;40.93865405429446
250;C18.0;6.645681711140475;0.7485243283752366;5.560855270114026;7.615176755278837
250;C18.1n7;1.4275575857968155;0.14868754760353967;1.2284377279718455;1.6277054237298845
250;C18.1n9;45.22012388834742;2.3802598034554494;42.86529720894981;48.84706006414641
250;C18.2;9.725811156316;0.6268177747548674;8.696596261313937;10.614493455387018
250;C18.3;0.28487967781218687;0.037657125191640974;0.22659724250974644;0.33669891054405776
250;C20.0;0.3881308375499315;0.0236520285623971;0.35194060586369624;0.416572668705047
250;X13.cis.beta.carotene;24.086816690490632;5.387192997647451;19.833911199132586;33.49355719231838
250;X9.cis.beta.carotene;34.10461013027959;5.854142488454905;26.92429599047419;44.83768882587943
250;eau;34.87438567905654;6.751364942840443;27.671536449280406;45.49000031878762
250;ratio.alpha.beta;0.6231983583700261;0.04227282237021683;0.5715375524664559;0.702419922178791
250;ratio.alpha.natif;0.3577335585656181;0.01977303399850629;0.3357786910581593;0.39603603147146305
250;ratio.beta.natif;0.6401752504351527;0.01671761020956106;0.6078207776671729;0.6579186105441339
250;tlip.MS;80.25564449399974;3.3331702944221773;75.72699147683801;83.97859418087495
250;total.beta.carotene;332.0408624527631;87.59695550630067;237.175897329425;455.8659829671157
250;total.carotene;447.6933176927002;116.66047320428267;345.1965009061629;617.0609718951173
250;total.trans.carotene.natif;395.2073490543675;106.06194075245732;303.44044382082944;573.2931475848645
250;trans.alpha.carotene;156.38213994219424;49.5411863836765;109.24239899233088;238.9393100690232
250;trans.beta.carotene;284.9661467601927;76.94628338511494;190.03122727261817;392.1571161677275
251;C14.0;0.9036612170271706;0.19236876857680246;0.5715733246156706;1.041114449761426
251;C16.0;43.633322782227076;1.4930910190522675;42.37517801774116;45.431915412345944
251;C18.0;6.127133735315839;0.6239789418424991;5.583141735265125;7.111289338726602
251;C18.1n7;1.3659685823270966;0.14355999793258592;1.176915169142975;1.5104425661464083
251;C18.1n9;42.68435541062014;3.265542793891759;39.789397996071244;47.31266834899533
251;C18.2;9.791427588947508;0.5301594347413912;9.185324214639706;10.500203577189863
251;C18.3;0.30446892565579653;0.02984441802802554;0.2750769273871315;0.3455223149757468
251;C20.0;0.4028204283337514;0.02315800664676224;0.3692688994317562;0.4234058345322576
251;X13.cis.beta.carotene;22.32883900689003;2.2621402684752603;19.13593114798426;25.402194098681456
251;X9.cis.beta.carotene;30.932360459455186;3.4858143416701886;25.714460439493973;34.62471135241582
251;eau;42.1462686745694;10.5099807904463;33.87259777343236;60.07999745338137
251;ratio.alpha.beta;0.9377973738743239;0.30011920173012424;0.5727937765479275;1.1745420024490114
251;ratio.alpha.natif;0.4402989295605272;0.07516311886181763;0.35286925057965846;0.5042749558249882
251;ratio.beta.natif;0.5588452509304387;0.08180691737106358;0.48797740977201676;0.6531483818085877
251;tlip.MS;77.81302800605079;3.6601195034785223;72.50764475366148;81.73898622698074
251;total.beta.carotene;297.75582791533117;50.951793745806185;261.19704757172576;384.93194742061206
251;total.carotene;435.22690411214944;24.46450739535372;407.14336453314036;460.0409079294525
251;total.trans.carotene.natif;379.71985645671896;32.047417270067704;337.76219485680105;418.47765676519913
251;trans.alpha.carotene;136.719001691943;25.74236242865218;105.5651298741513;173.6922971625658
251;trans.beta.carotene;233.79361508012917;32.21660033539586;197.4436286473792;280.1682586091102
252;C14.0;0.861694888128822;0.1588587542616509;0.6307469037093145;1.0670246980452034
252;C16.0;43.94288874674664;1.3276226935745972;41.02923987208178;44.872045994964346
252;C18.0;5.859531921454208;0.5453600020963306;5.158650985919863;6.348595023035533
252;C18.1n7;1.4121211243206695;0.19319129967887885;1.120866623820068;1.6965737091695947
252;C18.1n9;41.90857113370923;3.647631779287335;37.6911653545345;46.92384538235629
252;C18.2;9.754954171736355;0.6898427010268384;8.695960035308431;10.462029926829775
252;C18.3;0.28060844555415326;0.068951436688067;0.2179478660594103;0.40932446877763234
252;C20.0;0.37046526419730963;0.04732891404107463;0.3134033550520238;0.45381283040987386
252;X13.cis.beta.carotene;24.30371752161511;7.377222866871593;19.52783857522425;40.26246224570552
252;X9.cis.beta.carotene;46.07972023977849;33.30932104702665;27.250016855156044;119.82304303726725
252;eau;30.714928520041585;6.518201083464117;25.034872462282465;42.72000107390585
252;ratio.alpha.beta;0.7164366472483154;0.06266536189052634;0.6203059061789695;0.7842615041727578
252;ratio.alpha.natif;0.3892334545976707;0.02162225728168427;0.3590438375858684;0.41906040342219336
252;ratio.beta.natif;0.6104435249773319;0.024842110508645876;0.5771807706663339;0.6471599580648941
252;tlip.MS;81.71119104665128;3.577221244024766;73.73366155802509;84.3446653833742
252;total.beta.carotene;524.2057617489066;197.61906421796456;291.40070621165495;927.543968427759
252;total.carotene;699.4559618256422;178.0388789135476;403.30807863573216;965.861204794367
252;total.trans.carotene.natif;607.770592572035;132.47214528270882;376.76872576114346;784.6417419368322
252;trans.alpha.carotene;253.69087401524766;111.45807553847602;130.92433745689348;465.9662611442391
252;trans.beta.carotene;447.1182530564447;149.6933827245997;238.97968461783637;727.5461420398648
253;C14.0;0.6963235272611551;0.09782696568856929;0.5800181903664781;0.8138844976463712
253;C16.0;39.13234198427382;3.391042845066528;33.834000414233074;42.1626813007123
253;C18.0;6.025048535540868;0.488038452074555;5.541132495708398;6.767232644678257
253;C18.1n7;1.4336455417533913;0.18747565316250142;1.2342741942958428;1.730035590466293
253;C18.1n9;43.51388696389287;2.7929645175623663;39.219648747566744;46.566516838671745
253;C18.2;9.571602701186734;0.39887472452173917;9.071238918056583;10.173493658917533
253;C18.3;0.26932262889444314;0.02606362548719913;0.2314195518940862;0.2902432763721956
253;C20.0;0.3418578295374483;0.027434005721874016;0.3158956728128779;0.3719795637140635
253;X13.cis.beta.carotene;27.396706762263157;4.990656836183202;19.869292166243103;32.9918348940153
253;X9.cis.beta.carotene;38.47101923798828;8.797987788384797;25.83184091390955;48.803294728102756
253;eau;24.655123607179085;1.1354597326324358;23.244001131395226;26.404092032749464
253;ratio.alpha.beta;1.0124250709951248;0.16752662056794596;0.7420351814898399;1.2049201521336523
253;ratio.alpha.natif;0.4773395934519513;0.05297468914593091;0.38819916945525423;0.5274238859273837
253;ratio.beta.natif;0.5195440850878429;0.052619186657288645;0.4699196079611492;0.6070534585788443
253;tlip.MS;83.62491330209238;1.402925772992651;81.53982981501723;84.79715416220219
253;total.beta.carotene;433.8019318599301;118.98502512381341;304.77277398163454;621.9554309361154
253;total.carotene;785.3308574816926;263.4787020000182;428.85463408024765;1153.081410494624
253;total.trans.carotene.natif;741.0349071130929;308.81942613134794;348.33521282185933;1193.4473933326612
253;trans.alpha.carotene;278.27703820044565;95.70532254180269;122.1135418777597;356.4654135649334
253;trans.beta.carotene;358.3282804801504;101.84303445133048;251.20058157341654;515.7218517453266
254;C14.0;0.5531661731561595;0.1406793276041354;0.4374403575045028;0.763151444744486
254;C16.0;34.64329352729363;2.447992767348464;31.95264564753125;39.28514787615234
254;C18.0;5.826590734042049;0.42215591088187826;5.318285635778017;6.600276539051407
254;C18.1n7;1.308922845136348;0.14870639665872915;1.143084322901773;1.5004167589675055
254;C18.1n9;47.037397026691714;2.043461789942523;44.10154215664576;49.85337585487059
254;C18.2;9.097324441678122;0.24362898525548962;8.758813580084034;9.47631688037544
254;C18.3;0.26909255029909174;0.024434748603203105;0.23082507419782078;0.3021681246861766
254;C20.0;0.3699857862661004;0.03533297728874506;0.32536120558693427;0.4122075406612572
254;X13.cis.beta.carotene;26.90120611417726;7.26032812797031;18.412297990093172;37.299045516364835
254;X9.cis.beta.carotene;62.82210931849728;27.249624541142637;25.802947601727464;100.80802352415749
254;eau;26.682766975619646;2.182458578524882;24.619336136287128;30.070834974728683
254;ratio.alpha.beta;1.3900923274809227;0.24471948710476996;0.930057892638088;1.611919499391226
254;ratio.alpha.natif;0.5380192841591253;0.05418874998677056;0.45206726673744557;0.5953041769222677
254;ratio.beta.natif;0.4467758833861525;0.05752586766648448;0.3918379068601849;0.5408778638060979
254;tlip.MS;83.55346480113037;0.5139953587452449;82.9837186811429;84.45803288077545
254;total.beta.carotene;344.66884598149085;139.42092531837784;184.85141208911915;548.1140859305075
254;total.carotene;592.1369157171083;241.4053076177332;371.3658085661373;904.8190101860273
254;total.trans.carotene.natif;515.0336754938368;223.69791432677175;312.3575115246889;791.7748307858863
254;trans.alpha.carotene;322.4421394885884;161.0256355635788;119.3510751271795;592.4451666403907
254;trans.beta.carotene;258.0089681014996;108.75140547155802;126.39581385035781;407.19744031436824
255;C14.0;0.5202392656604147;0.1905358244251335;0.37782548565869567;0.9667113362581224
255;C16.0;36.32475395654498;2.4753354743937117;33.287244257124435;40.195678065032396
255;C18.0;5.905794067663851;1.0122796803396166;5.0526537476032845;8.263933941490523
255;C18.1n7;1.3308651207091664;0.1633777900888168;1.1190120498349199;1.540231142155021
255;C18.1n9;45.2456833150099;3.20187432749525;40.05793717665704;48.8970682026316
255;C18.2;9.545637155503961;0.3369223775973996;9.067444707633998;10.094019305906203
255;C18.3;0.2687694156119021;0.04074203007549505;0.21215017178059917;0.33118099804124407
255;C20.0;0.36687617637935777;0.03171565375920157;0.32599820589261697;0.41200504096087626
255;X13.cis.beta.carotene;20.696761367530506;2.108994886891308;17.85385206847923;23.607802824301594
255;X9.cis.beta.carotene;29.888448303708834;2.0566720018572826;25.97766756367832;31.94833375254329
255;eau;31.584020577371454;5.927159389242623;23.659999920545943;43.99000251496179
255;ratio.alpha.beta;1.141479623641691;0.12463268280045844;0.9797002926248924;1.3502933601487
255;ratio.alpha.natif;0.49789247905952433;0.02409693359984452;0.46467646504531823;0.5340477829027872
255;ratio.beta.natif;0.4946356928959003;0.034845240756046704;0.44364262645501407;0.5420651500540983
255;tlip.MS;81.96039083683772;2.9096004228846772;77.1297512661074;84.00451041895158
255;total.beta.carotene;226.08989065512057;35.62671754042543;193.75362326183816;290.3593780897044
255;total.carotene;355.7264282111927;22.6728326203717;325.34605055987805;391.69713035056225
255;total.trans.carotene.natif;324.1795242038272;32.90019350528374;264.722137213716;363.5140939432476
255;trans.alpha.carotene;142.03310624043533;19.910650819998192;129.53576211016534;186.7425174274415
255;trans.beta.carotene;184.9124445847176;27.916552028958158;148.09229225145666;233.4496632333487
256;C14.0;0.5932261448801504;0.07324551764322124;0.43164562385752836;0.6486581588972615
256;C16.0;35.80867011990607;1.7152268803424582;33.170926129150665;38.60570075597561
256;C18.0;5.981409999047167;0.4340920357714122;5.2679896473868455;6.711594687580121
256;C18.1n7;1.5188075380306967;0.04961166703087276;1.4425012265591437;1.5990509396199177
256;C18.1n9;44.91964862582342;2.771774042370489;40.8049855877113;48.328538596226245
256;C18.2;9.35870799958972;0.29867903469060414;8.926119319442956;9.62552459704314
256;C18.3;0.24167279995724109;0.04739248638080104;0.18468604951213785;0.30219885172485694
256;C20.0;0.3103512694112666;0.011499692655385618;0.2884892340346941;0.3254220883534481
256;X13.cis.beta.carotene;22.516548361943475;3.1800004584787716;18.026564853040863;26.14394291974258
256;X9.cis.beta.carotene;39.117082209253454;6.424550122012471;30.970820273253874;47.09218889894751
256;eau;23.955364856667664;1.6799980687345444;22.51100115404756;26.33999862952546
256;ratio.alpha.beta;1.455909089974616;0.11529756938200644;1.2465070631153554;1.6088891207092306
256;ratio.alpha.natif;0.5584764052872285;0.022539348841038375;0.5161366241367608;0.5784994592223741
256;ratio.beta.natif;0.42910628058574785;0.027370671468239353;0.4003536385466657;0.47976581450733313
256;tlip.MS;83.9648723407923;0.39290669744548257;83.51677770875527;84.59692480251888
256;total.beta.carotene;367.1372431456228;70.74463799968737;248.462823896488;448.50262845977073
256;total.carotene;633.9831966578668;181.05955041946146;395.0323258543685;825.601482390436
256;total.trans.carotene.natif;573.0489949867493;158.79335049312317;358.92381610630997;734.7456363933966
256;trans.alpha.carotene;274.3282631572525;76.20436447660228;170.07594689605375;382.45752242337295
256;trans.beta.carotene;303.12178013266464;58.14141509575044;197.81018138482708;377.82838887181674
257;C14.0;0.642105784482527;0.1694311373293045;0.5051654872895934;0.9451411901911427
257;C16.0;36.64955407736786;3.313911178150858;33.29194016530024;43.38375381270192
257;C18.0;5.6003233238393175;0.33313676488625554;5.231731974827886;6.199277275568696
257;C18.1n7;1.3873193269696666;0.16881706316867157;1.1535782486906434;1.6315556263847513
257;C18.1n9;42.51650334838748;2.1982555252761338;38.876851965404;44.49222718398503
257;C18.2;8.63919442943459;0.3556468078568123;8.247125132114624;9.37736992119418
257;C18.3;0.3270453024076209;0.022719675263747578;0.29227568616123967;0.36604956086474344
257;C20.0;0.3489667771563821;0.021947927991086257;0.3329281116128177;0.3963838342519564
257;X13.cis.beta.carotene;38.33165821804514;8.235867019739386;31.825399444755238;55.045176689097374
257;X9.cis.beta.carotene;86.56610042827815;12.66460375547487;75.18185034265147;105.25894256076215
257;eau;31.615214240871865;4.184728768351817;26.988002427280936;39.18999749750329
257;ratio.alpha.beta;1.3274684853076706;0.3432667687296198;0.9096591759513378;1.7494220718944655
257;ratio.alpha.natif;0.5336826515396161;0.06688784607674372;0.45485403081386655;0.6048889240268372
257;ratio.beta.natif;0.46803271812652886;0.07026884844814756;0.38623370678639835;0.5520816804430682
257;tlip.MS;81.80260580968486;2.060030861391202;78.87828163434772;83.77820280195989
257;total.beta.carotene;646.5732120800474;86.82641691268641;464.3073451627745;723.9250555800386
257;total.carotene;1384.9306447761885;346.2295615885448;910.395879961018;1802.005831757008
257;total.trans.carotene.natif;1269.0565773060691;320.8058269320043;809.5474357210836;1604.8950474802964
257;trans.alpha.carotene;592.4325102002084;215.27646424946758;407.6572499481537;975.9499968626097
257;trans.beta.carotene;488.8686063668132;59.899924788647354;375.2679348759108;564.3421187084192
258;C14.0;0.787739058279007;0.02993226764739079;0.7362513897400259;0.8310172004904122
258;C16.0;41.098148878316174;1.9119107525523162;38.22000940852165;42.89379969104129
258;C18.0;6.0514815880344175;0.8545671371284257;5.4540360609755805;7.852980519930517
258;C18.1n7;1.3998217647618516;0.15324427086257475;1.1679851849176308;1.6007408690997391
258;C18.1n9;42.20556429193625;3.1360774086643124;38.63663653385277;48.043010677451804
258;C18.2;9.453158410970968;0.6431069198795372;8.42916423925374;10.283541567881922
258;C18.3;0.34225271287241493;0.07577386428848154;0.2786292467856938;0.4803479377784185
258;C20.0;0.36099591753156574;0.024951199890697995;0.3237529632789965;0.3946334265398648
258;X13.cis.beta.carotene;31.109043275662223;13.54923652952287;19.148450451581574;50.74255764373743
258;X9.cis.beta.carotene;59.53106794531622;44.663562925747584;30.220145730311845;135.0209710905909
258;eau;36.867488083877014;11.249181755342471;25.14022153141082;51.079999723481684
258;ratio.alpha.beta;0.6914699439049267;0.11797880556267944;0.5700219618956494;0.9047777647239169
258;ratio.alpha.natif;0.38884831303868356;0.0409931475066432;0.3424987791354519;0.4613932301877661
258;ratio.beta.natif;0.609752979520768;0.03793902603525364;0.5469708851978509;0.6517497502020134
258;tlip.MS;79.10222420016342;5.294077730445843;71.75715512798527;84.48176883724462
258;total.beta.carotene;567.3976182421958;275.5309472161985;290.30211038582075;964.3931254635852
258;total.carotene;779.8452074450245;405.43617719487605;406.90986268371586;1629.0496723899287
258;total.trans.carotene.natif;715.6101036842427;368.42027689609495;370.997031132687;1476.1054362732411
258;trans.alpha.carotene;311.5271610583499;192.42576874769733;118.32566982009395;663.8649705246848
258;trans.beta.carotene;492.3268683902781;242.57387198846;245.7390977389549;839.8292935776814
259;C14.0;0.9048893171191186;0.20210408723767279;0.6375538855638494;1.1089927790088816
259;C16.0;40.62743722360112;2.2989290256587136;37.97511141009752;43.15389695739691
259;C18.0;5.572479218498207;0.2942424457261373;5.306994465164125;6.024149412980196
259;C18.1n7;1.2846734418863652;0.088683007253426;1.1948954606309123;1.4109271719334244
259;C18.1n9;42.18481691366023;3.0281225653135606;38.08488139783697;45.254484696762546
259;C18.2;9.009036707814282;0.4137625973156183;8.39442138316623;9.37101985813692
259;C18.3;0.35175659826739236;0.016826599876648033;0.3334334438423022;0.3690996173181268
259;C20.0;0.3564320459433419;0.014260279242906697;0.334375641489671;0.3737416222798575
259;X13.cis.beta.carotene;43.962416204508735;4.3217881214545075;38.30850877578747;48.644409337536494
259;X9.cis.beta.carotene;110.2655243488196;12.83273796666439;98.20458024091393;132.13825786302448
259;eau;35.09442789832736;3.3730824260532053;30.80238418503153;39.65399547354318
259;ratio.alpha.beta;1.2910707716824628;0.23546805398111378;1.0788936315812192;1.5941554883427456
259;ratio.alpha.natif;0.5134297968012962;0.04175066287390551;0.4825923584764503;0.5651350249240483
259;ratio.beta.natif;0.48317084580234304;0.04897469136140018;0.4218328545957523;0.5265871895990264
259;tlip.MS;77.84009673097543;2.2496378858716444;75.12870084695355;80.67101174799849
259;total.beta.carotene;946.1800965956057;71.77221864199774;844.3812132242816;1016.5805141077321
259;total.carotene;1734.793671343541;349.4134422673757;1114.2201271013741;1949.2592434012183
259;total.trans.carotene.natif;1532.011127531473;261.55989909492143;1072.6723953943788;1702.5373020165478
259;trans.alpha.carotene;883.6172275860359;180.55891598676365;686.2477117343271;1099.0833819368017
259;trans.beta.carotene;749.7192282382696;95.59196303189759;643.7983200713559;877.45635600176
260;C14.0;0.6674382635720565;0.18268498430520486;0.3330781271971957;0.9123133976593525
260;C16.0;38.47012993964245;4.02821690714417;29.61900415556141;40.88333114084141
260;C18.0;5.908151882977013;0.4713392694319604;5.234946231981937;6.565374348034141
260;C18.1n7;1.3692553765919755;0.18078331278209345;1.1705786303771573;1.6783457672152866
260;C18.1n9;44.519150421749075;2.846476165468606;39.74159077359523;48.877183316604714
260;C18.2;8.982692204484566;0.36008661020294486;8.619274466901425;9.712323183689293
260;C18.3;0.3419372354510845;0.04590844677923629;0.2772618731154558;0.4304106213066642
260;C20.0;0.3490055803108268;0.03610525654330744;0.31851911323514437;0.4109173901820866
260;X13.cis.beta.carotene;36.777366714829114;8.353456784342265;27.62528809287815;50.393024246135546
260;X9.cis.beta.carotene;94.42384972300411;18.238973395999928;61.57702410070204;117.99248511981483
260;eau;34.59152296752047;5.338191093427545;30.41593082160647;44.400001672788875
260;ratio.alpha.beta;1.0287235773691266;0.2736942190258015;0.67526842408583;1.4903229682164976
260;ratio.alpha.natif;0.4619396507668338;0.06249079506297911;0.3808479474888595;0.5607273121962663
260;ratio.beta.natif;0.5314556063056894;0.0675449004675692;0.4390870051454987;0.623842424848997
260;tlip.MS;79.00598730022598;3.7967930317794223;75.47414401550411;83.4805075824333
260;total.beta.carotene;701.9155518366682;181.32314109972265;446.2716132821268;931.7554834029702
260;total.carotene;1263.9612207852667;462.0987107313137;639.6073424710567;1733.8805407481195
260;total.trans.carotene.natif;1134.7659200443807;433.3022635299113;518.0758619657134;1506.9655169837338
260;trans.alpha.carotene;501.4837864086675;172.95606753635735;249.1450206986896;743.141983822273
260;trans.beta.carotene;578.7958600440022;134.0945570283126;401.9751090091071;744.4956229082064
261;C14.0;0.7615785184291417;0.19138479238906972;0.527375305914051;1.030980349552599
261;C16.0;41.24422099707353;2.2282321274738885;38.001171455583496;44.97717522628457
261;C18.0;5.956999875989915;0.8272328280657482;5.202504942039809;7.029795672382073
261;C18.1n7;1.2858297963310215;0.1320974550093654;1.1202921373410326;1.4870401085166989
261;C18.1n9;42.853882112176684;2.2665105500475695;40.61116520601329;47.39446541378363
261;C18.2;9.088946091865198;0.3883082618676374;8.349454900595575;9.489671737801295
261;C18.3;0.2660370562575312;0.04348881692924318;0.20778417668055582;0.3181572464823999
261;C20.0;0.38583475311884413;0.016036493691529735;0.3667360583111155;0.4088897686933931
261;X13.cis.beta.carotene;21.34671176405673;4.353676329485205;16.485507220648856;30.159950919898808
261;X9.cis.beta.carotene;33.981226099974954;10.573270913951736;26.45116032876186;57.07934409222272
261;eau;31.99738850788325;3.3943594595869926;27.58727293329813;36.73874982730475
261;ratio.alpha.beta;1.1700215859548444;0.10503726465752007;1.0652070078343294;1.3390320987415278
261;ratio.alpha.natif;0.5126831403020186;0.025329311869428044;0.4810859615781761;0.5471174037118856
261;ratio.beta.natif;0.479037293534892;0.023020846206986054;0.4493737851268096;0.5111303215143942
261;tlip.MS;82.34301321019225;0.8035901526812377;81.07428377078689;83.41943171870098
261;total.beta.carotene;240.31861475584705;41.65330110864919;201.31279514336495;309.9685035319649
261;total.carotene;396.98749244275257;33.23328907592736;367.79442982284183;454.9109173881759
261;total.trans.carotene.natif;347.16986783415217;35.60348699121218;314.29035496600414;417.6217041688674
261;trans.alpha.carotene;145.44573535503085;24.884526771689387;114.97315993755373;183.4106837106641
261;trans.beta.carotene;203.71542785479195;45.45781251359707;153.8234639259009;284.1084885480796
262;C14.0;0.5490005288503614;0.12164718255068034;0.3803049786664727;0.7586637338735724
262;C16.0;36.47744611763085;1.6242819129244772;33.72143711336557;38.15334321290553
262;C18.0;5.834712091627095;0.4306104001134995;5.340878831034562;6.5179250033716025
262;C18.1n7;1.2645025095964704;0.15651049099359027;1.0316846439303176;1.4622532506754269
262;C18.1n9;44.60049382954745;1.8612940450102011;41.760815009359575;46.794878079479815
262;C18.2;9.412398391869601;0.41881265633894466;8.738377410365771;10.069750561519497
262;C18.3;0.23809706963526314;0.03104688868143503;0.20027543499919573;0.28459801067090296
262;C20.0;0.3566009869668895;0.03857357595693977;0.3073253457593459;0.4158222759953391
262;X13.cis.beta.carotene;26.518040804401362;7.123104900955702;22.12976511577536;42.12056477745682
262;X9.cis.beta.carotene;66.67139038593061;28.001868132460743;35.924229121093866;115.75318352617334
262;eau;25.122012758391445;3.1327898100524365;22.00999534371574;29.761667600864115
262;ratio.alpha.beta;1.405239818446944;0.19416690217596322;1.0718573686991297;1.6192411256692543
262;ratio.alpha.natif;0.5545300967117157;0.03785062991298746;0.499681032465744;0.5963642351929499
262;ratio.beta.natif;0.4350396883430208;0.03337338785158799;0.39457889425887716;0.4854001886147373
262;tlip.MS;83.26726237711965;0.919512730429914;81.41655587454521;84.18183875090074
262;total.beta.carotene;404.6576532815181;144.79997682098562;235.69363777622675;624.0281967787466
262;total.carotene;700.9869058681717;240.35204678907135;360.7247585823975;930.5132307442714
262;total.trans.carotene.natif;608.3744120046861;214.14926631883773;291.14996738372434;795.2190083055445
262;trans.alpha.carotene;317.0842137413728;92.48342717008889;181.65165167875406;413.37319633706056
262;trans.beta.carotene;308.9036271304085;113.56681441364091;163.4795153777057;466.94984788989234
263;C14.0;0.7532519735164209;0.10390528944895779;0.6587414962504724;0.9479794963184938
263;C16.0;40.43302831510662;2.068800191448142;37.475293888091294;42.08611577138887
263;C18.0;5.68098285427125;0.30772914500227566;5.399401147534631;6.098625882819602
263;C18.1n7;1.2322789716730584;0.2521305875407486;0.9353681613681375;1.5058355786123383
263;C18.1n9;41.999932927509725;3.7713474068459765;38.03335760669546;47.92716578660643
263;C18.2;9.13092073407658;0.40339216704647457;8.63663337766025;9.677409965645403
263;C18.3;0.29586420557731197;0.0346179105785403;0.24555249884467314;0.34198234299883734
263;C20.0;0.3816636910678635;0.04026711908697247;0.33022645460745986;0.43241260354050304
263;X13.cis.beta.carotene;37.54141438739398;7.246200142621932;28.413056200204938;46.12795524651196
263;X9.cis.beta.carotene;77.03513664265402;24.850288672862092;43.85725986080026;106.3348127006775
263;eau;24.28427793224841;1.3344992779000178;21.94066532074015;25.683165175345444
263;ratio.alpha.beta;0.8272918783487039;0.2177957789158592;0.6085192892356456;1.1246770015464072
263;ratio.alpha.natif;0.4269382667530053;0.05123145284347192;0.36352426585083314;0.4820701399517149
263;ratio.beta.natif;0.5758657636710347;0.05945280876439899;0.5099116173200179;0.6397068882628462
263;tlip.MS;83.88216504347287;0.48560258168890813;83.20354271857643;84.61767929089427
263;total.beta.carotene;653.2982942478294;168.8130815965479;397.54493770095576;807.2348788380821
263;total.carotene;1206.4021711700263;435.56488972530116;754.5118207959548;1830.871600015696
263;total.trans.carotene.natif;1049.8495144683377;388.1763730127007;649.2981223092099;1608.7805617224906
263;trans.alpha.carotene;420.4915971270609;168.89274980398687;238.65384447755432;715.5162192934617
263;trans.beta.carotene;516.2358589213949;138.77532723871983;349.05858904110755;688.7639844558352
264;C14.0;0.5634560875840381;0.09033778918993812;0.40292720608402793;0.6461348469000179
264;C16.0;37.17812516730532;1.9098760335304512;34.76891893052298;39.10464887465427
264;C18.0;5.738337803282101;0.43000577387471706;5.360033006604611;6.461357848915051
264;C18.1n7;1.054831255259865;0.12973080545162727;0.9327910377677066;1.2974869714649526
264;C18.1n9;44.51245134655863;3.6793424931690493;39.22566435344315;48.07827334025698
264;C18.2;8.299448781222532;0.6047065977315994;7.457842303642536;9.053356307535596
264;C18.3;0.3577391559812109;0.04882469811132205;0.2769245208832023;0.4202511544028395
264;C20.0;0.38778593174651194;0.02848721618648136;0.338964744656741;0.4164170068802855
264;X13.cis.beta.carotene;57.4651291542427;17.73551071076621;35.370970758915284;81.50914234224634
264;X9.cis.beta.carotene;128.62695332859923;26.00615617280955;96.16584435747562;160.39132376754893
264;eau;25.608455286266842;5.276198618921424;20.401667413857048;35.10623544928685
264;ratio.alpha.beta;1.2883461666109353;0.24627675023636553;0.9622846704264587;1.6181174617748344
264;ratio.alpha.natif;0.5041375709878978;0.059854266275199595;0.4217599635834047;0.5913087291864673
264;ratio.beta.natif;0.49212258970533257;0.06648589461702853;0.3954679568871719;0.5910664571155857
264;tlip.MS;82.23350181726197;3.2712204801204665;75.742687686243;84.68095544775873
264;total.beta.carotene;892.4697901278995;189.2637447390452;609.3707793268318;1164.954236564875
264;total.carotene;1824.3948212171138;335.05214610812016;1225.4077764435651;2199.7824769393346
264;total.trans.carotene.natif;1617.2919013458759;228.61612465232025;1191.6800516089315;1821.8141983943506
264;trans.alpha.carotene;894.9901363296791;278.7427436536573;461.90221963928934;1140.4962290320777
264;trans.beta.carotene;684.1514286932085;137.4506448360151;457.80395514906377;842.1774529025403
265;C14.0;0.6263677914051237;0.17613037752191493;0.47547989275308356;0.9898066506936065
265;C16.0;38.013744604910656;1.8835395735180078;35.57619518768181;40.50776649370183
265;C18.0;5.7904093513491635;0.47551843779395014;5.224190784879582;6.637264437466464
265;C18.1n7;1.2640554024365878;0.2066659389887098;1.0051907660183264;1.6375473753504837
265;C18.1n9;44.678448558837815;2.3063390893769817;40.84037405650788;48.126855243652344
265;C18.2;9.101456686198246;0.6853402368836976;8.311938525398817;10.392375303413068
265;C18.3;0.34869392707848235;0.05419691440632246;0.26688676456614424;0.43811567663921996
265;C20.0;0.35168579533970146;0.024076202383670385;0.31562529199246997;0.3893807155196021
265;X13.cis.beta.carotene;40.89212340102309;13.77640620453993;27.59270227303393;68.26390440179301
265;X9.cis.beta.carotene;109.13290838509594;29.541430120209856;67.6370797411473;140.0277513679284
265;eau;35.426323081376104;8.009234648280254;28.109998580339152;50.38999997691814
265;ratio.alpha.beta;1.1338108082633123;0.2210185631682918;1.0145468638774244;1.63068425947512
265;ratio.alpha.natif;0.47730899656433046;0.03591569268995149;0.4508864975400995;0.5543001014899237
265;ratio.beta.natif;0.5257170964326352;0.03199967590539539;0.45929312109551934;0.5505081816066141
265;tlip.MS;79.52667059775877;3.901450338512965;73.3563061008876;82.60386446506597
265;total.beta.carotene;847.7726578957038;207.68878659963588;529.1782343803319;1194.604453011037
265;total.carotene;1472.065400124177;558.286082235855;700.7977409602397;2235.7391719670622
265;total.trans.carotene.natif;1353.629893227198;506.73808298336445;651.9875839823884;2049.320811640684
265;trans.alpha.carotene;746.6812745307715;268.0614315260502;330.136268493421;1047.3258941415336
265;trans.beta.carotene;692.9025600391459;219.73811350143765;441.15533394510646;1129.7219188951522
266;C14.0;0.665592020922993;0.15577342120195786;0.4165049889569633;0.9081578588406775
266;C16.0;39.47445533766672;2.233080652511744;35.15574817600219;41.56012384606037
266;C18.0;5.63244239687249;0.47698966299417195;5.1665265952049495;6.648680356993513
266;C18.1n7;1.165758868423204;0.2436365981584056;0.9014086494483022;1.6405873969395655
266;C18.1n9;42.48738772266887;4.263533100110536;37.87988466267364;50.05436884862608
266;C18.2;8.425613901256474;0.7449131976106633;7.416604780645367;9.34816707026977
266;C18.3;0.3631387634701572;0.025343325252701065;0.3137207931400634;0.39064723674187873
266;C20.0;0.38040472081542454;0.03637404445860463;0.3280705126171258;0.42232885596419406
266;X13.cis.beta.carotene;53.64992881572679;15.874683550056744;34.92642855076673;77.7547565339681
266;X9.cis.beta.carotene;135.77319901651364;32.08031180434954;78.37142882971798;162.85570235925047
266;eau;33.28165063557809;4.420462349355208;28.740002699130173;41.23999929600749
266;ratio.alpha.beta;1.348863930323165;0.23215761640627705;0.9742086414497383;1.574491534255514
266;ratio.alpha.natif;0.5300624393962343;0.051633531642587216;0.4398656819067088;0.5774299402762607
266;ratio.beta.natif;0.468009204275015;0.04928089929141898;0.42214025560347485;0.5625705978899189
266;tlip.MS;78.30859139572635;4.089387992526425;74.19527223024127;83.412193408725
266;total.beta.carotene;892.7417750981915;146.76521176172633;661.4099073259937;1029.8020947921327
266;total.carotene;1821.7656463337194;188.08579346795557;1553.7907930155554;2038.542392813194
266;total.trans.carotene.natif;1561.6198454922462;184.21929295019913;1286.8401964178402;1799.6759181577793
266;trans.alpha.carotene;967.4991084509614;166.28917371576387;630.0425785355194;1163.9979215193523
266;trans.beta.carotene;680.4808653318889;112.71961173690029;507.13929534868083;838.6289532032072
267;C14.0;0.5515464392413286;0.13297489034405297;0.3891869081478002;0.8129352807704475
267;C16.0;37.87226392921373;2.7848414130493855;33.1659712263305;41.39989849996046
267;C18.0;5.767406411308932;0.4343610274532337;5.3533191570903975;6.6594280513454205
267;C18.1n7;1.042097444108202;0.07048758658218712;0.9426077440762368;1.1696673609488666
267;C18.1n9;46.16535950271996;2.740131815727069;42.626356138384004;50.154217171198646
267;C18.2;8.61906945735223;0.5175792398423306;7.574771348455445;8.95298953234824
267;C18.3;0.3147293048824737;0.04115319354832343;0.25212709730651683;0.38558148528897973
267;C20.0;0.39468040020446155;0.02491336123875987;0.37073305023084435;0.4421498655197926
267;X13.cis.beta.carotene;48.048356489032166;13.535180650854446;34.410140663220666;76.55404963669388
267;X9.cis.beta.carotene;114.87901891622876;27.413735493210766;80.69267196374048;162.1660399616091
267;eau;24.283636976607585;1.5554968547845758;22.172498334402448;26.30829151482958
267;ratio.alpha.beta;1.184622644435524;0.24785539616472713;0.7590889279217271;1.5684321941012385
267;ratio.alpha.natif;0.4900762966954269;0.05389142935731023;0.3889288153149009;0.564485521349501
267;ratio.beta.natif;0.501800463318974;0.057030977675252906;0.41871051611218874;0.6046107483725716
267;tlip.MS;82.18327311496856;1.8392404689652655;78.76031924849559;83.88508280152959
267;total.beta.carotene;862.2233658277049;116.80968082395202;678.2437460222714;987.9631190601474
267;total.carotene;1562.5673614020795;377.8408384310034;825.6421160978498;1952.9886431605942
267;total.trans.carotene.natif;1411.3745347380243;350.1223436209519;732.034391592184;1778.6830692494416
267;trans.alpha.carotene;788.4144066923012;323.8221024436908;309.97997829705054;1160.9997379596273
267;trans.beta.carotene;668.7217093530834;97.46045000497611;535.7535664349085;793.5664271259677
268;C14.0;0.7012926468419508;0.16788443446821327;0.4842626190311293;0.8716774508941256
268;C16.0;38.84039813692966;1.3591408238304687;37.48586072652452;40.50470320500585
268;C18.0;5.9614390303611655;0.37482014782664463;5.3141776994930305;6.418928947319652
268;C18.1n7;1.0463230077715455;0.11328287685129335;0.9601107887373266;1.2647208034363606
268;C18.1n9;44.890497282234634;2.1000211220022784;41.12001932763206;47.180559485252125
268;C18.2;8.336532706702632;0.5189749767501163;7.382007888464534;8.794786250356292
268;C18.3;0.35785689135236004;0.038045427019545594;0.3161958252445261;0.41881952117952737
268;C20.0;0.392729309890896;0.013560941713131013;0.3695899072039131;0.4087851930133731
268;X13.cis.beta.carotene;53.641469449584406;15.02490194971193;41.61456330925922;82.58980193125092
268;X9.cis.beta.carotene;127.89290860276007;21.751183320319498;104.15441544879877;156.39058116999652
268;eau;24.693232293022803;3.4154890466082235;21.415781728650963;30.498335196651688
268;ratio.alpha.beta;1.2054597040733555;0.07163768843041958;1.1154574821432426;1.2774386576118435
268;ratio.alpha.natif;0.48983448269006663;0.03396086114387206;0.43367599522542916;0.5235020361342816
268;ratio.beta.natif;0.5047498757437869;0.030633513585901495;0.4819155905766492;0.5574432618310374
268;tlip.MS;82.2780097571094;1.7079441973478906;79.85569890281776;83.91539001231534
268;total.beta.carotene;934.4364593343827;64.35903757807093;856.9934846262009;1022.1734834733544
268;total.carotene;1927.0816971519437;177.92011105190733;1781.652548479376;2263.2929450054016
268;total.trans.carotene.natif;1690.885252925759;169.15353339641248;1504.8954207395973;2000.6939154099437
268;trans.alpha.carotene;988.8072517658538;98.36379654573976;819.0978572682424;1104.9257618123102
268;trans.beta.carotene;750.5211508721187;55.2551957183662;671.7874084324316;809.4111443388902
269;C14.0;1.0616597144689448;0.07007296374316047;0.947694703764927;1.164208168253973
269;C16.0;43.50291216761559;1.5485297901202777;40.75911698104342;45.03160446756181
269;C18.0;5.6909536929643645;0.7092853732168988;4.875370287798992;6.6898673022493655
269;C18.1n7;1.3038188066542076;0.1496059760903095;1.1379125503086724;1.5180088645371013
269;C18.1n9;41.972465273224124;3.202660684597277;38.60258132577712;46.47236881004349
269;C18.2;9.172475794391618;0.7939548088577362;7.840264901122136;9.776249456084159
269;C18.3;0.34862742270225383;0.09178321120554177;0.26766309391402954;0.4708093474801396
269;C20.0;0.33596659551448954;0.01997792094030471;0.3093712757841609;0.35809327788248363
269;X13.cis.beta.carotene;35.80349901727777;12.714733827625146;23.192999977518415;59.28297368591943
269;X9.cis.beta.carotene;75.79601662850122;52.60116260571806;32.34809408795961;157.50371237654
269;eau;43.469636670219515;11.13494705459554;34.299999826712636;60.18000068586198
269;ratio.alpha.beta;0.9450808957694777;0.3347020757056618;0.6197168602269048;1.5149897508625865
269;ratio.alpha.natif;0.42649429867693733;0.07093040905174812;0.35783530671852937;0.5461549458795046
269;ratio.beta.natif;0.5767301728010615;0.07137154116350247;0.45506615990817556;0.6428794466137983
269;tlip.MS;77.29213097509192;4.209970702734036;71.43344533318567;81.07574221317854
269;total.beta.carotene;691.2847304934991;285.34937994090495;393.49833522921915;1248.3738147358326
269;total.carotene;1051.7791325870662;544.7682313114465;634.2586503700738;2228.846965845679
269;total.trans.carotene.natif;963.188797041835;477.85459312425473;635.5014818872038;2009.4672755653964
269;trans.alpha.carotene;433.89528505176537;273.02766008567636;213.08886044383854;1004.710012440143
269;trans.beta.carotene;578.7006999543663;251.49631277050608;401.3948921971161;1088.0669852128012
270;C14.0;0.6909588471346165;0.11893520105753173;0.5407694939827171;0.842566814476985
270;C16.0;37.83413188943606;3.6990291277412135;30.594624526325152;40.75820164133858
270;C18.0;6.18055046632525;0.6608596371755058;5.6032567488547045;7.29744245724234
270;C18.1n7;1.1337134515360574;0.11526301745102943;1.0160455603937655;1.30439782184111
270;C18.1n9;42.98566664733931;3.4967156685230956;39.10609749374191;47.084277857113385
270;C18.2;8.23847388715398;0.574423983059654;7.579747324669371;9.075490161595592
270;C18.3;0.35127396794386156;0.05042587647267368;0.2547329498251936;0.41596896019552587
270;C20.0;0.39587098960813316;0.020976022193341468;0.35773332726843066;0.42681584709553205
270;X13.cis.beta.carotene;53.61740988013782;10.537780665082316;36.026399432013534;63.497718807913664
270;X9.cis.beta.carotene;124.74260572671945;29.78885329894735;69.73532717367317;165.3763852152212
270;eau;28.18420911296349;4.541568109085391;21.711000197688705;34.921248563413165
270;ratio.alpha.beta;1.144939585527667;0.2831484454001222;0.7850494161556437;1.443795448339108
270;ratio.alpha.natif;0.48539328578344076;0.07252304384609455;0.3889883466883016;0.5528654938048345
270;ratio.beta.natif;0.5192042796291917;0.07550303137543565;0.44833272362992427;0.6197385203733868
270;tlip.MS;81.7066906852535;3.2610432376743703;74.59407384670006;84.1761107259711
270;total.beta.carotene;869.2099867351183;185.0976651278959;485.9749749775227;1024.4729324013022
270;total.carotene;1723.1682097854962;393.02958031693026;926.3014299900041;2039.4655131821744
270;total.trans.carotene.natif;1528.7033954577141;370.08721614621004;802.2020191584779;1859.969163167092
270;trans.alpha.carotene;897.1734520521825;219.00749519505894;432.1083506198926;1073.1228493674594
270;trans.beta.carotene;677.0040909232129;154.2547796797355;400.8025365081072;863.1979243785327
271;C14.0;0.887359969950755;0.22755685542297935;0.5330065731281092;1.1125235195850305
271;C16.0;41.637858385218344;2.1006101283586083;38.82786259653011;44.61498203329165
271;C18.0;6.452346022369763;0.25971687363817836;6.1462276981541875;6.822956242964029
271;C18.1n7;1.298613832178459;0.17990376825430698;1.1034054584386959;1.5903855073480486
271;C18.1n9;45.42061274542531;3.734196723377553;40.56172183427199;49.19165792655155
271;C18.2;9.800615292673621;0.40855465006336006;9.076989197515005;10.29025070300227
271;C18.3;0.2784856097215411;0.0688389740973163;0.1940007411470153;0.3717532503985494
271;C20.0;0.37963046974521814;0.03691102646617559;0.32804861807994484;0.4268489081959148
271;X13.cis.beta.carotene;26.608318007730436;6.535276214902496;20.106249508659317;38.124279728087956
271;X9.cis.beta.carotene;41.88634937112719;15.618460941390166;26.761327223715515;62.56401495883094
271;eau;32.35634554269796;4.863806058853897;26.312510270482807;38.39000029846591
271;ratio.alpha.beta;0.6989077852692809;0.05794180656598429;0.6126096681861927;0.7824874099152056
271;ratio.alpha.natif;0.38509401756046685;0.02124002186106637;0.3608864282018587;0.41941573080637856
271;ratio.beta.natif;0.6095097599624664;0.027816663738382125;0.5645671986129134;0.6406564727193783
271;tlip.MS;80.59588283745127;3.30489448314843;75.34112297436133;84.10580861037971
271;total.beta.carotene;430.8032945126729;92.61693185921246;337.31909770568996;579.437479320297
271;total.carotene;583.9770494087875;150.88355119423633;431.4467797190553;795.358974461238
271;total.trans.carotene.natif;521.2672921342802;134.71261627306856;399.06906410232403;683.3852846098251
271;trans.alpha.carotene;191.26930094691014;50.906951498182146;138.66220429859138;258.8001669732176
271;trans.beta.carotene;366.9925234866558;77.95044783265087;283.27619895873545;493.9662297850775
272;C14.0;0.6951103144430488;0.23562477781313232;0.5606646009367562;1.1151797839602031
272;C16.0;39.393040126073174;3.7404216963250523;36.32023568141618;45.550368870317335
272;C18.0;6.216175397768136;0.5024962179749255;5.772401403496184;6.808606076185669
272;C18.1n7;1.3183471407734852;0.12049908396809822;1.1526677425878975;1.4800643389407007
272;C18.1n9;45.69108937644607;1.3233783481528263;43.61395866291242;46.89000096144123
272;C18.2;8.980121313787333;0.3653304864929271;8.582667957601235;9.326489829531239
272;C18.3;0.2468038957989175;0.024950549283100712;0.21392609664448473;0.27642212986236436
272;C20.0;0.3482708744126811;0.03874682842412171;0.29246260950830616;0.38667773605128153
272;X13.cis.beta.carotene;40.83931143231392;11.828107096689111;28.116279263403936;54.43707873106983
272;X9.cis.beta.carotene;77.49419090381414;33.476284038154226;39.458530495593024;116.48367647024688
272;eau;20.76886697708282;1.5318849048984615;19.470000825136363;23.23333393032674
272;ratio.alpha.beta;1.156156411578876;0.32956406652118925;0.7209325757329484;1.4485871645263748
272;ratio.alpha.natif;0.4882586597752735;0.07716859891964985;0.37147962948201524;0.5489580098943754
272;ratio.beta.natif;0.5016692622080507;0.08187320478640578;0.435854599451257;0.628271089340244
272;tlip.MS;83.72237233565468;0.46001344263288646;83.1949407132023;84.38385262467864
272;total.beta.carotene;651.7515377038718;190.37266666888004;419.5787392397106;848.4257550583392
272;total.carotene;1175.7184079532806;521.4648389582072;549.0411867512208;1717.1679601875805
272;total.trans.carotene.natif;1013.0869922961217;494.5921632385003;450.1469430347768;1662.6648253709375
272;trans.alpha.carotene;412.6618537457396;225.609813396908;183.2166428166561;767.5889207454816
272;trans.beta.carotene;518.6925558577464;156.92423263345643;342.7528287723919;633.8843301625553
273;C14.0;0.8027416947347664;0.19897457986974526;0.5035979115071261;1.0392758568685323
273;C16.0;38.90831923057642;3.201635357518631;35.03394840184175;43.72527007397185
273;C18.0;6.075078165639703;0.42322661792027283;5.600776353391752;6.847907208822322
273;C18.1n7;1.2535156267253338;0.12316150497636827;1.0778281485311851;1.413301221729907
273;C18.1n9;44.19778735365752;4.406402264165503;37.77680039115488;50.068711250097955
273;C18.2;8.858184303803444;0.7062654929298914;7.566121077095277;9.565466290762982
273;C18.3;0.3693223038938341;0.07737635652365411;0.26644136687723635;0.4531488154260083
273;C20.0;0.3799475970985218;0.034306785820615165;0.34209889840687424;0.4414367682727663
273;X13.cis.beta.carotene;46.22225398429239;16.49511608079977;28.15640195045334;68.94016967759863
273;X9.cis.beta.carotene;95.30674552033119;47.501934156518125;54.75252839802881;169.819691143268
273;eau;41.74214252495111;10.245372835898712;31.080001425144033;53.38999941122321
273;ratio.alpha.beta;1.0952456783094981;0.304042210221331;0.648162585508618;1.5435700076965926
273;ratio.alpha.natif;0.4676164857499976;0.06960326680831046;0.3608193454835918;0.5597193024500859
273;ratio.beta.natif;0.5341257512015112;0.07383708368388253;0.43262294144496694;0.6408626793986477
273;tlip.MS;75.77838657934527;3.1785294645035016;72.39412702563298;81.19585746707114
273;total.beta.carotene;738.777791446659;286.90121105055994;446.7782226819625;1212.7780889713454
273;total.carotene;1241.1628608811118;646.6835969986389;535.8430750238389;2200.997817183859
273;total.trans.carotene.natif;1100.9356924108563;588.0270853593009;488.3654299068492;1990.2552110128618
273;trans.alpha.carotene;532.3252000341337;373.16514251285366;205.63432391251115;1321.6518654862898
273;trans.beta.carotene;629.5073543956939;248.67715778948872;399.1506039882307;1015.4521294278413
274;C14.0;0.9049507456513325;0.1737786305459668;0.6419470940215899;1.0732525112244837
274;C16.0;41.396019178251606;2.891721391250813;38.42813625886475;44.916941920181564
274;C18.0;6.584090875528358;0.45845111044516507;6.041442147296653;7.229628886539996
274;C18.1n7;1.2850493717794986;0.15940728642811422;1.111334335641658;1.5368861301656582
274;C18.1n9;44.791138953628725;3.406846509749092;40.30498748003618;49.887915281110644
274;C18.2;9.28748247567317;0.46209673835493315;8.532291530108626;9.74227275470605
274;C18.3;0.27807061028415264;0.016362350543701196;0.264940202478775;0.29990978696797926
274;C20.0;0.38674323308284836;0.01634914156610317;0.36632335374759395;0.4056038715156733
274;X13.cis.beta.carotene;32.195378358255404;5.232610761451729;24.264729837854563;37.64605695879659
274;X9.cis.beta.carotene;51.66263109514023;19.698559636315615;24.487414329205297;74.95680036748242
274;eau;27.974273891421223;2.284797676275022;25.47399909895541;30.559996583272387
274;ratio.alpha.beta;1.2716879114740423;0.14022607131581602;1.0881379896843;1.4352756782899243
274;ratio.alpha.natif;0.5315526171510891;0.02879192144260483;0.4990567786805146;0.5701755722386047
274;ratio.beta.natif;0.4681486351759968;0.022213837796714993;0.4398460096766902;0.493214590125326
274;tlip.MS;82.60016255184034;0.2703106331711666;82.25767309874873;82.82587806591587
274;total.beta.carotene;282.9642835971855;83.96224559839943;181.8509377924421;366.0262873961085
274;total.carotene;510.6737584468339;195.71605964645025;328.5960205269889;825.6329690003507
274;total.trans.carotene.natif;448.9136045769089;151.6931511790916;326.3421331492632;697.1311809999886
274;trans.alpha.carotene;251.93039424764874;202.74066741887242;110.19242427172108;608.2592064736633
274;trans.beta.carotene;205.5455921226504;56.69371690660648;138.08931578241464;276.6908450666912
275;C14.0;0.5032838668944847;0.15843842867746638;0.32710904846189875;0.7908829489477172
275;C16.0;32.58784512022947;2.3221141963739123;30.120049655038613;36.16493260916844
275;C18.0;7.5335849958520615;0.30802717733715884;7.119476729563626;8.04540402042122
275;C18.1n7;1.2795305070949496;0.15446792824249184;1.0747829929390342;1.5157480760956201
275;C18.1n9;44.59623084334204;1.7913751563801257;42.29182666228944;47.316810469747544
275;C18.2;9.281301926691977;0.5375892244715202;8.37469219450405;9.871454641203668
275;C18.3;0.33064948439194275;0.03505773200595318;0.29028014174644784;0.37934094766390847
275;C20.0;0.39016072748342084;0.033649739585289676;0.33324892093629893;0.43147465337446833
275;X13.cis.beta.carotene;38.57994236434537;6.435826180252363;30.64708346330122;49.32988882844833
275;X9.cis.beta.carotene;72.17948063017312;23.71953249713454;42.59086021304156;112.73958167189522
275;eau;33.778829357390684;5.022984102515218;26.860002100178576;41.0400010701974
275;ratio.alpha.beta;0.9110936609844131;0.22025149024446927;0.723117193062595;1.2934971029150981
275;ratio.alpha.natif;0.4263479458250871;0.06095780382014303;0.3681816299209616;0.5114553520379311
275;ratio.beta.natif;0.5690732027435738;0.06208498358530575;0.4814671707708216;0.6389388159197086
275;tlip.MS;79.53037832325738;3.8894653779014248;74.10330749617017;83.22498779602341
275;total.beta.carotene;614.2313470669299;157.81148606793118;437.7653080115013;800.931231281214
275;total.carotene;1156.7289962721086;321.92488925198217;802.5405090131052;1539.7768060633725
275;total.trans.carotene.natif;1051.9438690176298;316.6489632756021;711.2183669334138;1464.5053811523255
275;trans.alpha.carotene;368.7645358799036;76.2076855808286;281.31003133076763;482.5396071315557
275;trans.beta.carotene;522.392675424979;125.45952886012665;390.64813835231837;681.3259782327457
276;C14.0;0.5700575214781145;0.18328949939626307;0.36812134798123997;0.9160506270039854
276;C16.0;35.250454305830516;2.6857200010627054;30.565511759546684;37.605937004175196
276;C18.0;6.434301687118093;0.5283663713451259;5.644855581995963;6.984440153007137
276;C18.1n7;1.187726483309958;0.1370996904510237;1.0124514839361898;1.3668930339507364
276;C18.1n9;43.80569716778221;2.2034098911657978;40.94414566256878;47.24026252159514
276;C18.2;9.093413816856375;0.7453520175971757;8.098926562702848;10.065385888607755
276;C18.3;0.43074477681965645;0.056853607055736444;0.3638365353082112;0.5136429297916066
276;C20.0;0.4056372186863542;0.03012156146308525;0.35929146951673957;0.45420954923920936
276;X13.cis.beta.carotene;59.66681602360351;18.103596690897454;32.40281770839657;79.19897540112133
276;X9.cis.beta.carotene;144.94425246389355;58.793711432260096;70.54549139648324;208.6211648759768
276;eau;47.06750056456843;6.492463445922188;38.53999790792444;57.16000012130443
276;ratio.alpha.beta;0.7736710914080378;0.20531439008460015;0.5578614785607077;1.134343095453689
276;ratio.alpha.natif;0.39024423347579046;0.05285529109586201;0.3275536645677754;0.46873025258711193
276;ratio.beta.natif;0.6111955899508082;0.05468107173297484;0.5201650791395873;0.6753369007407948
276;tlip.MS;75.17175709234621;1.4444319467173932;72.38090314421515;76.76953818112435
276;total.beta.carotene;975.159259864147;274.7716342783205;618.1032634980153;1258.2329612549083
276;total.carotene;1563.544472793712;583.6429580640707;802.1633463192992;2262.3007950419797
276;total.trans.carotene.natif;1321.7608389448608;432.604736887504;748.81610969289;1795.6165114862151
276;trans.alpha.carotene;744.0632128463587;445.0498636021577;346.352600780148;1375.0869524026843
276;trans.beta.carotene;742.9443657498535;235.68803348207496;485.4148500110059;977.6210554532468
277;C14.0;0.8805223135901072;0.16221152584170262;0.6334754105761963;1.0968153869962605
277;C16.0;43.15432437836207;3.0887565068477922;37.16413379459335;45.46259810954566
277;C18.0;6.023523668694608;0.5647462233280597;5.50928030115823;6.868269167478173
277;C18.1n7;1.3124716631009825;0.20682695093072315;1.0001795255464017;1.5055405437914617
277;C18.1n9;41.67921210716887;3.000531995893842;38.63795953479383;46.49579586997186
277;C18.2;8.545276350589235;0.20481514424902617;8.346103989986002;8.876453538149736
277;C18.3;0.3071407301668927;0.038664828966452625;0.24893489253116063;0.351567212392643
277;C20.0;0.3597958673290838;0.025491059569401304;0.3228569543350236;0.39043268494871475
277;X13.cis.beta.carotene;46.659166228175565;6.392435623768819;37.686402742143436;55.740704195309455
277;X9.cis.beta.carotene;105.49073253135987;27.262267904256447;62.54329113623498;143.2892646628568
277;eau;23.293028015350597;1.649228166223165;21.65066661250026;25.96937245941427
277;ratio.alpha.beta;1.2959287733080775;0.18658876862656293;0.9942406712071895;1.5493874830337613
277;ratio.alpha.natif;0.5249237343760446;0.05401332509858378;0.4387829747402516;0.5897232437589638
277;ratio.beta.natif;0.4762131917916;0.05739503170066916;0.4050150511553325;0.5701572532715571
277;tlip.MS;83.76910920947451;0.49360904539068534;83.27159901884171;84.47531136671762
277;total.beta.carotene;752.3131546466417;179.6834849088096;410.122854981243;926.594178592183
277;total.carotene;1393.4658290803916;335.7810306653301;810.0586944425074;1687.090206638678
277;total.trans.carotene.natif;1206.539663738123;263.8070356629737;761.3768072652513;1431.520302260591
277;trans.alpha.carotene;428.84079704801485;92.45173060574321;272.3922813912215;550.0577831287264
277;trans.beta.carotene;629.0644053786978;150.77289363999557;355.0812537616351;762.3019545409628
278;C14.0;0.7158107956048531;0.15906314578898623;0.5551749147697169;0.9930449218674269
278;C16.0;39.45716279191212;2.9637815015198634;33.90221555930414;41.69431869890731
278;C18.0;7.091600642065077;0.6721459272111309;6.320124583432473;8.26666945973328
278;C18.1n7;1.2525497345752952;0.17707783019634735;1.0960664080103475;1.548653138874148
278;C18.1n9;45.06615609057214;3.5525390198749043;38.748021963107476;48.41477676956633
278;C18.2;9.188492196351595;0.40910519779882615;8.551038811496765;9.875262352698067
278;C18.3;0.3105530449496206;0.02923154931447621;0.2524846428043737;0.3369901319540486
278;C20.0;0.39685248603611906;0.029949904779645112;0.3540175229938805;0.43777681516457356
278;X13.cis.beta.carotene;26.825375128658283;8.245840879184657;20.897879293586858;45.2178649435728
278;X9.cis.beta.carotene;39.87024384408117;13.595146205169156;31.60492975714216;70.35147029249309
278;eau;36.780329891944724;3.9093392279104306;30.867272750313678;42.869999487799845
278;ratio.alpha.beta;0.7230203209947516;0.15323885263715248;0.5709118698035336;1.0271129385793085
278;ratio.alpha.natif;0.38724937094795375;0.03713564207385053;0.34781318109221404;0.4527583668079567
278;ratio.beta.natif;0.6144612774322544;0.03707109448261938;0.5470036137499302;0.6530647484120177
278;tlip.MS;78.02155987811052;1.9542622574479376;76.27905666316718;81.74238864734752
278;total.beta.carotene;431.625887507973;162.93077002569072;270.76065113930815;766.7275233944342
278;total.carotene;646.6205858816016;217.2429866023986;408.0997185375142;997.0081931776867
278;total.trans.carotene.natif;573.3013163050991;208.13195109677824;340.36513409574457;908.0897013052312
278;trans.alpha.carotene;218.2354140286674;106.12350384688038;118.93552717793904;428.8777833097117
278;trans.beta.carotene;367.6032500423554;126.59370940587706;234.57057992316618;621.8606876292484
279;C14.0;0.8071083655797683;0.19287293040208792;0.5643852122952207;1.0411656577104538
279;C16.0;42.59624648455964;2.3446356920300193;38.97689186567356;45.45491434215948
279;C18.0;6.3897836333884;0.41183395254555943;5.867368764778368;7.006081678132352
279;C18.1n7;1.5493416580085995;0.06650257132576373;1.4929075139232268;1.6843786100552232
279;C18.1n9;43.78010429745081;3.3571733188331274;37.68114201992005;47.16152443532297
279;C18.2;8.899864865924126;0.4662328265341354;8.276399366287054;9.73754575082075
279;C18.3;0.2777380768500868;0.022128561480568024;0.24686069676952424;0.30186645472805124
279;C20.0;0.35623723965355497;0.020727834878021704;0.32401666294737164;0.37785016630929236
279;X13.cis.beta.carotene;41.94206584670432;11.85893010567836;28.99605882437953;62.39402568348802
279;X9.cis.beta.carotene;80.83406690805789;21.30425859831082;55.33976355946103;104.72074209406743
279;eau;29.48651303501349;3.78279518562856;27.315427957242193;38.020832168887836
279;ratio.alpha.beta;1.2302044192541604;0.24394393584979787;0.7535794462047984;1.4308157682471132
279;ratio.alpha.natif;0.5083404203865699;0.06470520631328214;0.38326580780264874;0.5624932608010663
279;ratio.beta.natif;0.4882066323216496;0.06397317780902893;0.4252681061909355;0.6089657990450177
279;tlip.MS;82.34809516890572;1.415671677357407;79.34215182290012;83.55096470132686
279;total.beta.carotene;622.5184860866233;176.08037179496137;415.2326164110247;881.7266309743447
279;total.carotene;882.6575136792318;237.39514738049826;595.3600099198526;1368.3835519960855
279;total.trans.carotene.natif;782.33084337111;271.92830023093427;439.71405668150663;1339.7528489142746
279;trans.alpha.carotene;298.565025003157;61.327856927650174;181.42257651218534;378.9879289367367
279;trans.beta.carotene;504.95353459829965;141.58923455135;345.06840231903783;721.1570082363316
280;C14.0;0.9296346074326464;0.18082712000557508;0.6167718640716171;1.0924765814915398
280;C16.0;41.738447663364795;1.5225575172641335;38.97252492047043;43.300317172537
280;C18.0;6.272290438264358;0.5727953432920917;5.70550612005941;7.193806986013371
280;C18.1n7;1.3357203117009335;0.12075842475218287;1.1654399893436533;1.533876977454148
280;C18.1n9;42.758394987076294;3.8803227864454524;38.17285222940197;48.7942188352204
280;C18.2;9.183865939089534;0.42395611974248304;8.403410849149807;9.75439138680997
280;C18.3;0.3402826498226829;0.03744042687211621;0.27428479016393387;0.39515529303298197
280;C20.0;0.3684470149700478;0.024693820314523877;0.3222091389764977;0.39110900983118957
280;X13.cis.beta.carotene;43.296534514948;9.976116317498995;31.252293963191878;61.241936679496234
280;X9.cis.beta.carotene;96.07109820829454;29.837802359290528;53.99055211137992;129.74294738022274
280;eau;38.10142730322159;2.9469103733467743;33.1300006909033;41.99000220280083
280;ratio.alpha.beta;1.118606991295562;0.3646624506826592;0.5853913942827728;1.5457321999329527
280;ratio.alpha.natif;0.48227100887512553;0.09945861657695886;0.34094036768256164;0.5719208708811188
280;ratio.beta.natif;0.5141107749392321;0.09578111816815069;0.4169997036458042;0.6422402188560931
280;tlip.MS;76.89839368728649;2.646308161407991;73.79899738293052;80.49184581989354
280;total.beta.carotene;695.7276064117888;207.57234561102524;385.15490249004694;984.7186245334
280;total.carotene;1206.0822242471038;529.3347138031003;570.7942956645232;1981.2640073231635
280;total.trans.carotene.natif;1043.9632429781707;457.42058871123925;450.400325309274;1630.312224923265
280;trans.alpha.carotene;471.85254272294725;200.0545737817365;198.47593249425205;716.1658709429098
280;trans.beta.carotene;579.9910794803816;188.59998343064007;315.9857767542181;894.7801098538771
281;C14.0;0.8865590661355072;0.127236892576548;0.7223210473191223;1.1220015771202194
281;C16.0;40.09240221383938;2.100590169629202;36.57233156569116;42.2184547542508
281;C18.0;6.270296369088384;0.6963555944823563;5.497821531281242;7.206814860323617
281;C18.1n7;1.3501204752182618;0.2559333486736244;1.063806481948037;1.6603330087573542
281;C18.1n9;44.23747180925622;3.8966412028550748;37.77989964284616;48.622170836087975
281;C18.2;9.06280928181239;0.43962565825532973;8.421153795806218;9.593233661062438
281;C18.3;0.311160401861836;0.0317864742276541;0.24223827108209942;0.3453840675118245
281;C20.0;0.3511884472609797;0.040480050750880764;0.2907923435404598;0.4061904349382789
281;X13.cis.beta.carotene;31.02716416293915;6.618324812325616;22.625697908434084;41.53226457452287
281;X9.cis.beta.carotene;71.07779304676266;28.817075797300927;37.087304848519075;112.44679982521447
281;eau;34.078972738277784;2.3645594106006493;30.08810674063004;37.30083034404555
281;ratio.alpha.beta;1.3366243798562747;0.12118746205014584;1.1346652863539395;1.5025481492301227
281;ratio.alpha.natif;0.5338481790651659;0.03159754165669401;0.48097690397812803;0.5690127049963833
281;ratio.beta.natif;0.4626002816922162;0.040474308003359084;0.4111014068919347;0.5277764639197123
281;tlip.MS;81.64079527368452;2.5899757856539862;76.0061085343081;84.01541806361844
281;total.beta.carotene;509.5919631740004;127.92379650067991;309.74730083874533;696.3678982703408
281;total.carotene;772.683205818284;199.55376851076113;404.7053493990017;937.5287271095417
281;total.trans.carotene.natif;663.1920783485025;157.69276910402533;365.6087942857913;786.6438671118444
281;trans.alpha.carotene;367.6062217561176;112.44302398844493;176.09663217252256;481.1556088503961
281;trans.beta.carotene;419.8835738525616;124.87198929527872;213.84464003299922;601.2098196889232
282;C14.0;0.9329190645315282;0.21844171939327287;0.5840925186286554;1.1527387600458223
282;C16.0;43.174356498023;1.2953757574042695;41.14742440421715;44.386864554569755
282;C18.0;6.515056970763998;0.329719651219942;6.1461628357402684;6.877518415020425
282;C18.1n7;1.2629242357569004;0.07590473676629594;1.122421244979286;1.3302870770346433
282;C18.1n9;43.52776316804114;2.4767929617155358;39.97601595491086;46.477210978517945
282;C18.2;9.310317515714656;0.7398760823688378;8.084103644969934;10.012847130672023
282;C18.3;0.32341407465796806;0.09088013990200197;0.24089826899941388;0.4442868582382961
282;C20.0;0.3639878512140226;0.023140828744890138;0.33655476908264;0.4058794972003716
282;X13.cis.beta.carotene;35.16812083350141;10.616404908816838;22.951069530795593;48.69908811364306
282;X9.cis.beta.carotene;62.343230770956495;28.91999533981911;32.32067959026799;96.97264059676525
282;eau;44.16694346300022;14.902990868048589;31.889999521752017;65.2899983158734
282;ratio.alpha.beta;0.765981262413069;0.16207932599683614;0.550154290449195;0.9487079006251997
282;ratio.alpha.natif;0.40274875470954835;0.042900971442102045;0.3540729318572979;0.4487311218971095
282;ratio.beta.natif;0.5954070707071114;0.050478956225208725;0.5273914632189229;0.6524054979219115
282;tlip.MS;74.13994669834095;6.618735403888446;65.27593753592777;81.98923994097419
282;total.beta.carotene;433.5808989417213;94.1132750545729;305.93161173516;564.3937812498925
282;total.carotene;618.9288092446396;160.32146675825518;433.5743571874412;791.9733604819822
282;total.trans.carotene.natif;575.4860465950977;150.0640628557202;383.95111997591414;725.715881169596
282;trans.alpha.carotene;240.9138653839675;85.64970511938942;115.88787473032879;336.4996796269094
282;trans.beta.carotene;372.86109587454143;71.97118581067254;279.88362884766843;472.2597875572018
283;C14.0;0.8204155886413138;0.28945271093162966;0.48410957836260127;1.0768912104043507
283;C16.0;37.655940795281;3.408162173175023;33.781058370486534;43.06701814574794
283;C18.0;6.220111624672261;0.4127940236653552;5.790962097118946;6.793390573198506
283;C18.1n7;1.2299211252438256;0.15165318135447264;1.1379497669487924;1.498090185820743
283;C18.1n9;45.50724481400054;2.664157270368322;43.551904809301234;49.42678337205834
283;C18.2;9.511127307832856;0.5055690347305318;8.92289834996934;10.016457405028179
283;C18.3;0.3064319012249599;0.04082137244351687;0.270605615736804;0.36844336076088324
283;C20.0;0.3796676590391276;0.033513022413128014;0.3326155044272573;0.4271260570668241
283;X13.cis.beta.carotene;33.37671871455471;9.929922099263905;24.151739516789696;49.82020372959457
283;X9.cis.beta.carotene;78.25162523902308;26.55601950434794;43.923395868745374;105.28788042428212
283;eau;30.979718725919195;0.8081968646686905;30.30454712966256;32.14237897593024
283;ratio.alpha.beta;1.2285866229744762;0.20713393101712255;1.0258891003381567;1.4619203101635705
283;ratio.alpha.natif;0.49837473616180183;0.047036384973729146;0.4603232882147428;0.556515239916768
283;ratio.beta.natif;0.5025709743420977;0.04386080407416288;0.45376026330237734;0.5458092466176359
283;tlip.MS;80.17401462722952;1.194307784579389;78.59265819200395;81.27941101522616
283;total.beta.carotene;564.3089551429769;169.1397780128185;377.6458835414237;821.2974925784223
283;total.carotene;969.8397553639458;394.0302750601376;692.2114427468923;1665.4806203520536
283;total.trans.carotene.natif;853.4683566423995;352.6399449759628;591.0609017654862;1469.3893380740003
283;trans.alpha.carotene;575.4976394463325;360.8246064657551;296.3961789408761;1047.451674154145
283;trans.beta.carotene;465.4951169192539;151.9467143747894;322.30992279180845;722.5301175299255
284;C14.0;0.6143426074687186;0.15148266004192268;0.48063833402569367;0.8793783700154413
284;C16.0;37.37542714829492;2.5682512589362108;34.44643506715583;40.63436471937064
284;C18.0;6.178451069432146;0.6410171694225468;5.369816044305009;7.041599973315687
284;C18.1n7;1.2240102102401593;0.14175250441932138;1.101116987153675;1.4932977893077202
284;C18.1n9;42.66132640619751;3.1990879906571092;38.53874050701827;46.300158787834604
284;C18.2;9.002436589202974;0.3641189989474938;8.65000972840876;9.695415728947449
284;C18.3;0.326056974352736;0.02924167399797589;0.2874059041295951;0.3577319181299105
284;C20.0;0.36448206295423136;0.023001071952420706;0.3324707491442399;0.3953761728430711
284;X13.cis.beta.carotene;40.83205638873505;16.432686884360955;23.542811874744125;63.80138573858367
284;X9.cis.beta.carotene;96.18769010573682;21.754008024113475;59.76038106673828;119.21124917462822
284;eau;35.246818244395065;7.559084944956469;27.994547141359156;49.670000596576365
284;ratio.alpha.beta;1.2666354598006244;0.40582609769609784;0.5939446724366586;1.8177693582654995
284;ratio.alpha.natif;0.4964222179760916;0.08033966131116706;0.36543246594344303;0.6026947245711696
284;ratio.beta.natif;0.49763696207996083;0.08857070215399732;0.38780140883038244;0.6436468551283082
284;tlip.MS;79.66212094715901;3.0454740668570923;74.08640433374867;81.99386405591916
284;total.beta.carotene;666.3054148645051;246.49220354658038;400.0420245765007;954.963704969458
284;total.carotene;1303.383246254607;521.8924809765215;783.8604213356093;1899.3332839309269
284;total.trans.carotene.natif;1174.0661295334912;488.585829142489;706.9668257931803;1663.1001425412896
284;trans.alpha.carotene;738.4741791198112;344.02892526275195;349.3689040784014;1068.0400024855883
284;trans.beta.carotene;554.9524416579992;192.90966055588743;341.99762518573993;810.9417543011435
285;C14.0;0.8189998686457018;0.14420480728643376;0.6007367940463786;0.9790991061363363
285;C16.0;42.38066204049984;2.2188840664603013;39.14484938194332;45.38160158170363
285;C18.0;6.044964481576429;0.46864091231404426;5.531045916999637;6.898364899069332
285;C18.1n7;1.5073996780672523;0.11495580058939799;1.3268798655622334;1.678794337218951
285;C18.1n9;43.806280586000575;2.973666990730887;40.21749318191825;47.245151443408496
285;C18.2;8.748507400765932;0.6069455406132086;7.842453834409167;9.416621479784673
285;C18.3;0.24620868781493863;0.07448480528258097;0.17205675760758565;0.3425805396472537
285;C20.0;0.32779307542450803;0.03966232227521011;0.28934781966800033;0.39175630757438024
285;X13.cis.beta.carotene;33.82729004208253;12.19172157692538;19.51664785018131;55.92077207040347
285;X9.cis.beta.carotene;72.11981102847977;31.035356911956036;31.403926988040695;105.86946741372171
285;eau;25.85407821171883;5.990802569059363;20.019998734533978;34.661997909162636
285;ratio.alpha.beta;1.3253613887957216;0.19512407183719468;1.1161068994061443;1.6233894024661901
285;ratio.alpha.natif;0.5313191017066538;0.03212505435012495;0.4903949310709835;0.5748495459286771
285;ratio.beta.natif;0.45810261409998737;0.03145959958923518;0.4173866071653443;0.4917881351257394
285;tlip.MS;81.55857677831168;3.2026467687567752;76.10123122683348;83.90735118517173
285;total.beta.carotene;483.8019594526501;151.89541325826315;262.55433968584924;612.9376350265147
285;total.carotene;873.11960400216;394.5558381882225;414.2997963921326;1602.3753349533915
285;total.trans.carotene.natif;760.7062480823535;321.27143177706307;365.2045901732363;1337.7997231869895
285;trans.alpha.carotene;374.4966161291775;158.24287016906078;156.29186741174942;634.4994911133226
285;trans.beta.carotene;383.26899963895386;122.03646279192853;220.13245247484534;550.0028156236483
286;C14.0;0.9009401378317793;0.19302780673382766;0.5970954065865212;1.0738144732446309
286;C16.0;39.29735764206488;4.880127132964013;34.3240397907557;45.44253483094454
286;C18.0;6.352144762242361;0.3109339766710451;5.916321458515453;6.827439641130935
286;C18.1n7;1.3027434807461205;0.08725358463098733;1.180238989059286;1.410920469977946
286;C18.1n9;45.66405069986506;2.676838868537174;40.924918580805176;49.20846049813893
286;C18.2;9.301242648166133;0.5418893963251064;8.309685677503964;9.849647453429897
286;C18.3;0.24610188177651407;0.052359190026171905;0.1883335954768536;0.33582389395616663
286;C20.0;0.35205436813883495;0.02242209366052306;0.32121844550020834;0.38198911677496256
286;X13.cis.beta.carotene;42.66224752866108;15.081203209410312;25.39157450648838;72.0050812219349
286;X9.cis.beta.carotene;75.6638821170471;30.349280100637504;34.196967020511295;128.9438670718651
286;eau;20.29751527833147;0.9334317101527467;19.34972065671636;21.972332594481554
286;ratio.alpha.beta;1.3337291241278264;0.23771181506782796;0.9828035927605172;1.5345158919449728
286;ratio.alpha.natif;0.5313281144669131;0.04748566049810607;0.4601369519898525;0.5743360289770091
286;ratio.beta.natif;0.46477631772878353;0.054651773547217904;0.4104748278020358;0.5451467583128234
286;tlip.MS;82.7578237623677;1.1471951708230481;81.46862002461565;84.58651282861425
286;total.beta.carotene;607.4255599165095;166.2737058810051;392.5759231611664;796.7183703347031
286;total.carotene;1078.5460044753775;443.76950073598397;698.3778185635267;1830.7393980142278
286;total.trans.carotene.natif;935.8254367299841;366.5939649994779;597.9307413051049;1571.6961574310765
286;trans.alpha.carotene;679.8621760744163;320.65293635361013;270.151278915077;1047.4005625004943
286;trans.beta.carotene;482.643606624856;116.77030622349099;308.6911564886544;616.2049716277238
287;C14.0;1.0873671545702834;0.06041799108245886;1.0369681952502587;1.2031548332477866
287;C16.0;44.684296844991174;1.0333519144183287;43.32895630452677;45.71234798886827
287;C18.0;5.425014388287933;0.1558391672645041;5.231506831409373;5.628099129858203
287;C18.1n7;1.28794878469921;0.26552432448534247;0.9448729584894322;1.547009708290521
287;C18.1n9;38.76678502400712;1.4932297144562499;36.778937636597334;40.769185653131316
287;C18.2;9.502701698459665;0.5353182557293243;8.572860835695966;10.15186087630714
287;C18.3;0.31234881610338217;0.018059661053174404;0.2820467304950059;0.3334417556249376
287;C20.0;0.3737663263604605;0.04010989392492767;0.31875174576622356;0.4241136716079068
287;X13.cis.beta.carotene;29.015397483284342;6.869238250496003;20.54479510562922;36.45087287562359
287;X9.cis.beta.carotene;48.01626333805162;17.11485563931506;33.55894012221349;76.1555484291694
287;eau;38.06388481929887;5.025132042026313;31.79000050924337;46.870004264028964
287;ratio.alpha.beta;0.6884198135964414;0.16224225715136611;0.5280940559624605;0.9310749758985882
287;ratio.alpha.natif;0.3854161242065582;0.056645291288965775;0.32132157406079165;0.4594435610374713
287;ratio.beta.natif;0.6203313877370727;0.06142311271689123;0.5312095669340031;0.6800404752335869
287;tlip.MS;77.47110274562094;2.5277292146031596;74.39193863462147;80.36596061392007
287;total.beta.carotene;554.8351494421125;101.676248603117;384.48038860898254;640.6895741562583
287;total.carotene;900.0999096100059;318.42456935315715;455.65683720244124;1423.2977140652854
287;total.trans.carotene.natif;832.9746602431766;301.36237522320226;425.72418166692097;1347.2087322183238
287;trans.alpha.carotene;313.70928728356495;97.37429791760633;173.28136122280284;460.35999609315166
287;trans.beta.carotene;458.11831751628523;88.42217879395776;294.7193280422846;536.5789393626326
288;C14.0;0.6931870037382225;0.07269186028736825;0.5976092809704479;0.7753047782254403
288;C16.0;40.72930390276143;1.3176055981941759;38.8227921492244;42.22834681490814
288;C18.0;5.70593021483047;0.3210406791599363;5.381306451704745;6.13812049012926
288;C18.1n7;1.3595840135754447;0.20250699666165475;1.1663027098458487;1.609669743183404
288;C18.1n9;44.5843909662365;2.621880158655907;41.83612058823018;47.653505761793255
288;C18.2;10.165799808096166;0.2806746509258349;9.821644488280768;10.443102012308737
288;C18.3;0.25668796791603404;0.043178644048364134;0.18487059118279434;0.302558757848159
288;C20.0;0.3882643800113108;0.04326178130957396;0.3441015448907107;0.4411054990800072
288;X13.cis.beta.carotene;27.422812365368305;8.191772612413097;19.502921393928837;36.882012908763556
288;X9.cis.beta.carotene;41.173546343670644;15.675068468377187;25.995987220664283;62.58552201119869
288;eau;26.673407496339305;2.8306648331344246;24.285425682165183;30.441541646806172
288;ratio.alpha.beta;0.668589802671446;0.06530195974148435;0.5990343392767576;0.7411042911144801
288;ratio.alpha.natif;0.3762200899300132;0.01803432427661044;0.34863991936543165;0.39850692965251466
288;ratio.beta.natif;0.6258315022271774;0.016291391089338247;0.6023314793363714;0.6506209115869592
288;tlip.MS;83.56404301288761;1.660775578752262;80.24883583631498;84.72185020292258
288;total.beta.carotene;478.5492340055912;152.65087547391883;327.4942835066268;689.4058854167024
288;total.carotene;606.474276621312;224.17170801723876;350.87649071062;841.0405612366296
288;total.trans.carotene.natif;540.6058406971378;206.7109235195775;321.4685236286377;771.419044917509
288;trans.alpha.carotene;207.78208270589246;89.74572707960027;115.97942980267275;331.2996751745291
288;trans.beta.carotene;419.7615338960611;129.5165909796384;269.99077816632513;594.6220585865825
289;C14.0;0.7783753683143628;0.15053151844240945;0.6047121825336539;1.0028009432412452
289;C16.0;41.00391975232805;1.6647940931046075;38.00733690088588;43.2854411414186
289;C18.0;5.334296511437904;0.3886104020882571;4.84736363917291;6.129772135424588
289;C18.1n7;1.514572096859011;0.20065700195629518;1.0852331776059212;1.7031314081644706
289;C18.1n9;43.215637578375734;1.9437014326927142;41.44818315124655;47.25824988394211
289;C18.2;9.020908595064384;0.3335492852105673;8.555292215165082;9.498650623501241
289;C18.3;0.35302987059855695;0.051818055869950044;0.27173823439401873;0.43732091108308446
289;C20.0;0.33649245542289496;0.022499415461898854;0.3129790672455059;0.37016964556035903
289;X13.cis.beta.carotene;50.66539932355207;12.854565090316076;28.831421353703234;63.593697471101386
289;X9.cis.beta.carotene;96.26419542774963;24.049159580401938;50.675757341102496;129.70507937865827
289;eau;37.86683481282827;8.908461041551886;29.35012603369082;56.14999682846521
289;ratio.alpha.beta;1.1201474892282173;0.1370149879916647;0.9368034691525281;1.3965483117428013
289;ratio.alpha.natif;0.48845185851967693;0.0315095909109245;0.45617407082607797;0.5528895501110491
289;ratio.beta.natif;0.514181399549887;0.02635710215049683;0.4662474740991568;0.5449731246907962
289;tlip.MS;79.43276735630772;4.182949767096967;73.64128719171804;84.02938876578533
289;total.beta.carotene;818.209813818627;246.06769618758045;373.59521307726413;1076.888335774247
289;total.carotene;1238.4607122402276;480.3823768483723;715.5623748387006;1890.8797446820258
289;total.trans.carotene.natif;1077.980626427986;447.35380076332495;627.0388251816341;1749.322238990061
289;trans.alpha.carotene;669.8092323677155;324.77607553888174;344.8406207379555;1160.237571702204
289;trans.beta.carotene;642.4158504298688;179.8913766973681;326.9885581084068;845.7225313047711
290;C14.0;0.8676110727649752;0.09743133728604014;0.7768541160566309;0.9782783261371573
290;C16.0;42.23275843523187;1.7233670226621873;39.72449826935575;43.77288167190697
290;C18.0;5.097869245849606;0.23108896087806427;4.840451037510721;5.314726906746177
290;C18.1n7;1.602887472643261;0.16611685849408062;1.3576013547153771;1.7994446661643273
290;C18.1n9;42.7964609319862;5.053459828713723;37.58655031229774;48.750387898748535
290;C18.2;9.579171019572108;0.37323359547225177;9.047839292743513;9.91631989571835
290;C18.3;0.36695599558536623;0.0476200986325816;0.3125295242066901;0.43867290302126266
290;C20.0;0.3549480646134822;0.03197554612982235;0.32056262433391197;0.3966158094899444
290;X13.cis.beta.carotene;42.121619334932916;3.2566719808195175;38.999866910205846;47.61053444023749
290;X9.cis.beta.carotene;71.96216250295625;19.39570385864637;47.18576098329628;100.41624083690596
290;eau;46.82800149586798;7.091025877697329;41.55999936602629;58.849998599070084
290;ratio.alpha.beta;0.7482418655968824;0.18369105534525992;0.5730885074289899;1.0079185137167808
290;ratio.alpha.natif;0.40277997522244907;0.045965059535306246;0.3530545225535192;0.4614464945415818
290;ratio.beta.natif;0.6012863802066226;0.03970891595112101;0.5483834749779725;0.639832179681441
290;tlip.MS;74.94229454966356;1.570314433236419;72.4863601214467;76.40651505223956
290;total.beta.carotene;600.1995472006839;136.68344791246318;460.5152773425527;775.3618905805447
290;total.carotene;967.4405088517335;474.5124306410528;474.82523446883766;1739.07209360765
290;total.trans.carotene.natif;850.4524193118195;387.77982848249695;447.3937813253779;1486.6905732115813
290;trans.alpha.carotene;405.2491415899648;201.35426148788923;201.89770665767293;664.2868761328172
290;trans.beta.carotene;551.4550916712014;137.99300192515756;409.67613519979636;725.1811056857758
291;C14.0;0.7020376441471867;0.10121134315388877;0.5361259666223324;0.8057576514357053
291;C16.0;40.271990142293944;1.5803966816147195;37.31280007484014;42.27130526759839
291;C18.0;5.7382853158619245;0.6461862215729978;5.086747993348602;6.458576570766889
291;C18.1n7;1.4250166173198588;0.25609946961884955;1.0055135250680813;1.7933700746512067
291;C18.1n9;42.22199062620849;2.4488053825519978;39.600848396263686;46.44267707430696
291;C18.2;9.988587822797063;0.5630899587984218;9.104478362865766;10.599031311665522
291;C18.3;0.2659940645634915;0.036198771046683516;0.20050957645031084;0.3186689120032589
291;C20.0;0.34737478380486797;0.04011363347257939;0.2962483166339792;0.400544154144412
291;X13.cis.beta.carotene;28.502015536154072;8.323844792681943;20.711006968142485;40.8002935964947
291;X9.cis.beta.carotene;37.35140314980252;17.690912311654717;22.8763303719905;64.59149323935274
291;eau;29.61927725613973;2.6826645701890315;26.981834001047254;34.839997883284845
291;ratio.alpha.beta;1.0446881409221904;0.3183694782543991;0.633319713731637;1.361284982853532
291;ratio.alpha.natif;0.4799976166949559;0.08280121446205553;0.3726887327127798;0.5706968164932763
291;ratio.beta.natif;0.5173338796055897;0.0871057840229197;0.41816946983426895;0.6276018203297093
291;tlip.MS;83.44861889971544;0.46126726098367143;82.8049258913975;84.08668699837874
291;total.beta.carotene;403.6239326460692;181.13298528560438;173.98552668897065;633.6815779999945
291;total.carotene;606.0069060815358;240.50312782648123;351.5367033771761;898.1514673496771
291;total.trans.carotene.natif;548.8816077674618;210.8909749198706;321.1972559022648;773.557696360651
291;trans.alpha.carotene;218.45786790286687;120.45181958997489;93.13606629539422;358.7371935290861
291;trans.beta.carotene;322.64979981728567;124.73086549340942;146.9500347530149;495.62541671081766
292;C14.0;0.6636025848141182;0.13615820828643882;0.4348490206472295;0.8707136890995331
292;C16.0;38.26435125341277;2.4149345927437516;34.38727505775917;41.17036513511588
292;C18.0;5.651199865461664;0.2873311809322525;5.397910874187376;6.284832530686938
292;C18.1n7;1.2434712912693546;0.12252224155386686;1.058110677320164;1.4559473734449464
292;C18.1n9;44.908777080792;2.438596483158068;40.73875255981252;48.13942211365076
292;C18.2;9.198726676320227;0.8403590943761553;7.97412671648127;10.12677084315751
292;C18.3;0.27420704185301414;0.07881161384104746;0.15719761005360522;0.38142905574045444
292;C20.0;0.3939693195257243;0.03169820479817257;0.3386019010366064;0.44429430299008155
292;X13.cis.beta.carotene;54.00466494239403;23.840739714427137;28.773849755483617;90.43298971250755
292;X9.cis.beta.carotene;83.46345498281876;42.5806193939324;28.01428611969688;133.80809184891135
292;eau;24.887256748666815;3.2376239595654384;22.149999637967902;31.583079068772086
292;ratio.alpha.beta;1.066366507330576;0.17729840808150205;0.8421873896305194;1.418296015647824
292;ratio.alpha.natif;0.4836855492226134;0.042755701629531566;0.4302885730689179;0.5528127212927377
292;ratio.beta.natif;0.5166554653746787;0.04345322817653796;0.45751254696400045;0.5679757080511737
292;tlip.MS;82.48843915463574;2.753324720071921;76.23766136081127;84.4251046742118
292;total.beta.carotene;684.8918736899569;300.59443102959864;305.6587783754457;1141.0843384787017
292;total.carotene;1102.974363046459;548.5927967923512;454.2856421254703;1944.024409051167
292;total.trans.carotene.natif;939.8579386590363;477.66043894089006;381.91931569418756;1616.7318128187894
292;trans.alpha.carotene;366.5973931867932;214.83849272791664;128.49394129667232;765.6484540512677
292;trans.beta.carotene;520.184727584634;188.17266874313813;256.71643564531036;757.9766127243732
293;C14.0;0.7114205481163325;0.0702338946752626;0.6341102265134124;0.7876388278273333
293;C16.0;40.81769017047024;1.0565256413944528;39.178880078566976;42.07789309216877
293;C18.0;5.5851587377251;0.2588297071836218;5.366630582343189;5.994941856406223
293;C18.1n7;1.2819996322654807;0.23434415486072085;1.1047019577120563;1.6906846713244474
293;C18.1n9;41.720936857027084;2.530905982885234;38.00996405047158;44.28822690447072
293;C18.2;10.06120048718386;0.6875676271313941;9.101822687492152;10.830045257688253
293;C18.3;0.26202625953428366;0.04954672856992348;0.20334641174253748;0.3139538679461131
293;C20.0;0.3728978569870075;0.03728961413465159;0.308640341015174;0.39783702041033786
293;X13.cis.beta.carotene;44.122371363922085;13.903777348152198;28.055466638227536;56.94242110200942
293;X9.cis.beta.carotene;61.8861019872493;23.978265020998375;30.60348853316759;86.60664987798526
293;eau;24.645712089330736;0.8307515735789961;23.390602488842692;25.677070416704872
293;ratio.alpha.beta;0.9713467261273294;0.1549117426113812;0.7521968441340253;1.1116571506813175
293;ratio.alpha.natif;0.45873323223298107;0.039427818070973224;0.39653890662402236;0.49288481172029863
293;ratio.beta.natif;0.5418840863782293;0.03683709174550248;0.507057433851492;0.5984002882944863
293;tlip.MS;83.78660292674587;0.42223847314742646;83.3140930045788;84.34321591103043
293;total.beta.carotene;653.9745527640869;140.59449841731583;460.1699996825692;810.0364420365241
293;total.carotene;923.3053134313432;267.4085518340121;673.4898217295902;1340.0842705233931
293;total.trans.carotene.natif;837.2096458669268;233.66369813797064;622.454123943852;1171.444918661875
293;trans.alpha.carotene;350.79930718700354;88.02321743174224;244.96325708228625;436.1545852386696
293;trans.beta.carotene;514.0623511874004;84.18134525997449;392.8285307636432;608.057973090671
294;C14.0;0.8488547545143806;0.1625336393421124;0.7303511996905496;1.1156541231548995
294;C16.0;42.37064931399829;1.8532938292557022;40.49922920163865;44.96754595860939
294;C18.0;5.841962707958626;0.2894862616312229;5.485565445605473;6.21797961930143
294;C18.1n7;1.1033510557615482;0.05020950889340526;1.0463674890256933;1.1591413248841307
294;C18.1n9;43.175186984934;3.0937196491480865;39.337726734964775;47.05004323293366
294;C18.2;9.729606455326486;0.48834221575345804;9.0885710502534;10.348987383782987
294;C18.3;0.2529791002071026;0.06460902016864536;0.19536925760898652;0.3490661736383446
294;C20.0;0.39847493348384566;0.028444910647284806;0.36183607750074587;0.4403668857691075
294;X13.cis.beta.carotene;38.12622637678486;17.424950613668177;24.126727299452927;67.22897169349685
294;X9.cis.beta.carotene;69.5146649695653;40.201438298616495;25.24359273810731;126.47302093650244
294;eau;25.91464175803855;3.2621238140388455;22.88749965755944;30.81307841952055
294;ratio.alpha.beta;1.0628359546990775;0.26978656377918797;0.6910880379349027;1.385688093669907
294;ratio.alpha.natif;0.46420033886368184;0.05881241529780818;0.37274631302106975;0.5358953212258948
294;ratio.beta.natif;0.5361180246701893;0.06435016712723088;0.4613703085515153;0.6384237485177142
294;tlip.MS;81.46050593935564;2.7523877392016654;77.07046008852136;83.46049194737233
294;total.beta.carotene;620.9081353957721;267.2348197959052;311.99168138553;974.1716074724047
294;total.carotene;934.0273967340479;578.3618692201267;399.86032672041773;1916.5341992370732
294;total.trans.carotene.natif;822.5084060214929;524.3671340580147;352.9056462640519;1724.5909996742175
294;trans.alpha.carotene;420.74052868866085;235.58027445490197;119.78970783634419;706.4440858464814
294;trans.beta.carotene;473.0611433763712;177.3150815678314;264.4192560622767;725.4046679244718
295;C14.0;0.7184336242099991;0.16722681776597526;0.5929776996849291;1.0787937526997775
295;C16.0;39.3722309406855;1.7687416948594052;36.5076585326778;41.67266614557528
295;C18.0;5.958448514290315;0.5675350928496823;5.264539292788938;7.1075325901303055
295;C18.1n7;1.2926842195660293;0.18435557865801136;1.0989025148807072;1.6082650992320842
295;C18.1n9;43.788604821860794;3.0984843839298706;39.83525222246439;48.29983569169057
295;C18.2;9.406351624518251;0.5844871603239336;8.614719126675862;10.110310935037502
295;C18.3;0.295563346126416;0.03231885751718483;0.23331527148232936;0.3283807042138882
295;C20.0;0.37056174481162785;0.04425232438090811;0.30062289569631;0.4210866339400283
295;X13.cis.beta.carotene;35.769962660313794;7.812959210080077;26.277408613142285;47.42176663076962
295;X9.cis.beta.carotene;41.37384026131018;9.037716314227835;30.323144975070658;53.85280271447433
295;eau;33.50004113005169;2.259952514560519;30.455833316278337;37.65941055808355
295;ratio.alpha.beta;0.7398849393403241;0.1196121797976126;0.6093503979316225;0.9435891264682014
295;ratio.alpha.natif;0.40200633679990083;0.033436562299268745;0.3559049444979829;0.4503741345283472
295;ratio.beta.natif;0.5961204864454689;0.03909667828054869;0.5376083013287843;0.6392239701404646
295;tlip.MS;79.53965504601354;3.0076033167460534;74.7488505334301;83.516290699734
295;total.beta.carotene;409.5330670224666;77.37941753528399;290.6540096432718;477.27502783659236
295;total.carotene;640.7665093952402;148.77566684877058;456.4621740969157;818.337409242769
295;total.trans.carotene.natif;578.6844289823873;153.65427652415872;382.036689160576;755.3276147185254
295;trans.alpha.carotene;223.93759334824935;38.640923698660565;172.00997156206355;261.77305569412744
295;trans.beta.carotene;336.8528975794601;54.90355860380058;249.16662264675313;389.0372549411509
296;C14.0;0.6658628908412426;0.14626892985129925;0.5239767059239553;0.9551267176823427
296;C16.0;40.254817928649636;2.2776304194793524;36.15396614048291;44.09636707390804
296;C18.0;6.101555054819979;0.4654131989466724;5.406995457426158;6.721624466886467
296;C18.1n7;1.4618248542050154;0.1736216748844278;1.251096879006102;1.803156987063018
296;C18.1n9;43.69658044585211;2.0101001077641123;41.99538338941542;47.98860875376999
296;C18.2;9.618067952903008;0.604796710676586;8.812132318003107;10.29130565244903
296;C18.3;0.2525638655257616;0.0630590238308936;0.1850597945089601;0.39620170442793345
296;C20.0;0.3565630477347769;0.04008765309524896;0.30010842118767905;0.4237788127027724
296;X13.cis.beta.carotene;26.1465284790459;7.708034790474924;18.796197959641063;44.18316060750251
296;X9.cis.beta.carotene;32.67094692474817;7.690665861481181;24.145709180586934;45.157234261902076
296;eau;30.92210143765833;7.650167893163538;23.812991528282026;45.58000217528965
296;ratio.alpha.beta;0.8588553024061784;0.1994010981850327;0.6214030147426676;1.1099706227554251
296;ratio.alpha.natif;0.4323137184742291;0.04452325065025608;0.37242761170345573;0.4909345476471168
296;ratio.beta.natif;0.5654472336069876;0.05150676881086471;0.5080131616998309;0.6337951044566563
296;tlip.MS;81.93583575323791;3.6556228586011565;73.17370757927661;84.05615319496684
296;total.beta.carotene;330.38520367900264;88.24311140849936;216.04378100812679;493.2167277652349
296;total.carotene;616.5104270912987;318.4453631780434;396.1836958198943;1349.2798126327464
296;total.trans.carotene.natif;542.1130150410288;273.1336787258258;359.4424543251322;1175.7337746851656
296;trans.alpha.carotene;177.6823723533322;56.05817600042852;119.43450078530682;275.1220912789871
296;trans.beta.carotene;292.8767477384251;68.2794774095113;209.33158560712803;422.8819580116965
297;C14.0;0.5572419003749128;0.1412968704806379;0.3626531817091832;0.7107160176406461
297;C16.0;36.52771677100145;2.398518289702123;33.69236231653385;40.30354099636003
297;C18.0;5.9649404721597525;0.46613805052813584;5.5307040247502774;6.7290461818316585
297;C18.1n7;1.427420798691026;0.2766978297172536;1.0361228725984284;1.7376318938000535
297;C18.1n9;46.11544201692828;2.98306439387501;42.79778150790606;49.88163321901619
297;C18.2;9.481429951881829;0.5822480553763473;8.756596706130505;9.995328887340516
297;C18.3;0.26487068529187097;0.03391446130446993;0.20751984328131448;0.2936070062829679
297;C20.0;0.3376983180608801;0.03640385987949074;0.2931205364798977;0.3787859070772485
297;X13.cis.beta.carotene;39.832614217703586;11.847070406946505;24.01521321433478;53.774062467336854
297;X9.cis.beta.carotene;75.12546949547183;24.571722292935124;48.34805485834775;101.78092752681344
297;eau;22.269692547634534;1.1241599359314471;21.370001433651005;24.15929359812062
297;ratio.alpha.beta;1.2217482998639733;0.22146116749516426;1.0779626021889965;1.610026192824999
297;ratio.alpha.natif;0.5081413014753282;0.04104026692692016;0.47987291014533384;0.5804820263068993
297;ratio.beta.natif;0.4891842898107289;0.04915245794327743;0.4024575469820897;0.5229667588245214
297;tlip.MS;83.84564910106236;0.7922858257633534;82.85951774380213;84.69638560410402
297;total.beta.carotene;672.400795204608;167.8450467420967;469.7263256247529;835.5144211185411
297;total.carotene;992.1810960063943;315.6335673512058;683.5580630901156;1472.8675695128813
297;total.trans.carotene.natif;906.2116587657922;264.8196902657675;611.3553241330745;1242.298731751723
297;trans.alpha.carotene;569.6176941813778;269.67538404834403;323.7425090816357;909.0380178324128
297;trans.beta.carotene;539.6406143339079;118.74556361683491;362.9399978934791;668.3108286465175
298;C14.0;0.7731709936775796;0.09032689054990783;0.6805156906265927;0.9590380417167117
298;C16.0;39.93508322784021;2.8036074874980668;37.54056509503916;45.83470621766669
298;C18.0;5.946579309514314;0.3973380008829954;5.558842316744542;6.57293830640202
298;C18.1n7;1.1422095421121405;0.05549620594216758;1.0498991376130382;1.2099802929511903
298;C18.1n9;43.60165800638338;3.241554974121503;38.35601764875264;47.80485654921138
298;C18.2;9.453041308712272;0.5223267513364144;8.607647543638162;9.959853199981108
298;C18.3;0.21482696509850813;0.05162095731285088;0.1547289018307556;0.2891908878465991
298;C20.0;0.41754141896123775;0.02317647134946165;0.38619318295725763;0.447248995122974
298;X13.cis.beta.carotene;25.974932551875696;6.766077762704977;18.396818515504506;35.738407102437534
298;X9.cis.beta.carotene;53.10302509539921;24.869291105193316;29.94852062430758;96.64660051942765
298;eau;20.50973041153313;1.2776561655648007;18.623750196688924;22.022470354246558
298;ratio.alpha.beta;1.0073267340107068;0.09746026857312537;0.8724338674862294;1.1640612487754518
298;ratio.alpha.natif;0.4717849905034223;0.02494241498776824;0.4378384049456958;0.516667530425832
298;ratio.beta.natif;0.5309588321435693;0.02569801340522753;0.4854994961897298;0.5613659063381651
298;tlip.MS;84.5237079003406;0.4029676182838993;83.90988035420263;85.19387563143772
298;total.beta.carotene;373.5695404898326;152.51614967973757;249.42489688815965;660.9910930480002
298;total.carotene;627.9217232601364;289.5950136297722;385.8477594451368;1187.1664695488114
298;total.trans.carotene.natif;568.1587766415938;270.07941381491224;335.6371060649593;1106.5376177246487
298;trans.alpha.carotene;219.21116087563374;79.06829462647427;129.0963170895664;330.5950089734145
298;trans.beta.carotene;289.1101265185299;106.87773566174855;196.7810041370576;487.6617365925308
299;C14.0;0.9067396638473463;0.15386078623423546;0.7045749323528985;1.0613985126357781
299;C16.0;41.951750880979745;0.9611022196116893;40.38503478072762;42.99723665942822
299;C18.0;5.363985070991266;0.38715051084797336;4.963572855220256;6.0904420688061345
299;C18.1n7;1.2995517430371273;0.08641354681689341;1.2023307493257445;1.453288042620948
299;C18.1n9;41.634063990314935;1.8795409195040629;39.76348162477983;43.86642619147281
299;C18.2;9.060480055573736;0.8640043986023603;7.705008177042102;9.77264618288101
299;C18.3;0.33372789357173155;0.08499728412029958;0.23199519453902692;0.4515267528101532
299;C20.0;0.3582277332921267;0.014025567618362322;0.3448052296805589;0.38447234459487634
299;X13.cis.beta.carotene;42.99031289118812;25.077321187712805;18.18545579054255;81.16759719673223
299;X9.cis.beta.carotene;86.68513962882247;62.17112096996145;36.342335483163694;199.5637299552848
299;eau;36.35009705766884;5.964631251208543;30.298753019838813;45.500002424603515
299;ratio.alpha.beta;0.9896417202043287;0.279454233665762;0.722621004776877;1.4868098397204133
299;ratio.alpha.natif;0.45427824274182965;0.07120107846657087;0.3784877946867069;0.5637955945942275
299;ratio.beta.natif;0.5435120603288233;0.08125591603481445;0.42503160615455116;0.6273079960926533
299;tlip.MS;78.56696569710172;3.4003129538619263;74.2648678225467;83.94768648832742
299;total.beta.carotene;755.7418203538482;350.56188029454523;396.33233583722176;1319.0539287681406
299;total.carotene;1436.8421367992844;747.1767706011075;677.5317913468091;2480.1945764937973
299;total.trans.carotene.natif;1264.573941725428;624.0599548937136;660.8736685844343;1994.5960898596593
299;trans.alpha.carotene;439.82360213971174;228.18818289191736;211.885577901995;747.8334175562269
299;trans.beta.carotene;649.7072935510572;294.62388179372203;354.5153747338164;1086.037631317879
300;C14.0;0.7804903737256194;0.2301997388566273;0.472575622450814;1.069132850283508
300;C16.0;38.13156183070384;3.200401537146786;33.830380605457684;42.02131598380387
300;C18.0;5.680736455363107;0.41728812350066896;5.390719269744466;6.484159531527318
300;C18.1n7;1.2421528032545845;0.14333003137509417;1.1585710232340576;1.53147285739196
300;C18.1n9;44.280372250255596;3.123335553933038;40.77914990573985;48.08396477500348
300;C18.2;9.2892740636482;0.6092927129288217;8.241919507415124;9.749796583637684
300;C18.3;0.28820596654311875;0.05269773125425788;0.23118582447645597;0.3625582703536914
300;C20.0;0.3864884483884283;0.040921504015525086;0.313176604180447;0.4385152197313546
300;X13.cis.beta.carotene;34.35738326412925;8.517013408393755;23.12305682821469;48.4674159347459
300;X9.cis.beta.carotene;65.33560145162438;25.490989416023982;35.98738142535315;103.02712342931551
300;eau;27.645624343809065;6.245052731839678;21.07027621196529;39.36799975003103
300;ratio.alpha.beta;0.9646184088407933;0.22640724544817017;0.6004760794952503;1.2923129577894545
300;ratio.alpha.natif;0.45763786355188846;0.05771624203021684;0.3583119356316196;0.5313270065292715
300;ratio.beta.natif;0.5427449714230423;0.05760877688508392;0.46939632538273857;0.6424727755377194
300;tlip.MS;80.57592698347189;3.066977080482763;75.56062454915109;83.7254027578736
300;total.beta.carotene;540.8131917677753;199.8220099417615;339.21188099363457;881.657214527062
300;total.carotene;867.6412610744329;429.90223814505316;525.7098767024522;1712.1060969097591
300;total.trans.carotene.natif;796.1924475839537;399.92942043866753;480.8315779825964;1584.2777097301798
300;trans.alpha.carotene;332.46320109807124;117.94233814312354;194.04594739195815;531.7546407015783
300;trans.beta.carotene;434.69946837712746;150.30713363726815;271.27289012507606;692.6430198263542
301;C14.0;0.9707932839724831;0.08609522065440263;0.84655672398338;1.0998624187923687
301;C16.0;42.32293850281262;1.235489587979499;40.63149653288217;43.70821963593956
301;C18.0;5.211094009164941;0.21301290454462615;4.933296860456508;5.571913314680855
301;C18.1n7;1.3276315859415495;0.1449029687772533;1.1262681739569966;1.4739635565243225
301;C18.1n9;42.32799329159193;2.056426884404827;40.074987289831526;45.436740696214414
301;C18.2;9.061228897938772;0.6185070237580869;8.270036962822163;9.926533082342566
301;C18.3;0.38018928206244146;0.05413366067737782;0.27868266316670354;0.4355145408035934
301;C20.0;0.35341725380284966;0.016340265897385305;0.33918177537891786;0.3769383940903014
301;X13.cis.beta.carotene;34.32463778763063;7.967496078493901;18.801713962748266;41.743146892469774
301;X9.cis.beta.carotene;75.13161595199308;28.08734694655865;37.158376976538946;125.05471144355748
301;eau;43.767526693658645;7.838129990951859;34.41452458327431;59.069998632600054
301;ratio.alpha.beta;0.720430805929026;0.16195320692387222;0.5619407426276649;0.9439947390451747
301;ratio.alpha.natif;0.3908530983478414;0.03981025916450642;0.3398083420485125;0.44112988630259004
301;ratio.beta.natif;0.6096430817679864;0.03958182432447219;0.5527294238354421;0.6460285741421815
301;tlip.MS;76.78573322945769;2.2213448819408943;73.12127598260903;80.33843621189547
301;total.beta.carotene;774.9021111027178;129.44592181214298;494.6967641241807;891.2799034967298
301;total.carotene;1255.9326500065758;403.85087317017593;860.7932300200877;1973.6678467682564
301;total.trans.carotene.natif;1122.9875509984736;339.4665503015495;768.2944399890808;1719.6277521599227
301;trans.alpha.carotene;414.889069054526;89.74511211096625;277.2936050897026;552.2297475175582
301;trans.beta.carotene;690.9502321609406;115.35271056301167;457.5802076832358;813.4011179873642
302;C14.0;0.7728975851815998;0.15189879957350544;0.6153582030635119;0.9557853908849385
302;C16.0;40.777771682024664;2.4072269971673266;37.84990751000367;43.656023587900194
302;C18.0;5.351945790093659;0.16118231050520102;5.124671100777817;5.508636819875273
302;C18.1n7;1.3850549077498227;0.15309744576097303;1.1546432713042811;1.5743328465702582
302;C18.1n9;40.22551214994843;1.7935650072090858;38.12216570754729;42.32803885142638
302;C18.2;10.441989376661201;0.18862892914077514;10.197842024055511;10.654653380013691
302;C18.3;0.29694817957862263;0.009793284262069005;0.2877623447687087;0.311990615419808
302;C20.0;0.37579573252194387;0.016240447167344383;0.3582428214827315;0.396484716944908
302;X13.cis.beta.carotene;17.930357546688434;3.6022104931585024;13.51097402156047;23.104634475449004
302;X9.cis.beta.carotene;26.57813993428067;2.8521747277361085;24.850351384469796;31.53561269505461
302;eau;39.15016497400006;1.6049709509268457;37.780830579727414;41.54999884518834
302;ratio.alpha.beta;1.097896266203254;0.09842028911694312;0.92619434813811;1.1596362291399873
302;ratio.alpha.natif;0.46997103035267596;0.008799416155004685;0.457091251590459;0.4803402074446473
302;ratio.beta.natif;0.524284157917123;0.01378131597162429;0.5141108165175068;0.5478518873650533
302;tlip.MS;79.51772623829359;2.667682774488846;75.67969018109243;82.5293283416876
302;total.beta.carotene;233.40461478800762;36.98909674513718;193.7693703875515;293.8807542213226
302;total.carotene;340.3691535227118;25.145214780019774;298.20463891925533;362.26134831167576
302;total.trans.carotene.natif;307.69970382426544;22.368668243745653;283.47468729478675;334.7225751771306
302;trans.alpha.carotene;117.08117951509811;17.36874157481915;99.17430723158111;134.5225001431053
302;trans.beta.carotene;162.98391801118;20.16428968004713;143.0171739843587;190.8375857263796
303;C14.0;0.7888973414277959;0.2712928215780433;0.4162752255750694;1.0623045615993678
303;C16.0;40.21636836620655;3.989555271614006;33.811936504480464;44.362687445395494
303;C18.0;5.994488631851604;0.5454718468769535;5.421754433899711;6.840985701086053
303;C18.1n7;1.3862379575521735;0.13297948190900677;1.2673110167435286;1.6148385891298522
303;C18.1n9;43.87896172934024;3.204525008030353;39.10138764965877;47.833334306984355
303;C18.2;10.362502151336896;0.12019628339612402;10.233013198298515;10.507119219600874
303;C18.3;0.3259503916967455;0.01630913496468627;0.3106437988501064;0.34818496127882853
303;C20.0;0.39575644800751186;0.023646303629526744;0.3704935626323329;0.42018503171158256
303;X13.cis.beta.carotene;24.153959851057362;3.9805758445925354;20.184377898323316;30.65540798908913
303;X9.cis.beta.carotene;39.58138456676093;6.281601530994688;33.13247263988469;48.16219520337118
303;eau;39.821646007278545;1.7798935786288135;38.17823454700394;42.75999964320615
303;ratio.alpha.beta;0.68221210450231;0.0650165953072818;0.6081569605482144;0.7659360909134565
303;ratio.alpha.natif;0.37604733515798766;0.007143543490457492;0.36807406336620774;0.3857746627371284
303;ratio.beta.natif;0.616894521428762;0.010805726680263621;0.605088309927072;0.6332020648377217
303;tlip.MS;79.43261566800513;3.3498078192679404;74.04201905104804;82.17808352201251
303;total.beta.carotene;515.5045363675241;61.096380037802575;428.55544168252055;579.5895519607518
303;total.carotene;774.8573296890054;58.02559866000113;720.2514453275174;867.9743498975345
303;total.trans.carotene.natif;734.8279007337203;53.788450927365275;666.8789668489981;803.8753812464245
303;trans.alpha.carotene;270.9730687084756;22.468803646767096;243.053418914264;305.4604264746741
303;trans.beta.carotene;462.8890499946825;59.622012406803236;401.05177568866515;535.3646797282042
304;C14.0;0.6843223014660688;0.11652188311149653;0.5359187392090073;0.9018379162567739
304;C16.0;40.10693701058665;2.4504768136417523;36.99360920859266;43.035670399504
304;C18.0;5.839958107528186;0.48278345650815513;5.211563106772173;6.7189385239296655
304;C18.1n7;1.3320609131683927;0.17362601324385238;1.1579407300452051;1.696513643894624
304;C18.1n9;41.973710073300346;3.1154607339143814;37.33435458480661;46.930483336567434
304;C18.2;9.60738709081245;0.5188702560212158;8.936240336992432;10.321945032488918
304;C18.3;0.2700814411626922;0.015421390710381951;0.24453061997577927;0.29229462131354916
304;C20.0;0.37376558083080874;0.034058604539830485;0.2991325838988731;0.40423781079811055
304;X13.cis.beta.carotene;25.207084985687345;3.754939366423604;20.300337121350815;30.158204795045304
304;X9.cis.beta.carotene;47.73720441406413;11.751172493600006;33.14621424125412;65.12835064118048
304;eau;25.267634369114006;1.0620508555919594;23.934221833425465;26.988003150702536
304;ratio.alpha.beta;1.1994589014392179;0.07441263312267944;1.082026427456479;1.302966157617066
304;ratio.alpha.natif;0.5225150531112093;0.013746737109037028;0.5011179171990421;0.5370622869057161
304;ratio.beta.natif;0.47486120259394543;0.023236266576991644;0.4503157572366885;0.5122301572973064
304;tlip.MS;83.9300796492441;0.3104877439792581;83.28191223790313;84.17276626381083
304;total.beta.carotene;380.1685484594952;101.63695560890207;230.31287742440475;502.0042342328255
304;total.carotene;810.6562431439718;305.31615346810906;457.2211129850068;1438.5135836082306
304;total.trans.carotene.natif;741.3556975637142;271.6946966399433;432.6154316266794;1306.3592888346432
304;trans.alpha.carotene;287.94949085820775;58.76611731178207;196.7891310453682;371.8155832133487
304;trans.beta.carotene;298.90478575231276;91.1863244023288;167.58147208573945;419.0810010737052
305;C14.0;0.7859857376633411;0.1845404146556521;0.5839781610116919;1.1044284741171386
305;C16.0;40.6687079616569;2.3738371652999506;36.54302907836144;43.227127282482776
305;C18.0;5.700111196732666;0.23568267726694098;5.513410300846053;6.127779252349891
305;C18.1n7;1.262246275883344;0.1632009550246628;1.05606069612768;1.5193403512584456
305;C18.1n9;43.854160690968165;3.1036713493639247;38.495251168405375;48.0287436924025
305;C18.2;9.29905009492317;0.6344154806757193;8.620924263518194;10.329449258723194
305;C18.3;0.3147467773400443;0.07737778721652284;0.22918064424620663;0.4580252427155031
305;C20.0;0.3810825978247346;0.03313426629321625;0.3175095180618341;0.40874167856502597
305;X13.cis.beta.carotene;33.01256415155119;12.604770418220864;19.75561464339736;54.036512604015776
305;X9.cis.beta.carotene;75.23138609915155;39.584270769004725;37.96186743092855;137.25018600873543
305;eau;29.726155636386782;9.163876865018068;24.51998249475944;47.96000135069702
305;ratio.alpha.beta;0.9139285110193694;0.1841302016739085;0.6963855245882424;1.2086807002978484
305;ratio.alpha.natif;0.44674677519221734;0.048193602428951716;0.38899143241415707;0.5133582668522993
305;ratio.beta.natif;0.5552801277995048;0.05355538326821208;0.47594782015439485;0.6202006341101123
305;tlip.MS;81.87097411555321;4.5858143378420575;72.63111809280166;84.67063295590918
305;total.beta.carotene;653.6984812119396;288.0604663759194;362.9281603363561;1114.4835424168862
305;total.carotene;875.182557747089;154.6809583444081;688.2746016925522;1121.2298509231657
305;total.trans.carotene.natif;799.9984664139579;138.08702370442873;648.5532268455188;1049.2330857065888
305;trans.alpha.carotene;369.8080827149635;137.2861422420248;223.63819286345503;573.4934483653858
305;trans.beta.carotene;557.0771051952295;254.88065695716944;336.1825169765161;992.0225258338214
306;C14.0;0.8726387736723253;0.13199663889570956;0.6865287178175261;0.9751780464028059
306;C16.0;42.375411124477296;2.240426285630284;40.02647530478642;45.182010236468265
306;C18.0;5.979000557920062;0.7476285603504464;5.273475555054639;6.642738368240401
306;C18.1n7;1.1852488516211621;0.09637162241376963;1.0624229328790507;1.2790965638899774
306;C18.1n9;41.574995960119246;2.5052244147149643;38.12632193147925;44.094686363114
306;C18.2;10.283267825684936;0.6557513426174028;9.323920610408999;10.807806596685785
306;C18.3;0.2541503491924388;0.04081798614194192;0.2129417359020633;0.3101969005543799
306;C20.0;0.39361767321924535;0.022821144265543006;0.35964786387234754;0.40868272412454376
306;X13.cis.beta.carotene;17.20878638244706;4.339999987000031;14.530760592361457;23.68292800710957
306;X9.cis.beta.carotene;24.795804382219288;4.906827449722682;20.32457120350659;31.654198272289232
306;eau;34.18249934878606;7.658206291216439;26.909996816678234;44.870002148381836
306;ratio.alpha.beta;0.6249455898161158;0.014713775049903684;0.6105188860459559;0.6411559295990612
306;ratio.alpha.natif;0.3648580074009648;0.005381477022041635;0.3578718612703616;0.36930851739423814
306;ratio.beta.natif;0.637012469420478;0.004884255681846361;0.6311143042842873;0.64270218386246
306;tlip.MS;82.30683958289848;2.938577646684965;77.9110833625392;84.05556611140376
306;total.beta.carotene;257.9036833895673;65.45739706275873;192.08063162224778;343.6548609318392
306;total.carotene;337.9173955407073;35.23115316910748;289.47548997170287;370.12095753420886
306;total.trans.carotene.natif;302.9745074671308;20.007606491367362;277.9799310187358;319.87899088531566
306;trans.alpha.carotene;105.20867524644196;25.482963950565388;83.68868996384364;142.15136929922429
306;trans.beta.carotene;210.17461950964616;60.20043726789844;149.24727418261858;292.7587634486004
