ech;rep;FFA_predit;total.carotene_predit;total.trans.carotenes.natif_predit;dT3_predit;trans.beta.carotene_predit;aT3_predit;total.T3_predit;total.toco_predit;C18.2_predit;ratio.alpha.natif_predit;ratio.beta.natif_predit;C18.1n9_predit;ratio.alpha.beta_predit;aT_predit;trans.alpha.carotene_predit;gT3_predit;C18.0_predit;total.beta.carotene_predit;lycopene_predit
1;1;8.624130214161314;934.7447164619305;763.3703832300347;92.9886923569429;442.132409365873;276.42856718708464;753.3454206943289;1040.3197352299771;10.168505047090514;0.4415205700340355;0.5545013765542471;41.09108609817333;0.80056249699463;226.17323485357934;308.01281931601795;373.85259301561314;5.741042050304149;580.1974464151947;6.822001963088399
1;2;8.75082478334073;934.7606976036448;752.5769129449592;107.15959148939766;436.47392017696353;300.0815562587627;692.5170548538983;993.7858307568395;10.278973390371775;0.44246745630676554;0.5571752669802454;41.17207815490737;0.7997881195323461;229.16821105155395;302.32574989778453;366.45069516692206;5.986690441243615;597.1211401002424;9.46196115464788
1;3;8.696976328742698;930.5411774314641;747.2690667469808;118.42181154135919;439.588896655531;256.69134708238334;779.3159186531823;1015.158539792105;10.20824548340667;0.4358614353535888;0.564564320595886;41.135402193692265;0.7677832506233933;234.25295267517723;312.37405398482434;354.8399580611341;5.760509224152572;608.5220406968434;6.827869111727229
1;4;8.793456454747462;914.4154585606415;753.2247940832111;116.84191089217278;438.56854748323406;268.8653603508352;759.4007427377113;941.5473101644872;10.004638342321076;0.44254039013947183;0.5619687785975213;41.321516899587316;0.8137383510535549;237.68280374465456;309.68448918340346;406.56534517099533;5.9166077634781615;632.6042219397934;5.117872543391298
1;5;9.0670093029658;892.5764084201619;723.4891715233601;97.61560481737351;433.6587018912868;240.68431138322552;717.5749835708423;958.967856914489;10.166896264968686;0.43950078880159393;0.5596279261184407;41.03542508461759;0.7912606074559838;224.4294444942471;310.1643701000364;371.6881081187164;5.574111563871201;598.9555703813394;3.778422866725523
10;1;6.572281308269937;785.8376854498568;627.670152361198;98.64074893047666;362.1410956391431;290.0427534285213;769.9060990911139;939.6075468776448;10.339721782563421;0.4008787805813681;0.6034753166929147;43.304311979078214;0.7141337151898456;173.60329874218738;280.1976567474369;403.2611286373525;5.988700631710762;497.5672130951487;3.9358492584804683
10;2;6.457953124776527;793.6183680683073;614.1568158011505;131.25601094869577;362.39727014633024;302.58168381348696;882.0789697349422;1038.72477488101;10.417870290491914;0.40834761186136803;0.5974624626877179;43.448158384216605;0.7186071645018021;222.96572081330746;285.7291167233101;457.853555530427;5.873775225337246;498.83229176311113;3.806670160801281
10;3;6.4070400721655;755.3513454504352;615.0655208266854;126.90660214897348;354.585804668483;299.08278991115117;858.6026131444742;1057.1174982687437;10.41042999709275;0.39787751874013555;0.6075824450993412;43.749510577671344;0.7061636845905908;197.25712639519176;276.3215085415138;424.128424754707;5.892899319675529;499.76728815472876;4.361805898813548
10;4;6.632954840546151;793.7140612688513;639.3774829446891;118.02115110759988;370.68552266084816;301.3513744543516;887.0867339398918;1001.3867042866462;10.335326723673614;0.416468720005043;0.5896789082718087;43.362417099381865;0.7386874204944958;199.2812529926479;284.76732966397367;466.07849888072053;5.819880236433025;498.63889854073756;3.644161486820225
10;5;6.550264060420416;762.7182774224519;619.821935448403;125.48905698078188;356.6999607247268;286.5483856584386;801.8076464270042;989.4501219876961;10.247978915532086;0.420860929844217;0.5837757340351067;43.90433454350098;0.7480430033090184;202.64370068026585;282.2542044927514;402.9183049560262;5.890654555286282;495.8805167129252;6.418545996189729
100;1;11.980507026499502;899.1817280419126;743.2555421800395;141.8603487957637;428.53870081264057;252.210996326575;673.5232791787806;855.8928554134785;11.107140183914494;0.4124475967282637;0.5887456222591982;42.346893733895506;0.6921566930662195;157.38101436815126;296.0311981398467;360.5339070701832;5.643815207380332;536.6363273484311;5.5027374676442165
100;2;11.565380067223781;854.0604911988687;703.8922639797047;132.91058125104098;404.67069853227093;251.52432199953157;765.4748200722652;858.475124008255;11.283660020381088;0.408428084495888;0.5875025964512003;42.140225210560956;0.698446023265951;165.03531560447078;295.36663138038756;336.1493837439523;5.396583763668566;526.7397211164287;4.559448300981085
100;3;11.813744641938833;857.021534561655;715.8441183015253;117.77025853155476;407.49007672872096;261.69212051730096;678.9689426159705;823.7081135725516;11.108417865776584;0.4028981646623736;0.5967255009145624;41.790016348694024;0.6764976414150102;162.45930023311428;296.311972395382;304.06484101386684;5.395330412125694;548.3938107530615;6.526403361068708
100;4;11.651409944262356;868.6772980464632;739.7662631858074;135.60140447363975;424.32765587609754;231.71977841311445;847.6739253078612;821.4742913217876;11.107610900057605;0.4241311807921167;0.574318004909719;42.339799606046775;0.7265490404379743;158.73175950914424;301.75160632108043;401.2176695478122;5.485372597089975;531.2166261416664;3.794609553338364
100;5;11.599551309585195;810.8744023519077;683.7278748774037;139.8674607860217;389.9050581649692;263.8031383017662;677.6676427787761;915.8603229612113;11.065572742157398;0.4081187358030799;0.5886007107233531;42.056780943062066;0.689362424578617;172.6310423211395;294.7855578512349;274.3024554301895;5.599955082646628;534.0936184157134;3.20871828723171
101;1;15.285476575088616;913.4271567081217;726.5393665193046;137.96242515589609;428.2790814068259;201.88306666653227;654.748403342616;742.1799106900888;9.6840396504529;0.43073214937441956;0.5661772717279347;38.77252874873099;0.7746238369670212;119.70510722453206;312.75096786232166;285.6172020867263;5.359567888809604;587.1487439680386;2.7292420671626934
101;2;16.5842305362764;831.4734869662071;686.8890549190613;118.42235929033956;402.8590733247789;224.57876902621658;601.8788703722745;788.5931250983548;9.73346233448572;0.42666926149217727;0.563439285686495;39.48027612362192;0.7709492896447797;129.78699859484692;288.6844864804733;301.19843105017856;5.418950826440233;503.50213755119273;2.446561863225977
101;3;15.816664489599976;797.643958187022;658.333870375963;143.0904940452408;369.06400079627286;200.60475904933554;711.2476810407841;688.4897183903201;9.7190786827946;0.43316110521914747;0.5683308689603134;38.80698911280657;0.7480867622172171;127.35191151363986;309.94991057484725;331.7311331033838;5.3376945356421395;577.9851833656087;2.726729038815248
101;4;15.790659881719682;855.8276622821413;688.0398088670355;153.49385612407173;398.8991055492031;195.06240768399394;693.4502133359019;773.6027684176754;9.852440035933887;0.43245010996773736;0.5612796653979195;39.04724448472976;0.7681441842350991;124.50269516756926;319.02280767110227;309.99109558342127;5.293757148690917;586.6861579476157;5.4226180870878355
101;5;15.76116598649474;892.7613652816895;699.9371261895715;138.92516343977042;399.38555998278184;211.29258047687733;712.0208941857755;770.8981874593562;9.830778853824674;0.439982106465143;0.5530743641426974;38.87310492659693;0.7734424822153442;129.21961042382273;309.95297042804197;306.9011537484951;5.254190209507871;593.0228206985646;2.4263227889973953
102;1;3.834726142955979;819.422484483923;662.7685254878289;137.16771540868368;401.5841470229822;283.8529623351003;894.6038266083058;1119.9756367847785;9.982823985197262;0.39007091478213823;0.6109816764578144;40.44268545980408;0.6809589871917613;202.57454771667744;249.54917052338914;412.82531207149617;5.487845113163482;552.3734899149312;4.887920021857708
102;2;4.157098013031192;761.7901213923268;620.5948922144391;145.9090836522794;362.8327352758406;261.15057014808735;888.8292858922059;1093.888514656355;9.975863645835721;0.376297899435203;0.6203965747104941;40.6673751372647;0.6536931460137245;227.77191452343715;242.43278020745458;384.28970600523303;5.317528721221111;529.6167657965462;4.285541720998884
102;3;4.720481287918477;755.0771383861272;626.3293822546975;141.44934526082938;357.23735513878256;244.7910158998298;912.9733805786195;1028.9466738331057;10.107546067356393;0.3896490431016132;0.609758806372921;40.736008646391056;0.6533417853935553;173.51232161072372;247.927093237719;408.02109070271166;5.3830316270752006;550.9318084851352;2.142892592722559
102;4;3.9074403119963548;759.7953265571523;629.601134066544;135.49137164240153;373.03979266719875;263.44920561106875;828.9754116992241;1042.0907929346436;10.088834911367108;0.3770505957648545;0.6221790215660783;40.60159475071845;0.6422674085885276;173.5136081168322;246.47358876491646;350.4385549064608;5.405535403916141;543.9818479789374;4.83107530074942
102;5;4.913284525110219;774.3986026298963;644.8680228889793;142.65844440153975;363.197406658092;264.2732994617154;911.6964249017504;1126.128167545411;10.06505442202729;0.37169392602847273;0.626039295463868;40.74965314402179;0.6306270176044434;180.45379346717522;244.7127089592345;403.35700573774045;5.377323092364455;532.1304982512867;4.053648509554603
103;1;8.924240392455637;919.2636399376594;756.0973897639484;129.6572136901574;476.61750316626325;258.6518878259269;776.6918073835202;1059.1226817452873;10.19019687142632;0.4293292204161665;0.5772809269767685;41.35980271543589;0.7456879883317917;193.72282426383796;274.87119574076365;326.23480004446554;5.922478127998712;667.3439701650193;2.72554595442728
103;2;8.721851979309664;912.6994318974214;756.4484615321182;148.44315368977132;446.7729012818277;281.67598903646143;813.339960139733;977.348008617777;11.008120835184013;0.42092786031550733;0.5746742319944528;41.71462326485776;0.7353545382133926;188.68104559173887;287.9249842820969;289.58352105747895;5.559575080278913;609.4978635499563;2.952936066301456
103;3;8.390070726530002;864.1318923961794;714.1886484034643;147.95059358241804;417.5122387050357;246.6823479825542;857.4334796081898;961.6665540105168;10.26654107399143;0.4066237574496059;0.5964582467014818;41.37146880647293;0.67906694716501;179.11474892249038;293.65716098408205;340.2101063091617;5.580106026650059;570.9338972499879;3.0566077287954645
103;4;8.729836441823496;824.0671606183088;691.1043056341935;152.96117726544418;406.65229404329136;256.1479220903015;785.0693514669954;937.5579411894366;10.248754718678628;0.42628810928946653;0.5783984381824865;41.46381684122834;0.7376155596114528;169.93401481875762;281.18093406821293;341.03782512248466;5.517135069263423;614.1626251948277;4.16208571278876
103;5;9.023609121413587;844.0035053324399;722.7058701905205;141.99396089685067;408.02607336214925;274.06831292121404;822.9118154391879;1004.210021508356;10.217605551823015;0.43517456061521587;0.5645080807372113;41.630630116142044;0.7511358431992774;187.40129128154533;294.4763226495339;292.76308319311124;5.423591895823147;583.44366785946;2.6576295911816294
104;1;8.791538641959075;890.5585968375976;737.3961945284858;138.44450276537896;440.3244281880543;273.85855816510576;757.4765444883295;945.9145757304412;10.020555250202035;0.3989813442371393;0.6003919456393845;40.861837714985676;0.7179092435813922;178.87959903093136;291.53260615139106;304.1022859150781;5.604802254019024;588.2960539526005;3.011046828267974
104;2;7.886356456113228;877.1692822785617;742.7653852333417;126.24098106142043;421.10180469329975;237.84960357586343;775.4529622022997;861.7161751758156;10.132962012470337;0.4227472232226989;0.5760774192226743;41.18422964169905;0.7382713465363558;173.19969495476164;293.3929827344741;396.1723153490577;5.36497049418501;588.609577337161;3.7414229440750297
104;3;8.277424489801929;873.5019206493992;747.6184193813801;137.3087875352176;432.61465390953697;252.36471188275405;762.9162222352719;921.3655649189554;10.127217122914924;0.3983087888821736;0.6031972777030279;41.026301775262844;0.7141614252941706;178.17602937286495;303.4371818817074;306.32641653907064;5.521163982593659;587.8386416208023;5.183611790176657
104;4;8.445221600336646;860.4769826469767;725.0839121613692;146.78594254650875;423.35412546159716;263.9852115953588;780.2802282135968;863.72428371286;10.229885422258674;0.41919615812620253;0.5825917457572715;40.988263402704;0.7418016433985335;158.75772266621493;288.79799667384987;299.2627033474058;5.56627481878925;558.2126593120887;2.285914038672189
104;5;8.829735828738066;899.8576827366973;744.4223725770083;118.55151513563966;426.66799479250255;244.94732981202662;766.749133295704;836.3173660770472;10.169849665413713;0.41971079719404375;0.5838996638072317;41.682808717527415;0.731115704449514;153.73221141289028;288.59438636955093;326.7369595320928;5.490770645538021;590.0041465394524;3.267487605201884
105;1;8.077873505244709;958.2282092295688;815.3611791311031;151.35472368994266;504.11390157369965;235.8139863669065;724.8450505192105;890.2246450488683;11.326009347601149;0.39347682039618603;0.6063928782602502;41.91979110639416;0.689979607661904;188.32051503761124;305.14095128072563;323.57831316311695;5.743285505153532;685.7545751041025;4.839390720205434
105;2;7.337615109575909;983.4446078106827;810.0420814511454;144.96360846160167;518.4362581799227;239.76415420718558;734.2787461047443;965.8483824109255;11.173980499900804;0.3901789924660663;0.6072767146783087;42.143573871574716;0.6443772426170034;178.7105922462623;304.7174953063175;286.05475300735884;5.717209963642443;694.6755918694347;5.779507387320912
105;3;7.401397997017005;959.5050671035581;808.4120733324553;139.66091851218883;517.1859099093;241.96320716707933;829.5970223227706;936.6598186413944;11.356302985923696;0.38228826587695897;0.6230903045918974;41.789334215930204;0.6545346487516965;241.93116811319103;309.0980221748942;403.25510075599544;5.723497855598212;700.3944507697214;6.657878513271265
105;4;7.116774787549884;943.4527739353048;788.3100401697225;168.93917536459065;480.9000507014919;247.11111974921513;922.514231696821;992.7187600149819;11.419019473845111;0.39420461511843236;0.6060569471531558;41.440114158907654;0.6510775327160968;197.86734288144726;308.3971353859772;406.8656580411951;5.6045766226161255;611.276141176205;3.1764604663794365
105;5;7.472368911630145;998.8937403344518;825.829154027861;157.7165977925198;504.5817758651664;230.56063477485975;791.9239611918399;887.3509949757522;10.64365542040425;0.4163372515501563;0.575772358758665;41.59183649187073;0.714344627407646;250.84742770347526;305.61600151867003;442.2757654170476;5.82754485508299;643.6571597545429;4.915588996719642
106;1;25.506213682974835;471.5186412815567;368.9616447223442;119.17033836763733;193.30994259293715;197.08022508073694;686.7758610204614;702.7405322626121;9.66563633669691;0.445968240335698;0.5526329362575814;42.65058017566317;0.8390795332430521;93.5345605903226;180.57675641855283;289.56974937519936;5.467562356049634;285.88182874557083;6.660205045333655
106;2;25.07477295441561;478.34327892934164;376.05983912803225;125.51555745575298;197.09648896979013;218.75683956336516;621.2552472951251;764.3233835159049;9.776965445512406;0.450064693206146;0.5439081117000255;42.782312757226634;0.8396408747939925;98.79909796382677;180.19913883086946;241.27157728514763;5.335649563076812;285.40888413137714;2.9040779115197055
106;3;24.863003860325065;479.4060851101522;376.46392802693214;140.97844487593807;202.288336065249;216.77007822630608;743.8060377540053;830.9282753948471;9.675898423967151;0.44632399856310767;0.5426286696535301;42.28380009882641;0.8030447906302552;103.23997389630739;183.07171727235297;248.04015050296098;5.571239533724304;281.4701074594236;2.4862814103991693
106;4;25.055164648653527;469.6384818899156;362.4308070486231;148.16284647477755;189.32796472646405;202.11103061815894;773.7101502115403;875.056112159531;9.681468239216521;0.4458185466689249;0.5520973923830375;42.49951148645589;0.8150389776486469;128.81933971893847;186.24644828742285;278.67487371135684;5.399954349558013;280.313369827113;3.326974104290922
106;5;24.72909535671917;463.968550201924;364.64696391032123;139.94449454361128;189.8131603555793;238.83234536990514;646.5031096189895;886.2078391067121;9.661195974518337;0.4403939099081278;0.5508320418844876;42.34264835701178;0.8085257846702956;218.04119208565913;181.06010472682712;232.76674365413203;5.521654322558318;286.49581811287754;3.552379343239223
107;1;23.59616471457957;752.7075028063392;590.1941243295045;132.90083711855894;346.58302436525554;239.94445170880465;590.2178891311249;873.7716616437543;10.141193110551828;0.4521835886121957;0.540664314570527;40.61963911733679;0.8429152391528513;131.654412763596;289.02303437609805;257.02386112923045;5.363512604941193;453.7015829029293;3.801046111395783
107;2;23.831180136197307;776.465807038108;632.4082829497908;129.19833876885997;353.29176223069817;206.99052118446667;573.5020573315683;825.1256411786234;9.962094718436907;0.4535402679040464;0.5464217783959655;40.8172511720389;0.8330569714606034;132.26164245783175;292.95751823651227;253.3029141658108;5.385014937201767;463.081292420405;2.721737204286846
107;3;24.293234374794675;810.8807150116617;659.6864906572622;151.23068096578427;367.0653132076166;221.7173253196169;689.1160971702805;811.4008683215326;10.092285357597035;0.446266086805696;0.5431974535318127;40.946955654589;0.8196866712834676;130.16445551566204;288.9891203100301;301.52907350704453;5.298401527281282;470.5098051340933;1.6888874767076774
107;4;24.067325758135652;777.1361405173577;652.118861188338;153.25612318666697;359.66179553978844;229.09949737533316;591.4683074428133;784.622206874828;10.009860296656035;0.44656569030916043;0.5496898409941968;41.31388791545484;0.8079162336514076;133.48660369431641;280.7999693553006;234.69334953443644;5.422258474339625;452.9838178812615;1.4765772224832225
107;5;24.376855591076573;736.9250176300565;601.0838997520185;158.8001324173385;335.40355536508144;234.51846137532402;648.838524012168;840.661171131139;10.140300528634988;0.4502963221001182;0.5453351536970593;41.63976088311071;0.8495809917904937;121.91683427904344;286.04300835063253;259.472373645506;5.619901491197571;465.1019900593815;2.9770180416014633
108;1;8.069136283421702;969.409067507613;801.0333644778999;159.62176808974164;514.3902251221331;252.16159088870035;843.530530802573;929.4751511145347;10.23066311674832;0.39108440150828844;0.6067565820152137;41.01311727847863;0.6858240836678189;178.1760615395365;309.4004814306236;376.7593243339678;5.753077337801606;662.0136858538633;6.98755849982668
108;2;8.460432374701476;955.6938752661607;806.4692486087265;136.0357848891142;517.2853201358754;244.93553141786944;840.0362595718606;1033.3198851751847;10.512006101839425;0.389251036661314;0.6112761418317479;40.98133562957277;0.6768962462530898;173.38773580619463;301.9146307038568;402.5439032890597;5.808835887724333;705.0664498244499;2.9614534901452925
108;3;7.960705649835287;959.1436971804832;807.486901880221;137.2363998900587;507.5161444609197;264.8116055483973;774.9234146827988;926.1449612840478;10.510056289008423;0.3868611379074315;0.6141464645760931;41.03912311769922;0.6912361438237213;181.7964983666073;291.95439919025006;373.0153462057714;5.807169406852526;718.4662419753073;4.472949676850132
108;4;8.161148416644505;936.6143365439402;799.2086702353673;147.38295103065263;488.4171406366163;278.21098166116036;889.857339004348;1082.819646806512;10.267934473743912;0.40343288473970257;0.5993138757412857;41.07511761140931;0.6910921556277846;192.96316864428223;291.2382026174062;403.6096536238885;5.75626866548485;688.3425725373714;4.216489815709979
108;5;8.381659597015814;926.2830757822678;751.3138098391752;148.12421321666957;486.6269438247632;272.5951908054892;918.4857774822609;982.3278378930924;10.480373468423178;0.4007538100147595;0.5983811716032127;41.023855495599825;0.714637804620736;161.42293986918975;295.2508926375715;418.93617418089246;5.7284705617292255;614.1430454050906;8.970463665727756
109;1;19.910206644466722;672.2052724042895;548.5884375787984;164.10740673415742;304.86097937539466;205.46941069812544;711.511940545064;766.982825954008;11.175015251175697;0.45017394234736924;0.5455096215762013;41.3344335296408;0.8167339099575551;109.3122533478476;254.64554910009718;289.32271204694797;5.954604984311072;402.27965514711696;2.0385969004582214
109;2;19.15959889978333;715.7531119599455;580.7278168101453;156.97654173434515;326.4100269775009;171.66488408705075;590.3174976482155;746.3125067811669;11.319259653096994;0.4399271286054974;0.5556793591079716;41.35292803609331;0.798717419265023;110.2389885504277;260.26346233544916;284.1902595794145;5.819846956195481;416.55730774035214;4.340080254664103
109;3;19.378791306503263;767.4961127893616;639.7526928506651;173.05861040381097;353.5676760680766;194.51569047186146;651.3985796994265;875.2866333693997;10.761305946096565;0.44035258721060644;0.5518294698653906;41.722044353135125;0.7872112547274928;106.2397211646908;258.23141755073846;385.2067002066474;5.948159655952281;397.7987872999913;2.6059123224716414
109;4;18.628602221018344;715.0133616319563;577.1346681545709;165.84895544630135;317.8429757287323;195.38695212756215;688.4782789150288;738.7384919237276;10.935553466269305;0.43855679721429813;0.5597293938749747;41.86596268124494;0.7926238165100739;113.39332518937253;254.66788363478773;273.60534274387686;5.9985260404535445;402.3655985334432;4.562244453655144
109;5;19.71864524472555;733.4449652232687;604.6166843565392;146.3021831072188;340.1215718952862;214.37243724698797;653.7966339337196;720.8952976288376;11.181006927622956;0.4378279711036975;0.5571022528295937;41.69769979427668;0.800222269132332;103.41795788217723;258.8910391272508;316.87974199300106;5.811964722593135;397.91513827041024;2.559180759251611
11;1;7.406686575621047;841.0870238773725;713.1035463965195;102.24956604248862;371.1647790275127;238.10542596390607;892.3730747123943;742.5574226678457;10.125226596383397;0.4410279835788174;0.5559260418588972;41.00608682434588;0.8368552444503581;164.40719624436954;295.8426283295334;359.3210146919296;5.595028386743456;538.7633219775832;4.469826881881886
11;2;8.035950066564972;843.7244274760328;704.7901030426766;93.21632100170365;368.99271686848607;261.4216564908815;765.7852175805289;886.9548612230243;10.115096904507094;0.44785338631037536;0.5472941277992458;41.07519519057254;0.8312908949998176;208.28490808950386;304.22898235688115;389.38984376500935;5.497087780397924;538.2809355553134;11.070731546728515
11;3;7.389597822636009;818.6409290194812;688.2784084067206;94.8522587796823;361.2983804567269;273.58602166617084;810.3656323871459;930.6558067848989;9.96830627782877;0.4591873565256423;0.5363630179746138;40.97597423965827;0.8445194768886181;220.93287377323935;307.6184657898589;358.67542341206337;5.5563623098594395;547.6100261684559;5.065233785369137
11;4;7.805970853125421;823.642838281929;694.1253391398856;94.4634105191585;368.9536873025322;271.5385662524613;773.6705932563782;995.175489576821;10.012936547928497;0.4579620048213948;0.5389086137548101;41.09531904752222;0.8519466311981668;254.71267331378908;302.3065426335947;368.02344106161877;5.494518648881557;553.0163539641246;5.012393539729034
11;5;7.872569426894833;823.476358562658;689.6566169765996;97.87730884027894;350.2566253606911;299.40501193279135;860.6737391655124;1153.101951994195;10.020725667367357;0.45302572599533475;0.5462201164815196;41.10007682419672;0.8318597191084585;239.9677912838772;287.6524623659398;380.11854241833595;5.510792536537253;530.0487153760198;3.7287949174372237
110;1;9.517955113365375;998.4738587219076;838.2757013981333;146.97551264752374;534.5200020221062;210.6297669741462;757.9659444788554;995.9236930606407;9.612360854438846;0.46002780368504403;0.5290346245644314;40.30595156169114;0.8686608104682462;212.19490933683375;306.3659192177879;321.58295497304124;5.8326312015137045;710.6798490496633;6.797999474870936
110;2;9.937496143759503;984.86992557552;823.711538240775;147.78539230895788;513.1871007789672;224.90411714022005;676.9631961674688;889.2390595735367;9.249576505667699;0.46435681123348665;0.5296709507253999;40.51894865759921;0.8867118398316002;182.33575188121492;312.021857238702;319.9367283889456;5.802697729618651;709.1259854497716;6.623737829798969
110;3;9.939218589247258;1000.7931992146536;815.521057332127;125.7044254746132;529.7720150113298;223.84744502372448;688.5959206575134;1006.3926830885459;9.485375177844341;0.4525153535030241;0.5501598153476805;40.24362069643336;0.8037690650193906;204.28714044656417;312.2060803525232;317.92403752647186;5.6570605471690225;708.4261603719243;13.365747438867297
110;4;9.591061658644502;979.6441219758817;836.7550090207951;141.35660955871907;527.3767515517968;211.48217347596358;728.0511120889248;971.3736244665406;9.608830675112134;0.4455083932120424;0.5486821002646065;40.31913549521137;0.8424805291865279;208.95237551919678;312.7075935365044;328.512650361598;5.853377889070669;713.6509443506733;6.626167664005366
110;5;9.750718305756267;995.0247724835809;839.2518436700293;141.75698510544092;522.6897198953803;210.12843503438305;756.178577191651;950.2965350708374;9.183757619683245;0.4594107031339972;0.5398094221830148;40.25145490369169;0.832458583677936;185.92846126290308;308.1678182761594;313.9276790156212;5.731768440003005;713.0528996741524;7.744532097784016
111;1;6.699452769535912;966.0849464925786;805.1505984872555;151.83198319120845;493.84776712145464;239.01497736623185;804.1602349871584;882.9503750855475;11.114697791254821;0.38798405777200407;0.6130167643535144;40.66996069009237;0.6929527251411968;175.63632850720413;305.5589121031328;449.96073822820034;5.564678663263298;617.0667597050672;2.793560032122713
111;2;6.763837338154511;968.3264837362057;815.0398013428286;149.3429411565177;506.1206430001035;231.78238651735668;760.597795834132;876.6282199763668;11.384836299970416;0.3857527602346569;0.6120280917577492;40.71649640422406;0.6612566002987325;182.79099676692584;305.3273696980374;419.46091117441205;5.596721786913721;658.8065133974974;2.776354752343442
111;3;6.820227071820906;967.5239695271662;813.0025765789691;143.41500353448137;512.1487418738566;250.94877995243723;689.570195920715;954.1221401126314;11.1404345254465;0.4162308836695077;0.5783468386930293;40.9637390278473;0.7294670590727229;185.03150519001662;307.83380526930995;320.60041172281166;5.886648982374714;656.163747302119;2.8445373796276
111;4;6.927970256706147;972.5490200996504;827.3790804799302;142.9464881550055;495.959413047575;234.39332065541873;714.6821848297861;929.9506665838403;11.29024920520507;0.39839123339644705;0.6000086592635371;40.773713048195376;0.7033150884502909;188.37979323533773;309.7393629785036;286.07843875424885;5.895259629763969;631.7272846628157;2.8867198243931758
111;5;6.925196698288215;967.9382868522629;813.5776077208576;148.18118996802357;494.6956100924765;236.08083447858778;711.2790165357626;834.2869386827953;11.295994966012953;0.4187312493697476;0.581705350129166;41.302607628245184;0.708627484730261;174.7530579558134;315.61037833689153;314.12648074286966;5.63354238952443;657.163812655258;6.552346290909203
112;1;8.950968892640434;2062.75163188216;1635.3967349833533;129.3110482271391;843.9542505079947;214.5415031947113;643.0947697113395;669.7799988969149;8.227603655675223;0.46111384040779957;0.5389215359262685;43.3037571297783;0.8503336151641067;171.5041405123577;752.9126007400071;249.9526896707506;5.968775804019143;1335.228025128166;13.941591617951785
112;2;9.161793301929439;2026.2095099962153;1623.2487101185384;118.53209091843033;852.8818591136458;196.8504106900751;628.1669280864148;832.4604513499274;8.599136603293129;0.47042656106346575;0.5170282612163158;42.62354944223441;0.9096586774498193;151.13895785490564;752.5701341503616;293.5262235412735;5.939793131334149;1348.122130723246;13.77719073662031
112;3;9.653277057448838;2046.6874506491656;1632.4042459520983;123.35631749207428;855.999173252681;213.1601305097585;696.9401337176704;743.3449153377479;8.261409023249831;0.4584012478998174;0.5381400391560957;42.198469344936264;0.8496687075185622;184.45888136792323;736.6922906084249;357.968850692513;6.03569041336874;1336.5774111721396;13.119817045862202
112;4;9.54114092370203;2085.3242380437746;1648.6745108060588;125.13604762541131;843.1293509406031;214.82696594966686;560.9119282452671;819.1275198875878;8.254084289840684;0.4674595523594172;0.5279303573822169;43.089510308386814;0.8702435216139003;179.52696456970963;751.6949673777842;280.97608306095384;5.589889213015665;1350.5309794140078;12.706954247757917
112;5;9.274486967951267;1950.3381594421523;1588.750122712557;146.74933929466525;837.7411000829429;190.9919939246741;595.8746017104799;834.8922739246782;8.25316527433651;0.4715926162976763;0.5244779417691818;43.207135119631076;0.8889338862279625;179.46588285883735;732.1597172042727;285.52690687952924;5.766309599938579;1342.4665158262712;15.124708564014554
113;1;11.856597109640218;1001.7667888717059;845.4972172198716;132.66304005630982;483.99309192052897;251.65882679915006;749.700306155258;953.2452448346353;9.523199234489898;0.45118327487196364;0.5497868449284965;49.351457285275586;0.8061680247519967;184.77670617581242;395.73121064122535;376.2177076905095;6.248382906367202;636.5768904549177;8.746510983433735
113;2;12.205467862817283;1032.3312721320392;853.3312970455729;120.51697781014742;468.47128161755194;217.51413149829787;635.6347192728045;798.0608048933464;9.446125655432049;0.44722877936986777;0.5570069263146409;49.56604211577681;0.8012382887440528;173.84169179791493;377.72809159390215;320.86823060783775;6.0713518880843536;636.3688109003177;7.000686975115846
113;3;12.009972232636619;1053.2359355009598;857.9801042162679;143.47702008522293;494.9541614738625;213.3302155552834;689.4803597612755;807.3431351273127;9.397756519813976;0.4360938937320219;0.5576898088182589;49.32887706271518;0.786915496173372;156.14338935831927;389.02998927760814;356.5314101702823;6.188864701529392;673.4385918043454;7.432381140611092
113;4;13.118432911515175;1031.9063364663843;839.1750853659983;120.3035178569416;483.9935447998762;264.8899147803669;659.1272935581734;955.9492811760059;9.422053686341107;0.45577987451733404;0.5406188458663239;49.516704668600326;0.8113204593098267;197.9700844050923;389.2933955957367;357.86685158380544;6.199654881459171;627.4732376122317;5.676551729608875
113;5;12.515587998514887;1043.3544686758216;861.1121904004249;134.1599098259944;472.54423555327475;255.65477233808988;690.8653220355752;923.8911349232956;10.146503338455664;0.4481522532015462;0.5494153041468457;49.09322267411494;0.8074700272004789;184.6686637165592;367.5327003693326;342.3858138568353;6.17887304867281;672.9346851691301;9.167265536527028
114;1;5.282309347119895;1846.7935679012483;1458.853505074539;140.38720461196561;789.3542695960588;226.54192259771958;776.0603497441632;780.3488152847704;8.722982518331879;0.4173982392465228;0.5825844889394518;47.81828228598227;0.7586616671862961;151.6694766567994;680.8446505806388;381.1418045521352;6.179895402539853;1184.8698999158205;17.473011366479696
114;2;5.699985327665962;1757.1584675958152;1455.094197440204;117.6729587391737;800.9933995503937;217.2367593986833;665.5292417680427;906.7105744684301;8.17764816652827;0.4178530211126685;0.5847049723937671;49.13944957847047;0.7491622459614554;177.72211582973264;682.3837670249825;325.7011949664209;6.327673769540342;1203.5952030584276;18.706928738008166
114;3;5.236248930417904;1750.5294818791372;1434.5829710097717;135.80482907807473;786.8522487274274;259.85850748340613;644.9684890670724;941.2696234978846;8.18457041625018;0.43131827472652134;0.5735808934646588;49.23146319633599;0.7517341540531808;187.109342568582;679.6976098496931;345.0295735454921;6.351404266112018;1182.4467856864824;15.79953470029361
114;4;5.165419695388703;1798.3526014604424;1427.9874744022156;135.83125223784157;781.8343497914447;241.0274732135946;697.2120365324672;862.1225309675663;8.639270017438093;0.4365859795154978;0.5663861701282247;47.92308772867418;0.7857913294576083;167.83127963464764;675.0207416607623;321.7235185715778;6.292341483717895;1162.6853164618585;16.78190848147933
114;5;5.5112243057032435;1769.4152445976633;1437.5979240598408;107.73266372302474;780.7697156011991;231.61566344323836;671.3966537450221;972.0000354236657;8.720837608923214;0.4092249540658247;0.5945032814862944;48.048064364745066;0.7496887274684925;186.58027851960625;681.4877209407317;308.1478600246258;6.204960488129096;1174.898495680383;18.423035113224024
115;1;16.839193245390735;652.6081592056529;513.4846600100817;141.94849689539447;302.66969029447665;172.58352248390062;612.023470292157;665.3230466860812;9.347939412710927;0.4379607072741494;0.5617226337753756;41.253002083515284;0.8012101533391407;102.47269096280205;229.1011495431413;296.57631631620995;5.760654498554801;416.777760866299;3.3500673455372367
115;2;16.907351667175938;677.8512685239406;520.4627137208664;143.82212494019655;304.45813866203684;179.1403883571327;614.5082720675508;809.7481984788541;9.293634784935271;0.4300214968185285;0.5684859941303361;40.96848448611313;0.7789597726049583;118.53312354805865;234.3134895223657;286.333169836217;5.588054494882463;424.10708840768945;3.028014806387
115;3;16.472709992515302;705.326738747443;565.9798079263066;127.81097729133816;315.35794040379244;184.11275443859748;506.9864502922829;783.7644322023995;9.114498458644269;0.43614722705828873;0.560725290550296;40.933518103098734;0.8018702412078862;114.95775500781242;233.21067955003662;262.1852363743182;6.061755602192587;437.59449647173903;3.0224463633611394
115;4;16.959701036752445;656.4476950274242;507.5776742130805;158.34110788343784;297.27430766959003;189.5345966102034;565.828938149677;814.0454336083828;9.444418139006311;0.43617851161687005;0.5683608355963818;41.32271489435396;0.7992492029713983;108.80115150404474;227.9825093430472;306.9353584918977;5.829327778730084;405.54771438932767;3.99980157857115
115;5;16.72847518181287;678.2126000277921;529.5740773115184;147.55328485695497;304.72066325444007;176.06612322128163;585.2822031020056;714.6410443918417;9.126531824306566;0.43555881598807067;0.5594540935583798;41.3072762580269;0.7851252795869115;106.4173729351792;234.06856930905022;281.61368857198795;5.9027830864101;415.0231111538001;4.678235295956011
116;1;9.550861971884348;731.8195053891867;604.4553354418675;134.28830428514956;340.7657703144106;158.61651432529845;607.9496233007997;653.7085729773739;9.737876497504718;0.4445513200929436;0.5543086538849036;40.24208859013066;0.831237547844172;148.03808257036118;252.48555038831623;307.7893156521336;5.735846236190232;445.26196789418225;4.9355727943514385
116;2;9.250261379125641;730.1076126786452;588.321526368333;129.4383918518898;306.2533082389643;165.69516372195932;640.6630221404974;684.461976958736;9.728463310785925;0.451928474728217;0.5533009044844599;40.5412615229722;0.8363494630391327;144.13298848246325;258.34905285157834;279.85253183421287;5.894042651881671;436.1646121552436;5.601240097881561
116;3;9.527144079873297;738.1282108362733;597.2702877561901;150.13966922378336;340.38911751814635;174.0138382733;671.2872040724905;636.4548231309739;9.71411197447977;0.43929887523903544;0.5641222437604185;40.76516394866268;0.7937102371622412;137.92227833701318;253.91433928007828;284.229460156365;5.660409055581413;433.26629767465715;5.826630810453276
116;4;9.762978511467288;744.9241485387382;602.3937019258593;157.92141153859714;342.0659196964293;158.35943973597;607.5961008132374;725.287434133242;9.766059433723756;0.4493254748548595;0.5500187477007463;40.836205769789665;0.8089778980731132;141.62892217180863;244.8028933579752;355.20350171602155;5.722405831410802;459.7717619398697;5.862367572093103
116;5;9.182285374087998;743.9350911050988;603.592802585252;137.26642027267602;347.92938529716685;157.0392018972598;610.3114614371153;670.7073303420069;9.474921342228045;0.45605131331561294;0.5478064945799395;40.658612108329486;0.8282620328873501;147.0484697869877;247.32871635414958;309.7547260628727;5.792760481036746;468.7300569282717;4.836946846465585
117;1;10.3843551227304;495.6840956841434;387.91843229006537;135.82271768015514;220.05555393569128;179.88699737354423;658.239832800759;697.2047468031861;9.6990562852569;0.45678133355572176;0.5387389951612004;40.39717487943515;0.8483005349498801;133.37383942857258;171.59489474526302;288.08064303592306;5.442019052117618;268.72967696776226;4.894239440235356
117;2;10.416562268216026;456.0920612460059;364.0575442779461;143.1021654681962;191.35961605361734;159.54982910476005;628.9200419164732;638.3926443229584;9.532189927715853;0.4564277010048113;0.5466352254395725;40.5186872334383;0.8346655296271008;129.79279186050812;171.7940100772197;267.4279018524955;5.599354737137827;290.09692445424645;3.4453176876020986
117;3;10.664519648207811;460.3490633890187;384.2101883313007;135.24265836837944;208.60773619544713;156.48920015170168;810.5066382839068;612.6852740066323;9.620651774705891;0.452254026555651;0.5438085772096161;40.41508219615071;0.8428172948504947;122.4825105629394;170.58766854949647;378.673377298916;5.379147895635317;278.64728824339915;1.680903890669605
117;4;10.324587173220106;446.152657381323;355.12624977345644;139.444465915793;189.37880281454048;159.9888667657321;646.1517622168622;617.8335354166325;9.689414329272664;0.44558277494177767;0.5545803672720504;40.642227465810016;0.7968092550200354;119.00994456165351;175.9880153892957;276.7619977268554;5.5864454526521214;279.6878363682102;4.658349585031306
117;5;10.434565204889266;458.69576456954235;358.84626357047824;147.73533050940026;192.0679363371485;153.34092725684147;689.6860734883386;673.414274551216;9.62621809206183;0.4481049702161917;0.5463898323378753;40.406269573811166;0.8283146988612446;118.37771931740491;169.4143059078464;329.64673159646753;5.558982839696113;278.2026861980197;8.596795955234354
12;1;15.86430583368464;754.712563441007;597.5794003809299;105.52302058979765;311.413536801983;206.87812842256037;659.8623503444661;1000.4875385044143;9.879479031552373;0.47676456008655954;0.5238929466574794;42.27388986341923;0.8942678308264688;217.97410761357906;291.3716937371588;346.06345418193337;5.31956123752498;459.8355476229455;3.8088921649882233
12;2;16.043561191095616;745.1059266934641;574.4209662118848;98.67977613928093;303.6049495501737;222.49471558021378;634.1579656659844;751.0961891755005;9.994783582088463;0.4760281294855986;0.5265615321273365;42.70090520550168;0.8927241537500566;153.82327531001303;293.13645493440356;338.3826877191415;5.229935417214333;460.32955918292276;6.581185778884853
12;3;15.924725098301588;766.5084095354991;602.4392481194939;108.53075680212221;313.7526433373767;226.14855746860607;624.0845499689672;701.7095569195706;9.839011791170314;0.4730460229642019;0.5277058303187253;43.039992485529375;0.8859056678660999;175.10797675808826;287.9451942538378;332.95638633892474;5.292638767007451;451.88627499174834;4.952839481365053
12;4;16.226934708247587;747.4413397494382;593.5412564128097;100.05787559148419;313.49399415380213;231.79446066531256;687.0094084818983;878.9984050107632;9.698386872731335;0.47352326535347883;0.5339608077663128;43.274071019254635;0.8746070369090502;216.5506750724778;292.0470818899741;289.00855419161695;5.082986790583654;456.42915135775814;4.415050890379486
12;5;15.650394264092618;764.9664815434295;578.845086553212;110.48052298578482;320.012930143504;217.35846497349465;684.1224987904246;788.1673403029944;9.742050924630895;0.4711424654417318;0.5377654804107556;43.53822424056544;0.8749044849666957;184.95218838961281;291.87998687036276;316.9947008879114;5.3216487543973905;451.29334576373765;3.226433766825875
13;1;9.748467881823133;2082.2848887989094;1717.8483149757096;100.41651132351814;981.7269667202194;305.69807643078735;790.4817626452184;1047.7766276239727;10.134859711278168;0.4305379010395619;0.5708833197995591;44.877892543286386;0.7739633907165487;276.9978741023036;692.8337391736644;399.75538162070904;5.646270804397887;1273.7615362516133;17.06629232071331
13;2;9.739558916262201;2076.984611379214;1709.471738666928;90.83106185615716;949.5891017620219;297.3435153942057;859.8810196705275;995.8107863445879;10.18711269006138;0.42874556487937204;0.570785150580585;44.752959159022446;0.7633237118409077;238.82420181609638;694.9948763809135;383.2036749541014;5.977927489050391;1280.4611669837004;17.730964987336133
13;3;8.883178698334982;2046.7864217873228;1669.394688597646;104.91446551577998;927.0064127303027;294.63687481042547;809.6834480081357;966.6151944255286;9.992181096233072;0.42048481537167526;0.57585888558261;44.974447545370694;0.7437949859411721;237.6578404337788;687.4487583333577;358.1634716154931;5.9955279655740386;1303.7912282768239;19.31855083361948
13;4;9.579656518625391;2043.949408478398;1685.382590049299;98.24666188433827;941.4091523660625;282.66477087060474;877.5886764435018;1098.1491986097042;9.872379922630882;0.42463972377062487;0.571301787272885;45.26449938592534;0.7378795298307721;257.2418263205775;692.3591534536472;412.62259377868213;5.978865055037306;1271.3926757104146;18.370751423289605
13;5;8.742623293098696;2062.130573043972;1689.387583873986;118.67944841093727;920.9242025261467;301.20385712704245;813.2674464679762;1027.1412280110221;10.129515460059874;0.4284851837905365;0.5666431990707024;45.003374296272966;0.7702038964379285;256.0363928722487;690.4108423594947;369.2114052500422;5.8747927468680325;1273.0511774717909;18.594834369605724
14;1;15.718287283738974;1986.9495427085553;1637.940402576281;112.7475926838617;897.4065736839534;298.78504551926284;828.3945829268467;1125.554239816939;9.858139884165487;0.423103841948055;0.5760758759048481;46.032564399614756;0.7485888465116244;241.68023414494408;690.7096898343273;340.0989948478124;5.984635836144604;1317.7706682691742;18.58317289755415
14;2;14.823864606150455;1937.3978791611148;1610.8065930697246;105.82304333341322;892.8167038671168;307.56187871948663;809.8566090677245;1166.3386068077823;9.700531394075446;0.44188827681460213;0.5578296587802022;45.97264562103878;0.8040032494505667;273.46532156849696;697.9738835418865;383.38773280884;6.096853151964566;1304.5802085583468;21.566030066901124
14;3;15.264348301281293;2062.146874691621;1642.8528390138565;98.31083962262659;932.195421365872;332.1396756064663;911.5481789708666;1091.0071701957938;9.654345782703288;0.441450430848271;0.5596465890261321;46.55766916459483;0.8079246940612197;233.32727946406948;698.9193890919137;343.03999810343146;5.894541978999643;1264.602190797506;21.113567536150253
14;4;16.262478791888213;1976.7052006351664;1642.027657622095;111.92496090812146;902.212465163577;305.3128337763524;793.5566159139194;1014.6102229949711;9.788498352808217;0.43823654422672415;0.557862850114464;45.76546419557342;0.785741884298984;231.91770381517694;688.9558916745606;389.8104619979422;6.00684142368111;1318.6433441399258;19.695338539844176
14;5;14.595413998157191;2009.7724980275539;1655.0926600031055;104.57889456938024;925.2936030701871;305.83097789947;877.2307576350497;954.6014811134453;9.859141619117297;0.43350940129496524;0.5653308421520704;45.996357559834294;0.7741570593223837;252.43591966947153;697.3619208251955;353.82663224342184;6.031311124523691;1283.236602738809;19.879614064791244
15;1;7.266170611166313;713.7336622264233;599.89533658375;130.05327204483027;372.38788311600774;326.7224753717753;944.4932932271444;1173.905557242739;10.28253391244617;0.40774266099474477;0.5967186898020879;43.55621860067804;0.6989749595873979;223.4000212687847;251.09188216708245;447.3510916993202;5.953013410520459;468.96377473812413;7.815715105586534
15;2;7.447502804913783;700.9169641405899;565.6476621205597;124.01266858094559;348.8605829339136;331.8191229789904;940.5763622994734;1142.523392462843;10.331068633847606;0.4110502422497878;0.6012924150890537;42.90876823158764;0.710287186140311;201.99450434291165;255.4481808828177;389.3029083093345;6.019673525844229;451.9218287714206;8.078091062590692
15;3;7.1331580723620505;715.6276508172792;573.1281927055618;125.42394663985421;352.55004391015103;326.6203722241343;987.9926409984735;1123.0623850341299;10.33193442515346;0.4060969730195314;0.5984777070012024;43.329885450052195;0.7149840939996303;212.43424480441527;243.21449313883065;459.7633701057708;5.899834388288815;473.3910702603347;6.215206916461297
15;4;7.340020902251615;736.9236069981341;604.8612158099456;135.154571355663;362.28816640928704;329.03224315108827;941.7818073027669;1099.6425574502816;10.208657341491842;0.4127014741171631;0.5932174465326552;43.41079305087339;0.6932815833228518;214.9201840905893;249.79951494117785;409.62226938112644;5.900106988735859;457.29370003804326;4.707554904560382
15;5;7.550487901055233;746.8476679180203;606.4354162457112;134.71865086627474;368.13522059155565;299.11947673680777;960.3912488619162;1049.2044069403678;10.393343925010253;0.42451113046348443;0.576839403548988;43.88495774098896;0.7196101087942713;189.773026982935;249.27750265377188;457.95290817026853;5.906932703282388;476.6911164978273;7.060471616529642
16;1;19.766923736106676;722.9323437768318;564.6714120462507;120.9512076880348;316.6491940118019;268.4079115130991;769.7248970510356;884.2514822631322;9.469129970281163;0.4451687067756196;0.5544298337423317;39.869450635358476;0.7896859205710157;166.92957542057385;242.99825828832638;369.3413206277176;5.576060759226334;466.9756717224547;9.499280112130107
16;2;19.95846952187917;701.6605124013356;534.9416416778051;101.93885282950498;312.2925224080648;255.40123150240834;819.6218213083831;872.1640255591738;9.555327334512372;0.42378239957791086;0.5655365016982653;40.81119402554837;0.7866305044765264;139.90102970599838;238.57798110280547;343.483176030154;5.5317657222456615;465.14210865567026;8.312611214883956
16;3;19.98799853683066;682.6126348146503;536.9036129743718;114.05862951906734;299.9843118046209;270.2429220996169;815.2581524712549;871.8747436648108;9.409273360883113;0.4608657389834957;0.5330558921767681;39.9532691826991;0.8279662579540671;160.3751094006841;242.9432551296695;344.84443988782954;5.539524976832143;467.67217770310606;5.231005523583826
16;4;19.20931989929425;687.2655419420352;537.7988576422872;112.26849825738248;310.6847729217574;289.2803963653412;724.642791126735;878.7346626830063;9.460108595553901;0.44317407440844275;0.5563290289640627;40.66876817986329;0.7742595777512435;165.23605283662977;242.31746872078796;303.089885242557;5.578522943962819;466.9756717224547;9.924057244018536
16;5;20.35475124893833;724.3840854735892;570.1584632097807;108.70716605465503;311.5831909108365;264.15849364955653;841.6612837499539;904.6208523980686;9.440683555303991;0.4554119611904253;0.5435015642585261;40.27741205355128;0.802900689499112;167.94845259357047;241.7066613437232;369.79268347867077;5.535136885193711;467.8022120623829;9.838573311024223
17;1;13.454017761691448;763.3481271779343;592.3886428413537;117.81009839320073;332.2559017217467;317.5392725211021;864.3746607935317;987.7479756761151;9.321647259299256;0.4422397726882962;0.563932306393357;43.45680279331294;0.7936597581144863;182.1227701637606;268.9590621445813;357.9685604681653;5.572097927242708;477.3238201919396;7.683483234110408
17;2;14.210703453643752;778.9748485119263;593.2988770862771;105.28982146740367;330.8854986925883;287.11466070203744;772.3154419460651;932.7006083132321;9.496870203412795;0.44876153945262215;0.5482114489461346;42.31449751397349;0.8219265312574823;162.06457674929192;269.6072974303992;357.31532214216514;5.373061171343272;478.5705702589122;7.448614211575682
17;3;13.114060384395362;727.5697687664506;568.0738155622417;121.58144452695382;308.2133012058193;270.33074086933647;715.0005414027711;994.0525108522531;9.418282756241524;0.44280838249473714;0.556830607946175;42.48034233338934;0.8083636542671655;199.837828732323;265.9253202061842;343.06651125022773;5.3871295872276725;478.253656931565;9.637468796449562
17;4;13.390313707349826;754.4222085336194;573.9180123002297;123.53149393995463;337.6281412761278;285.3698617550001;906.6549647970002;925.9923952737532;9.532926003605317;0.4479677511453169;0.5491445071080332;42.74208966320893;0.818910099858588;162.08192578692567;269.0982933078198;371.10515034657107;5.4911782562466405;477.17363819279234;11.097340490124234
17;5;13.679297474548612;809.2794432074263;609.5062721747338;128.24134249853842;337.076067092229;280.49677068845546;735.8609158015388;908.5779227027434;9.494357814120086;0.44001156978758377;0.5619841096392392;42.24877369462761;0.8095536389506983;175.06009783081433;264.3829582856837;364.7556483207586;5.489926682263192;481.461507680012;5.801560363508389
18;1;16.177215120291866;753.2345396435684;622.0837194577255;122.71678093346728;347.9473167066985;298.15938626657214;846.696962850729;1107.238215637168;9.517540329754317;0.4333585183460243;0.5593015277032646;40.178198765584995;0.7813195721237861;208.37826284784524;265.76291302067153;354.7841147721743;5.308860380692787;526.474558725251;11.026350319301596
18;2;16.34227046543663;785.319471173082;641.1569703327966;131.71783864406305;374.0562116882834;322.26338984349695;877.1150893394438;1059.1767467512204;9.502685685404193;0.41899567023506296;0.5711472819194751;41.84777521811425;0.7584586871625718;210.77720954262432;273.3899758185212;374.5108398884397;5.491182720773729;535.0574460990745;6.1551640330098
18;3;15.341172185594779;752.875794331852;609.7232352517884;120.63271353931276;334.82629392722436;299.21682205245764;770.186650775082;985.4453126341011;9.468505447239364;0.43642701727651956;0.5653134092637226;39.83565123443728;0.7902578015835411;192.6075322678228;260.83077756190727;370.1498671535617;5.286248232964906;476.61987375459233;5.949364008721957
18;4;15.367774789518334;773.9585083053197;609.317682642037;112.2832280945964;341.48704190126324;305.7241645513094;827.9916084632704;952.7122369825796;9.357427452498492;0.44047705900818757;0.5595893568001149;40.07681348396822;0.8045562195272024;175.3745941943366;259.21520732615375;365.04565323297834;5.439935782660768;478.1402832236799;7.905642947017215
18;5;15.884923703221409;816.1864473283579;639.0386084214064;129.48816376481727;353.5742151627668;291.5918816302075;827.727838372966;907.9053114129113;9.524593643872532;0.44219091651794895;0.5607078512327639;40.28173556915098;0.7917292469071845;175.0403144989462;259.9645298354204;389.18316622419553;5.497200287697294;475.29702479779525;8.063418359477167
19;1;9.03091745147584;723.0506203667028;606.0823498858969;136.5688926327849;351.3809001990463;187.97426493159963;643.0477624568441;776.4919227135907;9.52954086914225;0.4103757937822726;0.5881501713722159;45.540201371295694;0.7340763316283226;163.33692342837855;261.2827086673201;350.3249690142735;5.834400955617973;467.11416082228095;2.998616661897739
19;2;9.364644115919257;770.7543451269136;646.4178113860478;138.25168179044852;370.942947489656;194.1322066661558;645.7679794800223;862.4031704989782;9.441475956953589;0.41826817045369735;0.5838996587337055;45.79761320159481;0.7288630555922829;182.42084198046862;251.71658327700698;342.1397745068962;5.895797655360323;469.3967810414197;4.561531578359229
19;3;9.429149107901777;752.242957507365;614.3148321085847;134.81847796903543;369.5507455862257;211.4125913210295;689.3860315057867;841.8880244379482;9.191275698274252;0.4223512072309427;0.5750385912206026;45.573904492706994;0.7539095603614173;184.6536862724622;255.52778988541587;346.93909435835343;5.818330145626176;468.0896776003793;3.9982872174032886
19;4;9.358326775282475;716.9106057005057;616.4907292946812;153.59055812535382;354.81299421499074;183.1800670767018;799.7813556880172;818.6971620701264;9.148014721138859;0.421169067782346;0.5763894117291714;46.33330523930248;0.7346523454603158;169.63584908141732;256.7838330644842;371.934909466126;5.848512397548702;478.3490213277013;3.3723912687111555
19;5;9.03952045910905;716.5188859920781;604.9101328695832;133.9763501163329;357.60292997787786;192.73055238722122;705.537903671193;869.2413199956319;9.699828412315256;0.4236203974797146;0.5757761045763238;45.46530648754579;0.7506324124655667;188.5553952930449;261.1117241913999;370.5248871478861;5.893134366978329;458.28479590728125;3.4939147776949113
2;1;14.400775805991087;1134.553491748172;938.6244806547319;126.23009269639071;506.6507980937637;291.703140404552;844.0541402611653;1129.2617218913113;10.890095645466333;0.4544354283139547;0.5496066336207878;45.319785542981414;0.83279455759998;269.310726691743;419.67315946708504;395.8497097821282;5.867360872511605;707.339724109225;8.250590682736778
2;2;14.655272104923126;1124.5897533361212;930.4117961932644;123.33225857243912;510.66978484111615;268.4172993304538;794.4866660507455;1103.8542634564901;10.606706285850848;0.457207628797709;0.5501317117312884;44.48952980760078;0.8515476389027516;270.59427324927196;416.2329525046445;429.75450671884107;5.846018636313991;701.6271623013063;9.265300957110139
2;3;15.097223249411467;1117.130995099185;928.9411430942444;107.39747276813982;499.9321954216471;303.23810074140613;718.3280083996267;1163.9138483321894;10.757488863617757;0.45234625568493525;0.5526381916579988;44.62362188952845;0.8325739215070661;258.85983032609136;417.77604832125735;348.29536093080435;5.785133788691122;703.9284410353549;10.449504580206627
2;4;14.968371413984274;1072.8810653373864;884.6424858251168;120.36202970762099;499.4132343385685;296.10141145486;763.4935832792165;1291.423164298577;10.818112759725386;0.4561075403168931;0.5453087924223392;43.16809789674775;0.8398379019058377;304.84007985114187;371.4367546457873;338.63914538903975;5.899757459522898;682.6476871472752;9.977124589442553
2;5;14.416227228263208;1104.8769571120108;902.2432255326322;113.42672309039044;509.94368818421685;294.117624039671;845.3173899961461;1270.789331251115;10.939254597842277;0.4605382601807825;0.5371234482127001;44.402779786169816;0.8551333425208134;292.1715684026439;383.1704204003735;329.3428571045976;5.861411801524878;691.9012894545382;7.372876214045253
20;1;6.191127382801946;669.4852493083371;578.9308850911428;121.88126403843835;325.4466006106454;242.20690707362678;786.3344257113918;947.6403950484663;9.232926421014927;0.42306812353143175;0.5802901620676223;40.46216522197659;0.7281841005728497;241.90811851678353;223.9177216853133;365.17692091780486;5.881402501258144;421.75922974722926;6.916596878054402
20;3;5.561557419737833;629.0338340958014;504.4955984190305;125.57074377234362;286.2332005073762;238.40103650919622;754.9676490455172;867.0917901361114;9.233407324805858;0.42116682454283744;0.575212962077081;40.80542613624732;0.7357703296208413;162.76623920329152;225.84821937885096;338.5148888271424;5.53644584313147;398.4382996035162;2.756962987991452
20;4;5.919162518207153;613.3715481709861;514.9921664653793;145.42691692186008;280.08733700880606;230.5931724058567;777.1197314392434;824.8688135542762;9.231931125326144;0.42994035963564886;0.5628593261310664;40.78907382931619;0.7370455695461722;175.15867058764482;226.3117281892612;337.6353271802603;5.461908445264004;402.2788871901228;3.1813426018678332
20;5;5.791375527455443;610.8829992237629;500.9872509416208;158.4745912577644;277.35662370159326;218.08135372690958;866.0993102526977;853.0842118346714;9.132383647020463;0.4261377178601553;0.5785492875677144;40.96066975308735;0.791893552245777;178.53514061046292;226.01072914168566;386.30904822335646;5.903904102427849;403.0604553225948;3.490674401003789
21;1;9.90231675919357;1161.660482002739;955.4652884007231;110.70996051946194;530.629688570243;201.15998602350152;716.4078475236852;822.7961031250744;9.199246856180196;0.4398304656215916;0.5568816946612316;45.76146666788422;0.7646090308580668;174.55743965483043;375.0519129189058;363.7589565568889;6.005264888592575;746.7321190814973;8.953236724821696
21;2;9.850967555487266;1095.737064437949;855.5276322752032;116.39295400678691;468.4885672383589;229.21696808570914;643.3025246182738;799.7900369118407;8.91231892343731;0.43853802800707425;0.5598900520101416;45.98164409617129;0.7867493554153296;192.81457592419838;373.12099205315485;389.5057998970533;6.009374403070862;731.3212045322736;8.811480133043
21;3;9.809391993044022;1123.7784284179033;914.4025230187673;150.21131269423105;494.094748792457;242.82749130926206;761.5680627374952;843.5972758556095;8.702294729998432;0.437572376956758;0.563236854197009;46.2713926857686;0.7871364124583694;178.2247082894212;367.8828387844526;372.3557174560246;5.968589865477139;734.9184067655358;8.398151920592161
21;4;10.073199310454942;1115.6867135615707;882.746057957063;122.56618830840404;496.0353978392636;210.58458624621784;728.4385391617866;762.8073071410734;8.80047280799816;0.44525238823138846;0.553832651147555;46.16918521957251;0.7983748847396902;188.82150334919638;369.7473033534598;366.3303657391655;6.125843767937621;721.4636764904884;8.991507555638977
21;5;9.519894721246342;1108.6049229785556;884.6036521948758;126.14492151903274;496.6115025267026;193.98689189356233;694.2431273667523;713.8548892849699;8.709550573565828;0.443006002329234;0.5592885247797722;45.98785764879114;0.778702039188514;170.3270601392067;361.59748269247933;327.7992639361813;5.94934188484286;735.0209908435235;10.746643192584182
22;1;13.619040334456713;683.1449172911525;578.549575559774;105.26414307437861;329.96287981584584;234.75647028466386;707.04265347262;855.2964508943737;9.769624341378531;0.4422528013020606;0.5592782084804861;41.12695660692791;0.7884495976909786;146.78962447000654;264.8219108610897;359.05481622240774;5.954433679991557;412.03733832816863;5.507164562924594
22;2;13.74946886474117;680.9861183845992;561.1911494437456;117.91006843825818;326.59700100661087;240.87739825078867;729.2413149702506;856.0187884973793;9.366053213133766;0.44316059933553664;0.5583214644947637;41.75798130052334;0.7972768652077744;153.24484177754883;265.62490206474956;370.3147878178622;5.846320292296698;404.27893775713915;4.009752183627194
22;3;13.202702971861434;719.8712303507659;582.1144485789158;104.09962247934754;354.7180023473759;259.53228472638324;751.6867090056853;945.1740551251675;9.554985524754759;0.43940760048146144;0.5557828600093814;41.959797812883465;0.7867683950328973;175.5844759377151;275.5064169575052;361.6033954061851;5.922269134793903;401.1308661060442;3.7585852208876176
22;4;13.209411657714297;735.2847707708485;623.6598991246241;128.55408190338815;343.7129925076245;260.35898652790485;665.8198711673597;931.3920056772613;9.567316915398175;0.4321789690658999;0.5715036567328496;43.7004524087145;0.7736754712873518;172.18493818641792;268.36175234410814;353.9397855617999;5.9055198487744205;519.3785242728537;4.443737676556095
22;5;14.218305039119846;687.0819799117728;582.728732867753;122.88725288964608;326.04255600095195;258.14996519296443;739.540462788209;826.4031861087715;9.568790448591097;0.43876679058381496;0.5586564818060615;42.25991749888002;0.7871522374954776;141.36554347170164;274.8599634863001;373.2793525445761;5.831870205460628;402.82681449067223;3.5015093569551006
23;1;8.760902120991439;2375.402355003452;1950.70286006498;118.2833269759347;1159.215923790404;373.41560610719984;764.2797088593051;1081.0739759750068;9.820685723107463;0.43564535451802605;0.5697012568884015;40.835658957319566;0.7759562264137169;318.5520182511635;762.3898827390519;353.8315273433238;5.497175505466206;1539.6078731899763;15.430585670589902
23;2;9.722719571442926;2293.1954350680694;1911.47120525471;128.5663673077501;1133.2854882725637;427.19682720038145;926.6481966648121;1384.8260462591456;9.97887624957736;0.4301221409262781;0.5680928921871427;41.30521585539461;0.7655450222469327;390.7048408874502;749.8291779188262;455.2445017145346;5.173209431813456;1578.7618535063198;14.12334141795049
23;3;9.52619126926212;2288.133923630712;1926.6486638187887;138.38816176780077;1127.7440516296538;368.7436546838305;877.8793916118457;1404.273377546361;10.131085237837695;0.43260586985330707;0.5702168310074955;41.371370271036255;0.7739870593651478;379.06798953990545;758.9983212059221;437.28544410188266;5.176001959417196;1549.3088042913507;15.748869297611026
23;4;9.151277304974004;2339.230949760386;1907.2158611454036;151.71475910592065;1150.4967628323918;345.46688841008813;965.8108950060727;1303.2027544384162;9.769768561776132;0.4339441248436189;0.5686609688516995;41.82184014350684;0.7599508073660295;315.5455148882643;755.4049413443581;401.29092162829846;5.236972720425602;1593.9765746173614;14.98614223012767
23;5;9.827556142674943;2324.8844562116105;1942.717655728754;120.84638520249955;1125.6987455338767;354.6586360373908;890.4557282201936;1423.9477552106212;10.016140556663977;0.4312893566588625;0.5621363017548445;41.769877207847166;0.7653851455716907;356.86164083704205;756.94839064235;433.727636373898;5.190248438611413;1486.4732141845611;15.82193652793549
24;1;12.781747275261614;846.0877721693976;701.0668178737811;134.3778976049364;389.6973049607459;244.59455573846446;805.7842615052786;896.9520904816801;9.643928261939145;0.43537463174636687;0.56614440073291;42.99762385581446;0.7950266055236677;216.85083112503693;299.49722216470656;339.56207891570193;5.7372372804542415;522.1347021708267;6.796709067205922
24;2;10.658421449742598;740.5084853803817;567.4139321504529;103.93378861448409;321.2774162929675;233.13630422294102;701.7820854553155;841.2394085393114;9.491804223191519;0.4437559138825294;0.555078021355834;40.68169554272056;0.8275279428181842;163.9479009064072;282.43633543192504;350.2793593028244;5.380728883915037;504.36980442549384;5.390361952530096
24;3;11.833196756505135;757.9395786153193;555.1440707724872;129.15484737505972;331.0978756815707;288.54639132005383;739.9846515777809;957.7805747177065;9.483683688397448;0.4471416236609813;0.5453281003795996;41.007543789845094;0.8252342013621314;182.0761423804131;264.72792638052164;296.177086071386;5.224618438293107;501.8857105939671;8.611419202195592
24;4;11.63942654473468;832.5486175544413;635.3591368470381;145.40161507033537;359.31566435580464;264.9406513263813;753.1170768826901;911.288911090526;9.539721629269884;0.4499651964583654;0.5482559305438311;40.9009211175295;0.8354164526496644;149.88328419901762;265.81814537478306;377.8770511772245;5.322548503706144;504.8028169237868;5.300217967416498
24;5;11.421070856679316;809.0800559170696;606.0930568130748;139.47476113766075;343.55697879505436;263.2993451620118;768.4256000650598;1009.341089446428;9.47340676378862;0.45659576945198505;0.5485121197222486;40.90759889631492;0.8503839825021856;196.91264111592926;268.0620883816089;332.8408891906553;5.5459895141717706;502.1220385743676;5.120609718800144
25;1;9.733289875021196;805.007170170329;594.5975378079445;143.47609598574826;354.58206402398406;249.36921816321157;812.7756838678165;992.3965903546851;9.603559647713467;0.4324596132972322;0.5659257853121897;41.24762240315888;0.765102657905709;167.7809734342034;282.8453240760049;403.7282246060982;5.251603331847755;488.3620815413613;8.057589778844868
25;2;9.134105694955812;835.4091973981591;626.9484540070601;137.1868933079805;351.8425586733911;248.53353970535085;710.4662916574605;1049.6053697497011;9.726689987690174;0.44026169758481665;0.5533153843636746;41.089134368675126;0.7919999504454052;196.7864889353042;286.3392274485537;379.50877731720584;5.253901143830669;486.3973405097445;6.787830929194538
25;3;10.736283013072102;801.1620928174681;591.8435640942861;120.93590954000216;349.57972858138334;308.1626862327651;859.3058270690433;1192.6923945570059;9.488589723141688;0.4405225789097571;0.5625928286374213;41.30424993054706;0.7992972926938181;231.6869934184467;284.17727034145224;355.4445161653802;5.248487918829327;487.858794423604;6.918418371321553
25;4;10.010999436516514;787.2389010326898;610.7502717080436;143.7259525717799;350.68889348153226;260.8114465334267;753.3702308749278;1049.1006466254923;9.729766931973396;0.4350132133720037;0.5624282591854517;41.113903616466956;0.7997702408672778;249.8415818677147;277.41016729921523;376.5817604188107;5.523876977627033;482.6620937398197;6.89446998126855
25;5;11.019066893471894;825.5081026385044;617.8170621606315;133.37044626071457;354.1278883938825;341.85232924874174;785.7418670570847;1298.1155056580794;9.6005649871013;0.4362989872467235;0.5655490100791981;41.19840225169978;0.7881252631843186;287.4025262283118;268.63105528065665;381.9976290626655;5.299071143273408;481.54451080816375;7.766920269182402
26;1;9.442568105861884;797.8571657237367;586.1788301095188;124.89512518869535;322.47111083928223;257.7368186721391;730.784767303243;843.9500487037426;9.312019048932095;0.44404028734705064;0.553655681823454;40.97739536311346;0.8066331521492603;152.3445507945708;267.41863855518426;335.72594010057844;5.301223178991867;461.27597525062856;6.98808613961345
26;2;9.413055591913151;714.7889685121213;544.6248026481276;119.99294491807113;296.7172331506602;193.54515662031636;655.248142830938;707.5671674563334;9.484359289487234;0.443946330215177;0.5506027658761703;40.576732834483245;0.7971274517661878;176.3858705357646;270.16334330450167;305.20751697686967;5.354940110264921;462.59469545690786;6.169160565180482
26;3;9.384918666850247;763.094898007802;585.2340043531831;130.28301706280854;319.85248369333254;213.01162927230953;661.0785743379404;806.4217292939553;9.461392408532596;0.44288328046507774;0.556874124866368;40.73432505772128;0.8017883666401261;193.43965567503147;264.8832700327014;327.15079088309164;5.346155188567845;460.0098095412806;7.576846497385295
26;4;9.480066751124488;756.5495928834541;551.2633883103456;136.01879837755806;317.17193152675185;252.3961095481344;665.8229818058505;817.11613059201;9.434351851036213;0.44649497381970266;0.547863595429061;40.74616383889364;0.832374258292792;178.51700754378982;277.1279968054372;329.7342169176826;5.278490951340347;461.3772925601889;8.87506642005092
26;5;9.600185253007163;752.0304685377029;554.0848960920339;124.4032487928701;307.79933625627655;249.07034071327118;673.7290031553146;835.9860810797837;9.410737658542326;0.4456588096497749;0.5542828985262064;40.60973556367274;0.811928859287899;152.81988332644102;264.5083242393522;352.2197525215355;5.271999495450458;471.24695597221324;7.8419467959530005
27;1;12.738246715797318;681.2998222607199;511.84913011984014;103.97492068579915;289.16864326072465;226.84547089873692;718.2672661730327;761.9981376768494;9.491431882916345;0.438441272912957;0.5572833334148403;41.09223614053645;0.7925421554103419;146.1977554832097;246.04534878307248;388.9007989499354;5.432239168475067;428.2159832537047;6.3068528317486106
27;2;12.878181885994673;648.167865539384;500.4218502001576;111.38874710580102;268.1433876228922;215.884825553651;694.5811405386049;802.5723763595707;9.541603629747527;0.44599958331749673;0.5531426453290743;41.031998898023765;0.837080897870099;181.82591275151916;247.1145226185199;291.38307151195545;5.392695512572807;430.2576030952674;4.706620238023579
27;3;12.717585105500492;684.6731730838557;499.41819510444736;110.69979832422942;281.25402730589934;231.4799523710612;718.68650742464;977.3790683420365;9.659127747369997;0.44346120411359247;0.5551214508091075;41.012764376436024;0.8048108080750693;218.26451609091444;247.9236174998117;308.4801298796799;5.493025370952104;430.29109269435867;5.557076044717708
27;4;12.995130516636463;678.4570396353845;501.6962850464044;112.67932681544445;289.186367764896;231.92398388214986;762.8572688680267;981.4041681158676;9.641683595921707;0.4446206031866297;0.5515416985548002;41.14928786901366;0.7986874039492305;245.57085186469723;245.54413741898878;354.9785596009233;5.490439254261521;427.75741024269934;5.192731507813882
27;5;13.53011222634496;648.3385307043524;498.69789099198033;120.39612026743848;272.74210329287536;217.70937145991775;701.8665075816131;872.2551546031043;9.674772413337385;0.4358093645164443;0.5672601975701661;41.2745614640701;0.7895578186503129;150.19061208664135;242.79291407189353;330.7059003992996;5.372162486489414;427.27219797323954;5.303398244868847
28;1;11.949238181070603;626.9086637190568;482.1399522143514;107.86520939435235;266.4242949912234;266.7437474301901;755.8674566348251;939.9898704889273;9.640395343565537;0.4314570074077094;0.5715761263673531;40.824405432611435;0.7753191817132274;178.81189101224078;232.20699489279454;302.40570730633954;5.254594309113727;453.8979874942833;4.353834027857047
28;2;11.7813697280382;642.8509571714015;488.55246173951775;113.50694332757159;273.12773838782806;301.0739731230807;747.965492935147;950.4556625548972;9.720654798095008;0.4399720532977703;0.558057925241886;40.79745797613777;0.8042312802601344;262.42906981673707;232.98010982029749;362.41740807346775;5.467823260625316;436.0507705393421;4.16256194979957
28;3;12.047345846532082;632.2439877013265;476.9563554256248;108.45762788103515;262.8506470408903;257.10520217169045;737.7129822064973;876.5008605214177;9.636456254837842;0.43669680534598265;0.5637058658234324;40.8925088820123;0.8044366953215565;185.19562876646168;233.75435185661794;376.1420336843869;5.473939263735786;432.07227842314643;4.691527026407582
28;4;12.212108595314186;648.0714766482648;503.8898545555436;110.35841960073121;276.6921907726015;289.6756090974082;745.7029330706464;947.2438638235191;9.96947600423526;0.4326422479366974;0.5676377077833514;41.43520538610177;0.7659384609532259;193.60780210007024;237.73607961618373;353.3674925982696;5.435565568084781;449.93902183605206;4.445962556035252
28;5;11.509383612225964;684.7730806502153;512.15206542768;123.44030502163065;282.22979007886585;272.4718548001185;706.7057914038212;860.4101036370515;9.689832148858322;0.4333470001735318;0.5666399896632099;42.83380573326654;0.783622414045722;211.75895780305137;238.1530309669453;309.9522280487213;5.509711997468491;451.8963431661082;4.626939779776129
29;1;9.787912070139022;596.9554283554659;487.7945661511942;142.04969694367392;257.11355245221176;242.63447062241778;782.3125808231797;926.5438249925968;9.39003748238179;0.4431334434784295;0.5624322965855327;44.591080811566435;0.7950799113144698;187.43724497787085;223.56013415273313;402.3329573235587;5.647945161769806;356.06239617416;3.5345379103449024
29;2;9.488428060039872;616.909239942028;500.7012107735245;126.31002428261878;276.90203163974155;261.6444096964346;696.7686202727231;892.5191869929315;9.381477703529606;0.43959767093238183;0.5607244559949507;44.56293984204968;0.7789879536324059;176.1197340007153;223.5055244146387;359.46929400386097;5.511283176274429;355.0504146642532;3.6397034294244213
29;3;9.665148571407048;598.0936984623133;495.14032605091387;117.6989625765077;259.3004188722734;247.18174999329915;659.8411771733932;992.5370536330156;9.30547751349133;0.44238851983348837;0.5566530331763017;44.786835693451785;0.7974215223993426;185.5913498420434;218.45478014915173;317.0076292606916;5.64978533590296;348.25945080806554;2.2248694141202656
29;4;9.698226318515486;605.934351560247;489.4551669472809;115.26311148600766;267.94559467169944;226.55286572864372;670.0183904553437;866.7247711457837;9.495312247342085;0.4417687954408951;0.5574417362117526;44.209218726599126;0.7927103962219053;176.33665777730724;245.54142893052517;336.5649469295819;5.650757706317771;372.3027227012957;2.7903290240242598
29;5;10.267899849410407;587.3545178265384;475.77376530495513;107.0554673089043;255.87858592920233;238.36198452225213;729.9551611640096;856.6933557437493;9.403456119409466;0.43622965945995673;0.5590328409283027;44.78479554749427;0.8030638098586546;192.71107967811216;220.08657270711367;380.3389125814684;5.525072109097025;352.0314433599205;4.721828623945054
3;1;9.760912487509719;889.8912367602027;720.931909977766;101.64877285691284;422.12627873252603;224.8770370796759;734.0046444332421;1019.2800382474372;10.051151778071338;0.4300209948034648;0.571591470790828;42.301977248991335;0.7865081870230668;213.8940668017825;302.38555846765036;385.58522317433267;6.2038031642718385;653.5197562626902;4.7991804981997594
3;2;10.027118596030288;817.4450302254879;662.8399335900904;123.83277337321304;373.5035462503873;274.6394202807271;762.9328356605926;974.6477953424198;10.406110672319489;0.4392045865522733;0.5599505712950621;42.58911612571435;0.7841446657661763;204.34452459242053;294.1424404520078;373.0962542301435;5.9319367960893645;528.7288466040509;3.4395820256847385
3;3;9.762784940062176;815.5253349976284;637.0654248161537;91.25363895955194;363.0027747548766;278.26536120082056;933.8873386908863;1102.9837026654616;10.312836314704821;0.43812716957413395;0.561227505408684;42.78407618169938;0.7936082865404182;244.03870417383237;283.4441931892854;419.4614897606948;5.781769526795943;514.217604062284;7.087978882404432
3;4;9.79100944397398;837.6643314078941;667.3907239289067;124.2181158707532;380.7572082021938;268.7824095193067;749.7399679644785;905.3181189240125;10.342802685387325;0.4417321445690155;0.5548310558628252;42.198350951180124;0.778472079795543;189.3919918005476;288.543880468408;372.99159252764656;5.883636516070607;561.9122271323389;3.502737697334867
3;5;9.88546199802488;782.1895339328255;639.2411788096786;111.52457652594154;354.9820578429457;241.0000896290872;726.4477154792216;968.5520500842804;10.3418453884377;0.45083505945679986;0.5400826906096868;42.74342883874872;0.824661607575875;219.5905313295115;291.01817927933354;381.5221542542358;5.776443058942871;556.9161964832641;3.550691191410898
30;1;8.803017381642402;505.2136769313988;400.12314060044895;118.54304623735483;232.06681797484097;266.29615833568874;760.8907207563278;901.5669846393546;9.31586574893497;0.4352296943547815;0.5640149749406261;42.68850771303676;0.8042065178613597;280.852738456731;182.79678240794948;382.8029418852881;5.454871286421796;329.48736300944;2.997143642433988
30;2;8.961694807292274;508.6304046706654;406.39408800002514;116.78677261355884;231.60797177603317;274.9587250251895;832.910959355703;892.7040672720007;9.35110089825231;0.4287693066456572;0.5710790377610269;42.83157177904403;0.7856593065788229;272.4789178081732;182.3117791820476;375.83187292949407;5.493359285649905;328.575114145182;4.410220419626127
30;3;8.68687554334729;501.71292402789896;400.1890819425807;109.6926575949816;225.35270696093576;282.36590913725826;841.0851510447854;856.9714521674773;9.154865826468813;0.42332136996928305;0.5794527313099851;42.96671411077686;0.7765070274677405;263.0453936956169;184.87377538519414;359.79239902291357;5.522557559229139;336.94633907346326;3.0928652548377245
30;4;8.785084580703945;502.50740025380014;404.7896218642041;115.75089238249264;224.82639579375464;282.07779980832544;738.6628850241167;947.7902066448186;9.29937619438701;0.4363499839389733;0.5654516418638625;42.74621585324102;0.7873605269329174;213.44965602972474;181.31371070775108;333.60368667469834;5.4969239888334736;328.99270256206546;2.8561726702091166
30;5;8.880562832390918;520.8505437249391;416.9468190669286;126.16762307558864;231.61620420597112;284.51621808382583;778.2634161740792;956.4837858460762;9.301478926356422;0.4373847347645518;0.5653714819191002;42.98014022614498;0.7883847924973315;210.05006885602478;179.68447942285405;369.40287284596775;5.4259396189908236;328.65451439416626;4.182623004891708
31;1;8.44922281803744;441.4196542900831;352.1820644793813;134.30816280495762;180.96775291286892;259.76579200947344;806.9402643076834;960.5745258013552;9.8572611638757;0.42467025550163434;0.5712703776650248;41.501361580179676;0.7596533287121097;176.3857794021058;179.44581356493225;355.8553846291746;5.379735370106894;286.4845343060081;3.4131777349918333
31;2;7.956046901508278;451.4290554016216;350.05492441048676;105.68244769378461;179.24031992470688;237.61093466556238;816.3985342775602;742.670064770738;9.556672624509584;0.4253069185212144;0.5749181255476692;40.95307065214493;0.7526606858901209;163.12917901109708;184.5360801500665;344.4631624099743;5.475266378225108;289.48826053900456;2.646112270258887
31;3;8.154341657256161;446.116013075409;347.94885693979535;121.80773399093778;178.46609715777745;237.7130433388651;765.7207265255498;879.90977160986;9.341797211697132;0.4292519113178412;0.5726261298736918;41.011547531093186;0.770103319054492;237.7645664838575;182.21443145233658;327.21357427589055;5.659335749337361;289.48826053900456;2.968066581873142
31;4;8.129731714981142;445.77333019767013;347.2539285626186;109.93259278899775;180.3002234541445;230.57086036605713;800.0317852524706;864.6575644416752;9.467207559265773;0.43233981425557894;0.5675929852649267;41.13421219857233;0.7685491747521316;182.81662126262162;184.5533492916602;377.95391852654313;5.349979269564738;289.37358704788926;2.880183855516935
31;5;8.77458587989738;484.5333209188235;397.55488289948465;131.16733297967005;218.85436295958178;225.72457919092543;789.4729351855215;922.959300757638;9.873181434788545;0.41497546857462575;0.5876827997189928;42.12746264544407;0.7484679509733669;245.13575923332692;179.09246801953046;366.0204681382419;5.799917975513711;280.9371100159713;3.4407002914234006
32;1;7.837758507200073;437.9621558347;343.5188999834298;140.85370074973363;177.7107001997067;215.58693930668753;869.873759413774;742.0373089438115;9.413005348605871;0.43582171112953544;0.5665744667509739;43.926413099118825;0.7732762280048686;211.91615352606723;182.7179535314816;410.89769225676935;5.532381044136274;288.0490386343035;2.5517136073344573
32;2;7.894567826176951;448.8883803329798;346.9667700228914;130.55841091009177;181.29180644165208;234.6741451462879;779.5480977282267;706.8536249808596;9.345176850959502;0.4374627570572441;0.5667532948135603;43.64614025818794;0.7699424923864054;200.56727683261397;181.0348610228984;382.0064564322576;5.482503518679763;288.2783856165341;2.871190929969309
32;3;7.727302023471404;447.00630847059966;349.75316068306273;136.23297802132407;181.08902350758157;263.529362024554;833.8116534285286;847.9800931632917;9.468534877475829;0.43182359704652024;0.5765161407247358;44.16668237575164;0.7806237482941242;189.03350341630482;185.06202870748191;407.2190885775181;5.597907018660165;288.7328372154857;4.532101010898902
32;4;7.85581454915833;447.02377521048805;338.53176962014635;125.09497880873006;176.6437063451607;232.83522598093762;829.6619425084402;762.2312645736067;9.533651052374065;0.42600626194248065;0.5709591792879088;44.20366767103494;0.7643819762525125;222.56860847656276;182.8566705060682;397.9195780079452;5.36421381526745;286.80601140883715;4.4599182143783525
32;5;8.156387640563313;441.57644968560896;337.05767627476934;127.0577796485879;176.3649009065386;239.17004582243894;792.4360221946605;722.0543343408435;9.48483967545441;0.4256631012486822;0.574808516452662;44.03585625464263;0.7528656368630409;221.32114966023238;183.5876095583101;370.9667588162325;5.4199081600897365;285.31908494070717;3.9720168986512574
35;1;13.62558628357909;787.0780042535513;637.8367279748292;99.88153920405556;362.815920329463;287.6127498464762;774.3196385723613;1070.4104978274006;10.251906634247716;0.42407267740049076;0.5729992394882369;44.150593691655395;0.7608801772382391;206.33494895176474;271.6276097567289;387.4383367952918;5.613896432838484;492.2253866451905;4.040918794980754
35;2;13.450712353167782;740.4060453094733;603.3409132558778;102.39962420349049;349.2629864287878;275.22740858732396;779.5517853265679;921.9569120473478;10.09814619740345;0.4250543766084471;0.5763635051534252;44.345112325218345;0.7392532202765366;156.19481999688756;276.1636519917785;372.4640672371181;5.719492348679259;484.974210407704;3.7005816747713007
35;3;14.196509005505902;738.8056482160123;593.2172095071396;126.47958690758604;346.7016233294786;304.75457438487064;792.3226410598809;1050.5542704845445;9.902859435371925;0.4237002507294097;0.5781305044455902;44.44154841115502;0.7455189010204185;211.43449072791128;269.70269835594786;404.19653747687374;5.620591893768222;482.4282003005052;3.449790166652218
35;4;14.252151079899427;739.9921709796826;610.6085546968516;122.68071398207516;347.02936853828373;294.73259549414007;838.8411299552844;931.6452073885158;10.067599954022754;0.43175800985228924;0.5631589006142801;44.351104538168336;0.7922543529333861;179.64096644100235;279.9488821981428;406.77782586812094;5.557031880915393;495.13997051131065;4.548458419868745
35;5;14.78032030193094;742.9149762742729;610.346953703328;122.08804778798509;345.098867392389;274.5948613586333;832.7332617872859;952.6872971506813;10.09800304671739;0.4253120069242073;0.5726012449763028;44.72507533561712;0.7590811929560979;214.9572312753031;274.60415480939014;409.5708726250192;5.545015178018161;485.28951016717417;4.278205664432405
36;1;7.609281276303443;2301.5126087929775;1865.726805051904;107.94460494401723;1115.214939444482;326.2963786959767;857.9425699638638;1042.9906075932863;9.571074488223898;0.41618007036320676;0.5872607855403734;41.79690642061772;0.7344354367987375;323.33532883004546;760.221527767642;336.2353419841116;5.333413263101673;1513.2931873996029;15.117629391342435
36;2;7.7616509979430575;2248.2843799350912;1826.6985851030495;94.97542877231375;1061.4233219736868;335.1523465662242;815.3483544390216;1086.8571239356777;9.560628956683274;0.42233284812358995;0.5752888146493814;42.39747545737145;0.7449582535789351;374.0003008320267;746.5954035799438;359.53113772402764;5.452195950213428;1490.1071486304654;15.095687039659252
36;3;8.099075931255896;2318.507238373044;1894.7456563727724;107.04749775212252;1118.4920345843905;365.8243261672081;837.1511634716486;1117.2793878413495;9.510178513491915;0.4184074748874859;0.5891497099898276;42.05206361041848;0.7371202214642419;356.46797683243943;759.2328092318776;363.99977737695576;5.42628292401134;1562.5703367149204;14.281750254137975
36;4;7.978623100523229;2042.280640013802;1585.1274673852065;117.34677740550036;946.0541054521814;326.4511311598588;819.7724009462922;1064.6243551402738;9.622349556551397;0.41818230197698775;0.5780366087243227;42.16952893239785;0.7415085042733008;361.274697745863;747.5008770113465;338.4767447406579;5.296972327130361;1497.5869686368176;16.912459558875067
36;5;8.11329507855102;2228.12719474151;1773.7667265156063;122.92446828162336;1016.933505118801;373.2866891668457;800.4935766857578;1135.4018992392034;9.665471574796372;0.41601121658421514;0.5869848108260448;42.22703274590812;0.7197441199205846;357.00637030788386;764.5537376347538;331.89287804862226;5.378684732170947;1537.7213598916649;14.638048200675055
37;1;7.384361725237693;1481.926167869654;1158.3934198186025;89.49239836152861;623.7150195912878;325.495649335494;826.6640994963456;1213.2522632124037;9.77638587262511;0.42285515794639345;0.5740908802699871;42.133172890761074;0.743156418116076;420.3413414195216;589.9076187738864;385.8286994704991;5.360960144704321;1230.07177153582;15.675427237042804
37;2;7.074138614238827;1503.2458101444806;1189.3926195861243;87.52477898270759;634.4351718919149;341.15089637886575;861.8623357100607;1196.6012685796904;9.607544662906129;0.4170965305696608;0.5757124559796262;42.4182494500243;0.73477641227206;406.27204203777893;575.2680386375263;314.39198210285025;5.27460777409041;1205.0681408710232;13.203957626849563
37;3;8.36807191982633;1399.2250192966515;1044.9522544529332;100.2814749441179;587.1367006477908;321.8212853274191;902.5649444504879;1113.7832077319765;10.54595450630323;0.4141428107997751;0.5902966971209147;42.54435842121496;0.7512708562301372;345.55891601252085;575.0412859039203;363.97160970887757;6.000574842918312;1102.7717789664596;13.871067734401931
37;4;7.435019800823535;1539.7278477416924;1233.6380515183066;95.42545418596424;658.8825418825609;336.4229028426756;822.0908936888331;1137.5486035685694;9.623002620936315;0.4224878771796608;0.5796638081643531;42.085878496896676;0.7534344868245215;417.41089428684705;637.1149012203826;320.3666939826444;5.347665583683364;1215.6003637124618;13.79681937082613
37;5;7.106188158732741;1591.7805398407027;1198.906510707957;89.61158849274183;679.1281173863346;378.38310344476713;933.0037574230754;1219.8840435377147;9.612633807212262;0.43133787976233395;0.5647503278495669;42.012582845589186;0.7870050783855533;407.27777548878896;575.9093672989551;370.83578853258956;5.21200956514893;1201.2103482197633;14.317667277590136
38;1;8.838479896654318;1293.3578407805117;1015.7641267010298;77.35228942899953;538.7913486873991;303.56139258418324;778.5418031121789;929.9987899328687;9.369946751478029;0.4297299493896058;0.570226937771405;41.54732838781135;0.7806235654105376;294.8195340427803;434.4739225705335;367.39126553312525;5.352416522455744;806.2116849268679;10.209083718320366
38;2;8.570788117371189;1260.0670939211916;976.1635365602208;84.77564929179262;524.4048665789809;309.2174966825392;797.8033690221278;984.9852390377833;9.193125536399242;0.43179439699271843;0.5696823189966811;41.44949206651631;0.781726298887872;338.49851498247205;429.5725180563282;342.32266896299933;5.373617525681101;805.3135023677085;10.166987077214378
38;3;8.559243424381904;1282.134251632837;1001.4809589095955;90.14059473213543;537.4814127012831;316.85175024302555;849.8013011908234;957.0847632431652;9.303420307999769;0.43852434586153777;0.5586873621008925;41.60909285675451;0.7959160146307811;343.2100808064379;438.7328233196769;378.8637091202023;5.406076595984366;803.3997116966078;8.445246816022507
38;4;9.147484010072692;1269.4090975856557;1010.8603189654656;107.05642687445678;523.9098454299914;289.185877098263;740.0048585222668;922.2077172682219;9.218146615325608;0.4253375360287349;0.5712228092671867;41.33993802441296;0.7557625918075446;331.0468849871693;434.9353128298481;341.37716078811513;5.3164845778400105;806.1628321140356;9.514712444432774
38;5;8.663569068288648;1269.8731330920218;991.6839331869161;83.06546032682168;532.4597730860552;337.52126283694923;768.8354438174865;997.6657272207516;9.350435645916406;0.444098444617223;0.5642176004897422;42.20990170094718;0.8155135462013254;351.8908293798882;432.67821284141434;345.83510127939564;5.3381684577118165;806.4313708233385;8.710967663731294
39;1;10.524424557000891;1185.9061708870568;943.2797583882544;116.959583784761;510.13744692224503;311.71097707540366;823.547647177435;1042.563529421849;9.815268898318354;0.42713858626711904;0.5655529830566732;44.910420944526;0.7619834950800507;192.9809131979235;409.82011653832;375.0555633110538;5.4269710850607655;740.4531668878411;6.9606491194379245
39;2;10.717848115596006;1182.293784009302;916.2304569010809;112.57456105476045;529.8530419166563;297.33450903685304;840.9006653035827;1025.065726991675;9.73810893778046;0.42481656394018297;0.5742035745751072;45.1296073889923;0.7338647535845771;199.33582734986592;404.21547130714515;368.85985350166396;5.342986480629151;739.8315273744453;6.356115458502097
39;3;11.403694854578898;1179.530572231479;920.1670075098392;118.83645847723244;522.3645441731063;320.51849831997663;812.0652460018736;1124.9460465940035;9.757389883051403;0.4144603670532408;0.5828117117875509;45.02356502179141;0.7373512547822049;314.18752103274534;406.31898582335486;332.9012471597986;5.220657801963199;725.9471167516017;6.371646784377408
39;4;11.029316361840442;1159.091233558932;914.9467600280103;102.35930360123602;520.2083510142436;306.5228428867779;808.4346823791718;1009.2183277262973;9.711579083389243;0.415072740922042;0.5787072988040486;44.79247954517625;0.7349627876078582;204.36133804773868;403.44730609404644;394.0178981819484;5.2851492298712115;724.331724106616;5.892295340914129
39;5;10.946183042391338;1150.1761411468503;920.7948031725717;110.1865219954764;507.1559227777849;314.19105574370764;853.239826746639;1020.9202059916407;9.782813290911498;0.4270535203012434;0.5732592574661836;45.110571223467645;0.7654690580654335;243.1358560765751;407.0315110574926;411.57467223470815;5.465776304525681;735.7530371582677;5.733465202344971
4;1;8.50289858061775;879.2519344347409;682.6761544269917;104.44073935934887;391.7940866305707;258.740270002292;925.7613922223458;1022.7373007474;9.7455838290867;0.45415196768487825;0.5466465649022265;45.0470421477469;0.8387683936746103;210.2289945497092;301.0661013241454;374.21405573853355;5.573062873266132;584.2327902407933;4.465364106018632
4;2;8.50171889555452;878.641474659934;706.770068083249;119.26742926146628;403.7554236679192;296.5290642292422;1011.1588088577005;1153.7500000360697;9.745755638154348;0.4396228277738314;0.5618281355386938;44.63442708326567;0.7891048321495144;234.93769001982568;312.5638570362577;434.3676802877091;5.394055327628827;563.8066092510095;3.5824206274942183
4;3;9.294980614542288;865.730687027395;679.9723654200905;124.69694670291159;367.3033840131917;292.175217540243;888.7897896005232;1137.6396379123494;9.55518294076783;0.42769058859157505;0.5736227865826361;45.18826776907141;0.7803991701636876;211.87274239609667;298.8765933596068;415.3257768487532;5.811007432888198;538.9800216818885;4.610167019650814
4;4;8.589902455425227;887.5396963551724;700.9886091433119;102.6614250685911;400.37750951483594;296.83046259562093;903.0887427909315;1126.8474069811566;9.823242543001895;0.44926942134626346;0.5550033878863355;45.47181854081745;0.8196645924413636;224.08324508682296;304.05283038466894;453.6563366079428;5.579654957393805;604.9055842673224;4.3195177233739965
4;5;8.984838037190205;906.0076315420395;704.8366978592519;125.04281242606672;401.23754853710426;323.17524256815756;846.4051940555272;1148.1990749161369;9.785824226355942;0.4449228526181191;0.5609441054876125;45.29274065758338;0.7940529809542557;236.05157087266068;314.1121175351055;453.7655848456401;5.846577014274949;593.3054077928871;4.02761500842157
40;1;5.227228708391806;1298.888310116391;1041.8789523833805;99.23998941277833;587.2169789461939;299.3751784387764;870.8905285852609;967.4069426208512;8.813226757079782;0.4137331907860476;0.5789453815617268;41.794353312486756;0.7210497936294641;201.05397311092307;414.9438024651612;361.6985820765159;5.178406912012569;847.3535246717779;6.5559459752315545
40;2;4.9351810045625095;1294.829490346964;1013.4418564449293;109.13992796130367;575.6481944029653;310.16219177474943;915.7787720682553;929.01960828524;8.86233499740306;0.40911784019783765;0.5919390473438155;41.68094221227798;0.717315619345246;184.73946340515093;418.5695920876196;376.93190586032324;5.334139431913417;825.9259352003601;8.55022581181209
40;3;4.901909915292779;1320.9957563651203;1021.383990134072;91.61070590746687;608.288233475073;307.8649231678114;865.0150158695625;984.9333273470096;8.86975564439105;0.4249562645392328;0.5776596574064579;42.261521197113424;0.7441264166289746;182.94447472514423;426.6774655082908;387.2432997104815;5.367224945442377;923.953214286011;6.219890433104604
40;4;5.0508518741469794;1307.7069224562845;1020.579902534235;70.03209516736106;595.495805372564;310.59269418620585;816.8674729961015;973.9052718626601;8.910165547050081;0.41472357498081036;0.5861746934037031;42.575049747158275;0.7065592182987538;193.0308101406269;420.8969364831753;378.0087376813281;5.3358372409246115;905.8198990930829;6.32186038973672
40;5;4.9188034242197824;1291.8521421233568;1017.6375025733079;95.38296173324257;589.7963956077181;317.13133169985423;814.3161619901756;1032.3014106010696;8.922693133794349;0.41933052468223897;0.579132473578286;42.154222659219634;0.7191139697317225;228.84986365954381;422.9289354083453;351.1469143468674;5.347821274039872;881.5670001587746;5.799847731668921
41;1;13.464978116210718;1551.0740868642965;1206.5356689853234;75.4625224232193;773.7829862773754;280.16473479702296;772.3680357442271;941.621603078995;9.690366652907565;0.41746907905628117;0.5821569943426741;40.48832350198132;0.7446475892796545;226.6790374080856;490.1406552252535;334.19345743748505;5.433183366993332;1072.4467443970548;12.500288602018193
41;2;13.600372923440084;1503.3057813442633;1190.7039191437889;92.63638025887502;767.5317049480204;284.9071595335567;755.4294631094242;945.3615877680907;9.711015847817226;0.42413899831595664;0.5782552706838201;40.70097486329593;0.7459017770761109;220.52805330332208;486.18655803509404;319.05784016480686;5.58900598428634;1062.5296971956027;12.283167421918758
41;3;13.876427285607193;1504.1045328776531;1191.5639050089167;89.50857489072234;762.7461106065002;242.5740309049288;627.0265814059517;883.3252380114651;9.656382063644417;0.42685235797403415;0.5731295496031469;40.974792315545955;0.7542273479076339;236.38682378083624;477.3059643151142;349.35145052135107;5.545212330000083;1088.2284941320586;12.983917511139675
41;4;13.862780287408553;1530.2956123266292;1205.7561349267646;99.5667341210996;795.27899107371;279.0654951784728;695.4062987468045;978.5472445252349;9.643240428249664;0.4227501989255544;0.574198486749708;41.426297151312326;0.7652806117169643;260.82704895428395;458.5864068078994;331.6193307346289;5.324065629584144;1024.7600866796874;11.969622098886274
41;5;13.682598270579653;1528.3692757677738;1242.4628771196801;93.27164108802063;793.6934219390041;256.4767791776479;699.2029863212942;850.0819165984602;9.822920010633725;0.4184123897744955;0.5771032381598311;41.266204951325356;0.747707869123424;232.69707015663326;479.7103176759176;320.11309443153715;5.274782833037682;1036.5318132736215;12.834396713326466
42;1;17.002351990237294;1796.199512730498;1518.5819322792415;103.35181585455001;938.2044424107414;303.4420317097311;737.5362527761399;898.0652443862181;9.915331552879051;0.4295652752556922;0.5716801126765368;39.72515896205902;0.7658558158770632;219.1134381432094;611.0955876321646;287.80871402565384;5.142630596338174;1194.505133514594;12.624747908792976
42;2;17.312701065745845;1840.3666950397594;1581.322997814825;85.7163550336184;911.3588989480926;273.44504394425337;783.6978186123753;923.8367040509106;9.880857874435176;0.427457051789094;0.5721621884984632;39.72596995924842;0.7579249667488641;214.12113825101054;641.1756327639999;291.26702098368685;5.299716864309579;1241.1738787832148;13.093764623081832
42;3;16.97367715076221;1886.9919489922154;1591.9505846043476;87.13323427152203;938.9967982063966;291.3032618459303;791.7195249127824;891.8719450613874;9.990207637005732;0.42636136514603495;0.5748274669577393;40.04963194955044;0.7487574135211572;214.76805690941092;615.2633973206387;330.1610572107699;5.201629005539117;1218.5879716884422;13.461260687139783
42;4;16.57606919205757;1842.6291923414205;1541.8375903629392;83.89577443594338;921.399547223947;238.91635354845982;691.4433656311601;728.1027990274442;9.884999882109838;0.43799236102355943;0.5595136473913322;40.25374090171487;0.7773863034126204;170.79363834461068;650.6952416361232;336.40604500363446;5.187881133306344;1257.3637426965804;12.006556753110578
42;5;17.176104433797157;1770.4770194001899;1487.2144733561845;88.9154808764662;919.8463163330027;285.95042583804195;668.772601656083;790.742669370355;9.957808692560445;0.43052173954736567;0.5654724333095417;40.122678391704646;0.7660158133887235;196.4275700588647;595.6554185258836;313.7887058428866;5.19970918729222;1184.24159970782;14.783622703751487
43;1;16.585537319981967;1389.864905012239;1120.6493571666997;147.1753053242392;612.834757136269;250.20448044152027;815.1664525791853;930.5425851876447;9.675122906712248;0.4270569237693013;0.5721325338513539;39.94106601522739;0.7751162219735981;209.91213106477704;453.5222341464152;310.63270196945365;5.845126977183741;954.8551153041043;11.324057124084655
43;2;16.664889127329513;1256.7744607796765;1028.8233815958367;123.57280795936511;604.2679985759181;367.84163063857625;885.5833367763182;1301.4268788877248;9.458821598708417;0.4387233022510593;0.5547909943042203;40.51932547879352;0.7872015629370449;255.37187093312016;435.5641985233204;296.5427422185761;5.394006969299868;822.5027861972753;11.211956491906465
43;3;16.491608718349184;1234.4874906418527;983.7348597731241;131.71134783729434;568.2376121996473;295.41869976593495;824.3256293975365;906.3002259977927;9.646145605272567;0.44465780622639633;0.554213321784059;40.75309110144208;0.792704611939171;170.8703107576056;433.89349736550406;266.3607944745695;5.266822100219071;816.6350068185496;12.967028513665774
43;4;16.451612820498465;1262.2158148331214;1018.3247766314919;163.5600263083828;569.5881412757661;287.751264052511;847.764589827304;1180.6564873194666;9.523531660769676;0.4343567923403297;0.5659228034493793;40.4057071295958;0.7634142773073918;269.1396285786659;430.45455851819156;225.20958259857952;5.130079058720662;828.0152256648086;10.523229980716517
43;5;17.14193141079402;1233.871344548217;982.3374909438894;139.2691872957544;541.5943619629019;286.385053785404;753.508497064991;1181.9378886859706;9.459320880908718;0.4384319164892217;0.5602692414738523;40.40397338362427;0.7600223779337897;265.66535865370963;432.17206413502606;250.27123919983012;5.229217274233486;801.4461048503063;6.85166416174537
44;1;9.965305297253817;1435.9807273966019;1183.6219591489807;86.24838518955576;726.9546904702679;275.52751342257136;626.9966902105177;844.5647878343889;9.34655776963024;0.4208543779122962;0.5782705664975445;40.26964454453075;0.7392423448617786;206.40445698814378;465.9682396261675;299.4505042694769;6.182260100612496;990.142332314429;11.36374400320586
44;2;10.048680625013269;1458.961526136604;1193.468072855343;76.7628147795166;723.8633820732425;251.17291473326108;641.9392522646294;831.7805603645747;9.533779331482778;0.4232571031382049;0.5750630650311783;40.606492875294265;0.7324224570529531;210.09831247654836;494.73705476131045;281.7483650467187;5.86752827937629;973.3420828169519;11.064549978826626
44;3;10.561201792883137;1374.105661212294;1132.172679365109;85.72540364234479;699.287622201353;295.0984042136499;779.0717990255298;915.6108894978779;9.370615912721544;0.4328915864840969;0.5624890813879239;40.72231634404331;0.7605717330799812;216.4796539516567;476.50651458876166;302.5161173793331;5.846723539456116;923.6295963200564;10.407650373479973
44;4;9.638502016724782;1473.9906200879127;1188.6139296746096;104.004094012316;738.3735509511416;243.11124098992175;629.4118795697877;824.9639265755409;9.57303938349204;0.4150899706832291;0.5904360741390753;42.64697587172859;0.7257313921183947;214.96079235899833;490.1836548770158;289.93108891051844;5.786324618115277;928.5157720839952;12.510695045840794
44;5;9.77237146887807;1396.6364699483067;1132.2679119591246;97.48661956798728;703.8686678471695;253.10022372137968;616.8987720965674;883.6452218060253;9.606847747799113;0.4188309120690508;0.5819658557229581;40.563948471343316;0.7266464637644501;217.81960415116308;493.25083116993875;332.34587461187186;5.894379954153043;905.4756656797327;11.095850061469745
45;1;12.518158814001058;1079.5594832855852;839.2510223542126;85.86322969686664;495.9825997039577;158.3768328131231;512.7176880197107;635.9421239498063;9.188374825158057;0.4392125539798072;0.5634874347188434;40.076580793502025;0.8044444334493633;145.1813014675973;365.06701397614256;271.1308394564862;5.22390720149223;700.7839577063058;5.467940100572581
45;2;12.88960533377728;1065.4699467947457;828.474196226993;110.57099528927387;493.7411626062086;162.80171223604518;532.0586957750738;687.5991943810831;9.189804506106286;0.4322765075075744;0.5623425972057379;40.33599399443223;0.7757235725447112;211.73813094744838;359.8950354746518;217.4256262926812;5.184648044167822;689.5787624285434;5.118287056477707
45;3;12.352348402838443;1073.4766780712687;840.1061817124437;108.38643303170699;498.0613236717876;144.47091564000743;464.9586310627876;595.9243249133107;9.161969425422084;0.43039952795577535;0.5645597340830838;40.43574840225087;0.7757470151354139;137.99179981619835;366.82569047220625;268.6673243409693;5.384272399435836;683.0355566915475;6.042080654147422
45;4;12.555196350062438;1109.3456183899175;855.0316908352048;112.57065368429498;498.3159091945376;187.17708038443774;574.0854577366466;633.4430643729818;9.193416475929137;0.4362310034890563;0.5644564742106656;40.355120539046155;0.797334782499385;125.87009036747656;363.859881162106;244.5994846150441;5.31482133731495;687.8924537812583;11.377142163979146
45;5;13.185109257654556;1051.6945869890767;853.8767824446151;114.73003944157288;490.23403964747337;236.73796508206118;588.1698542605113;1026.6556828611117;9.220877141839223;0.4319897437943336;0.568663402363058;40.365629138613066;0.7759192059756242;220.7810796496547;363.709172162403;227.69217464936955;5.172916636596706;688.677088980734;5.817785130833004
46;1;9.972630044274323;642.302532254053;501.995304626949;99.7984651636001;281.0935989983743;200.79542023605623;634.1341226703403;639.2775570450601;8.963765853635735;0.444591243752696;0.5598913453088972;41.81457997296082;0.7842426129885314;127.05264605632154;230.92639325254606;293.65869249720237;5.7604286848686455;389.30618331409454;6.226431868467415
46;2;9.589527136513613;634.0370265348726;502.6732921077618;124.73902083696463;280.82163640420305;155.32707319569155;571.3948846109597;621.3399350879713;9.24897823532757;0.44400710251376696;0.5551078222251619;42.62363660364056;0.780681622368162;134.1585032486706;237.96064350071094;269.34622959700533;5.535097737512838;367.08310175287426;2.5380639709325594
46;3;10.237955073110847;605.4440845841291;492.18993615986585;132.0917175623316;275.0245103968292;178.5064537694535;608.6191539907853;817.9025384294291;9.431515789871774;0.4374597156574672;0.5677474999436155;43.588943384582805;0.7709681696040401;226.37343568417612;221.83659272103344;265.18863499516;5.602763390790527;376.555907441892;3.330730056292874
46;4;9.445981817942206;634.4132879748207;509.4154311436677;106.13585567813081;286.6734628411987;155.06646129659651;547.40079214833;747.9915708179823;9.198411394511343;0.45094662680679437;0.5533310481897873;43.292750060643975;0.8135527758374609;151.03105558971347;232.67856900388037;296.2910210824457;5.667156055522582;368.35243361554444;3.763994950831494
46;5;9.794260198293093;641.7356470005919;516.6166182046817;110.81752806163226;279.9116051214271;188.59921855429118;622.9325866882516;751.6599916095818;9.12361133202057;0.4506989799056844;0.5511388275064074;43.2839630655523;0.8176442578439996;149.61867811442445;240.2011414565025;328.7338626756855;5.457114647331289;370.9433915656597;6.736098388677793
47;1;16.53312579924534;1625.1101556450474;1303.9221352873456;83.2413447217852;797.4607125936259;250.90905120710062;675.4932778702314;829.5216630008904;9.638008840077985;0.42388510825843345;0.569736586908482;39.857001429675755;0.7649290861593917;232.74164211641377;501.50115279247547;285.51633071896214;5.478872349166533;1145.647112445777;14.626261219694303
47;2;16.218366428408974;1619.759108859243;1273.721305271581;104.2988825024545;785.7458936673552;266.0156080615312;632.4225252934107;980.6941407149061;9.189397623928276;0.43128915920917343;0.5679164891407023;39.73252085477719;0.7708418423439931;237.90057440568117;502.4399391406711;259.81054202428464;5.58413388076184;1137.225203535892;13.482147040434413
47;3;16.42871633370373;1595.5532524598088;1331.4555842160594;94.41880562623479;781.3545510746396;266.26028128144657;730.7522052661034;938.9812906264083;9.547580520065951;0.42678250283169245;0.570847693770462;39.75082802476598;0.742222252174778;227.13929633039982;499.21523918065776;252.66060741816312;5.7151396841704205;1132.5414987891259;13.010387666313873
47;4;16.093100469215486;1582.4947811658794;1288.30261356187;91.11776899520035;774.0150643432263;247.4036544846496;659.348309778221;956.7403197827921;9.262278070884527;0.4274673270798455;0.5773392900560864;40.284981852660984;0.7620589361298294;239.03589592593417;499.2161143927188;272.51433816128474;5.7063785793143555;1135.063653607943;12.993386881550673
47;5;16.723367525399016;1551.679183219493;1246.5526794227162;85.71418353586323;764.2318397422395;259.9050950675977;597.9735027978749;814.0162768524985;9.290852339915686;0.43319184589838483;0.569344678355209;40.341831628730475;0.7696016003261081;201.82647242565133;500.8427011951738;280.78546758207654;5.4154373939162;1137.3992083310454;14.312628243803198
48;1;9.953269889220644;1131.3777763529665;916.5670605141925;78.93010663243419;521.5735940470306;225.946871159169;574.8219613956718;877.0386397890154;8.620994718799844;0.44204543038304306;0.552541626070814;45.436038934605094;0.7991362284465423;181.36303625026702;402.1153282901791;266.9858432546455;5.7865673023304955;699.100087378321;7.566132843959654
48;2;9.851999896383882;1158.6266998039732;948.1210185854095;80.32596531015157;539.0373028536662;222.41676846759162;542.9953371942652;735.927506707859;8.541121176617072;0.4502455203811575;0.5455196991806606;46.212179131575986;0.804202225682442;171.0417559532906;402.57789067677965;260.9655021488341;5.887090905081627;711.1205316874411;11.961013592755018
48;3;10.227508982211363;1172.5919761168345;952.7256753682205;91.9710663448665;556.3923235280258;227.26085419731825;574.1769115749589;874.745879959722;8.342474523854555;0.44738033372856145;0.55418197722197;46.84098169323066;0.8113542164411197;203.07355823742404;401.31863771849277;252.53316384143818;5.984100006546793;783.30612521919;8.300015294791587
48;4;9.812361133034992;1199.4200128922373;973.3703459234341;81.23327407678127;567.7484419022608;206.33417278123753;582.6414481315412;692.2765206986703;8.294330244788553;0.4413800620665655;0.558110445997438;46.77786214411153;0.8169834329104795;168.25694648697942;399.58507426847996;267.8514387504866;6.152968390239621;813.6340836266004;8.029728522357042
48;5;10.107492485283169;1171.2827750178305;944.9692806631037;82.79577109317637;532.8151253963259;196.0135395488219;568.7101722490312;720.2968019325925;8.17516657634778;0.44882738311086495;0.5480077938911083;47.92104247470291;0.8269361233601309;171.44552425516648;400.6205248921978;267.9098043953428;5.935072552615386;789.6635908151542;10.264358955559006
49;1;24.811070804903167;1291.8851360757458;981.3232075185812;83.13221941306752;554.4653468895118;213.94374468838132;478.447753835502;792.877865348464;8.345247669076546;0.4710958464784201;0.5316164286202871;47.291755724017634;0.895306821989822;138.35669736771598;437.1186016886875;289.4218259436148;6.323395210162917;721.1522594466463;9.605165754194521
49;2;24.711353124805484;1229.4386055222892;968.5620142394464;83.42180914458599;544.4049513622999;208.70395865196525;514.2810064402825;663.2305964194034;8.155080954030304;0.4569710724964282;0.5420090618548874;48.82812893678527;0.8587571337357341;93.07557708971089;430.2868138161967;254.64236422377283;6.434424521909562;690.3079850583505;9.939266688505597
49;3;24.95127768053816;1237.857315273042;989.7172408755832;79.88987275661795;555.6352534165883;201.11685054757646;467.3150912262778;646.4120791402544;8.206756484575097;0.46578419047664843;0.5335058745854186;48.990656133579435;0.8755602263497996;114.73246041526251;430.9286809684668;243.29483450612165;6.5339956663050875;679.6125533939802;8.495246279558902
49;4;25.295226426773183;1194.9499082977093;937.9169336282621;84.95420402909133;521.1038667802737;234.86641912282218;428.3013896050507;661.4096942520026;8.47490742804136;0.46773676444081824;0.5359318230754776;48.451325875852675;0.8722091179508348;118.59867946797172;430.2705471515313;238.0461853370991;6.410794015896598;681.1822539174688;8.800756425213331
49;5;25.114963304044263;1225.747151671535;926.4231550300162;93.58915778515993;527.9721358489182;227.90406196682795;558.4311542082964;698.7330336177572;8.471809595703757;0.4647295792954648;0.5377917482964434;48.18988855106004;0.8580595010832911;111.98265661383351;433.3202274937878;286.3893168666737;6.566597272186321;686.1646056081815;8.876823424036578
5;1;9.80491499625715;978.4412046816369;778.7924105514215;108.09713536419096;464.85800511624615;292.1858819797878;799.7260564004546;1090.8485414153026;9.696952490572336;0.44083212336687194;0.5558251571544416;42.91574683950058;0.8069010489899361;245.32184588811728;330.5168018961145;359.21314991099246;5.5502932936618254;662.7317460140159;5.696441554398807
5;2;9.94842254726214;999.700234484514;813.7561402360533;111.9707751192614;484.09938132166457;227.4165802490761;803.0644139088499;991.801254524844;9.421384457381034;0.4270586587742889;0.567703737303851;43.4388638971999;0.7691388753331461;261.2126036920686;350.40538709513913;342.44954081586695;5.863989690657616;677.5439601719244;8.452419597988422
5;3;10.574155500390331;1128.2473525673697;902.1738776408777;94.09037995746002;488.56516297027537;262.0685890322771;779.5427035530545;885.1523276441643;10.192595287357111;0.4181497080331344;0.5894590986205082;42.67210779901449;0.744405737890313;263.20039000204935;372.980325126527;423.71817702630074;6.06010610218783;785.8533059668946;8.684734954291363
5;4;9.964391291672477;956.894759770301;768.1447108007068;108.55425503950858;455.83667922334;279.0548530992562;800.451424337436;926.9695832213681;9.389192567810088;0.44723635582470705;0.5550986436145824;43.4950175074275;0.8088830280442083;204.65396982098488;329.6023231502922;364.95796089908055;5.3242289071063;660.7989711238588;3.9701541112226475
5;5;9.399313981819319;985.5365599752992;808.7159939611171;118.37617585996239;469.7467150803748;261.8420313481461;767.0361882405737;1063.9396061139832;9.58785252373526;0.43431892496985475;0.5712338352343601;43.54100709609709;0.7736244991477917;267.3159460717448;352.9035106773848;333.87117272108725;5.668611195620696;666.4101306012437;4.530985122471888
50;1;9.015171251550115;981.2816682066631;800.1257888580545;104.11513485966563;429.49588272693944;218.307317460494;578.5372782910351;825.4803585099487;10.046173819067503;0.4243171316753977;0.5736164875787431;44.82271800691602;0.7362300029389643;139.78663470313646;367.2590075127259;283.22234144269066;6.055922019449985;616.5909478856315;9.094811920501357
50;2;9.339739737094863;962.9159731566953;775.0391257442689;97.22188446436142;417.38079763784776;236.7285144178835;618.5685866524458;695.7989915969371;10.096497731279293;0.4242295004559614;0.5783399924242282;44.72334041414752;0.74361882937303;115.44611053605801;366.2226023307514;283.3846934680371;6.311637735003563;609.2177187545836;7.100569598726154
50;3;9.431339961967359;1010.5995648579493;797.6627813312515;99.84655197155898;456.9678050843357;191.1661124820668;548.874969010177;662.3933731056549;9.894617444866014;0.4247427990955803;0.5798026243119135;44.59939048087004;0.7461344512793137;124.9097178843015;367.43049468775877;285.71940242322376;6.096407317559834;606.6292989425402;8.457060026125381
50;4;9.031314463477566;996.9354055987037;784.6958998635973;108.0494956591046;445.45095852377176;217.91045012419642;701.6536184841559;702.3627533931017;10.048171648057485;0.4175653709996254;0.5908467911424787;44.91181775665451;0.7414389138251168;124.6594349669624;369.15991132850235;284.90364798692883;6.334185096141329;607.5301664889067;7.353182868389924
50;5;9.146211265329825;984.5713115381079;795.1575607273049;117.15382325539416;452.4510474467023;231.87517955323696;635.8375373795359;855.308626442063;9.872518667398552;0.44672612392372185;0.5582072556324613;45.46374107334074;0.7873356234423495;150.92194198069691;371.91091780980094;287.5382433754265;6.164982820121569;619.3073423817763;6.282822996043831
51;1;3.7583771911135893;1297.2069357981684;1088.7527074447175;74.46556316859383;699.0349955129553;249.05554594608728;691.6194122746753;829.5224736562352;8.828321278724255;0.39039113247324714;0.6130918375696774;42.46265913912213;0.6681534641206839;158.15554663475143;415.042199257245;308.61568049034497;6.382667517707464;938.1755164924762;8.82580394153801
51;2;3.655958692010809;1314.3019610322433;1073.2763353443397;96.71259182210505;704.2945898940801;258.5745890799507;710.4486796188619;844.8342246991585;8.845670690738952;0.40202508778648766;0.5960219780141468;43.41052043913428;0.701273279884484;174.71491720234562;414.49466811135954;270.37847125076934;6.59021184893122;906.0877276434807;8.950821448787462
51;3;4.0491287743532665;1331.074221800663;1083.3413922303153;87.97563566641132;692.4334423385342;240.6337044703564;784.4472394774441;862.464864780521;8.76956062842842;0.39003068822749215;0.6126410939069374;43.03257256297012;0.6869613972084109;204.6279074307982;425.76010502563133;342.67762205166366;6.435738012619355;913.5361510920176;8.553497793031434
51;4;3.8350226854403386;1334.6661390605248;1113.3208737230123;95.07798716451707;700.8523750533499;246.79373684745065;719.7616589908254;913.9821763123284;8.72657091494939;0.3913974219717763;0.6114329089413154;43.503716582101376;0.6727436261239212;199.165659255463;426.187963830053;274.9477283331393;6.3008815274868235;921.643105762792;10.02972544839532
51;5;3.6442104662284307;1315.837761101772;1105.0388223272894;88.37842511189832;704.5506237064179;247.43934619774882;603.6953821472168;775.856201711515;8.646805017839089;0.3881115797207062;0.6184988436560078;43.516253336696444;0.6825850500033368;157.38630784186006;433.448087562284;281.7141400656399;6.400687836524844;940.388742513883;11.078542228319707
52;1;10.739953753167324;442.31584132555736;355.92639722992817;96.28297505476334;193.58679610545596;132.89331524036828;567.51770994809;457.389298109829;9.633672845867284;0.43915381079900745;0.5672102467880641;43.93597155446611;0.7851007428180019;81.60989991774981;179.89442333494313;261.7018618010028;6.054135993145727;268.3489112123261;3.903937471169132
52;2;11.220421806495569;453.9001318060963;366.68742759294014;84.84191792920211;190.88072020116817;127.58665125372335;459.8949418366569;582.544986629698;9.527395485908212;0.438623173683186;0.5661891281080482;44.30121142321007;0.7897243768143324;115.72986766351357;180.25828435110637;255.69694284151302;6.069509517439429;257.1893159045251;2.8326809217647515
52;3;11.051451691422088;440.6210171406945;354.5980749279706;92.29801646658301;185.26253142730963;127.13987062438451;518.664375737103;495.06914930074055;9.484784744676098;0.4361185679592443;0.5707483225918178;44.282570568593;0.7876525157409051;86.81366399929021;179.89442333494313;269.153899105539;6.09686426419824;252.27781678660605;2.147164918249342
52;4;11.12213865417227;435.4598500157169;351.6735642239458;97.98951949749329;183.2538784301404;109.33239066720802;504.1804797086398;495.273739760229;9.492317273953754;0.4370777856707463;0.5675487760943212;44.570903636079684;0.813617441195636;103.35570615342606;179.89442333494313;237.50142444730156;5.817937457585491;252.21084398628705;2.3204888541200313
52;5;10.959407949893547;464.63351868500246;365.11484134503075;90.0174335116877;207.22189262890697;137.1253753453823;711.0404578001309;467.8643345336272;9.455633863843751;0.4487896278896318;0.5541085950775182;44.47573143774051;0.8203482501713424;81.7096978443774;179.94771372016757;344.7009898626222;6.161991659736653;263.0622939191634;3.117947115242434
53;1;9.89459495412464;1136.441686648442;939.1831510396911;95.892937462109;486.268229800324;255.40018374648216;648.5440045141665;967.5550854578134;8.515152812342691;0.44731746586934834;0.5537015044853945;43.25989594852824;0.835830061294741;278.133983675479;419.6592688050893;261.4273537103712;5.99484679064719;746.0022975280272;10.391769687722475
53;2;9.683429195557254;1099.201850532958;937.0989277139217;100.81884708973892;471.29548932015166;283.2669152025384;684.2393881589995;1084.9542283099333;8.7734957139745;0.4560006519988334;0.5479552004509061;43.78868251053969;0.8415155495129372;279.5123740974045;403.4320892061494;292.516472108346;6.267417922847895;733.3102318592469;12.21456899892046
53;3;9.770642626721624;1073.1890889420483;897.3784715190565;102.56387416857204;465.7045060373297;271.02258680696804;657.5016794019165;1052.019519972646;8.782741305078261;0.4510755646621024;0.548552238654603;43.98948953656788;0.8281375455287374;277.49976090074875;400.6318384171188;292.6130426796178;6.1093585250409035;729.7797586014091;13.879878030114494
53;4;9.180589029600101;1080.7410476778796;893.5975229562665;100.96002861267002;464.7358519037232;286.00522018056694;651.0833267177281;1110.8256122427085;8.657882978242542;0.4510076757150221;0.5525893834290682;43.47686399222332;0.8132747434444108;321.857620302396;419.68307443119267;307.35131363703556;5.880104110997406;770.031406380533;10.060299946996354
53;5;9.777791138037932;1111.8922481561278;890.253281787927;99.80004398686471;465.13093202771745;257.5190950894649;661.7313268100853;1027.210510406969;8.684448427967828;0.44615602087006995;0.5533527585741875;43.69414621425508;0.8239552214426125;260.3018696532825;420.93840104963516;296.1586943925609;6.1856863335871415;759.2715932702251;11.222097976608604
54;1;18.029822807701017;691.0676373827714;505.5251346604506;101.03594562747595;292.7731048671273;178.30470925857225;600.8574565324222;697.9807752383682;9.335238803121657;0.432746265472711;0.5681864745796043;40.724980918834646;0.7849720962802914;119.98883276998349;252.85060636403395;258.7193538102953;5.8867195799351135;462.520931377767;4.886726619414742
54;2;17.637896455869235;666.1020344300385;501.02784959466305;101.07190300170689;275.63219810618756;223.06875085025598;662.6137234977883;760.5626549643155;9.510749235947697;0.4285774017240687;0.5745810635650751;40.80244226515892;0.7684356166742077;137.96042403615417;251.43232924967486;297.68315055530115;5.7817013156774655;464.75897115160694;4.542497890362802
54;3;17.498951840754586;726.6904790436688;529.1641088184654;102.43542955100064;304.7621362690467;231.68346522671996;686.7492677789187;858.6139748204027;9.500453134213062;0.4328172779726678;0.5688133049383147;41.01414066523087;0.7751256779623005;165.78893795594686;248.48625607905785;252.00517147177115;5.908767605121974;460.67064523078824;6.986945057041864
54;4;18.079100034101963;676.5349800945648;502.67502279341505;107.71070059695484;281.1381352206237;234.68073046361815;688.7462046761748;622.625805440697;9.611966221762167;0.4301188642712245;0.5709687514964821;41.08198049073661;0.773443385346726;130.1320236081776;252.65849524175997;273.0962362676718;5.744872494511169;460.89474985688537;5.260915672595541
54;5;17.69493668378043;673.6365731548266;506.4437879219284;98.12594005683204;282.7276460748061;203.69787478465415;609.4435852111878;752.4440746342874;9.548450744383281;0.4466650025226061;0.5578650210027241;41.10719420172481;0.8512420302914587;155.299463341276;251.63719623343843;264.30002651364293;5.679783256867382;463.03228081614975;4.907595125024635
55;1;6.223776010179455;1340.285438069765;1090.2033084394038;92.08867545663115;666.9812502750594;253.14360326440718;816.1339656827696;801.2159830176128;8.756242703508226;0.41812611172995534;0.5859263509895021;45.53397665591015;0.7542101707185538;165.43205589127734;452.14189842018527;318.19820525448375;6.400417970184805;915.6933769974404;8.89723270997191
55;2;6.4809665071504465;1312.717347823864;1093.9394923204245;91.17300289645996;656.146672143617;257.12339452593193;720.6215635814974;814.7250536045856;8.743257354414746;0.42094470368874837;0.5791287035814486;45.51552043957975;0.798453171907288;175.65288726340376;440.5609491726154;288.3238179896973;6.550462466481447;896.7294854146302;11.849188944435623
55;3;6.444943038031684;1313.0520798597247;1074.8647669075337;95.48779618479743;661.9503829915097;275.4745927971945;707.0780615560184;920.2317689461472;8.863327438181571;0.40314965612255704;0.5997520625927547;45.56542435916388;0.7241846776994484;218.69397352421575;456.34915644374445;303.3509253357008;6.402253512722016;893.0996939827346;10.590609623920589
55;4;6.198249347923528;1316.6292290301064;1080.7625767102961;79.36697255413362;660.7233170617078;229.97572908356207;671.6033606729433;775.9218852874222;8.784883059180913;0.42500451303851794;0.5764591569561055;45.69064568695049;0.7507094970941829;166.415801264958;445.8567017020364;279.5673003022473;6.350075956822497;897.7369664176117;10.00153085841703
55;5;6.2912622518132935;1311.6046409890723;1058.9293155209066;86.12808516847325;654.5684936297708;239.50431269071075;665.5876953523251;739.9249497603133;8.703945190204468;0.413011693420303;0.5791357124862951;45.304994308332944;0.7400001823067278;172.7459340412278;445.564920561271;302.9267585069621;6.442909072082663;906.33344284133;9.310302071028861
56;1;10.45608771349092;1104.3931399865698;869.0342774838231;106.72012286828742;463.11364239860774;222.15754652454328;600.8246580404325;786.8908135368528;8.815494828759665;0.43911189160896413;0.5571891570806841;45.056612619046746;0.8061230747112097;162.18985569442694;431.2388209385255;264.68137559396513;5.81962580004747;714.159889831686;10.603728812451855
56;2;10.21919498020188;1117.7412165348064;899.8195980327193;95.97678611209871;474.35492084679294;218.88340432233147;602.0064484073226;751.2810270708701;8.831463729939736;0.43651553141299987;0.5638233699491466;45.01726484151122;0.7779292398605162;152.0266150387058;431.54958134032427;275.79194123580373;5.801146420409112;742.5659656053228;10.070043930188762
56;3;10.434642439936704;1126.1359389762213;890.2740252802063;100.39659413610258;461.51359387187733;214.7812755145727;727.2424986267986;745.8375353803144;9.017973257472566;0.44606024033196634;0.5570673032009843;45.60703672299226;0.8129993818031069;153.57375574574652;425.82892179601265;279.6843189211126;5.984008807145552;708.4737933719567;7.690382322516621
56;4;10.620853063871147;1118.0048473831823;884.9642033018539;97.15889859571513;482.2892183769797;236.3026176426393;680.4066274730191;885.7137870255148;9.111839080038857;0.4508763441719719;0.5460089759834105;45.467057340149665;0.8311673129839712;193.55575144252816;422.6469743070696;282.9379533256623;5.94803597134173;736.3362442074435;7.191189234161007
56;5;10.726844923730788;1118.9126532347084;889.0792059220497;93.94523592938232;466.0755267851817;234.33028931849714;680.1180349629639;846.0474307264749;8.998755358805457;0.4495456862956862;0.5553481132338662;45.47376335067095;0.8388288177368802;159.18278689869572;421.9082400792247;306.4867347467689;5.825785886390365;734.2541891763575;8.0076766890864
57;1;16.184932833104536;2242.8533876523707;1758.5681433839502;102.79567066417381;1005.6504650720384;246.3530216501973;706.2706120401817;929.6570804920477;9.076669305315548;0.4167759208132003;0.5903657364976291;43.859448931799044;0.7390807385049527;173.71284919589507;715.4069171501089;293.64367986012564;6.503624847340566;1435.9834890527488;15.212698187416647
57;2;16.75508650627348;2210.7524110298095;1751.3240756697594;106.3378052649427;1010.3134362585898;257.9728640210535;691.1961084522475;870.7929127681907;8.915426674292508;0.4429732935711917;0.5598840737017033;43.859145521290635;0.7917705082855524;161.5534069182827;723.4352622549318;299.8094843595745;6.50047478416618;1471.1954865728653;14.516334318137336
57;3;16.806871445034133;2248.818712040943;1795.4339271711897;98.6353481889256;1038.7430378836532;249.56166403768268;755.2908804500064;836.2328109737362;8.96012599832306;0.409294668402696;0.5903824486638719;43.86032682785904;0.7222626819314165;168.58593633071132;713.1610364209491;310.6750884665433;6.296143048592374;1453.0665482429033;12.991673069513865
57;4;16.368446696319328;2226.358401712142;1774.5907861376452;95.32561898876438;1026.2274922000752;234.2284618127918;660.1992614543559;926.9719906285577;8.979847996859187;0.41510413460121803;0.588564305589435;44.07389096932956;0.7155115261549547;175.25250945340701;710.9790808932817;268.57838518911564;6.393807699596661;1466.882071414904;15.279972432221939
57;5;16.824123793823333;2233.060065669819;1816.5380165811396;104.1706954240727;1035.5339832571972;268.1352208874329;630.5241158163531;927.402637802303;9.089165018663671;0.4100883216514755;0.5913657236770402;44.2733249711705;0.7254011632730392;178.79094208951767;703.1436485882438;284.77190853839977;6.489487225111459;1454.9728997060377;15.955180043240137
58;1;21.35906071454255;732.0105949311197;540.6383983388445;96.30929479104381;282.5662268541168;215.75085053950943;606.203466007181;668.8675137999729;9.735916565732659;0.4330918881209931;0.5677979531446635;42.6528728175465;0.7698737105366479;114.4176518788235;250.34233182392643;295.57284152013557;5.972675868053461;452.0246926254775;6.193486970954005
58;2;21.663552534593762;718.0526038142425;550.658671301765;103.19299512189879;280.1393898382953;224.28877413380863;559.2277071941024;709.9069462973544;9.552537350413386;0.42366462807066746;0.5827523442853375;42.5067125512628;0.7403240836738441;121.6551555564048;251.80624525893293;260.6224994458071;6.194162178867786;451.3316952579405;4.302277069837573
58;3;21.62511563118535;727.5015527396721;540.409410689339;90.0176461369025;288.52995893871025;234.48174044230754;536.0391775448683;738.614783414201;9.621161990294112;0.42615431326888736;0.5680846314827376;42.681465307361115;0.7330392428442926;135.67983652952068;251.21036453439774;285.8879568357262;6.042085032522087;447.93151733349544;4.274039271579788
58;4;22.156062514184068;719.1918138686794;546.2460438568793;108.56727563536715;285.05105076075404;182.4061763949152;671.0285175050499;676.51331424462;9.484396019171987;0.4364016955238962;0.5680671338018063;42.93936119706184;0.7583865785000024;108.8851612511197;251.70964477113037;259.91149137849095;6.1519013233222495;451.3316952579405;6.533491236593588
58;5;21.96838350857867;713.4010234616683;525.3117785325352;104.08933682795596;276.683759608285;214.664575001839;542.7849670360426;694.1849590334172;9.742653585648354;0.43186681523616915;0.5707073734106164;42.99001344514229;0.7707376854705578;155.2850917887831;250.6076301343738;239.37791327894627;5.931806973541467;447.6363178590239;4.359229236575216
59;1;5.978304999007012;721.2643666540822;579.9393687636687;88.82986917511593;331.5450454491519;214.1051279813902;687.462935244455;995.0426603302782;9.541879769555848;0.4350524073495646;0.569109321624418;41.86016033047504;0.7564478599682255;237.79256612387263;276.2065717200641;331.36974730641407;5.569801671071489;517.7413569110804;4.192515654195208
59;2;6.033271671072688;754.276374626197;594.3647142497997;95.33157855954195;349.9197830643415;232.0130361830986;612.6961175800404;971.5740585338644;9.644980206920058;0.4122335418440629;0.596207906035353;41.39839268358174;0.7304240857862618;297.96936217494164;270.28635016740276;310.0503559593153;6.029398846079129;528.962651793507;3.93260345326388
59;3;5.845637272018641;723.432605537907;581.9500220022838;101.1804611111635;328.2374708680859;235.32116809717772;639.6051744545515;860.5558171353873;9.503008925233111;0.4021511553128988;0.6055094818355017;40.71956847428244;0.7197933213928337;289.4344776285068;269.8042494966027;258.95124667604927;5.751959002299945;526.2100912551143;7.150867553447421
59;4;6.269944763434;740.8896942819756;579.517665432061;105.84081048754453;345.7160029876333;214.32728952378065;712.1960581214774;908.5725227118227;9.576206709537447;0.4366974968532529;0.5672555821506254;40.621626176957754;0.7817304808140073;192.41167418821428;279.4208343505646;243.84859042161995;5.779437353616027;526.4967582651184;3.4320389242320677
59;5;5.937559008255132;726.2885713817667;594.3261304678426;97.32856046658623;338.3493536806099;238.1795897477012;656.9668619617038;1049.0743373967334;9.645978869587848;0.4335226380041258;0.563218665926248;40.87767172595832;0.7470279538799047;279.10351868764155;270.8380858666515;282.4830755652227;5.657541359111604;522.7636156532367;3.97711224756558
6;1;9.75235329763911;785.5748475315596;663.62347984919;126.42001832104889;364.82040051954317;296.24423910921325;790.1375004772447;1026.7103761633578;9.86571520346527;0.43731815762804077;0.5582044875619222;43.556991370282674;0.7889531978243614;255.28756159754363;263.1595819368107;361.3463653312121;5.841983192180452;467.91698029968495;3.741301308258498
6;2;9.638154930284255;759.6080837495603;639.8344680199776;118.35117548661108;355.9674843687167;275.77845649180466;741.7795919594377;1009.2400914118489;9.79591202142269;0.4441636323062402;0.5521474782359528;44.29458254166785;0.8097390629372072;207.86640325075356;268.7077515653798;338.11677031597816;5.562711153787433;468.8409543669335;5.734869175000841
6;3;9.482627847315083;761.7563058659453;630.0592014807437;125.69554330591485;357.3568819901156;283.5871989752114;848.3501105648597;925.8483916838311;9.831182781514393;0.44433461163874105;0.5597630145851544;43.92354468342568;0.8046507832513073;191.63658892486148;274.95276099528957;337.0511228668383;5.61386427965173;476.231666776717;3.7333133492825565
6;4;9.27790426943909;734.1159513853858;603.0096598833911;119.08671355160102;341.3417029495793;300.96076105017397;752.3343995539705;1155.580801886363;9.679692783766098;0.4415487813999162;0.5607442925584825;44.2503082601593;0.8016206795899684;247.282424174859;261.90543623209425;386.12301942686724;5.662485088980049;453.82713780610436;3.0752476942488363
6;5;9.103420106770004;716.6721829877769;566.6340906119561;117.40253676494872;326.7286629935914;292.0219173873165;809.7522104987231;1083.6085734873777;9.687983251070472;0.4437576698256917;0.5547323477920907;44.8541571858643;0.8138413154518395;215.08736852297017;264.8491750686816;384.7097403618687;5.561454460534499;453.11522461508434;6.11594309118061
60;1;8.977995971334018;670.5031071242878;541.3985249434182;97.39785329841197;301.60553105954546;204.21632336336984;605.9892592415414;710.6890214504958;9.769673509816062;0.4243454170717077;0.5735008848367014;40.127175479491484;0.7490561861126178;153.6309385902066;241.76752660492667;264.4481711461171;5.906445954396946;453.2641668546135;4.1168436207931745
60;2;9.22351323388014;694.4620342322997;558.7081301182852;101.44619833383973;318.43900473877306;192.8566677600989;700.8092593128719;735.6843280459022;9.773369926118836;0.43063259817283644;0.5718381781712801;40.419058958087305;0.7535463266453349;149.18736908401746;244.88069925675393;279.0791598754902;6.0459838664345655;467.1881702906088;5.7599088301595796
60;3;8.997682492003689;677.9404807956344;553.9573172428431;109.94151312951735;317.0344810527824;223.70303977185037;659.8590736979075;858.2530143639345;9.712357335763329;0.42515867649573363;0.571633432454772;40.15418950074741;0.747099663096624;169.5098707480963;238.90490991853804;256.46558613505584;5.786830515488827;471.5102334238155;3.590338138611247
60;4;9.14184500907697;662.8707659480749;537.9857179781492;96.94740465807064;297.78929894540113;225.19226960300304;654.0742833374464;752.9799023654039;9.780518008881232;0.4241845353156923;0.5741790617490681;41.326614411614145;0.7592743087794552;178.7103538555004;241.26104060254448;248.66301576049437;6.217441408121456;449.3691441025651;2.497277862946813
60;5;8.761811607789076;699.9936478051917;563.911784034987;98.2394715813923;311.2042218424311;206.30901914863875;559.3332290214802;763.6465011674331;9.777483407909521;0.42992690394138683;0.5701743999685417;40.27965330590658;0.7600526587030791;167.5699888020743;242.87974431832674;286.0438130105296;6.123057133053984;447.6709752944733;3.309139109647553
61;1;7.4545999899983455;769.3419232738144;633.8153328568314;104.18373757348395;371.41213459742096;219.80897415642767;578.9939512686746;853.4662240619464;9.584537276914872;0.42177384120780453;0.5719596631962777;39.3069046087197;0.7556913470877648;175.48234625119184;278.0553608403453;262.5641572029668;5.77540404561801;529.8511296381871;4.6945417706557215
61;2;7.475982203949184;714.768949436473;614.441874320148;97.91266633476621;344.04156241334726;207.40134511487503;594.8527553331841;757.8143840386156;9.685751007486688;0.42117847194389485;0.5744379265972408;39.37481769415814;0.744494560499555;158.89410120400157;267.8520906169622;258.9736888942882;5.8450441380079825;470.3230305166885;4.305963646006468
61;3;7.3949074150886664;734.3384405423735;611.6848943471292;103.35268179014844;355.61421909879414;213.06675471815052;685.0135891224622;778.8340535000845;9.63974890033438;0.4250253160818171;0.578404394727099;39.16740752806666;0.7683901547050945;166.2516150883972;261.0446056239904;299.909029111338;6.141855052585152;483.9561775511008;4.39960794828604
61;4;7.539778142406073;737.3730212172608;608.3714065435315;103.16472119946958;347.5616572668137;202.69376980751227;705.1639546846964;852.4176981808153;9.698792860342065;0.43617399118807576;0.5625396261089276;39.25011357463097;0.7921451363000039;182.35791745985586;267.8596790647254;288.0699973302841;5.761762444399719;457.35721948194697;4.300167055215129
61;5;7.409120041797387;788.8053039157941;649.6577631819215;96.02539203094983;363.0899500890473;197.74062427553815;632.2540629109839;903.0266541405279;9.629759085431724;0.41510155559959083;0.5807534559511454;39.52104600325943;0.7330930704595136;193.18145872166582;276.3126791555652;294.4595874788236;5.754094871947608;463.8260177843351;4.7262673385305325
62;1;5.718773496460859;762.4580449697986;622.3304922643395;102.32400941616282;348.41527096008366;197.48707880729356;676.8304015524502;865.1187486280874;9.421493317844629;0.440188659157257;0.5612661304146586;39.395992311190966;0.7778460727966439;189.75129952741;271.75956795053355;303.48440469451737;5.756691370297973;473.1774048566656;6.548695277960346
62;2;6.050186485360684;778.7121373251514;628.291540364678;101.20471025147557;348.11732924186595;244.34006314441183;622.3658785085662;736.5427824483253;9.468964425022163;0.43194329483952154;0.5645256723038161;39.26036754643623;0.7756104226102812;174.9227331885154;273.7992772509522;269.3140579693795;5.7120039844332045;466.7081018480096;4.279955222331361
62;3;5.9287900603200185;768.2859327832873;623.7670354522431;96.06697395071942;347.6165351837013;215.43910881837957;660.3486051129793;818.4263678106945;9.574974060888225;0.43528261596662116;0.5602097399263062;39.56549061420704;0.7918009779075722;204.54175841255883;269.6823478624064;285.72847908807677;5.940106114232338;466.36583349052796;4.499108274788096
62;4;5.802394773331117;737.1480812817721;607.0248216371073;90.22328301820511;332.64424931044266;215.8542143459306;614.6660657993139;861.5033300060171;9.57763915621133;0.4171844145935715;0.5808917982491547;39.410992510817685;0.762411097253416;184.5787036786618;274.2260905457387;286.25053433975353;5.7118969132285535;476.89787212505087;4.72804551455266
62;5;5.922760140363186;738.4218498518886;600.6723339546252;99.30549436680936;335.20536394173894;238.79051372842886;654.6639399700722;858.1764130833299;9.372968014982076;0.431296180964619;0.5635668474407809;39.73841566845065;0.7842826412537235;200.55112361758177;273.0527179893875;257.44906847639487;5.7845164802935995;486.7482659138504;5.2112455305537155
63;1;12.49904321976499;1222.056113926663;957.7228110432122;75.16282304155139;533.8343086825788;161.59556083663443;500.8999725654118;641.6695938335315;9.020458472054372;0.4553280363615038;0.5370641659306329;40.55908683817512;0.8372720167904021;161.3749888348583;426.30750244714994;243.38340099766484;5.465822285620621;804.6608545656908;9.908013279739272
63;2;12.853669812570935;1237.0059757500494;964.1109071234024;73.71068493587671;539.9229818666153;209.39305008690877;582.4467030488198;764.0444763973388;9.121266629616917;0.4460642984601399;0.5552844608905841;40.13900277342789;0.8055567899479157;198.10742746676965;432.4582345472996;217.15221190918393;5.307854168295974;812.7616688898429;8.044241504361604
63;3;12.36038314392475;1247.1845371442382;984.5257405254747;85.03749833322108;544.9278914148989;187.3297587516171;556.7405901504274;711.4020398849499;8.896287388406341;0.4441872523519311;0.5513852329880633;40.68437386614854;0.7950990571629561;144.1783930264359;416.52716251774325;227.31647465332205;5.27992289757751;834.8598123617114;10.252910527967927
63;4;12.651533963924498;1249.8418895979155;986.5993477626017;81.40155998480324;538.6763700943825;188.2863822124933;620.8856849942974;742.09538961614;8.970813121417713;0.44442284221202916;0.5565047651759518;40.02093204466014;0.7948176477158923;181.34205147858364;427.0120001092041;232.66974279697527;5.451706591641105;824.2573034901163;6.8357252497065035
63;5;12.833898174554117;1245.4192835855579;979.1461001238127;78.33093378564436;554.1711293125649;201.0855576294714;696.093542279466;693.7178820152511;8.828813248339124;0.44588439294260884;0.5564046882113634;40.47916061879831;0.8373998406866512;159.01372785367943;436.0584019093347;235.5695824220117;5.158594570571421;822.7390709251262;7.846932351092181
64;1;19.662009593543416;504.14822105418307;381.3355248098425;89.56415346961558;209.99297831471785;169.9101458449544;472.52050155244257;604.8382743384399;8.871686826840678;0.4454377365747147;0.5508175205214153;41.785013709228025;0.7991055577800783;124.11215193896695;176.2728528935702;209.43178835166373;5.514948146949511;326.65477497189625;5.366357878416773
64;2;19.53067592929791;496.2924655107276;368.44728699428674;99.35549242833858;202.77520802409094;185.01025813447424;491.4260951946977;750.550730898956;8.957099233496358;0.44880936793022147;0.5465505652244181;41.90189354035659;0.8125636242446802;217.11123178333358;179.5695957471199;230.31362886109926;5.433234886539196;321.7208581579643;3.6227869818233662
64;3;20.05222296095072;491.5784146192758;357.64055744510364;98.97600191797208;198.25854792017253;211.15421366599324;580.7112651681119;792.7044230644537;8.976875306243267;0.45336620582694775;0.5467187225098296;42.0499934714554;0.8234425166944993;262.7835518735906;177.98298169175416;233.65981770719765;5.4749596118694965;318.1960471520187;2.798829032981657
64;4;19.32383739594616;504.492241971151;368.73014033340655;98.29554714439068;207.66098711462178;180.49274066465702;591.6692475545868;791.2616998585936;8.896769746469344;0.45056482446774465;0.5475395332826504;42.18097283275733;0.8152983330462119;167.2577834368052;176.90739178722512;248.7627380474455;5.659853804768009;317.8657761173386;3.0959693595223228
64;5;19.494415294651745;514.9759666440153;368.03127971058694;98.29867162753965;213.8877942092451;210.02705175308932;507.32002192802264;771.6917358354667;9.02613068605646;0.4452484368810996;0.5499930362520186;42.28007352987333;0.8043539052198233;225.02634825702248;177.50575792751172;219.8205271163662;5.471523062958148;321.9120889748086;3.3404567099798
65;1;9.96722461953447;1275.9593752150158;1033.7863096311628;79.30004164474843;622.6805498392102;239.57106034613216;519.9460928065624;651.1056401475555;9.078473445732838;0.41145276163721933;0.5827544514876818;41.06194806227259;0.7239693750770237;177.16545986184965;424.6190885210988;243.5243625809865;5.754270042976432;865.7870271316228;13.79035301053252
65;2;9.843738251750096;1281.2430460776916;1031.648335176048;70.59003276780733;638.433145168833;223.52565449252813;543.7753527798094;767.5687445596719;9.236164084014735;0.4428748403684542;0.5538908863826076;41.173020849546226;0.7901063520656915;223.56995735543813;431.0630534222007;263.25768427269713;5.787419323602717;848.9423128310601;12.957818621316358
65;3;10.140792280324835;1314.964656490135;1080.2983350055874;64.83245644338973;664.8349526234947;208.75440850202153;545.2529817630628;690.4616271592245;8.887935616712848;0.43754054727209907;0.5626096333159816;41.31020608322924;0.7713325435389288;165.43425874096056;418.4582635270743;248.2106548485188;5.516094822469654;809.8720237877211;12.46188446550113
65;4;9.95996252723115;1328.9669364374827;1101.1808482999168;79.26381772013647;663.1481995401446;231.67198849954463;597.9719228245125;665.9745632229019;9.067015040122914;0.4253751257666237;0.5672462790648186;41.1446998864051;0.7533571256528715;186.87012960588646;424.788832530582;255.98430769113008;5.521451464490427;820.912978994718;13.156684606531634
65;5;10.150612340065914;1279.5633869681883;1018.6799390751875;76.56309472049129;649.286033288734;210.0975344847794;568.3628556714094;621.4667876635125;8.827233081769498;0.4215582868720733;0.5729465810508916;41.32637587521358;0.7513865117453179;169.2867848358789;422.39025716617766;253.85748228783362;5.72657830208213;834.4852544524178;13.467785693778552
66;1;8.517804113204248;1374.5273357766166;1182.6016416317973;89.53091441922892;712.2971863843655;234.7391966551698;592.5074183402878;834.2624707668089;8.70118916104395;0.42778427877814246;0.571138887610449;46.463513176996685;0.7544118527611573;187.4338785281935;442.0812597143958;300.0790254403456;6.155435743694364;868.6539128473217;11.95563725977442
66;2;9.29350294951908;1336.7299235568426;1087.6442366539204;85.20267826755246;676.519067254529;234.16472242726485;594.3126602104327;762.7022075951735;8.557210975631623;0.43791335104765494;0.5560249201081334;46.183633364002915;0.7938694713044298;189.93290825399737;443.4650246360936;269.4327211358726;6.343712504049879;873.477384851873;12.799905993413235
66;3;9.08371528445587;1375.278310640747;1132.9471373207966;92.26645168657977;695.1212606566022;217.79632580548318;657.2093221901753;812.430289600021;8.293822160380644;0.4424224393082224;0.556176533393933;46.5508971777385;0.7921790454343188;199.24259295193818;438.23133844067627;271.3801158297393;6.448322421595016;870.4562765615582;13.67688254567539
66;4;9.045364274552613;1343.6400758442078;1102.897429331665;76.62824051015835;694.7322906883048;232.492635816265;605.0351694236366;737.1112596697271;8.339708348001313;0.4341811682907276;0.5685557648338494;46.52800185674524;0.7713668147743143;181.0145171683917;429.2146349035868;305.12273332340726;6.208264986096088;884.9960587737276;12.850205608101481
66;5;9.430093109532098;1362.4543106073827;1084.7708781370354;80.79424289209427;666.1112601835272;218.97970129873957;650.8696824029303;753.3627499141792;8.684551135216314;0.441758546252633;0.5584180803028371;46.879217469242036;0.7590690098567076;177.91052829999163;438.7977651864107;317.1012707070479;6.079220316614342;889.273609206133;13.068546077386337
67;1;31.098957434420928;1202.716493864522;940.9754057538266;91.68060167958322;501.8644472429734;195.8573121283537;503.60580294825263;778.2030300258447;8.35675100649315;0.44200232236156384;0.5537362267974713;49.79889856012908;0.8421054722829916;127.51821883458038;435.71385085042465;247.33541181231377;6.123712479751397;695.6480493966934;8.39028085894106
67;2;31.73081146260194;1219.555712787121;936.8665389677939;83.20023221760304;503.4750948161468;182.97062777922963;487.64535592076055;713.4784181919125;8.051908091649798;0.47518294706694214;0.5208174211883349;48.65398797819385;0.8953590192356097;121.46382808877533;432.9876447366766;240.07781062345163;5.930835625767031;689.779979953615;8.167800790249611
67;3;31.493766905799703;1194.9979273793192;947.1121097180003;82.67357057443243;503.37653073418556;182.97713725795245;476.50254753637927;715.8335324061256;8.219943748390863;0.45735078316090977;0.5348600930514582;49.437721007319844;0.8576775646471307;130.35324810445786;438.16444540870623;259.4459739647194;6.1592362757747905;692.0910516208285;10.030836938779382
67;4;31.655179492714534;1197.7030984037522;934.2793063204346;90.69073555129067;496.48691454947624;192.9189524727958;589.114553483045;804.3366294730821;8.140614288973689;0.45684521258418426;0.5366511155664424;49.926863581044046;0.8341460328985625;130.90144640540268;433.5066813549136;262.98547353555364;6.354000105847343;709.6081733691162;9.034283913963364
67;5;31.980892609645366;1181.5756845691653;903.1949470473602;77.08514244746806;490.54035291255246;203.50094119813292;484.01958286649614;728.5388335202681;8.519627730572422;0.4618747189159622;0.5374702051438707;48.89147228156789;0.8704979397662568;130.19921532849412;436.52721222404614;273.7248516518453;6.325008878655147;695.1163248955355;8.660436635561563
68;1;9.484368303231474;2247.978773624704;1806.076621908297;94.39835611558127;978.701820948518;243.25533793978897;590.556427354221;755.7809307907119;8.91079556144592;0.4333058600121809;0.5658088923635228;44.74132965859434;0.7703844843037964;165.33644770128947;747.8414602483658;262.0403737858685;6.0119622346159485;1393.6205401031905;18.262622182086165
68;2;8.633911757767393;2265.0407502768085;1833.4514934679974;95.81445669003374;996.1924441438198;260.58286313236476;665.3553012342632;864.9468413466489;8.804667261225985;0.44640898333580775;0.5613408166423717;45.27851927939445;0.7928799627569759;174.6294965376499;739.4465593559676;281.0895815469957;5.844678438525464;1417.0709419030788;19.41694052985482
68;3;9.806911563930411;2263.453183339528;1845.6175796568664;98.66356181714913;988.2225261601459;272.5364708563717;665.5804103952647;897.3949271909494;8.489598705348731;0.44623131690885126;0.5517151509059016;46.0314370738701;0.8107723147130481;176.81073969322154;751.0577838526157;309.4185937955212;5.8750024642208984;1385.2826364253522;17.646871943716945
68;4;9.109001282603234;2245.17783624625;1825.0767871658502;92.8588295894558;1018.4917190243674;250.92184875725565;562.2041244966496;832.5910612291565;8.575696198249416;0.4386323439538386;0.5645297100246041;45.55648772741393;0.7722125968699225;159.05817103524498;727.7005483256164;289.20101301685355;6.1191874535681405;1412.1144993574053;18.219148126774634
68;5;10.550895669439397;2255.544431903845;1838.0983922365124;101.24599407514644;992.9644108049619;236.38418787832944;645.0701947961616;802.4288957233949;8.764642159292121;0.4363040842986097;0.5616183922023794;46.11527724410303;0.8020255824943974;147.0751173635628;742.8956387850807;310.42909657261106;6.207888124642556;1404.534142607117;19.411869090341312
69;1;10.304898550349225;2064.135459957517;1699.3600449560413;94.173643513445;953.304196064608;282.4436400625109;647.966796624133;824.8616248515204;8.782410212878354;0.44370270899247555;0.5599200003834192;41.26671918042048;0.7817771683470542;224.49803905086583;688.3829167702143;253.0795584280771;5.64315670738886;1101.54873324706;15.48538377101376
69;2;9.808537328837339;2053.4625641903795;1700.7826417618448;104.10443081739946;953.0472588116446;244.23256430057657;620.9629810377963;797.0161794687479;9.083935373712546;0.4375967205727816;0.554687069946441;41.1720789422064;0.7837696455313126;217.48863387196226;685.5172588627927;276.8896398214724;5.6516695784158735;1088.1190589262562;14.85959858732335
69;3;10.002428571640051;2027.2653412521238;1691.9646473178075;96.8664679423482;940.8982774147183;290.8843850994366;573.646821611575;783.0859756737149;9.065040698012824;0.4389960473049833;0.556382201665973;40.68025179300116;0.7874221772879859;197.82560923753695;670.5376527363982;270.22148973467444;5.634072170664467;1084.7616607881102;15.652540304108333
69;4;10.138742051358452;2042.0070416987005;1716.3748684703492;90.2669689292018;938.2571673357256;273.34357706940364;554.3297077685811;924.0285022582144;9.016056390786046;0.42854137357777944;0.5701503956746063;41.617519791911036;0.7853435082129091;220.62009308422702;692.9296387036832;283.186679932751;5.86396432606741;1084.7616607881102;14.68755225644286
69;5;10.215226320276917;2063.1764061641575;1716.016092910931;93.74295797923145;957.0772047471423;259.46341473329227;596.2722298606652;846.7551003035682;8.998108065743878;0.4427190502508343;0.5539119428173924;42.05953806499441;0.8220165723248168;229.19042217007203;699.9615329147533;285.02395880163186;5.764494630248414;1084.7616607881102;16.092503865675138
7;1;9.001652532479957;784.785228442691;620.2385951768026;87.31879620193884;352.22935812661945;252.42929763786125;641.3437330346513;846.2001312084819;10.031065005973819;0.44657149732785684;0.5441466957645551;44.06661224418949;0.7987893290953513;190.8546841839069;285.2406154055515;330.70277891664017;5.802656253716217;491.9943554188217;3.276156564762081
7;2;9.475269865883025;763.7776032756357;618.517429253233;82.84399083213358;343.00886551703354;270.604597353518;611.642055858283;930.0003247082145;9.792627731865428;0.4514700360811213;0.550260798868779;43.484393217716935;0.8302421988425452;240.12612149422264;277.1206051865892;294.8126469826891;5.799389577959533;469.02310127274615;4.11832708476069
7;3;9.193192440521457;839.0893628057696;659.9111321931056;91.63685552272369;375.4222756503617;269.2189869566743;640.1663560127558;723.2952768979047;9.72897706909159;0.4481486678569124;0.5528895075811182;43.36675802663769;0.8047839465923924;175.22615317240172;283.48394818798334;334.56253662680143;5.7728586837751745;509.77549176224625;8.86148060348068
7;4;9.405867227701288;807.9441631837294;637.478911892575;100.5361789500031;358.1664288057529;271.8270499306332;623.1891592595102;858.1243665898693;9.815292074025693;0.44551923359257045;0.5584992108760025;42.700047220877686;0.8222165684663545;214.1179249909439;295.63366056544004;342.2541157726695;5.735204287150615;486.38139781182537;8.520987183893977
7;5;9.273293653405862;774.1042591445271;625.4822900994253;79.40090830896855;356.0851775629024;292.13486868381204;727.4475779587411;915.3608442908471;9.556840141359652;0.4462305128188143;0.5481251478184365;43.5345552157063;0.8186758429414338;216.0954293813911;294.0377763400768;347.41056715210055;5.785491115804658;485.6128565630076;5.579300203686824
70;1;8.644215654061583;1190.8712817338635;976.6768313643078;81.22189524222175;615.0141347693908;172.96008932687164;547.3644670428927;608.889997369983;8.656499753339412;0.4081963302637582;0.6013263350545002;47.91654377413618;0.6758596892176715;114.87789639208368;388.43447189536687;271.6994349964246;6.646951101419702;755.9528275208182;10.265497007563944
70;2;8.551837187328648;1188.021878099141;1007.7852123799925;80.3256929224166;628.6457788434744;180.09352447620745;585.6004084403179;634.2385864275057;8.924849295930398;0.3998478169377956;0.6062353408473292;48.10506047181836;0.6639671319490884;126.91034575534232;373.8347625357125;255.11292215521036;6.26758691573511;772.6558818172912;10.41103846090499
70;3;8.360770237451385;1192.5589732466692;987.2471678696;79.29822010694397;622.7216603644121;197.24963393052826;541.1523609738076;779.7496938235494;8.6248054426002;0.4072764206391244;0.6034346008786815;47.53845655203108;0.6904806980435606;155.10784973766016;374.70379793898684;268.3949525701974;6.530953955065907;765.5820030518671;10.433052371289323
70;4;8.46007282171277;1201.3536225566634;986.1716409456369;78.40022734834476;637.4359435514972;192.6137417173091;534.7305080126422;679.5558177656488;8.741461554261031;0.4120775740322627;0.5896541028079397;47.58701063593842;0.7199418473954061;143.96069078754874;380.8880452494977;294.49844402843524;6.362727859376129;754.0057240937028;11.059901835304478
70;5;8.857530282755803;1184.5340171425323;994.0432229970297;81.82455670036076;642.2385585329383;207.3222517675774;528.5144942250007;746.7939680564124;8.67191495520018;0.40470617536000386;0.6147783642577298;48.51096425127489;0.6891741953563318;142.24228295781342;389.64960811781623;263.6893992190383;6.633783623230096;771.1134972236733;9.69854763815048
71;1;6.264104870172865;1124.0001764533297;932.6169479696733;85.00210854959757;513.0013737152877;183.76881881103964;628.3380122360555;917.9763507362285;9.200875893076242;0.41495878254179286;0.5845647392431275;48.18712437666538;0.7460903589972979;180.99844340485154;380.40014047240476;297.5695969314885;6.410686333123592;722.3736154965527;6.74491639706873
71;2;6.370661519870043;1104.2230363378756;877.8899206323875;87.28419622896108;500.77959335247317;199.03811136325194;591.9078835192547;808.5163159061029;9.062302503984151;0.4151701513185903;0.5911393354762258;48.603507895028535;0.7324738099785083;181.9121433847897;384.68901186686134;277.7332416502599;6.333664346918219;706.2137563617537;8.573090209786248
71;3;6.4605161264266755;1105.159357202853;870.224690091712;82.992862418985;487.758923493921;223.73152059185333;640.2114118795427;694.1301215214057;8.810693417949764;0.40425345866437684;0.5989056326561022;48.84503101512525;0.7171782238846869;170.1907159282611;384.39452639101336;300.10593223068696;6.281339454613293;703.4764568592698;9.62648155787461
71;4;6.42582249332962;1120.367002741893;903.9550348356387;79.78117479717116;529.6855513611329;234.24997683429208;586.5328601100691;711.6817783012353;8.716157274211207;0.4153729330136443;0.5861764037796314;48.643228115960426;0.7464158149984012;157.4714312544699;377.5571998224491;297.1171473530262;6.224584610774333;747.5033827657794;7.897964211864355
71;5;6.622726010234361;1101.547670923345;878.1172602136847;74.93336345528974;487.12392846915094;190.89606441237353;712.6182509290996;717.573251002847;8.894071705178936;0.4071431192499074;0.5935730633106162;48.53580049845348;0.737740603881017;147.94241369053415;383.2775559813741;305.6461013851814;6.316699304848913;722.2326342792927;8.739752811629184
72;1;23.700360512824673;814.729695988737;668.5133331622724;168.66036175834554;379.4443142732444;209.2140790003567;651.7644851977549;778.245613801564;9.438537973436397;0.45375217749638047;0.5451381862334765;41.9031852829687;0.8594201992619749;135.13255656702694;289.6232592350076;294.05637611419803;5.691536193007314;539.0895866633367;3.5295727711605234
72;2;23.68488272111637;778.5526584033951;657.7209704401403;172.35507631685715;371.89381231824314;199.45804782072497;640.5992426455967;777.1129883745857;9.4814693989444;0.45386981239738144;0.5472029732914799;41.74144611402914;0.8442494945906107;143.62956859960283;285.46607671043597;275.3055714815337;5.806221599917962;533.3980813825374;6.487638329285748
72;3;23.395498079105735;758.8442695638219;651.1582069080799;162.83032901253517;358.4689926565592;192.72740521844622;666.9712499389674;815.7878823251469;9.774325946991821;0.46435389995588006;0.5379852740735678;41.99413466408182;0.8842262183174725;138.39173791601013;293.71160983940825;311.5458500640815;5.595868490585385;518.9598873716278;9.81962567286649
72;4;23.844625041494098;790.9689836962647;656.0690729119326;161.24981865226988;370.07052363094783;180.34137790738671;626.6939077145898;828.1821305485752;9.725332596357527;0.4569253291576458;0.5432700728367759;41.91793563717023;0.848485745382621;150.8358027187968;298.35595462748415;289.8081463306647;5.645278825867222;525.895201235275;5.507071311324236
72;5;24.168380739240774;814.1167660370712;678.3047915047182;157.1939729835237;378.92238476522186;181.61809765164367;657.0191946985562;788.534560958965;9.889646636848154;0.4602765454660809;0.5465622883732714;42.301051529079935;0.8867287887998024;131.2227613834602;286.7235254220719;303.61479219786133;5.676868451352538;502.97812469799703;4.529908246281083
74;1;9.314647426955009;563.842032811306;490.93192846909994;147.7642442904842;263.42625247457056;214.86990953636214;693.4764721671097;859.5330427977633;9.952019311017082;0.4506859755289854;0.5473018250931464;40.52912014770086;0.8443391984621701;156.99871522602325;226.34563868677526;312.66340825689775;5.438134507275787;323.50942661274235;1.7393469311581347
74;2;9.361770437070266;554.2958180535965;494.8753825892569;175.4827652013005;255.01388397496777;216.96130104449296;713.3267688369648;865.231761540334;10.038891891906134;0.44748365991007916;0.5499852296084998;40.528020585676856;0.8123419432067555;173.7350619933632;227.7748738805158;288.3416283500365;5.604769749422825;320.2426340069787;2.0457308856788257
74;3;9.431190549101368;568.4870837636709;517.7469530659836;150.99311398536443;279.5337091173167;219.68177446204496;650.5202345545576;786.317842739374;10.11137480376052;0.4474470334078229;0.553130858952211;40.273362255085;0.8227232716642406;154.30086643637333;217.9984625956903;290.722748868797;5.415202930148053;326.8484923946396;6.311606352276252
74;4;9.27089630463862;574.181751261634;496.97605868607985;168.07201452086363;275.36736280420547;222.45813522280582;668.5455865647064;924.5415098986839;10.089437014902229;0.4513436223087575;0.5427631150917399;40.50151141825408;0.8537098975571048;173.71879334989652;226.66301715435029;286.0994079843767;5.527091333276388;328.4615389732147;2.180523712407621
74;5;9.370216539795026;552.5914508080398;484.55408542058484;142.69339591648972;261.1165615224692;189.64174919783966;767.9062271879209;872.2872524643253;10.08020198910992;0.44620575081731007;0.5488630928466953;40.534400192146215;0.8383908197795092;164.3270399866568;216.61615889894975;341.06420870523874;5.461697862992307;338.9492765253748;8.178820518088118
75;1;9.073259737340008;590.0963402415999;533.3977178958615;148.7778981847026;282.9199548319875;205.890013438251;627.8524317811326;848.5163163682565;9.924991075672995;0.43730350442689975;0.5580030116114806;41.13579731241497;0.8119440382312745;160.1861080904884;236.34022300271877;274.97669442563154;5.368212422384899;362.4085901109796;1.6139831715291117
75;2;9.366343261563573;594.7218332581344;527.774885628358;152.08844098984252;280.47447189511223;217.23789039204934;635.7253741917038;827.7435663905519;9.898828046234705;0.4571514144054378;0.53876759372122;41.098467383218;0.8653773817142949;172.89240242677525;233.0424181536903;290.6338183182346;5.550563314132591;360.224437378024;4.7663392424576045
75;3;9.360960164290924;601.1251060728673;545.5395111948686;153.52539630323147;289.99904797440445;228.1503426088693;662.4016354077906;881.4029143207524;10.07244329075831;0.44889144659807506;0.547218958157153;40.69812150689538;0.8465131146685765;167.01462815636702;231.37333430426116;267.77378240062563;5.673125173290723;359.83300421087483;2.266347083376387
75;4;9.293552032159704;585.4150080307261;511.6277157190117;162.21087473191923;274.15363354797915;213.3013519750846;704.0191697569109;807.5436852832348;10.154558411855499;0.44306216608983173;0.5492241560799848;41.04898855381456;0.8334169704967768;156.03409965967478;226.40337287682053;273.4317712260929;5.504341696901028;350.9070049775081;4.175767744706525
75;5;9.360832623581512;568.0256954951094;500.6348541902014;154.98803800845425;267.8468876150833;199.55391709386038;651.2213044111511;866.0328742877729;10.203092511952976;0.45864991560936197;0.5332028085763489;41.483442506311405;0.8715232119189581;157.8392358216608;224.13262374317864;316.05449624744233;5.472160017669159;361.9538816606431;6.8052460311287115
76;1;15.802410925274305;745.835974872136;582.9469389661296;120.6730564421269;316.59362767118296;178.61229425904725;609.5503078366974;671.5596869185059;8.921185784107227;0.46159694177222926;0.5325071991595111;41.9392315990365;0.895630028154239;129.09961941389497;255.7980083089515;297.771396627136;5.406356704626105;474.8949664875857;6.138328561691052
76;2;15.782037299074148;872.4390449832064;706.963794482217;149.34789773158093;404.4267811438593;183.54772693806825;582.7779635499487;830.7703762695841;9.81024985994919;0.41964295833217513;0.5787450400055928;43.72890403106119;0.7756133552696687;206.09427385825708;335.1275119189696;292.8488611591293;6.08768722008414;556.232027001907;6.4756745768185136
76;3;15.720713494343352;799.1845494080586;613.8550678308136;106.44724416437782;329.2111289723837;171.9638314863921;605.1808733398052;688.3612098142747;8.856978807226117;0.46384026202263856;0.5332834641130009;42.01491867539212;0.8795591993548046;132.9815569723936;258.1215883098849;294.77372833715236;5.452456215455567;473.5028276301802;7.728981091018658
76;4;16.47971921413016;791.586095182416;614.431944341348;121.32161163416674;342.66483112187234;166.81382671495444;561.333473653833;620.3510487448893;8.77553975970605;0.450532705730265;0.5530602453691889;43.58266904914133;0.8270596198644486;138.8708807535601;296.1400374477821;287.1496081918855;6.130145740731015;498.8002687385067;3.9954250213909206
76;5;15.622520771197776;805.6436443102433;651.1622699989456;101.60180829823047;349.509674284016;230.87278216561714;596.4936937724304;666.0035127156102;8.940559427834442;0.4664107292672957;0.53144092441488;42.11250156684234;0.8665684555984886;173.73871029567212;255.2959370573566;280.0099930034016;5.552975785287825;468.5963475367642;8.471760133162007
77;1;9.724110948720362;1070.0613051394619;828.6737133415529;147.67198656165792;468.39278786915287;195.6614177938867;800.1284305256122;905.6982844817525;9.465469510523292;0.45671636476648464;0.5434451314927589;42.98464282606009;0.8440454093418147;181.63287094574505;393.48855988327773;288.08667775111485;5.119168388518689;695.628741550299;5.147402334904518
77;2;9.012061045476543;1056.647522699534;795.1014929359585;143.90787517603255;454.4268337589041;200.56100182508928;635.5230948707986;916.2584692073957;9.32361091674975;0.44557131549338946;0.5569899214126797;43.05802373394639;0.8204356399125462;182.1963515731663;387.58061232103364;272.7512728736185;5.277020292466335;672.8058625833454;4.893816312144668
77;3;9.750490305441444;1059.5164350413295;840.5525846147606;157.8767153457108;478.38535202528294;186.85642757506113;668.7477550667135;805.150503868195;9.385648668531424;0.4540855472376926;0.5434591410052099;43.523343885228215;0.8382401226751399;149.5198733949644;389.6144111030484;283.7134153514556;5.4382699380653365;718.304932762098;11.43359093874894
77;4;9.581109959538757;1069.677516280981;842.5212940053649;144.7804696999644;477.4546147954008;191.51485231628556;692.00036140103;853.2386431512782;9.116613763488884;0.45367285858559503;0.5441648363754111;43.143400812176516;0.8408146836704756;153.32845231642992;391.19870912955355;287.4783175389606;5.262551401967492;716.9796586549927;4.759540906167484
77;5;9.557070408883035;1013.9949639854796;786.3166560276353;161.58996597571848;432.1461427178806;191.03941661037504;671.312532307556;809.8010021077384;9.229085830350966;0.45291739384756063;0.5500522134173061;42.995530825740516;0.8235412076574288;171.19902758189076;378.35355703139135;304.8625139068119;5.230552456740394;621.8593957680414;5.048117731220704
78;1;24.114046316812964;889.5907819899321;705.2732278536957;149.4532830951228;387.88626535194186;197.58453373128344;743.6436131521484;814.7764963045198;9.251119246941538;0.45494600626884846;0.5365842627073737;40.70958871397182;0.8778541292642673;160.05980057848365;320.159110264136;254.47120363654466;5.445718072966387;489.81545715020343;5.416288967764436
78;2;23.66076196324375;796.6846825236024;629.1333954438373;156.26895390080503;339.9540516509681;208.56185900185866;645.4759252244415;909.1761902689942;9.196116340204934;0.46245765491965085;0.5388920614809001;40.7130357403422;0.885596016050549;169.5507140560081;314.6948997259526;297.08389939828174;5.407109520285214;481.78052700230023;4.751643041991602
78;3;23.82932101855576;768.5569559380366;630.6536068405547;150.9319464737576;331.3258042428105;183.51445902078973;602.5814499066942;799.821111044645;9.201364468322677;0.46604809651698115;0.5346148776065712;41.08042898059179;0.887390177673041;174.20161566612128;312.8960339130296;273.9859114080475;5.40097030085531;479.08161657130086;4.279080619756628
78;4;23.971988017358804;855.7782302326065;684.3329263162466;135.4897939978941;376.59852942701957;193.42472821878405;708.549300315343;810.737773655197;9.206389894614894;0.46669556692514835;0.5295437955363836;41.086709380108466;0.8895984784548215;149.35357683061255;311.9971595046117;296.37029633390995;5.429003405045579;480.8212482790765;5.438046890856285
78;5;23.642241478565076;846.6845591816245;676.5763718063556;155.4088075366211;352.1398133378665;236.44011154134844;614.6156235475407;737.3822072808803;9.246862106437849;0.4788282591133743;0.5191949629072475;40.95101624325404;0.9210186181055061;151.41909625402593;307.963832093872;291.8812356600225;5.238237593208373;483.3877641734385;3.9479220980821244
79;1;5.732868919248708;752.2023320533938;633.380355245107;125.82740863920482;339.9785028448211;206.47067800013016;665.9500491429145;728.7457590729736;9.28449467082043;0.39578532436625713;0.6048217267868088;42.28832471571634;0.7037504798022995;168.65918030235886;281.84181227152277;319.7009512094439;5.718327490805158;508.2966120396679;5.274108581701711
79;2;5.806681362245302;795.416763509218;650.6930198132503;131.20336799617405;362.81166926649945;219.4635469126633;608.910767159134;690.4531739325367;9.346303229725569;0.4029503125157744;0.5978675176763284;41.5724750016939;0.7197778199403361;156.15480425733932;281.34110388533355;327.45369700800296;5.601167798691956;528.8136983195458;5.512371036651777
79;3;6.028299787784325;743.5125528254576;621.5472141764992;146.07883336531808;346.58195479354544;207.56905425900092;697.9932225274767;726.8798439177656;9.358941601262714;0.39308241457403287;0.6134533275537644;42.102053247201084;0.6772438848134077;163.822150557675;262.86639949837536;322.90627063952087;5.74270685129293;507.90204698130015;3.936503560202615
79;4;5.896702798117514;781.1677657144842;636.4900446635205;124.808330764471;365.81905964322635;213.6231983512266;563.049678083073;705.0373554193377;9.119797647779325;0.3986426234921797;0.5973688394653021;41.97524120618087;0.7138408746933723;159.46805131163367;273.5728891863431;288.63802932691385;5.604302503070154;471.6717965502931;6.850969601208319
79;5;5.90713623980106;777.6573589684687;636.7881392710323;141.51778408492294;361.43485349491334;209.97755358597865;670.9543517943581;806.1276106787556;9.33394132492131;0.400698748608606;0.6010375461984028;42.12920364681716;0.7038083490958783;184.4719976553679;275.64372332652636;331.4457233761681;5.620069735497679;505.2118160457517;3.493619076485361
8;1;7.447473754518402;2028.6671623593902;1659.320895902229;83.85796263780523;935.550714987726;290.25584514415397;713.192529621194;1031.6413331837468;10.024512374493028;0.4290453571243129;0.5670402687396431;39.343356557152376;0.7653936543525728;259.1118734642599;679.7020269007725;355.1632890319312;5.36324138882473;1299.8693722108355;14.854144954379892
8;2;7.459544158526349;2040.2317532038262;1660.2125419329864;102.35536454673256;915.6842606993596;314.00254421256074;730.0896988242224;929.0423333903896;9.968298010654994;0.4238315629479687;0.575263300299647;39.73626438266391;0.7629763950494635;239.49286550403986;677.7401659896907;345.82663817113223;5.277823735902941;1305.0194584500894;15.640037914726927
8;3;7.8546663970671196;2060.8713928700204;1667.072663060698;87.90699452421997;937.3240508979109;305.3017965175813;770.8899359548776;1081.6554084035747;9.648877591102142;0.42255577704301844;0.5730067044714063;39.21259533106933;0.7444587035376238;261.19353868334474;677.8779528892925;323.95850969353074;5.258949978211479;1300.88502289666;14.012994934747118
8;4;7.310846076780295;2010.4641526489092;1683.2471715408628;110.93956814881896;936.2994107175512;308.42611087805085;661.6844737858469;972.6690454751141;10.183711274776003;0.42339324995138694;0.5720522734877939;39.38918650942453;0.7481322372414998;254.8699292972604;688.0902800166127;324.8311478174379;5.230836976257189;1314.070976069565;14.425659123011153
8;5;7.604791341573737;2010.288418190628;1652.8287899235522;95.92415181559689;919.5605545050839;307.62363352726;730.3638825727784;1105.987773814507;9.904005704772644;0.4227631927377475;0.5723223907500371;39.911731512107565;0.7671775065540904;282.553421803106;674.9900105518034;344.88916012978683;5.659114741211487;1312.3531002031343;15.47258859425982
80;1;26.61880556337367;1200.806122286645;934.7226904185497;115.46788466091137;537.9405688153589;222.17499274618677;629.7479099638117;1131.7548057624397;8.987954124284403;0.4473949063688348;0.5593025780171895;43.78811001838152;0.8148252516530928;302.7346135791663;401.63296811657546;342.18700939829347;5.360997238510485;804.153617066166;6.3423352754781455
80;2;27.08094389695457;1202.3164370936663;926.22773064387;127.27917058330577;522.8541869033841;223.14555520745702;684.2665352645481;986.2347494807711;9.14541330246995;0.45795472213171934;0.5450781465396097;43.87818723929396;0.8139044778889725;262.63519655551585;394.7661648393353;309.8381193151931;5.273797832417745;802.9681725470971;8.5651946075889
80;3;26.898968746631144;1171.0167213117538;939.1404954903472;113.60925644980065;528.75833485132;235.14022725971503;594.5095947819748;1131.1513130399715;9.012833494543012;0.45269639621810476;0.5496985330686115;43.81371035240382;0.8112793218303187;277.9190897737534;396.30766046804877;280.0961895283693;5.721079989307071;800.7631314904869;8.73628911759785
80;4;27.34095038426926;1158.6217392276271;897.9982434407792;119.3504245577664;512.4986570982697;213.81069768555892;746.3494911234022;1094.2593369351412;9.122514088208515;0.44410895071515016;0.5609301578558682;43.61144578885202;0.7760508561938667;305.9304453236296;397.4355591571989;311.34316162516785;5.355850053540876;789.481362882737;5.97569125034782
80;5;27.023900298377708;1165.7820027952357;908.7719773332037;115.93123040684374;515.7523673407454;214.34521903252826;708.7742466254563;936.3764285574532;9.195265238135464;0.44980662238077185;0.5558682028748327;43.755569737504075;0.8137047151158165;245.4021894628375;390.4161726910534;315.4111469419866;5.688898045556744;777.8902021767733;7.41375150250456
81;1;15.004616444010649;775.6184554462928;643.2584446554979;156.72843625308371;354.6671284717647;208.90999263618454;623.8678406267054;795.1848613589932;9.436697012478827;0.46604334901942907;0.5228005703151279;42.32988086298093;0.863664033622604;142.30881391542633;303.92241501733724;327.10784186336673;5.439337182446216;452.16346613322196;5.214057246649982
81;2;14.866493982976264;777.2405487683858;653.2397600495888;141.8813609757522;359.5477171284298;187.06364965489973;685.9511364600446;761.6188183366284;9.554818699700691;0.4788701424439002;0.5245229870514719;42.38909755426853;0.893853144901851;146.6427004579443;302.3667175438274;291.6437393504266;5.17113453899292;481.24564318923956;3.0202320351652623
81;3;14.557722786253837;825.5992078040877;687.9556624658521;141.23251431487049;383.42738071027526;180.28416081813236;677.9839673919691;683.6357965786597;9.510175723635111;0.46461738037344646;0.5289660782584827;42.46585428794215;0.8810894300119874;142.05619554132417;307.7386322122961;290.3969549762219;5.44070382839197;487.4985923426975;2.2530436572587518
81;4;15.159218490257686;806.2258591533034;676.2063758012409;136.24596862459475;360.14118073879433;176.47722283649819;567.3841096310814;700.2272700222597;9.286173779088207;0.47519969639540544;0.5248230270888334;42.045739059992826;0.8802005574982625;135.4596628095307;308.5424808317881;259.0456163981778;5.292994182319678;470.3931336716343;4.175344749628137
81;5;15.582318569521021;779.9635693266998;651.198714150748;120.78601652593755;363.1586282256131;189.01512250024612;651.4087790434152;844.9350591885014;9.54341577525947;0.46519677902763;0.5308251908104715;42.575706089488676;0.8520929051873612;155.69075140994545;306.01399261874514;310.7568963435917;5.45706937845089;490.9269273740126;4.939250078706524
82;1;24.431035122129583;932.3451367110442;747.7038973820768;133.27118617732222;394.3735689518856;183.38489847220453;592.2494777545419;637.8480775575398;9.208178780833572;0.48001829371672095;0.5166176914386621;41.89549134783501;0.9171175192020145;135.97352510459206;367.9368951890354;268.29735015188874;5.3714936740744;593.6048724076946;8.862562444296838
82;2;24.3852393534619;939.2392060620969;736.89895321308;135.79758757419296;394.33644170303586;176.33887324465346;743.7000739384869;733.7335198748591;9.181368051670923;0.48293945816535444;0.516928801765645;41.448084573629096;0.9322157417512517;139.69273519918372;369.03112579172927;272.72536595438737;5.426031736959092;588.1218409284364;4.985589246469941
82;3;24.27165855913112;879.5967721053174;672.0484246493841;145.0784619050477;364.357602532615;169.93002661545066;579.4658956754406;653.052603772805;9.047778091640284;0.4751908071056301;0.5237484207635368;41.56901568844651;0.9352926154887267;140.06816157570353;362.7017828538755;286.6779206226921;5.378558098721744;554.8048285746369;7.0384825996424025
82;4;24.6761028302243;898.4915844613355;706.2140790247461;146.29634566304057;413.1045158389247;156.4591288883713;596.7270743120357;673.1387374232469;9.115559232670874;0.47215593613043;0.5350955417936872;42.70544073218982;0.9077337253557036;121.91561041556828;342.87383937484367;318.7153112009247;5.388883861390715;534.686776942707;9.701294727934249
82;5;24.469159932825857;935.4794323265394;735.9582376941062;136.46223970202155;402.73712351331284;200.12247392445465;747.365271981372;667.5003397870407;9.094142486311348;0.4776747497072488;0.5273705999168687;41.55001360804094;0.9253968607903316;142.56497072356197;367.5249103853969;349.82539892612414;5.247302303054922;582.8741643404229;7.83389089710575
83;1;17.520165183603325;1008.4117402511856;825.0364180342337;125.47258366525595;429.67283064096927;215.76154590737139;688.2450474822097;749.2578088074022;9.300649519189353;0.47339458630389536;0.5185450931339688;43.11706762636438;0.9359065671217596;160.89069903846013;395.17197903578517;282.59352032521366;5.285979766868511;577.5121011002831;6.114969796975433
83;2;17.4009169959899;950.1173434347997;809.5785324899485;155.61298925690292;398.2549395223621;257.3489997853408;726.7834966948907;788.2375342716978;9.346185664919203;0.47113064688913625;0.5187059071063038;43.60600463822332;0.8889252241021965;167.6513170317484;423.97282575595733;280.18354176978625;5.442895934796361;584.5525949564975;4.888243257754849
83;3;17.28899078973496;1017.9879908544566;812.883632934405;127.63591837141567;428.66826347087;235.79465087987066;706.0825836828357;787.0539922505668;9.279333992382421;0.45713388587660014;0.5459877614478844;43.12903047041985;0.851787317150089;160.27796602538226;427.05227081487965;346.2626958801281;5.35447476490184;575.9509265509437;4.575770494075158
83;4;17.26680333119758;1017.709036377475;838.805865587187;142.751729184533;427.09782137299703;216.07238595155724;657.284739846717;750.2510445815101;9.395366692226633;0.4691705465457631;0.5301930052958894;43.478901768699956;0.9009328154865253;144.34955350395177;430.6062822501628;315.3242914398242;5.442905057392171;579.7072163085339;4.239565022231638
83;5;17.893306330428324;1038.8544440571375;836.3858018981442;128.11217375856907;433.64960982022643;217.09216741297868;696.1534881374276;713.8425347338615;9.064055575653684;0.4861991568027976;0.4945405804353109;43.3888321686968;0.9583847372212676;139.75313583405105;424.6742434957708;386.92609674593626;5.397074264244219;585.3240889585671;6.987860341281913
84;1;14.614641475733652;1289.7697450656137;1036.5027700822484;140.72436180989595;572.7185862467642;283.08963423456976;732.7847750447686;881.2850156896711;9.805185827099928;0.46493191316358834;0.5288730117884295;41.33428444125873;0.8962672313903588;199.3658201475331;487.8223260538333;369.40671145156205;5.227469569828108;800.2026083965117;8.103404961050675
84;2;14.192806352897508;1289.2903716636706;1063.4222158452021;148.83912642693312;564.2512669696139;276.0738722169046;773.765060947591;896.280511474311;9.794323033425439;0.47364976774066625;0.533621765486852;41.26394821254221;0.9072232393193955;182.90940916682626;490.0830035470072;332.6471155270845;5.474069824060432;774.2101050381331;6.026517359091742
84;3;14.271507618934162;1309.4423056255996;1040.082786823964;152.69715036569022;567.4863234369994;264.29396162531845;690.6201627919647;928.0038617770022;9.779544092164782;0.46158035171081857;0.5353551337540037;41.20305808387092;0.8716548436837934;199.81675376099432;496.0834630424891;300.10633630845126;5.3754705692306946;790.9176653741982;8.080923953886064
84;4;14.682623312788278;1278.4996403754571;1019.622222564971;119.85624532677917;545.8883551426574;294.0845846748086;803.9049284548418;937.2151796782568;9.815416069752114;0.4557648903960875;0.5395716587891223;41.28053029550876;0.8639628606128521;202.4605620261395;502.703210730631;410.1723666410052;5.171824609532057;771.546254731894;8.700973760249784
84;5;14.865446841515944;1274.594402471366;1020.3419129011609;136.59250836752727;552.5476382640489;253.77808062055206;700.2712410838005;978.7492534192083;9.806860979055434;0.4729438567658853;0.5246341950512317;41.78846846080049;0.886938396457216;199.7911406248411;497.4395220775568;381.7208743630223;5.20825485862461;763.1158880715194;6.860700565208907
85;1;12.142536067793266;916.4337572471514;740.8887228948337;127.10844398955656;399.4819711186684;246.62253710778916;717.1333788057159;783.8171082031496;9.361845764500712;0.4566155842356462;0.5475026172928691;41.29702749718033;0.861101992484381;158.24147105509763;323.4229677534214;319.9270801825242;5.347526351722647;545.0324883944236;3.8218242424577373
85;2;11.737564444938737;876.2505924118672;724.0397927609105;129.34998249927182;387.623084507751;256.2467719099324;803.2210163421466;908.9838064941895;9.208976080028611;0.48554595656542354;0.5034731273543017;41.83762919770915;0.9178517574246128;194.71207335546896;312.9258929730929;360.51329154177296;5.353237603521411;534.4072205191108;3.322229920939557
85;3;11.99386053786149;912.9257194185058;756.8215512799957;132.9931986589514;398.93502161332805;234.63815160076334;710.1076663363813;832.9751124372765;9.197414726325102;0.4606340690132825;0.5371436239233579;41.30956530995475;0.8438935420922785;174.73234764144755;326.2307080897128;329.0797011307847;5.5505047774980225;542.6519088944008;4.292553952511776
85;4;11.911764136192666;857.0747893624006;711.549812147858;143.0260739557545;369.08527810807243;236.55032273353183;718.8440846897531;838.9291785537926;9.256283389290305;0.47832545426840245;0.5161671124860558;41.831744124062524;0.9150374749793653;163.54254641527447;312.7247612678391;330.88153603489;5.628138182246206;541.4869010515979;2.7503807084021963
85;5;11.982918110791585;876.4816026987617;734.8285619880579;142.06427011778177;385.59355900495177;246.4556105039517;746.4846665838033;838.4850071316761;9.186565045641784;0.4801153769056748;0.5183509259925727;41.63308906730017;0.9226564071210894;166.43289948567866;323.27632554072363;298.02411811507153;5.60335532059533;544.718983026403;3.8277593371009924
86;1;13.614667498757829;783.5344798634801;664.8723813897639;125.39375800123315;387.0082384637673;255.68520577592068;735.484720428362;911.4482247428512;9.659479482365269;0.43673977629921723;0.5525324211244117;42.59595247026968;0.8212413750087844;166.42009516027798;298.0264001193548;388.3172124359416;5.658512504695426;479.01711172557293;3.3013137428774346
86;2;13.778569856094174;826.8860158029912;702.1046615196095;137.51760048881405;406.1794409673192;241.87530649732415;836.8220923653977;868.7825395724741;9.651954192758001;0.44925856131328495;0.5485054327858954;43.29948631590206;0.8484043358335007;147.57197600878803;292.2204011850193;431.4008455521456;5.680583003909594;508.03819909052925;7.199035604022789
86;3;13.969495178578518;845.0921948827887;714.36170534045;135.67423430341756;398.7831940727878;258.57118259692373;673.9889436800127;856.9617488036904;9.620331668743821;0.4554066537074913;0.5534425601408899;43.05625280395427;0.8399056576065044;160.65581400527984;296.46018015915627;267.877386464845;5.562507679445646;520.7752139979658;5.311650143746086
86;4;13.652893178472725;821.3770640489673;683.4338704523751;134.7861015781114;387.8782767108672;241.54158859111223;790.669913132037;844.2487285785697;9.48502827630664;0.4414043183579949;0.5623838089772262;43.49649443458034;0.8161008240302694;147.3303314917568;301.3963735731758;304.94443937792096;5.559114879009666;511.64966496941884;3.5901327264029685
86;5;13.859695456841305;793.0610045686583;645.0530437672778;144.81712352376624;377.13775476846666;246.9933268205919;758.9732705158142;848.7444531293538;9.519056889008176;0.4469193495929314;0.5562120384363367;43.30625101466564;0.8511177473908091;149.83972535312725;302.39292882969835;393.83960344637364;5.655560128972699;502.8164792143055;7.974974064896476
88;1;9.836474219290777;702.0804006907132;557.4547302327635;144.58250517720748;320.5019125522663;214.8392405694923;741.0547115729269;707.0792715433253;9.656280628748645;0.4469385450480549;0.5584332584078371;44.19604644959998;0.820173912265157;161.9845729338995;240.38035419536897;347.26311398761266;5.630548413665446;429.77740910394505;7.908307426862629
88;2;9.05091197689356;640.83854711834;517.0870444334213;131.7472247045853;297.4302077085354;219.74704329670567;734.5681302379658;902.1027168674111;9.514382940845458;0.4387773911761652;0.5512363697714491;44.138674707342254;0.7872582633652463;179.00066761148094;236.29277931498646;364.0301082915585;5.584613714174867;417.933711950484;6.533271278123353
88;3;9.312738426693532;647.3396176799745;510.74432070122856;145.08432364451482;293.3628458233143;217.0815713129463;744.5611764556006;969.2086042658036;9.39322334190957;0.4154293582495588;0.5839852626293014;44.33825449569134;0.7449052793564925;213.28935214028843;238.29052315610755;319.5434264445461;5.513022115059602;403.72179209789823;3.339418383287018
88;4;8.759332355880733;692.9149670442863;570.2140766210395;132.77423448795847;327.14948935853175;226.03738715755534;703.6327785881946;784.4069482968232;9.598539152901504;0.426299719871843;0.5685115090086811;44.13918909136845;0.8258545017962868;167.21755881178123;237.93014305863358;278.73717130301804;5.6109357543134415;442.0696177451448;3.504557002869238
88;5;8.999622199049918;650.7770719215303;519.8683990029297;146.86366044025038;299.63827160725464;202.46831520280784;684.7802714622293;874.1027824291306;9.473707861650336;0.425835306667028;0.5751743070500558;44.340467648754405;0.7565145963036619;179.5921536105566;241.82834929837838;272.10252202730624;5.58198172556382;417.0643315502251;4.489687666988937
89;1;14.137702330005059;894.0140944771226;692.4439925286802;158.00297074807847;399.2979407942064;249.21077733741248;767.0075021111145;965.9003951774486;9.528877945198747;0.44706293098663963;0.555453794873825;40.96779980169998;0.7856691882500364;142.68622332405317;328.57195263167887;288.01264558691656;5.389334391956973;577.5640559608001;11.39282122109951
89;2;14.049697617836022;902.067567481834;678.5469698714032;132.63124327957183;402.83387632378833;245.61062713056438;736.2175706538374;863.4101641692495;9.3012977400054;0.42946359865852674;0.5709290815874004;40.70318937485779;0.7505728782868046;127.13548398501584;322.98743142106684;301.7880462581552;5.2785622729356465;587.0470048310613;8.291571274695434
89;3;13.958459475618051;855.213906734687;649.5365576604139;127.97622931684683;374.8139315329495;269.0117169883681;730.8494084450604;861.2308381841372;9.276351666799806;0.44422090719326035;0.553607761952652;40.59075705918044;0.7783043884931145;116.72241028116929;331.93951930539333;290.89431095246533;5.448036284342021;578.3762833049784;7.511821024399901
89;4;14.033741192164323;921.1190453935011;710.2326922164428;145.57838743005098;410.16073762187864;219.39720989049428;679.2372401316125;785.6632837000038;9.218153629491907;0.44285806982955694;0.5493969195966796;40.70934388324209;0.7839925549102184;117.36164146867424;317.18282223894215;254.61448025218917;5.281939004586089;567.6421730459301;8.391005632911705
89;5;14.058700948051472;870.9319695607437;666.1278510297644;143.59060055040393;383.20989405229494;225.90984860044466;738.5356314897773;852.8675498551239;9.339400005512932;0.45347468829185367;0.5428939481070278;40.572085041611;0.8064577941793142;122.75474743261852;317.5296248005663;300.57999149558407;5.307739045137712;571.4511504888253;7.591281172723902
9;2;9.16345228609458;834.8516076943557;708.9931900725936;89.92615450906169;425.2577895256699;284.17587454535726;776.389491868015;924.7352374642904;9.933580031311726;0.4335647691765631;0.566677570522391;40.35001190239208;0.7917657322778214;185.76886769898655;285.17138995031877;386.18967715417983;5.6742944381577525;542.2449930070602;4.889102237596435
9;3;8.984926492940629;850.4398740994917;701.9465641998664;96.87853304415142;423.5316988162561;287.8027698072323;698.3449662768819;942.0225949220982;9.990126342521393;0.4369689291460645;0.564591147533276;40.40734976157851;0.7799028941208574;192.2759208827397;284.68916129201205;349.2367676714863;5.6954926487286635;541.2583502685096;5.636626097793313
9;4;8.807360751598075;871.6091228550617;709.8572944439385;114.56905956028177;432.1723626330692;290.7626347446602;796.7506849157496;1059.5851118971964;10.01935852641512;0.4375733089664497;0.5628085194200502;40.460791489854856;0.7958891155490123;209.96698495973533;290.270549360369;379.3428769865759;5.836441420545631;577.7090567672216;6.712168639687592
9;5;9.228875205796118;873.1778999171435;709.2116269622426;120.37479038734689;428.86568463599286;304.90451271565655;789.8669899625826;1087.3263412647632;10.035562881246944;0.43920718630641004;0.5621453711366329;40.80907378288018;0.810598328936799;235.08918795660745;285.76146098549924;390.0496821207375;5.731282350180885;575.761387259289;4.24451674077027
90;1;18.349526828804006;1034.4811614584232;873.4769970735834;147.79829198890363;527.4115890715603;249.23053804852577;715.3859556212536;897.372155078566;9.499913905838033;0.4328578058899088;0.5642457434010035;43.028477883411476;0.7759112547834978;164.2492502267684;345.1608883360895;299.3791135484496;5.506146698763656;685.8608855886704;6.929092215635064
90;2;18.411153162977655;1014.9622181973599;841.6445095194026;127.6182162404757;505.7358064091334;245.42906169804817;797.6964329992169;943.6459033750098;9.58205975392169;0.4523458445040326;0.5469401141225307;43.12546873653154;0.8273900160990718;180.2676563979848;328.61298486427296;327.77708200864424;5.458471683505491;611.026082463882;4.712934978053813
90;3;18.45566151186016;996.9102738337896;833.9422909956202;155.9885329130602;504.10169336270684;234.8293814605954;763.386225065393;900.3505371462578;9.613573438440788;0.43474349146029445;0.5529371842126061;42.88980281191447;0.8055517850412042;171.99868204515548;327.3912958909352;339.8819940888966;5.444597226512866;620.264683305673;5.41226460815668
90;4;18.678167281511755;998.5366281330687;816.4188445750326;123.86332166782175;495.34378194559076;258.1170026456834;749.1451703457574;1100.2073514060755;9.722591893677212;0.44648137124177395;0.5474654802563912;43.16587354858364;0.8027374756477191;198.66898631234744;319.1478410490532;266.02502342541595;5.32912413783712;565.2276003571143;3.0672994590855653
90;5;18.282015585661103;1000.2938611885497;825.7954547899227;119.69185420216073;496.23932092242944;257.6825542228731;777.2615272902028;963.8854902050911;9.567556502905443;0.4400613649449637;0.5495411644771785;42.98843616782965;0.81344331480451;193.67805832388206;324.2595555081575;395.9875420309704;5.618000170726669;589.4974488441726;4.879718230718489
91;1;6.177021387956829;1200.7115253880506;975.8879877296714;162.0687084369421;581.2237370643214;255.09182761511644;925.6354290514822;1143.8705181752746;11.287723551939834;0.3665683835998698;0.6385695554921155;41.43463350351567;0.6143035784506327;202.06935446515647;370.3186751129098;323.6454291332651;6.050421693100366;841.9887159121646;10.216695616630075
91;2;6.515609469281471;1216.9931066960396;985.9747847231058;150.60213579609072;587.8043010689812;241.93379654159696;904.8278225827328;1109.4771186950718;11.30747918734054;0.3753211886200329;0.6218676969078123;41.51301689277515;0.6155425701941423;222.3385760260075;375.0345478986798;344.5859330697612;5.799895398424278;850.4324593667599;12.176052089537938
91;3;6.451461039195803;1183.3460687963832;974.5550338065165;150.5584694893114;562.1420374566275;266.2696220688681;978.96377066389;1199.7648589523585;11.31958575898792;0.37046223182489485;0.6265217244128568;41.490605412333686;0.6116654120548038;242.0139334097556;375.52790251367645;400.7709700338295;6.0567467922258444;852.3379794178181;11.885575956027767
91;4;6.4605106802563625;1199.4848036534283;966.6755569617749;135.26915361594266;559.1978681165405;237.85676357233248;941.7704768112548;1078.8608305938149;10.9256107737765;0.3694103797014868;0.6246873986939037;42.09466446793353;0.6178867150491846;214.48634702984924;381.7970331828855;392.8425971062204;6.0191127262325805;835.843034215866;11.453893354006103
91;5;6.354289924372636;1225.370313815981;999.3476294269027;140.6812000198881;592.3164345788678;269.72248316905376;954.298485257685;1175.0872356535415;10.555186040265529;0.3737320523420146;0.6231137882694092;42.00779500751603;0.6153743436135735;235.6857276226859;376.41145435808716;474.366519658947;5.947270451220748;844.4193183962643;12.045757234145443
92;1;18.640395395707472;1257.6577108708188;1014.7668963829677;156.06624670906072;603.506334469132;217.56871132568898;739.4087324968522;906.0540285171486;10.80988517450924;0.42284534863573514;0.5773260503657226;43.96248466440661;0.7422235900770748;232.7520382100403;424.53255711955137;322.1660344534948;5.829864246051137;790.5135694286909;7.997827703604077
92;2;18.90673153363994;1264.1494506225715;1040.5840148460632;140.8446915438882;601.9342402861885;201.9473051876945;645.3866850261063;831.4374969955809;10.723525397883268;0.42418886504170816;0.5737053749390401;44.27792214966018;0.7370153588855358;188.16531214997428;428.7226214056357;325.33725200990835;5.750185593889379;847.6733638766541;8.573173886656294
92;3;19.258227831675576;1266.9533265362516;1019.5868765123073;140.82718401874882;597.7157055571133;188.41969204793125;691.1344502827964;895.2812962632825;10.906042189129161;0.4292302488628742;0.5715134173563069;44.43767366018785;0.7573039225842235;199.147778834963;433.51111916363544;301.04053290229774;5.681644806710677;836.6883311344022;7.728899795573737
92;4;19.27896607057912;1256.3795479197686;1036.0846964067277;150.2117112649059;597.1767163913357;218.19832441767562;660.6849606877787;902.7886926230653;10.710066702356956;0.43327838636373134;0.5660308869473338;44.214560937681874;0.7516168676684822;224.76151575877444;429.11084963448025;319.18780076140706;5.523573329988766;811.5444958262223;8.344677977667354
92;5;19.497988064028444;1241.6125632720216;1023.1615105171818;133.96508024402172;592.7413047157047;217.9581885997242;677.7550977015593;937.6397655060216;10.898652212728761;0.4234203630130266;0.5718853733446223;44.40648007907225;0.7317284235443148;242.655900260002;421.9893092274198;285.8130496381004;5.806107248062058;796.2425505047411;7.329937906436318
93;1;16.546847587331566;846.1168374953489;675.6130103588453;140.13898269488718;396.73338164450604;243.62229525722782;774.5080877832735;929.4543196988495;9.953457923906699;0.4344255111384291;0.5638193505585491;40.475134708346744;0.7630244240264171;143.79418102073163;285.7584102369402;324.9476966183803;5.617109572756489;554.403380537609;5.224430379005512
93;2;16.709232432070735;831.5718224343584;667.8983005606718;152.7056016685317;387.3542690693146;260.86407152399585;736.9189204782351;980.5361505780763;9.910419110292727;0.4371217867512932;0.5608265153400532;40.388080021338986;0.7681200753752858;185.06168085798208;294.11387791522225;311.75720200661965;5.575044725001999;570.6669881397028;9.541790893923611
93;3;16.385872666738283;833.9160957035148;665.5791109370642;151.37737727584096;376.90719686540365;226.899860779041;720.1509167819098;866.6839305084388;10.061971511025224;0.42973166252407924;0.5647141499321117;40.280046267957516;0.7736957674872218;155.9819366761376;296.32509650506773;307.03657736280974;5.614726015322658;547.9844333454853;3.1570616990852263
93;4;16.622748839644245;773.7183755866052;629.8259675030642;134.98826585584285;360.42197764448093;234.3904936931257;718.4686714056272;789.3774266087775;9.782365063207624;0.4330482349374606;0.5640227001325032;40.18292375079524;0.759067827254678;134.8634592468481;295.3563858838824;335.5883099558043;5.537726704505648;559.7721537391623;3.6192467592195725
93;5;16.36017411262864;845.7270243520571;663.9399796081688;137.76659279519717;378.65224212785813;242.08293796402867;754.0222087439754;896.211263776526;10.110985012904921;0.42105124942603905;0.5716121677571274;40.5064420157745;0.7319364466370668;142.39352215608378;301.3163819239674;340.98204195834046;5.468139346062489;551.6115907752466;4.217746370316664
94;1;10.167417066042391;809.2048326711007;644.4957090129744;132.7265015061402;383.0454042301878;207.4439465334517;677.6100588988135;805.6729804352798;9.568893591520077;0.42925204110874393;0.5651050428584874;41.13254189303585;0.7751556039744557;124.68838597680691;268.44796211279606;301.3326545995651;5.868465359849116;498.93040094719504;3.7064146199385997
94;2;9.669414667771644;839.7368102342745;668.3168487784205;114.21931324157464;406.80435350623304;191.90509249369984;647.2156048849303;815.7358707175567;9.566109578268351;0.42361812015890743;0.5717344778930503;41.37362746084963;0.7660954984375357;155.53902181323133;267.5204661361112;305.460276133465;5.7997459734881955;501.37623144754116;3.7677015685125212
94;3;9.563749500456591;765.9922041012169;617.4493837494284;132.727216097263;369.9174359888298;209.14260590582026;733.377437665911;771.0209181654468;9.633967887411487;0.4189061713481349;0.5777420070827421;41.54493679744805;0.7668990242714818;117.8696999520872;260.21715141672155;309.256594064195;5.74207391677033;478.66768661072746;6.19707894501525
94;4;9.71541284615052;761.6646361139111;632.6400332763667;148.05654142269887;357.2148481050527;206.49835317710026;783.6296698070178;860.4758147545009;9.455355890014143;0.43717239926170065;0.5589777448922073;41.292948930774834;0.7778731025122491;138.67829868446356;261.38094829902593;404.4337709133977;5.923269965531399;474.2760215385912;6.394540795326528
94;5;9.913506586929065;805.9653151684473;658.3967521498217;141.1317167060548;388.8369203790891;213.41299705129353;706.5744306289272;890.782441339243;9.653756955100937;0.4200903636037304;0.5802335510451715;41.46761188824;0.7547834611007964;132.06471243682796;264.47556188970003;316.2412488218753;5.820755437533446;482.70084148383216;3.0737196487498286
95;1;15.95091760008283;968.4086712930732;777.7093551973848;130.52164818214888;512.5995405310465;236.73969186235635;692.5783481354557;902.8593848861367;11.233639219350602;0.4160757124853011;0.5854434895739701;43.378505854856286;0.6939072931012333;175.43046864841455;291.93008029483394;353.29985174736134;5.991156631089913;665.5176099137454;5.234051835176864
95;2;16.324031885974392;959.5835476821828;792.4304908993031;143.04499366942142;509.311546919349;233.0531536448191;719.1199662650668;876.5815923153068;11.28800556524878;0.3967541157532;0.5962729794591044;43.22056150083517;0.6565436154320002;160.05271706108186;292.7304160772564;308.71666794585997;6.103198198002719;663.7086432610066;4.391302872398602
95;3;16.27289129197999;946.3742658980584;788.1535174188546;138.49747482292562;511.54168932439137;232.7120462379232;701.6123892818999;897.1786621398569;11.297460190625879;0.40589947135513316;0.5938413592465129;42.897936780293215;0.6861289110897327;162.9289419566735;294.2512307926712;284.1967517158273;5.883566521962893;665.6576194491862;5.7878322547721845
95;4;15.884526773971645;971.8750026340606;795.8566879596067;135.6500729551126;511.1800046902737;227.91078725370608;680.4253394251828;873.7588541064231;11.2837344007789;0.41340147008087696;0.5870774256695331;44.00619617892998;0.6766013130618788;161.80539176777035;288.9286345894635;332.24211153869896;6.0909587518407635;660.3121614906261;5.293248373898437
95;5;16.104228224948095;947.4111925876281;799.8959106972674;138.4903881399142;493.4719101008005;256.1450929622047;693.3998654285454;998.3687917812326;11.276287368543327;0.3992406869277212;0.5952509790652346;44.21824538989474;0.6888041584318914;181.8184801486618;300.5412943361723;302.41036514972893;6.072137720235433;663.7541945870335;4.677918307866165
96;1;4.838208306133449;945.8938526063872;788.9771147064341;153.38471834881003;508.33872657052365;250.97698569758475;936.2693424997508;1071.3350231199722;10.465120609726254;0.363362175973172;0.6336795942038134;38.909648300837304;0.6104254890035978;183.1958941602381;289.06142828675604;357.6982919380918;5.460406201111999;698.4466249044417;2.473418992197837
96;2;4.6914257647799085;952.1931216613801;788.2420338212246;161.8007659699844;514.5816477541856;277.0828084387255;881.2721281986767;1144.10030851918;10.72428047255217;0.3583766062542465;0.6405301671940263;38.85238713855466;0.610830430052938;205.29106113537992;288.7595329659067;385.7451574363923;5.329984161881429;694.5847493848698;4.24685947852271
96;3;4.586892190845273;947.8120659982532;770.1995463906339;139.61325164969017;501.52442698522424;283.95641766655353;916.8793992127364;1040.0217273871328;10.440842146370578;0.3850194706790271;0.613998579993012;38.964284588313824;0.6414321211819967;189.82531654213975;294.87442762987166;380.6063996788985;5.484369524533215;711.7109873325676;3.482389922707518
96;4;4.7979567652306585;936.3125834398242;763.2475151566786;141.78903154390702;486.50404669951473;267.592986639462;900.3130539156188;1037.264076312442;11.181180177658671;0.3727143874968342;0.6244148332388386;39.23333355401473;0.5977594942025877;168.35641907399307;291.1544208349453;405.3136802144069;5.486526187282481;594.7305886082465;2.4103873084205447
96;5;4.733633060760607;954.4532737436758;780.2456571749157;147.3234264474212;501.5854142877881;280.0752689033434;969.9952428954425;957.6230061719266;11.037351806156142;0.3704010287938256;0.629273116463948;39.20668188021192;0.6146774763780828;186.49502612431596;297.0065331879785;442.024830091882;5.416390681287293;607.4687307155838;2.8715650199366856
97;1;4.073555198355767;827.2801528020924;682.3065489171338;129.67279914391264;401.78917983505585;262.4429088056012;897.6593428431577;936.7604067892746;9.893964558176393;0.3700954586243065;0.6299991979060593;42.0049788335706;0.6077091196240504;154.10141114798137;236.23780653782367;425.2985771972659;5.627296396914453;566.2787511733876;4.8895741897679095
97;2;4.29944939890353;827.3610776794438;683.6933433378626;138.80227319699827;412.6622495414505;250.33587480030053;870.6366418810583;1034.4733139837924;10.088767503702504;0.36854883029538194;0.6293884838243606;42.05375614887182;0.5940985257900862;172.7482895835992;239.85148686668535;350.84996500617615;5.632832787729453;550.4748443339087;3.2961186468328294
97;3;4.1005620163811995;824.8362328703955;688.3600878302412;134.27191072142693;416.51309872635716;250.77852794761856;840.1567150594452;968.0617441555281;10.032789219343691;0.36652912985528036;0.6336869324607689;42.52776019225368;0.6107893323597531;153.36679000040456;244.79798189775647;364.34079525029654;5.593542870784365;562.4896796626645;2.3891116415153353
97;4;4.152747151879533;772.7076616395583;640.7551322173972;138.98622869685744;394.64964193769237;247.67030658068722;829.7962554929187;922.845399998674;10.071993769524209;0.3655246520416682;0.6349020783667011;42.19630661376364;0.6128059002098643;147.687745611272;243.65448270800482;368.5459319361529;5.68685743939527;569.9197236972141;2.400212867757598
97;5;4.099826786973608;763.6739675394;637.6446911477128;149.98658408285237;387.2130148121911;251.92039426077042;823.7181609939227;926.3694167056404;9.998286391697006;0.36184025218942395;0.6415621963718895;42.19179031159626;0.5921610724396391;154.6238652539393;242.1485425977101;327.25286231865516;5.522758853515045;572.4826399069622;5.3923802234781055
98;1;23.72287940032329;613.0733513585399;508.9914284283234;131.28049848134552;280.92169192250975;188.9545510297671;617.3176096650375;610.2797624725036;9.748464826735198;0.4321219033462089;0.5665668572993078;39.232000855759026;0.7623463784131485;197.7990488889941;219.45171601347613;316.0503608327755;5.367750801239794;430.9488090361148;2.113747361246876
98;2;23.414592885329917;647.6087607140781;516.2277472526292;133.9579005212279;290.3221186273396;181.45129235696515;622.4037293108095;719.4005215059864;9.693202024592141;0.4322938849638417;0.5667990048051592;39.644022540013246;0.7672038474619228;179.27742135543247;214.18923957381838;355.89299287762054;5.3932316279239885;401.02768570973234;3.719035061625023
98;3;23.586802931107645;608.9190289007449;484.1073034400872;121.32358676964941;274.1414354517132;151.5191141514384;647.2310693572032;673.3080231169126;9.50987842419844;0.4344407396900442;0.5599812309333074;40.04007021700091;0.7790946298746435;133.3466835325938;210.37378009188055;262.8717285514774;5.349123758420578;354.6341827128701;5.750309691086623
98;4;23.313303911520148;565.824404230365;468.1083495838937;127.58055809522513;255.6180928810076;152.43078609427917;577.1212182138423;569.2592021125238;9.534913030752254;0.4353905164982703;0.5610100279957371;39.65362609483053;0.7636209799476235;82.78776238574582;210.46911743498305;287.78262681216796;5.4846027327112505;348.8653100522048;2.566388689464703
98;5;24.02164300282526;558.4954628894244;438.20240524079105;128.16346215904133;249.46462159154598;163.39807728738623;648.8685459094442;743.9606756601138;9.617736596355254;0.4465453871992411;0.5493395097936685;39.89204306326573;0.8215528427086488;124.56106765229904;210.155161607129;242.13081936203028;5.243732118895826;347.260925414067;5.5474978151733065
99;1;5.513100073739945;778.5291261945733;648.9103573536715;154.41569364131357;389.62782814097466;264.3659541731821;876.8880104864173;970.5876802667955;11.34993276250932;0.3639606850038492;0.6351234004719872;43.91035348854074;0.6101848528123742;172.59702900450193;243.47481221344083;386.1705489823557;5.925604940210248;561.6868057600178;2.312087716190841
99;2;4.728838406184032;765.4218064530058;650.148983769243;131.7967799935772;395.32844423149874;246.5743204750537;860.3860165562488;1032.0383436803068;11.55556074394526;0.3651282744285461;0.6311108612882103;43.64916617803614;0.5688283892678093;184.66829983164595;236.17713971314123;425.78910125555694;5.695550449804816;570.096664304665;2.3874870386350073
99;3;5.059133144542584;775.9981937025113;649.2865975474616;135.35460318817385;404.7947282821671;260.08774126463544;878.3456517247449;1085.8177376550095;11.462223948297718;0.37217536356140957;0.6278584770137768;42.900082921341166;0.5961896987974435;191.13493946917146;241.51440074005004;412.0083732804824;5.6784465073291255;573.1426973326827;1.7715972946399867
99;4;4.970197969893801;849.7262124024649;706.977002433558;135.21335479619233;423.78202764764023;259.17718306653165;880.5250191368455;994.098302578074;11.499913379816705;0.35748787009707794;0.6417407021728003;43.98454934117187;0.585111041081718;173.7280734575128;241.69102891380825;387.17572975375606;5.729514682425522;570.7585976687903;2.6487752076589577
99;5;4.980067482274938;784.2341651671562;666.9245053471101;143.22818648975309;404.6377948521465;244.58268681411366;855.304490309754;1005.4249105150843;11.379994055016013;0.3643807661702311;0.6328403050599649;44.20210683404639;0.5928541370237196;175.7903879262567;238.53446540646488;439.46878570968073;5.752043396205616;566.1553008235081;2.771580833137462
118;1;13.814523749422005;1145.592214207858;910.5691873639956;108.6221222701447;503.2049901219714;229.06472976412434;644.1740602639996;799.4311428380435;10.025909236980754;0.4042246560715596;0.5897145632733654;43.47694284452265;0.6897293940240148;149.1593735619108;381.06974502222744;302.50323652737626;5.650851816835613;779.2083416480658;6.220515205367667
118;2;14.054819949741505;1117.7102242566752;894.4619762611276;106.02788184276214;499.2769752818503;218.35247475584745;682.3330905218946;825.0565319476898;9.734505374109268;0.41294777146637424;0.5751963664397421;43.69693778767186;0.7054422361269131;148.7720511835478;381.47150510905294;327.1153746860884;5.402496343681951;767.7742697566368;8.530368558578992
118;3;13.595220755233889;1108.031283065365;877.1410226007287;104.59023954452127;497.7529865391742;232.4140682843664;642.7736892775729;810.7808016523007;9.81662652623556;0.40636122911139644;0.5793682993024729;43.519255300658926;0.703633448344599;157.73833238350855;392.85287380012903;318.80206476640984;5.648995789601442;752.3950764023595;10.5394454449262
118;4;13.956485413535118;1116.4411573950772;890.1999817643888;105.3433286995533;510.14921831945327;233.94260319702818;618.6889034561601;875.9175740066113;9.867484792258622;0.40592400572054343;0.5833117777586966;43.61280109710558;0.6951220334910583;154.3377274420757;392.4445983753148;291.4257591692615;5.480103711024826;739.6792373498298;5.891498811048086
118;5;14.029351133069465;1119.8834134376818;891.1577080431866;121.34488137554101;508.1954457022956;226.92337228054802;665.8084735188067;826.4984792779826;9.902532674329889;0.4164960199552476;0.5757118490817065;43.65660550067315;0.7172529876875171;157.44379579657115;385.98679931013635;338.2271048141189;5.595152347489257;766.0409304228016;7.714400978200611
119;1;12.940161570095727;719.2855848835314;603.3471826854061;120.57943731595711;342.08980162090285;198.0712971706416;652.2522185806391;727.8283034593888;10.978110457669166;0.41034975740080565;0.5788502080266158;43.5515716512517;0.7188863820551306;146.2445976573208;236.0238054466742;316.17460687822546;5.66038773224416;467.92292615660256;8.361436829859127
119;2;13.214243685349517;706.5054917775047;602.7607743768617;114.23278502292408;332.48091124570595;206.7736755224416;652.4352268222138;796.3855952363206;11.017743428066522;0.40393185004643983;0.5854870443605941;43.51794384914293;0.6920766970502519;158.72163771651006;238.54701646505262;317.55680750198155;5.672284587904574;438.26600434973346;5.636612904687696
119;3;13.337316429999834;736.4826300404308;626.1181293578278;113.35061204025408;351.94387224429346;190.5447348824031;616.973368602869;686.4581936379373;11.007847923161792;0.4103932021748844;0.5828931625262898;43.460025101979646;0.7253376073944774;138.2742889656376;238.85764561953908;317.7905310007525;5.681898533867761;442.17174409008584;4.075312491976757
119;4;13.33850626785899;735.667193169243;630.4505973712685;118.90165205346388;354.04139297614864;201.60062508883365;672.665957739494;719.1246426131063;11.001809073382484;0.4088245724811664;0.5840507128619375;43.56935881217608;0.7033991871855091;151.20730431428254;234.15946416012753;321.13272668697897;5.687779423001003;450.34589697102643;3.713479470004959
119;5;13.608578738725463;796.6954398784516;675.7318685189035;115.69375495225704;383.5266276077827;192.27160578264107;647.248288388966;663.4900782028361;10.944282998635499;0.40864278074603355;0.582413371834726;43.926527783093604;0.730464027971993;142.30910914198884;251.69004777367965;322.9693654159414;5.57542504289875;436.9741705442554;7.359719704556116
120;1;19.495546361604557;906.5295297819846;710.1597479848059;117.80203317571848;396.8781831582614;183.97903127544106;600.677402252298;683.0210583382438;9.593963776196887;0.4161699890313811;0.5779687170143978;43.85040864601141;0.7224425996023146;99.85741654717519;320.669722569619;311.74395340042116;5.463934729227153;563.727438941616;5.84253956344807
120;2;19.212539395743143;893.3511271606678;710.6836355579311;109.54222820771811;389.86269863207184;201.7183362435148;631.552485645335;708.587675310561;9.501159749019413;0.4136092690027365;0.5751887073081473;43.64928717512835;0.7220167893408701;101.24568165900932;321.29552445514656;302.82803118818487;5.35141160044787;562.4342497525079;7.2041669389383305
120;3;19.610140165393062;842.1786131448488;646.9034869946053;119.48350154560322;379.0128046523007;212.01730189540453;583.2294799522241;682.6545018960259;9.440484332366665;0.4131191112757383;0.5789831501318524;44.04135401846248;0.7292354752667844;112.37782991417936;293.79988167539943;291.686175429107;5.30146815294318;501.03304840739764;7.759363134384034
120;4;19.59584634145655;878.0321649975406;696.3086559766314;109.24212414435642;376.1539709806448;187.048788073673;617.9036699911485;691.8571451752298;9.620651791048626;0.4137861415500932;0.5749696801471165;43.740328578992575;0.7176278267952931;95.74181494201854;319.05812033367243;268.4476300971018;5.37376060234158;561.6128111966607;4.2916485606103105
120;5;19.412830866471833;887.6015374372946;721.0603170154598;132.29474159312952;395.85787728527936;184.98935277823355;631.0942638027067;684.1217792851775;10.322445216686319;0.416706742343676;0.5718579926007022;43.57206088045552;0.7259583814311334;112.32280090982269;327.16483538217693;277.15066678542814;5.736632666241124;560.7590946654209;8.342488216072782
121;1;17.51307552167427;825.1858469725661;638.5883383254151;131.29932905602743;350.3616631293564;215.0973727793794;617.6067844562639;901.6500746015606;10.368959021836796;0.422431848781174;0.5693499598662508;43.56239394233474;0.7636933920806314;177.68470550248983;261.78629584384583;278.02338820089005;5.376849044221839;512.4224914533173;13.914768596907043
121;2;18.59609724275601;898.8675528921633;707.8364686288602;124.86879953362325;408.3587699824771;208.51286803731966;605.4219077698181;1201.6187235166124;9.523900597299125;0.41283023992852025;0.5733565996394308;43.32793041708818;0.7338417421012099;254.25650609200147;268.54445627239465;315.4313440362502;5.249070231179319;524.5507193706651;7.913902185047241
121;3;17.110627422847845;827.4302169597343;649.5866742962148;134.83207577323628;343.9677270252378;219.23660237919535;657.2137804756815;1054.2815878524361;10.556099184746943;0.42387068056776384;0.5675011646882145;43.543818730945866;0.7634665399279429;233.3811581856486;263.51305845238556;312.92700801986945;5.623981454881787;511.20659246241274;10.41976461707775
121;4;16.975268587033906;856.4706404741224;660.6100908909555;140.11542461576724;363.4810701206327;236.134069662772;631.5020382450568;1014.8668901928047;10.198858348107894;0.41383956631218816;0.577370165208832;43.42098417293018;0.7268526578384912;196.97363425810346;260.5114574329263;295.0963754727622;5.257564640737872;512.5392234464572;9.658060890222965
121;5;17.716106057952437;879.8362579597077;703.5628232972235;121.62409496304262;412.06163585574086;201.06740079344522;593.7657915359403;772.8515626419917;9.77808828477195;0.41367630986499815;0.5783012455010401;43.50945359714205;0.7283386164213209;122.75858320282809;261.2472013736758;290.8326566796151;5.274936494927525;514.2858433276034;8.31847014406773
122;1;18.846193852417976;886.7138141222541;684.9556004699429;120.48414682677956;376.3925549694344;186.5038747255865;707.4406691523575;583.6249401320835;9.193321848522203;0.4185989002294795;0.5731078207341129;43.26573920260123;0.7396734192035979;90.67506710111756;286.5497652078528;394.3408288982423;5.2088104837945;524.3103379072535;4.868184699053442
122;2;18.88847708682411;865.5035768290803;669.3832733503153;114.7769314340186;357.04162493925287;198.41849703950663;723.4166575791255;672.1924604648906;9.096766525683043;0.41393085522394996;0.5785112217203647;43.09017652717787;0.7253859754010271;88.36685886509198;289.8451346612414;339.4392845478888;5.222954808594467;522.9600886148849;9.733465627050132
122;3;18.943492732788464;862.0912873640565;656.3433067681908;114.48682744336476;360.24833594759144;161.40060056273043;575.640321111439;633.1444927850866;9.20147912942997;0.4085526027744542;0.5858642927816109;43.44120658684503;0.7181553975930651;90.72229939011778;308.03309968745344;250.84880171343946;5.30543278106521;525.4789291713219;9.898862872343994
122;4;19.142153519037148;868.8727179898775;662.4884869500052;117.78485357388963;360.4931483199142;190.98446443865265;641.887195300335;610.0488630920869;9.20687885046583;0.41027144478197886;0.5878494209174127;43.215177886570636;0.7037474380970287;91.94797943925906;304.7238324535236;301.1953087698481;5.165056043876402;526.2193115945994;6.850377258496614
122;5;19.182071950887465;834.6549090166636;634.6446786052518;117.87053324696052;348.9533724693824;180.93313720203318;675.1575985980759;635.6680489322583;9.132429985269459;0.4166664835256361;0.5788620152545043;43.32791393818892;0.7411803652953682;89.28405405247405;297.145533389456;253.5808710197039;5.069661785637439;523.4624263304605;8.635167693148892
123;1;15.68935751635025;1184.7081743801368;931.0692382000047;119.36064403421024;527.426560449541;242.14259741110195;690.0230250057085;806.9130272129149;9.424116906185072;0.4019953339637787;0.5920359491524323;43.06012042973226;0.7077826043850155;147.50324537637152;424.2888249413156;383.47744332651354;5.667118214740566;808.9803451036232;9.479233163716499
123;2;15.458852421154626;1220.6757555927954;981.519553277682;96.14432355143732;559.743625602572;213.24895290997713;666.9672947758519;756.7914160456619;9.53545896784017;0.40093096594291144;0.5882525996305384;43.10082899754843;0.6990355902503415;144.14790065914727;422.95515812669674;253.39565643206197;5.707904738430753;827.7741870620022;13.796636060235638
123;3;15.169053585562699;1204.962915473622;971.4518801096996;102.2097260481734;560.8089548558771;237.58324105916898;702.7430699335524;753.7071668265609;9.51717522796213;0.3983555743648892;0.5909930910616067;42.93217003372398;0.697981141248709;145.02259331557457;425.46608912627613;263.6175688433736;5.557415032156041;810.3320134518368;11.541058652885635
123;4;15.310808100198507;1193.9649560942462;957.1882170052609;115.94116559452019;539.4593458642886;237.3798706109101;668.6102659149049;798.5146819378228;9.43966997818166;0.40411161247679706;0.5867927374185643;43.06816593259975;0.7170834051646295;142.08109238812833;418.227956042109;318.3658799106782;5.596559868172131;795.9147406792747;9.164710732786187
123;5;15.907439089724503;1198.7785342497439;940.76084379051;103.27134836043213;546.1047769131708;238.7031726337164;684.7361652137417;803.4318223276978;9.420171619654072;0.4098066309219132;0.579590640592432;43.1600400876092;0.730090207938311;142.55645395804973;425.3396133251585;376.27590281359363;5.774385737789376;803.9367144477794;12.99943246091389
124;1;16.215960612225334;780.9857987532832;642.7564525957082;109.22556717068284;363.00033222903903;237.57446761227038;658.1268705398516;816.4968499897664;9.38283831170454;0.4226954967321355;0.5688135516260325;43.8464364777084;0.7186758815738152;165.48283843876501;282.3908597655416;311.44639987396437;5.7275132704244;507.2423453134139;5.305325220561075
124;2;16.399036776262076;775.013004885179;637.1865901651453;112.04713317370859;353.02641525694435;242.65262375957192;593.6970570613622;849.3623003517506;9.386624695862821;0.4121632564404522;0.580227139551064;43.807888293363774;0.7262795991041398;160.5847043567032;278.0165178907736;279.00862203643317;5.633949928808247;504.0663354010415;7.405376861538331
124;3;16.293285834806188;775.6031787910938;646.3417370371019;122.35642673532868;356.3764950775942;240.66818821728117;611.5625605448384;816.3826695775267;9.331331894149384;0.41593453409916403;0.5748045938706424;43.9605839524699;0.725133389140197;160.72838517240757;277.0202122733039;305.1648610514635;5.756692108004123;499.3384407931301;7.730088875202856
124;4;15.610429956754974;853.5403205572856;688.1234170004822;111.38504302744187;408.3207764699815;238.18691810499882;633.0346038880466;831.4059637777042;9.693562384744443;0.41160535131438597;0.579715877359244;44.054207099542644;0.734665722804608;153.51481914201156;294.56350698654626;322.45169496687254;5.725304122163557;569.9767109764175;7.528230856278774
124;5;15.688001862123377;869.8158587560757;698.8536021636351;118.84857978115703;404.38890554103546;242.43086996458766;616.8647085338334;823.0202806605058;9.530215129081569;0.41064714813198594;0.5845735296333381;43.82316207170952;0.729013672383281;155.72570352144024;293.4057966980501;313.7843908879921;5.765034444034468;574.3740544441026;7.299041638664062
125;1;14.035696664192992;886.8330789905806;658.4674330761632;116.10105333641032;392.16533489935716;224.53578538595355;601.815238235735;740.641186147089;9.298433637072566;0.4201557174504047;0.5748084832965795;42.57975956045082;0.750348704340826;114.26867474480551;315.94978649084186;276.2656078952454;5.474069949982334;484.40248780597557;11.839030835542584
125;2;13.834700829452101;884.1229723228679;673.0707311483112;113.30501215300339;402.118340604547;240.88860067545576;610.0653407355563;822.6325537370892;9.34095295354859;0.41188405008323736;0.584757375921141;42.65351439803219;0.7436434123715147;125.63188024344214;311.5421656967975;260.61641498584294;5.365486671438742;484.9612818092339;13.316903395749657
125;3;13.474608003872287;864.1446389469476;668.915360158233;115.57915579306173;373.9097960159596;250.78863240974644;655.6270993203809;824.4041558757739;9.402831419899984;0.41236717906632514;0.5854737089452171;42.541960290182814;0.7220121052486899;122.51326855169103;315.4788253481797;253.09696818175496;5.390593747313755;489.9812390001301;9.97178679127625
125;4;13.832424817387926;857.134579125063;662.5984838673195;121.01784595991543;362.2430110832535;248.8258055855945;656.6718213988293;815.6131119382096;9.317511409615788;0.41956776868789336;0.5778540951020128;42.47114934631782;0.746864028300938;108.48522081326023;317.2328557578788;280.95728600882734;5.403077549389452;485.49373273005995;9.221864244110673
125;5;13.771139288716505;853.3005430287693;641.2939581765123;113.90596190497718;357.2035130061578;225.74237925146625;601.9697728322061;790.558489841858;9.325802417034943;0.42131329739468965;0.5757150267350193;42.620928025476026;0.7463861892001608;113.4113948066578;315.37628887959346;265.0743755312898;5.318518675473624;485.49373273005995;11.00678426967789
126;1;13.789845551209428;860.0326257611083;648.3046393108318;123.62031486820854;363.9389601739921;246.6484964448501;633.7100033258512;801.82233775531;9.357540314702765;0.41651178039658326;0.5787749214901513;42.25870948771386;0.7589047556129035;124.54453663584646;318.6191069368154;257.08643513181306;5.4687082787223;481.85635522838527;7.44921376909009
126;2;13.568855171058456;851.1792996096539;629.3619068602021;111.463650146386;363.6352115880907;246.5551345282333;592.0480869551844;851.4911403750307;9.256145950958325;0.42136213989645016;0.5731302656342945;42.34508747833634;0.7645621969343114;123.53810430126117;312.73725360499486;260.34736379981257;5.359970105339939;481.85635522838527;8.65373895692177
126;3;13.597818398391928;854.1625928808622;654.3483448730223;104.36945003602504;368.25509392114014;233.32735190132954;691.1611800590432;758.3314247167459;9.386813473357208;0.41930362773887486;0.5752805662153004;42.32613420077207;0.7703956637354427;109.31021256928295;317.03111338292945;261.9951944927145;5.362890664233308;487.5104231856317;8.886837725977777
126;4;13.84629493755627;857.0126023155029;634.3273680338203;116.86973884656993;361.39393452419733;262.933494961738;620.3306676698364;818.1410318170753;9.386999296902841;0.4065746160923255;0.5897532236360532;42.53855867146637;0.7225117035891307;121.92654936782378;313.1151163963325;299.86789850031647;5.351223255075056;484.0122868927036;7.206146457387027
126;5;13.900052123718535;860.0837498155685;648.561452053348;116.47075297010116;370.8361404063539;268.2359987070846;651.3007882880194;799.7358767513034;9.401248566497964;0.4083110179801662;0.5901017845329871;42.70475334123989;0.7307294589666559;116.93190616172893;312.55060957977616;274.9397076421974;5.390095456279405;484.0122868927036;9.251298224480868
127;1;12.997952269547804;1139.8686119292086;918.3113787353494;109.61175674709564;532.6540942374584;204.32683512383926;632.6217277073996;936.0302062741996;10.735515040983103;0.3947850249260708;0.6051920636348505;44.4712675440205;0.6699893761903926;158.0507442637135;355.60241875824215;335.30706984260564;6.128347794828069;773.8655328068984;10.155290732931496
127;2;13.32496700312923;1035.843298375901;865.449676687771;103.34546988636899;508.9394789619512;205.69164321157726;589.9829305729772;823.7626248179831;10.887851299569803;0.39158779622065126;0.6030070702797903;44.63222783640222;0.6615012789723306;133.2098437279678;329.2659366939811;293.9469133811583;5.900197430322214;708.3070709375788;10.237571674233559
127;3;13.623303270306302;1039.4273923226624;863.764148514448;107.64035266723778;507.71222836762394;203.64037269868757;632.6889863549652;814.545495478809;10.902460305475747;0.3859695655204865;0.6078622972892002;44.43026823766341;0.6667553145886193;136.7793751856004;329.74592129365755;326.7727660720243;5.908968501123152;707.6552290877281;8.122610836372344
127;4;13.451484335956934;1016.5611336024624;857.8588768882786;119.95744584874126;501.3270600577237;216.83404236323196;603.2336418163683;866.7600079667161;10.90818984696948;0.38957137007287285;0.6045548752849759;44.58925631035305;0.657654427917052;148.45216345445343;330.2753692141629;352.18304135685634;5.829679397148825;700.6205205449406;6.545988937526831
127;5;13.580647122910268;1038.1859790057326;856.330475484522;112.1174088585154;498.4816298106047;201.198772791555;595.0223252475671;861.5737039793962;10.799789431223834;0.38750868610595807;0.6064970408631833;44.6107710044404;0.6706160126104401;143.4142993170549;331.23524652802405;307.3720563478462;5.958407301446275;695.9183897107607;10.45953902610589
128;1;13.216341412617275;1956.917766288094;1604.7604943132471;107.84711900856811;861.1526624537798;238.57305286472067;652.438635906604;850.5930169593886;10.85680733726351;0.3992199800159893;0.5917964403120323;44.64448209177769;0.6876435023407904;150.75559751140347;696.3136199666666;306.72591521256237;5.966111768612706;1386.0836431758553;15.826065301211948
128;2;12.752541008727754;1963.4624651482302;1605.4710219218946;110.63194559187605;864.1016818776267;243.45795149149728;652.7793169534483;852.6725284311625;10.826452382412144;0.39926844890741187;0.5944582276005457;45.36610053675719;0.6832763472884666;162.98192041544095;694.2917151715687;324.0334258250554;5.972700701175004;1389.8028265411992;15.567538964573389
128;3;13.206008368863246;1951.2499923223136;1606.8883523307331;110.27333332943358;861.1831190619264;242.93899972402417;634.7733311522081;861.7568918106417;10.870797948785384;0.3982377780386846;0.5930740687691523;45.19455506085725;0.6809619285004551;165.347347366327;703.1966511280367;374.23468475587634;5.902074660699878;1392.7214536621914;15.51426024705944
128;4;13.262657876799556;1961.0448847845678;1617.6292290425024;99.26150817001562;863.708522944524;239.0144058079664;678.332380709791;846.3320376904131;10.849665682523245;0.3961605287779891;0.5955952651545963;45.2986346286781;0.6807100342520481;163.42647687318265;714.5828371464175;370.75538129476416;5.786334047103391;1392.7214536621914;15.969612440800228
128;5;12.873960228188068;1964.6465385400113;1618.648424476718;104.34119343978794;869.2280139821862;238.94118524831777;697.2444783607242;857.9652507282409;10.872089805991287;0.39660633856357846;0.5957367903015673;45.397668346793836;0.6611706843833004;158.38235685141413;713.0780366129253;379.3793300224601;5.939715455884575;1401.918888896346;17.50655963313221
129;1;15.533381255185079;1954.3764494444938;1616.899722143758;114.18315434825101;886.5189007262779;256.0702776102002;648.3137034391763;876.6560885890581;10.870948762669268;0.4015039862697717;0.590932149859561;45.16180930720518;0.6916233245246096;146.06795319876608;748.9452468053976;313.16369792250737;5.824987033209375;1373.7037981962976;16.163905220326797
129;2;15.541883404808612;2098.2671195429425;1702.7391635602814;105.11330439003646;939.9107044395897;250.0111919542939;606.9666991866841;847.4139314774159;10.884699606582071;0.39985689790845996;0.5936641320438981;45.180368479003;0.6928493357602679;146.24395608802757;748.5075437753087;311.43140173165284;5.82728470068184;1371.784103498818;16.1243597456944
129;3;15.484512354642458;1924.6189617788657;1595.3591787489117;100.7590432906514;878.6286230596281;252.7645864628091;643.7173505569438;820.24524963624;10.877430711558516;0.3985971756447692;0.5948440645341205;46.21488864746986;0.6928499377334769;148.5112071601239;750.1097902352088;299.62343393715395;5.745895795194949;1375.5988005561385;17.55482742192253
129;4;15.062921757879986;2009.1849462530988;1682.5156042524136;116.89766133065666;907.7857892787384;241.826831405295;663.1837779860856;852.6161055869431;10.8665355589455;0.3965348820823535;0.5956738675752437;46.17415376737914;0.6774882829030838;145.6426764112347;747.9942930812898;342.3701906426647;5.823716235042221;1374.417025978912;17.796341518238606
129;5;15.637187692475466;2098.054985617973;1703.457118995652;119.83812976531945;930.3458150749881;277.18067406054956;663.4030450462276;868.3913731548154;10.844523829118723;0.395509161854206;0.5930946733631075;45.18925610969925;0.6732146330971511;151.52544384685203;747.7147771830976;321.4960926490174;5.859478179841732;1371.784103498818;17.308064868151703
130;2;13.674919009817577;1286.5072639897478;1051.8751998214418;109.11610922016902;641.27097645944;256.0823489570554;615.5126532614585;842.7524384766393;9.978266609203658;0.4314994718217859;0.5642790235995065;43.16898444390187;0.7908702591706933;151.60828954071619;418.6268336703277;299.54089062544216;5.903147827873117;946.9453897760749;10.577580241322668
130;3;14.038892181208855;1318.620053687656;1085.267764502521;105.6617353087827;649.7114821688582;231.7312605629948;645.258938754822;759.8738820072393;10.632791517848853;0.4287734369680547;0.566908875529379;43.0929849221135;0.7734809188918564;144.7455420453512;423.3310261995973;291.0271604413215;5.943917546682658;957.266961295322;10.309545894594127
130;4;13.986117807252414;1310.987574704584;1066.4682007547794;113.24482368067865;644.5384783494816;225.8283628444919;718.7646141320272;777.4734309742496;10.675082671405592;0.42820335967213663;0.5666193673380701;43.423429489496854;0.7738969647716162;150.05226573070627;419.37123199871235;347.48682959926504;5.873532939798684;957.1471208449293;11.601840828606427
130;5;14.675292096679197;1307.4497369441967;1070.665895702844;109.0905267386842;635.6560069165679;233.37903472680964;637.9577048545542;795.3268204164585;9.903851768620145;0.4326757010387032;0.568707205423473;43.51637189777343;0.7857880101790026;145.77055462597994;423.8078080643733;300.7146068952753;5.874087951804065;944.0342380931671;11.581394477411994
131;1;10.335524852830217;1788.9363679302992;1448.1967069058385;111.96454442294906;825.1611610747093;208.90471302435432;694.2781183368002;708.6903803704126;9.411841294941373;0.43728251581372035;0.5677562107463665;43.3524032717109;0.7694596993003596;157.21271862664804;670.8470212017772;285.332333907533;5.755683558405852;1251.9039756328725;13.526417904927234
131;2;10.639003479529446;1785.626525427553;1456.075096550179;119.95380387806082;827.6544947644393;224.13142148055033;665.1075215105093;779.3083779826018;9.410568062763096;0.44240809568957096;0.5637255328453022;43.5768295468626;0.7827163802430642;173.14205594515562;682.0821963081211;300.2890615053824;5.787645307733403;1262.9497753479247;15.891444817194389
131;3;10.411791399155437;1791.284950089478;1475.4526052213466;117.4405015717603;840.8818184641373;217.06950288558252;644.5805195037578;760.1011988510708;9.2294577493611;0.43700885773213544;0.5676853600147107;43.86369624974947;0.7837829036717205;170.54316314104562;689.6659693283852;303.8641343169411;5.835645109348987;1270.0793585181432;16.01390218425721
131;4;10.376140231731434;1788.0638007632142;1473.5200320353638;113.70346466023929;838.6745308671098;233.24249308812378;674.3885703764852;764.8326339135665;9.357783916940358;0.43833405090493716;0.5700344311426733;43.725481165101925;0.7762460739341422;164.69285528709904;676.5028788203782;288.5720911469087;5.900108302904804;1263.7584610877643;14.257880437326905
131;5;10.608474213154631;1792.7540280044218;1466.6838373302726;112.6276206120852;830.0271891081144;227.48348320793818;614.9519456116877;746.2457788925365;9.494719946363087;0.4323401433299334;0.5753967265860961;43.42061707246458;0.7645877754895862;173.99469159582895;681.4007966892573;302.8967927694832;5.709575426840584;1253.7749127777176;15.147663458945887
132;1;11.349373126890677;1336.2626536792172;1111.4028385913348;112.03509433337787;804.2301502864799;249.27881427526737;719.3299688863573;1003.7381540359413;10.106183158174243;0.4429017154403622;0.5552107579684834;43.72838599764402;0.783284436572609;167.14129205453065;422.88494474679874;278.7897527750117;5.629799683178114;888.969754300704;12.350319769476526
132;2;10.300718497088218;1322.21809022518;1106.9383208288582;107.36896623391802;808.9847858930175;237.92369378158045;726.4754447471668;797.2216476925723;10.114605041635112;0.4408525711375224;0.5595435262456337;44.11913628397788;0.7716765347299652;151.78029415602992;419.4355169026894;322.9991068276809;5.62952820754983;899.9585985897648;12.226853009326673
132;3;11.391400040138956;1321.8918738019772;1102.3365817341364;107.0940348215597;795.9537871961694;245.33927502485628;756.5313178855915;892.5552437044289;10.299332977737174;0.44080077312083354;0.558770221940168;44.13324975803345;0.7799239948586689;162.96870566655096;419.13101185603796;298.97116789410546;5.733905060901461;883.0252969465952;13.616416486128092
132;4;10.214842563874337;1330.3122384383057;1128.2341402882898;120.19064643021333;808.7116850476796;222.84203694288487;783.1221773089314;727.9776294401943;10.183869711042147;0.43994241172206017;0.5526321949221555;43.94551450875736;0.7662016618052175;146.1948497590578;424.2030223192919;364.74266072773474;5.687254987501879;920.9072142482743;13.359395141371484
132;5;10.23017667262831;1364.4595436501013;1136.329814528682;115.01533351604823;820.9447188629151;254.76447619720037;761.923335453407;830.8731639377786;10.203171728182417;0.41907421794180477;0.5790893129952999;44.08036152400824;0.7386846279226431;160.35547622294087;423.98292936619504;343.70305326559816;5.776594104432381;927.9618519526077;10.957418165720618
133;1;10.574238966013437;1376.950709828988;1110.4587603899886;118.25016812525837;697.3413479541708;211.17260982751517;682.1748372198701;870.6386998973519;11.087495224624435;0.4175202391824432;0.5806998294140794;43.97646503643003;0.7248068299159032;186.29066803560355;406.1270187589999;320.6588843714643;5.863132540006067;939.5041070288162;10.451321949956872
133;2;10.470802513601441;1339.3140654217307;1097.5151740257547;133.81338970228478;674.1832236140256;211.6981517785994;709.6847055065498;785.9705902303285;11.046923368402217;0.42056431134200617;0.5719094644875049;44.338247895008855;0.7207812758894648;185.18358093418453;397.3038661667877;382.6709700908383;5.888427257263196;926.1384140728853;10.397393776768322
133;3;10.670799337536767;1325.927491837917;1093.5040811050383;132.4926704951074;679.6053640720867;219.4886855904863;687.6959231393678;899.5298891356321;11.077741250509447;0.4129685193161199;0.5798151360559705;44.01184183503995;0.7033402951612817;189.9891618121678;404.5217753256999;326.1213726738836;5.737874625334766;909.2316414005909;11.858165612349914
133;4;11.228496997024104;1420.3053512140673;1114.3081354179292;122.04704233790564;722.6779003919153;211.13542908427874;703.7121743127286;900.6270607027196;10.862381128865126;0.4059078608385532;0.5870843300860706;44.28890120944148;0.7139305516139737;199.5275148288379;403.21452423904503;359.4410710581716;6.110596884725579;905.734889945934;10.67724420453926
133;5;10.664590721420609;1352.010059157749;1094.7630584650242;121.85854628660174;690.2776383002403;227.331976874486;745.4924411480937;911.5029162886186;11.061518404856205;0.4105702830845805;0.5859205731137608;44.36878141097044;0.7054604398033448;203.8876828441818;403.088771441296;343.7802936842254;5.767878289923521;917.6543985000837;12.189003435294053
134;1;11.112930182846736;1603.5277084928473;1310.7874180248193;125.66511445617407;728.6630742131136;227.43410049589016;718.6132484312558;812.4749833938977;10.242737103250942;0.42379184376830653;0.5688427989340261;45.84678044167114;0.7490835681052904;165.69903894276612;496.35201252625865;355.31947592409654;5.823227712058428;1051.2041165977987;12.389840004934467
134;2;10.875454228728724;1595.24569338152;1311.5416862583352;124.15571809079418;728.1423759700655;215.15984318300497;655.7559894650024;744.1167341268664;10.253364679790847;0.41830172797031734;0.5741216552134358;46.07466471051527;0.7323272939530802;151.68730975158704;491.2888958153061;275.68651332376425;5.934926729348333;1044.051882705714;12.380982347320298
134;3;11.255938825843817;1652.8557886990238;1353.2164761743177;131.84510160846588;773.362524566883;214.85105170443686;671.9502453012433;764.4970919600236;10.33551445933421;0.41901497669721305;0.571912956315214;46.12711789303727;0.7354414004591764;156.07003749814248;493.86874187317096;341.6951306970369;6.014131858345639;1036.125482556504;12.780855750373052
134;4;11.098014756868583;1614.6771028793876;1316.094069244999;122.83244586513649;739.3957565144145;220.67057295109848;713.7530654385806;773.5800306854369;10.953460790616825;0.421874491950265;0.5729923388796426;46.00987405642577;0.7326189599014987;167.17790203149553;522.0468614929465;359.99235746350826;6.027359262050099;1037.3418366716853;12.435147135477527
134;5;11.015342357908516;1606.3677726701433;1304.5659877205558;125.66526502526122;737.0849739852105;220.86403935738213;761.970739708224;817.7820166772099;10.999706859994497;0.41774368289188063;0.5775413486159987;46.30719958476273;0.7441961257161327;180.1252131543452;522.6985265268927;381.86525213484686;5.978806098386221;1076.9567874979657;14.277848545755853
135;1;12.26708195342339;1783.2087692901507;1447.409107855675;114.96409035368958;825.9646282633022;204.88168580320792;755.8017417003582;718.9057228261119;10.62933966823353;0.41545883151488333;0.5826752303777887;44.11241476370153;0.7440571107177117;138.53585623521337;666.5474210689684;332.40024848558073;5.836519969208208;1251.3394300975995;15.353799571504435
135;2;12.301915095314572;1797.3427156015075;1477.2053804060176;115.35616954077216;853.1373012364754;221.77241338122369;734.4732587098878;775.5043814601643;10.390434659774137;0.4146912764079625;0.5817598230360391;44.40331181200797;0.7456258756077782;161.14915462449088;672.3078409257234;366.6025203092151;5.9209783696465;1266.143842009174;12.967545334121674
135;3;12.672535385983176;1793.0666937091814;1464.5698270098953;111.98978359305433;837.8424207772463;219.7298710495707;748.094887395229;724.9199977733032;10.393088345323747;0.4153100886110577;0.5807938559397791;44.37663984059544;0.7235288382917835;146.3937780839724;670.9999346324222;345.97649343715625;5.981834137251035;1263.192035511817;13.012612246979273
135;4;11.639825729639888;1888.456392696718;1589.140602430091;126.96161743210273;871.7720973998304;224.67583804967518;717.6017590256574;809.242081384044;10.61929516603347;0.40805796434777825;0.591897872505007;44.322368615447516;0.7151881584773284;176.6379403695594;686.0896371145249;370.09808323572616;6.068071554988103;1342.9619131257364;14.8458339765174
135;5;12.542443801191263;1790.2060123853832;1480.7824222577394;114.34987330745375;846.6806930895729;210.63219645141552;755.0833448596989;782.5414662183916;10.48898104424569;0.4133198472548371;0.5826840108321771;44.40330442258496;0.7377693814082288;145.3147303084942;669.490617496828;381.62294213199067;5.871782042141745;1278.210699615857;15.906983282473464
136;1;16.28893866349613;1314.0090103273708;1003.0190919395654;131.29763601665005;554.0189958094322;193.9713128473572;674.2696365626971;736.5342936515055;9.849326159242201;0.4246439910712347;0.5706814225888089;43.68231654171219;0.750087447993114;129.8466918013769;485.96037434555956;274.4383339747547;5.338601898015086;1141.6412282494703;11.41358429107932
136;2;16.239004120372172;1266.475356499749;963.1197472612834;122.0735604022484;553.1326295290535;197.51541120947977;707.3661843159073;767.0950171765336;9.796325144768687;0.4196984931255122;0.5723456322111401;43.42583016877604;0.7455877895260459;119.73773297126264;482.57399032051575;291.3830848673564;5.327696688073598;1116.7014490766785;9.881612586916269
136;3;16.22437221938304;1267.0066494540997;986.32750749693;140.9348769981114;549.3704878685163;206.10843894742817;711.7978990270732;757.8977110695736;9.784803485791006;0.41556095123446646;0.5740495948810171;43.672803796667665;0.7428674021555425;116.60532915987079;485.21519243702346;294.0406666994929;5.257981847081412;1139.616889529126;12.106897330800003
136;4;16.513131796748777;1310.4710700684484;1018.8123197957237;138.83753983294048;560.5926758538723;210.22182938464937;735.7737468886095;768.4206419783977;9.84512514619186;0.4096712952646127;0.5861779621385261;43.81363616343988;0.7237084812376534;123.43711119791422;486.79899374149574;280.7515412433617;5.345999517717932;1140.3751595745046;12.248706034243433
136;5;16.34667556690525;1326.49423304387;1011.5087681748514;124.16830216724013;562.2471664814918;224.5965942913409;767.488379036407;777.7994282958034;9.815552501603042;0.41639637605351965;0.578581812044136;43.62235406497235;0.7471891774576745;125.9198720479613;485.69680581761446;320.0097720474813;5.454803028092135;1142.3596396838868;12.090523329225414
137;1;11.513154764138928;1981.9970568937392;1638.0757897585745;113.52393230553324;895.4824256134485;223.59911935504294;661.2508210270515;825.4485167127074;9.545651088566752;0.41902503570729976;0.5701966598357268;43.704255638698605;0.7496163013385788;162.69787528660257;727.2911523300571;267.5776154676471;5.721540150552641;1455.304080320222;15.280964074310184
137;2;11.339601623229525;1988.0741696835937;1649.2015399602499;128.86393179164676;918.8665526648467;233.58910920590884;694.8025840937388;849.2390284758507;9.585826283527503;0.4139500573274599;0.5761077483278416;43.84003793111442;0.7268598963624764;177.01395036689118;728.9175543530098;280.3868860205996;5.719804717144841;1452.4996185391005;17.073691324421056
137;3;11.37757966590226;2007.1279572688475;1660.482712785497;126.70475429173038;907.0093602968853;221.94633183392003;683.4500547737455;907.7814004456671;9.562651444252477;0.4145165471744029;0.5829205800593281;43.72180369944635;0.7258293698135855;176.33246038878505;732.3460254895826;260.8704346159608;5.706571472246306;1454.438364671054;14.638259165150318
137;4;11.358243250455882;1996.4069713712752;1630.0403537892278;128.74542619269639;908.36800381622;222.02539171504964;710.6281984989649;875.2146662594382;9.48613986824578;0.42016797852608756;0.5791457149832242;43.79014540233356;0.7293314999361344;185.75945665162274;732.9286948507206;334.98394844841846;5.5382178384975225;1452.8299576968545;15.676307539246588
137;5;11.416726443668821;1997.1360083691998;1615.0174986623574;128.13996435110923;912.5066455362496;235.34607434773707;736.2431148715284;868.034106663307;9.704218007679437;0.4098359498913443;0.5825168550475819;43.77815747963471;0.7332449555707554;179.94305933004702;726.631073240491;345.52772342721113;6.066886183854311;1471.3933350564628;15.692073284089325
138;1;15.207517989804971;2014.8151438837383;1645.094841181619;131.2756887249164;990.3594283307493;252.39323180494054;642.7259630279415;781.8775678101892;9.699065906284442;0.44351498110186205;0.5636202672503104;43.9725264544141;0.7870888209387978;187.27054599921706;694.7736550382232;296.6578900842495;5.830851283291171;1261.8959022706774;16.614484164584514
138;2;15.297470736637898;2034.7076601248561;1646.2340763979853;132.99204035535968;972.6772484074946;221.54083699833737;658.3912192464095;726.5523049665125;9.78630990818578;0.4312868769296024;0.571677489032799;44.1975758786545;0.7747723469883045;176.94540339835442;704.6805638131968;312.95512909441595;5.692597490214528;1301.6103073349987;17.290728798536367
138;3;15.502630060596891;2034.5199110204621;1632.7115885476776;132.70177538018297;1011.6774367275023;237.1634039229407;627.2294544609243;787.0765889176519;9.719973246973002;0.43406670017844895;0.5713830750705353;43.97437457236878;0.7701849299731254;193.37556075748407;692.0229494125326;272.775758043462;5.882346469523765;1252.5411998762843;14.876610056050835
138;4;15.389261446088737;2024.9685090132282;1611.7999429716265;132.68804219911016;963.0190279774762;247.06560315754535;675.8160036017513;800.5069049442226;9.535561112266617;0.4384062971639731;0.5652198365246188;44.57136441712878;0.7944627194919033;185.91001654554222;698.3892269236296;372.2588393725009;5.692989824116338;1272.5677045478856;17.650672719198646
138;5;13.28375690983193;1947.2353729759495;1593.3556302843115;135.08817633451426;875.5268141430694;228.65460316811925;715.6784024897023;897.7161660597526;10.516085051955727;0.4110447852268198;0.5871365652292186;44.70245018881736;0.7044215867535852;244.79336976868154;722.1136989752482;332.06602739685053;6.06323586175272;1456.798723928703;16.962289238675307
139;1;25.758712258282507;1286.0892684669218;1003.1077522080469;126.9656081824829;567.162524507616;232.75149598675867;724.0116004049187;755.5116572983202;9.413451171930975;0.4180160451588392;0.5789971056293522;44.3607077664806;0.748247842854013;132.96355384237998;435.3517462437678;324.10031296407624;5.726055060311052;733.840711778101;10.526961092961633
139;2;25.35242581514659;1310.2209230974186;1017.8470599367193;134.2114886826085;559.1006257631997;242.30303707091895;680.1943662974026;744.1410518959156;9.39877572801445;0.41961623043773055;0.5783552133717197;44.44500552902422;0.7480783611901747;130.36163972588943;434.5890062344614;328.7269869093274;5.516503816132274;721.3461082861967;10.201359057507412
139;3;27.41216763517123;1335.7951871378366;1005.75759742234;124.27873216669576;580.3092654190424;219.1094693363889;663.290813029353;767.5052857270114;9.460039194839307;0.4131879287155788;0.5872962694278389;45.35718324522018;0.7269090487927125;127.63607650597595;461.12687527967466;337.8834774884463;5.843494520428658;820.5876645181947;10.695432197692334
139;4;26.813175968135994;1333.1410777274664;1006.7486533962842;137.3427398199051;576.6498479820508;217.30177327139054;643.8431325362054;734.8961664524411;9.502897011966125;0.4171991332978624;0.5831148715962852;44.46486744832122;0.7555191339013967;124.42156746336867;445.11873921200504;296.8035892083686;5.935406867463241;763.0271009328109;11.649131957664395
139;5;27.368250008367507;1350.4668293461948;1024.459437352165;138.62165179865644;584.9475088602081;223.6276578141403;640.6541119554827;748.7741380810412;9.694532224149016;0.4115301991598921;0.5866616336259032;44.86389955021089;0.7309216858199121;130.0026488266046;461.9764410928094;323.9257677779879;5.944631463043444;828.2268407798847;13.107537897638561
140;1;20.613856135348488;1978.7198338996022;1610.1875376122634;137.88721723965182;922.0961092719779;281.197298601178;633.5870639911196;865.7784641326778;9.445057489915246;0.4291272018765959;0.5741341945209508;43.10291696278734;0.7645763528468846;153.08661903196935;727.4242364767729;284.74926815119534;5.58456487185585;1319.3225891957068;14.923749343866643
140;2;20.24055100688689;1969.502136144777;1642.0369475835014;140.32643812000305;908.59743337111;278.46516738706686;706.6891920248277;900.9278972185905;9.611964101933754;0.4378457753589451;0.5677178324341401;43.06751938392936;0.7762447468946064;215.76312318762828;741.3751583988685;374.268518037395;5.545437798964266;1332.3724108653855;16.59462171570384
140;3;21.457566645016783;1900.4115482456089;1591.9672676896175;129.538723808147;857.441498280252;263.08173072513983;615.9618085193706;806.5922882210282;9.509065006993822;0.42983287144484544;0.5719060291535656;43.19196619646836;0.7827264595022138;141.3711025638939;702.5177421180309;287.5390105002563;5.647743058955769;1445.791433979837;17.17034760634441
140;4;24.309995374791903;1883.302426094395;1578.7020055304602;139.88748715034527;829.4861770857452;300.0594359975556;683.6390506492318;858.5308138489489;9.581939775939992;0.4209099261644477;0.576240209418439;43.0456927184895;0.7343285831459987;193.78332692075927;698.2020983359015;279.6048895980972;5.533340211372072;1393.726295214658;15.619547412089595
140;5;20.841761649868808;2024.2628078807722;1665.6496276888167;130.8888236949138;906.9998815629829;240.462960681386;603.7343361218004;870.816662985648;9.546290940973497;0.4277168064775331;0.5716542040291546;43.21503410486587;0.7634197122746318;164.68118618123177;713.2468973859541;239.38798536360522;5.819342379604388;1466.629720070416;16.88453393344701
141;1;22.557597696757774;1824.544276556796;1548.8128519336333;151.92756674376483;835.0439506222409;233.461789099414;658.0730949718527;834.5311269080989;9.62628469888235;0.4351251106859623;0.5653914981514394;46.14707288264444;0.7329551659599928;167.26203243073743;619.0977508511529;283.05978371313506;5.690346728413413;1114.558076948288;14.894694368271788
141;2;23.859303847391583;1894.1165740694955;1555.4461292491467;130.118553153684;855.1855769825974;221.81801431723056;684.6710475919962;836.287532383798;10.290294009888317;0.428791188729307;0.5682006676794769;45.08020406805221;0.709352320733753;167.3869290990885;678.3356553837853;356.8074755010712;5.908029188752838;1301.4532514320742;14.65262310871641
141;3;22.09219558485297;1822.9972637366452;1537.653664796417;139.55895457158698;820.3182334482395;218.57798564831376;647.5931360897863;801.5960554187652;9.73366426263233;0.4214501609662094;0.5718175090999248;46.00792119607305;0.7237616074336576;146.21771612315158;627.5883616272882;304.96136767395495;5.887983448613106;1213.9261150374844;13.950090894618675
141;4;22.73964936438145;1842.868799871491;1547.707448425576;135.91844782463374;827.40993124019;210.6226625434095;640.233020829862;778.9732514893271;9.628818218144287;0.4303029813719611;0.566200327039305;45.915582755492544;0.7242013439588522;154.63882934652221;618.7657028373524;317.82455740638335;5.874532445878312;1211.0070151165319;13.875212836710194
141;5;22.648928455304578;1832.6203360264183;1545.4892454324392;111.74560225417252;850.2938279407833;206.60401031086988;652.2689411466562;746.0760167915213;9.726935230929143;0.4171953445886509;0.5777101970599796;45.88081373065186;0.705346107699283;145.94313916783221;613.0265991227132;367.86794850867324;5.6658211655420345;1214.532736912335;15.097093508788145
142;1;24.69661492578905;1560.7448141937857;1125.8560861338503;127.08434896748993;641.749995123912;295.9529993030934;659.053805687055;885.674478134038;9.571341674765625;0.4226210790516621;0.5776686441704096;43.26293648275473;0.7446786958501812;165.37250989854525;576.9645091898019;297.23945370958484;5.576631370106866;1039.736918918516;17.090903668562113
142;2;24.959490516077807;1534.5151665315877;1107.0438478183753;142.36990114848248;632.3068522035801;278.47416128946656;679.3557656350886;842.1154909105528;9.590307403817631;0.43107819162166494;0.5654672005097102;43.27266039053647;0.7592815154900326;166.1627787296329;573.9842601082249;290.5827134288635;5.5411536008357904;1041.735136320377;14.997801114835433
142;3;25.25907715328087;1484.1276849478847;1095.3474493683543;132.75626214475503;615.9036662912993;278.62221869406517;690.1692459120309;806.4581245325774;9.495616165013216;0.41456871087167674;0.5826824897964248;43.228735600613035;0.7229527200390408;155.3743384851819;571.0781754124712;313.4393205708281;5.510545901433244;1036.4531989429167;15.025810323957892
142;4;25.846102493740176;1406.2733268915672;1045.0807177536808;137.38255471450933;592.490737652147;288.8357570683091;655.2665463738144;840.6394205741509;9.49852026372413;0.41420524181621116;0.5830161539048805;43.07501301193659;0.726831296651903;163.92674038901478;563.1068541948919;308.2090914771493;5.483975406592962;1029.0307975876985;15.54360785824303
142;5;25.035100787544174;1506.8937634604788;1092.984411013151;124.35347680500924;616.7942275377069;268.6960185863978;711.0085513072954;818.3655536403495;9.374239396138224;0.4125723038520128;0.5856948866850475;43.42985285826808;0.7161163930644922;170.3647519139475;572.3223738725522;322.4044058772515;5.541069009409504;1028.2158079546762;16.400160088567127
143;1;25.099713300980863;1551.6133245582175;1129.2901619720135;129.7503281426877;625.1605805514472;273.4839942123899;641.2881002790377;830.1336425076234;9.495405615127314;0.407018896459242;0.5887845873487015;43.69026700549579;0.7122041398361865;169.19458558179568;581.1460630566963;330.1816963856841;5.516326572643147;1017.1735863696271;18.16860429067426
143;2;25.013863398147297;1470.2983699584104;1064.1754265564016;124.35575112493092;601.1094791249512;274.31457695914634;641.1972542172265;802.5039917824122;9.474882461632872;0.4066806183295591;0.5838775515113117;43.825174398622664;0.7160720210676311;153.21948039181308;564.9967388364446;324.98603848976654;5.545498851028125;976.399947695724;14.028336475701234
143;3;24.956319287293354;1477.4669321187566;1063.0061677304525;134.8952226240622;628.3614572350075;258.02344995186724;553.1275243598566;766.9853713878748;9.453414107158688;0.40627812488928444;0.5874336029810006;43.83135419449711;0.7058307498621046;149.48497891830903;574.9840415420464;293.35941935259615;5.477445492240597;1018.9413545928768;15.84624946246158
143;4;25.248646082792852;1490.153821358904;1142.031759594541;146.48987938485348;611.6081116561161;272.3248206302259;657.6467246618155;797.9984629170998;9.552589423332474;0.40999487562355075;0.5801113335508983;43.95285460361115;0.713271303251251;153.32155807214812;575.5763129559291;306.18218193355;5.522912303756201;1020.936024287135;14.955911086493307
143;5;25.321467471995664;1513.725104229496;1122.1408131573912;145.2040713984817;607.245765448085;279.0315633159242;675.464883304645;800.3932122568149;9.477649409124119;0.41170147954069486;0.5830527049548089;44.31550346282841;0.7231725017372823;157.56253392301338;577.6684989120449;342.93819316532256;5.620393146785911;1020.936024287135;16.54270023694493
144;1;10.883126101829403;1996.9774581360875;1632.773641422556;136.29856552427407;925.3242827057509;258.7288816387735;711.1735314267186;778.1971097174496;9.786040090460444;0.3970396892888412;0.5932392408260619;43.10291192128657;0.6695687071815867;145.6665884102352;743.3595149847373;307.35200007035195;5.428119281592826;1253.2783779251768;17.406934583912243
144;2;11.491138201870049;1881.7386179333992;1483.552621776609;126.24393701863644;907.948540309096;245.58951282788627;643.5203242832339;761.9830664711216;9.675698948331842;0.3917578050591881;0.6066188688624713;42.560868478723954;0.646745514753222;146.11589561769745;627.6153571280711;261.74753775268107;5.5288139872250905;757.3795340530639;16.615195479455437
144;3;10.988563942282186;1957.1166421563935;1568.7551262508466;144.38428238267915;924.2692192613048;219.80659326994137;720.2469271412779;708.6318299487865;9.808680664112398;0.3889863071099606;0.6078604231220277;43.06145912484157;0.66004479956389;145.1559590978305;719.4222260776427;364.2204238620327;5.482218904362543;1102.524205521079;17.298410337770253
144;4;11.211165410321657;1896.4687746185523;1512.9281407193798;130.97429665333377;926.3484416092583;251.6821257075274;658.3736844670982;755.7124432900071;9.721328877202657;0.3872273785462773;0.6122440506026267;42.863482744746044;0.6268116923083129;145.77549393992464;635.8986632218357;288.1118263627151;5.458471564391074;928.161618298255;13.433022580022344
144;5;11.556978503272752;1956.3108249828317;1568.063915013288;122.8453729512215;901.5539945522777;221.73494853237426;691.3781242335367;730.4200978125776;9.68699847913326;0.3982012272791817;0.5965505010888602;43.403723340993636;0.6737472369644988;140.2494217972605;679.4021157899691;353.74339590736156;5.513496806107105;1101.1446166465826;15.299521299552332
145;1;10.5547997083238;2012.0063522122082;1616.1367992300957;134.2996773404755;991.441985561265;263.5385942899065;794.3498620116446;857.2758473808601;9.555684047070965;0.41573992531114945;0.5834566465943437;44.03417263872092;0.6894489760127699;188.7090180101567;662.6843592669653;388.00945218684456;5.819819493796129;1274.3522442361495;14.658038584818524
145;2;10.564272137680325;2021.1512591104179;1616.9745967797699;126.95311418167172;998.0413577189333;261.47438122313594;757.1845085968155;769.6171765391249;9.527975833302749;0.41887648503713737;0.581460900881044;44.32079265186885;0.7024568375938961;174.63634538521094;665.1341356871741;368.6343701660345;5.718086545052483;1281.985315773842;14.454437025559116
145;3;10.037545344557204;1909.4562786320594;1575.1583643028464;122.3244588284048;871.0878380377408;231.94048760076683;718.8503253429841;842.33019727911;10.092847582459747;0.3935903977125737;0.6022020167958773;44.19048902451627;0.6463043887138238;178.07198134575455;710.6172434264906;385.03100052993705;5.873160661409072;1373.9981765143634;14.869039821036997
145;4;10.335491401597567;2017.7913796542248;1633.2600682639118;126.91792655213175;998.6693329680905;284.8453366414393;728.3188657063282;862.9223613292188;9.614845129443573;0.4125715806985621;0.5868618905704942;44.09175106827105;0.6876471402427762;178.11044168836855;668.19238918185;348.28471970067716;5.786923485220723;1315.3080225000094;12.865191626740382
145;5;10.455982249144903;2023.083143722975;1603.3875498296009;135.75009580286135;996.1566305940532;239.94640131372222;799.9225253603702;923.6942505123876;9.607498568843027;0.4065123707916898;0.5935573851345822;44.20191761976156;0.6931519899009718;184.36426641718674;675.4307642788146;395.0217786615618;5.667436458839117;1283.0323028496975;15.500307947491896
146;1;20.61812958454949;607.6507977612688;525.3044489574327;135.3444310731972;293.3410046425086;162.3292115632057;650.9260217996086;668.4591880505785;9.554815028526555;0.4234149299874406;0.5707560565767212;46.330049338688944;0.7273661799432175;119.55036050412312;238.64225922062593;326.5495451245696;5.80697960430393;390.43538739054634;6.8841861715711365
146;2;20.158483233417993;624.6155515410471;528.8576817050292;128.86804443656763;306.5628928851514;174.1827712016372;641.5706568000375;691.8097051929143;9.455422138584673;0.42151691630414473;0.5742472536199291;45.9034864281381;0.7303047303683442;111.15197977206708;240.15594615573843;327.7670924125006;5.710181764407075;391.29540468184877;7.357958845930384
146;3;20.458308837848573;602.1271047440506;518.99939712602;132.00306536839952;289.6046871658729;170.79990588404914;668.859161114853;709.0364019384317;9.467742872655966;0.4244820800956818;0.5690398369860109;45.686282159837354;0.7254278456002003;117.06616991566827;234.82442584809883;329.08798048974154;5.822881580675628;390.62098448254756;6.775344166413294
146;4;21.0407610841611;646.4889597836179;577.2372962232201;135.82874980776523;319.67593594585884;175.9084108308149;629.6954403318007;679.0408861716357;10.110303049908277;0.4212384951540482;0.575799053856161;46.908083549932286;0.714961624252641;118.86212462911091;240.5323182720622;322.32009622592966;5.7154864988420195;425.7296142549229;7.711431781937782
146;5;20.16338932133794;612.8353558491478;520.635034173119;129.52440855949172;293.66082970844985;163.83375753537166;629.1597942831581;682.7454200909624;9.375899506171523;0.4234252422925514;0.5701654782036558;45.6550178795687;0.7258716022305107;112.94642361381581;235.1110064885145;313.58907580137185;5.80578354967241;390.62098448254756;7.031923314244836
147;1;13.615181469626586;1447.4461730228143;1164.2194155152758;123.08472018773153;856.7654539134512;251.33884884152604;682.5091017681033;870.8989568827184;9.433971351434804;0.43052867725600863;0.5688723389295333;43.09389772479728;0.7652431584245933;143.77340863712698;459.0837638229019;332.52680488517774;5.303426797324545;949.9426438539593;13.39782209916125
147;2;12.867201042348256;1419.572762939869;1122.3961563509765;138.7953416853547;770.5752977111515;234.0970244582322;703.2768413791791;934.7790466062438;9.382474187752845;0.4299150190052045;0.568262905070647;43.10960875573138;0.7518406541890195;170.27423928755698;451.7232866515478;350.4693861174205;5.376668833769714;896.3113107234707;15.841231892087153
147;3;13.253831023236193;1509.9044410829626;1211.515352236754;125.55800856812863;892.9348993329683;252.61272899333795;698.5219209528844;843.947978531786;9.376823008551577;0.4248402568170215;0.5746456942330121;43.19489499725014;0.75682230366706;161.40158319141017;481.75491897392226;337.1671307387934;5.4254961734964775;983.6281264437864;11.823936256184348
147;4;13.172814041056322;1527.173558544151;1209.237109621088;117.39129033195924;902.334306888972;237.09829483868293;701.4687160136284;894.5947169081638;9.466004136279736;0.42282275936360586;0.5721815592985204;43.065392983035615;0.7542936314325277;164.32493290063846;478.15595292636266;296.1016811489783;5.303663738624271;974.3023135547562;12.231055821813142
147;5;13.474663639948897;1485.272921386528;1177.907935089921;129.1174099309613;882.1399843101985;231.60075198861063;714.8937489885908;864.2251249712828;9.40746249402059;0.4216012639436999;0.5818741208284574;43.172379730574384;0.7373608634670628;156.18164812746753;472.6939541698742;329.35807392420327;5.364627361808531;994.6943265990552;13.477236028454657
148;1;20.662763724150388;903.7229973150227;714.3603338114008;129.60627336704016;392.69614105317294;181.8913454758205;596.5500944636879;780.9188310687282;9.614026888633957;0.420233182874217;0.5772727525150259;42.87870091018958;0.7152300514406918;103.495006146642;285.8947947427976;268.2141067775186;5.307648607080373;554.4050509892086;8.460888870968677
148;2;23.215183814639463;923.2921041579347;756.6858123675307;129.17835698646127;409.2118662112795;182.41164099501805;647.8775661789672;767.6879168635791;9.600595893606725;0.41935921741555754;0.5794337815944638;42.9166202530782;0.730626538205719;109.24905570887005;297.3191975453574;280.654948308701;5.3644174826081334;568.6039518299451;8.193855139661075
148;4;20.27080854146093;902.6280274147567;699.039191236479;126.52266963877243;388.2058718047418;186.92436000428452;698.5455071709889;727.3830832325098;9.615966894110862;0.4344563667444314;0.5619979664249974;43.09023870829885;0.7501389791827444;95.51091132934157;282.6200163661197;325.8356617262171;5.237059584677566;557.9476379164884;8.181015240114245
148;5;20.77220462681829;938.5513696561767;749.0525280375493;143.92565692981634;433.57659763283937;192.80958740805548;683.3023020541895;741.9638137497785;9.629069208539802;0.4267548438240013;0.5693027672462052;42.879161505879665;0.7444336404203779;102.85354792172039;280.4392679630803;312.1008373706945;5.278360636542206;561.3670686525544;9.202298844035091
149;1;18.312519957495237;791.5942573614575;582.4946507442321;120.52884507228595;334.79350659901553;240.9888055503101;631.2864536459342;610.4135151463782;9.534148444926725;0.42088177766357865;0.5786501780401667;42.46595875690148;0.7377411668367793;125.63019286155213;256.76745224098136;308.6741840824953;5.41754436177639;487.3562580344941;6.320032820125327
149;2;18.135086270095872;798.1890985528069;580.4415441003341;107.90107398755559;342.22156028153876;229.7728465218769;628.1809035161858;588.9532249139976;9.498378915672225;0.41356386275610424;0.5821590205551057;42.746045653658214;0.7016294231413123;117.17453405007542;253.1991150463114;298.72103933518525;5.342573016988604;487.2997815030631;8.514474598386414
149;3;17.900740389223845;789.5101397011852;583.1838732845587;113.37489347273362;334.69157473064115;221.83196731157489;662.0616267961273;611.1823688369318;9.511233400023652;0.4149020031827447;0.5833763404981955;42.93663731890791;0.7114796920165665;124.7006815023925;254.00208120524857;302.06811393171904;5.552177520476456;487.5664422147106;8.678084150243928
149;4;18.424456876435297;800.9267198322816;597.1361391364576;112.0168146237926;343.9396291433983;227.7672312526238;573.5185719326573;606.0196084440244;9.533556629812837;0.4162319606464985;0.5851798629915911;42.847033794593024;0.7145976709579182;123.022323068099;253.84431363394194;277.3160305285151;5.366406464715187;487.2997815030631;9.472256207513812
149;5;18.2289125155395;790.9090967956147;584.1754325157867;109.73714624534772;339.82681636379294;226.993822290329;622.2360021298529;641.1451732503552;9.51759910643223;0.40827170311751637;0.5859904500634524;42.86235549140575;0.7032622671302718;124.68603869893587;254.00208120524857;283.76054601879173;5.392505753223475;487.2997815030631;9.38994371706537
150;1;19.937334813386173;843.5951984783346;639.6365043156533;114.2302557134476;359.0751589082413;251.72043689535315;636.0826660326957;646.0468608079832;9.634035488352412;0.4126651965819447;0.5895288953892548;42.777419156224845;0.7209543601120534;127.2746721719001;266.0629563628272;310.2762157679889;5.4019970610183545;508.18595085192146;7.395373582018555
150;2;19.63119400740773;866.8810134300799;660.5690235515256;110.8208784306125;380.0558359999698;213.76801808231372;620.5819101585204;584.2029120664472;9.576734471616586;0.41615217689550094;0.5843123091857731;42.730778975808605;0.7347738089377901;144.49458957487886;266.1617570388897;296.447041736585;5.23540228001595;508.01453587420247;9.105613484803733
150;3;19.910647460251166;871.686081919866;664.4048454394094;124.27809315296243;386.35142975601985;260.71646738170426;651.5168829735912;700.7766459277115;9.616314224044643;0.41693004278934315;0.5816064721550575;42.83167276895474;0.738446133522456;139.7895700422677;266.09462050075496;320.50179013682896;5.390962663233646;508.01453587420247;9.525176093783413
150;4;19.898838208066188;861.5054401350229;645.4263062973085;125.38715514277524;368.82133164955775;243.42493688445;552.3195294805778;656.955210622409;9.598507239647112;0.41061811276755783;0.5890592931186562;42.844049554214244;0.7036114723891426;126.73247407116966;265.9693899350287;291.2040412209588;5.308469533386842;508.2116453852429;9.328658319741248
150;5;19.78035873805865;882.6947548465132;672.0498156925677;108.68363023956981;384.6746827477916;213.0818181728213;594.246445920845;574.6706732685691;9.728297065349564;0.41185448207183956;0.5867016707477332;42.75998312211528;0.7204472901706237;118.6558974723675;267.027716185499;283.85802953479987;5.3074597648817665;507.01320753598804;9.165529757033523
151;1;20.02025613818643;788.9859737308645;632.743734893853;145.6444595240087;346.21461826360564;172.11496133944038;607.5998637223041;581.3101738221729;9.576438280972912;0.4206925249563003;0.5755566932783198;42.9012412388533;0.7315771173778967;114.52503965179481;248.87497812211984;294.45467541263054;5.327353636801433;500.6572014040058;9.41475466291231
151;2;20.144245409213433;788.1246735730988;643.2436618918623;130.5680195331057;338.50652705921175;179.47782963311403;614.955045716602;593.416935356379;9.651048126743403;0.41999155620030104;0.5770627777252454;43.122513828154645;0.7429112759158316;110.11714829290587;250.24610146022937;336.0283198854554;5.549504187913658;500.6572014040058;11.474719020471301
151;3;20.45571268313756;797.4023182319354;654.2080108311931;143.2250757518535;342.68875038484913;198.86529451513178;615.7093485730239;664.627916042898;9.646443957798619;0.41718685629748437;0.5796771497145653;42.97809741757533;0.7234085628674629;127.45966836293509;252.61836866498695;327.85993960390164;5.381432881588805;501.62586237510055;6.783531827586692
151;4;20.703627867371043;799.6498733729808;642.7375762853495;145.52723448556947;343.24469150626646;191.49764271918238;598.451204993466;663.4389889166683;9.669073261690958;0.4180349840958524;0.5767273330069593;43.06748936879164;0.7288960638397487;123.42572245157083;253.9210030384413;296.2438953241325;5.413248425516219;500.73432274297403;12.394050691167942
151;5;19.913341744210907;816.3717873772287;653.6947320826864;146.1176584042457;353.26965643854373;190.13826364521802;639.0947654388244;612.899376000431;9.587085598996007;0.41723842299192765;0.5773615959758912;43.15997478972297;0.7225939197165377;117.59746205081348;261.9629864712642;312.14469267040505;5.357743200571661;501.44708538576435;10.844550832244948
152;1;17.44010575119566;655.2886620008102;529.7682336060766;126.73673823322737;293.58402995483743;173.0084318822159;667.3439379189833;586.8071273604468;9.544579301857626;0.4180701984732877;0.5824237185231118;42.31919819086026;0.7196705290107233;89.47503576369031;233.65561131493413;297.41768270983863;5.415916915426679;449.840282506367;7.213572211708167
152;2;17.595620012531814;679.576855438691;537.3666275128539;132.4286207408502;302.700402749682;168.6845541745222;592.2357184280445;588.4569761502756;9.654978464413112;0.41355701491786934;0.5881542448098167;42.513550932974795;0.7031366259199526;87.65098338794174;235.01944544583796;292.9476496563466;5.30055352038895;448.5380736157816;4.514602045754112
152;3;17.50655221031299;694.9463941518942;575.637256353865;147.62050949494204;308.2991513357059;167.73014010457032;657.0946622289615;602.6617880568211;9.653152488430395;0.4062944026980684;0.5935895413128878;42.61269585783897;0.6858828437222876;93.54451726590516;235.07192674005546;310.15804845882815;5.397296738078885;450.01917915562655;4.0211972102316675
152;4;17.332153033687163;633.1445285431911;508.07908027479186;132.6806027346698;280.86749838552356;159.23810220483958;581.1937583424158;591.4991869234367;9.655665018845845;0.4011217860239178;0.5904332327969115;42.39045118167806;0.6799494884197631;86.98363526251201;235.6939428685877;268.5904983429719;5.443269352461917;450.01917915562655;7.682779949489731
152;5;17.793432923755766;689.8792867980032;567.0217198389071;122.50700674188778;308.8783797611887;161.54698379452842;642.7270508766492;564.6771203553837;9.642046821174189;0.4058038481574824;0.5908493002921267;42.6568433321098;0.6876947378441436;89.11959131437267;235.42039173596794;308.66226398258834;5.368524342552335;448.607130887095;5.741593182235266
153;1;19.181627525652026;822.3656583697583;657.9997451927073;140.9986321123667;362.434062071108;304.7601523028752;789.0574210034854;839.3716937262163;9.478858778918555;0.44418270056002884;0.5471373558501116;43.08171931666736;0.8174168041438844;144.72689922687317;319.69238546065054;343.10788424015203;5.214508531376336;511.5413730006372;9.99657634169193
153;2;19.259087597736922;923.232053004149;716.3966906908896;132.41983079709925;394.97417044975805;283.66533475359836;670.0478373851058;801.0819097981075;9.48651793165522;0.4374373283174615;0.5624985768126396;42.90365737176299;0.7874616807653798;132.52044788993678;314.56828346057677;314.5178755679818;5.155456048485968;520.7002101968134;9.874881424067526
153;3;19.71651973032327;910.9470533413487;715.4680774745057;131.46482738385933;397.279007302387;269.55171499075453;680.662727189124;868.5007853449811;9.61187563120864;0.43451142154634786;0.5624825950162701;42.76217866927053;0.7830610911423244;126.4795466135663;324.3666427994292;311.1021880252117;5.244759214851671;534.592224345828;7.969378056211834
153;4;19.752099623722835;910.0100914983033;685.4372325417497;144.56995483050977;385.94631605547346;301.20837521244783;702.1960999814125;841.9173778945187;9.669856471488366;0.43108990417572374;0.5633941101600698;43.01183935392119;0.7743526832330467;136.65381917191414;332.90277445731016;293.56413508312534;5.310808578217497;535.0635630059501;11.597935417136753
153;5;19.09213647879604;923.684568394615;695.5472640952413;149.5291053427264;387.2895064887294;316.1694919684585;717.5333159639648;860.3213210023043;9.526091737665675;0.43876921645368594;0.5586372642872243;42.93360966886988;0.779453354550554;133.46887485158743;316.4419865508817;300.441042986448;5.1755468744524284;520.7002101968134;9.85631919118722
154;1;18.151097827312878;1873.0901438228286;1552.8552955358066;104.14452659291959;958.5754790141473;216.55351997515768;662.2063220619358;739.0064073286107;9.501952868727503;0.4252585369430059;0.5734697475189161;42.593845174066516;0.7411404599731293;152.03661516968535;669.0102922817642;330.2885889977494;5.3656027387904786;1410.6720187952635;14.222061647265958
154;2;18.336402219903484;1855.3421681929792;1545.6472751697181;111.54092491714913;942.7686604558801;243.88340294851884;670.5197058726891;735.6118821144632;9.61189853833128;0.4239215823376708;0.5759419091739355;42.687023412444084;0.7526572024122625;150.54356111815608;657.0473905904167;314.6018940494579;5.410198351053636;1409.7717864157887;11.895019264006438
154;3;18.248511639804132;1920.177821685213;1608.0550817298117;123.75799556340513;959.4553070422706;260.74749356968647;710.7518845954806;808.3107890744428;9.604777017357128;0.41784022729859865;0.586739948660359;42.79764721277115;0.7371334457917094;160.1385614206421;679.3603829658505;330.4271999385763;5.4689175464992665;1421.4852639058536;14.37128680598966
154;4;18.1815501295446;1964.5263531701837;1646.399141435006;112.90723697988932;947.2895763140825;241.34402674125377;726.323972797202;861.3975944930337;9.525717865794512;0.4137910920536577;0.5869919927416343;42.74740983628054;0.7354356689784636;167.91136719764515;706.2796866894463;337.2935082440584;5.489968810426593;1450.2325469080617;14.305612566552027
154;5;18.234689758088756;1897.2365591529046;1559.4542408932007;110.79833685718259;964.3028615551683;243.94102505655204;668.4701126010519;698.9872677562976;9.563649344709155;0.41988962656463485;0.5870882700852675;42.78521955965973;0.7238272883081629;144.33657864449057;670.0761712329698;310.5566702242728;5.501127267536441;1391.4246642001674;14.1338346869362
155;1;18.769022091779267;698.5607048647998;583.7209714314832;131.89865001434583;322.5094480391386;163.26617104900694;611.4198233108415;630.0703313736681;9.618800410496023;0.40935674751841566;0.5935606425420495;42.83591489279322;0.7217209363267183;92.1555230679571;233.91790675596957;285.1790710196649;5.45863055885501;462.02759418370516;4.945367730601377
155;2;17.932444493336163;633.6519314813845;509.8910588789911;134.6173715349286;267.3654967240013;164.93833967695903;607.4786699450239;639.4405083315938;9.634841222446704;0.41133001398788516;0.5846323535892805;42.94154142575687;0.7266787490446217;94.94268909099186;229.78781612127582;285.5236260829971;5.345136024637592;444.9884104275783;5.390023159969197
155;3;18.106900844509052;651.8681818700292;543.0027873583566;140.74198346903952;294.07730114563526;169.49207213428855;608.4393308927359;621.6977911964492;9.599568699830062;0.4124475333265137;0.5861892566850275;42.82401499237835;0.7259001263310019;88.93983683883978;232.07813918645815;254.49110175097715;5.394467463903271;446.81946970315215;7.731588384084652
155;4;17.987288462497705;664.0448667281163;538.4737965347263;129.4629586992013;289.51345262827505;169.65287672746317;619.282864685974;694.7952537302025;9.654250242711708;0.41259187711638173;0.5811057402391697;42.813259408003226;0.7206733227609305;105.88878726106094;226.48156890296224;265.7813163853765;5.3538962255747675;444.193208737653;6.799438995192794
155;5;18.422714571803514;672.2026809595036;547.3574950005798;132.033591077913;291.55065610034137;173.48321507243455;607.602610193636;649.8030640822403;9.553637493615959;0.40889629198951505;0.5888376359575043;42.82764037530533;0.7043845734542958;99.80016013453259;231.97403135355435;263.0440715832577;5.31816001606796;447.51571504454324;5.443476521033654
156;2;15.718050302759643;830.1272457456374;607.7727440341534;118.10372998409976;351.82765047579977;252.25004848545072;638.976711127019;768.7499228813588;9.491975996066191;0.41640437321204354;0.585924374846388;42.36201104342529;0.7405690068841312;135.55894342724582;254.6314908430086;265.2489717466204;5.244215468944468;500.37307649849237;7.904292063191337
156;3;16.338930140164358;809.3600566800097;600.4697891158885;142.60540486110332;355.91730945222184;265.308774450365;592.5858070962886;738.9005282128659;9.511998355084707;0.4134878625978649;0.5903442466681151;42.23482158827553;0.7253123939572955;138.28111089325628;254.5780843678357;256.2597037520693;5.13742117233029;495.9078673148284;9.056754939463
156;4;15.819702483362873;837.2777349451812;606.9994193757063;131.94252795288395;363.09974282422905;259.5871215942289;621.5060070630531;845.5963730204497;9.52720800022711;0.4156151060830552;0.5850633070293173;42.36995859294836;0.7375342210005529;130.22695763539;256.3979221063603;281.28059708225254;5.199307266487689;497.9550393874831;9.679540222926246
156;5;16.524896379112505;822.5654445898081;609.7080278179423;128.53288626482055;351.67666927243295;253.3290414110742;583.1899058622896;773.4163166053492;9.567180674082605;0.41112186306148857;0.5889459049723733;42.48117817136972;0.7212066242905187;121.06969523806734;254.87545248399604;277.9943454269233;5.298982105690462;501.42073883502167;7.684804081610059
158;2;17.667547707058205;843.5167572387189;624.2954995247964;147.8503313048275;368.97514449634764;278.6483029236513;689.0187500847643;921.9483112782718;9.348582483833397;0.4108595251534383;0.5860942438935391;42.487138721715475;0.7034396083629781;133.24020092130013;256.07569830749605;355.7364832336092;5.265631413981619;481.3654225797686;7.771515165919617
158;3;17.634638224119;818.9049480170257;604.7527737286914;145.19088345926886;360.71547495609593;304.19437057323233;697.3040078497924;1064.8936949511428;9.322005321135101;0.4227685892739347;0.5811275071191347;42.46694970911467;0.7494625759946927;206.31739912215247;254.64685949381112;316.7173501773189;5.347049828936964;483.1662086985452;10.127889497578419
158;4;16.894297518798027;788.0981625428116;579.87921493208;140.67323260065868;345.7576403548737;276.06987127260646;689.1357254814216;893.2534275270618;9.318527268224665;0.43157656188010324;0.5734761784124666;42.35932592012078;0.7467732601347334;175.10988217415527;255.36537451663133;345.54401437988406;5.409690022776999;490.3611864478412;9.466031362848572
158;5;17.25631767123753;805.2444294180442;593.1750888576225;128.1778245498174;346.7484702539604;332.9678945544269;704.0856375538282;1069.985779648628;9.330918361537607;0.4315096091398389;0.5689276349930436;42.62202119548405;0.7614915279066921;201.70789728199534;255.36537451663133;374.37336782502666;5.3152274894908125;488.934385736925;9.475134619675197
159;1;18.019461842936636;835.7754516479353;627.5224297493328;119.55716442634494;346.78279246407754;242.6541902414151;681.004513579163;748.7671877922592;9.573781388673362;0.4208477715843537;0.5839729206817876;42.453699703996556;0.7373394389931031;146.99235257892363;261.6428560912911;295.0263191903518;5.536637661162379;508.9974112896631;9.28241845312567
159;2;17.96463423173575;874.8929188092084;669.3237089181848;110.71128212348255;380.75759932967287;254.64625897541245;693.487321517147;831.9823329582028;9.624340659987684;0.42203294507498246;0.5772133928488841;42.56414618884975;0.7484264808778414;162.69206271997635;262.17309039434724;284.0161595683378;5.529012205269387;507.54475879953964;9.317441431429284
159;3;18.404967514817205;897.6642883952476;675.5895222380175;111.62818502119624;384.86644921383;266.6762394043532;676.7915807870744;829.8296330791177;9.631704585243664;0.4234642011212899;0.5751136498572614;42.72531761596259;0.7491126998435463;153.02772002652915;260.5482479677064;319.1969798217254;5.492560084411056;507.51856649281814;8.64475923022748
159;4;18.12650533636927;861.7448488363905;651.314086671286;120.5161067341789;373.4639526598555;264.73481008873966;681.1056832017107;794.8136747775205;9.681771574805085;0.4218046763862965;0.5796441802575116;42.81497355781118;0.7447963105738282;155.70650024866026;264.7236861694601;298.2664912352242;5.495053025449116;508.96737504744124;7.795177208304285
159;5;18.333690464402498;880.7403895828481;674.0686780995957;114.04528709607807;381.1074659400154;253.65884400768414;660.0753339408161;793.0973617212188;9.654191346766991;0.420290663448059;0.5804303933391153;42.690834183650004;0.7441191280364313;151.22877723929727;263.63806713172903;270.0970916374371;5.469707984227835;511.65821580188174;6.5986053582767425
160;1;25.002109150254125;1576.282633086081;1231.9374124929163;138.9683733513986;668.7340024128898;303.6145298744483;819.0854498428799;1073.8846305802463;9.907502022536475;0.41676545739701315;0.575090656782824;42.611417082754;0.7106673872550953;308.74467520798174;611.5751837390425;374.97781189459687;5.349261603069513;1304.231418409031;16.083039393380822
160;2;25.14850581776288;1471.7454728085515;1151.439404485123;144.08412794726172;649.5907992459197;260.1446789519236;677.5369088120683;973.6656348793613;9.867203997101162;0.4005430310065767;0.5913367136315512;42.72576889428017;0.713718312318655;210.97693153824895;574.3696425508963;345.31496494361147;5.2822288578966194;1277.258008691837;14.344461246697408
160;3;24.90139602042072;1432.4627803725693;1103.8060189620548;133.2481770894681;629.6410779220372;278.1987918407739;737.9585416231597;1045.8839693376328;9.935077750935895;0.39599199793270384;0.5906492196205891;42.615014576340506;0.7011585741255909;195.70297006468908;573.0916181773166;309.047117510885;5.280542604297193;1178.0548982537416;14.471617792121673
160;4;24.704030363199827;1356.0075907626701;1028.3068211382688;135.6898766386641;592.7925823864311;276.2726915633902;644.2149954125829;803.4867453310461;9.879048850373833;0.41155180930971735;0.5814706164237461;42.908288586387506;0.7092706132411648;170.54704365100167;520.7215827536901;300.04305017480806;5.4395419460276635;839.7165757334459;14.50434111245457
160;5;24.567525484404836;1608.2791382779312;1247.1565507602343;134.54991630558322;713.1224083169386;238.81429271382245;675.8447768987396;820.0822430894084;9.988497848382616;0.4162273761895295;0.5814757101079053;42.97081030806517;0.7277097788844524;162.9067075948704;587.7610909016662;306.27683357342323;5.355587181815086;1324.4299037771705;13.848378423021149
161;1;10.696933925136653;1787.2533448060392;1483.5991234185876;121.28974900780702;852.8222488381667;244.46386417852565;782.5850911285032;1303.0773119449136;10.553572027384334;0.414494307062646;0.5859357921934214;43.51071297315846;0.6965475205469488;306.3706893649545;703.4625676013765;364.3028925083911;5.966676287861332;1427.2735984372762;19.610632122318453
161;2;10.544102080572475;1835.760612871332;1562.378672955172;110.57475920855137;862.55759038438;239.66661803971942;707.108196354489;1303.5272667963281;10.552814293968064;0.4140939219348476;0.5856152468936875;43.536540013199;0.7054009590719525;322.49203361702445;724.6463925256359;326.0138241901658;5.876487157715864;1453.7561486207942;19.13558396519692
161;3;10.575396154264556;1830.728408517427;1551.8179801096912;118.0552642246044;863.9493096260081;244.02266793630022;771.5734638921571;1298.481898284946;10.658314755936129;0.4132068544934409;0.585058619216599;43.50503890437206;0.7017631839342516;317.1638056519764;713.7913534276835;337.9201446317231;5.846851264063658;1454.9379231980204;21.430696976953815
161;4;11.048011804263135;1835.5571186575612;1523.3170776893746;125.77828343433548;870.9186037714915;245.97370437752966;711.4063457183346;1279.9600867615559;10.443736976029953;0.4157046648578171;0.5821638864938219;43.80188252687243;0.719298184080942;310.10196098292244;704.063474855406;303.6877117118569;6.048362418220539;1460.150989635412;17.90538401106209
161;5;10.857289985601955;1822.4450343793383;1528.7465232118263;103.8552398163575;875.3458267609459;231.35304625533632;706.2587658141045;1261.4313979258172;10.451647043833136;0.4152476840322692;0.5850908375307546;43.91054832711131;0.7232112334831675;310.68928970867444;706.4500090853691;310.39517853612773;5.8245437383054295;1452.523467144723;20.445624751652804
162;1;8.477507720842294;623.3194643469216;462.38556031177484;143.12144707894987;254.6206417057813;178.12323687770376;726.8880508875076;588.7515458997924;9.436204295735234;0.4144240626893857;0.5814516649912216;42.67120436314043;0.7130294643127558;99.10281653509018;195.34264084667745;354.16390937306915;5.345415054599847;403.10154753307995;12.495031339195998
162;2;8.603805249880203;627.1831443153935;471.340501515827;134.68300678771746;263.14581442998303;185.84521122189474;664.8278659404126;562.6098228208135;9.476864209555632;0.40917821877198585;0.592666259570289;42.65129901301474;0.702523983827224;92.00690197334448;192.85691601262587;349.18065584076265;5.195428524302279;400.2242956611394;7.036226767552753
162;3;8.832432326726876;641.287118190962;482.31584925747825;138.88309194162068;278.04528069264967;208.01368566983768;770.9296120043927;658.0821417847823;9.47234628955751;0.4048533638326357;0.590703815541086;42.643955550344444;0.6919583132931529;99.41401276472662;192.58271336512917;316.1129064606013;5.256909775532708;398.3051333772224;8.736507110842194
162;4;9.396099071942865;626.7651274480952;455.2433937725496;135.26892178595924;279.95433311333244;194.63655030715898;669.2104546338338;748.5615596999943;9.538146046949388;0.41665533461385923;0.5782986749261837;43.04088793933699;0.7129289809752809;125.45361248018276;188.59364365771006;348.05399317598506;5.2467290556455914;384.6834536052755;6.233316939476406
162;5;9.635414833813709;640.2694404849666;481.8467602820332;131.79558886638316;282.4391852430773;181.4338783346377;678.0803219274646;829.300301264633;9.561695839635295;0.404805158388631;0.5956742486250788;43.20336894255232;0.6897711336941103;183.5986462988429;188.97093854359338;320.3615431512961;5.214211885599346;380.27205290191347;8.486657178373374
163;1;7.747639792583706;1703.5788608817118;1425.0901236422496;128.16343522325477;842.696394304798;231.8129275444571;726.3779104723125;1273.3289452536098;10.676477511652864;0.393946376315593;0.6037002879048491;43.24869707364312;0.6582974923653688;294.5446825900538;631.8827310379545;345.8573200944846;5.94431910826939;1416.0256352422814;13.550091625034707
163;2;7.555592891337212;1825.7871234817815;1496.6569413447285;115.26416430126729;883.0459609810903;240.07029102893662;714.8966302221002;1251.6326860561853;10.888022143329714;0.3960195972601417;0.6046564026794023;43.491594897960866;0.6599029391803337;298.0036253196279;658.1575950729004;319.75040856990375;5.7614678368503744;1355.860117798456;14.5135100559824
163;3;9.09307390365437;1906.5294621845253;1576.169428953194;117.89664363406686;885.9628094915184;234.32261318570673;660.9658755277608;1120.1478352254055;10.57293190064959;0.39004358276427986;0.6116243407754063;43.594696403345594;0.6563377956079245;284.56806321807795;701.9336049645526;334.81147721557585;6.299108526025722;1459.4966067665125;16.337414869973443
163;4;6.6014141862513815;1794.7370864807278;1491.7585253962284;137.98113735376353;839.4497605804164;233.19360188621093;731.3789076770746;1302.915747963857;10.984969274402562;0.3776688675377031;0.6188921290177317;43.69616108601571;0.6410034677436666;313.9792407375085;669.5037233718297;350.2179050746516;5.938783729310999;1321.4157608670089;15.238035447272827
163;5;6.532394839218439;1795.9665221499597;1503.0750663748504;125.56963444591528;841.7355704155926;234.25144306944043;746.8883896455663;1156.2147467011737;11.000882488886619;0.3901578250777187;0.6113985550929104;43.81483860428267;0.6569628328053955;260.93603141040774;674.5609844347549;323.9984556106552;5.80000957175072;1310.344035274344;14.61881564917414
166;1;19.660185315805034;1759.053956968512;1411.7300674855983;125.19196762697456;799.3400340712353;182.5663910000295;640.1230208488519;659.8611234734464;9.856503029582443;0.4038122922697118;0.5894964176127658;46.220722016745356;0.6782207273375046;147.22207607345783;580.6643222537624;316.43650188138145;5.681358173680328;1236.6539069018256;14.774774685617974
166;2;19.67822763834581;1767.3264026268662;1402.4844960882754;123.4635890351383;794.1615392568312;193.8520650825115;689.2464165502405;668.1413607460131;10.440582871790937;0.40750709920429923;0.5836339160641226;46.53317961718536;0.69126839004011;139.16766658282535;624.8090828897214;337.86002886615955;5.330366075656892;1227.198421800479;12.413191187966707
166;3;19.412366096987896;1752.2042528484221;1416.795583759706;115.9944641573542;793.4661931979626;206.24497962575373;684.948356931362;675.0451338533487;10.460539775021955;0.4169036158920393;0.5739083455363663;46.19999152947431;0.7020411622575539;148.3788909896778;603.127056857311;405.30047141872586;5.604537264274728;1232.1109795593668;14.271245560631693
166;4;19.392652759799844;1741.5828554593022;1386.8174138758418;145.01111244476454;796.4396584857359;195.92821722995268;653.931516971501;677.5376047417644;10.479350636005693;0.42781805146692164;0.5590812612145758;46.341972168929466;0.7159380478319267;154.39509271149763;569.0919805249598;350.9150649081902;5.453250746438297;1232.9309019457896;15.004590483334715
166;5;19.134610634870413;1750.4453291090167;1368.6683854141922;144.79390585961247;774.3047417818674;224.9021177540429;682.7663662219359;709.6433488377064;10.799924913850424;0.42052318270785966;0.5753377178602097;46.52040328212187;0.6991074114850124;148.46656108974847;593.9758100725403;384.8496662673951;5.450550066957747;1221.9924836983423;13.47376202979512
167;1;8.031712151048563;965.6318037123488;788.4371531900653;147.24845846926738;497.6811410391062;248.2775160490644;773.1451381057294;936.8819844505706;9.652055401957155;0.39246886614826715;0.6098391456771357;43.246067297956444;0.6633766524360722;199.86849131042905;323.8381985526471;288.3829075445352;5.5377354608416525;726.8822817222712;9.7884312381945
167;2;7.761882246597712;913.4383831730285;762.98151034706;111.60308686893612;469.5268306669809;243.61427983120652;809.3734252214097;802.7766843355664;9.51949006170482;0.3826554914054101;0.6157776024817113;43.10961946176578;0.6533447972177777;190.8219897917212;319.4116654478438;323.58040608256766;5.527893066726574;733.6969857942428;11.169609008353097
167;3;8.064085655301595;935.0307688045141;774.3242598793846;125.87038760801221;474.8696762775413;262.7085474553627;816.4984649472561;875.1992576795279;9.577192768581813;0.3960432157817978;0.6022680247822599;43.15877820164161;0.6719018569174453;197.87311429054319;327.05200830439014;373.8844038623765;5.584045558348873;730.2802236094496;14.428249375814026
167;4;8.118640931175158;952.7185111975334;790.6029050082534;119.64073393413818;495.39832121347933;251.64850353544855;816.1528035821598;853.0867591682731;9.595084336557575;0.39632378416597125;0.6013972723552722;43.124465477101154;0.6730816997244925;196.40292946327048;323.09408038149854;350.13796471115245;5.595254737396695;722.5838112124359;12.95598989586045
167;5;7.534642651297649;960.199408580054;768.3389465853928;118.1807856990119;502.05188733029917;250.25616363383276;787.3041688097085;870.3703881986091;9.45109735187736;0.4000648291624479;0.6052850532387782;42.837388915405356;0.692502550371167;191.57805763180244;323.105911695735;366.22092867689463;5.657131360067171;735.2563729957157;13.204109381907118
168;2;7.600068843822154;1570.5538487116241;1285.9634393090212;116.92008349925833;750.2089281187889;232.7102387489801;784.4490950630988;893.9324194201643;10.536813768274884;0.3995332428300561;0.602068315662232;42.758405389887905;0.67307021143674;217.12984888422454;507.42761811363533;354.3910886658216;5.548265265987839;1018.3926655267959;12.451328375083415
168;3;7.632137178653332;1582.6527907750537;1303.6519901142578;110.94260304036982;749.2827431675897;238.57769545809438;769.7526616226111;916.8512070841133;10.56393109361459;0.402218868621316;0.5947495609075092;42.75214988707685;0.6635702689187767;211.03767994792454;496.05357147022636;341.19128256334164;5.528204025309521;1021.4149356411882;14.142370180392138
168;4;8.64655804670216;1583.9198050712062;1313.4301749908363;118.24959041801047;763.6995977936931;222.00988702218572;704.0497243561231;1050.6862546952918;10.538402490180916;0.3995555678058575;0.6014242362066176;42.842009121127724;0.6919213323163165;226.23214792821148;500.62083342748633;325.2627835995909;5.631953139191595;1008.37435132505;12.63231219108731
168;5;8.576878628989853;1591.576292504026;1309.0650068208608;113.51912504877708;763.9408432165401;207.0096725268523;742.215330271934;1018.3768039474775;10.46388834133117;0.3947306570640643;0.6032011274231973;42.896682305118105;0.6751748369013612;221.90351378468074;495.42471338828443;318.58321322132974;5.616535963956466;1011.8243920671542;11.245516291769249
169;1;5.421480193315144;834.0778927726778;700.4427847487183;138.7962818793496;396.434489287113;216.20437247825836;814.9751928106847;834.9283260306428;9.604962347486484;0.393318798169844;0.6072475414589075;43.21398467587003;0.664521949688533;128.7192533437414;244.5358366271747;338.2098016817917;5.30634199516377;541.4164203880151;5.128739492096398
169;2;5.164292144289711;814.7374064932943;685.1860513722925;126.39966408778078;385.466642579949;231.37336167796184;761.7807524411124;887.2925101167357;9.402069630552734;0.4018007307211357;0.5964854374479784;42.91290066828283;0.6762449437328399;185.82020146218085;238.83320083224743;348.28123033821555;5.46176286117455;506.49289372046974;2.7731855370548915
169;3;4.804011277911874;779.6683930054791;684.1649148912107;135.06011827907176;370.38765538223566;213.1275699677312;801.0235154855555;860.8028123782789;9.466979934596653;0.3907864421292345;0.6096584532379563;42.51072816537876;0.6651874018213312;160.095014759229;241.6924831240051;364.1716428020883;5.610744464802456;494.8630385550973;6.495877314169474
169;4;4.926331047599892;762.184396484233;669.6662143528515;137.3696215453307;367.7976929557828;241.64552789500829;779.8975091547237;940.744478822781;9.382153088149371;0.3865430252520861;0.6187345340899292;43.015327614289674;0.6444658953202018;218.87425778251574;237.14288422078258;375.87582133226226;5.403939469401299;462.2100394865149;7.065921164288921
169;5;5.574199911234681;787.5780932510868;670.0340020673736;127.86993989888632;387.593394110508;222.77282097305957;784.3242803898828;905.3642010738191;9.462253053133189;0.3915614042668934;0.6107186475947982;43.09805791818137;0.6458801769013417;141.65656574519696;240.54100654989517;349.0746322839244;5.323790631739112;502.78848853009595;8.473248141791954
170;1;11.655512899829763;1316.1632978986906;1039.474983692478;80.17354422272723;604.9904899356766;262.8047921908772;754.626563828371;814.8048358934429;10.81337436793328;0.4097936684431472;0.5938629295034239;43.775384452568716;0.7166761998645161;182.7360509848027;407.1330342197805;305.0535606244139;6.045373621272464;905.2950682631275;17.26648842106873
170;2;9.132529480156153;1111.1143967986438;924.0667935373054;84.74550988023728;539.6656147168502;227.55086430362198;668.3964295156837;925.6303913040471;11.122290933267397;0.42453214762072167;0.5756111677787216;44.159676911998005;0.7346382530789844;196.94500514431812;348.7292706043892;323.5751440596043;5.714768413667851;710.3478404011698;22.245330096609585
170;3;8.836576576296498;1055.4682235153684;898.298635407064;73.7199570763628;552.4759141787285;232.90014262403346;630.1720136816368;836.1835491214831;11.153784060715045;0.42157402007482014;0.5764711411091651;44.73657462202121;0.7286216278135452;160.3698087666095;333.0677551701356;308.23859889697076;5.576051472280292;705.0540920309539;22.916915403117002
170;4;8.867830343205819;1086.8559696446966;934.6070560187167;83.07336290599133;553.030660541282;235.88822562379883;633.9902459120394;887.6464775703103;11.120060646577404;0.42107418914940653;0.579369988608641;44.60527897175292;0.7224115433958873;170.61358613924222;339.6792476540915;311.0116761514516;5.7278114745852395;693.1082855322583;12.57653244282321
170;5;8.698414247303973;1055.9011998832168;890.2124376833143;87.38444086348967;555.3933645520046;238.0000014298462;666.4175451329398;812.3683963589326;11.160769761017454;0.41994626974494687;0.5796129096207474;45.13151289248199;0.7248860893747425;157.41341188618432;331.6948478268277;315.50145338749337;5.608913026424565;692.6483496612276;18.886068852272533
171;1;7.604632453540637;1256.4411906148189;1004.4855338727642;76.36964727227043;594.1576219125044;231.63810466022406;648.7593482741664;710.6542051812581;10.20327141922885;0.408133365064834;0.5916736542625095;43.46900619183215;0.6965712667083708;147.45267089177372;410.91458606732425;305.1503466549347;5.16500885611238;784.7066461569134;12.756575319139126
171;2;8.038586706832888;1245.9839455753886;1014.3048342388507;80.07985699467059;576.9328513201826;225.43993404661813;707.156870531362;694.4070273017325;10.289819921552073;0.41225732761952616;0.5913912775487767;43.32202000700383;0.7013208007251004;156.62527235430932;413.7365993864763;277.2015532004572;5.25764992505272;803.6092976458399;17.134894102526363
171;3;9.261856462274038;1271.1055817949646;964.3030291765666;56.81221259169323;556.6134523312897;234.58068217324777;613.3476076693756;772.4630030151961;10.459508457883803;0.40807496326487647;0.597625814589649;43.326255241014834;0.7106860448546355;176.6824103545457;419.5234516709149;302.5324797192335;5.710955459364576;819.9643886286062;13.640430665727253
171;4;7.646825496788865;1289.85620339157;1010.9930459991009;80.78025395378425;590.1481061423326;223.5198772368118;638.6399339184309;730.6224636075157;10.126522800842428;0.4094476600664626;0.592568179139929;43.498770598569024;0.7112194549974032;146.0262082751369;415.63572841804967;289.6136095129782;5.444113185259345;782.1428386782501;17.33305348201263
171;5;8.53049285023977;1275.1938485881433;979.3782214426973;63.53689565800383;569.2861697603503;237.4156866286191;682.7320361301588;711.2007357443273;10.599086460086731;0.4077735339146323;0.59647894296614;43.40285406207929;0.7040556878992703;160.96539199568323;422.9685447181262;289.81609385653445;5.43088423750738;816.308694387299;14.829373353541609
172;1;11.430082124376865;1292.8209074709573;1022.628350513934;72.32110976981386;560.7453106764962;197.50957201030639;592.8964514858972;804.4206248497652;11.13812129533291;0.40927137203749;0.5962439627179527;43.32464424368355;0.7110982600344263;168.95479315174583;411.1817929796708;292.5584592535054;5.547543811373725;857.1371300735384;16.632265629893755
172;2;12.864639641391362;1447.5502074987367;1114.0888613772447;77.98946284692201;702.5565798149423;195.6003864417925;611.5016748525678;717.9195196272325;10.847761192576778;0.4056736825345675;0.5984817991827905;43.413423989658895;0.70514685202177;175.09775535616546;420.68322570431656;306.00466921505273;5.865082549922514;963.2507785003377;21.0393899777872
172;3;11.522800392122122;1285.4374909505136;1011.7580199328149;61.83888463053189;576.7503444873918;191.59582476637826;571.8618605214195;644.9563519185731;11.116204247467936;0.4128288909449217;0.5907291512834711;43.42808047516055;0.7027030701760598;162.69426170409997;416.5160141324778;312.7729445694632;5.863756805524323;874.0819712538957;17.970933065345942
172;4;11.38166691404318;1298.9343111209082;1055.8909314614714;71.9970398371751;593.59951032247;197.99534910225242;602.1286519559782;664.7786852642535;11.221180763953711;0.40921936347125365;0.5873473808720624;44.026126826221336;0.7035888546902309;145.47377839380658;404.51166273834554;317.1838998827759;5.354419216171106;865.2831915008148;22.843153930484764
172;5;11.262182809872465;1291.1564284358851;1029.1278889642283;73.7155259270097;595.494944362108;198.6965754165084;605.2347941317778;699.209465394662;11.232107757889281;0.40852454374778985;0.5944874094472623;44.08767301831562;0.6913904930625534;159.85485914137652;410.06915630062645;316.38758932806667;5.548224809805966;872.1440151068751;18.850105381672943
173;1;9.560946684735265;937.1925387830747;791.9545252673981;87.27172822009534;461.01697260512185;245.7384466579065;659.4567960377614;806.2244044897739;10.922058289678361;0.4010164195552288;0.608610840732307;44.55355859907587;0.6743436392921369;151.1899764441923;301.17409048079486;332.21015001031947;5.838513956123651;608.2430904064107;12.037352976695363
173;2;10.879327303031031;967.3187820051386;817.3974261041467;87.48480112997348;473.93666242038114;252.72832681158258;695.1093570595414;818.1888759405391;9.893646142038092;0.3999284969390555;0.5998082792706492;45.049226536101635;0.6698730935536351;153.19786457835818;309.8015660341674;334.6398162835341;5.866030736578434;582.0019844420763;12.687236685338345
173;3;11.063447332124197;900.3705771438773;756.1582345952064;84.90920947867028;440.634525709991;239.89355028041265;688.0741059499483;917.0506902906407;9.86142219732165;0.4044766165279282;0.5924633519931304;45.554459798650925;0.6843381908648047;165.8136393494755;275.6777098181282;320.13087279615206;5.591377877242454;539.9860820952821;19.997646457136426
173;4;10.478287611786397;786.0805901017621;664.036023662634;74.27271417832843;379.4858188188742;238.81680854067545;743.3476716041981;799.2484712617846;9.949131651543619;0.3913659737247028;0.6029495385278346;45.39560961729727;0.6669996258712448;150.91205204454502;272.0404164552848;351.3751860480568;5.704000345778109;485.6271434459734;18.19184731005992
173;5;11.523080753826987;848.3783300541006;706.0563674279806;85.54215254397141;421.36114417466206;252.13384060138588;721.4242859804514;786.1681631948671;9.917723534307408;0.3933943327690757;0.6033587793083762;45.707993451239524;0.6684849952674682;155.57140094946314;273.7909430338697;338.7583074711412;5.940507678111523;484.7201569621811;12.344760018222367
174;1;11.530471248176113;875.9907846145933;753.5849329757094;90.42658781028405;444.1179639926291;228.83822912749656;669.6962098077533;798.380251635482;11.125492351584628;0.3989349286419371;0.6024181932139656;45.03430416982109;0.6651628862603433;161.28806129990605;303.9734398146369;346.88549464887075;5.8968199782490025;611.692555810789;14.580028591671987
174;2;10.492027245292581;911.196050866328;758.4510282982592;94.84453436136802;455.69891660958206;239.91939053190188;692.7845892564561;793.6094080217143;11.198252195874069;0.405016812733842;0.602084381853668;45.0044611843836;0.6768498754703869;166.01597034697687;292.8029432781539;324.08504931351496;5.796874880907882;634.058681911351;17.40899405988
174;3;9.844927059387054;836.0879869014875;710.5785547985574;103.82500934208934;426.3748214042638;244.9977300556031;764.2256133395077;876.3614123324166;11.12631303374776;0.401601595620247;0.5990639566770397;45.092224405073736;0.6785948211068303;158.43620956141572;301.72188153243167;348.6186631511764;5.756740819930602;576.078083704113;15.171406247229239
174;4;10.999552258141126;916.7072178079316;768.3366082107485;88.92585369807934;447.00846000652626;224.71001908772286;677.8214328373107;816.2063765123838;11.040817685591193;0.40078246048068555;0.6051532643689184;44.28715640715842;0.6826619924558196;184.89852563550477;295.87936159728525;317.1381648002766;5.868934829641182;658.5198577464233;12.838333478059427
174;5;11.175755352249071;873.5107811597213;738.0999075384134;93.2770309026752;445.1092800203971;226.58991196542485;693.6539519280337;770.5189219427186;11.099950134180729;0.39980208331062284;0.6004324741876654;45.37714585747463;0.680321355995315;162.0483624939812;304.1432734550622;348.64287494066366;5.879120778894122;614.8559901350685;14.921970244482175
175;1;15.150654165009257;1059.1061289501793;902.6928740981888;74.8700646414139;547.7258330177564;265.4327655080555;762.472759169886;797.1365235714195;9.705942447249443;0.38971811635313336;0.6130295324071315;45.347873864737956;0.6577391988514704;129.7946266538082;334.5846556283902;326.6999214650303;5.189077414560579;718.818980736146;22.27557867532051
175;2;15.522087033521691;1066.22074205013;899.8346547096336;83.24882629024164;556.3032307870559;271.8905109959803;762.9279912573788;812.3673491528962;9.72634819406003;0.38647082761957524;0.6156855102191965;45.62604408446451;0.653305209102256;132.93265568587012;334.25596152940966;319.021905754831;5.262924850297835;717.7957518681962;11.424820990424497
175;3;15.494054833016072;1062.5675780075355;900.8454426321499;77.18666709905426;551.0242312116258;286.7949705361121;712.4407099067373;838.5843972466689;9.629554717281529;0.3909786086768074;0.610646272036671;45.47834644665465;0.6526682544804505;128.3223792583043;331.4805679344543;333.27325574933786;5.2431789930869055;712.5809995768152;12.49804146976911
175;4;14.985766716645799;1061.2681445849512;877.854742721103;75.4798372478923;548.0126370578687;267.0505611732887;693.8563453796149;821.9846645540273;9.621178331746476;0.3899837625322057;0.6081060761808662;45.414853634114564;0.6536614702391828;123.98462343528647;329.547207170662;330.44351410282206;5.253762755494978;719.2710798222929;20.114079166709786
175;5;15.068902014876107;1048.0410279854464;867.3190554056799;71.516944008361;539.6171158388282;259.49133925422586;731.9746348743669;837.6067125015189;9.741146298022018;0.39253719113143803;0.6101562794256776;45.411194758263875;0.6609491098676241;139.1434634891268;328.4664701696879;325.6576802801121;4.986395488966452;707.6459652082849;22.769373258504185
176;1;11.460235136649649;860.6356547358602;723.377177426911;91.7561001451732;394.41185158740996;218.948013749117;704.414430784603;888.4993423195732;10.339778342551645;0.40991096800660964;0.5881063675984989;42.59496919961041;0.6906713716592253;164.34105745855788;283.3367972015357;329.8515718357576;5.571419635237464;536.1911851482228;11.758617970298735
176;2;11.827318614931503;783.3503738669642;649.4827354668855;86.52988932044656;373.6322752608982;247.41455329422627;744.1632100598327;840.2897619145157;10.213219331600724;0.4149311536951268;0.58127459196314;42.774235710239516;0.6950476790595236;167.92580573260668;264.3512439033874;355.42061878607774;5.647565591181551;441.8670485875752;12.281184754492235
176;3;11.681882442984827;775.8289816489439;649.6354296502865;87.52692096268915;377.69776040837735;246.12036990784642;728.5604314589915;793.6441393816997;10.280839797457524;0.40363141426838306;0.5901120115751961;42.21767495883159;0.6736620082483704;168.645649150099;277.1576756896602;302.4126799687091;5.595679321022187;472.3311760649161;17.81246191265763
176;4;11.948189703879313;727.1593769042582;634.854815243442;87.57662547952155;356.11044232106013;249.309456314858;750.805758592885;818.9798017277965;10.25973271489118;0.41255938211236215;0.5836320715849044;42.67318503986511;0.7146664850344466;159.4198075600649;263.0100918670838;333.5249658652798;5.512177609774845;450.4659492855394;15.546344060072391
176;5;11.79175881172982;783.3193424161201;642.5743717533712;93.89896706549058;391.26505771508977;275.2953258699333;728.7583939839734;758.688389166131;10.386759169233791;0.4086675904430422;0.5849600647727854;42.54038094070397;0.696468771964718;138.5708397962138;270.16076890042166;327.53047451057216;5.541012399990136;486.17931777914316;14.444524541260428
177;3;13.511554304055876;1784.1946063957255;1475.9959303507387;69.76245827104316;881.2095093568189;238.06651045019672;628.5591691800822;782.9683852788563;9.829353886636397;0.3872999795804015;0.6103585003468877;43.1550919681712;0.6405006364925047;157.41327858575264;660.9613468027195;282.66563295507615;5.398988451955043;1289.7578249887804;31.684889383431017
177;4;13.933114100659369;1800.55661064124;1470.3413863066014;69.19477645336234;884.3322737318629;241.99656662002783;666.376112288179;816.9607285862467;9.886898207120352;0.3919714252407204;0.6121205597839462;43.292798055290945;0.6462396947218215;168.85798341649544;688.1082613150028;309.52415131031466;5.380228596635058;1295.2329947021867;29.234166558176586
177;5;14.025233832240238;1789.9394444819713;1452.3413973401784;70.01294148389523;878.2839118863867;246.2702590124539;640.9887619621858;792.3727338946595;9.981555226935313;0.39154312861813273;0.6103782422809035;43.94299967093746;0.6485648665770682;175.71493801061476;662.0758429634005;281.8722739926088;5.392652328607278;1279.093224388103;30.69142380828415
178;1;27.627493506440423;1192.1224687363942;952.1696610799563;74.35815252946301;553.5909641213674;238.55003765429527;634.3727588986768;744.3504839547091;10.415017386209886;0.39897795664175606;0.5977839666831346;43.720827399799774;0.6983834897553571;128.5321612071268;427.7919781904659;310.13249696814904;5.409336387929068;792.0950620231214;20.134697105567042
178;2;27.78906957310059;1250.3952491338857;945.4516192513041;82.20505387976864;562.4027584012338;245.20626429137675;680.8154274367506;739.168600332399;10.273112820467995;0.40051694501613044;0.6005384825011018;43.95299548653521;0.7040705863114931;137.93244608122185;418.01173347376346;317.34334788920137;5.494721066793078;751.5091433001571;18.504166423328762
178;3;27.390000812433495;1237.4163876521338;968.6927348545364;87.63010696391488;582.6713136357614;271.9575011692433;680.3137364500371;764.5451316332797;10.38944411194896;0.3931178691645638;0.6036739422723921;44.66079060921723;0.6603794561899633;126.61746889614787;403.8730630228405;331.30885059644805;5.439680834118112;836.2857585347374;21.297428060719128
178;4;26.285831346999313;1181.0812224800682;981.5053480556548;80.17485232108243;563.3645657805843;261.3844459751423;662.7901310183194;798.5497223505326;9.83731590985109;0.4039063913034305;0.5876515398207368;44.185225064766094;0.7029593065063243;141.16834364181938;416.28197618728666;289.2927509366894;5.237701342547604;791.2758828720732;21.621218526007137
178;5;26.154585991034843;1189.9591779836958;972.0760167717116;76.08295652327513;559.0520739832656;232.57291109189998;671.0921896657844;742.8532590423018;9.894563354232401;0.4032569619922691;0.5886909281640285;44.39076526439072;0.6933383137022979;148.97583737727882;398.5446197634255;341.2601082326901;5.243153829251409;791.3801652373215;22.515390966896668
179;1;26.342179627877496;677.1435973924895;542.7071553568871;89.87484612461759;318.7853753735732;226.09116591616845;659.8706995616442;774.860963758921;11.14390595380135;0.41845933078988184;0.571916316674961;44.995110376942996;0.7445636520303842;105.57089477924873;227.22068922202445;326.3327424861047;5.419361893666548;400.5670401788711;24.028821799627586
179;2;26.40467122367493;636.7927695032265;534.4182721194127;89.17826097897608;299.3277764156135;219.4853966462099;667.4177553920216;741.5568110926558;11.080793509426414;0.4246075618444044;0.5763768065785558;45.03301845423066;0.7416429627079989;104.19390909652158;217.56135897439447;355.4971837950536;5.322963653483644;377.4639546709988;21.3654866930972
179;3;26.40418831339743;698.295386223871;564.3866679512633;88.70012388857644;345.7459364832494;221.11044299497968;692.2786325928384;759.9344989023283;11.067819249209109;0.4210874555098133;0.5753251908362851;45.62965389879641;0.7455269965530422;114.52739214699191;228.64975954207165;345.35473375837785;5.165714325175199;384.18141809469955;18.085006549744197
179;4;26.241040808715756;683.036170758566;549.6549535478536;89.22496631848202;323.31890019377005;207.35832195733002;588.7735877869611;721.8824374745692;11.151259349620853;0.41847164852285906;0.5818508411799465;44.821189064960315;0.7279473703985757;96.11094159278943;222.02895009559234;319.9376035255919;5.420259291030114;391.16118129414747;21.448313239279713
179;5;26.561959808140067;661.0889436838871;535.6905337493711;88.42191766565338;315.650852579194;219.99573709477355;655.514772412076;750.8312292346527;11.125698303786583;0.4232811854299332;0.5681791060807605;45.51821388944798;0.7407536644891216;106.56133918354882;224.71808609150864;323.583618023927;5.349743263875732;390.54244609482913;19.276894522531446
180;1;25.8303203915857;881.1306429989417;720.114837544384;81.29489988628129;409.9714378956581;223.11307492318286;618.9968198799617;781.9056203981527;9.579239365368382;0.41166540111464645;0.5877384131615435;45.66342773224828;0.7200888716883478;107.87899067494793;302.3956105224681;330.8821218326014;5.396980169176447;589.1005856816863;18.943239835627825
180;2;25.864319525308503;866.8665813857862;716.6484157880573;85.81569304454257;402.0240038203901;235.509786701394;680.3846792446334;732.3737029396597;9.683777060344323;0.41761336424814643;0.5840767368056762;45.333691080796044;0.7179419771405108;94.47876105340025;309.9871040575387;314.0102134485065;5.127429595986774;590.5002221963583;15.814941045303346
180;3;25.344061106484315;881.2071599962038;733.6161445406194;84.57281309848997;413.5405664426281;231.42265635157077;640.1615443857729;739.7189778481052;9.46145311213405;0.4204433891347433;0.5758234532627945;45.583142998916266;0.7505730363267996;95.4017689636063;306.5346204849926;343.75490619119967;5.094423692695985;592.1407730790398;19.71319605480439
180;4;25.48171507229784;888.5346372257272;738.6462927624999;78.72506731671623;414.1953046008209;239.20292106310322;608.3098953466186;760.1667340187876;9.434949656181129;0.41692943121106146;0.5790015463303336;45.578492093358626;0.7342348751562084;101.3556601563212;300.0235391599603;336.6663920577434;5.408738450714096;590.5859649566594;16.851994851609824
180;5;28.11209846087372;995.2194216163697;777.7167217964277;84.48050227561204;469.21370669119904;224.70884146871265;647.244225474895;762.0264634908599;10.578169842364337;0.4111385115057176;0.5855954201727509;44.11781096193938;0.7221159611594256;111.76649698301021;350.3391410797618;332.91013766740076;5.699208488272874;703.7798628210153;17.363724533018132
181;1;11.922842482139488;855.4718945872124;686.6143065251115;88.2026476081713;413.23386240252466;268.00317433041295;754.2000735264436;951.0598858467619;9.897062518048703;0.3856268878667443;0.6093023737320108;42.450849336257825;0.6499708888948755;140.7607021600164;298.30024112595504;341.9980441548544;5.404594353049743;588.4859821570956;19.50234444587012
181;2;12.841000920373876;878.3615360691848;720.3387916705293;87.6982687610858;424.73112478906825;251.3284587147783;715.5540798980157;805.3216040543184;9.845558947476839;0.38160381606934135;0.6123558068958147;43.13008324136285;0.6456815112757474;123.01752731589117;295.9285493457999;303.12819718712416;5.002334589215345;593.5523554101903;17.503437766779175
181;3;12.56131176430127;936.7397534578233;763.8120751155158;86.20611681039131;453.77861105986716;256.2195596432937;756.2188280287896;816.8791744176249;9.660692093852239;0.39362722971248476;0.6071542668871143;42.63607883253903;0.6626999588620316;118.03470520522957;299.2654541332075;321.7472091143432;5.069188810940278;653.0641091602968;14.308446155033003
181;4;12.938345965515161;914.9552310932343;743.4023312194545;79.68500600378204;443.4580574547578;262.0752411077656;693.0090514724626;803.7892167363325;9.534424115967854;0.38031954308312294;0.609190465389045;42.747540625044756;0.6479706087354157;116.3502083224213;295.4624943546924;313.2938752644847;4.916119017229709;656.3710921687633;17.327265478642804
181;5;12.231652002817048;881.0483873889842;710.3419463260934;96.59774088016535;424.9840222926737;279.0658903188992;799.6708414598745;1005.1787235214449;9.742410202846854;0.37584676914363074;0.6183561173984362;42.52143845255392;0.6320669933744354;170.1336688547664;289.22516404880787;339.8231865281992;5.305793449571836;536.0501331438552;16.3755852181303
182;1;7.580259348319633;836.4588302657899;680.1952239421465;81.73297287553491;386.5663402246406;212.8874578797675;625.7771015861488;719.3049514756021;10.325810242866844;0.4136126896809269;0.5829841987404372;43.960223333341666;0.6907141595107249;159.06717600478117;285.17146644573035;327.1180978338555;5.591284821946024;555.5498726559479;24.56123056051471
182;2;9.395574231541014;770.5614797870429;620.3270805539745;82.66940715540385;375.71302172437197;207.105975087032;635.4270668652725;752.0400904852955;9.798008644273217;0.41415486185497397;0.5844256678819965;43.81997464773016;0.708926956586175;132.54802670937906;263.4210978296925;301.3099439423962;5.292461269391802;472.7849815364473;24.43364723982796
182;3;7.324794991455186;786.1555112503796;641.3171811389443;81.19459165350646;355.0529903623638;208.35900407100476;645.8819853610677;766.4491013585601;9.939071150392822;0.4083726731816129;0.5922752527152702;44.032574631400905;0.6995297145935045;163.50485332274127;283.91330091070347;319.5633981684171;5.6338800156277635;496.4611095332235;21.92498328448194
182;4;7.832144004692013;883.4046022726815;699.8684105976943;71.78435132545528;408.79091006804435;204.27482907881884;630.2586428837875;734.15079825287;10.039897411822128;0.4154403105706078;0.5848391079288223;44.455943579292246;0.7114465530944236;143.21771414838662;307.12793300731596;303.7407270106218;5.290856882541061;579.4518741172533;24.66460091936155
182;5;7.942011496059833;865.5132368137499;699.4485195708537;78.84933072280825;404.18625420808655;217.78785667017158;665.9608391280656;764.4866875793252;10.133934127695532;0.41245394443403777;0.5894600561310407;44.18871949868957;0.696622244336495;149.8086884012586;302.8356996487174;332.36056457265755;5.4375146630419655;582.8928011184721;25.650969864031648
183;1;12.510930689009795;1167.0989508874698;923.2613806848188;63.39511258922967;505.0814255301813;227.75959259520255;592.2466919589976;741.0774978960967;10.399082123293773;0.4086609602571005;0.593073497978437;43.516469709249535;0.7073484309696382;156.81960200491721;382.7340454834351;287.7210643569626;5.2495288811593435;769.7448871873395;22.521064589409537
183;2;13.699480398323457;1113.92947401858;839.292184629709;72.95065521498032;492.86706937534143;223.1683974102403;581.4164603401728;702.4870457446453;9.928070616138873;0.4076139826778543;0.5909298349969522;42.86746790957857;0.6898476697637599;154.8716051001148;374.0546330329621;292.2359566447216;5.244681657338754;757.9584903649506;26.827621142386853
183;3;13.64966161715082;1136.5232947584852;885.7014569809787;65.66250062778859;501.4790960904625;227.3253722046372;599.3931658979615;865.0407812939592;9.769185848323747;0.411668322013648;0.5956724354539094;43.218773990557246;0.6803056453221568;183.69645509529545;372.0838555230057;306.06819765850025;5.091621994601735;772.7561940391316;23.635684885394383
183;4;13.374518042982993;1103.3778472137592;846.2249893365993;79.79051316294057;510.5993922061943;216.21008508172136;667.6839951003241;736.6256193795757;9.773592629573825;0.4127171924426087;0.5904306450880968;43.47151460507196;0.6941630170887858;155.37740114235316;370.2509864331906;321.0460507987688;5.101507630555871;764.3938376493919;25.590378433859414
183;5;13.8973298182975;1116.469969619777;857.6527448971162;69.5144949565469;507.736062160309;230.03269263165416;657.2732276739282;742.4164808733639;9.913700876813746;0.41314071552409376;0.5845839184259384;43.040985048302865;0.6926194730610002;165.58756821699797;364.7299218471751;286.3824508190455;5.168439476875508;760.545971991406;26.671448625440746
184;1;12.475585199253606;1242.1903257326335;971.6961380193871;78.44486697625797;563.2299124462149;254.3749860752598;686.3109855280092;773.547206675983;9.421464402025162;0.41526600396873964;0.5788016032721066;42.20338486811354;0.7205777593293078;163.4305850828858;397.16782934615594;330.85140669676815;5.20514813160953;813.404384042271;31.71498363883748
184;2;12.744953596235655;1209.5010405136438;934.073216421322;72.45328509362943;542.7953865176413;248.70138015871208;638.8691134705127;750.8108868437333;9.611048944672518;0.4152594705226238;0.5803161245807946;41.98917813566202;0.7444376140517704;170.35658158062944;395.5040791726055;317.9217150806538;5.283244843653891;794.1412292478822;27.77375054213139
184;3;12.786959438487264;1232.4355838747583;958.9162783175339;69.25683204054843;549.8740113340154;234.1289402775184;613.3129583701268;738.6872508252744;9.569877841186532;0.4115993178888779;0.5875139254881435;41.986723900014546;0.7227514922474125;184.67620736814894;397.97167677487033;285.9354040593733;5.250967237759336;822.4702028245305;23.911415892394576
184;4;13.190180210734319;1201.5482763670543;960.6765662617139;77.53466212948088;541.6711131706343;236.7128125493356;659.0220424272753;737.6058325528834;9.54724638748468;0.4160663561358086;0.585143312677199;41.79673500794189;0.7245027218383681;169.33532999751813;393.27997860774724;311.89777595180976;5.144864252112159;844.9915440340477;28.21443881262412
184;5;12.991245405605044;1186.8031417599916;935.2905519047838;75.01549588940661;527.3160037932325;238.2996920059197;651.2339466938803;723.9942768403754;9.571065915003228;0.4176739924596902;0.58040595303423;42.04925659908147;0.7246579097126812;150.0001872125695;396.60598368597437;318.67495721503985;5.281977495308635;793.1514325291744;23.859285097417168
185;1;6.614171432976965;1169.1415193234031;857.3238437637873;80.94302243414317;544.3815602911659;256.0566402457796;678.7367438483568;899.5118595326683;10.100200515731707;0.3993496112365476;0.6070760132308957;41.98532763006141;0.6797892511567497;197.1558499583393;373.7712325966558;321.77911226408247;5.624156541629486;777.0530602826095;31.438306124328484
185;2;7.779249572044538;1120.5572881469964;810.5815445662141;69.98787384836352;476.506674129461;268.39656245565766;609.5532062083319;826.5178220897405;10.068630404965962;0.40807842034798264;0.595919536025049;42.07171376185499;0.7110341454219867;182.75648966673958;354.31905355449703;295.520964469909;5.510655859998975;720.8786026508457;35.22567110669029
185;3;7.173218460512283;1117.8484906173987;810.1088818189058;69.4652485246756;483.17121675997214;228.9304237949513;710.4379631584859;806.3843482588803;10.079350653685063;0.4003426045783618;0.5983083837324286;41.97663163724556;0.6747845739222845;185.39976347952748;359.2867108352353;307.1780459829614;5.604938928128906;696.850187879068;31.495388824507813
185;4;7.35428887158546;1120.5786895019053;812.2544134799507;82.41339056040377;482.8468521720063;232.48176081641267;655.4060420116011;837.0774847343995;10.113640090735517;0.399923591311846;0.5987964956693874;41.847128823715344;0.6744706905846979;191.74844533141922;361.8643094711853;302.16358603386055;5.558690497327527;727.2998143507741;28.659796282899965
185;5;7.786128135309337;1426.3048389947683;1118.161560421259;84.41030645791608;691.2268794313185;268.54847949114657;688.5818742766246;844.4435064784786;10.273685124119961;0.404556388947111;0.5896449912410109;42.43035500018481;0.6774358183034547;196.2058259585198;435.7666821043005;324.88841878604507;5.54101098041237;1076.0420448288353;26.925913365933773
186;1;16.038626040118977;2229.8380466272447;1849.0733508599867;78.77806280160128;1111.5669897722812;272.05267426200686;647.4799675753991;801.9308771947822;9.384449160972034;0.39959278471343057;0.6003433465489442;43.34686909473596;0.6732913452794407;163.27648811928566;717.3022539856341;308.7771433823156;5.177795932266207;1456.8621933371521;23.67804491031068
186;2;15.785793869863662;1838.7891918475793;1587.1782663105812;89.54929035030635;1000.9696429463878;275.7037180019469;802.7056675105732;798.1848305910602;9.173968308370387;0.4004865316773245;0.5970698522361504;43.847635208345494;0.6888188671827622;155.21253798175715;624.1949849971438;325.75581721702383;5.159721168085793;1106.3875728443702;24.0983868811151
186;3;15.760037859952211;2239.753434945688;1850.0972198801;64.48219245162777;1112.8084604704832;246.93437141556487;640.320837751718;759.4560864507072;9.19172934851332;0.4016010203670649;0.6052538685381487;43.92676937908508;0.6858856772691776;141.1972813510965;710.0965811000591;285.7698735276684;5.168118591695796;1455.1909270287285;29.202137323285182
186;4;15.941187725923303;2234.3386594090184;1876.4783789061557;78.89722666342954;1126.4345791791898;254.5309816869938;725.9401654717293;771.8537334434925;9.245808466608738;0.3985668305138525;0.5996531789873195;43.79506120489726;0.690688108072928;161.16591663121397;693.6801265021811;307.765060333039;5.130572486121929;1481.9524495297505;23.390699210893786
186;5;15.98656905264576;2128.714450523806;1787.3011368499676;65.26429374450136;1098.5122189819704;266.948707769167;702.8450514394036;770.3301619389441;9.237256240608861;0.40094054027964554;0.6007924227886601;44.065355539782075;0.6858571619203271;152.2887130002228;699.011679342849;304.845411679929;5.328974190694194;1439.8862790276721;26.051451170991527
187;1;12.634359706359641;1517.0029489537737;1197.82877212377;74.2298415780271;779.1541764264916;240.31537711112585;636.893481844959;756.1244106477822;10.575002727490752;0.4022947171414933;0.6061277668500802;42.812804357895686;0.6994133624106382;154.75989876085842;475.65348422563494;325.77781407662894;5.162253487352173;1023.4258109883152;17.148660429348773
187;2;13.746773425724403;1479.163127469243;1193.4950988826404;83.40475199675225;757.7209809830806;246.97180471565463;659.5063390159489;831.5865858959411;9.807845277860178;0.40098265621443985;0.5901735114458867;43.40543054446561;0.6769391115041242;176.52085090205816;483.22846626693945;307.0582644785191;4.969082596971323;1008.9683274877582;20.082328512691333
187;3;14.293738225610241;1441.6772935815804;1125.5643463677966;70.17813693495053;708.4681683305884;246.49771655210245;659.792440914104;815.0469984149734;9.898242141102418;0.4063046964351201;0.595876750707257;43.10728647012254;0.6968723407463543;162.82213622059842;472.89675375335753;314.43191032685064;4.987877814737358;994.9436165809337;20.82614334818123
187;4;13.941530248557445;1474.3401665330005;1158.240641681607;77.43643948323798;722.5439520299025;247.69957094256233;646.5608414199363;817.2282932169536;9.789113337579053;0.4055013595913903;0.5923541278989943;43.47261463569036;0.6870853030560401;164.17515490614824;482.37634526868374;304.0148268827772;4.915180051042918;997.6675042874208;25.80338115710882
187;5;12.668800650354585;1587.5600788649072;1242.9972652200422;74.21387378683532;796.3243917719117;249.92749442013547;658.9739336849779;769.0686489844401;9.853350532459004;0.4017350806632452;0.6019388712696311;43.2322992194175;0.689650253671622;153.89607783597518;466.0757809032303;308.1029833440373;5.461121183564371;1065.9476258359618;20.614719285947196
188;1;20.616157223225485;939.1348450702735;767.3583951037543;81.94355750983571;459.6186896033827;252.80474945808984;638.8044197157727;852.8670129531257;10.737095294064625;0.4117793143749223;0.5896505077219895;44.74582050763884;0.7166225093687183;169.597563040761;307.43892328969804;325.669680481351;5.67768694887018;626.6958078599545;18.84294340213982
188;2;21.7084896238992;909.7692849021824;744.8454705098117;92.22357927787381;424.12721265770335;259.63573073313984;675.7234944266233;833.3456750277444;9.64923749614183;0.41084714322102395;0.5869256018449012;45.22803084012722;0.7153084261705179;150.01057825183364;315.39740485842805;316.44833534814063;5.534240964758757;616.7859281402226;22.645994865245477
188;3;21.133811370482153;913.5266216211716;746.2736179984419;90.26787418462872;431.95353491342024;258.3370923148247;623.8801594459773;833.7085173002264;9.771754234476786;0.4054354241189692;0.5988999395289768;45.51495401762158;0.7011521611141174;151.42160024454896;310.2822601056923;315.78834540674285;5.501822152710748;688.7721714878305;16.348612227741555
188;4;20.827514439414323;876.9811981686909;720.6089766484296;81.65726382474467;417.07909553637023;261.66261686721066;701.7527595902746;839.4480983600779;9.744234854036039;0.4110504413416315;0.5852262905608808;45.82078027112373;0.716277874651727;168.1880748415688;313.6485207709928;358.49083305133377;5.606269440802713;662.0336838061952;22.85632660234026
188;5;21.5979207811826;908.7551752154266;740.0500246924832;85.59506316760928;428.52014823210374;265.30875261680706;637.5148131153957;835.7584340775711;9.807067097570105;0.40912719779064616;0.5928316063381878;45.51231163621793;0.7126490697730523;150.55997962004147;312.1668718174961;309.79406865930514;5.632706345573122;696.2351148476087;24.867798584905472
189;1;27.045685529220137;638.5405736475499;501.93659635946483;90.03884863967254;319.9933891817658;195.9329987409405;578.9183717088589;596.9066842073079;9.587608519922979;0.41930398231931076;0.5809260050927377;45.243941512942655;0.7454429282080032;83.7408498227308;206.3731294280998;282.3182717412009;5.279937268366091;337.7403242555571;18.32415311891148
189;2;27.122404262427754;602.6628241395335;475.05730086027813;83.88876578001037;300.44877887170486;193.49930345855364;560.5384497653143;626.0802662103333;9.635573858364442;0.42133051957923834;0.578349046770584;44.280340108749996;0.7516639805917456;82.64533963121303;207.3213081309388;291.4722737011208;5.00261295695304;331.08045036961585;20.560514364558532
189;3;27.17239854717028;644.8251285604711;511.4954629225708;84.96702062250237;315.92787872110404;183.244351563782;545.3574283455777;617.0878806091567;9.608588070291079;0.42075457029743896;0.5779730805320181;45.402054512106496;0.7466679163311492;82.91927136314558;206.14682297286254;291.18572114274616;5.196768038898831;342.65757297755624;20.98723633033822
189;4;27.35329417137089;646.1606012104031;517.9523784830442;91.46836150719815;326.07003135261255;198.70565212798854;574.7526091284193;644.9030378153133;9.531788795832085;0.4161654509422438;0.5861177336370763;44.9647200500274;0.7516539481349632;91.52255182104159;203.7848914105302;294.56745263656234;5.23994461871951;338.5422455525511;23.5564195296767
189;5;27.25527164250265;592.3888627921408;460.16391875877906;87.61691004220411;296.8931292444575;192.600549955374;586.3445354379826;614.7662366407812;9.540807955499305;0.4201376945372095;0.5779882272580977;45.10804678686421;0.753343653337314;82.20494976118471;206.1459056095825;290.606152262291;5.187373175667794;337.9695532298017;20.483600720176668
190;1;12.44952334754991;858.2149699719297;699.289636818956;87.18093665789182;416.1038868337384;253.7801080357487;626.6512161527127;788.4885897481378;9.848984023223476;0.40362518277399934;0.59946181169887;45.556909678298545;0.6789920197144445;140.6331771466211;271.75664812907695;311.4620257924353;5.275495323044088;561.7482217843717;18.662267685493237
190;2;12.204035993543853;829.6709271411909;675.2022644044114;88.289792025696;397.3103127481874;233.98141524037132;595.4729924629752;776.2955481577287;9.892497218995036;0.40748618185771773;0.5994056279308915;45.121006618771595;0.6815157531034098;122.04537872581942;271.6278403940199;300.97869975556057;5.225064582938505;567.6311174502032;21.414259225109586
190;3;12.359784173014614;823.9689986890505;646.2877107328147;85.70672454962484;396.9259633440843;246.89228847825714;654.8448001590676;759.8713670569632;9.986453769302763;0.4092459684515822;0.5951064747622713;45.73756632635491;0.7023308051848187;120.61406906018861;273.3880548516933;332.8576117045183;5.343213265494213;566.5794005545101;17.895751127851693
190;4;11.874293074193515;813.1349725353608;631.1803323171406;100.9092698327708;395.471362056409;236.55901823577986;620.2228991073;760.6032575121066;9.903245235161883;0.4110590776711817;0.5942599854902562;45.61853344276617;0.7055617262073163;127.67965005756395;270.6464014358846;310.1263634753521;5.56869974278911;562.6977937629287;19.926044512830913
190;5;12.184802322244819;862.1661575199613;705.6048173276939;78.9689125542696;415.72014112878657;241.032463419879;621.2105161830009;744.4476651874367;9.894932923811199;0.4053167184080049;0.5997794909042574;45.695141157288134;0.6841651705154728;121.46943236173183;271.64732122256015;310.8288116863435;5.314773875160571;570.7559771172811;16.903132606015827
191;1;17.33207445712563;879.3701036152024;714.3039417374301;84.01360381197233;435.96415126518;249.3017802212107;644.3777729089787;762.2151934238822;9.867153882168152;0.4155981954172028;0.5895305291160685;46.1471782474548;0.7250578165244854;128.64379946479227;308.04968919571047;306.9361745041126;5.1192871188701705;586.9502979155321;21.069633202071895
191;2;16.81906033722476;864.6701650674364;707.8820727017526;84.39726754824335;423.6010928434196;243.95787764793505;649.9213789193318;783.0202947819027;9.9346188532415;0.4100641535518546;0.5936023572370042;45.8566969318249;0.7052795324785494;133.15400303358876;305.95953538552857;302.59654515431356;5.188157278334674;584.1281782415593;17.16982240531713
191;3;17.79509885505648;890.4288862747981;710.95573121318;83.45574485688981;427.16485496183765;233.40803957498917;643.4325921551725;791.9651777025425;9.781327439696202;0.4128460380310625;0.5880110205364847;47.16389030152761;0.6991733950289079;123.55638455294934;309.45981020166704;340.38449760484144;5.114750612812574;604.0646236371772;19.28623281083672
191;4;17.904126167256962;899.7219487432264;733.664550304207;89.21373867101262;438.72662800646873;251.6753427995276;639.3113001585209;747.0120922471575;9.660151597282239;0.4112771603660037;0.5891498708828835;47.333178211352504;0.7001037020915973;127.89903729094486;312.42987198624263;287.97663967531577;5.240903351941805;595.7513249707141;16.76560565527917
191;5;17.451003768140392;869.4820428743494;702.8190816479053;87.58553384768258;411.30792191629837;239.33335964470564;582.9551497751643;791.1464466131384;9.70560151304868;0.41219772891430456;0.5913315641320847;47.03159606993891;0.7014704208042805;135.24265092581786;305.9493846569813;327.4551209572367;5.265908827629715;579.897757564622;22.00485843511856
192;1;15.753726878194104;956.8952222989026;794.5377897978715;80.41378451120984;490.069404192326;259.4506177550236;632.1483907166535;896.1590897156661;10.215273891420297;0.41001847405941955;0.5925094746460016;45.19940025205596;0.7041054046879063;161.48659695645395;314.50844797528424;315.09463398728656;5.646200166102939;679.4112357797109;12.660825999165349
192;2;16.257320783879642;910.651900244287;764.5939138473082;70.95098180617816;459.6884737867665;249.48485477225248;635.3039792140588;764.2482528895038;10.079740192088503;0.40895831235608593;0.5871146026267463;45.68719187820684;0.7020853118919013;148.95754629087574;308.2574021836115;318.41567334594606;5.603541949412842;700.1331497426258;17.575222648608424
192;3;15.972999055836395;945.6534642111413;774.881552328047;77.91541517988361;466.2465375517583;251.79251194161446;661.606687976095;756.557812515851;10.165354014812175;0.4088511537005942;0.5877679817401743;45.722032778552354;0.7054358426393101;144.4038166694257;308.2216086302561;320.500779037915;5.699926363088495;692.0407011141543;25.425174466263176
192;4;16.54847030611767;936.4009258280563;778.1823990490598;91.4049690887277;462.07425761997973;241.93246370820162;646.3245825759756;728.1283595452177;9.894891654687376;0.4054451612597973;0.5932858297965408;45.55783297482865;0.7276355533878442;146.70160319239494;314.8505654164252;311.76278512334426;5.616349764219084;628.292359195882;18.548717827755762
192;5;16.566357731297884;969.7840694124176;793.687474289725;95.00704486303712;506.1753187666982;247.17071118379653;607.5815308587531;763.9217743955345;10.1807942495825;0.41093212225663833;0.5875829958524431;45.24720511173788;0.6992918448498093;146.57651383463025;306.8709904236308;302.5778103016314;5.770664161786932;677.4604488762645;17.179027932689547
193;1;11.77847106468561;1287.9473356542521;1102.5011642393104;79.64733512308737;621.8781458682258;230.32103876904793;611.5870120403613;797.2175464900553;11.12011697257126;0.4108302797364756;0.5904612178336885;45.281833513861805;0.7012764120848811;175.9109107412234;437.5519135531787;306.01586092196044;5.899343310949629;832.9427365323223;20.31321572104128
193;2;11.94083789993296;1278.9541552825187;1052.0837847860973;81.519416632961;603.9877852411813;229.63209537206495;609.7986319617546;755.9088745720942;11.021623413377968;0.41453712724156294;0.5855720927564251;45.39392672238566;0.7202182163576828;177.82232155629117;420.9765316934939;320.0537917138788;5.92738584400044;807.004123936913;22.97764770450065
193;3;12.034911493190455;1241.5016978289639;1041.4245202821694;86.18448909728679;608.6390584527197;234.64379278693377;648.0782889013501;763.3639598191922;11.050368767771912;0.4133521956282661;0.5881600777756276;45.55042450119854;0.7011256078157799;187.20073974896516;432.7147234680202;305.1803388690231;5.829401236303523;771.8202648082153;15.166239667758191
193;4;12.474003312545015;1304.4556109153425;1069.3949330397538;69.16266709155195;611.9886321085826;231.29665062741353;609.7273537434128;765.5846102735673;10.996060228306144;0.4110636102992237;0.5901980308283473;45.31818289725262;0.7040049470212857;167.68833496370803;437.48738279402585;308.86194692362443;5.811105116226819;813.0273932010393;18.551438672446455
193;5;11.80664532054084;1294.814427442463;1073.098274359591;74.511748394465;613.7388477878985;229.49397377544557;624.69977208144;721.5315255467387;11.1049010142525;0.41644798734138344;0.5821424753969695;45.60701897767392;0.7096841415041446;165.18700863364882;429.1035555494566;341.4767301173224;5.835013337933746;848.0440269786859;19.1146784028403
194;1;21.625080461165904;1443.7060259055427;1177.9984404773375;72.21272667525777;713.3326938054416;225.29909967327782;596.6736403623604;768.0143554881065;10.989448650170221;0.40477651078273413;0.5944429495626019;44.11130508444239;0.6984240072345878;183.45245196785757;515.6262465910385;300.8031360271185;5.621470769651893;1000.0891610068819;17.377194996957698
194;2;21.8899654248589;1461.4502491793048;1186.0185215630422;74.01038715761382;689.0174361492077;223.87207879582812;564.9334213984012;727.8645882433576;10.768226820398398;0.4089046411874911;0.5896036031738994;43.845926277664276;0.6918860106244931;174.0346515782756;501.98975646646403;264.85278430713896;5.621716580526752;1020.8568042971445;19.627237745887314
194;3;22.207740410561904;1428.039278337096;1194.6377884873152;77.24775671046905;679.244814004258;214.01147493471544;608.4686312063699;752.753749806514;10.99608315296058;0.4061090971122317;0.5987206599451439;44.177120970631925;0.6888971271964871;185.02293200993034;521.0035261953765;297.22393361289664;5.601676098971849;1017.8693342137334;19.831916398922036
194;4;21.79170585203063;1409.2440804788996;1170.2603045110598;71.00357639903909;695.5874865025565;222.73588208772222;564.648627470943;724.178887139943;11.123521348965445;0.41058391491212154;0.5937412004351397;44.13157626699429;0.6913660749785538;187.52527876311686;505.1345932364479;279.17135224680317;5.513063948884945;1021.5653986618601;16.268595150219287
194;5;22.225987697713034;1428.5648262069108;1150.9637115387034;77.71950081386636;695.4251175127407;243.0837069910461;596.1140817502547;786.3626769363551;11.183627012840262;0.4142045851862036;0.5870608644488251;44.078090100571465;0.6970621877668678;196.76999079265295;502.3666987042935;302.0242355075031;5.471180110602059;1010.1386621429424;16.201696643563828
195;1;10.691710673485462;946.7548375823975;798.6825107088509;87.3730110943986;452.391604251491;242.30069946242395;635.6403409325428;845.938809957202;10.601905687111365;0.4244824737093087;0.5761949982974415;45.086665874407025;0.7430315539778544;166.49724748753863;305.9543153408942;303.7033773537111;5.807532832591091;614.7593144438687;16.782568691314808
195;2;10.43578362629158;879.5092482111746;716.8768992588538;85.64593924042975;415.6690812190458;223.65865470956032;604.428780141961;812.5623727015808;10.454526803642088;0.4212287498543365;0.5808769471576286;45.15196926171475;0.7361578571710435;156.27478213361672;298.065425838638;294.3602817772348;5.841508105355273;598.846637070652;15.77053012352227
195;3;10.675849431131134;903.0568445553486;762.164024638403;91.58883256031905;432.4471828264952;236.53075193474277;625.0359627124203;827.3321457357316;10.517978623096905;0.42571240884948297;0.5763750478059863;45.1479664780643;0.728203879289139;152.97142980103342;308.0810860982059;301.5758839355554;5.7229912507828224;610.2239423845704;11.655003240046074
195;4;10.622813315463931;941.6703935709801;779.960597529558;89.18076311621938;439.4872680809231;232.3168993946096;696.549838867699;814.6430592710868;10.36993962275408;0.42029522244789597;0.5777772745089291;44.71692475750876;0.7228400006235617;155.4263869450362;306.12703045707445;288.9984748699584;5.724760110687818;619.3805686997538;18.67098022683429
195;5;11.145699324016734;907.4571462990159;764.7994071162321;88.70154995023347;424.87137559747447;235.51526807996575;610.5835017249983;797.1951616521906;10.373539822312749;0.4190606014533995;0.5756223036829958;44.73086486877892;0.7215481629243585;153.08583640529363;303.7263130024555;305.13800798521464;5.736380031760912;619.4410377759465;16.991805476066695
196;1;15.10129670251059;1596.2394489314229;1286.1958350475982;68.39261940318808;793.8431252437754;239.43663342590668;597.7315333085861;740.2506787165777;11.337193048062723;0.4124622695856285;0.5904683306840408;42.91478841358623;0.6992241608867151;164.91912076607719;523.2349454737209;292.7156380388589;5.401737558555554;1095.4436664034956;21.19484136515579
196;2;15.213439542012852;1614.2700610200045;1280.5322916660639;75.76043606648868;788.1425829801101;221.4690241421224;591.0314624170014;761.0594847742406;11.361510644032395;0.4162332862744168;0.587738506113901;43.15450268790358;0.710459747437939;174.77312030341673;528.3041637616764;291.1088621900552;5.534672774783554;1092.7963084530622;17.689857847706644
196;3;15.193557022337632;1603.332098628907;1281.0623737612382;81.52387395014831;805.0117571469378;285.1570751476675;606.6229342423453;706.5670529968232;11.266445572072604;0.41219137941830325;0.5869347109342881;43.57432274948449;0.7123917508804114;176.40855404886935;503.5502316101341;271.4287359686004;5.478757887065005;1093.6530882101315;18.04737358979756
196;4;16.272645747312104;1565.624415219028;1242.9797114558717;76.98719885074773;790.2663467704413;219.96389488120184;605.4568538633398;757.4493883783965;11.19593555136651;0.41540213643802115;0.580940252654691;42.85473652042027;0.6992782506249651;190.7835364268695;507.6032335714314;271.48567334166466;5.409579103512043;1101.8556553826834;17.95495676966358
196;5;14.630907781135713;1602.6452889859092;1281.4714512954945;72.48520823021178;807.8826777334796;224.19024900317075;582.3302704326879;711.067878408217;11.243578098206456;0.40971229740657666;0.5898438360700822;42.8447943025159;0.6988550135467113;165.47481482558675;509.41267356751496;297.41498028373417;5.317386074586852;1107.0104646209973;17.10733763283236
197;1;12.249203495564414;1430.6989118244608;1182.3165592847945;64.54199063131145;751.020674857676;222.47080727136515;664.9079414879977;688.2788269102593;10.501811525309678;0.43030799581186385;0.5688213727998985;42.039096703076964;0.7365718086925365;165.57393551208386;453.0296333150839;255.1104928026676;5.826210933770098;958.3817636790319;18.37386622777996
197;2;10.842733381156222;1455.4400043476046;1199.4229337833222;74.9600140599366;747.3898481174043;225.727152819394;628.4821053857153;701.8814352516226;10.504060762560206;0.4262993055246516;0.570834224245446;41.9434802479737;0.738595413115138;162.18029218909157;445.27312726141747;303.0133555027247;5.769236825615829;963.6043916400123;18.83022763509089
197;3;11.536558085463593;1420.7038984093858;1187.9802792050243;72.24731914374044;783.6401555676542;222.66892500188067;635.3709384676818;708.0676108159511;10.405419968299292;0.41748583092217384;0.5813476577017243;42.00205107597591;0.7154205879200642;169.01372761916875;448.9195567236559;262.8117767143345;5.807670313957332;937.2362349440623;21.069538957669604
197;4;11.941791699460369;1467.2476657562108;1180.7647580049606;82.80539705169902;738.4912123899511;234.7147694412641;688.3285558900533;902.3574093768816;11.14196708307979;0.4113159300891455;0.5815437870705238;42.90797940163942;0.6966005412486278;217.25309829320034;443.84193251901416;263.1939724445589;5.8786982121020435;942.4426814672468;22.14213638629351
197;5;11.844190877983877;1416.3328971967683;1178.2255615548224;79.06184081267943;748.8900141679212;240.90099260031;729.4075389449919;873.2502488083065;10.350696243516566;0.4302963732449875;0.5781236821506766;42.311211663317835;0.7517232057215513;189.75203549814012;442.6415060602002;280.1668105001103;5.899685494835819;945.3076829217905;21.707115148727016
198;1;20.137976789310546;833.7192006343184;672.1085890868072;95.52568040294128;390.7198889743845;175.84995453143782;654.118920124835;633.9938636018179;10.446531757100956;0.4325838028766046;0.5737540211511368;45.766093422976894;0.7621162170756538;112.25949577625603;294.4010220600078;308.9547861944324;5.354312227304374;494.8928364899615;17.205122547739908
198;2;23.068957480831788;1065.6498939216863;823.8850059740103;92.4910475674771;499.45068611205835;197.85841876126392;681.1954173392168;717.5485292714063;11.008938496672453;0.4064923955932522;0.5917411851512512;43.92396084830104;0.7097324663712667;164.2306424596494;351.55973066959683;298.0372090721836;5.876965129566099;679.1763267807836;13.967582507930222
198;3;20.809546354128443;858.1051804697239;687.1011968905364;88.51119630133373;396.83534028736756;189.56942651926258;575.1202831043789;665.6928939180547;10.37413888775207;0.4236669895365859;0.5786275372521191;46.043044535513125;0.7521305566039785;107.79747752136998;297.44936211497935;302.1111779008782;5.219439514335383;533.4049364920733;17.142244841014225
198;4;20.028774844780017;861.056075576211;694.6648701324461;83.14662330972794;401.789508521144;213.23558037361977;622.0932190848551;671.4246648834564;10.291529216263955;0.43285220391352863;0.5691232027713532;45.99427424262239;0.7568247465522947;125.64745302087586;291.18746709988505;340.445683175716;5.219822401555503;550.2436360501578;14.404288361582436
198;5;20.357462922092303;852.9935410114282;679.8604896439979;89.85948577886579;397.52285056028774;181.97054946556548;607.2903075165532;687.0460046030607;10.44058397021447;0.4243080772649226;0.5731495778749952;45.82227778791779;0.7454458915499739;127.05177453474127;296.7081725268508;307.68773980925795;5.259195231205232;544.0747075474795;19.442946908500517
199;1;17.787304217087755;1628.9000256433706;1296.2908073882397;71.04755321431917;833.8303505823737;247.35760491025425;624.8833211963464;814.1465943988679;11.31440892702688;0.4184183722044404;0.5798992637197107;44.6368155550095;0.7365864408389884;210.21954185243567;521.4518135037672;289.28184669936513;5.640636896960919;1092.4599256476652;22.990581495376393
199;2;17.69354355229705;1604.3917217781157;1295.641870640787;77.59950602607539;828.258273006097;251.62093303093215;616.3516205045651;767.9036114336803;11.392345526061547;0.41446737594526506;0.5854895343153526;43.911585724087814;0.7101793454920441;192.75689207716619;521.8413757480361;319.2927675159363;5.6378158908535285;1062.6990849803885;22.108812827330897
199;3;17.46004700060969;1566.9158355272716;1263.6387058109372;76.17417958661;814.3563627445469;226.83257731587568;625.2457651589818;761.8118974711502;11.292035312132118;0.4165365360689562;0.5855074678783195;44.20038661246515;0.7249174456043062;188.81777452741628;504.327544718241;289.64753716163233;5.460462006222015;1054.6291552604282;22.184384932065303
199;4;16.291801556313573;1635.885913746755;1318.6660655912128;80.24254976469551;834.7824876438797;248.33240947622485;608.7574334266923;764.4096671471237;11.339624057704055;0.4156480336905257;0.5822058823257742;44.13790669046616;0.7251754562360415;195.18190635349399;511.0882322422929;301.7770778742862;5.48640807488934;1108.5186949721217;28.125006834666305
199;5;17.744619887695578;1614.4473782922423;1291.7117143869984;75.50518259390702;831.1643000815561;230.62203062936237;685.8763855501373;844.4034292659628;11.260099983872145;0.4124846669518539;0.586688388414711;43.98603687975705;0.7038234342871199;208.64895599623037;499.46364667315123;298.5000199125293;5.587144868178014;1105.7754095388175;25.033558544643885
200;1;17.01290482084332;814.5936402132177;647.8117675687631;92.14665328673776;371.08622682045535;215.36211453853488;662.2575016336975;714.9609761229162;10.24866177917961;0.4337929073818522;0.5725224211832431;46.15199512919192;0.7665453186692746;133.21118650396727;285.95927922102106;316.92505396421285;5.387380591963664;541.3146816083229;18.463080090264707
200;2;16.649828100474004;805.1847508850072;661.0417041552627;89.683737216632;375.44266276110824;230.11491813162885;716.2955568811743;707.1358730878051;10.268650004511244;0.4328353695822966;0.5666936020600484;46.18630528134178;0.7633579281283346;124.97566301425609;283.7970774823935;294.02846045172333;5.24780174207402;567.3166138791544;18.78511242247064
200;3;15.938418019654971;814.4850874442577;654.1080772800087;84.13126034249002;378.7678046965244;226.5305906029485;669.6805381616654;732.0704089012903;10.152395741326474;0.4305609387784266;0.5674414603343173;46.201376008997094;0.7746902444203347;135.8162738592626;284.2891851219196;312.6543489074958;5.210923739501896;551.0236648366591;13.74231185710466
200;4;17.298817806688227;818.4506607044923;660.5875777060144;84.6988391210221;382.0584653196279;214.84473948450653;673.3927518129764;781.2979721338097;10.18674274572454;0.42726590505060463;0.571674274748782;46.5024752476341;0.754082232967365;141.98608584630983;285.13542538783463;342.2779086814106;5.400491383137395;526.1586369208807;16.58564757021818
200;5;16.690442545592145;766.5971919644263;631.1145897150055;97.24848370898988;357.89834832662996;204.51695170076138;627.73118265655;708.6749585960647;10.19279661361231;0.43438919256902947;0.5615017093607884;46.160302095454206;0.7743642586201911;128.56195613395525;287.18013061255624;312.3614571526073;5.280338813297424;549.3171373397195;15.956954535885492
201;1;14.557921560364003;1407.214342118505;1170.4365285480228;75.84633302147633;666.5234994403793;243.8836242055908;682.4552148829592;782.2739001350833;10.260628020303004;0.4246745131320779;0.5779960513744167;46.152920111569955;0.7537469588262864;178.6484010913257;490.3948862341451;332.051931471522;5.510821999765601;911.4238694535849;17.24002839653868
201;2;14.39477152149182;1389.6779090133812;1168.122302383002;77.05103066124296;665.3127831324242;247.48614386585982;741.4733812408726;795.1974397087673;10.1332636643912;0.43065030895854495;0.5663831828695371;45.94046374577469;0.7725842141589;171.93907010303158;483.05898192478594;343.5549982947172;5.507978467271121;917.171287962945;17.283064802044642
201;3;14.457781355622524;1338.9995873385722;1132.5568363250643;78.88974784636683;655.2478203646685;258.22268860564736;703.9251849310344;798.0913260895499;10.182766402697526;0.43718423368354725;0.5675070453157077;45.93714651015188;0.7566631583565696;185.71057759318194;471.3145239513489;325.7700919796449;5.525562748165544;885.9136162015762;17.571850477512527
201;4;14.16261668718234;1380.0688667531483;1156.0830032373885;73.47055704323324;658.7165834523555;227.96305409106668;699.8243374423054;776.5657323715548;10.19460758828874;0.4288203703372784;0.5749623154388409;45.82963611676162;0.7614116798317735;178.09302897428782;487.7628128025007;296.2406032241245;5.580390389797708;919.4209180142616;15.89271177658388
201;5;14.822553381732682;1402.6047110028323;1127.9980846364347;79.34703486669872;667.6950110472745;246.94291670499214;640.015838529754;787.4735128495543;10.136709523445655;0.43382694896388746;0.5672961354334348;45.63127180298692;0.7807820208035119;178.26774367131503;483.769823333896;311.26132699016966;5.535449391815131;916.0481763253745;19.002937372004517
202;1;22.757162634588777;942.644813550161;751.9888432463273;82.2002461644938;430.634057474281;198.2987367821599;588.4751015939664;617.4556861942508;10.747452000152057;0.4311078360390418;0.566943989291953;45.155876027407075;0.77731141531067;156.06795066377694;317.59562160199096;297.72045459851694;5.655247782062714;601.1632423306434;19.063579490542498
202;2;23.384634114544493;934.5818896067759;765.7921594023564;72.57975981510735;441.31443668084734;221.6110656449029;613.0191942292563;704.3145284925153;11.040435293759367;0.4219831520301741;0.5807890334049121;45.25123062374146;0.7436056980890386;176.31356406321908;324.5734087741299;318.06481305466735;5.474166046329987;642.1603318260844;16.501004835873523
202;3;23.163522280458736;955.2833393401709;777.1397657938235;80.80887434101682;445.5502508246504;213.18079545478827;621.8929657401068;666.3853337231278;10.806913624579286;0.4274921258076785;0.5744753143280861;44.96739212747947;0.7613442145190973;164.94896882980493;327.2831767849933;299.767910589116;5.539938144405698;614.7806007978947;18.645984070749048
202;4;24.1459899837658;940.5899305054113;760.4241113513845;81.91883660238115;449.8797291858603;202.40409033166122;623.5891097246459;647.5234906914447;10.967769769122981;0.4163851639160599;0.5827759972379171;44.54866557701334;0.7419623261312597;161.65194881052437;327.78234472027196;304.5917818243794;5.470006171415787;593.2595467941798;15.165221666901138
202;5;23.920771202216677;944.2225791721307;769.1565596236823;78.65560900853603;433.5440689802134;210.61294615339793;611.7965060677986;731.5732901671992;11.157179669782689;0.42311468211928377;0.5744200446012429;45.141562325099216;0.7663818816547949;161.65910861797292;322.3359678090419;273.87995810488053;5.471543828217247;617.8812543012959;21.807278716075487
203;1;9.374556742770553;862.1573470806851;687.4591731380552;84.08165443000084;418.6558115842262;237.6434809512055;714.1776604342725;936.2697794353162;11.565823284363619;0.39749074892444075;0.6045139107729176;45.5946799437073;0.7046113269244978;173.64044157510216;287.5727209167055;323.5306068333842;5.690024091977541;558.8581451114292;17.166705467171074
203;2;10.008124901090618;884.6600729707686;707.2240024690576;100.53612087079675;429.4363308722763;265.7320918994149;760.7506409428036;970.6742297714228;11.369437016781985;0.40118930591757557;0.5940137259966852;45.63688465417366;0.7182264960006886;189.9562459188906;286.9554241236615;356.6257804465744;5.870581188008055;563.2210299098223;17.261155173742893
203;3;9.802757076385602;869.1145900976675;700.6596783965766;92.99455791022928;424.9320442788564;261.9375399456732;750.7114623410657;990.3522935516655;11.461641400846352;0.4041396437937687;0.5941297513452338;46.01088676082929;0.7066156919688126;194.2028119620152;284.0188256493056;313.7798309307789;5.7559570957446615;568.4188926469047;17.553385348218264
203;4;9.976436836463499;882.9466558763;710.0646282273642;83.19844758818894;424.0374975444634;255.3182125315386;684.1739386789602;806.428473239639;11.487785273154724;0.4019205544048179;0.5965458872922443;45.491030300852955;0.7110427259801867;163.28787719003083;282.50486678093324;330.33393328106433;5.786819804269753;562.8568000794226;16.953462335650723
203;5;10.164942954077157;836.8568986269597;686.2089941919126;94.66186322523839;404.8461588640995;241.86420713995582;662.4052088341903;838.9246400317362;11.555799429729182;0.4106215877886139;0.5868142987245307;45.42252675697799;0.7118233827558076;177.16067679295224;291.3294414263219;264.95042303189274;5.708652830302118;560.1726364757361;16.31621918375711
204;2;11.769187478579433;1623.9644968315577;1301.7176863216969;83.51718431411653;824.6056422737809;219.9882281372122;598.6309965087503;795.1330094080503;10.990980688958668;0.4019463484531323;0.5983830135615177;42.586108389832276;0.7034022913139826;206.06069528016133;518.9552704156555;278.59536761420173;5.494819647421808;1069.7386207232664;24.82897695931095
204;3;11.756708510554065;1642.688544544385;1316.6997769070995;79.3889386903195;820.5279504029627;229.8901094118094;690.587930154089;710.205850953248;11.294087492261697;0.4065000085364519;0.5918965663110368;43.07463622671887;0.6775511539196003;183.55423271156317;517.7263909454501;302.88647838099126;5.656341153002441;1098.4145117902083;23.447635160382646
204;4;11.798205024258328;1681.8770621379574;1371.1934211459675;78.59524208320599;833.2277992554098;246.13576463393508;648.2017098194527;732.6239208308258;10.804855347019425;0.4145208604208939;0.5894016415634024;43.31717830177751;0.7180327544323345;196.9753551245775;520.3392964534013;315.3739791876932;5.6599846444680075;1121.617714040536;19.442288152177884
204;5;11.108314395088195;1806.4126752602488;1500.7371861055958;76.52845517500027;876.6173644912551;223.42318872427057;604.4059605697576;706.7836978916848;11.121376870331666;0.4061641108648623;0.5928480711468268;42.7792649140078;0.7024995263744753;170.0138436508161;520.2037979875837;274.3201461894797;5.733971356425454;1217.911041284172;20.910858942577267
205;1;25.08256908916959;1499.2041659891288;1199.7767042994128;88.61790959785606;730.9049889779202;194.08401576305096;586.8407106625435;718.4806737520989;10.741950020483177;0.4169250892281124;0.5836292067849598;42.389917815591744;0.7330997631702243;173.41755496818115;478.0200601698569;283.59703221673226;5.54512172867922;912.014852315899;17.949628387099903
205;2;23.849686368387328;1549.3758597800318;1221.80080193534;91.45769157358752;758.9087276291692;187.97069811690636;532.5532874665602;591.8602626665885;10.146979543771074;0.43023221550139223;0.563222614896763;42.63729169622736;0.7730006856998564;134.84984503241003;481.64819029519805;234.76537687498416;5.317751089611084;969.5848185911541;19.142242928492973
205;3;23.89910747553214;1529.0165406286264;1239.99727935385;87.1294263284198;773.688533753649;213.07567685921268;549.5927405905201;622.6706635985483;10.06407514816279;0.42648309815499935;0.5739200393394767;42.78895741852579;0.7676487836267166;161.54623892784477;479.75738281420405;278.8782232706445;5.440838873939154;972.9236118431404;17.719031156617813
205;4;23.485051261754258;1540.8142477895765;1218.7318005624427;123.7969964555328;762.2197612567473;186.99602894632358;574.6346439247;600.3262475162012;10.281285199778962;0.4358994808746243;0.5642347813218181;42.877918505201734;0.7526520264038554;152.87561799139027;477.06085493723606;220.81959300903415;5.318076104468057;956.4674001607651;17.39894341019868
205;5;24.41602754423983;1435.770702687703;1151.1440765186956;107.19281675481984;691.480253851396;182.27736219827014;465.5390009297054;601.598596049438;10.798982405706507;0.4191187561505511;0.5752345012224372;42.708943912016494;0.740324348015231;150.0857626098217;459.7831128520657;222.82841462905463;5.25314279217993;933.0524800782978;18.358447772158478
206;1;21.762656359198395;511.0646961607972;388.1991967733063;110.54155805039284;223.83118295260428;120.25147855742439;443.41371637480063;529.161333724428;9.803033618478217;0.4399909512958545;0.5550332335679069;43.16666711820956;0.7957612917619536;76.36595298604068;186.76590685848262;194.782407641113;5.396374713184901;325.28063443903477;16.293868996303704
206;2;21.481945964903115;503.0171806963497;382.8128762478958;92.01962545828715;226.33787128287508;123.76706115589846;481.6117257229709;457.97589065733746;9.72991431022906;0.43476529770682326;0.5605628105235486;43.047934139457666;0.8133644105948867;65.38440785666808;188.9370652692556;236.78686509220375;5.3306097346070835;322.762231717526;18.475597442267613
206;3;21.65001037852237;525.8681129136812;403.4291771604486;93.79182965635235;238.6950644997096;142.2598809153349;535.5102182722314;614.4366956353638;9.654465067000734;0.4293203563832721;0.5603213883189467;43.204760576726855;0.7878032964986716;114.91158532751523;186.40043428654764;320.6420834827412;5.444497768999606;319.49365234475147;18.51769539791461
206;4;26.244546951091028;599.6184225694269;486.0229258948244;105.45519227083386;275.6187482496598;143.41195145176337;620.3106091261027;707.7805380835614;10.316715289246199;0.4208668615305432;0.5784994611476805;43.19851939849689;0.7414861399722988;131.45327784757234;203.44139560573294;279.4402574958127;5.901047538678346;373.8390882275715;17.74328510093932
206;5;25.253154313665856;572.882760088226;447.79058183758406;90.19713661894049;277.0491016208623;141.95835828656388;664.1899758911405;681.5344034758232;9.596049936361945;0.4135581618398652;0.5855268329403998;42.634140391613954;0.7420876012565241;110.01112321943896;182.17345819180784;245.54897702798232;5.57445989586237;358.45240692826155;18.484621316414714
207;1;18.232985591058785;1014.0688238428271;799.9811048158504;93.91582755595367;497.9458463897716;230.40837332704356;622.4401774707338;747.0666981932786;8.784129140787813;0.42014001055711875;0.5829440174033682;42.70468775489239;0.7145974958613097;129.65606712541677;322.4273386371565;294.86127629209983;5.108097137400188;705.4830541919285;11.840120726807582
207;2;18.801257850635892;1013.3562399482768;799.0822374162345;87.84274616487588;501.19226341497796;245.6569664968815;654.8162606162048;794.8813089168448;9.135089390097768;0.4057178653464263;0.5935530635291069;42.615299963999426;0.7024349688300805;122.61263653157005;321.1498866175614;281.195503760853;5.222418931486423;715.6363697340792;13.126956909453451
207;3;18.52807604580347;1013.1945492166953;794.7543217912756;95.66713755750115;496.845753844399;218.30033473812162;612.42422157116;757.9082508754869;9.10203336437505;0.40590076386053187;0.5971463594149171;42.94346238594087;0.7152738407069533;118.97220853349572;322.223337930509;269.6203255140585;5.293448938536123;715.0154488872862;10.125396520571897
207;4;18.259471057920244;1010.7537425552334;796.9632806313705;100.41238173535477;501.40245371862915;247.52478870606288;666.0417815115344;750.4170522075609;8.747942776549209;0.40246765367037596;0.5945681475829958;42.935850521443;0.7028858981156589;142.7744291805341;330.07095732528904;308.9875005000172;5.269354606755918;709.2938276839839;11.280528519955533
207;5;18.352289579085603;1013.2665197577733;798.5885131297924;88.87924776950508;498.4600319290815;215.68412263601402;638.5279754919628;780.6495169445194;8.747639492631176;0.40902806696803434;0.5937868618230917;43.11426553143234;0.6836262368139023;126.54642041225243;332.02005276694535;327.71782380180724;5.353660355813955;712.9201277383831;10.970480510345691
208;1;20.578153755405662;831.3347019526516;703.3399393722345;83.71526894801895;410.6312894346884;185.79691243762272;574.6117073180619;720.1700032702661;10.934110661796051;0.4212906941919403;0.5791199073481516;46.73867329833028;0.7207908750345402;113.12237960432641;286.1242599081968;262.1733551534898;5.514269202050388;545.1007782755142;12.45673110992028
208;2;19.253795438562218;831.8615360791827;692.3670782693225;83.39010165417541;404.52930975668653;198.86499068186987;482.5874492313547;826.8324626788021;11.093453137296306;0.4199724340471738;0.5826156851422646;47.219044203992965;0.7304088959729431;154.4131497471666;273.19068648376157;223.49541946260535;5.453729649200376;565.7697290264846;13.730387532391106
208;3;20.58387403119595;827.8743349513911;701.6547876524116;98.05105489069118;405.75054467610244;194.04042903666416;554.2789745152267;624.6098311411314;10.9724258550712;0.41541689517006697;0.583997824106996;46.219033105675145;0.7219820886316376;104.52753222674843;282.56237823645273;267.0704953797634;5.690726314749732;549.4810576268611;15.90562190094569
208;4;19.37433333560238;840.8947690918623;696.4815099396179;90.54687244496807;405.91310180580956;200.75245004392016;573.1508835591026;843.3451762865584;11.071430942664536;0.41779080544371494;0.5841047776519517;46.881142635661064;0.7184444203974506;147.58216814612385;269.05516030827476;289.4890614975489;5.5199517783851935;560.6736854183869;15.728669731936826
208;5;18.88528414979095;840.9320419211497;710.606964168513;90.00880404430052;408.8705883442841;193.9074899805489;496.3926005376923;703.4954955345222;11.0618188837106;0.41431754647439106;0.5837459326760491;46.55264330582437;0.7161326173534746;122.06970686181623;276.25022591952455;252.40724035070372;5.512421354460572;559.2064898230878;8.373660584194937
209;1;12.305609877683665;885.0531891036461;728.3977263960928;100.8751368166435;405.178024566149;194.9105252071346;577.4758399347206;768.8773086994968;10.858780025696305;0.41764002702928366;0.58059853300318;42.44325573683688;0.7177381941760094;119.25237635126469;302.115636849782;289.6835574417197;5.4473702108910595;674.5281342399712;14.846279107532773
209;2;12.475936947593764;986.1989435498276;775.9272005950422;98.9016515111683;480.3185268977262;206.6763012374003;646.4049509148012;809.94133484982;11.022707136111958;0.41499179178196766;0.5868177981310114;42.79852323613383;0.7249036665224569;155.59507428089222;312.89626304350423;274.0770108818819;5.842038053751058;698.9342510451669;16.378615733005045
209;3;12.266160141874366;934.214543446406;760.5232493821268;84.61395907506132;461.32857586145224;186.30105374341844;615.5502812881318;883.5898848845125;11.037587317738312;0.4153592310944229;0.5820237256128702;43.371111782681076;0.7198499225946974;171.1818284326788;297.2507334022468;300.29961027952737;5.80223718342691;688.1347968158028;16.530903721934433
209;4;12.874902385260143;888.3999985595108;705.882845480281;69.56219600933203;411.0024114343285;199.69500230994998;552.9616648032036;727.3760565796384;10.912066166729394;0.413167031874555;0.5839565524806709;42.390617364170176;0.7201853375794276;126.4873857705436;299.60601786807075;305.68655861046653;5.371268904860804;670.0844681308373;19.952923050461173
209;5;12.404191446823999;913.8890369567566;745.6321543048464;106.30018287235893;435.3780051634991;196.18646075595413;590.6836378545559;856.3799304539236;11.012023691125284;0.4143355543875543;0.5780458289281083;42.3624492300381;0.7115926301424754;159.62804839173666;301.0496051837907;304.2229260591191;5.3593585203410505;658.6831807157953;16.59712105332135
210;1;20.122000764552446;853.3898441531305;692.1604170113043;78.8116632025191;388.9588790886359;150.64133431730676;548.1745064599515;462.9473690244706;10.116099996107897;0.4137844148113262;0.5853371337514764;42.35985939332547;0.7344587749767247;87.40251629292125;302.33573275633205;229.71836438115525;5.313508199761742;551.7523974543119;16.79906074365184
210;2;20.499457998720665;827.1027164977354;682.1810293669654;105.40403959008977;380.2747335732044;132.3526754185962;412.148210521208;544.2595382955559;10.474780666210622;0.41423630632347597;0.5838423583593499;42.24299923077537;0.7101403663667203;114.21593620862937;297.3927920105082;261.64574125433063;5.198192841135107;560.8284949765097;13.090005120624253
210;3;19.901586031297196;838.121094753466;700.28960661341;77.82548901337321;389.2781829199692;151.74919024584761;429.1329187673351;517.7392398848245;10.062769129198637;0.4130502327212944;0.5902097028877147;42.374498938794986;0.7036911954998567;92.97991373257534;297.56362218214485;215.40490089404835;5.349014754342709;535.5238236193599;17.35652590112129
210;4;20.383623191458994;850.734575306729;690.4286673261448;109.08895046954194;385.41260335424266;127.72925572132728;435.18558591409777;454.38086608628487;10.036901123679849;0.41323950234519546;0.5862289441232289;42.61236610879193;0.7196290630576273;89.38288424930327;298.70027158263065;210.57312802107987;5.071731743645476;518.8656587559881;18.743375416843215
210;5;20.889929680889292;829.6029559663266;681.4283602855274;72.92534867733379;386.6367008785972;130.67815708637838;389.0508531847573;526.4100357003074;10.483418098894417;0.4116825505828567;0.5931762105347539;42.360325490978695;0.7123059810314323;111.18095218296538;295.2743872598378;255.2382933560737;5.4034182851340224;581.3155419863488;17.98014988042847
211;1;19.803040016063832;1155.2796457660024;916.1168587850699;72.18125437235278;510.7751012077454;177.64030295548096;482.54560260622003;684.6002466750438;10.511488310282147;0.41680088532505966;0.5831050714931361;42.60040862201429;0.7354118677829764;156.08937138483842;391.9122075898759;278.37662622011345;5.309537100550422;764.9946284895233;20.84853735513089
211;2;19.934998185040094;1160.107018418705;901.5819254833659;88.1134382688841;513.870260443975;177.89446954194224;553.0305846342012;671.866984880437;10.58176500360467;0.41163364954189424;0.5865435678679578;42.84910065067557;0.7088235537896744;135.72716719911304;392.9656267440226;215.4694115051231;5.2516962390095765;750.5877035788831;21.045583348519802
211;3;19.91578297433433;1169.9934379684353;921.8519494851748;99.8375568846106;540.1114984541872;216.03052335771747;512.3884243475594;612.3720068076433;10.324397326657218;0.4129308728862106;0.5888655512654265;42.694968362174976;0.7222409857262514;130.7170913994561;391.71139897494226;232.0946510047968;5.193748395214812;741.0297997261728;19.309465423047484
211;4;19.655398748760266;1177.143185060779;922.5508985434076;78.81843268473531;523.4730807100333;180.83650101571146;487.9949126493709;731.8074443800533;10.45134800166157;0.41406716816066064;0.5802163711039953;42.675798387032856;0.7226560408881934;140.08967750963149;386.74761681666064;212.68698753227838;5.339120112832209;763.9051324814242;20.159002412050135
211;5;19.662233844216857;1167.5816619930013;933.3384148654408;68.08661972980082;532.9401792689404;210.7027592628171;493.6264959783353;652.2314358747456;10.499332414208357;0.4142639227156197;0.5805832278254383;42.60780649940402;0.7281969872730738;140.19557313954294;396.03977043741526;216.0282190076295;5.299000379434619;768.8181211215468;18.78537362641774
212;1;19.580529246597493;949.6346640063995;745.1781116996285;84.58125205288079;421.4471252349518;132.10016571156606;475.10044853425893;493.27618189114656;11.089354152058561;0.41597223613530354;0.5850790242481253;43.68247500382455;0.7157120228072752;81.56648379793552;322.6533844732275;249.69992736599744;5.381689373745019;621.5905686136091;16.63449724934303
212;2;20.087268837876525;951.47061547192;754.7579680539503;79.4292959954811;431.4063374915383;105.91845382851082;414.8606658989583;494.6653838286845;11.17283048197742;0.4112564556511667;0.584367717455057;43.099793988483476;0.7039107765571461;83.08749792482446;312.1221649107016;265.45639368165763;5.364018491210662;622.5479198384791;16.765982874294323
212;3;20.849733645675474;939.4164309097895;738.4705538486726;88.84725121481407;424.29598129365024;113.90972525555281;453.9159430082493;478.1786051645371;11.153235941413088;0.4125454429821701;0.5870693967650513;43.34136362399809;0.707942751734893;70.0999437798794;323.47066865546617;281.15976550177;5.356192640999874;616.5180280939352;18.323470054397447
212;4;20.366836886697243;946.6745729277566;735.3701254296452;89.47847974657577;425.5248863906503;127.20624022091329;468.6654409583627;525.1277812491958;11.035390653392987;0.41171065545051416;0.5851496128907336;43.61873654886641;0.7155331079156649;78.37832651815368;322.8155718376792;238.19168424269168;5.306282096431552;625.3784201674883;18.872565734849264
212;5;20.394416937324955;945.1269361895604;749.805921918459;84.82164089699096;431.23575389874844;110.77416695809463;454.36399875922484;461.6027990723047;11.00275336463871;0.410317103319792;0.5868963532611147;43.217323465511726;0.7074487933292768;79.67747932064815;318.011403145154;236.09549214978261;5.272572838815647;619.1352871226985;17.57364483879053
213;1;17.373002100579644;1218.8685537605786;985.9415693170788;79.73231261977324;541.5259956499806;188.28869541347137;507.19609131295016;708.586316985217;10.897477456568359;0.4154280510882195;0.5872903407899457;41.38749538404302;0.7281182474176303;154.3309225232687;386.1559899505381;229.51731681434015;5.464790508061538;873.2957059174458;16.638148924826144
213;2;17.706473797131864;1263.2389597735314;994.6114738557366;99.7641488974761;543.1651250598704;188.53945915650473;532.8777108925634;825.0730447522398;10.941600796546442;0.4163585990371521;0.5898712887437823;41.43279197249351;0.7016757810542877;161.07919696862442;388.46946125015825;237.2406789562135;5.589898684573791;881.6183651798232;17.038071351068776
213;3;17.2098163781293;1274.1004215476153;1024.5804929871385;74.50756330645113;565.9571167413724;197.92085987174713;596.5607396240727;728.3001682146258;11.077465023092667;0.41032295000973124;0.5839492200346545;42.47211833473768;0.698924308606794;159.99004051262187;402.2203004664489;208.7201105047355;5.655156816674646;905.5272673529553;15.048615825226106
213;4;17.3034715071706;1253.6262142071337;974.6484191305333;84.83735433877635;544.6059315765239;189.49533007499278;580.1774456643257;734.684116516772;10.926887412861394;0.41635146010627283;0.5843592969190321;41.67504800769978;0.7049292377246066;162.1096198949451;392.3198869969909;210.77120340922536;5.901402427457175;878.5598556752063;18.20396408759494
213;5;18.453963774432665;1210.0172760955923;958.2547322176131;81.99430955792545;530.5204215611462;191.81305371290603;521.7912687099853;702.1706336813756;10.921406468124047;0.41654814799125756;0.5842034321182193;41.646368452833975;0.7040211995052897;162.147569033031;393.6441938613628;263.069469020422;5.346288429386869;882.5044232322824;14.532208485085766
214;1;14.656888085663292;1501.4435756871394;1272.4147717392327;83.19535321200672;824.4503077095007;213.41184609467504;522.9329824056485;753.073035216243;10.658559997920689;0.40802728257048665;0.592054243770298;43.143094041298454;0.7049281934760365;166.86288220642004;499.13984047179076;224.24229269751427;5.484335201892267;1067.1626919202379;20.110002815828064
214;2;14.454515802254939;1474.5036044705523;1268.88337898263;86.21992859003072;825.4317481105255;196.74846247545094;670.7732716258537;934.066401079494;10.596123122956158;0.40493391667298057;0.5911163693426063;42.95542648076455;0.6762981665721486;186.65853588894853;503.84854294175364;222.43890026204;5.721306246861817;1061.4534674533322;16.532471170362797
214;3;14.933353196328834;1530.898281783922;1297.8593828124626;87.25572274184067;826.1323149610454;202.17855166430775;577.0752462671742;820.2217220499111;10.500009389088584;0.41129351815036763;0.5862391523249542;42.83949101760137;0.6924288761295305;179.2609008866013;501.0303399554617;249.29411332913088;5.918161244306007;1081.973249344012;16.770063442805426
214;4;14.854201760709127;1534.946931974359;1321.7531989476367;65.9781320670766;830.3287934443996;192.59091312376356;507.49838579717687;763.908132501433;10.700107909364055;0.4006262161461594;0.5963017032165144;43.13708107394188;0.6791906553523088;154.17218566599152;499.90548936355816;244.22136202557746;5.5277056007464855;1087.2346574248702;16.48576177164838
214;5;14.735799206772613;1508.1930352662193;1256.9784865134352;78.40463372534728;827.3150260007893;199.8488946692088;513.6642634379343;819.1116905827383;10.561590943814748;0.40043804527324955;0.5954116002999621;42.91974886379379;0.677328850905941;178.86106932432952;496.7465436841514;241.1666112445694;5.692230608054688;1083.5374986112688;18.17213828453127
215;2;19.215102026845997;1010.8783973067506;819.0205885835875;78.00080668720733;499.29299156934957;221.89022031954974;608.8531024692761;928.9436102422193;10.243169967931074;0.41614157632699317;0.5827350094111245;42.52740439398437;0.7082288033392719;161.07225451092904;318.0857921192601;305.5470167709572;5.57676177667327;716.1602127772786;13.824038884308235
215;3;19.24320135630402;995.9556866176861;810.5261961807661;79.70958892695253;489.90158715907074;222.32601041477864;555.7325380510679;816.0518900010626;10.41515614047305;0.4154265523694552;0.5817233352453774;42.19239646296607;0.7139883201995271;147.76277791553025;318.03241760685626;274.55524048745133;5.3857190826924395;715.7012110903693;16.594681041853416
215;4;19.135383509939867;1023.1401612726725;822.4373754531767;96.93582411541729;506.5777791592564;214.79300077508893;649.0050843673793;839.4342387784128;10.278074922937043;0.4112090576573879;0.5823038008214233;42.20822517530512;0.7008868257060822;130.97405484156687;312.75231967649296;241.68714724041828;5.382022119814805;712.5867686985385;17.60588681712683
215;5;20.1071948597545;1005.4285989726005;814.2667022917733;85.34598285707298;482.94324472145394;207.1387063073322;611.2870488869297;777.1431651587637;10.135677019518724;0.41373434777865326;0.5809111231955978;42.4456475275302;0.7049065443939599;131.90496748507468;313.6480011147542;262.5952100988248;5.389147568656168;709.9684675560841;16.20250548979629
216;1;14.023386850476788;1578.2104004420653;1270.8834730054377;89.24858743826198;760.1899336093777;215.12522337303133;584.8198267538603;849.6391863169422;10.16560089461156;0.411105520469825;0.5918995031260033;42.03853681248843;0.7000927214043203;214.65626044285958;495.49988513279595;308.91099918201195;5.75864994895755;1018.8784588361917;11.676107444895788
216;2;13.820063850094586;1551.919249643685;1245.5916321917307;59.11275762464652;766.3634525804152;215.20453363254236;582.4538169526211;762.08035931669;10.12689452979595;0.4095716994395178;0.5891500895798759;42.00556258329212;0.7019607207875376;197.78594318881574;489.91765883282585;277.67565335675056;5.663004963507563;1019.1259706618725;14.164809145985398
216;3;13.988722771095887;1535.0414933166094;1243.0536583470669;61.86409282313225;765.552932185211;207.07622708964206;606.1688889640226;716.4096486687886;10.210244189343564;0.4133303839215231;0.5876508015525534;42.376428754940186;0.7176324044723311;191.67616363078434;486.24528101321;274.0295669448308;5.523455667932892;1031.4894352652504;16.321212290174127
216;4;14.634508332718507;1561.5343895424983;1275.0062366218517;58.52314634707135;769.6416723624754;235.16456476034494;549.1139319232414;838.959150847806;10.156301554694982;0.4080804174255337;0.5922949934684043;42.48800978073625;0.6877587725402141;209.86970100430005;493.64719216514544;271.1318343853981;5.576043607810459;1026.8225118987875;15.112227701451072
216;5;13.536497423022595;1540.781989481789;1234.775248806983;81.1564044361028;748.8221891376085;229.9183300036139;552.6438362660991;746.5737911556727;10.092018559072734;0.4072984672799416;0.5905131810203684;42.50460120874187;0.6945861482308128;209.84660911121438;478.94855384888535;281.1925689175747;5.7138223521573845;1023.2131626941955;15.009067056939905
217;1;19.481381134060488;1293.6466416057087;1077.1657217015936;83.58747463472753;622.5166741569875;179.86391078469808;548.9438625434929;652.5519141603029;9.876467495759032;0.4188643549350038;0.5813279641618415;44.120145243125236;0.7200042039054217;156.07834802812073;461.4659136652079;246.46299159254363;5.258886018586853;884.3927255472352;17.389798800917223
217;2;19.977588355505876;1341.744047323208;1058.5955488503614;73.78277627141112;597.7995247735638;198.85167309942335;478.94953090735135;839.5011409492009;9.967272849965775;0.42114097885824353;0.5784940758905912;45.24863879881014;0.7179668119801558;185.6524116515764;475.60598487210797;257.31953439169985;5.339564308758975;913.9122465143788;18.0245480230278
217;3;19.92632591445407;1316.7088131708745;1072.700217300313;78.05610886743487;611.3145462914446;191.9954053887146;488.1174307421796;697.0868711680779;9.971705066312879;0.4143288229269413;0.581957100183738;44.11601158501948;0.7232115354913069;170.38159524504474;471.64316170475854;250.91507138628745;5.393834406215487;887.1034512705681;16.94341864422086
217;4;19.944864678228868;1325.678865671131;1077.7293212615944;70.54351575223184;616.280166347418;190.28622606328122;473.81767201759607;831.9203997484273;9.870814489132398;0.4183215657769251;0.581434190934823;44.577827714288816;0.7365059643696974;162.45966869377853;472.89799047668015;235.30677363211095;5.2097021567311295;894.7648835680014;15.06070457507047
217;5;19.780160605138303;1312.0034882413036;1052.831793263714;82.7409041449479;596.8517440354625;188.77883103085392;529.6903494999057;658.6948388657349;9.80944618772523;0.4229139355591612;0.5723254335168257;44.676707512962764;0.7461413623706374;161.8436395212316;474.0121260272089;249.66355381321773;5.242497036801468;870.0019172825163;15.662610403946736
218;1;23.004625123298933;1253.0244616192101;995.669764231032;83.08204629461325;541.7267657546525;222.26659289525784;637.8254281504068;716.3098926335124;10.658904367780611;0.41657297158134327;0.5816849664679259;43.508573172434645;0.7112174457192451;153.7225920666032;402.9960158356137;293.56871689590713;5.626617461121237;867.6507872127514;16.386673191249926
218;2;22.968366205253464;1246.0829408578998;981.3742645220624;73.86596381310382;543.9566051980281;227.28764920922075;614.3093690266729;922.421123239905;11.098622376624053;0.4158713137322351;0.5831885396783353;43.83244773865928;0.7011730807683297;169.0592179000767;411.8254210926492;285.9359889694511;5.42338650123505;850.9308657935175;18.972836208531437
218;3;22.88184623072249;1229.497182641228;960.8486205191188;76.98929742118793;549.2877043812532;225.27705013268704;564.0402132759847;960.8396540178967;11.050716964270443;0.4180077039610106;0.5812691121233443;44.39217416274556;0.7089709386117972;195.15330620649362;406.13032549190166;322.0407555336017;5.66367111636202;873.0020899135291;18.088547322135593
218;4;23.451383831023136;1266.6652915492;989.9081497244553;75.59654050423714;555.673400136245;218.50705710662942;512.0011355345287;782.3032207720715;10.816675229741168;0.41204377154479166;0.5847753767547331;44.846463191413775;0.6931855365080153;149.81828399698523;405.59681216800067;284.0712543816959;5.347662206398496;842.5463417285093;18.618362106969236
218;5;23.119340165601763;1250.1574291112433;969.2220497966122;71.3168896904715;553.57480598035;222.06765745369947;507.0348883821922;746.2459168884687;11.24286004331009;0.40897838096552885;0.5912209491359506;43.496821452710556;0.692874342449603;155.93120839649092;402.9117928551474;274.07446933809683;5.493887846395138;835.6926783439864;19.64253421753328
219;1;25.718827386338166;1497.453672366231;1210.0706424888363;67.24954173957971;732.9544885624633;174.7171870838766;482.48462690987856;602.9090025793937;9.503864869670014;0.42382366049723025;0.5712437502944561;44.296673334396445;0.7549647420215128;132.92907752809282;485.68229624235903;228.28453824709337;5.202884098866147;933.6193061535239;18.4711758138077
219;2;25.89922841630756;1602.5508102326514;1307.4026934466185;69.27129812931823;751.0707387934058;174.47642353473185;419.587330014473;541.6084707096354;9.4232387679171;0.4223506179543756;0.5756015792343923;44.27893096503739;0.743678461794628;113.32579753435256;487.17700461033905;239.36528640805096;5.23482774087503;931.8654837941634;17.755306047418173
219;3;25.77400711976582;1588.7756275619245;1293.737986075679;88.65601264137364;751.6816176713945;189.07249634533872;481.67832420283406;765.6374933662504;9.409958555474157;0.4196561032536987;0.5759738997964519;44.58138464355095;0.7493319369317147;145.23683314053028;482.17862975607926;223.03631161526965;5.367881970795354;934.0844750047878;18.165931685361443
219;4;25.507074200069734;1542.1697727811472;1237.7580060647556;78.34952069648561;738.6090460584478;187.48274969241348;467.6335023109119;610.7712166182738;9.38945046256267;0.42275281951865246;0.5734815333919774;44.59591139438842;0.7564725508143796;121.37515341503686;486.2572724305641;211.47425055754087;5.1866071251513715;929.4207538666761;19.62538887545019
219;5;25.79310382578465;1453.1260968425645;1184.3199313670004;69.74245568526133;704.6409608484068;179.08049066450766;445.41334699359703;643.083664313071;9.509832399174464;0.4232183288067052;0.5757460711229228;44.01748548464957;0.7554230929686008;136.49599966908363;468.33004234498816;299.2113012868119;5.123831974163449;882.0438445718956;21.39605535047302
220;1;19.982468983064056;1092.6493791593166;830.6220732675102;106.7078868413894;511.09676975885986;254.1457190939169;628.0620634107845;864.7651323029988;9.616257273890096;0.39931481558108145;0.5982006757377737;44.75577946727631;0.6662797307781984;122.75870866757951;342.76765717108685;277.50128531764017;5.26912811844518;734.8881570785035;16.267016596887583
220;2;19.333679410188612;1071.5362688611917;824.3282074181757;82.78139844513538;507.7349744609374;218.16192502615147;662.3902139319887;855.8050486882721;9.58276088378213;0.40123548948566756;0.59435247267767;45.565129160960424;0.6580164026537052;144.84083055477137;342.6474901396463;280.39205538904736;5.780571594684497;723.9968460676614;13.16838787495398
220;3;19.96534167973896;1083.2652847273134;824.7675191583912;75.66434614313093;510.918688610807;243.37590392944205;665.8858612950885;933.4892264234119;9.464537551448608;0.39867970060276753;0.6017608751779777;45.10979037077624;0.674258701437684;153.70830552069194;344.0313575508982;303.03521482263875;5.431622424712491;729.6475036670099;13.323433274040081
220;4;19.834631807948565;1050.7924397588292;829.7629818868088;79.31581987999984;500.1955280041227;254.8396195375574;567.0555455295462;916.1791088076666;9.550767945091039;0.40436916416533286;0.594083755418727;45.6680972988655;0.6875031272749051;138.30139313849415;339.2262775871295;300.77562593366935;5.26223852231662;721.5134026922584;16.96547569695592
220;5;19.666598894276536;1069.159699426761;831.4461492712276;82.70995136831823;508.011408244349;248.74606344006088;671.5193773741962;843.6905393963689;9.579631362155402;0.3932794359136574;0.6003080320318049;45.380365184025194;0.6789825409137247;131.12328719626518;354.2694655140392;303.70852373021035;5.341826521650992;737.5512575571711;15.379322522348494
221;1;7.446320026812961;583.6502901335481;493.0749965452608;74.96780920122832;279.0440611595049;133.9696304847464;408.8225166445781;498.8870669535905;9.422644970673243;0.4065538885369837;0.5876843313835225;41.92839229162525;0.7070061196943681;104.54140372502741;190.3736224924786;211.5556721821675;5.233570933112718;349.4027216565061;19.162332192966723
221;2;7.504440566658233;521.820968063207;423.92488753363244;100.62636825171731;247.38655569304493;174.7477080348225;412.5087449009061;639.8416225925332;9.412094481182473;0.4065936601572298;0.5880177514882504;42.066056147130304;0.7035785486738962;128.85285804298383;188.0021412271956;204.41656144670543;5.211629160469297;356.17948809021357;15.98364280437015
221;3;7.030294069303184;518.0851060869677;422.9348260652478;87.31830823514127;249.37275875987132;161.68852844687083;395.18595714260846;614.9903153176057;9.309680058689128;0.4091042052756194;0.5801739793162072;41.98608946549725;0.6998733926228009;128.71164517894965;198.52391610591593;179.13250689218492;5.523942212342036;356.35937614708416;19.31915358673001
221;4;7.952358579048792;572.5300328092422;453.64441193409004;75.4562149861449;271.6177125844673;155.6045606184698;464.3584017619163;494.8537103251942;9.354103487860069;0.4047032789721009;0.5916188162739473;41.92216165299572;0.6949081824961556;96.57220017533324;188.03712349237628;283.935728934662;5.361283391784409;348.07004662200103;17.29843600423506
221;5;7.523773861721395;546.0809722793674;437.3114483839555;70.89065704814024;263.36714618073137;167.00258988370317;513.4882381385753;546.9069924628495;9.354503218959874;0.4045905074677241;0.5918276771178868;41.9296897038586;0.7012662897513944;97.27272421230568;191.18480333780295;238.87909794153;5.418551354690931;349.3699009826783;18.43689903454039
222;1;7.605653529918279;863.094845579729;714.7438380812105;78.28776687511889;411.81000959594155;203.91473748771313;561.8880019671728;846.777760000133;9.935171943218693;0.3873051404235111;0.6118782594184168;45.660842800766396;0.6563128681699927;170.5216217506185;288.37749015509536;266.0715588159749;5.626044620050246;533.6518614886438;15.191459122297722
222;2;8.103755018984797;942.7452715092755;791.0531079654467;86.34173203642541;444.78512897958535;211.05163561973785;571.0332163333882;782.3002810599793;9.61384138601739;0.392382799340696;0.6070489279774145;46.069499042520896;0.6769181069896216;162.4026222736586;297.4665576931315;321.75110623075267;5.730345779309683;661.9294740884887;15.661412273668441
222;3;8.242715633920175;939.6789419412456;787.5135133403418;87.72551941899525;457.9979865951785;214.55800357104522;565.0369883686536;764.7046716284973;9.892422476685908;0.38512635042067983;0.614461257786916;46.217537838900626;0.6655369632747736;174.26839006911914;296.8231399165828;288.51564104855044;5.791593580281004;657.6286308432213;16.0869449891556
222;4;7.896221103020645;914.4597953850392;757.7981152289476;83.33412243992125;431.16142009130226;217.61291416039526;588.7541397407207;816.8802349877508;9.911143344798642;0.38495357772434974;0.6164931938062133;46.0399393451273;0.6591581061885088;173.2295488160264;299.35383337426333;293.5556127873073;5.585724681375736;663.1931458915467;17.88991155204801
222;5;7.894406265674869;896.0229829140737;741.6501992759589;87.54856748667353;413.61018304578323;219.9750360364124;636.017926823148;858.9891915117083;9.86865516714753;0.39149163850019314;0.6039139081656071;45.798067788534965;0.681174621773605;170.63895115382192;299.2931336086954;299.9822959903667;5.935326744583736;667.5886091500724;10.870116488176077
223;1;18.219378844803337;687.9271227687119;564.1374950746879;83.73355542516474;325.9887271074646;168.12552912734074;510.8911817552201;831.7906169214092;10.170059339731846;0.40636520793879827;0.596838882218551;45.852795352549805;0.6778403572418407;136.04916728996784;267.8632322210003;283.81305249859855;5.515145643408619;481.46830882479344;11.302134701873666
223;2;18.69854612229127;716.0761220953424;566.6528500121968;90.7515640892247;323.965776658303;151.3569286973585;579.3960666914846;717.4583227397573;10.627507223824354;0.4037290970768045;0.5964102715995682;45.95193230485665;0.678450427047827;108.18819487175324;256.1068843642507;308.20773923131514;5.581556487010737;469.3892483906072;14.149287518868165
223;3;18.289150684737493;729.5990364968959;597.0704519319405;77.61379439123056;334.656065734894;171.53334981093388;549.7951559278767;717.5793393991333;10.261111015808094;0.3992915648450415;0.5985279752796556;45.78687161501569;0.6768555890408937;104.5332650884003;264.42456634380306;273.4025536623217;5.777480458703728;482.29976053904596;15.899575273372776
223;4;18.402242530648955;728.9984755058631;583.6297719301045;90.8609400477655;334.07457713257696;164.63717792206538;565.3808175199915;762.2193538906779;11.091731033837021;0.4012631821013354;0.60057986219965;46.22630492526359;0.6840341145424722;120.84201302469928;265.8135084323672;299.2016297877;5.54192101277958;463.26927135793596;19.70903872306661
223;5;19.273130309784225;724.5944373153353;596.9423505889935;85.41221772673254;329.78205200366807;158.90952176824976;522.9458273639597;838.8127079747921;10.524783450453974;0.40054374001367027;0.5938061055904896;45.86550946465214;0.6801305275640541;136.0431675051446;264.2307293162827;300.0617034356476;5.599869111839391;488.23381148089027;12.896405309954652
224;1;7.2913446946074565;857.3997452095164;722.020808806164;74.15358650384124;415.78011313604304;220.47433893036833;511.86965944706265;931.114942138533;11.267103032403362;0.3850130852582732;0.6118597927568163;45.81412397563769;0.6410028968024324;193.48058627574594;284.14313401586753;273.71861765752107;5.831336575155347;631.7039654570796;16.153743761886613
224;2;7.180648513290497;880.7244052095633;727.4655051781348;87.02757299282013;420.4098287239915;206.67206736312264;611.5156784820038;920.9057933967384;11.314455957067176;0.3942989998982945;0.6076317554987126;46.2557600452656;0.6526457915633809;184.61172771308614;291.87749344871094;314.05881208586607;5.837992174237395;573.7478353647282;19.035114981746915
224;3;7.9334388757782826;928.8126120857946;757.1124563803801;81.0322116395018;451.4641716587607;201.5636331773756;582.5845732080476;706.2945643503446;11.335328872335591;0.39331887743850863;0.597822767119527;47.65353721752523;0.6773846733676969;163.56572895083124;285.9457345793798;347.4677287972695;5.686935456681399;569.6487773313136;20.11491522749945
224;4;7.961607005751746;896.1483132955448;732.224355397321;77.40255414794977;438.101408212097;205.14953205525936;601.3650681648286;681.2012907930476;11.243636724842515;0.3898444394075613;0.5991299183532067;46.20523199182546;0.6578263590626654;151.6302929604796;292.33224234405407;339.60123589024437;5.765935957035311;567.4553377672769;17.612365028006266
224;5;7.250284185361318;860.3777093268822;693.4937821977363;77.20882106047577;407.1458489667869;218.8312941169637;615.4912018307259;737.2587703821504;11.300847242681613;0.3918328861175341;0.6057657202161678;46.20998221704817;0.6471839316371191;164.7849299099256;284.9705409157948;346.4074378563551;5.840216057040375;568.4675057310141;18.84218729000872
225;1;12.207133621073375;878.5246433166154;722.9593998739024;78.20677560039297;412.4079747757907;229.45218793469024;691.9776365836843;870.1538024207695;11.116029459657682;0.3983537497796187;0.6028936718568394;45.93642411589333;0.6695750126433501;126.13543111327337;294.56157513425313;344.6427900673421;5.543534063117645;545.4749666563127;15.739901182448799
225;2;12.246130535818295;916.8553120154266;749.9545554404837;77.26611338565036;435.5893928566131;217.86510381237562;560.966310954489;958.1587007647466;11.08894207388992;0.40607205061343726;0.5987617801601178;45.61705428438677;0.6981878481311737;169.58455056690772;291.02547747856585;312.49287193876694;5.545106832375333;549.9886045611207;13.569435413620187
225;3;12.316980964644083;924.8551752996444;756.803895000043;84.01070435904232;445.21898863327107;206.0463543726425;595.8858942621613;879.5808886280662;11.040488225869511;0.4018826588676236;0.6019536711355423;45.807323425752045;0.6818639664355683;146.70886025125557;294.9493515824188;282.7763516971887;5.557172537903734;565.514028637289;17.961242326079073
225;4;12.0779212682962;895.7564600947113;717.2667350634521;80.31833308576894;426.8403536470264;242.43006870174187;627.8397357085439;912.0181816976126;11.006453617423603;0.3982388450848878;0.6040296072125468;45.60378872218308;0.672011653707107;154.10847764922536;289.8727350366546;334.135592483017;5.5845647305045825;555.2124958178489;10.898905153469217
225;5;11.443093666821449;865.5683907271973;686.9678666590646;84.64723124961002;395.1121434571225;223.80155611765;595.093812398878;818.59346716758;11.139786202444132;0.3991823391540188;0.5954005739642696;45.52220819797386;0.6901765406281699;129.10918539526926;287.75244255994903;320.06668922309746;5.591724818033842;548.4724430174165;13.347568402692755
226;1;11.142962139155541;779.2333306025121;657.2047413827739;84.62861354103599;361.9929628807042;206.4567371305416;537.3291011383134;705.1489282958632;11.269723389333745;0.40979177607398243;0.5868910464427681;46.10358526399701;0.6857166657076873;121.26820310848025;246.7372502439951;301.2927246227891;5.886309460832063;547.0975711596633;12.882590604484186
226;2;10.963902028167785;777.3808887717207;664.2426634427743;81.47284745018827;364.1709712336409;235.22379917820507;574.904864049748;977.8400117416601;11.197042359177589;0.4078890252237782;0.5896622954751328;46.10656079332746;0.6891460027124119;157.85396386620653;250.1956671424224;296.8271112172338;5.813186009147575;550.7388636773198;15.007425613754052
226;3;11.409229707782508;792.3576125235752;666.5824668825195;88.3432109842944;372.87257318098165;212.9191989047305;560.2790911859495;848.0603397910855;11.280895955578197;0.39843058823832034;0.6000033779164784;46.57257423742161;0.6937506447065028;163.22031713280506;248.19582819753097;321.82336838772017;5.920009753820266;548.4633295153868;13.530355284766976
226;4;11.161330767918471;736.5300829943619;633.1902121930502;81.00115080668523;346.3259314011456;226.77617639390388;527.0303419559517;726.7315678303534;11.23564186063809;0.41070590280003644;0.5889583226208016;46.075577737246064;0.705600508571122;128.39743429783184;249.17620485898948;299.0270840865084;5.7096675731251185;548.1139543700422;10.030954036346238
226;5;10.904313304169591;726.9450825652153;635.6616864383308;81.05722317078342;335.05847526699387;227.83553130003784;543.4739830200081;806.7087874399274;11.260639275411297;0.4068009717739838;0.593400525181034;46.28555391059254;0.7067374078728307;136.83483156089608;245.59166773538342;288.9133630871919;5.72232289970062;541.6171040452325;14.544490711270692
227;1;11.843368627004095;826.1019287850108;669.7253740047739;85.3322279856448;379.05233803324916;231.66355504578615;621.8671874444336;832.6345647734369;10.17781652314696;0.3916036587524395;0.60341882639301;44.38211832709271;0.6642530229989813;132.29312678462742;265.838428367158;284.8891388211532;5.271362100172126;558.3767233514395;18.58906904949064
227;2;12.09875762807778;819.5425252550397;669.4621944736588;83.95594668142441;373.66212383592796;214.70210316053124;585.6017637983575;870.0997124063238;10.439817608811497;0.39487229721854067;0.6024930083467779;44.315126687327805;0.6806379243022016;152.06686349571933;273.412897281686;284.0832501373768;5.339523112074028;565.9562815161712;19.920124964578555
227;3;12.293102073542748;817.8527681876571;656.4840867798055;103.0533628174316;374.9574091605824;243.2043964442919;667.8075549871227;998.3342610715206;10.061927158648695;0.4035073983139814;0.5912677344636489;44.590981502560034;0.6810487981702384;183.60433890371328;265.4535685416654;256.7358533759;5.398486597056306;570.7814665917804;17.132043566537618
227;4;11.361502611999574;821.2428231900595;657.8767163794088;86.97375752873957;378.23209334571754;218.24791723793786;612.4642642365872;905.9131619218368;10.582164350220907;0.39959307210788925;0.5930440101909419;45.827320380422435;0.6822035121134179;144.9543892048084;290.10771838983493;251.21973340840745;5.6296517447432235;581.2002730431942;19.31497180873494
227;5;12.468890369666324;827.5722386413322;679.7393476081468;80.17822160072346;384.6381421765504;231.0233871825712;638.0677103969201;871.6639996093135;10.17128874215186;0.39662436648219823;0.602129577656975;44.61897413486025;0.6753210426590237;147.92471493843883;265.2234417755923;274.2717322627699;5.44342485988725;569.8875161111189;16.896923909672765
228;1;19.689595675754575;1078.5454251496737;864.9487941252601;95.530672438261;528.0808340390167;222.25888125211432;566.7463591023351;699.0675456967093;11.226795308680122;0.40465066155857166;0.5931828513927531;48.004353340422284;0.6926390105576562;144.313001288667;337.8016562546579;284.28256486205464;5.627527287921319;687.660474629913;18.591035031158103
228;3;20.587258524362834;826.3802384971194;657.9399364694675;70.49831246498826;405.12791272845425;227.14607645671126;588.4067959136457;738.0773375562085;11.125573070892948;0.4086689830901379;0.5923378540503689;48.017267338881986;0.6897705507395322;133.8263268498958;274.65917310279883;354.0835679533984;5.43685851074518;495.57930603951854;21.30760251854197
228;4;20.591243251950303;968.9376517199624;778.0773612231454;77.53177837137422;436.29067592548824;213.49029792369015;545.3490729685606;867.0613280016088;11.207494596049216;0.4050386776321688;0.5983581239047794;48.339909224360866;0.6907143935383062;159.1142744522853;321.00086381266584;252.80905113548937;5.4382284490657415;605.890367170916;19.197317308319025
228;5;20.88965634816538;1071.5458298459148;877.3293076091511;98.29900735984477;534.6062089071339;210.22751972105067;603.5032470325879;897.5049607032827;11.215343067253285;0.40412942178684225;0.5919808411680909;48.36038068665436;0.7001566811696175;181.18578812148567;336.59429298582364;272.5056371470768;5.5984187578150975;684.8136168790522;14.915009699295995
229;1;7.432957668689239;885.5873283137887;724.3476602284568;99.38547221901719;406.0763071208082;224.64916433570838;606.9010572802347;828.7583799730497;11.177036828663615;0.40159683759301634;0.6024961001266262;45.619576901178945;0.6751805953073449;156.4859898308481;287.5844267116384;328.71101862230904;6.049667839086547;681.8098460073261;14.985836508908934
229;2;7.601357934950969;870.2576410333717;713.2184996582423;92.1500717003444;404.71843529425166;221.53628651967315;567.2326067281876;909.1436478466421;11.180644245902965;0.4004841747938128;0.5998614352641949;45.594126151226526;0.6645966700391238;154.67351519742627;291.6848593317604;321.8679669598626;5.861126135019235;680.6000456367349;17.361830253368193
229;3;7.616532722647314;882.5120178181544;738.333875958249;89.23051241576545;418.6618819606155;239.66217321657328;661.1755674814169;894.9028580216385;11.18428626856764;0.4035193949758558;0.5951990413090589;45.2200626146198;0.6721926687845725;180.9366132166848;293.88423528714213;308.7757851007875;5.894980166483049;683.3637127741716;18.566114974400296
229;4;7.510286328736122;880.7646565763719;720.5868919527209;95.10032762183833;420.651917831802;239.13034717784015;560.114063997948;927.2679017204749;11.17589554741607;0.3969245140712579;0.6032989979445912;45.720173622277436;0.6732478552753528;169.67782460203668;293.82715672543253;284.9293945128173;5.722694010097525;673.8406405942225;15.785863164325528
229;5;7.733451331043913;882.6617052195312;730.0036454191568;82.32634799858417;412.75245784641726;244.3041353386957;630.922851143558;958.8129409336916;11.159663182692729;0.39334473186948643;0.6067129420818614;45.72559377740813;0.6524599877440275;200.04158620961812;286.3836875849744;293.04955947656805;5.814842254048245;677.19032756252;18.426956553028475
230;1;9.97356485603155;1094.5073039186752;916.9469499631831;80.06846905089893;541.9947368427851;244.43659401025525;606.0912094417513;838.4376394271488;11.217143722001422;0.3998845343599683;0.5987926334531894;46.00993792417271;0.6779093294917115;187.7460818824454;327.2962822377583;309.10644552189996;6.141708402669932;742.7125727374332;16.96519024452324
230;2;10.119326350873328;1000.2815637901573;811.5192055605218;82.12513959762872;463.3595853190638;235.02175854808448;550.2717395189401;868.9818045368863;11.142146332930386;0.39489944217758194;0.6018480531991893;46.304280341867894;0.678695047824939;199.93749765833593;322.6877304258335;315.39533052118156;5.954270000573915;680.6967956968689;16.029422145004343
230;3;10.452931594818672;1122.45007168032;932.7495367910265;74.32522367755128;550.0434505887947;243.12064600685642;600.5524177411228;843.2451195735429;11.191717555952742;0.40090981264373515;0.5973061990486065;45.58983654875029;0.6777724431250897;180.69874544748876;329.7468123127839;321.01377496853587;5.9527445074535095;743.0048738220775;17.31983616840369
230;4;10.231305724718391;1128.0854315055071;927.3715838026337;76.88328304725589;542.0945525485814;231.20381920840654;573.6966258430211;850.0936446654355;11.12752464187851;0.4019270090221702;0.601891309291001;46.19837506393216;0.6922914016281609;190.28075547548272;333.8551647985231;319.3804423716282;6.163344220659798;745.1398479846067;20.602750723891447
230;5;10.402640496444924;1130.2093239728013;933.7881615268461;73.21442727351679;549.2850132547456;236.6666199217129;611.5709431391538;959.3538697787825;11.054315237063571;0.40404971834509723;0.6001347621208449;45.29121178853218;0.6874415280923779;186.81306738652907;341.0080431373127;296.7867245610696;6.08279476474188;768.0255671078426;16.797752543068217
231;1;18.433869238554834;857.3511630784259;715.9528897998057;83.40648452267027;406.7146230726929;236.9710811161024;550.044297266156;883.1693860017882;9.618403187184073;0.4087110129300599;0.5949000216813869;46.511471864919464;0.6968243075746823;158.20401800830518;299.7854930157144;296.75202131962203;5.333118197506318;633.6113380885515;18.801037049994942
231;2;18.63033567450366;863.2481499364114;710.3013528478394;74.59409221673025;409.2209296344004;215.56208162144637;570.3834128931474;815.3968691441488;9.444520324668565;0.4121146933802145;0.5862940725141234;46.30814395153844;0.7246537024264623;157.62607490461878;297.6775626287759;264.21879623683293;5.609171616644058;632.58042865181;14.182317377408042
231;3;18.777006410060526;872.9771959937294;715.0714092624813;84.30650159907165;406.0830405475655;231.81668457110763;602.1695013712069;907.0621616761716;9.36216712907939;0.41087713518820573;0.5834900455261335;46.47868750435889;0.7227349975348356;155.32869194151428;295.96073654425004;268.8901685508445;5.908601747135842;582.2455741871886;11.683432453268297
231;4;18.51815486367726;878.4374401527919;718.5427665201282;92.16071333914441;400.45024810902345;235.6326450743661;529.2000454030782;914.087803756534;9.8082947842077;0.4012741094930996;0.596454843631916;46.485327502672156;0.6861774259660823;155.72202562720446;303.2506714891477;280.7712801378704;5.769029533567879;631.7600097385897;16.105924874000422
231;5;18.717234327462975;865.499362452807;705.8107821393643;80.37900818144574;406.0301905947614;216.8236091645372;559.5018787606944;797.9874326797442;9.34305107671565;0.4033770915664776;0.5949486823102174;46.9954352810047;0.7031187290917386;144.85927937315253;298.46276591722324;276.58970875130314;5.677719356565012;640.3625276700415;17.315526686317888
232;1;10.33057602674646;1411.940567465042;1116.885859114393;74.494073457494;613.4610010855754;195.9070635254649;525.8028550602041;698.9134724042871;10.238730466182012;0.4118854662336485;0.588497649423716;44.52955997365776;0.6966397618262153;191.59198099931393;438.72345459627184;268.96182715960833;5.540753098424529;947.2927728797212;18.059799322691408
232;2;10.466081058104196;1262.8367595627583;997.3347057522932;79.40304366567484;561.411606671607;182.66736639795892;516.8814170003101;675.1730007168505;10.346813709439921;0.4109153719360846;0.5923884423518121;44.017898742197325;0.6896023267612809;182.4094680227515;428.1170677826442;289.7230696805432;5.31392024877861;939.0580083552782;18.806558865021653
232;4;10.721832640798459;1220.4114599044747;958.8227627534574;64.0468604844432;560.7449678494588;190.55727367489342;528.432399029368;722.9199844805344;10.80529823175662;0.411976371986995;0.589619154480774;44.18475726787762;0.7130033643996007;164.31984105385658;392.6131900440817;305.94747506444264;5.496473508770017;865.5220362971808;20.18440401108367
232;5;10.835526437806031;1360.2557103881363;1102.3960370985205;94.43367227864292;610.0532913518538;180.3510076521721;535.250690851261;706.743047281869;10.940457220365102;0.405436900855664;0.594807837606114;44.17282994285993;0.6870135210326319;197.8433598405417;443.9962017029593;310.3696935952023;5.297057681548032;956.1310472331934;21.660796788824868
234;1;9.522821738997933;601.5922897641685;522.4448644254996;82.64110943313497;300.77397674915056;218.2320677392723;509.47386098768163;875.0520788921599;9.349355054961705;0.41174512072279784;0.5894851945975077;44.1834723703513;0.6958813081112213;141.30487356324122;200.83042018205674;312.1119537104835;5.583063950017593;380.2424218847342;16.69347748305292
234;2;9.406678697081936;619.720058427945;532.665993256715;96.67372937564896;306.1970991579477;220.84125590023487;491.58688478611634;767.3933319975184;9.385257006571946;0.4049275579266347;0.592894338618241;44.13239803615797;0.7153352211926343;105.5598786480318;210.2326090191491;306.6698177904049;5.846782578492893;390.329858694448;14.884059270038716
234;3;9.770184478657779;589.746997007191;501.0263262378153;84.27793734133158;294.29770148651943;209.26993400773992;502.3638373621891;775.4090841792254;9.26524323932146;0.41050346264210746;0.5803093824827705;44.063983091314554;0.7246408784074032;108.41074446198044;201.17218237400382;311.4139594066019;5.53356683373411;365.53430417500863;15.215937147830461
234;4;9.366896595157128;565.9226860324754;480.5944658815935;87.25293627942293;287.65549991900247;211.17622913812968;615.0313190243289;715.9906863873226;9.747012436636771;0.40955173215791396;0.5979635127515701;44.63780970070124;0.7088897780339777;106.38211577845449;210.5417636758817;315.80959272381324;5.766420873433759;386.8201109013358;10.127793735856395
234;5;10.261552052712585;643.1763792784035;563.4017248359986;95.8952260348868;312.345838914944;218.07908491136376;555.2257208651438;831.7607613792148;10.216232175025777;0.4054811209638845;0.5917290330108353;43.74617147068312;0.7039926114732452;106.87660025783813;244.6500159234546;298.36366522896617;6.013586396995796;419.47194757355214;14.416415587063424
235;1;15.892827595890457;822.0896585114172;616.0463622589751;86.07105908273401;374.55037672668027;263.2413442190323;605.7831052379327;907.7684348853016;9.045883269387092;0.42450231517358494;0.5746242475525611;41.987173498171366;0.7604825627839277;187.75637969933967;270.31839651825345;279.85255471805266;5.55975708450343;486.26212572746294;19.599261298509983
235;2;15.620997714734495;816.7900343449619;626.4650942757921;95.61258559300302;374.7655667463864;231.90706380675934;644.2738313727973;1093.3797380362555;9.238242638457184;0.42476370313426726;0.5725633495873883;41.7322204985451;0.7459399597728611;243.83692119379538;261.4983717277908;265.03152507094615;5.399912131140582;481.39531922360123;17.88625541403457
235;3;15.83586636351989;790.3334741063197;601.4205131929696;85.71905882944343;351.7520384530582;227.43144677883572;532.350501526045;889.8917877776662;9.121947951045842;0.42061811778636377;0.5771908493991557;42.17522129340459;0.7285614090428217;197.1138915637501;261.2441665506138;270.5370141755425;5.3189226094327235;484.0917891656065;17.99060303171638
235;4;14.993658709329235;780.539073382957;582.947150601866;90.19727548981886;346.68177703112536;221.7710832850643;604.1355221795226;997.6694643245871;9.21152715465286;0.4190255196528715;0.5834875909159686;42.0821525932349;0.7321895489086401;243.71749918557276;261.01214662553934;277.9572600248624;5.377468683175952;482.7964673038613;17.354772123162263
235;5;15.402898393450585;826.4877837453377;614.1625724967014;93.51932278774561;370.87513614052705;220.09915582305482;557.8521160451537;929.1542856294554;9.235633309078983;0.4227375927327038;0.5727911471534511;42.184996814694095;0.7469465537156903;225.9918533508997;268.50101798371526;276.3702079827239;5.43875770933051;488.5981581920921;18.018269697013537
236;1;16.305446855614566;848.0756684514536;715.3337381782649;88.38499714938438;420.0333559825411;194.6751514003328;512.8402356643315;706.121843381395;10.458469858668684;0.4011358621725483;0.6034237312169024;46.34416405358508;0.6676847360548104;136.0466873418713;291.74582790276514;283.38818674757186;5.5176718265076055;657.0949031504358;18.808537090317465
236;2;16.015881426526914;873.7969719881706;705.347804897327;85.62214574985802;430.88398600275747;194.03007722747694;548.2416379730703;673.9545335737913;11.129950489233284;0.4092771765243422;0.5937083548009275;46.658796111966815;0.6872981687388793;140.83900337669814;286.7082170599924;281.41759553220624;5.706930106315538;573.7946325736723;17.725815761358763
236;3;16.266193547480714;873.6622520417237;724.8777661279905;99.0430073908397;435.154420583054;214.32276147906995;593.3258959405916;702.9690296714269;11.10811276398599;0.4078490707156411;0.5933589139093145;46.347645463988;0.6742836780391696;134.38919928159513;291.6749811316701;286.64119903339866;5.73648409816657;663.7408589158035;19.024775281262816
236;4;16.317634081167;858.9681659008656;717.7173233607432;98.99674661891888;418.1732313468372;202.81221491243537;558.1950706581749;715.3004593920762;11.037067886060687;0.4019081751655334;0.5943764300026184;46.27504550863244;0.6815172277494932;129.82971284946547;281.61904493871685;273.3119666261206;5.70263075572153;654.8377110166034;16.525287076728283
236;5;16.749626780244412;861.7780781623939;703.2791076892147;84.87606887210217;408.7541312576814;202.8264531635376;530.4556204629283;710.4857422366761;11.167441977737681;0.4039777671752519;0.596417407618841;46.34297523735388;0.6716712268132902;135.95502939358374;294.74706665939067;271.00903000138146;5.794942871496496;659.2549925445912;19.578082514256387
237;1;12.269426991657998;1011.3112186019497;810.5273042999465;70.51331683856306;500.5211492958477;219.18526435092897;571.7589756668683;782.1840010882886;10.1392095356709;0.4112505305424537;0.5906970649212802;46.07955655154572;0.7025353044345303;119.5051350136274;319.73093289281604;352.427065118389;5.4371853080796;684.1374830191974;12.978765818562897
237;2;12.51314655645468;940.1684137069566;758.7782129122816;94.57615137107916;443.47314173852163;216.98997737029273;679.0277598131216;824.0416992382002;9.696073212281782;0.40895234847218487;0.5905041520162281;44.95206090038139;0.7012656089692731;203.62542586416126;304.2250173044028;331.29641094771654;5.671849275935125;614.1022149168691;15.043254881317802
237;3;13.242669636235876;908.5760443135893;727.2758285242198;94.65704886239456;419.02767500057837;215.28704602162435;560.5495099843586;768.700509452891;10.01331761691058;0.4082241469109588;0.5914140942107039;45.0213344408403;0.6952160126425926;117.25660688148412;296.4432172617516;302.7158050938825;5.558268513458378;605.6848264891892;14.729013947614773
237;4;12.685612278456446;913.6797619721705;724.8889620036066;92.34882022084054;425.38996902248556;218.00151827044127;646.1848782999432;779.3198347951658;9.898259524414893;0.40546125484922046;0.5934317105341325;45.57260807459551;0.6847673024829264;133.43275766687808;300.52078676870246;338.32722704542323;5.592424421292277;607.7452373931302;17.297231940954156
237;5;12.220463178830892;1015.6408738918797;809.6868820238706;104.58118017997899;469.5112319644558;212.450388307741;608.8996208457578;735.3134558679495;10.223496273596647;0.4045279297569829;0.5956801959824334;45.26354947021466;0.6767823125501462;134.86064458471998;322.1796979304756;326.8290697718286;5.46223482859335;675.5083983303526;10.80025635466637
238;1;8.427776401048888;1171.0743656859088;965.5751722612218;77.15674279015447;539.6285628437978;249.59990008453354;598.287151782944;854.4876478396294;10.13706627140158;0.3988963209282618;0.5963257982911137;43.53640638586896;0.677126577901711;151.20422084178452;363.08602795733174;288.734377167987;6.100389658816316;830.7759704193122;18.73402265046065
238;2;8.288417981848163;1219.2638343134752;982.3218455021482;80.28297636805763;558.0334362222626;246.76573965129995;657.1512866842556;978.6484096431024;10.105711159221018;0.38914954652326783;0.6051063821064581;43.32148101654922;0.6612129374270727;188.56454588830178;362.98061329259923;300.92774542156536;5.83581138048804;838.5123993189899;12.776804388493707
238;3;10.021747025398145;1341.6439056434056;1058.0550283647872;78.12883757764651;604.144642779834;218.3354842544309;632.5797308611816;841.2499958565928;10.582013464552306;0.39818348571195733;0.6024351884881858;43.60973240055969;0.6845878862879197;165.3985610316582;387.9370012556615;289.31758213380823;5.966222598687714;971.1785354320731;13.558263006729122
238;4;8.44792652408335;1193.1146872363759;943.1922560515575;80.30023072512974;539.6538419303648;231.50258887484824;634.438800387866;791.5172415153331;10.166717683018717;0.39677755353567745;0.5961490021955106;43.465576873752724;0.6681493015803238;152.8752243659351;366.58977881000146;330.00895862561634;5.92986537595616;833.0617566318579;19.61167313801643
238;5;8.343780210008294;1203.182898591165;951.0345519555829;91.76164361659242;542.0047710061303;212.66632837340038;606.170624488218;862.494321213858;10.137195167478097;0.39959316591507715;0.599791800597915;43.75377582869071;0.6713782388727862;167.88991160044128;360.12386106415147;290.5539424838208;5.9688350724653665;837.7383671243301;18.51817398869975
239;1;9.70435727167254;860.7645045695484;699.6834066393633;82.62477269969537;424.3838615500102;212.9015450659605;634.5321165515967;1002.9120555443963;10.859815890580666;0.3961139116573731;0.6014481928604273;44.94878577624036;0.6640958540447163;187.3404802399159;284.7141147355852;270.0213200613552;5.656669914877816;692.977928732927;20.503583640543773
239;2;10.054249359777991;859.6589891154816;709.4632146904347;81.45217136485412;430.4280644671303;224.88081702035882;671.2572716080666;968.1728951953248;10.82670952255724;0.4043273123117318;0.5947556159074463;45.187989941371804;0.686782273962208;181.112709850223;291.27220457946765;300.3677064684563;5.634540722311637;694.5868449246435;16.797415367049133
239;3;10.242165451278275;858.0524646582819;712.4442255607818;78.30220304249097;421.07256541485737;222.95673671496672;649.6417727409279;980.9267943394158;10.656475931818665;0.38737056146758314;0.6078508958694138;45.33303732620931;0.6528042381873459;178.12843887036155;282.7966282258616;388.4312657554832;5.7586084174546235;693.3292171655722;18.372208792755156
239;4;10.138858377636172;865.7014927789107;713.056010271909;99.47385101167976;431.75572518031714;205.9839081847338;620.1228573266267;730.9245251625958;10.64066906603597;0.4020615221168425;0.5960893714813946;46.1213393133128;0.6831757277975408;142.89575364031884;285.3081818494499;332.1772107951562;5.899063283550175;693.6556350112604;19.804220478305773
239;5;9.996006026458849;872.197589222258;711.4161881472796;102.53701191757455;446.1490531304688;223.86049877394964;676.0960910996941;816.2456278923258;10.634514349341163;0.4021147193868843;0.5999760895083077;45.54618843176107;0.6764537812254885;144.7519563830969;298.7688391719665;366.90350238192343;5.8221679002267015;617.6030429994867;19.29609958529471
240;1;9.990585779564753;1138.4959990377986;923.0045433244105;67.48557342877346;543.1040105508092;214.90429025192202;619.5614627098246;703.9390916617599;9.868131449019083;0.40875549153027996;0.5899299559912888;42.39032501647521;0.6997210265356741;152.95462227189705;339.7436972219863;345.2348763319224;5.691371519208063;744.2527685987916;16.853023406109372
240;2;10.446603480221718;1102.1428656957262;872.8698099563434;70.34848458915123;528.3955043983879;206.83419196235718;523.0113170755784;867.2355967896775;9.825118335986753;0.41313506412752576;0.587246958737166;42.595258988710704;0.6929872706049042;174.02469798955332;333.99131376595324;333.59585998045435;5.797239237154181;736.3947470791707;19.088626591990383
240;3;10.466197156397316;1131.658957556366;900.0710684218393;77.60012583034688;541.5113829882685;228.38278561200684;568.0185709375415;918.5389746615432;9.808364439231601;0.4107188480053884;0.589688590923314;42.61242516825824;0.7059335673070067;185.27638832921062;335.07093062148766;346.21828550081756;5.620375520525261;740.3344402139651;19.152173722140816
240;4;10.288062944258288;1106.8469564261154;895.7952100941922;66.60937316713802;529.062344913131;205.1015789436923;608.7539238628008;707.2736434090895;9.99499503565915;0.4119613342825176;0.5888121248984274;42.48739076367838;0.6850593560493927;149.18135155709527;347.6640616181355;342.0256733325355;5.814518022944912;734.3990858679244;19.38908554318398
240;5;10.82078121142088;1116.413702255382;906.0092344797154;76.02703660654893;536.6793858647079;220.99192366295344;545.710081776982;701.7362240678925;9.810848072285275;0.40890298670254793;0.5914935218752626;42.9714763529623;0.6951581636816755;143.3517343483143;335.05810862526914;300.3072502603838;5.676981932421189;736.8960977078159;18.246110088046155
241;1;10.340056749325889;616.9482855995857;496.764930423851;80.42919865855384;289.4315708878574;199.82773178645434;583.2764812275209;796.3548438963758;9.97151222358073;0.40681560120670057;0.5885361178811511;43.90590125204126;0.6981679558037283;115.76546492809456;235.46899503117373;355.174005140869;5.493554027520971;390.46472009492385;16.663462760912402
241;2;10.087847294351855;623.7670841459889;515.3398752040617;82.38178062956491;299.3773480360585;222.27142142316495;640.4676633797127;724.8027813664498;10.027102346029595;0.4082226803702714;0.5896154993250323;43.67827030364004;0.6777961748881127;123.41098937708438;234.67923826683432;329.372065028962;5.632610193773662;390.72313685915867;19.824958991765506
241;3;10.824241725733817;624.5320589685278;496.43300401021753;73.0245645675919;298.94691040907776;208.9688205311829;576.3718063795706;860.0113040277173;10.193473586286395;0.4008221547433546;0.591189496105514;43.21048214896392;0.696123508557979;145.35345462580426;229.68903732443175;317.82192336670334;5.390275811295323;388.07096421408545;18.939032247137458
241;4;10.689066611794837;621.7465477981331;497.497831886324;85.25446573512637;293.1242184157767;213.61461932623396;637.3214615366636;871.4531680720502;10.021229489512994;0.411833065318086;0.5840693359473894;43.384329048788416;0.6988327364715426;149.77640638350286;230.26923963200144;323.308420696923;5.371038831010781;389.90713274896933;19.34451721816733
241;5;10.826971467312568;573.2247796772072;470.70669006657727;77.78091978953788;276.17025514719046;215.42008317803288;555.8290171081097;861.7730527118744;9.921834732109161;0.40291830784141136;0.5990927961622172;43.835193174937594;0.6864556330654024;164.14184971035985;228.02238669920646;307.50829176207645;5.519674625778955;388.08189741017674;18.511894785537347
242;1;20.32530190437593;1520.3087389640023;1224.3570059737303;94.47422144294849;773.79235268918;214.92387173051398;656.8785272146185;786.3243370189675;9.974179079442383;0.40189124961917844;0.6029263723792841;42.41514829649285;0.70013845207744;202.98965248451904;431.18138434402584;268.60634059440355;5.5051787645950405;1017.3323611153851;20.23711735420091
242;2;20.40915716163012;1483.1364057472279;1179.9940727669957;90.75620945974613;742.5335880123658;220.95414864875923;622.1893659250292;917.2290618670469;10.326450750277997;0.40319337295526875;0.5975852693257319;42.35111870476337;0.6929104571867406;190.5138024249086;439.86429215175195;334.70636893577137;5.539460336829214;1011.8528895380274;18.89905964926426
242;3;20.2125122483072;1572.4044056410914;1267.4211723030621;69.95100950312313;776.7486367062448;206.7803031351815;498.83569495764766;734.772732898041;10.396531952657812;0.4089145659121813;0.5990922129409655;42.454351530196135;0.710650115420502;169.78440204639853;422.75355857195353;299.56123740960436;5.5319066444808405;1022.3700564250762;20.055123151961237
242;4;21.348322440666934;1547.4224185655548;1269.8624103035881;73.36164655750467;773.8009060126665;199.54396213892525;510.93320255706703;729.0137715560045;10.16711019922452;0.40342863982391025;0.5952116610163175;42.556410824046935;0.6997174227793015;158.93425361881114;425.1691307020143;276.0722596067616;5.3935261607242895;1026.9896772280083;18.480332852343974
242;5;20.147202069947156;1538.442298532568;1240.2575658634821;72.15983887707358;761.8395537223957;205.83399820938016;478.5856851152395;736.038008169966;10.090139460981046;0.4059732735063169;0.5924675687372662;42.3700848205543;0.6846629709367477;189.42289394453508;430.7891674456623;261.99506008444854;5.47053871439205;1018.0209136702562;17.288455613631516
243;1;19.987086031562264;1186.906863662112;974.3112355882929;74.44547271200169;573.4990145829039;225.36520013658486;529.930246926767;769.0315409383601;10.27764660390413;0.4077527014766859;0.5866883115829533;45.02102425975727;0.6942063338518552;155.66021763998063;433.85586768757764;265.06498106850387;5.5210406506477945;706.3136763920068;17.54062741799459
243;2;20.101696178576425;1177.4372492292287;941.4150375037196;92.41257105641301;559.4789853836897;210.86041811090408;510.0441120080616;725.7079507452198;10.209318282067764;0.4083516088250332;0.5887387643191183;45.53533453174601;0.6913400038816552;152.28010232450058;424.39779532654853;300.70604500012263;5.552901816370647;729.444720174929;18.966286517565425
243;3;20.28536410145121;1171.3417871007734;943.3724411535972;72.89053920749028;572.3691442822663;218.12173441389453;521.3046481071212;771.8707846958355;10.094639911811363;0.4193785859227054;0.5797740056983425;45.425622218062635;0.7281695239016579;158.28756910663205;416.6115777748346;288.73935895511676;5.538935004775352;709.0665105258145;19.541325490631653
243;4;20.023814937203475;1179.3363011930285;932.8890047797424;76.78500480795448;559.1589699709839;199.58811779721813;495.38138033243746;758.4866069893486;10.485680891385586;0.41537582816787505;0.5782799595997864;45.83789262940293;0.7035210531734646;161.0705090857741;430.31038332660427;216.46148726964276;5.414010341563016;708.0685964047935;21.31694214050401
243;5;19.7609039943525;1177.992035323203;941.0525436705;69.79631340739826;570.1188999919474;210.5356891121184;521.4683396886653;854.7113228659754;10.377287187659944;0.4097193599660819;0.5890508992805092;45.770519506681104;0.6954758565718885;160.56886445259747;450.2094885039434;229.66287883745048;5.535686834472275;717.7022742616285;17.50502285844111
244;1;18.759858976900468;852.9612277448665;691.705021607263;97.02660670550928;410.4808932968819;181.42129096234714;566.026851996689;703.5765384591743;9.876405030828126;0.4115009198576175;0.590837125485313;43.91479414560059;0.6947423920519584;111.79034684127943;300.86276005868854;289.267002240131;5.342804386328409;573.7463795068428;20.029977156980753
244;2;18.698804680466985;838.0209232208377;682.8566616647427;95.04658370446505;392.38229348251065;186.98211414997098;533.9468894850583;643.5228424377369;9.708576171233547;0.4074218058446512;0.5976729390526178;43.562274883045774;0.7062910222512409;96.88319454326482;303.42579295073426;292.14559663770507;5.282001497272521;563.959198194667;18.958804823637916
244;3;18.83994908527178;845.1305370166904;693.7902831143707;96.42735071618505;393.4703716269301;179.69130756472322;625.3120313514238;705.0291245479887;9.596920339048648;0.41527035452678446;0.5886712136673097;43.77757920814408;0.7252869199478654;108.0248091891279;291.38146071661134;211.4688796391613;5.5354261464445225;546.806750121423;15.253364485294297
244;4;18.849933791925825;826.6955271833509;664.383482756246;73.4769882489874;382.9732298532405;196.11028520266456;620.1738605824766;781.070508598644;9.616522090950404;0.41375948198583984;0.5903036366043284;43.57912249206623;0.7052553400733007;144.43938612695933;296.05195002930594;323.05503803241476;5.570783395646345;569.1369036000482;14.631949726065923
244;5;19.33899676361027;875.0562349086292;707.6247418937814;74.10782808642556;414.0279721661862;188.98266747657973;647.7158534302856;888.1095212055573;9.853541209783605;0.4106911797309315;0.5915216657277874;45.1163529559619;0.710990261368035;138.142944339751;297.5577679240822;280.197508157346;5.417278129063382;573.8575646499347;19.068045474266707
245;1;22.24589733599185;602.7548452901402;485.5999749409548;81.40554651242859;286.4453390723129;174.03330244404316;518.2054936624052;603.9345921898187;9.962619612409107;0.41908630182394596;0.5805043630756334;44.76340738195075;0.7070383388767278;111.47550759072806;196.11821309214596;281.3649845701515;5.428610661433939;358.29599708573653;16.680590996734637
245;2;20.412477486425598;557.4651525259459;461.6539536214396;84.04112870519454;265.0248573533242;177.67228286201305;536.1516239216155;560.033986714996;9.623671080621989;0.41112818928774153;0.5874288856254437;45.489093703710296;0.7054417295371596;86.00237290125754;188.22996116799243;285.6016869840096;5.327519410312492;328.7776622922842;19.545447508030378
245;3;20.45580214232775;570.1451858836441;467.84297615308026;87.28103059584211;276.9612071282856;173.28409248306113;504.9011335932602;569.6617727131257;9.73642986236337;0.40488537506843963;0.596061398022748;45.770831033482764;0.6821415947709455;96.0357324247933;193.92929640024968;307.66429372053346;5.430976169776425;340.14163236689177;18.248510225792803
245;4;19.933418392688523;546.8705048841633;454.21944188805713;84.3509746801038;261.19921840275356;182.0824762146187;497.6242963398602;749.1275062640922;9.575842940338582;0.4131973592250176;0.5825514975097171;45.814011167693636;0.7054293357061474;125.56755551050749;190.82671709180187;274.90032761208107;5.341056867667412;330.89769954932353;17.14077135062523
245;5;20.32360730188914;555.4359012378626;447.32496849935507;84.37943168152584;255.75947663448403;165.84741801903573;524.9716494257184;584.0005370375064;9.433693017224483;0.42359519365211473;0.576926014934925;45.41417511913999;0.724456788658555;78.41175329849949;191.48193104978742;278.13946748898303;5.36621421641025;342.0005955619665;15.378926674618217
246;1;14.279182804160646;990.6917308220845;810.9523139092495;78.48005634581577;512.9749764677907;244.21411517084945;560.1994081590519;867.5967863183799;9.637990348979836;0.4142877105831838;0.5813194193329301;42.44785609826658;0.7239552075042255;167.79718793093716;321.61120493729595;229.3374578787524;5.597095760779064;726.6460216659071;16.717102712154542
246;2;15.005869323641425;995.2835772252682;793.5724230450262;77.0387787806907;509.0361576662523;223.16544779073257;511.452397090323;937.1698857943951;9.526165660794533;0.41083312089894103;0.5848643970908678;42.84339578466811;0.7133517389728543;182.27139773207026;323.1179554256997;241.54669529638838;5.616722182864833;723.4513775763841;17.20900184891889
246;3;15.23034105019033;1019.4741542174366;810.3026524018056;72.43515491485435;525.0556241456169;226.5671323212968;549.8237780657222;812.2222282892636;9.508257296899409;0.4137416790017057;0.5770988213651493;43.16077269042472;0.7229073035787204;175.71535095368412;315.60571293744283;260.06367387144826;5.653156466943665;720.1083380584014;18.23486515791849
246;4;15.231470879852397;999.9641360727096;825.954786903621;86.16276010943282;521.4544244754118;260.96232951226006;650.4162014166358;982.3187705753463;9.68751391157949;0.4047735959586165;0.5917173969997044;43.15351453915493;0.7040358799296271;194.0197969191108;320.92488268318596;314.4412141570656;5.8167010108897514;728.438116323454;18.2219716008097
246;5;14.566193976919683;959.2131818226226;781.6223818529029;87.3323074574637;466.6814840468483;225.8862266505322;620.2108680821302;993.7077220555328;9.64846709159328;0.4009653831424987;0.5984049449535729;43.09804630652347;0.6892699953473214;197.79781464827718;318.8615531938885;245.9311491101842;5.685584765090665;725.1432122583927;16.803328558208584
247;1;15.699213003871552;1093.310427187738;870.0172854894846;67.56342205444238;531.7102743899246;221.0111124420035;585.7966448364097;815.9533902154519;10.631374060335647;0.4071824644765468;0.5892177542812103;44.68403106957801;0.6937364339612405;165.03660602136839;328.2913161119556;338.98909513451;5.73662431387765;720.4823717447628;17.41762885891038
247;2;16.721290256824116;1108.5444951674206;875.9422920649022;104.64140958568733;529.2730813836582;217.36795657969398;583.6915689476938;826.6162020056762;10.640897083958828;0.4082894299341337;0.5901137947582181;45.27115459024262;0.693600532863932;179.5037526828725;338.1030954064605;314.10029086482206;5.825760298792273;703.6532703777588;18.939320615852694
247;3;15.965739955620434;1098.7244862529246;874.9207633041805;69.71022920501156;542.0128876576142;210.93862323430028;578.3045038033762;749.4472023871625;10.583049286502362;0.41230043377629905;0.5826927739483768;44.34708384413964;0.6996492630079786;155.8109181124743;330.92228140280764;297.6734302312953;5.5941293532237975;711.6662955933101;15.378806531760617
247;4;15.863981008886599;1134.2218887896054;870.756996168571;70.28147405881084;540.4642693292915;201.62725774066843;563.3095421262672;726.0683717367118;10.599209750763142;0.41298919249539007;0.584965568394851;44.03947822385355;0.6994457491469701;162.93816459551098;331.13946709296664;214.5199683968166;5.625441428495635;705.4165418991953;19.0463794388615
247;5;15.77736113491713;1109.500494243645;849.5005094691609;67.44388415231634;529.9807819645301;219.55700016325684;551.678568820602;736.9002756624184;10.494818604126996;0.41100535791237564;0.5821343902279229;44.388972827737234;0.6923326140941003;152.5619310570213;327.2455104185571;210.05259675491314;5.721826388922099;709.3886904505645;19.441654481025164
248;1;20.64574646763749;494.51856626548494;393.3965855530425;90.29949179353952;230.71143098017032;179.57656387269702;528.7866735957878;614.5001934848999;9.496521925154461;0.41657692970748544;0.5824077823672767;44.504405054066616;0.7114204062026963;92.05696521064212;189.7043485895308;309.85686075657526;5.889327205522883;308.50908653306794;13.805620388603366
248;2;21.488257115028333;488.97232435456516;380.2921421701181;91.48319891598754;228.4212535414483;165.02050889191042;535.5781136512704;635.5334391726182;9.538781145434344;0.4145734034972866;0.5888850194760583;43.70793364557403;0.7117427528058077;93.2068678560359;189.71000427721884;300.79391530709347;5.755767064798648;308.9884197701234;10.456174260756674
248;3;20.59216496235305;533.4568143861732;417.80411220932444;94.20141769092515;247.29209557017543;178.09524082659507;506.69241189812607;659.4191972009814;9.517188825355042;0.41569527048149496;0.5779055981119282;44.17109882900481;0.7025905469895238;93.01310139173198;189.35015074171488;336.33929101032595;5.760847420273081;308.3676904757032;10.923848281914045
248;4;20.379793035578032;499.5943354608882;393.6458322073507;92.83825070613517;233.61354532129081;172.8776451304899;547.5075149993876;621.1191017813334;9.555699672402246;0.4157464935429564;0.5781523509537874;43.87834480002471;0.7091359252943211;100.88742858807515;186.79068925760126;314.739023980677;5.7210724095910965;306.28775935924534;14.322581338184849
248;5;20.813736098870418;518.1647179523593;400.4082076828304;95.249049702028;243.1094830799764;174.7925740814045;593.0092330011063;688.7880303382959;9.5251270881256;0.41187201874905555;0.5866083331902043;44.25711630325666;0.7127696121245394;94.58841535185758;185.8247298574978;270.15643501055865;5.86580119020474;315.12532980726036;15.010509730601028
249;1;20.336210680085966;830.4062368499426;658.4745192294765;81.33956801757357;391.6848912102946;193.21569358453758;525.7034797083188;822.4341164810534;9.632651757605206;0.41568911085852384;0.5852417393485914;43.70893869052709;0.7091252455972349;135.142231675779;290.35799608741405;233.57764883117196;5.37508230353863;499.35741349994584;19.111123843752893
249;2;20.205360449224514;830.1262773975907;662.4328083029473;67.87732275388247;370.75455625302476;197.895632389214;515.3055082508737;678.5124735738785;9.6773819256522;0.4117073332440275;0.5886670192482472;44.13828711659517;0.7087224667583684;110.09310895091097;292.194351797314;253.98307008502428;5.25983532976122;489.68231209726963;10.87407982039938
249;3;20.49927432790166;836.6015281191275;680.1171384701817;82.62415305781298;400.0233414942198;199.71101841467896;529.8022861201935;844.5210029323994;9.61957918439329;0.4196462721986605;0.5791026935346093;43.98787124791949;0.72387000424883;153.39962328768215;287.5657414457382;370.28350375180827;5.177568457696889;504.63609649790055;19.033418180161625
249;4;20.397004189158277;843.0677019740896;674.9587771035212;75.68415022555638;397.727986737194;193.18951507535198;559.6658951478158;719.0022116545764;9.503014127694287;0.41944149622521504;0.5782177356791389;44.387271622612865;0.7132744710791756;109.33624480538434;295.18549243864186;352.2516592642339;5.235745835974452;490.2206382003952;16.193688933451625
249;5;21.072157594166782;835.6082459924619;688.5778177287971;90.69421995488173;399.63269618277144;196.63640973940093;539.2065005270016;810.7902025064451;9.568413908967708;0.4204058187324098;0.5787807159705888;44.56815686155193;0.72429152445175;132.00246065064823;296.3833257484416;335.75320359891424;5.30375976662118;498.9717929606372;20.437531262635705
250;1;22.748572185484853;736.5295296965726;603.908926938054;77.25044823918542;335.28011608844594;219.27435191929817;526.5278743894823;949.4908759702405;9.395674351934185;0.4129542376105581;0.5794095980928687;47.79652857757741;0.7161162193435096;164.8449897818;245.8775155780262;313.8423609246241;5.916116773467709;562.6889780549467;15.189164250675594
250;2;22.922916539722223;677.6379611954613;576.4051302869943;109.64065684208104;327.212934501383;206.93962048423032;654.1153358060103;880.1374118646729;9.464407995798007;0.4160088341791536;0.5839122822733476;47.82289610779493;0.7107066698178586;152.3942232208057;243.70275843335352;304.6198333308054;5.926832603038722;496.35030328437176;11.959754814301917
250;3;23.174693765453927;715.3068515422319;614.1404759189774;90.98175768529569;339.71812675688426;225.72786697367764;592.103807767089;939.4167400756361;9.510429773039878;0.41017019875247424;0.589474310529432;47.7824727402022;0.6856768787195457;163.52945224828218;246.73061909201962;335.1733463519146;5.765861228433519;545.1085365662881;15.10700760477805
250;4;24.369998331025144;808.6652636551352;659.012200292814;80.51883253089768;371.75395326089694;236.9209081306471;558.5057317560153;884.8283102184375;9.889065925089907;0.4137627666332711;0.5914887246253501;47.05051548546593;0.7079938012801574;129.6879548183374;260.6253885693715;303.274594735268;6.092368569847818;562.9544859488276;15.248902600291151
250;5;23.727077477319188;803.4306134985255;668.2058841730592;83.81190901757456;396.20150684202537;208.6013598351684;606.0458133179304;865.6764269336975;9.49385024951316;0.4088471787339798;0.5899669196897591;46.42360362144882;0.7024371789523955;144.47543395287093;249.74781096417493;321.33380918962627;6.025301729131083;551.9504853569097;13.985129244167938
251;1;23.1561074639461;739.3585184041134;623.184792661068;94.25360327921089;343.02101887361687;216.02971886620884;531.5005512349267;811.3441867781028;9.404180648697904;0.4169888608016975;0.5833608053460412;47.54518100235871;0.7070903401001079;148.1325563633081;247.44966421728427;336.3316646743631;5.858050622922646;562.3072101384167;18.257485746505786
251;2;22.98434099817143;771.2426492628754;627.6216917307461;100.57507111986446;368.7706622646487;191.1196728220552;599.5420345290363;737.7406083835622;9.755128233326525;0.41650601783738705;0.5841401567519434;46.80084146659735;0.7172999739113951;131.8731207597452;248.50889748968245;346.7409285517899;5.840392482342094;553.9091394072917;15.52701891230234
251;3;22.79707499498751;759.5948152189761;625.8206373138369;113.0625869623566;362.31456022196306;206.81762710074742;563.8637746960951;886.6272704525874;9.513009143059854;0.4168080142591402;0.586523634870335;47.487382479092375;0.717360227023604;157.2222222541281;245.54544957117042;297.18766892043743;5.752870124747161;549.14249070723;17.33269952028036
251;4;24.1982722656522;730.4729022863206;617.7031042105523;81.08813114304034;344.7039762520744;237.96117935480842;633.5939567306523;952.9290177856586;9.81571353765668;0.4110969152041737;0.587842828377416;46.847740425708444;0.7186006967386309;154.42021150579782;245.78757642665965;351.13465407179456;5.875926045562146;556.4997559296162;14.598246650258355
251;5;23.488495825029585;735.9603451622177;601.4954794418978;97.76933368653319;326.1760439500514;225.18126567552264;522.2576191415922;764.0829101013499;9.485522875088762;0.4096960422276227;0.5882645095840413;47.65887418261363;0.6937000672555415;136.86375744476862;241.23409236867155;303.9437769449588;5.916128929639185;555.7212005824064;13.646246230314121
252;1;21.8374903565533;847.7832067445296;710.7228499791319;98.60593995094922;406.2667068137286;180.51449066432298;584.4473849000142;671.90191497246;10.194084141919191;0.40831675550297625;0.5909584736825239;48.065416786053454;0.6909071012560457;115.06381941908543;274.72484534906476;288.83611794156906;5.583006623572694;564.613528330171;18.232055244627293
252;2;22.258089317408754;839.4857740475416;704.9473719510355;89.1256747421241;405.7868459304434;198.26167927068104;561.2808986961901;896.232392418676;10.297644032090535;0.40922521757303915;0.5936737489315796;47.96280332367542;0.7001576979809593;148.62531997094098;270.47836404206527;293.867971561239;5.506798996071703;565.0193816760718;16.94825726286725
252;3;21.873164252208998;833.6229266762593;708.2348646448493;109.43925167954927;401.60545048265254;181.02414245109048;566.1899510092987;656.3378387306399;10.204169645249715;0.4085090971264848;0.5911421271609425;47.94425954916563;0.6998890567555329;96.2343061684017;269.16076228524236;309.9039277431828;5.527055784455991;565.3077719844309;14.049569606588829
252;4;22.294523190621895;851.7566571165855;722.9918333196342;106.63545892343465;415.6350883054311;192.19367937907165;522.3503108937206;686.0991144447876;10.742212895729756;0.41254125162357463;0.5848733723624977;48.329673201137005;0.707661281515114;117.34488884147446;277.56473337560476;315.1159254648245;5.7587769000030455;562.6342706076093;17.80500509482623
252;5;22.66234553048069;824.4005384961608;692.0528288278811;71.63998602850147;405.8218111826259;180.87453450870714;500.31572304693736;694.0863263584986;10.879334151386045;0.40759451800985946;0.5926301548918285;48.12444511172467;0.7075411378623747;112.47536808289813;278.5090136331035;273.4011230377791;5.600929203781589;558.0939851695729;17.85547232184303
253;1;22.367239155915104;942.4164734885584;741.2088386033336;88.1821682301106;431.090785522989;221.19237576305042;556.3747520906905;925.943252130557;10.046478251952148;0.4072873283439346;0.5885269350634457;43.253034152294596;0.6923666436022647;157.11859909794472;309.3471947738154;335.1845216574229;5.775292307779827;694.4556622032304;19.682427998708082
253;2;22.12492628759717;958.0045428147988;732.6264726407708;96.79441125553245;438.18515922311576;241.58813844892347;620.7479632361459;882.2176896878522;10.047404738621944;0.40891653254058763;0.5874476598051775;43.73329429441822;0.6939762605259642;146.43800417285675;303.00957679724155;387.51299277878667;5.71538278386357;700.1981812960855;14.582559333520164
253;3;22.558140151625363;994.382320583932;777.1942157322467;83.23199923613319;447.43866232867293;228.52823622233927;591.3952166576097;971.9679838456045;9.959613618771312;0.4019533618384768;0.5974945954358032;43.9631853628316;0.6755995032875756;188.49469724382104;313.17396744614774;350.9988533947234;5.691327013093522;694.2328169393805;21.62867931001635
253;4;22.03941002628181;967.0339008829961;745.5881155348121;81.7936589723088;443.8193519284592;240.36288826738092;533.7272956905982;906.1353500549308;9.944700703755387;0.40555704185403035;0.5960718063535935;43.66531598075154;0.6775746508426755;159.44264634766662;304.53015057594223;313.5133863494386;5.73644426421146;661.4763761579867;19.079113225281958
253;5;21.927364569344423;913.6557072640647;736.2846846389781;104.6354319220511;436.4045260302035;242.14999759988723;537.2029113359606;859.6184433293312;10.085459361918739;0.4090677718055529;0.5949035196487852;43.66606209275958;0.6965683592394882;151.9828473524003;304.1134498812519;280.08102775725735;5.648564764438688;674.5811600151853;19.184814818983547
254;1;23.36555160819718;782.9916105036716;637.1919713076207;77.23438195641671;379.329828004671;218.36958979276392;529.2588820459663;683.2079896023374;10.107978579892453;0.41444354950677076;0.5901049707800676;44.9853015804267;0.7131715356119672;118.61941049424989;277.9068492664309;311.19085558377225;5.455301863696491;498.27568155510403;15.568661612333441
254;2;23.694504117571444;739.6567733846655;604.1308283805874;72.05030155038692;358.07775583724043;180.5187027448796;515.810253881428;779.2741099183563;10.376286943357968;0.41708745710784006;0.5849536339674744;45.35523785377059;0.7164650922683579;147.58571612401394;276.19320814598797;270.1631829940946;5.463613057748727;497.30489310998047;17.459478607785694
254;3;23.720105971968877;740.6020712946599;615.4067704372827;87.5955892441843;352.5078977548491;206.17140745205037;566.270766843502;681.9409901573551;10.42385064137302;0.4172947897089186;0.5835670753945638;45.193149318756376;0.7083486648614578;108.4730929742077;278.9158739930349;279.3330651192161;5.5454176711521725;497.4625599464555;14.130812723005892
254;4;24.052584379360795;782.0118036701459;623.2482309500966;100.01031476768263;369.09885713813776;190.4693786721797;507.0299141659291;726.9542029301493;10.158819008467642;0.41363896023139657;0.5916718268557986;45.30616582597004;0.715244014842574;122.44179919992355;275.4441707556811;285.6143160881852;5.656347480229738;499.67967023414695;17.64220903948127
254;5;23.870549631128647;741.434933422725;596.1684075212162;108.64452301004444;349.65493524216487;199.94846473545977;496.4808381449381;707.3809145316632;10.399571932840338;0.4171121404152064;0.5862276519747845;45.284528852863616;0.7038240346060356;101.16102324354803;277.9923480063007;287.46905085261085;5.567063113719049;522.2422534801893;18.42787389176224
255;1;23.557346389111288;504.3877666577026;413.298710272097;81.9235560127015;250.3658388432822;175.1675947100667;464.8800366322201;582.9635797969366;10.004906509643513;0.41385594664510017;0.5886942736922165;47.86611866688052;0.7023174603004201;78.18723362326212;197.26959447793053;259.8206510126891;5.410520618523967;319.6701997912528;17.673517756377958
255;2;23.67846194449729;508.64295988950977;414.8425594796105;102.15599633201757;246.2128983159777;184.36419898158445;524.2033324471776;632.2860780184295;10.017005755012718;0.410314758114275;0.5881182467303835;47.71107999694514;0.7013361434887906;97.83635352461324;191.87430100646532;283.73632134479726;5.491963560995998;318.65227718250753;18.270552050965733
255;3;23.27003857888241;513.9837005523043;426.27678747786865;106.61643784350082;251.4365859522635;178.64202519011872;478.75023884969096;535.2822176558577;9.883906389484855;0.4144416625625665;0.5862547087379911;47.46394749988738;0.7032564136241003;79.39807527823466;193.20057491617678;277.025877371663;5.634623860472596;320.25406590360484;18.496009335707175
255;4;23.681530915029168;493.4149686715108;412.375513843506;107.49392835171562;240.99345755734214;160.3878800028029;500.77109501206223;616.6311218689634;10.140878095693303;0.41775421504077104;0.5815065174342878;47.645285857109876;0.714380883626883;91.98159388483394;197.2270655220342;244.0349320130796;5.490470968558765;317.9774783479533;17.25576647403124
255;5;23.644919085936635;496.5371975735462;416.47153162748987;94.84559940362479;240.6611155720631;171.5175831782585;519.2992348569157;734.6466070088229;9.905777594939105;0.41274217310157973;0.5894156732714227;47.68979097014364;0.7032047633823395;100.7592019923775;195.68409592058003;246.11039143530022;5.409122278559897;327.35199732620714;17.109143240491296
256;1;15.220659455774264;819.9588375156249;667.3112058039437;109.6132387014179;396.8516214558071;220.60175027321972;523.558890761873;840.0917914857341;10.204792909690779;0.4089360445221179;0.589722925659894;43.39926492760599;0.696051690802059;173.66918856405928;273.3600792898697;276.8136675387229;5.340232016271978;569.638752305445;15.409700430574315
256;2;15.736565472252451;825.5939244522461;679.7470229443197;85.16047587896777;401.77879558542935;200.18263581889997;651.8914609716078;758.6677294895261;10.105346068909975;0.4104288819412101;0.5879943225159787;43.17383439392396;0.6945607751329274;158.07699009624173;286.19504040248256;293.4747726060762;5.617831199118918;570.3473518142656;12.37057598639213
256;3;15.527332467836125;823.1055865620214;676.6759931688325;122.96397565072994;397.5050121007949;192.29176075387403;494.37337764256085;668.249798707174;10.291190379579666;0.40740395578048466;0.5936580019250802;43.43652766793444;0.7080346272610185;148.97564143368098;279.6870005953972;273.84413604055675;5.6261931869250725;571.4996281594653;14.005217736515434
256;4;15.281738954744696;820.2441024266146;665.0264314003932;95.64416628180288;396.2432440179034;211.17566011367018;562.6568706450428;767.7125325153013;10.22599237363065;0.4096443192251086;0.5892921461077232;44.13050781206961;0.7042662194727332;153.74680683242747;275.5696089390931;278.53613609731195;5.583405735126763;571.2737058021528;16.33904473856654
256;5;15.205705074235931;796.3079722231747;648.1926807916531;94.4069452830491;382.7091089172529;217.4646033567333;527.2542692299987;802.7901903181772;10.05439801731733;0.406462495768733;0.5875553561727026;43.673288737146784;0.6938857011887145;158.15084659483298;280.6047598264047;305.61758438236603;5.477077699257024;571.27965152765;15.777141859297577
257;1;17.883427687172592;885.006363381217;745.5866147392247;108.85096103402395;432.4724152086665;211.5987886767976;555.5229512360715;822.2650774607047;9.594343027497459;0.4159718458586388;0.5823832682752095;46.14422356135586;0.7143559933314008;142.46963505335623;295.6701247736467;368.8712524045813;5.342062318782808;592.6980826673622;13.688649401017138
257;2;17.658419589295313;868.7284004608257;719.4176658905008;118.92515326501214;413.25872095564904;203.1096050742254;581.9548896877967;918.230374862902;9.65296661771499;0.41355722043580667;0.5829401866910808;46.17812978837508;0.7087187966981628;158.62589586871533;297.3456204141236;299.71979071989296;5.502047741407256;583.3325608868294;17.509678192044436
257;3;18.308017867597137;889.4743575090249;740.4161352551948;88.46912630026952;428.48551067154943;199.5039926264151;521.6171137305129;664.8077976903354;9.620272768964872;0.41642564201885496;0.5822113405212724;45.89344491831599;0.7140316830010967;113.96857177129229;299.7271062993278;302.8559197661143;5.393625014978349;594.8612035847142;17.43016165016718
257;4;18.053314579333804;888.0179372506102;734.4616304344028;69.50119786183133;428.5904581559579;192.95530513433982;543.0213189179481;674.6809872688182;9.806494718817548;0.4122237915791653;0.5831222285040104;45.81471335270519;0.7104209021981583;125.3435135762034;294.49837241091;307.59396653706784;5.456892102287576;595.1536708783912;17.376028628555567
257;5;18.223974535344055;878.7023820954872;732.7082096418355;108.37489588651765;426.3763664135674;216.08491387203742;558.9528516419615;770.9633070803108;9.852549569901743;0.4133507397438915;0.5816195052931475;46.38803674781283;0.7079053281666918;113.86452595265398;296.16456514969747;313.790634328178;5.581599788790088;597.4134065461279;13.280963682437134
258;1;17.714075459234834;995.9328689518765;794.126606811994;72.37762541507749;503.07146090518836;212.5459947202974;536.398159230378;736.0970206758174;9.197712584835008;0.4162629867416897;0.5826522337629026;42.13446212324497;0.7107814563883411;159.26402254332584;300.9567574558515;316.8163526849043;5.550300791634855;702.9993520891871;14.757487015151213
258;2;17.695110365265847;976.408506383119;761.6002286858919;90.86642382649572;453.72091142989376;183.6174810864285;528.928042881776;646.7277781741902;9.324485156015433;0.4137059019206456;0.5828631024664016;42.3716944558447;0.7044377022924728;139.21585469499874;305.3336433511671;278.248745497585;5.276169859279487;704.0192900053905;15.320880311805025
258;3;17.512815349210385;1002.5729156144821;773.9317207256142;96.92373287150447;481.08933018177584;176.564579562325;610.703306106804;803.2228103346434;9.232060040953312;0.41215904279665866;0.5878156297201879;42.11417778246382;0.7120269108052419;169.18126981595879;309.44040408360087;301.4605424057899;5.548776985085433;702.5919212479051;17.708871183107362
258;4;16.702055811377303;1080.5188204382544;824.1043217945903;80.06406328346556;507.9780534262904;193.03506892084306;626.0414895771223;730.4552363541234;9.428991881057705;0.41498352865312854;0.5830259556716566;43.32526662035416;0.7030267261945441;153.6514653141684;332.1816242443902;312.7389326605285;5.904830335007924;719.6809745665596;14.357753078252262
258;5;17.71844057791356;987.5797638223728;780.4732689192851;80.96310465817663;469.576928801435;197.97519210200323;510.52649153655364;797.4353364660351;9.37008479914627;0.4123554979125503;0.584358491134251;42.112371813326355;0.6987195760366481;150.55514726286538;302.6138173153638;267.5464830701039;5.524436712661282;698.2208148112577;15.274228047210096
258;6;15.683879174722922;1105.603717365216;846.5323616806339;74.38014146649579;502.6177717172439;199.37097069322706;580.5225163987766;739.4006091740719;9.58998764091939;0.41620905753892984;0.5874146201428551;43.70509747622103;0.7344539426093708;158.63614382444652;336.035947847427;285.2771497240138;5.7715044555020825;710.5752527339541;13.652245864940122
259;1;25.197792749379236;1090.8739165583427;845.6184286511758;82.65312167366586;493.5904604274636;220.4642481033889;577.999749864158;707.8485801956782;10.273703772999163;0.42108167100683663;0.5803664914990199;46.38504736334779;0.7244332823073943;151.67201828795166;343.4332847126601;280.59817057706954;5.841300582286859;721.0902038476817;15.230989339665099
259;2;25.00731936276744;1107.2306432937605;849.4578918940174;72.09181919098086;504.4859360068437;209.0082817673055;513.5879261925897;762.5049218077343;10.194886583883184;0.41851213773105816;0.5854962904925536;46.373409351513004;0.7120936871456415;155.8084888578254;339.9915632848181;271.9916592593563;5.598307762052555;729.9376052995616;17.846551233891486
259;3;25.48553844000968;1101.1726902842142;840.5804629507355;82.38845925395879;501.2709986494178;210.95142726655197;512.3721291731771;940.0734583915183;10.397633532647314;0.4192953977108603;0.5781180984715641;46.861878949939964;0.7143107363570342;190.50673655591024;339.561341441173;280.39238250647713;5.877608351683082;721.8598855597015;15.026449670663045
259;4;24.714863412493628;1096.5788960310952;850.2138116610683;67.25396005457789;497.3841443020373;219.49275338154806;552.1910112724577;776.8446896205616;10.37162285701187;0.41397064308115666;0.581373774388574;47.03334302101391;0.7087519433236423;178.08993901949754;342.9740343944739;291.3673789587613;5.5862364330134096;725.0028631312817;13.459072543779024
259;5;25.478335656124976;1061.197705551503;821.3091850058782;88.50074194005646;492.7233566675987;215.38481900774156;574.8358264740132;838.6897608319109;10.517642810144075;0.4201186484897964;0.5806300036585609;45.81919331197676;0.7118485102750249;159.076289439017;340.95541539645944;329.73685887642154;5.673768471889363;719.642761270354;16.545136849186736
260;1;18.70866506838116;1291.283746849399;1074.1239532496884;71.65840942888336;600.0635352005095;253.51637307714424;635.6139668306198;883.1487053308925;10.192361852638477;0.4108030972154605;0.5847427921936202;43.025841637030524;0.7047188373430225;168.19525796911117;386.682341491001;274.95095139396136;5.7901649778928395;885.547089586562;20.445037837560992
260;2;18.90007452807126;1270.517529447692;1040.2262447191856;69.1968134484123;581.9590607747813;211.5454799099212;597.2429105449933;974.2967582796964;10.197308970565087;0.4138359474809136;0.582625548836079;42.851647904578314;0.6994271237357846;181.65346066239618;397.45259613251403;246.41046584053427;5.669051159828019;872.9136843401608;16.3354747055708
260;3;19.148203932147805;1327.2151930494529;1087.7295286597957;92.45772097141564;616.6883759136292;193.35534692566324;617.8248860469532;825.51760684609;9.990136100917203;0.4125704550271832;0.5827082226650524;43.1871477498505;0.701353541387819;159.19895264564784;384.0254402168955;286.92282615516893;5.711430137179563;883.6233865510309;19.09182125228618
260;4;18.932266584324665;1255.2804651876404;1016.8152023672624;90.39720662004473;573.0479945296046;197.81763711403295;528.1411952023468;758.592499261641;10.120226343957073;0.40705665572663746;0.5902222588368309;42.84641911389801;0.6935723227939303;150.58838478699704;392.73888665573037;278.1191105090141;5.840631572892379;872.5397771079965;19.18775696544569
260;5;19.37030605795248;1275.019430496142;1031.798131010592;88.8726571585251;573.3144828908231;210.74880719713212;625.9944731537842;1001.0019043985142;10.175968805687706;0.41188476703634375;0.5850548496135625;43.104010026003834;0.696922218372747;202.44469380579474;396.74027130263704;370.2372407050385;5.698631506004181;872.7396905342789;19.334398876506725
261;2;23.741872791909604;608.4047452154344;490.62755160659697;104.19435618622572;277.7542409544967;198.10811163280576;535.1376218316944;721.7300502760238;9.194140362933698;0.41795600771155533;0.57980456229172;43.082012255351074;0.7263860301629849;105.98881779368914;207.44908655793893;290.4058761597099;5.697710861660356;372.4882115105103;13.265520490705573
261;3;23.72316997826381;594.1546651084598;461.4237781061184;97.84178221714203;272.39225691447575;221.27778590067683;548.2994212862069;731.6375876583338;9.122374686728989;0.4070939727102777;0.5923349515570684;43.65027880231237;0.7006788563159989;98.67747752372208;210.42873343621872;278.06949621754245;5.85965675717888;371.6808552460598;18.518197267936966
261;4;24.1219723931583;610.2084980443539;500.2721438231878;89.93273529545102;298.3079819620458;201.85178862504029;528.2339857569391;725.2327116709057;9.226488782211822;0.4059519100641196;0.5934177831577251;43.80972545173681;0.7058326147052023;119.29789137340707;214.22787226159392;245.12306534057666;5.7923346503370245;372.1167726698352;16.433580916505544
261;5;24.777368659409568;614.418267699576;492.4819672848525;94.11190920159444;301.33122841914553;184.75249515234424;526.8130242844679;703.8795556721344;9.283569802375926;0.41286771299487424;0.5902352535328462;45.32764525516151;0.7163463261426856;98.01202261934975;217.74945604385616;276.78629468816666;5.586534252521229;383.8792415116742;13.207001152172289
262;1;12.300144004563792;837.8237130627524;704.6601876712439;83.91555840573236;416.9087524308336;196.98875916411157;591.7715516263515;713.7915217963517;10.16724258572072;0.41564839296700945;0.5822505392385391;47.90089408748804;0.7144064765225182;136.71539474438964;256.0624773208691;343.4857241906491;5.442753182027231;553.9212285200108;10.094377023093273
262;2;12.104500847649765;837.0550343553683;709.7532839032759;117.7322086074116;415.95404359742986;200.32965446045893;534.9348958463703;912.6193202855741;10.181158386540966;0.4142847328097338;0.5838379512883674;47.73208821234202;0.7097782796904264;160.5393205844806;257.1661248736788;332.122296806808;5.508659847854244;556.6884949110203;16.141532161770034
262;3;12.156226341741872;838.5107284341016;707.9511690437425;97.27333153160961;418.39496266425664;199.42181612392326;590.1574241879994;838.9833844876174;9.940715143021961;0.41620696752119785;0.579028204701383;47.6643139723247;0.7005718019500038;142.6215100711823;259.78004919097276;368.66608640153464;5.521619100834772;553.7141601582637;18.515023410081426
262;4;12.2533277978544;843.636208194348;713.3370601618984;105.44276369740068;421.2265227689811;195.42933615694406;566.0128952734653;843.897369548433;10.140687548894936;0.41313808531397783;0.585461076693154;47.457606726640044;0.7074989101138546;138.07467842075624;262.65738182432455;324.12073826409636;5.574360945623762;557.1130227558457;15.876897733354477
262;5;12.043667430995232;835.1150096380464;704.3766480228762;103.88827233843776;410.92924453170406;194.84207133901944;585.0985998546947;670.5949408945031;10.069420797570215;0.4087394691730106;0.5896318209522065;47.760265176567046;0.6997411338344289;107.22855059234928;260.02384314392833;349.6160530934611;5.577301888550994;559.1555632184668;15.895761383517268
263;1;23.94365545568586;1091.237747871538;834.6163855985658;89.83951201908874;517.4693259772985;212.89891758873827;539.2745310705895;779.5309842401444;11.158849225285875;0.4090103828386756;0.5898000243611093;45.288877248792666;0.6926878384365649;163.73684268035808;354.6387772576909;301.096152607838;5.593318616554081;684.3423450463914;17.705527040893198
263;2;23.980662161028675;1068.1512354122394;813.7022663542431;136.90033760007427;515.6959476406662;200.9920285854298;574.7552132497763;711.9007514462533;11.104917567121904;0.41247868648218516;0.5847792727870459;45.38903433495806;0.7061600188450664;146.40414010556046;354.5421396740751;336.96527064416733;5.5487475043292855;682.464764076512;13.693193286748501
263;3;24.085076137685913;1050.7585956633663;822.4323045082041;100.31496577522246;504.28975519959914;229.3411790890054;536.2786141143257;876.489596915977;11.135348672000447;0.40575241899317305;0.5919257807863484;45.65035780433786;0.7000411532513233;170.4535597801328;362.47735096438845;301.2771885634512;5.763770988377954;672.138698475204;18.68171330289439
263;4;24.25594853180542;1066.6082455167732;816.3109784670829;108.51226551514597;512.1842870676608;220.74311808665118;560.5753796580232;715.639301951921;11.143958148968935;0.40768435227618416;0.5918399551680996;45.831823219556874;0.699331722336207;151.48016242003757;359.0860294511877;341.45711424597584;5.666898861690873;680.9918412305783;16.044378155491255
263;5;25.17238819790069;1110.6498171248331;852.3375996555852;66.40461987113416;526.5617998157243;213.48613046847797;629.2681644658153;845.7286557638621;10.967988300030928;0.4087435902775126;0.5908402206432981;44.68442071199733;0.6909065593762712;161.4076596124806;373.2462722211333;330.7875255065204;5.651741885955233;676.8987081650297;15.53020952753525
264;1;13.762021697785048;837.0280660432139;684.378482113369;83.21468353372646;394.56967541178466;241.86674007521603;578.9698491618205;972.6093318345976;9.57289379219237;0.4107589987065375;0.5886042109150295;47.070925900403296;0.7058392334928694;137.3651742414346;289.8557159579221;301.18969106564276;5.57554693780956;604.0252301772701;14.153038670030837
264;2;13.639366122521464;834.9314787947101;689.8789554500603;93.37215126003906;402.33217896548285;249.60541207553194;690.5013307494661;952.9075182468326;9.629080340876955;0.41167476446705;0.5864636366628071;47.46543388978865;0.7033767996405519;137.07852562387527;289.7769966081753;298.76014479163206;5.76559439799228;613.8355926480583;11.922539616384988
264;3;13.683820800729862;825.4213818277742;677.7385992792957;98.09916962498818;394.96892308806065;233.56655174573282;522.8448159329391;789.175974133844;9.60128160989898;0.40884667982961903;0.587143862162664;46.77575239451597;0.7014101992735985;114.81120817178305;293.81882555474516;307.3725990383878;5.810884574427609;615.4306414538572;17.149383786178955
264;4;14.04548325288276;840.075300402271;688.3665819779224;97.22025990249618;398.8494994708746;249.76826362616296;538.852372820938;836.8082397716456;9.596008335548374;0.40940930966033723;0.5876982997985956;47.16244471983526;0.6919374437221697;121.9008156772654;294.3222675283309;294.82180591126223;5.754313994736055;598.6390138897776;14.174356516231422
264;5;13.719290697625489;837.1678519617233;695.3922700713438;75.47027905755994;402.1990326356066;229.70545228626003;527.0282274811589;945.5348696070255;9.535527056146758;0.40980127310663733;0.5912746183785904;47.46352279810169;0.6986472949504227;153.9715015284241;294.22976666508976;308.46484040791256;5.784206461331683;591.8434829813908;14.955463360184337
265;1;14.473101422252295;844.6653873143193;706.2054765782914;91.83056649393049;413.1846452317161;216.10893039388156;580.9207347473729;836.7735992499688;9.891948434652244;0.40890859510421346;0.5845038719854112;44.329732916894436;0.6982354692550284;127.98343436344953;290.8443401088753;302.5038269415503;5.248163050969393;558.4431825729847;18.02628608867466
265;2;14.565210335280007;847.1006991732638;713.2299225444291;80.60989152376607;410.41840870689845;212.41904039234277;556.5861503288544;726.0187356766069;10.020152922570224;0.4114606079167756;0.5832828012272758;44.34132992095962;0.6960400715464645;128.78179719125936;283.4370265342571;282.57969431629556;5.258324364125834;555.9513160537579;18.718831523775137
265;3;14.207002941562171;841.8743477556964;705.3160236669518;79.33951028583412;413.14740826230263;228.74041333071568;629.5705119962695;866.5686932554138;9.983409622445189;0.41279661598942197;0.5828133427345674;44.17194946624168;0.6972684862438069;159.52596180539024;283.0453464259632;346.97253702513785;5.193818827969812;564.0061272152944;17.195361514715636
265;4;14.518813804368726;842.2288456299768;688.3565959751453;108.15668071911934;410.052255166313;202.82039735840803;627.5566197669556;810.1808461500176;9.879967245081636;0.40730154065075624;0.5898262722726286;44.09938280278295;0.6782767356053244;125.36674054881755;283.1184978196681;292.3264843325546;5.331704015564761;562.6755479765651;11.348924362762792
265;5;14.69683167935872;845.3717253148906;718.7903704703073;92.31674710724539;416.33050127600154;221.5864529547233;568.313345667458;782.0710893815029;9.900565519144973;0.4114398982787792;0.5840337367260476;44.25909123893287;0.7046653955232967;126.09989909091838;290.2249231374382;245.11982657139646;5.261138662751701;563.3348097936134;13.890459561841887
266;1;22.088897993623345;1014.9595568984246;782.0654218387738;74.37486788613384;430.86639951739716;221.74800277300412;526.5450011079056;839.741950234135;10.110318537674003;0.41896659331529257;0.582264557516739;43.36315081297179;0.7153723646425467;163.7456905866189;383.6615001679287;389.0583016142443;5.475153298946376;603.652398312558;23.48301025918054
266;2;22.870265292048305;1079.871289892358;870.0015773681822;92.40502708013342;494.92300393414433;223.6512129709886;544.485477821348;803.1151196844866;10.210729666857162;0.4132590426150217;0.588565707976936;43.489031469605564;0.7043453990438543;186.5328297490175;393.252586733204;266.39984723346174;5.389278810446399;721.3620757987819;18.366483910873395
266;3;22.855009144686328;1133.268631355655;911.6217792895598;98.98137569354677;530.2049055904683;224.6437667518523;522.9937530768731;858.5149031306797;10.114914958513737;0.4132082077611573;0.5846030605152919;43.36493217815674;0.7158788480131288;183.92452411307545;393.3469708444645;291.6785528304964;5.57500647798377;737.9497915161666;19.99386993931488
266;4;23.29249592991363;1115.8830570565412;904.312633908699;79.03589681572123;521.9733108336603;218.03579286133478;547.1508110413918;782.6049157718772;10.184961626384283;0.42118386738358604;0.5891817722553572;43.448831631642925;0.7263021677853407;185.41197802936105;385.77721385749186;280.10867551446603;5.512393794785657;736.2541949033331;19.379445122034394
266;5;22.864914653075306;1151.7026729236022;928.5029189501045;93.81345100607143;543.4121510965484;204.81299001836996;558.0307706502864;740.8033603173634;10.0771106192328;0.42080652392523415;0.5868310747390538;43.34626622922874;0.7083408231679666;178.24258363695836;387.69870674152827;369.5132248530028;5.362627926423202;739.2161766916529;15.297594865056277
267;1;12.859720491308181;877.9318460218059;735.9892668804567;103.9602875001997;416.98309835926403;246.07575733873148;599.4778910742992;929.1984889599411;10.670940742985824;0.40715014293075297;0.594830711645811;47.45951866844337;0.7000155853996622;167.25891814405284;290.54112608054874;288.8414485210449;5.926986313282381;695.0675894974652;17.38582288638228
267;2;12.942172414247992;881.6259240996892;738.7600968722294;98.84805542616186;422.3145026011794;235.96672983293766;544.9528710222966;841.1380748094631;10.403288194880323;0.4076037337297161;0.5864437523913714;47.6450161140127;0.7007957519243909;163.39964218990798;295.19139038920594;338.0749157699111;5.9052535936834785;694.9744574163967;17.193468305208413
267;3;12.601648224590724;869.4660460590937;719.5020225287067;76.58208595338633;407.39323490368645;238.79384293531194;515.4785562869455;880.408140417573;10.752383825669767;0.40407949852069375;0.5939435537624115;47.76458729332119;0.6878375513250958;171.31908422622524;291.1506491430225;321.90379924450457;5.968956756183936;693.8062198742437;16.621532757751535
267;4;13.12287920805273;890.8220770950367;748.0682759431854;92.97900010495137;425.6320830352546;226.40819611448998;598.0884082126317;884.588809449554;10.213310572309547;0.40911004100504633;0.588336212286964;47.51881169735716;0.7001859149251218;178.893899902087;288.8713050648073;314.1960628881838;5.795007010989065;700.1857810658809;19.132384087300142
267;5;12.798515657529506;872.0584003384853;728.9412104448515;122.4938221513404;409.17561888086846;217.69003455479952;546.7219667734115;970.3033101057514;10.37335612477072;0.40428099647405863;0.595688558286753;47.566522016608644;0.68661349551825;190.30284583811988;290.54667613410527;342.28131936448375;5.995706154430338;689.2895164196467;16.36836505370879
268;1;26.014852816584135;586.2669703991272;475.26531002185084;99.18147106271482;280.08605433628225;179.3892397775807;451.7728996981192;696.7074693985769;9.264422025451662;0.4132232263019312;0.5860618586936978;44.299371231270754;0.7067638733766672;101.34721960950206;209.05227013656807;263.91174721549646;5.4048152969476595;379.3858084073288;11.97313203069558
268;2;25.771856556146968;599.2614924579949;489.74175622348395;88.87897225443534;282.2759434890979;186.63444638529674;521.172688594485;676.0781002949057;9.211053197845223;0.41152743109099865;0.590678606034201;44.272249283994455;0.7192575245143032;94.10980064244345;205.39332103480734;268.3612749719223;5.507493742188309;373.2127371989419;19.840585998933868
268;3;25.928400079187632;590.3534625820789;464.1758242686602;98.26030693943292;270.0056116623992;198.9530313613344;558.0716551882767;790.4102082979864;9.251387762041297;0.4120139995823769;0.5905875102357275;44.71841207742894;0.7106046708705975;134.1357433814776;194.60841548650336;296.912834480605;5.365733449527508;355.22355619831364;13.37495229335124
268;4;25.71389981623793;567.3210593252622;444.6323355873324;93.63144197482804;263.90501194315374;186.78596760413097;594.7369554967254;697.7605823223671;9.363345014924892;0.41663959372000353;0.5793890958809593;44.278099068620904;0.7104527649638775;99.5946920378609;195.2490594866265;341.70327659754133;5.529988667179984;341.425127112396;13.330579900862263
268;5;25.813122061708306;577.1438957245871;463.9910880804628;93.42739123409591;268.68100566957827;191.54683579121016;577.9676168840908;681.7584682722896;9.310487020116598;0.4158044782106257;0.5840539715335477;44.51966645403868;0.722127411412814;90.76140316089356;194.9429382456974;386.5848937510347;5.497556377552107;351.0351433406387;17.893974551426034
269;1;23.300430820551618;700.2084494541313;588.2522424901613;104.5276122531387;368.7689608967778;184.54569083642056;492.26266802348766;704.8209230545091;10.691889579514909;0.4205119594665006;0.5797344727487327;47.46880843483553;0.7254248631423704;111.04622005512256;222.9958447767036;252.56520549760592;5.476525137383032;405.10744899489225;16.224201240017724
269;2;22.491824121558274;698.5000616798508;581.0428392602211;115.15087621685208;367.79536889825386;204.96569646323775;499.4749412591817;870.7255028606783;10.262484593573967;0.41874434210176;0.5795008248232416;47.7066131442698;0.7112888617391918;151.12518968114315;223.82269754050543;286.58703448832034;5.548760107548843;394.70575905664447;14.645014823648683
269;3;22.447902509341116;712.2583823792629;604.6906245204927;108.9218401376536;375.91626514303664;177.46455580968225;529.5284895926991;706.8665203910261;10.194295298531888;0.41824350302665625;0.5790784629104729;47.613822245105275;0.7120040290062629;133.13843289872344;223.33934750186032;316.4895946590776;5.531110271224678;398.29003479531866;14.072528200062713
269;4;22.463270860760016;688.5364257781042;585.5788357461771;95.9211778663071;360.12294150564145;205.59198467070425;558.2776327749858;884.9326217419487;10.380800477803446;0.41415465206604374;0.5829915003127507;47.522911043854286;0.707439561196767;148.04977200321207;223.03607514588472;311.48217393293294;5.556013218337334;400.70785144325004;18.12512219814249
269;5;22.419635837545023;689.0122252319308;586.7988628820763;106.59436478798956;360.2051268823509;206.12313085245333;475.4355407863272;645.2081892849512;10.345206316569692;0.41678378989511883;0.5824024742120434;47.34302273056753;0.703297471004414;118.55666657322237;220.28527678947313;241.71648815664372;5.646245395359798;396.30415723344237;19.646396991074532
270;100001;19.61347752858641;1359.42582548012;1106.0322090794623;73.01993766476808;620.2171981340323;221.6097510969989;566.73852199369;816.8900872432406;10.170210964964085;0.4149915719821964;0.5817308074826849;44.67004102325297;0.6984094299028121;189.8267442292562;407.2405753383393;303.14832624990055;5.821417143843676;990.5599950143329;19.20919095476546
270;100002;19.73099575909678;1359.0357501387773;1089.6257113475147;74.07450926464986;608.1336563254233;222.0061497285255;588.7777797787038;861.3510335781764;10.076500776388587;0.4166761509429083;0.5826227062107108;45.08656184376923;0.7194877472058409;187.71882394384406;395.02711266097015;338.4878501765764;5.936351444289627;980.2837107052205;14.340067388803137
270;100003;19.38120348987788;1359.6482552840869;1102.995199454653;74.11560765332018;621.3576927931;218.55476358942403;576.9736534410696;752.1610790665042;10.172431703639647;0.41389179716381624;0.5860071793257815;44.721593522863714;0.7083323978639308;186.39015758870136;402.17458265971925;286.5025443743232;5.902810916777513;989.8767008570288;17.638639728289895
270;100004;19.276820800171706;1385.1476959781983;1098.0566104275435;70.18176777054758;621.5457127322367;236.3239117254906;587.0918135907708;805.4561049443951;10.088285809153428;0.4150430181921701;0.5792510443938396;45.24183690527529;0.7076981662725403;197.71085527673037;402.46583851803257;339.18353632223227;5.7251538219170355;966.4620843285433;14.696188361060297
270;100005;20.019992866436336;1375.0347004597438;1095.2424807998418;79.01442642575111;633.7917905675755;227.9510407257747;607.8620034283413;840.0350505095464;10.347942556415664;0.40685655477861665;0.5926303529518527;44.5889815253819;0.6961493449779084;188.84476920470476;402.6958603897896;324.20434715784546;6.088350366362317;981.398922867891;13.251517768619891
271;200001;8.56377532248776;896.5008517301552;742.1993730048525;107.84117654434665;449.09672962164586;238.42853569783043;633.3633870098488;820.5648093375779;11.117010664258117;0.40973391044158175;0.5884296072224672;46.054612833948084;0.7118861621193615;180.00538732484404;274.9892530077221;294.9966265939591;5.813915405087886;691.465164821556;14.996676423220109
271;200003;8.766613942587263;871.871730807906;724.0191764576499;112.99429410599966;438.47593637721934;212.51405156358263;645.8835089488547;904.9510483118597;11.148542298184582;0.40407204712637795;0.5977686824905132;45.92663631004184;0.7184181066956861;188.64994870189003;282.7783776643411;321.0155757581871;5.849647205767759;689.437306400992;13.991582400545612
271;200004;8.396377111694187;873.1639080364637;727.8969200461972;96.86972357925976;436.1761808941062;223.85924361644828;690.4045933248345;832.5249871679775;11.149630918128992;0.3947844530271087;0.6011427202016058;46.51911169059754;0.6974278810666784;174.47396047501903;272.7797320695864;290.7402860677676;5.893315478230829;694.9750524422948;12.944052328622837
271;200005;9.436890039129288;855.8338956232444;713.8186209140002;109.78254713639132;427.9321579743079;225.70135659877565;687.3166162708657;829.8132317291361;11.080109408277876;0.4002274916213239;0.6032579408212904;46.085511697744714;0.7150226953583168;186.80739416880462;280.3629229253027;322.14578252811737;5.912110896013385;688.8958335362356;16.541875653854852
272;300002;12.485389772990693;760.2797985414029;648.0097051541973;88.79514437474322;379.55861175071715;215.95923143854031;753.5131675220003;846.7507546007234;9.137708224775135;0.40483138977134797;0.5947784537835862;45.72837460585162;0.7102035957023848;169.423561768375;275.8839513908356;321.8136719134952;5.7887932077863;569.9450439301872;6.96593855796814
272;300003;12.810156833890055;735.0510686571644;618.0785567372255;97.42755648945976;364.59603570297696;196.3796668089517;675.4102111768414;729.1626357482294;9.165052867031818;0.4035870661730248;0.5990842533113221;46.18604553399628;0.7003661809160749;155.20764075327637;286.2744352404816;322.9965267745409;5.7808325810044945;578.6124537726561;8.132708196669537
272;300004;12.118527981532814;804.3906010649897;678.550931297834;99.023082847315;399.63133976383523;213.07315494504323;653.5028014133492;781.1825249298149;9.553740268760588;0.40464611821714447;0.5984190305977998;45.052710075077336;0.7036817912312653;164.95135633924522;294.1105167137037;310.539628859443;5.9742784099816415;609.5755481908351;8.704018698994421
272;300005;13.422758329985243;860.337358305458;686.4278482785427;100.97900700923132;411.9159433364113;215.23728498678585;693.2786768413055;867.5816299000003;9.715761299715343;0.40604697960928243;0.59556694642289;43.78103876382106;0.7112561976380464;187.07433609830952;289.7537447317188;315.6199268090876;5.949953640694076;590.622668453863;8.702882724170342
273;400001;10.450816575287678;1222.5705363001186;984.511957761998;87.64951637217818;579.0442255754435;237.47695192843025;674.4653063342021;833.8202518686569;9.930707745822504;0.4165428588050673;0.5855912461035909;43.611722319898014;0.7372888671273392;203.47253407897048;401.4489291525218;322.52297483843086;5.356652361497684;816.5588733933197;13.958105909910255
273;400002;10.720366480459228;1228.6277770998745;980.6710160597635;73.14836169894704;575.1485931362178;230.69405504304044;621.1877550957109;863.7160820735538;9.945368230007666;0.41850274640688995;0.5851529509250197;43.613698688542655;0.7362008492219526;200.15342788957398;407.12469141021;270.29135451573393;5.638154896743955;822.4490889876621;13.851225173639262
273;400003;10.921941376704194;1216.0762209074865;978.4691584823139;75.70179083049398;572.7276525632327;238.208197552415;678.5429668892052;800.9086120455004;9.97317620811515;0.416389387787848;0.5877160286618849;43.15948792411084;0.7480088263647506;183.19210563799393;406.35441293179275;325.2685813891314;5.456231138042768;813.7266885250169;17.581351272268606
273;400004;10.538112764185135;1238.4708567681485;986.0465652305784;77.70894578607022;564.198028398826;252.33553138365576;665.7047510332661;818.1411097123682;9.992072240318166;0.41820182349603935;0.5848188537507927;43.421116289179245;0.7363473578662135;181.36134275962306;409.41916756951673;320.54044572657585;5.699753493346779;830.157797894861;13.18153237477441
273;400005;10.75751271858458;1249.7811360203743;984.502784108138;77.5224175381582;580.9273748300152;235.43795689354127;684.4378553762868;960.3411324022106;9.930828023494263;0.4235188331598771;0.5788336541221722;43.58880467633962;0.7451634911830332;203.50996553350882;410.28291094002174;331.89593673660096;5.409161332443339;833.6291403475102;12.048109686882725
274;500001;12.166647205738313;1023.4052312463353;802.6753993481792;95.74192271018742;516.2230990297134;235.07392937747093;606.1880828618783;897.3346180116246;10.398108232392714;0.39891961711499463;0.595229239918039;45.71987705919147;0.7098409758012697;194.18252588644503;313.97133125146655;268.82031317933456;5.604201262298707;661.0062312304908;12.081075538655696
274;500002;12.81702378638341;1004.1280421797524;791.650813429606;82.05933205481871;501.65911965627515;184.25543142985285;624.3811715038293;662.749315429525;10.338213420798867;0.4008770798497802;0.5997201596485382;45.744020163214266;0.7291323803579847;153.9890988811807;312.32060454405763;276.52755353084575;5.642994876885105;680.2066704082946;12.891964669110871
274;500003;12.723983469958707;1014.7812911341464;807.8125535851576;95.15244308679188;536.1696044240172;223.10164439830533;647.764874025608;625.1638015079448;10.518533262543649;0.3955463743451281;0.6025341075139548;46.1389334198627;0.705327772108825;155.1194769486414;311.937018601052;293.4327209774507;5.6136156044058945;679.9912786375442;11.848155917960733
274;500004;12.023533095916969;1048.9786856615574;838.9625141493015;90.3211446897639;531.4319060872465;203.48351326787505;572.1298473003328;673.0440128819922;10.49039158379698;0.4039925567605202;0.5992326946042119;45.42926745611371;0.7186533302334237;163.01042506916846;338.69627274081444;298.27407460604945;5.477026475899098;678.151938740202;13.968108608536365
274;500005;12.225188498886855;1023.3781993728164;821.297734730484;83.11687442772592;518.1463961796852;217.236131506686;635.1138235054527;625.5537625596543;10.530962448167754;0.409141642350102;0.5931657674175183;45.34276879740673;0.7283173547769853;161.06861882934217;327.65076327271953;277.69564818392575;5.531963644813973;675.6001426030409;11.490407275261857
275;600001;7.552201721030909;1264.0715471862904;1004.7518319424386;82.54984123044201;595.3100531490343;217.58087656067417;691.8236781832605;827.5667070625907;10.449226641928394;0.4014315318485042;0.5976205873706737;45.50159262879545;0.7005520774986741;209.2061547713123;424.76185315737484;329.71862659397243;6.005051641052019;946.9685186104438;14.389483614289968
275;600002;7.614338983323266;1285.5230679869505;1045.0615292742766;84.14227874649936;609.9737480488134;240.48446058103872;648.2722809951556;921.2691812815699;10.27000226485967;0.4011234652426679;0.5916050395046194;45.834534635841145;0.6868552072356929;182.98172190408098;419.12372905737936;339.4545168416803;5.934553670128233;953.9306459109371;15.369911953811588
275;600003;7.442922796079139;1303.2428287596063;1034.0161657456786;85.8615662482507;609.24932063258;227.91047730596298;626.2480721987699;742.9625030184853;10.377623871008076;0.4048980789930905;0.5919445171578053;45.557593232501596;0.7109535877977403;181.34409314973647;416.1903511597226;310.1092280808654;5.986287891230184;963.9783582749769;14.690659593980188
275;600004;7.250407051511338;1282.1443751720326;1023.3243259964287;99.95741255858155;612.6330752132847;230.27543377557288;658.4505039781583;935.4332365745053;10.38328831718305;0.40468609265798333;0.5913767495430498;45.942984187405955;0.6960252429778894;200.45799830346073;423.13082238384703;300.3919638167396;6.103556363825642;952.8695737568129;15.307910475310804
275;600005;7.771392248170697;1330.503169356342;1062.2648265003318;73.55401816161029;655.4372145025864;237.3737679792839;683.4522960282849;790.2359382421391;11.155704947097242;0.40541139549318544;0.5963341936673333;45.15456634642811;0.7104204039804507;184.67857333624622;419.8216051675982;320.91856331045284;6.149623202073591;929.6576021029501;15.815443171237519
276;700001;12.3354586888661;1130.566251405432;872.8827900677176;83.8430797851562;512.974320849692;194.05029467172744;673.599564099599;715.0462241524676;10.150235101307992;0.40616359297703447;0.5899817229270069;45.32848914268457;0.7093243780206185;168.87418827173664;387.45310784879314;332.85174874470744;5.845306130511644;751.2682770546213;11.882955109558761
276;700002;12.464705502380376;1141.4064620326883;891.0251711619588;79.45101187935751;516.4458311325916;173.15206031460488;642.2930301516167;633.4574704647987;10.12556467435423;0.40204089628590645;0.5917889621145848;45.79603585422397;0.7119805045997897;154.27155765611903;386.9972352486942;337.7792542077541;5.798791032647471;775.6792403430384;11.29424086343283
276;700003;11.749532708711408;1164.5434831111497;912.2472519771304;82.61154302163678;520.8063759792591;195.15392974765348;705.3204165528945;840.9176856204458;10.105722671420954;0.40539945164476154;0.5933310634013501;45.72230072889798;0.7051157966305298;191.65334891600173;390.69024233158314;330.4610017912798;5.77913222150607;805.5121657040439;11.635392949683462
276;700004;12.266541373255903;1148.4875457663431;906.5434405424121;86.80722146067275;514.9277129029736;182.04830793285785;696.5490230735527;648.2849244606558;10.17049157791417;0.40063209379629533;0.5972849161463631;45.43387089080774;0.6871388829491749;145.98155644100552;397.9786128159989;333.5958775874444;5.805762316621521;818.9891317720103;13.528388497355815
276;700005;12.302157614853177;1185.7786491964741;915.6545183239266;72.68775605824646;534.0313762582131;199.74668707989727;712.5358727566954;784.9077091324616;10.060154066072057;0.3985601755812286;0.6002211564231313;45.223108415547166;0.6974159883947726;173.1240063515626;393.2536200287794;323.4197543301439;5.716949621626002;840.3608574321065;12.163348826992074
277;800001;7.461688199990204;1158.447155998919;932.397512290843;76.34325450358456;522.9451233914677;223.18268483234277;634.7984283910087;776.6777681575556;10.005662260142554;0.40431049392491614;0.5956265719184692;44.54718782133728;0.6929438196633028;185.45227941387824;396.28901058332127;291.9836895311538;5.410401207732915;820.4128463179777;12.443248451275275
277;800002;8.278326842163944;1166.144906406161;936.334332210281;82.36072069681455;537.7393227936168;233.3390432888269;649.0468677603347;944.475708328941;9.879637370744913;0.4068508990685963;0.5950266426970338;44.67050516336109;0.7016423702161712;201.0336585243865;395.41688594614016;265.4934971207876;5.567579310170682;892.189520882101;14.720427273962269
277;800003;8.078156129868153;1134.9386877610239;915.1272047062839;75.86784991805231;532.6756228402041;229.18239760152153;677.3819058009976;803.8618098203708;10.16547966137987;0.41171842518873186;0.5834846531328307;44.595464623876424;0.6976601703475975;191.2749470053319;393.4621651733939;298.58176625598145;5.567075339451151;848.9459851205554;14.399418945590662
277;800004;8.029402252481347;1265.6680423274267;1028.0039501177832;92.64593026044591;587.9262953834802;231.22214016815914;702.7829103915323;798.4106269523546;10.119829492790549;0.4034780584893183;0.5912953595480831;44.69472711129742;0.6972903688164908;185.3055007801206;404.720606119925;330.9999126665391;5.660195035391846;894.1793242255329;13.618661293749799
277;800005;7.700557852232822;1265.5287277389837;1027.9905436448162;83.51831392055665;580.8251075345678;227.2142089408346;653.9710513798034;826.8097449670412;10.323823503718769;0.4082186563512808;0.5882445155883652;44.315864433996104;0.6894337342442792;177.90557591975673;409.773210501771;285.2130505822381;5.52887764383682;901.6680775337504;15.844186875508973
278;900001;16.885523370562154;1145.7658932415613;914.4758601237439;77.5706313316037;524.2066954638183;181.3420800391439;611.5922083672227;678.8543521856257;10.372187044949879;0.4150401641126249;0.5859266058151769;45.81400240462443;0.7071270603691826;173.9615476981758;428.90211024210583;273.9512136838182;5.497692419386521;717.4453611617967;14.254613047017504
278;900003;17.703235647547874;1113.7466344467862;863.765880938898;97.22577149236194;501.93233577561693;175.0038365594864;728.9473901632354;746.3110191989831;10.367724593896037;0.4063843642353061;0.5917922306028761;45.13673620854478;0.6993270292515593;183.37106386795017;443.02135558097035;257.5730167312119;5.467030915541347;711.2696783739095;15.798650772642217
278;900004;17.90644155731326;1173.5796344801017;930.8076642872308;70.51075341381986;546.4826589425589;179.29711672507463;642.7154937803572;611.9835413175941;10.317770293697087;0.4076596488067469;0.5892676488143541;45.75003421300704;0.6913149244001922;157.66279967784752;431.00542681338015;280.9533373060706;5.611336326347035;723.9504039125009;12.723012922559516
278;900005;17.620289792521824;1180.764505494935;924.568564608096;100.55921755384152;532.0403784057345;185.52957195328045;600.8656122327691;780.1817642204916;10.582665845399362;0.40605891482562045;0.5960529397710156;45.60792821096668;0.7000885574713167;183.91958924200873;433.07274696247674;268.3586098472687;5.473532299059189;782.7920941158233;18.77711346200779
279;1;20.94144689288467;1228.089511498896;947.4941314850772;68.20794315673615;537.6045587791973;279.4051342256462;646.4276004134508;974.4669847053993;10.206274632783915;0.4063155910606583;0.5939999959951551;44.21865854675076;0.7117212695589715;178.1686986230321;428.14358961078227;260.4304244547589;5.183993511122192;813.1205323640197;13.284941854272443
279;2;21.38867705338721;1241.5123708983149;975.1874568135397;87.86877091838427;555.4985230719767;249.8019676314513;693.8993442917977;704.3957325031732;10.120724625270853;0.40103124169405824;0.5999902907733945;44.768678779901705;0.7052315970216919;142.5237315869402;431.18461759640894;252.47039660359957;5.2519398210917325;817.3404169957771;15.397225749021363
279;3;21.3602179767995;1214.3792395440578;966.2704435055982;91.47696185497074;571.3572530117375;240.75889470145435;710.6939223064821;993.548614000706;10.228998294055705;0.403523285727219;0.5943647707120181;44.58678738023797;0.7005512245702897;196.5733633592118;429.15002850472024;362.93243334006246;5.425796950570353;816.8777589520371;12.470140958112538
279;4;21.348157187422657;1187.3682523391724;950.5432015740871;77.87443706964723;538.899150352933;242.4687772549744;657.9021455253741;853.7481187335216;10.419728191817843;0.397332853473225;0.5954699818751135;44.7991865960224;0.6888409781271632;189.3766660889205;434.8699872365735;287.07992690707573;5.2271506682783775;812.2189343806397;15.69977292729385
279;5;21.706566462652727;1238.718322724292;978.9711680091816;79.28164983273132;545.4742273595625;280.3178401590463;632.1831648858649;726.4142333827433;10.441422565637641;0.3958410008105539;0.6023641500077538;45.4802250234062;0.6950730214186578;152.69184621572214;434.97824550701864;239.4961502109017;5.221680320535873;817.9975424467015;17.505953816996154
280;1;13.486378557503771;987.9359921561888;791.4092044688191;95.4239532304832;505.7611690705099;236.82693214788858;709.854342500059;803.6636839901988;9.403061031475142;0.4063501961856115;0.5911754266100425;45.324790758352634;0.6858446672411932;193.91490156746204;314.11849731192774;253.18157703291942;5.426725383299705;667.417636032592;9.422188710190884
280;2;13.561176942729771;1002.0369210986916;810.7664354763455;94.37806173893415;524.4502319150646;217.19458897848043;741.2036583148653;796.6030912995546;9.495257380964231;0.40833940211812486;0.5870394323628199;44.79536745065607;0.698237611257943;155.95833706271765;323.2927757964485;258.14462650441675;5.5533986000530104;669.1989103754223;9.645816854467036
280;3;13.526835011946087;1011.3801912853388;807.8222233838048;87.09263762485523;518.1015593795365;219.9812161578744;685.2814811626071;829.3698067006683;9.349306182880252;0.4087703942699554;0.5876245019838234;45.05088808469782;0.7083638940747068;179.47231862515915;326.4514749532334;305.76194243991137;5.656650028550149;667.0310400368558;7.792123508185654
280;4;13.488927359685686;978.950986276935;781.9762097361548;90.33091499534542;496.37882742709945;210.24780742052434;620.827493320995;807.4920479365198;9.489385679199412;0.41303015888407624;0.5874500277257201;44.87104341966237;0.6990537345161643;167.5474478361312;326.29189146962955;259.61068702534106;5.761464572801342;662.173530986694;10.265580473890815
280;5;13.099571141157151;986.0264390561118;798.5822555117624;106.77548584387698;515.273765711277;229.02842824285932;726.7276319347017;723.6518678895806;9.535003365448135;0.40200474938361147;0.5954626732959705;45.09478209295432;0.6759819090686213;164.12448578348096;329.3826593253424;295.4736061235108;5.661117033972046;665.6219562733231;13.34152737933912
281;1;14.0944285836296;876.6525785548295;709.9601515401097;90.58003660711161;420.4561302593889;223.45911873230622;643.6684284852162;779.3814504916179;10.01165772590487;0.40249095090578896;0.5975206523321732;45.34646036877288;0.6955736784365694;136.4408016366268;302.6902045185015;289.64406503469024;5.639469262647188;571.0924902853624;7.701571221682525
281;2;14.034271539555634;879.6264258192641;714.7155565019708;94.31204139650019;414.11088611981154;227.31150382180368;640.9306146739988;849.9519368143758;10.137569920576382;0.399874321075474;0.6002219394538755;44.942732573791346;0.6956022321924042;159.1945957072811;307.23099772319495;271.6919510103504;5.520850498213198;588.384266184608;11.338770904258205
281;3;13.802991772457677;885.1747368214301;703.9916857312445;88.4859830259121;413.5876925549336;236.7352754874918;698.8199468431361;830.3604549001006;10.021014523948065;0.3981967202479236;0.5996669801364305;45.396045499917356;0.6952733126017583;152.18488181342522;308.03755950043956;285.8141521642312;5.341370558357952;569.5133848234634;9.638616333158899
281;4;13.989425663475686;868.072192709423;697.4417247855764;87.29108205566372;416.3399263531754;231.83147708650475;675.597793506498;775.3551187429548;9.952403414773244;0.39525495654889653;0.6022095844920332;44.87050241718475;0.6993683823826163;144.06717235169518;305.52979346689494;305.6090374568083;5.558571071648864;584.4499491190105;9.158319553298005
281;5;13.66267634621091;821.514120414569;668.4630936114789;81.5981921346654;393.72958282293644;232.36702759271822;641.9604514723267;774.064907208609;10.197854713555143;0.39810017783890556;0.5997829326126204;45.3512145492774;0.6845234766725321;130.40722482307856;305.6102140855874;314.2777300642631;5.801975350967105;571.4656612254915;7.198084523605112
282;1;13.446219891391749;971.9136265493404;796.088805286471;93.4909502513861;517.2898971556313;236.75048956072254;610.2147914821967;890.3747277699872;11.233090205509043;0.4020650844889536;0.6014723072273045;45.34159046808693;0.6938985167085623;179.01428822957604;293.9748646880349;263.00110721384794;5.968092214878519;664.0717826820915;11.265689424394628
282;2;13.410316705389166;987.8322084725456;813.8399878644273;88.76746671503594;538.6740941880831;235.1648491581124;658.2740156461925;832.9094022217313;11.272676172323708;0.4051850538463599;0.6000861745889486;45.39793203626384;0.7032416594757676;170.81038738453302;304.10489229364214;299.6764829948191;5.827600212270309;663.2161878595268;9.364668981834058
282;3;13.464912717237953;981.5098648472867;819.1633414596992;87.38190264679706;537.3671884554645;254.26093523387956;691.1154257518142;782.176319721593;11.26281670936936;0.4021562886359974;0.5987609126070189;45.72702253954175;0.7037397444093716;173.0599668186953;303.4156319053458;296.21233641464045;5.774063055787428;659.9423995337842;11.280259220009206
282;4;13.202050901145231;982.7210152498553;838.8841042910811;93.16965080585864;526.6879844375275;238.40105526969117;626.7897363742942;748.6653750473372;11.333284714810272;0.40106575302708924;0.5992797491168629;45.01210971408549;0.6954082577050168;179.27874710905485;323.5827193203941;298.4264043190044;5.846593762175103;669.6736347714732;11.767877848638328
282;5;13.841637182459024;832.3400743445483;667.8312037764424;78.80307222848772;421.7876095375182;229.26305874630114;594.1627610926083;806.8707268552156;11.223192445746685;0.40493972342682477;0.5978807671719951;45.659083183882416;0.6966321437949873;185.8497575705561;285.1984949188098;309.7577965517019;5.768942405411208;526.1725723415398;15.653387531758495
283;1;15.77398853949997;1276.5858598746524;998.4371858946719;83.37932442736661;575.2282991780106;225.9902595851324;695.6870649779999;770.7569728462543;10.510097363850255;0.39993020268732404;0.5978581678905238;45.290198742804165;0.6941638502286266;172.6114566252784;388.9988071966207;302.9854455523583;5.739360787893795;866.9780054227583;10.184977000864981
283;2;16.34819422449902;1080.0129423733742;870.646082307404;94.51990356769288;484.39920569478426;235.8757170088217;644.6128342198397;838.2573758138235;10.112946079815924;0.3959808152670363;0.6006176140781019;45.76160517548948;0.6769575841436455;181.85649892548818;369.604512587061;295.64853221269226;5.561276770891189;836.7668223627667;10.059044043626502
283;3;16.258277237884876;1116.3253983824977;861.9951285124786;87.15147635534801;489.3179283559726;251.0610639697149;723.1665587580605;780.9088295710317;10.051650724738174;0.4017057239704512;0.599068738571083;45.606954256418106;0.6912289897555131;177.93728432165622;370.66353452322653;314.1511151911886;5.5407770305394015;822.8517625975089;8.865040037934765
283;4;16.150567891887462;1125.5695471472002;898.4211016514921;82.42335400945075;506.8268756129681;231.48519462672294;679.0715003937553;770.5749005175953;10.066871580849647;0.40042401177593445;0.5986316592014824;45.884823616080475;0.6843763227317163;181.88012559315894;375.5766163087527;326.77507908901396;5.7395056539792915;829.8308433219044;12.904527839523068
283;5;16.73150856429493;1157.8453236276287;957.8998068215554;79.60950550018559;538.3172318335331;248.07458721443186;639.7941695963384;771.6959648474898;9.952343855029868;0.40069336369548714;0.5994345757074807;45.46881529055258;0.6836168415407515;173.1761571908379;373.1233593753793;306.61201047024815;5.843218681415578;879.4103053229913;12.139612243592358
284;1;11.679053325123093;1212.1550139014453;936.5011413461102;87.23738318133982;544.5913765789973;203.23155931805425;656.902060370291;749.7819842228287;9.320017166661085;0.4050407435023609;0.5903689419694598;41.28329165036177;0.7125997691204947;181.95275255793405;413.41344614134346;227.9527590510091;5.349314386919399;792.5222366136212;15.783461127257139
284;2;12.039196897779412;1219.981776994231;944.8113721147653;84.11557609157028;551.3667329909642;232.63004611183186;629.3006157672222;614.5008085416036;9.491513219468315;0.3973558084172581;0.5952027250621444;41.28880882712848;0.7085651447349474;173.39657438169831;417.5197958030009;228.71236488556124;5.276153218627427;812.2430039894613;16.216908714956762
284;3;11.596588694169109;1289.0930101562546;1000.3234474014571;72.88591083441364;568.2378739808618;198.78729445885313;578.629107304473;668.8527447862538;9.325065655198973;0.40596225751270765;0.5867579798554065;41.0604490278638;0.7062879575135499;160.4125657791946;418.5486210968517;269.01437341674296;5.222265057233986;870.996611844516;17.03182606474476
284;4;11.905275524800434;1198.0209352476909;926.4586761338151;69.73478092975263;537.5847156747093;203.7040405523403;684.7211565033093;670.3334283182882;9.318505700826707;0.412474400851034;0.5872875895563768;41.33254363518236;0.7153309112510509;178.65180983756957;410.29242795067364;309.39265536759575;5.284375777330085;829.2566166611617;12.020500235209177
284;5;11.726115345852993;1184.189668378916;907.580296535507;74.1601716463029;539.7599850048911;205.81223811978847;687.184068551152;687.7865899486513;9.478281902068009;0.4072464980564093;0.5935061417800436;41.18495665417361;0.7299171083942916;169.2427885734435;400.63025017960695;303.6050081277259;5.275966919700201;802.2030707400379;14.922398303919765
285;1;19.53061629929689;848.7851433177627;683.2460765937149;89.39109579274196;392.56344914701924;230.4936929244206;676.1222871681441;760.2251672579051;10.171913972565415;0.3976493632241362;0.5983229793905628;45.93023459563342;0.7007169733131843;128.32870586307354;307.7179742664621;253.2980575676638;5.1938004886095595;597.2829924870305;10.174610674794916
285;2;19.84315775860635;876.5161575935732;697.6076682338897;90.48523519290023;419.5889451108497;238.04197749558642;676.5455536169944;681.3727685449494;10.245483729556687;0.40506969343191185;0.5991418761903102;46.265250453616225;0.6860611326119903;125.47420631487847;310.2055439008456;358.5342124518394;5.300975306742249;611.230287502953;11.043691511088628
285;3;19.981795652276922;888.5808903045295;711.5312340870453;82.36486591566272;411.3160806990763;264.4351376903996;665.6151143686542;728.7175042394779;10.081674262072747;0.4081519912140241;0.5924196368414997;46.11760266372957;0.6930706047672629;136.85983769809434;307.25840155463123;258.54438608064174;5.2319253452500645;609.9741247324611;12.170321988872626
285;4;19.95062457886876;868.3240083407335;701.9081023304767;81.35866384397744;397.97889232137953;273.4146017060171;656.6223274099134;697.5120302175495;10.164564828484504;0.39960993502778874;0.5942894154130304;46.061851862317006;0.6940321944724177;114.33440836360414;308.3457884177949;252.35284152328265;5.241594552824271;606.3846178041099;10.597520903454887
285;5;19.613413265533133;883.4916440313141;698.0461371307806;95.14860224559375;406.5124639868263;256.2694936005967;746.5139036550837;821.8530820615539;10.375193512135706;0.4077446267732562;0.5921635994424789;45.618000172797736;0.6971910247951731;148.24232685045348;311.14903895412374;385.65097545944394;5.2000685462023135;579.9462521880733;13.529342734792865
286;1;11.761257932057568;1514.2650887528175;1220.376889790351;83.8203574965291;779.2832425258483;227.91309356591208;636.640086199437;748.3531241983285;10.444150775380594;0.40089743057102617;0.5960277357896135;45.73139798942495;0.6862906250491982;174.81940944063268;448.4767225504844;286.32105233227395;5.846393237927802;992.4806810039015;16.38221256573904
286;2;11.991483749596812;1552.9640301171346;1256.0710310498698;109.75297527387765;791.9878393309895;215.60210116424201;639.5528287135329;881.9941345137241;10.738175369753694;0.3990095530984534;0.5970579825276789;45.90314993165802;0.69584005005365;192.29362367961906;446.54131741685774;270.0907028792034;5.830152055108208;988.9635115551977;15.421897798902016
286;3;11.554361853886684;1567.6616857128304;1285.5061286667565;85.0930503526475;802.5113888647415;219.69118633538932;616.1325380955075;711.3308215023856;10.511097545734021;0.40253032892801766;0.5913650463686166;45.670382668580814;0.6990838170935129;165.91143753862417;454.4392258693753;279.39952010078963;5.809588127092382;989.792469870719;17.85837114910657
286;4;12.017396562717202;1521.7469664052796;1238.8673088876849;85.10869716322038;791.1668597532807;245.35779752331078;645.17898201309;808.2415289386975;10.80437389779677;0.403487571291831;0.6002551155126916;45.03353314828164;0.7024283833122125;184.06061035579881;455.1229849835789;293.8514326482718;5.826631476646082;988.7432060457962;16.838919766255408
286;5;10.613082182260689;1512.793398341472;1250.6101194141804;83.32319479822404;789.235154196205;228.13760555098577;671.1978251555536;783.6895979678064;10.534011220815506;0.39884924365335694;0.5984802738851731;45.58346446653995;0.6958437731342699;187.61585120911727;455.2928107938697;278.7411615723467;5.907457565139648;982.0433473970023;17.771472354634206
287;1;16.230762336048578;707.6970601741907;566.267999459759;96.5176804813629;331.9406946142163;252.4128090126771;670.1742029975926;718.2634711549211;11.126293040250339;0.40563936866909;0.598744043646834;45.58411893172762;0.6988858359292273;122.47965095964815;277.0917868841352;287.25497664725685;5.452917972209561;497.0186048477956;10.153133639157167
287;2;16.45161147991661;744.1089249891148;601.5146830489189;115.47306829603708;351.85243685789516;257.29459489594046;653.7870092703026;778.3519240490642;11.072145542649446;0.4127254110597248;0.5919588108181252;45.51556795135959;0.7089049876053284;137.28819770677416;275.7907563272622;281.4862911327717;5.613032639460455;498.7304139197563;12.921326249550233
287;3;16.03003735195723;715.3823596881691;565.5033301907906;87.20457459594843;351.0760760473463;259.59870152242974;663.8667805196186;758.8519325635561;11.113963901609985;0.4073230594363427;0.5934963208760803;45.13798149417075;0.7161283305745058;131.21714073033218;272.5133242747662;289.6235565139432;5.544874188043686;496.7487914525858;10.281823244313662
287;4;16.250365929475862;727.0156711063977;589.8757514155159;90.68580119988299;346.08997574754255;237.28180153535436;704.829693751661;742.3960127111666;11.133522912482757;0.40563363412874875;0.5957035109543589;45.473262121011565;0.6949360448789764;147.75765214555102;274.51093041721725;333.1233516280119;5.683943039242129;501.9808966877488;9.065539485696691
287;5;16.18845270724567;763.8595753248205;608.7510390739263;94.61046311848693;350.1321027014456;251.43940747236465;716.5464264620737;766.9853312580956;11.01246825841299;0.4087850689413066;0.5970776420067507;45.640096305498425;0.7094820209963432;143.2480358624951;272.85570526434185;336.63736025460105;5.5592074485627165;500.66558025992737;7.481786111398081
288;1;10.279215616543418;785.6162701552153;611.9685738941563;91.35547567276961;361.8339259691762;189.6073727431509;659.167040500145;714.4491297655284;10.115279322442719;0.4066046089746757;0.5937087219391123;45.14803741433566;0.7075017999498893;113.93297059149464;274.20571903738096;311.2994760000298;5.656273265197595;541.8874264169812;11.764986642724224
288;2;9.470264492694799;755.6615664667872;616.5241530786283;108.79138325357445;359.25960843030555;188.18926370594977;681.4678487892281;812.4798534329165;10.178239299990732;0.4034080785732533;0.6032212562228128;45.02490510735549;0.7192097250901018;142.87313867866894;272.5708915967289;279.3730365502072;5.4647766270387725;492.3509690339061;8.558087955729336
288;3;9.826148202417805;742.8542796096959;612.4329616914576;108.6669882686087;353.5774442981619;198.84051276568928;671.201705202319;716.2499914741508;10.944417067565045;0.4017526768227183;0.6033186328920144;45.15640828962664;0.6936672250538441;124.49370815270723;298.5517531709228;347.40395354100417;6.042979509080352;557.7020702674209;11.134022422986488
288;4;10.895864830809819;835.6553952545752;665.4747849499253;86.29569760181968;381.3042883155971;182.63713838924664;666.111505900397;758.2867492558438;10.706763701139943;0.405611687790181;0.5908197381714592;44.03545496685674;0.7119154973527604;142.74838755906873;293.45650872889314;299.75763914648246;5.733215155421996;509.92340636626903;8.252316338506217
288;5;9.817767430571436;847.0777827139606;692.8260466474609;91.35719936231831;391.09479917328196;175.2507542541486;672.2165389095222;709.6496349593751;10.162474147762936;0.4054790504349115;0.5996882185650246;45.24727754138355;0.6989253126714254;117.12509053563285;288.63928202786195;303.90816913289643;5.720365481727118;562.6372301601699;8.815144549786448
289;1;12.344304614485353;750.7253791791793;618.557299125757;113.86842387890019;350.940333483183;199.4662173933281;640.40429785527;658.0390677645993;9.876041925639186;0.4128566704222154;0.5903304233887655;44.37133663969278;0.7201654206115365;121.86321839917561;266.5408981312669;251.81470495808966;5.299135190070622;543.4667306071439;9.389202947529526
289;2;12.704226381931727;775.1509166319373;632.3605962619336;106.69646727775917;359.33189345521834;227.8499046503584;567.3326297529709;735.1107564922928;9.769507194219559;0.410900987426885;0.588182243550801;44.23858503867331;0.7299732324152731;127.7047929152157;272.2776956142862;257.475121767482;5.3899590565925415;533.0001078005364;9.55954057926426
289;3;12.93587957034179;725.1529543954189;594.2449395679346;114.05820085102772;350.02613809065497;215.45016689071727;593.6620548656628;759.0603508155908;9.883583401429872;0.4093481143092506;0.5882444898171678;44.4532207289471;0.7093941394588389;141.26378848914112;265.0562427888644;249.6616180192951;5.271762416139796;546.2986162919321;9.619253552849763
289;4;12.982388343813227;746.9261353717308;622.375397006961;95.74487894182869;346.56637980084076;184.42960782163885;661.4669756913731;743.3078302618447;9.773359410395644;0.41467931551207143;0.5886306154474871;44.938979477425185;0.7211139774981477;134.83353972526692;265.39117264725337;256.14492404711916;5.418894330613085;546.3516091398925;11.342731708536489
289;5;12.69576066708321;722.8287680964565;590.3742563293151;91.42992617230722;346.52737871704;223.93523756722206;609.3253765127519;683.514787965372;9.681010136070384;0.41230401722006266;0.586696138852128;44.79369457211699;0.7193856321010489;114.19991841797724;268.8078945101403;264.82214855572096;5.239685890006545;537.7838216693626;6.525174586512515
290;1;12.67364656911498;826.2943487977732;662.3942904254445;89.03191676625393;376.0009533540502;253.245826225751;678.4385251086746;968.7448225366726;9.673064603459602;0.4009430451314728;0.5992283129236684;42.93729891642907;0.7039358032803099;174.89267233685914;298.4726979393513;271.6895266917577;5.499378579084167;561.370504526454;10.50209777877265
290;2;13.122006986966785;798.7926275906049;637.4354092897752;86.2487181107339;369.6589931301374;222.77022607324935;663.5440142698463;769.3454765926798;9.792269589524748;0.39236804956644067;0.6056890939602152;42.765323495086484;0.7084942354221652;136.01429099384757;294.67597558063756;254.2397810792523;5.411924746978498;568.3759322784008;12.264728860422462
290;3;11.55907627056495;764.5504815876563;627.0422401100478;92.19001699959541;363.27903206984104;233.96425207232534;723.3896605243141;955.1310456095678;10.02581693397736;0.4036605972466712;0.5960264292649685;42.856197624469324;0.6888751167836152;166.61295326613973;302.2128240361375;330.972729193349;5.341961152153853;574.84718990966;10.52935675269372
290;4;11.749901171132512;835.7636632081706;672.4677616684016;96.3088532864037;382.9471507833917;255.6812569348774;759.2684261824884;787.2779210278745;9.707284861762083;0.3992129801219856;0.6032090068402357;43.27532834185895;0.6961430133868839;132.47486861647295;296.03033500218163;314.6245000210969;5.578252661872165;561.4188789796708;10.939163236974743
290;5;12.825132649992701;761.2573635585427;611.244237120623;95.33682840137568;346.9693298623029;260.4640157333098;706.0633753353887;790.8763880867258;9.662056888910824;0.40017882438198266;0.5971544243536523;43.440969516284405;0.674468390783852;137.85175331763742;286.00010370432415;295.5587664004473;5.22110116931991;547.1732032478543;12.425288407408637
291;1;13.52485132042531;808.6480497133927;648.5425916879625;95.5941075677295;362.05741248956093;236.76344898549704;641.3793000405523;746.5636716694561;9.482866250664708;0.41116684973400697;0.5843789230588782;44.02553798320903;0.7093070511687037;117.24183781437623;263.591197244044;297.93555283634566;5.589625321534786;549.8224922577921;8.858616468215509
291;2;13.914967047314267;757.0575615099985;625.458711891337;94.53549096772095;358.40356488386135;217.4536390676278;643.3315730505324;822.4828884301191;9.374195676396528;0.4069933009514836;0.586206339823213;43.83597633081588;0.7235650018934915;117.5222882204491;262.8439992386999;333.82195568825654;5.657296890193094;542.0412721060495;8.3502325991432
291;3;13.306074489585146;802.3832362470858;653.5305269460601;92.84302997129453;376.834138037901;160.8732777831942;629.9301594966731;719.9019359992603;9.506771771194625;0.4071589220816181;0.5881987462491888;43.91193721347671;0.7278736820458975;118.0016498767502;260.3050111955974;295.8615127093126;5.419637972665953;581.5540925086385;6.582803552790471
291;4;13.935883431338938;784.8981526619216;612.7731271574726;94.93518679438421;371.77043481615124;200.03050354665308;610.4741082540411;740.854471060475;9.462666946707106;0.40654057658042136;0.5857925034872722;43.752101836110334;0.7322306904907029;119.60715004822298;268.15773835130415;320.4407425907433;5.334714407657293;560.0087482222498;9.226252867074962
291;5;14.433854283260839;785.5904414464193;625.1709529165381;100.28073389304232;358.65850146132;183.33885040121038;534.1909166402809;690.7291297547938;9.417333714918419;0.4074135858606512;0.5913347313462036;44.53772916893332;0.7247539643861622;107.67157123502959;260.8520982710486;272.8691246198509;5.304947765705358;548.4338578006857;10.898424700257259
292;1;7.28540735159191;582.0482743877949;490.02044878448214;95.62701371822567;276.0107484184713;159.70464067725484;623.824463492309;757.3273965356157;10.28130984607232;0.3960147801999084;0.6026777095362276;44.80979709097991;0.6892656791412725;153.47895292015653;221.06985215721363;293.06221558242777;5.694329412173719;365.3294301521287;10.073436272733726
292;2;7.198426202825606;600.5248346035438;492.62760974656777;95.51670995518668;279.4703749796332;167.40187103014867;670.3538252327531;712.2808370765192;10.287318793909794;0.39212006784846587;0.607394237103228;45.33519050461048;0.6860172521471302;143.57732432273346;223.8635462572433;328.511636806557;5.8281449066063535;378.4356445560125;13.560033865343945
292;3;7.205643067232639;570.4851199276134;481.4427311303924;97.25199555912882;274.4518199061211;171.47728050672563;587.2947899525869;745.6377005750123;10.639095429858793;0.3904965911144127;0.6063617696026425;44.56108261021452;0.6818496445025373;157.87780433625323;220.9385885449609;297.0432062886507;5.605515590736424;366.0046158370717;14.680478115132871
292;4;7.124224695385031;577.5477333915625;499.6930324449973;96.32557772687342;278.2202125963303;184.62904375926422;585.8618421811632;753.4913257250172;10.571287354560155;0.3881240759574945;0.6069014013102049;44.618672024740206;0.6828340492161563;156.03545907303948;227.08628041134955;309.04954760336506;5.718358347267225;376.6919115943893;10.560249540990071
292;5;7.419391036600358;576.5249187054875;492.71486258475545;97.53330622871908;274.65245572327757;166.74073345448235;594.2294377275717;668.4022582165073;10.676968666600738;0.3974989110117045;0.599511956679786;45.1521463633545;0.6799473287292609;146.07775216986036;225.0730553816968;306.69160167681787;5.862012236733385;377.15993017290276;11.984415604508499
293;1;17.45833063746116;1516.0220958683249;1201.1443548073935;79.69685255161815;850.8328082969434;228.54884495043856;688.5301038478158;659.0537504967349;9.986100038304311;0.4061917876380009;0.5958090743264188;43.742793791281336;0.7060137120055746;157.29574586493723;464.2110056342613;343.47203579385524;5.425899761524667;970.3633845652814;17.98436378835621
293;2;17.363961860307185;1521.2471535569684;1216.4368940433008;78.95354674183002;838.9419918965312;210.57758088351966;668.6334469750259;690.2616352791222;9.97643892784317;0.4060525709631228;0.5946771969882253;43.64850959501756;0.7004615720683418;164.426863518986;459.0016983534697;315.9780283042085;5.243996431307798;969.0801646702395;17.966769846096483
293;3;17.22902976852859;1503.5024074036728;1187.1951148979138;65.94773610041211;859.3100987110931;233.9865689832646;636.4447075348365;852.9186562350983;10.097750924977262;0.4089299547374905;0.590947015404291;43.5753130879468;0.7071680712296134;177.91501893357645;462.58179932974554;316.63997901450114;5.214392603516518;957.1619606915774;16.430572798475346
293;4;17.821947723865875;1528.0560435120972;1215.4621690930417;78.7699427088039;828.9455991552448;254.88620966207773;635.3451335382937;785.705063378639;9.81317766936757;0.40575515996814443;0.5951262608876503;45.222456473675614;0.7090493717433063;188.23943500377752;454.1472790952437;276.77051809756887;5.345677027626444;996.1488059123202;16.518790099247195
293;5;17.8627962992188;1498.6023662436842;1181.7672611872388;87.53937179828276;862.6058177118715;241.22738121510872;627.7019463251867;699.9515590637077;9.957998066425146;0.407251661401715;0.5908435996198239;43.78920960588331;0.7135253636584318;164.66512404499133;460.0278696642498;294.1996767923838;5.392887237330629;947.5146216262281;15.534010805182461
294;1;18.793281600781636;863.1440351507526;684.1567790437492;94.2446418588798;393.2563458727983;193.50997777432212;632.5563140432869;786.6642141475813;10.106926309422764;0.41726610293409455;0.5924280166393266;46.094701468267395;0.7184229364645364;140.34744758487528;298.80946000541456;259.985256549932;5.597823437993762;574.6883427385587;14.915049354405088
294;2;19.162800427699125;790.3340414175317;635.9671367936198;101.80431037838224;364.853183391863;248.35169184940077;629.7728906693934;731.5347961935419;10.005172051559647;0.4092102742607801;0.5958422625787337;46.34019687005323;0.7044068556465994;117.86437698561146;296.4554374040589;303.6822674601052;5.458257700922927;561.2191948796767;10.024081568094994
294;3;19.352781400870857;855.0084811948847;684.2070809739068;89.56541000528775;383.4657482971361;245.88002420179802;577.9991623036749;899.9675520778883;10.299914956357755;0.41381719099636116;0.5869075710638527;45.534539394529695;0.7143149719753026;141.17972093258103;299.59947417938054;304.911143308567;5.340298462930986;572.8255949930965;9.240607046946714
294;4;19.652425692584213;846.2465661310283;676.4233975596419;92.44577182420154;380.68332135110893;242.9437411499201;635.0943380440981;808.7681551326743;10.891203209898672;0.4183921850602262;0.5853886475361878;45.095963866506075;0.7335780818405319;128.04903591537274;300.26563785562325;278.91473578579473;5.410909823525815;569.0056966910943;10.877707214842173
294;5;18.59350347303998;866.3208193872517;685.621727540476;96.85049911971294;390.34593934089725;258.42448385118115;608.0734344912033;894.7296029277991;10.04148464621734;0.41269888745252925;0.5856240335571818;46.08240953943599;0.7101283732417939;158.61686909622944;297.7375614543768;291.9019263018569;5.2253854846551455;566.8926803433924;9.020422582891428
295;1;19.467386086712033;833.4434804468509;627.9246732351147;94.06724864114132;363.3953770734307;185.93568739866683;558.6685719467137;675.953147846483;9.598562731525202;0.41543413218497743;0.5813496037873984;43.566869440654116;0.7384932352085543;129.25318518726328;276.3228760278044;305.57959144204483;5.311073948078439;532.6601399614054;11.197918274956725
295;2;19.947923990269096;802.1682607803447;658.2289479694315;93.43800841479046;393.59903922825515;182.8585287641087;594.7274007959844;603.4679053044167;9.303674301500074;0.41049493307746177;0.5848460191151384;44.125935561936195;0.7316943051395854;125.48687963539302;266.16360795945116;299.61394438472;5.2677731650581485;498.5347677565109;11.269659460074674
295;3;19.965762520470562;787.3558675796273;661.0918539416805;90.60462199210033;377.9041006824452;174.18382749895858;582.7561566390629;653.7697555887188;9.450630574737731;0.41334213872786946;0.5834311311607254;44.20396267469821;0.736750059545948;118.52199882746527;264.45016930925453;286.81474836362776;5.415782216938909;495.04157917643204;11.243011451282207
295;4;20.74320159777798;859.3086770705447;662.9525949163107;91.68625571317574;381.6315878954716;185.52226122802657;560.1357845928906;641.9569316820641;9.325168516283808;0.4139311124318292;0.5857983047747704;44.19191629859293;0.7225052077641171;109.4349492819632;279.7986237110929;303.0296195741722;5.132234554813752;537.4509032609353;8.379410742258306
295;5;20.33133950334804;786.3589602453785;655.1358514605652;89.40852436449242;365.3688915383732;157.7046837799284;531.2417407414056;640.2899336319454;9.633582512581064;0.41275040972232696;0.5801584435559775;43.276751467662635;0.7356458969114691;124.17659952962677;278.48370520200695;287.757596559806;5.318594305645677;490.52411883479596;14.641189256903527
296;1;9.359056615717147;1003.7545157472147;786.9565344057518;74.23092021274255;503.0814063671672;223.96882885071483;640.8754967973795;803.6611045215313;10.588923916554016;0.39953575710558187;0.5993117468055056;43.605843559173906;0.6891222615967689;169.489566050879;324.9865738032933;311.36566202527655;5.873745043175951;692.9120162510778;9.551732878651261
296;2;9.848234395639043;992.1036241024805;801.668855900182;85.64160378781926;505.3604718698276;235.72213537766157;652.9055396832526;791.5653187296068;10.263875251610333;0.4055954133135555;0.5946492148397005;43.78372452364235;0.7062994331415335;156.12026358517772;328.2524492946901;298.258730834665;5.844076306409415;691.4338551824663;11.003412077928918
296;3;9.686595166188424;1001.3331603020121;790.8476253166408;86.61292608342934;504.6022614595029;225.34053574156704;654.9592160989921;823.3598316588503;10.58553342536572;0.40840846977605955;0.5919737516326229;43.77358617421545;0.7174291180776803;159.98975513534106;324.8766437953029;313.84427348268343;5.93324496137617;686.5603873912297;14.92514560915169
296;4;9.961566428046494;979.1949635754113;785.2313927989715;80.59750406052821;493.07250168978817;230.802434425482;642.6880636235426;829.4310321247378;11.063342145804812;0.40527166201169396;0.6006631670432621;44.01864146458939;0.7020943637609274;163.73902098767766;326.9591966214843;312.1588153347323;5.786629633614576;691.9314436764911;10.78060189346295
296;5;9.598786509016001;1001.1102293445707;802.4179031438163;85.47164194687652;506.0764787999074;214.54105694648658;649.0443495820795;789.147665232855;10.285865203368;0.40987631778704897;0.5941159131393294;43.788161507713696;0.711351537615074;163.8670224098267;327.31932325474173;311.6199088377288;5.848067121594625;695.4585945025538;11.498714812063607
297;1;10.010305105135874;961.0790997885342;797.3980219698382;98.8558087337646;523.2378532347323;237.20903367815777;611.5273109105885;789.4613904859472;10.220375841723968;0.4063116947437223;0.5955000921452847;45.6324959800053;0.703819734566042;152.18949088122875;299.3380920025969;304.83646641435865;5.7117162541272215;659.6845078836419;8.872588381876126
297;2;9.47456228783501;950.8283898276098;779.5325983328247;92.59040873250544;507.11737724424137;220.12583223237502;669.0430869647425;751.9579530380948;10.261702592535514;0.408804012276009;0.5890806857084399;45.77610986616808;0.7148327575641916;145.27320345984103;301.6184322253492;320.26130780598095;5.617306856214631;668.3270378553372;9.330479428986166
297;3;9.469548563058565;938.5487573951615;761.7726970481646;96.48054594189664;495.986267496807;234.7112312655589;673.5882635124735;987.9875396668857;10.080232127962708;0.40520618158345445;0.592924599749297;45.79188590529735;0.7068377707674257;186.0870964745716;304.7541934070852;312.0658490811202;5.591003641941294;673.5936344809628;12.608209487356286
297;4;9.757495377460089;952.5628602078546;784.3856361539881;88.54048810184878;517.5346061307188;230.63313882585607;634.7790048802036;788.2202931527479;10.141965876107555;0.4124416121261161;0.5890177163385303;45.47715745618757;0.7224204757575429;155.53402665365286;302.8574205728288;291.309177011244;5.604552130284812;668.0813669851875;13.836314645385864
297;5;9.860700059194079;935.1689134890256;767.4379237539039;95.71380644084984;476.6500526704905;237.0195331624228;687.9065976972814;867.0510341305599;10.452753604094339;0.40569340840917;0.5972168666662561;45.22063186113516;0.6941232661735802;155.39430308381395;300.59971744532726;322.8272392390109;5.608819219544724;661.221452384025;11.568741564590027
298;1;9.16637616315439;1296.4060238421823;1033.4527794177409;101.60620833237354;569.4611013426586;244.06250566864435;654.4175701462464;792.6032165347293;10.4684587870614;0.4068593066320398;0.5975114074586233;44.87619852371978;0.7068129561323073;168.29100719953692;399.72308512052683;305.4489321275;5.863934009477089;856.4983731240027;17.90565073054813
298;2;8.777001550349835;1135.6299853445096;910.188625438085;81.00121961903284;530.3312903367416;220.0898142605589;646.998446104836;784.6295712777182;9.65435120087928;0.4065959861980942;0.5973093558599895;45.30528361619719;0.712631802146626;158.02653848192108;384.66195881031956;318.8623947013673;5.642996161214395;726.812993988071;12.272062769475282
298;3;8.79898195457241;1128.9817680144365;908.9910870935638;83.84902732496995;529.5908879455884;227.78945143022636;632.0517553442786;759.7196688125521;9.557043524247044;0.4060804976174782;0.594051262497282;45.680201509353275;0.7194682826828825;177.85238664687833;381.2008337679448;288.207948358357;5.654603430179712;717.6130895286021;11.88990880268574
298;4;8.519499238862744;1145.288836724947;913.442449711335;107.55607371889309;529.1935208914313;235.9050368841219;639.5212973106579;812.8316664706286;9.705119126304558;0.40893850427030437;0.5924635523012848;45.486380477873894;0.7217867644136199;172.46554620279525;388.0811849564736;306.54798621431695;5.464904531037206;726.6730739880309;11.473451546926439
298;5;8.677806562738303;1156.514196888272;928.7961050079856;83.26866557193561;527.6146985579794;222.31749801063225;696.0340857659397;817.4349487957444;9.736579930425242;0.4045543433543127;0.5854614240869358;45.49308659369647;0.7219628391172362;165.06712353019785;386.1853121331849;310.28854551478605;5.692875949484151;725.9936718941942;11.913582952398356
299;1;19.156388090308177;1230.8168154840516;974.8124037698901;77.86780776576337;547.1093262381814;207.916128961766;609.5773858255328;747.583706991154;10.273168627545655;0.4057928613439264;0.5947499622944469;45.20275445317531;0.6966539515209026;171.41335825012615;395.75360633201404;288.76738110218577;5.914182022209088;878.3566358489614;16.205834612107754
299;2;18.1967521393909;1264.821469908737;998.9184458129206;74.53798145924019;544.3785466183264;191.01095795292233;648.246262472221;687.7581535843753;10.256787326251022;0.4074857791624437;0.5923646468411992;45.47799830776526;0.7014242487162008;170.80192184657633;386.3095251012533;336.2239874254077;5.832614889554054;897.3178390346071;13.950555138497805
299;3;18.629531809411397;1209.6289289649574;956.275631024491;75.19468253798513;533.5565633930078;207.17359215082175;616.0825971787751;791.669769626694;10.417914077659828;0.4048265498400544;0.5927203664036499;45.43899471072252;0.6903548868296123;197.92487230625534;385.47972298818917;318.7596605668567;5.829296907494904;886.7398788896462;13.103058937352268
299;4;18.5310097056284;1229.346790206961;955.0144299199851;79.33449142954615;539.5542055938696;219.7602756669218;574.1064138207156;735.756878463945;10.30997948660016;0.40813366788724664;0.5916246655661682;45.820711389821426;0.7008773124595392;190.39931758419954;388.0864358819115;306.551038202881;5.927026665928964;889.2961226124346;17.6664044269829
299;5;18.396059633781014;1224.4170224722232;983.1048475799398;73.8137134146292;533.7943271784815;219.1751694883443;647.0110179017236;779.3486948592799;10.228089688167621;0.40386381283930556;0.5898087133426084;45.634178999992045;0.7120495355006895;201.33488496332632;390.0885291192554;319.05119867594397;5.875346457611179;878.2587358276998;14.737980912900891
300;1;16.98724987111229;1071.030708543972;834.8581913782234;86.03817454995327;514.4693368914764;238.48274583588014;626.0467285337294;742.9740562570984;9.720469545205198;0.41988287291632537;0.575183579343795;43.402158413956386;0.742720773463821;155.68792687698135;372.5155595063423;325.5340585470548;5.231354047769824;693.8574694816941;10.828946186655045
300;2;16.769700041720384;1082.955562695342;835.8122584566217;77.52149107743165;511.702892108101;213.1340012108783;566.8815285474835;715.4757049947356;9.63917312411118;0.41819146294291887;0.577758372587182;44.01586105474778;0.7131272525559116;146.5072926112627;379.9353276064485;285.1057802054843;5.158893685767019;696.3472973878821;15.529861446250983
300;3;16.820156640494577;1070.6985892109606;826.9390326836452;79.71942089359008;514.2348778129962;218.76648273767685;563.604926326042;784.0804958454314;9.778906203266528;0.4231854056824143;0.5810923181806108;43.262830561661985;0.7417722994536183;158.0829699180526;376.43595985528987;300.5705336695975;5.346571967815006;679.5671927812446;12.705773325538358
300;4;16.535647089019086;1091.133987860057;828.554294476433;78.4271081117542;501.92697723157636;230.63177904944223;604.9755916552014;774.0030810962056;9.760097602642928;0.41891811018719005;0.5805296962121446;43.41673972829672;0.7433809279172607;145.3705901863366;372.3899408119821;289.4403811702868;5.2516850025078785;686.0493594790636;13.522723355841482
300;5;17.468953572271587;1105.5135562696314;840.5158020744669;85.13098199952928;522.0030847202744;201.9417355403895;621.650766967199;738.9616248099975;9.75973749548408;0.41700498035198186;0.5777740233142016;43.59869886056902;0.7373141220294787;145.07772303408993;383.5704889962529;291.5032563865107;5.316256672140681;685.3608120741424;11.631810342218106
301;1;7.384380539079141;1133.9414565293703;895.3599383713095;101.7456553314481;527.9663327410211;218.89663708997395;619.9406578446627;769.6739113433085;10.045737578167971;0.40455402691744025;0.5933824965969456;43.30284245431146;0.7008987756300245;182.0704657610905;374.8836648245401;287.09504610558844;5.299682791678043;739.6850952910219;11.249815571941696
301;2;7.383113392750958;1127.3560097327909;901.0790219738783;101.41708952118285;532.7283937935898;218.41236027544588;629.8406029212459;797.5896258462749;10.120689888414034;0.4080671079798011;0.5958045674992654;42.846676157870725;0.7146812210342417;186.01035782736452;373.470079916933;291.40069348067345;5.308682366845765;751.3071026461349;11.120997382567847
301;3;7.97976533399686;1115.0373749572777;888.698287061523;74.65696653202274;514.0997990504715;217.85075928610755;653.5856517628694;755.0015859939359;10.157515059117708;0.41244503871528354;0.5854934668934537;43.261074483708164;0.7250464725107733;177.74516641928324;363.44753950023585;293.49666458605753;5.234307231372347;751.8405334714657;10.09667224847862
301;4;7.711418404315878;1122.2680997239904;883.7434953135381;74.50878624935984;527.5673987088418;237.85046668792444;630.1277002938818;806.3090242784028;9.900226395401358;0.41168579734916566;0.5833221522949225;43.814607306962536;0.7290296222382905;170.56167962457943;361.3292260075302;302.64534202688475;5.2608499239830975;767.4690661033886;9.747797226788334
301;5;7.604627127446633;1145.3395266034274;904.1117582691109;82.96187608686027;533.3946481222409;232.62185990781214;634.2968931717845;766.3380418816013;10.230032065314292;0.4046919149175505;0.5901626617382333;43.039807540799664;0.7016060943321303;167.17558325889678;363.76488586999955;301.39221848521254;5.283089666546818;748.8503975699663;10.436023389668327
302;1;10.339121965700233;1524.2191846040062;1214.254299322144;83.92685548199267;852.8110317379816;212.36741764123659;632.5525199348513;734.5749726699682;10.160481841117951;0.4059589580135564;0.5912504217751644;42.89364830954712;0.6942541458433807;175.38686103540434;463.5597629029609;255.6852616827214;5.662728947229779;973.0156313463419;16.74926053608279
302;2;9.890887513410812;1486.5067018312238;1204.602020129495;77.87094188555113;846.6356088370102;224.08435076029642;656.4312100213203;929.945573994614;10.309049772686183;0.40838712886736805;0.58715382791888;43.300609483018135;0.6956592643854129;210.5910117037691;485.58043094126964;323.28816318639394;5.593668825607872;968.0402317429736;16.666179402915272
302;3;10.731359688062836;1489.5522836245743;1200.3065823530665;78.52531377729571;857.6134495750734;221.63987511478132;713.0290896655855;745.4985963544807;10.236591183908592;0.40768236058746354;0.5869985375434904;43.332987058800924;0.697186108121604;176.49053839486004;464.3851364512375;347.5009640037691;5.547581912463567;951.0607899738293;18.135999515818572
302;4;10.29938329026189;1522.532704225803;1202.9474059791971;85.13267036105923;845.4173127866225;214.15163428839068;648.0780007957612;773.3636256748039;10.347920740762245;0.40406563221250036;0.5939689225346229;42.837544238629526;0.6957973951079035;187.17547781775238;457.5045377891124;342.8370644360531;5.486689834248539;969.5825471685289;17.779578551807624
302;5;10.261490968475885;1529.0120525250206;1213.708762972303;83.22786399123696;859.6102275526947;227.58874168727337;648.4308139815782;783.0490073943888;10.182708321656603;0.40484429449260384;0.5923126464386653;43.14360491202442;0.6949957347607303;183.6682023314057;465.80073138484687;257.01969492139915;5.666245351010938;942.5663467911996;18.186447926441673
303;1;13.942717370589982;1156.068969276522;864.6326536989665;74.6961394871894;523.2149931238681;238.5925089524117;552.529779643655;822.7701815195953;9.509149377214067;0.4228137647303683;0.5767780573513888;42.533717042051315;0.7396023342350405;187.97341633279632;388.59397222559;280.33317725960933;5.243515714413139;747.4621903423983;15.108832843448551
303;2;15.074092638101735;1123.9606495454784;861.6058037807134;72.95225239155258;527.8125778892189;234.54390106221152;593.269359761043;774.4124082890521;9.497329692041516;0.4174354011861366;0.5801751023112807;42.83188538013715;0.7313418787765485;183.79785018526266;390.38653885337334;270.45461132101644;5.528174772205439;758.5587274636846;12.571588795658622
303;3;14.960449596935675;1153.6839610268848;866.5122967600963;83.7872540776303;525.8969228695403;220.42887292329416;617.4889715794465;824.5105928804629;9.495742429098474;0.42018228446876305;0.5773515500276601;42.82428190280453;0.7407884925619039;173.9590826091771;393.4121857009432;303.542910336668;5.297090726417657;748.5687457022437;14.068443083731506
303;4;14.340142973047437;1150.5907151410267;852.5629191907824;79.35508029383713;523.7969025375772;221.97064908630793;558.3084440904344;845.6262305894693;9.460493535881877;0.41927541016134856;0.5804650375078321;42.79660814412352;0.7377818255981116;196.15419721050495;391.93933473154857;271.42130758510973;5.270132966352939;753.1080255381638;15.578962670698159
303;5;15.106332211213411;1149.4911084072169;871.7664277708402;81.84461512443885;521.2547468659093;216.73275327249632;685.7372375639561;779.1454753960483;9.50577773698486;0.4177082753084091;0.5790953230561001;43.02968043267957;0.7232027254190487;183.4659275371788;395.00082078434303;243.86457929535655;5.391563330239884;747.7138389321382;14.351561944147333
304;1;8.60361284109053;875.4826406677872;708.1748209147398;91.39881442147862;396.775015625717;185.19257593381087;622.6876854692874;746.5686048226662;9.673349022079504;0.4044071978197367;0.5962009358856739;44.804160888666175;0.6945894376119128;128.8983929894788;299.5880772799303;318.39926283365963;5.5601233901687035;551.5112694734366;7.9854558550991275
304;2;8.615151986911755;850.6366578823242;694.757639099993;102.57940068137219;387.62556681666103;219.54109783361548;627.6492532401186;781.2401610644125;9.762060508061895;0.40765458926462766;0.5908914381511344;44.76952327330526;0.7076646140299622;136.96073109998105;294.9118390938556;300.12541542052514;5.525655567753024;562.5671483143949;10.479961338686445
304;3;8.615983511883247;852.211322255622;712.2113812948686;95.08239468458324;394.8400829167311;211.59506232465438;644.5085113027043;805.9380617250786;9.550320980515375;0.4047858676540891;0.5940921159609973;44.91174174578253;0.7054731311346525;132.72889503951583;300.3280080866701;301.7746655891813;5.778405755469961;564.6090511265319;11.798455366655196
304;4;8.775235058629079;819.6595762094212;676.8203745429422;96.5018367554196;376.21790435234783;203.76449656710435;709.545624235935;955.9395953998287;9.831075452851096;0.4089206557362774;0.5876319285534342;44.77041120986324;0.717614568207004;176.07256191120862;296.4783922411623;306.9211201451239;5.428341104247972;558.0740602208372;11.334226185942304
304;5;9.187857119311928;860.9621822857389;680.37845632782;94.43117368724506;388.75505819981885;219.42460097386515;661.7862292474842;772.4308291504324;9.669829007032229;0.40101665136320946;0.5970484651904938;45.1023588973416;0.7063177362512971;131.20521292857137;294.5076623398978;302.77249842827484;5.590743535992848;543.5946896670904;10.394965324016654
305;1;16.384848903077952;1102.1910726325793;858.8278197721557;78.37300916446694;514.0312068190228;214.46642137684483;608.6205090179246;935.8278376272117;9.663997167957689;0.4107731150426032;0.5860436140116636;43.40366292633219;0.7185884211200068;187.81482524826666;445.41652365111554;292.59643212921134;5.233485817621655;737.2413728084362;14.193713393407211
305;2;14.02431235323812;1106.4592165912584;857.1871731179548;82.07326346282758;514.8684726877103;215.08839361327344;693.732002884374;745.8738357323022;9.674933874157691;0.40870393709399894;0.5899654302980949;43.23912644211575;0.7287165041458337;141.50126838320935;441.2581161549908;307.7133987446317;5.393986273134433;738.102343985259;11.778305502248662
306;1;22.37768446690453;1144.2211353014934;864.3324058629561;85.6049055885;529.7670261517682;174.80626207189655;577.622880692855;678.4290281056935;9.519029910247527;0.4173056388553116;0.5838963609988626;44.08932626739631;0.7290037479811425;162.0500067569396;450.48149783958587;295.48966087571745;5.299556838890536;721.3983062010054;18.675237313850047
306;2;22.618318859806333;1117.078332339119;843.6368868190262;85.30373965219849;531.5745206529721;165.66028841006437;512.8321650501691;628.2197094218782;9.533466268365139;0.42336412203247736;0.5776943193273444;43.99833470354243;0.7481061235176563;156.07358507400406;445.34568147735234;274.2993722259675;5.172942861386214;716.578206038152;16.44274868645447
306;3;23.165121431352972;1115.012430316211;851.8738295986004;82.0831146647171;512.810745274418;177.2304874703389;487.7700882699501;678.9944985052089;9.447905417574429;0.416952026704285;0.5833470461335998;44.08403180145884;0.7429067520033931;167.39550951982557;448.5923097621491;267.7670456021395;5.241814001917479;718.6446317234509;18.98003984340896
306;4;22.85946260104757;1120.990143631825;850.4338755021861;80.20930575659392;525.0029394319712;192.1679772910913;566.3968751133522;700.1565772956565;9.573052704070326;0.4210763291041574;0.5784734727720637;43.90245092285548;0.7303859737777545;163.35230364818963;443.27250656348406;297.04639965812737;5.251489090036454;715.4703015553448;18.015237548958872
306;5;23.256624092274038;1127.7952244739984;877.88522851722;70.32365943996098;526.589269982219;173.02833242596296;511.75622744880116;599.6562784423911;9.562551723652343;0.4255752131643695;0.5763042730072612;44.012900577482185;0.7429410365411222;146.70187084666813;443.33798578018445;242.6908056160406;5.177406772545969;718.9675079653422;17.89167013896251
307;1;20.400847073674324;854.4867618636829;683.0795076396374;86.16854598605948;404.5960410481962;215.3514190066937;603.9552418462475;782.1865348027383;10.249441633645487;0.41967994685893634;0.5825314937703339;45.05745767028786;0.7300916248305604;132.81829067247588;304.6071022494076;298.84497485007046;5.5396786614509;523.0323055894482;10.347946269408014
307;2;20.167182654843547;863.3565002163169;672.6468476010737;90.72067352765283;397.9428880853904;205.98588449692005;671.8255731393324;759.7382040345742;10.102779362398879;0.4181054550687563;0.5838816502304889;45.060401535037656;0.7232268758670777;122.70012541265324;301.57914955219127;313.1682298044147;5.210442391276676;520.6434426823753;12.670624942455447
307;3;20.39754930803825;849.4666964325356;676.6929927105368;91.24968658918131;398.9869105460963;211.7941431311932;529.2254856722475;767.0905869858259;10.146011393023276;0.4149775146441878;0.5894846716023866;45.15808885529269;0.7092286560057168;136.01379382243104;304.0360998242389;256.32783793035225;5.228450776021801;522.1980775256789;11.46120322795199
307;4;21.16946612649498;887.2452084814365;713.5210130280487;87.08630922205529;411.8784802826318;219.82998531105346;604.0753888670602;776.5401293899082;10.206501062137153;0.41813096544469625;0.5840624815855425;45.205680767183054;0.7161077604181506;137.40160805904256;308.37441118611827;293.61145847134196;5.218684322302091;519.9933530042507;10.59250238172602
307;5;21.020907389996687;856.5350518428542;673.2228472444268;84.5839097900274;397.8193873389188;220.41240707754125;583.2529677600181;806.488527418758;10.166759851415055;0.4138603857605585;0.5874658321054682;45.23562492202093;0.7041443270382385;117.0079559917546;300.22469224304507;297.4701728344203;5.2827646379889215;525.5279367178298;14.313422155031049
308;1;12.802658495935287;1025.986122662804;802.8001645550873;82.76587394707286;524.1443327435414;240.000781326544;569.382731315331;747.9007342825957;9.935033834234376;0.405529994987039;0.5917751396373867;41.057249766524386;0.704044014991167;154.5057363275098;328.38076590895;236.18240168970465;5.5464174701596445;674.0690192309704;10.809301123610608
308;2;12.439432144732752;1026.0550804119619;807.1804474712653;82.91654467750277;532.162566009186;255.0590435115172;721.7309622844767;977.2544054143393;9.880265900789217;0.41310109385799215;0.587298224239603;40.95848206024777;0.717650209800564;196.52848792460836;341.8351626339001;329.88458666151104;5.573012229292781;650.7757121020303;13.114073169340651
308;3;13.01759404005639;1028.1381923949584;813.4179655283544;75.15024309070276;529.5740579875317;259.16093112198604;645.8768435895378;846.0038727605831;9.921427228673467;0.4150551918103983;0.5804281196193732;41.08514289120555;0.7022277656575501;166.12905030306297;335.84393793175445;310.3253316359659;5.647117316147336;656.4950235800761;15.049998200125634
308;4;12.393653981116568;1056.906305636791;852.1957945952317;72.25432657811126;531.6271544245462;249.9236397256565;610.8789241603272;866.6103988783266;9.888912412176234;0.40687636894065426;0.5889127908389599;40.872987933540365;0.6992280979711528;183.22757385539683;349.701030997322;254.2936993398234;5.54708190990691;680.7772379947937;12.89996695301524
308;5;10.927309697704532;1181.8363750887306;904.0650185832579;78.49236486085735;528.9430823149374;216.4821666955798;655.6216357177494;823.9318752643499;10.162023345543146;0.4031152271200204;0.5921753158557478;42.44613785769787;0.700609402776389;179.34869020642313;395.87226966896014;289.68358613168414;5.579576780288379;803.5167329108892;14.20079812501015
309;1;21.171053468881848;1290.551582310735;1002.3115892397469;92.4409824036548;601.4406478704406;230.8911299663121;661.4239426435562;807.3608891483258;10.522138856944656;0.4153942123172637;0.5858455808336952;45.244469493558015;0.6950499916718249;186.5443644667973;407.42901416201806;299.38946649848583;5.78778151921524;896.0938213499917;13.51274390013888
309;2;20.544286996635055;1270.1461077381873;1005.0171250421353;81.66517773913714;593.6977973913789;224.65015978841276;673.8630896601925;769.664393031457;10.304567622853499;0.4191092133304534;0.577281166241237;45.16292741027463;0.712017139939515;157.62068370250424;408.45324550462755;332.50018101211083;5.497218264664586;915.0615735312581;17.11586097700736
309;3;21.232789737434505;1267.1181273281345;1000.4372611594204;79.35221917131975;588.5743746126037;229.291861905498;601.1984818506971;1008.7037340383594;10.351890768506529;0.41571515321212277;0.5875799807856796;45.24593476061311;0.7132947157149607;196.73286121808465;405.18998460878646;313.93242236113815;5.470941530852816;880.1940247825175;10.878452136031887
309;4;21.2643399475056;1323.0194778886312;1019.7210268215599;77.88689712437795;608.7890123406978;234.34566210143487;653.3147414969447;790.8596575158849;10.37611274062471;0.4149501664497984;0.5842279422146138;45.01441681721489;0.7117742774991812;164.7285867517052;411.7385253970273;294.721797680061;5.4156040727907255;872.7165463960663;14.603786085719102
309;5;21.378215474999806;1258.9059037553507;996.6228497359047;73.6332945799413;595.0321239172041;220.19860120339143;624.370888214406;809.5647435832066;10.286958265769032;0.4137462375931347;0.5890506374099975;45.29839150377262;0.7116026899268472;169.0825281810834;404.3373651807623;303.3256787519791;5.670461350253191;896.4912337658462;15.423909532192065
310;1;14.106392301219508;1025.9183645681644;808.748071668142;90.39029909403006;461.3142450975102;210.55432171761686;585.7126016556726;746.6229015989015;9.820844588186736;0.417742907857575;0.5838865190395574;44.80659703177678;0.7220964737120731;134.18836224185705;368.3229793847824;274.0623795007086;5.457788606132765;605.662138991386;13.577712023114774
310;2;13.692666641783996;1014.4596748983727;807.9210894321595;90.42155228174926;458.2743151676429;207.7221188703338;608.3954534803016;740.9437063710182;9.954836520026909;0.41984815836475126;0.5819897123449462;44.60809092368448;0.7290952730644585;142.75008301442344;374.2668160187903;283.9969782605846;5.415150318275323;604.6229154174464;16.683661262552082
310;3;13.804641976955741;1022.7911150930688;814.060853130785;90.00470857178848;465.8810125803114;207.5308627547669;648.5473214230839;715.2801892343773;9.78963602941452;0.4182526806355703;0.5784506827286982;44.61345774926361;0.7243771272031809;130.01545465981545;370.224065566029;264.29677715092697;5.216698152230034;604.6113613763364;15.765564081253105
310;4;13.39890181736358;1017.26139500544;811.5308935480455;95.62778950267773;459.34736323491717;235.14391664275308;630.9741805429748;786.9257997783044;9.693196997804485;0.41885604873512866;0.5805004355675308;44.69114180396926;0.7240051404877577;141.06099119821343;372.95890415591106;288.397323388198;5.514848964528875;605.3431759962484;12.564313664813978
310;5;13.891909298660204;1026.4622168913888;800.0198062590349;80.7968005829266;448.9187796458415;198.19142933837963;645.4094285061;691.353781171167;9.935023920256583;0.4174576941899549;0.5795988874448778;44.35503414462804;0.7181225075898939;137.51438791811754;391.3319795123763;310.99433716430156;5.391704220846849;606.640011781174;13.73032974074849
311;1;20.81415132533644;1238.0716030838023;973.7117268998935;82.55447897779963;542.8767681802132;244.6299511590162;576.5402909069376;756.2208704385528;9.85061628450561;0.4128039542711395;0.5886141250346;44.883529163586694;0.7157766367860752;151.96864645461133;464.895038006437;270.4017195284447;5.351632725640801;828.5905671640431;19.55006702127423
311;2;21.36184854041626;1303.5299916043684;1021.7526972959099;89.33957650967858;579.4482544573759;255.96510873428014;568.6926736405478;691.8215087282547;9.713609539632783;0.4100548793283722;0.5884307737912359;45.22480398966945;0.7158313843149463;146.5133488464279;462.8515958555313;219.72877909542237;5.2840046266473575;832.6486743055912;16.096125999378913
311;3;20.816772490553436;1250.3724941879564;998.3661658369863;82.4179528335933;547.0487262216171;212.63932837967903;617.9142057384902;809.7377384139913;9.725251263653778;0.41651489065817476;0.5840758680487977;45.18136366675058;0.7432210070727078;169.59086079276994;454.8920287441036;314.2943050523137;5.214647274784848;828.4916836713028;15.42763724443985
311;4;20.77298556308306;1230.7487768623532;964.9789494412183;73.59258416776208;540.842815020449;199.6110762803734;553.4492114852361;739.9348477392913;9.867863822318633;0.41708792234462116;0.5819715628127149;45.11642209877796;0.725715623029812;182.2314481999637;468.98314986897867;283.4232819433024;5.308283518569965;829.6962742323703;15.692508859288724
311;5;21.30534624357525;1234.1031701186294;961.6217395092282;79.64099333438394;551.2607358112353;203.70164610323658;590.0911014234465;733.7484118956661;9.86524937081418;0.4193210977344249;0.5860731507720263;45.04855383421175;0.7312881070420364;146.4853842665247;457.05094337122205;277.03464306959734;5.268856638880725;819.4490879505336;14.653792106253741
312;1;17.055555256180913;1116.9550011286835;887.7037723232736;86.18517816409283;525.1089875395362;205.4094609401032;657.3043251802089;750.1105659295505;9.547295979772752;0.4169375296328648;0.5813612571170398;44.207412683456326;0.7309067497822745;161.56135890559818;408.45622518700543;302.64292603507914;5.499977439394263;716.112606946276;13.856327631718026
312;2;17.300561644401206;1106.6205634592409;873.585374585505;86.67979867418497;527.43381915868;206.83380559272223;606.0976439754415;756.5269805314254;9.619241197735306;0.4133547496956372;0.5795895522264065;43.84397128688529;0.7283473781826744;146.64710612725824;407.81486301759185;278.2059592404401;5.664183923947768;721.2023248832671;16.108863000841378
312;3;17.27337785976054;1101.8012358020899;862.4877482436336;76.93738343805626;526.3039925641544;193.20922596132635;597.0232142623622;724.6067009185717;9.507211530302376;0.4183799109389111;0.5770670245981746;43.897642095853726;0.7461522393767218;147.22334784610499;401.31040083848484;294.5417368516763;5.5137907221597295;718.51397623025;13.50756114255796
312;4;16.847642845434176;1105.298068276456;878.6414249246022;78.55589215567194;521.2636901452651;210.69975384588398;592.4240833360694;774.4858270100906;9.577354804478714;0.4213945676356798;0.5754678645599911;44.355895295811635;0.717002398788108;165.07563780216051;404.0953862710179;237.0930962637822;5.548293110657524;723.8354656981418;15.776873573847622
312;5;16.799354090326275;1089.6300226466326;856.3747078521536;96.1616798538898;508.7241096400232;195.6045130859234;717.0459089203572;753.105926135831;9.604733964325023;0.415589451769997;0.5736485433276401;44.54897427794484;0.7471984267771391;161.79685717993723;405.8748270904436;330.4407967580889;5.730637124849489;707.7326265167864;13.36577309712017
313;1;13.305317192448681;1339.5736502556852;1049.9632817404488;80.21417187107264;653.2304986719977;214.70089884900517;680.6501051065511;787.7094724510021;9.426126133303718;0.41164314174981753;0.5843816117102493;45.001336578701704;0.7356593973140901;162.23516261203142;459.00557761475574;306.51965316527196;5.501281712637868;915.6078712122558;17.01956076241843
313;2;14.373068321142828;1323.291227521581;1037.049721698386;83.09694333675492;649.8739917158667;229.73496113407052;645.3763399865029;877.4135369328216;9.74092932267929;0.4161154123222978;0.5872451859280767;45.00441286236967;0.7330580179253658;196.6764318019851;465.2905240795075;302.0763639182864;5.586649504608002;915.458245766041;15.988256669120668
313;3;13.682740850991992;1351.8295136917461;1042.173004546099;86.14382429141874;649.1985257427947;224.51932995257818;630.4994450876395;819.0397522302331;9.612475688677751;0.41845597407267543;0.5784989209793049;44.8735298538512;0.7398142190452144;163.5270003959303;461.72965601262166;295.37827173762196;5.3324011273358956;918.4441223790278;17.909959733087753
313;4;12.973878640329204;1358.8211401765548;1048.2718903547996;75.21778324744793;655.2206558254902;224.88999752919375;651.5922054041674;786.8458916880531;9.655087466487817;0.41720830719242047;0.582016559751005;45.063610207058446;0.7351224252878913;152.40254582362522;460.65884734425555;333.4846309519403;5.429928881058596;923.361891036616;14.962480230409847
313;5;12.73608945330331;1305.4540456187735;1018.4513989806968;81.47228323856706;633.3897838313319;245.23458044377398;623.8384224688994;812.9434197222323;9.748438442138772;0.4127041484095476;0.5802193052793706;45.03475346941745;0.7229862800342483;170.25928355820616;458.68177344488396;295.08210242799544;5.346001740731167;918.6598980907769;15.59556171394715
314;1;8.478973768765677;1382.8877140303293;1133.1264713426183;77.55543966403705;709.1208155007238;226.7654435897851;668.5799356537176;771.9830087836307;9.852101361982317;0.40150565292028045;0.5956913200496635;43.02326023365017;0.7008577215918457;190.44707976632367;405.7381039316872;299.5176680970228;5.930116024564297;934.6196230223209;14.190913415089902
314;2;8.468788208825936;1393.7181333555527;1127.8994561210563;78.09036264226401;709.6340557587968;230.1003537585566;752.5365776060263;777.252964520269;9.774317483361502;0.40475912277523707;0.5901513882680726;43.47832028150908;0.6888362193267829;183.45023552574958;414.53438787754305;309.59831631713945;5.893513775286539;885.3268118540747;16.9234767884393
314;3;8.566799745968709;1400.020775443294;1132.3389908176737;71.66079294185249;705.1517888484289;219.74966344468282;711.3239879648096;764.9245903626847;9.82577898235234;0.39804019504730803;0.5996476172587186;43.34245748187283;0.6812351018251376;172.94087663730008;417.8228676779526;277.6885692046733;5.942936842359973;914.3540699413934;17.672435723576594
314;4;8.839237183857332;1366.5759417484637;1110.0916545453836;81.02704565573367;706.1473093931822;212.79071653182075;761.4306683593298;814.0051267721578;9.874161725201297;0.40226621539549756;0.5924500473142241;43.14451013617729;0.6929961105844415;182.49887762145087;412.4759647676159;309.7980568052619;5.860955813798009;894.6724064960986;18.517574882581503
314;5;8.793746933712706;1373.8834187529164;1120.6671773203482;72.37689305852592;692.8767298820104;220.88436167970556;655.800514471715;755.3468723151143;9.916113638920194;0.40069121869027857;0.5963779375434332;43.45722291371243;0.6973855997478496;193.9401966475387;414.8695304058319;284.0982179501676;6.005625135232085;915.7637057622518;16.421293744838657
315;1;19.57432815748932;1338.599082040507;1049.1551898422626;82.02097332623771;636.0943918402098;219.445815098557;586.5501607440742;810.6631213511941;9.789513681452847;0.41666432436010614;0.5785877896847798;43.28496728108061;0.7616353082878837;164.64546800797297;422.6320727736118;276.00085681558625;5.115986591068014;837.7805332244327;13.706849741695205
315;2;19.739922091986326;1375.3479400987846;1052.1905248607904;82.61867959770404;642.0417217653213;226.0694914235594;607.705477832587;732.7330905836201;9.932186094723477;0.41881127444253946;0.5767671869877852;43.19518780636238;0.7529283600855391;150.69411487588772;427.662769099487;280.0578539490527;5.349870396177008;838.1181833548872;14.519467802223907
315;3;19.875908624492;1355.6018798355067;1022.2571647461176;74.00849346335598;631.6498297809768;213.7354827420944;589.8988962280841;782.5986518458608;9.815145873119777;0.41684903810055246;0.5746399436734143;43.2995871783612;0.7492353271750285;145.8764273284202;421.49067198070554;278.02202631564916;5.330474921276672;834.1391763600591;16.802772003347716
315;4;19.673893445848172;1354.6225510048528;1057.8176603990328;74.40375376740919;636.7004444286925;228.6819190076781;573.2031611307322;770.6955198653297;9.864936711268742;0.41689272497193053;0.5811318326510196;43.33960529484024;0.7363106650534255;146.87023229264852;424.9364910570676;274.5583570130344;5.16350664977185;853.7325510746382;17.36924842830164
315;5;19.568232233208583;1332.1776460751341;1017.2601293424227;74.41465744787445;638.3791059594713;229.2268436450985;682.8544257389854;703.9337146102844;9.962580300146989;0.4113088821242022;0.5867556869076009;43.067682152090626;0.7355383466272529;143.493639006003;429.3587013097689;279.31197379263955;5.147969157384994;843.6998331919349;16.119199874314525
316;1;19.042850194755676;817.9260568145572;655.5464993597519;95.62913616727401;395.9720777538221;224.07025702751207;648.3859821425062;766.0044605768987;10.317655350032554;0.415353314235411;0.5824862790249072;45.31062610729018;0.7207816761043904;135.02773080726732;289.3996705803452;299.2506165505302;5.5057931087881915;555.2163699572701;17.375622902407496
316;2;19.03305381104291;834.7640511793979;678.4668513711999;88.50355949319278;402.1492152611007;221.77869193931014;647.9714250541575;762.4726878336346;10.18163637981413;0.4156721425557057;0.5835798939209635;45.592727610512945;0.7378311338601432;129.50399388856542;287.15322939229736;295.0667847279579;5.341635493344731;562.2096342460943;12.306715804416763
316;3;18.937492331217683;809.4971470919165;654.4479207456343;91.99601699843001;392.38359849843516;229.26387970256536;641.316524736319;783.8172827726236;10.364488621177605;0.40966483042671287;0.5836400940372976;45.446217011485984;0.7090942576133724;139.42275998628728;284.49014249709666;253.8649260105059;5.371503466250836;545.045121881596;10.157022351090445
316;4;18.670940971249603;833.6485928857346;676.8300219438263;100.199880091225;402.1214669286938;257.28991869043443;613.7366352423852;828.2964142894431;10.37827718299196;0.41648252772844485;0.5812570535833668;45.1723934300314;0.7327381548854365;153.41280829952115;292.06559592305615;307.18873649380663;5.4161548218066535;543.6600828251562;11.746914646570577
316;5;18.94065498472941;828.9727170499797;661.4660476310003;111.87255318881809;397.34776424244524;232.06776674144285;648.5428075829614;755.1750336082499;10.443266395682896;0.41807306764353336;0.5835922995586328;45.34076074850939;0.7271148804596019;143.22903619312152;283.8759810065236;299.05108994879447;5.451526077998961;547.2933027299467;9.338413617413464
317;1;25.000213312258143;1510.2616843579215;1157.0337214280746;82.35106558212388;772.3284689899758;255.45048963393356;556.8930754021724;861.7258372349129;10.26347246935086;0.4204788946790034;0.5828628379949339;44.10908168901006;0.7394226324426841;185.1101958716224;477.9452071942415;275.1529513574488;5.589250337514968;1012.5045140020022;18.997539407313862
317;2;25.4154514653892;1498.3628522594322;1176.8205255050373;82.75139600915745;778.6877065256388;237.6972667436924;612.2554072881795;724.3165265728782;10.062176152549311;0.4175160891388706;0.582726282873723;44.61452365929459;0.7415181747318713;140.6561565970688;474.477295108673;288.0523872847205;5.639104245695749;991.6408889212493;17.240923087973623
317;3;25.437977864950835;1503.753615025707;1181.9306584395167;84.4656549737886;788.213206493097;239.78937072459522;612.6590036807155;738.2030761458966;10.240233762227803;0.41705643967463;0.5808231420467656;44.12848502321925;0.725113010813966;137.95943511029623;477.59097903078293;281.38285101782486;5.314821214609773;1011.359676366493;15.209111476642175
317;4;25.506350230959356;1501.3944690301585;1140.3569667541344;81.48427042674501;779.5421427992574;222.8898740531163;567.1768093479668;761.7940774542446;10.144563138602123;0.4186992715850683;0.5835016089190043;44.12659031066673;0.729825469509453;146.9565039160596;476.5235157459896;270.18645624142727;5.452082801600756;1005.1639260066735;17.86825029960284
317;5;25.80953314023645;1545.706425343695;1203.2064327848661;84.09455711266746;798.2018981579563;222.00024730095004;602.3414740227818;694.4209884256863;10.148182916719634;0.4186981034108714;0.5795033900196249;44.68803971288739;0.7342182057425282;142.76518049986996;477.0326017116673;277.51679143050086;5.290289944718768;998.423101514531;17.418723478707832
