ech;FFA;total.carotene;total.trans.carotenes.natif;dT3;trans.beta.carotene;aT3;total.T3;total.toco;C18.2;ratio.alpha.natif;ratio.beta.natif;C18.1n9;ratio.alpha.beta;aT;trans.alpha.carotene;gT3;C18.0;total.beta.carotene;lycopene
1;8.786479416791602;921.4076916955686;747.9860657057092;106.6055222194492;438.08449511457763;268.5502284524583;740.4308241019926;989.9558545715796;10.165451705631744;0.4403781281270911;0.559567533769268;41.151101686195574;0.7946265651319816;230.34132936384245;308.51229649641334;374.6793399066762;5.79579220860994;603.4800839066827;6.401625527916066
2;14.707573960514633;1110.806452526575;916.9726262599979;118.14971536699622;505.32194017586244;290.7155151941886;793.13595759738;1191.8484658459365;10.802331630500522;0.4561270226588549;0.5469617555290228;44.40076298460564;0.8423774724872898;279.15529570417846;401.65786706782956;368.3763159850822;5.851936511712898;697.4888608095399;9.06307940470827
3;9.84545749312021;828.5430934648077;665.4938342245191;110.4955755172745;378.8743731565859;257.51286354192354;781.4025004456842;994.1563410527224;10.290949367784133;0.4399839909911375;0.5575366587934172;42.52338986926678;0.7934789653402159;214.2519637396189;291.90685037133704;386.53134278941064;5.915517812434125;563.0589261089256;4.476034059006939
4;8.774867716665998;883.4342848038563;695.048778986579;115.2218705636769;392.8935904727244;293.4900513871111;915.0407855054057;1117.8346841186226;9.731117835473343;0.4431315316029335;0.5596089960795009;45.12685923969696;0.8043979938766863;223.43484858502302;306.1342999279569;426.26588686571574;5.640871521090382;577.0460826467802;4.201016896991846
5;9.938239663480283;1009.7640222958241;814.3166266380352;108.21774426807667;472.62118874238024;264.5135871417086;789.9641572880737;991.7422625839324;9.657595465371166;0.4335191541937714;0.5678640943855486;43.21254862784791;0.780590637881079;248.340951094993;347.2816695890915;364.84200027466557;5.693445837846854;690.6676227755875;6.266947068074626
6;9.450892090289509;751.5454743040456;620.6321799690517;121.39119748602491;349.2430265643092;289.71851460274394;788.4707626108471;1040.1976469265558;9.772097208247784;0.44222457055972597;0.5571183241467205;44.175916808279965;0.8037610078109367;223.43206929419756;266.7149411596512;361.46940366055287;5.648499635026832;463.9863927729049;4.480134923594268
7;9.269855143998317;793.9401233704706;632.3256717230282;88.34734596315356;356.982421132534;271.24296011249976;648.7577764247883;854.5961887390635;9.784960404463238;0.44758798953545503;0.5507842721817783;43.43047318502562;0.8149415771876154;207.28406264457325;287.1033211371282;329.94852909018016;5.779119983681239;488.5574405657294;6.071250328116851
8;7.53546434569318;2030.1045758545547;1664.5364124720659;96.19680833463471;928.8837983615264;305.1219860559214;721.2441041517839;1024.1991788534665;9.945880991159763;0.4243178279608869;0.5719369875497055;39.51862685848354;0.7576276993470501;259.4443257504022;679.6800872696343;338.9337489687638;5.357993364081565;1306.4395859660567;14.881085104224983
9;9.04615368410735;857.5196261415132;707.5021689196603;105.43713437521045;427.456883902747;291.91144795322657;765.3380332558073;1003.417321387087;9.994656945373796;0.43682854839887186;0.5640556521530875;40.50680673417641;0.7945390177211226;205.77524037451727;286.47314039704975;376.2047509832449;5.734377714403233;559.2434468255201;5.3706034289619025
10;6.5240986812357065;778.2479475319806;623.2183814764252;120.06271402330553;361.30193076790624;295.9213974531899;839.8964124674852;1005.2573292603481;10.350265541870758;0.4088867122064263;0.5963949733573778;43.553746516769806;0.7251269976171505;199.15021992472006;281.8539632337972;430.8479825518467;5.893181993688569;498.13724165333025;4.43340656022105
11;7.702154948968456;830.1143154434947;697.9908027924804;96.5317730366624;364.1332378031898;268.8113364612422;820.573651420392;941.6891064493569;10.048458398803024;0.45181129144631293;0.5449423835738173;41.050530425259126;0.8392943933290837;217.66108854095583;299.5298162951616;371.1056530697914;5.530757932483926;541.5438706082994;5.869396134229159
12;15.941984219084409;755.7469441925675;589.3651915356661;104.65439042169396;312.4556107973679;220.9348654220375;657.847354650348;824.0918059826487;9.830742440434676;0.4741008886663141;0.5299773194561219;42.96541656285407;0.8844818348636743;189.6816446287542;291.2760823371474;324.6811566639056;5.249354193345562;455.9547757838225;4.596880416488697
13;9.338697061628881;2062.4271806975635;1694.2969832327137;102.61762979814617;944.1311672209506;296.30941892661315;830.1804706470718;1027.098607002963;10.063209776052675;0.42657863777035415;0.5710944684612682;44.974634585975565;0.7578331029534658;253.351627109001;691.6094739402155;384.5913054438056;5.894676812185532;1280.4915569388686;18.21627878691285
14;15.332878596243225;1994.5943990448025;1637.7440304570125;106.67706622348064;909.9849534301413;309.9260823042076;844.1173489028813;1070.4223441857862;9.772131406573948;0.4356376990265235;0.5633491631955433;46.06494018813122;0.7840831467289557;246.5652917324318;694.7841549935767;362.0327640002896;6.002836703062723;1297.7666029007523;20.167544621048187
15;7.347468058349799;722.8099104200894;589.9935646931057;129.87262189751354;360.844379392183;322.6627380925592;955.0470705379548;1117.6676598260724;10.309507647589864;0.4124204961689423;0.5933091323947974;43.418124614836046;0.7074275863688925;208.50439629792717;249.7663147567361;432.79850953316407;5.935912203334349;465.65229806115;6.7754079211457094
16;19.855492588609817;703.7710236816883;548.8947975100991;111.58487086972893;310.2387984114163;269.4981910260044;794.1817891414724;882.3291533136384;9.466904563306908;0.4456805761871788;0.5505705641679908;40.31601881540411;0.7962885900503929;160.0780439914913;241.7087249170625;346.1103010533858;5.552202257492134;466.9135683732137;8.561105481128129
17;13.569678556325801;766.7188792394714;587.4371239929671;119.29084016521024;329.2117819977022;288.1702613071863;798.8413049481813;949.8142825636194;9.452816807335797;0.4443578031137112;0.5560205960065878;42.648501199702466;0.810482736489684;176.23343985262312;267.59458627493365;358.84223850557754;5.462678724864697;478.55663865104424;8.333693419153656
18;15.822671252812603;776.314952156436;624.2640432211508;123.36774499525136;350.37821587724727;303.3911288688088;829.9436299602982;1002.4955646835961;9.47415051175378;0.4342898362767487;0.5632118853838681;40.44403485425114;0.7852643054608571;192.43558267031503;263.83268071253485;370.7347282542699;5.404685480957896;498.31783732007864;7.819987933505547
19;9.24451158193768;735.895482938713;617.6431711089588;139.44119212679112;360.8581034935593;193.8859364765416;696.7042065603727;833.7443199432552;9.402027131564841;0.4191569273457946;0.5798507875264038;45.74206615848915;0.740426741101581;177.72053921115432;257.2845278171254;356.37272689870707;5.858035104226301;468.2468873398125;3.6849483008132644
20;5.8658057120505935;630.6934076997219;524.8514752292933;137.8383789976016;292.2809404571052;232.32061742889732;796.1302791122125;873.1713026433813;9.207662129541848;0.42507825639251834;0.574227934460871;40.75433373515686;0.74822338799641;189.5920422295457;225.52209959877777;356.909046287141;5.695915223020367;406.3842179658658;4.086394217229369
21;9.831154067885228;1121.0935222797434;898.5490307693265;125.20506740958334;497.17198099340504;215.5551847116506;708.7920202815986;788.5691224637136;8.864776778235985;0.44083985222920924;0.558625955359142;46.03430926363755;0.783114344531994;180.94905747137062;369.4801059604905;363.9500207170627;6.011682961984212;733.8912795426637;9.180203905336004
22;13.599785773578692;701.2738033418278;585.6487611149626;115.74303375700372;336.2066863356818;250.735020996541;718.6662022808249;882.8568972605906;9.565354088651265;0.43915335215375473;0.5607085343047085;42.16102112558585;0.786664513342896;157.83388476867802;269.83498914275054;363.6384275105662;5.892082632263441;427.93049619097553;4.244149800190121
23;9.397729281869086;2324.1694239348462;1927.751249202527;131.55980007198116;1139.288194411778;373.89632248777815;885.0147840724458;1319.46478188591;9.943311265792525;0.4327213693600185;0.5677616501379167;41.42079248702089;0.7681648521927035;352.1464008807651;756.7141427701017;416.2760062323875;5.254721611146775;1549.6256639579137;15.222175028842916
24;11.666772576584668;797.2329019273218;613.0154028913669;130.46858196049527;348.9890480172286;258.9034495539705;753.818735097225;923.3204148551304;9.526508913317324;0.4465666270400456;0.5526637145468847;41.29907664044491;0.8267178369711667;181.93415994536082;276.1083435467091;339.3472929315584;5.4422245241080605;507.0630145376884;6.2438635816296495
25;10.126748982607504;810.86509281143;608.3913779555932;135.7390595332451;352.16422663083466;281.7458439766992;784.3319801052666;1116.3821013889926;9.629834255524006;0.4369112180821066;0.5619622535155872;41.19066251410956;0.7888590810193057;226.69971277679616;279.88060888917653;379.4521815140321;5.315388103081639;485.3649642045387;7.285045865962383
26;9.464158873751387;756.8642187329634;564.2771843026418;127.11862686800063;312.8024190932607;233.1520109652341;677.3326938866574;802.208231425165;9.420572051306092;0.4446047362993566;0.552655813304252;40.728870531576874;0.809970417627253;170.70139357511954;268.8203145874353;330.0076434799515;5.310561784923087;463.3009457562438;7.490221283636631
27;12.971851290054781;668.1872862447393;502.416670292566;111.82778263974251;280.09890584945754;224.76872083310337;719.2517381171835;879.1217810194858;9.601723853858593;0.44166640560942405;0.5568698651355977;41.112169749616;0.8045358167910107;188.40992965539638;245.8841080784573;334.8896920683587;5.436112358550183;428.75885745185394;5.413335773434525
28;11.899889192636206;646.9696331780531;492.73813787254346;112.7257010450642;272.26493225428186;277.4140773244976;738.7909312501873;914.9200722051626;9.731362909918394;0.4348230228323383;0.5655235229758466;41.35667668202596;0.7867096064587733;206.36066989971224;234.9661134305678;340.856973942237;5.42832687980562;444.7712802917864;4.456165067975116
29;9.781522973902366;601.0494472293185;489.77300704557376;121.67545251954247;263.4280367130257;243.27509611260948;707.7791859777299;907.0036385016153;9.395152213230855;0.4406236178290303;0.5592568725793681;44.586974124232256;0.7934527186853556;183.63921325520977;226.22968807083248;359.1427480198323;5.5969686978723985;356.741285541539;3.382253680371781
30;8.823447029075364;507.7829899217405;405.68855029483746;117.3881983807953;229.09401934230715;278.04296207805754;790.3626264710025;911.1032993139455;9.284537518879905;0.43221101793464933;0.5690739735589202;42.84262993644873;0.7884236342676344;247.9753549692541;182.19610542115927;364.2867546716724;5.478730347825028;330.53120663686343;3.5078049983997333
31;8.29278579433608;453.85427477672147;358.99893145835335;120.57965405166956;187.5657512818159;238.2770419141767;795.7128491097571;874.1542454762533;9.619223998827348;0.4253088736341789;0.5748180836140611;41.34553092148684;0.7598868918764442;201.04638107860177;181.9684284957052;354.3013015959649;5.532846948549563;287.15435048957556;3.0696481468128396
32;7.894366109314015;444.49141390687527;343.1656553168599;131.9595696276935;178.62002748012793;237.1591436561812;821.066295054726;756.2313252004826;9.449041560973935;0.4313554856848925;0.5711223196059682;43.99575193174719;0.7682180163601904;209.08133838235622;183.05182466524803;393.80191481814455;5.479382711366678;287.4370715631735;3.677388132246456
35;14.061055804816629;749.8393690065984;611.0700718276053;114.70590241703846;350.18175320368044;287.3844379342888;803.553691340276;985.450836979698;10.083703053552647;0.42597946430296885;0.572650678935567;44.40268686036284;0.7593975688849357;193.71249147857378;274.40939942239766;396.08952800048473;5.6112055468439035;488.0114556063769;4.003590944141084
36;7.91238527691533;2227.742412371285;1789.213048085708;110.04775543111546;1051.6235813147082;345.4021743512227;826.1416131013168;1089.4306747499581;9.585940617949372;0.4182227823870971;0.58334414594599;42.12860143334272;0.73555330720716;354.41693490965173;755.6208710451127;346.02717597487504;5.377509839325549;1520.2558002546943;15.209114888937956
37;7.473556043771825;1503.1810769786362;1165.0565712167847;92.46713899341204;636.6595102799778;340.6547674658443;869.2372061537606;1176.2138773260708;9.833104293996609;0.4215840512515648;0.5769028338768896;42.23884842089724;0.7539286503656697;399.3721938490915;590.6482423669341;351.07895475949215;5.439163582109067;1190.9444806611057;14.172987849342112
38;8.75591290335375;1274.9682834024436;999.1905748646456;88.47808413084121;531.409449296742;311.26755588899204;786.9973551329766;958.3884473405582;9.287014971423812;0.433896934577964;0.5668074057251815;41.63115060728846;0.7859084033876121;331.89316883974953;434.0785579235602;355.15798113676755;5.357352735934607;805.5038203857117;9.409399543944264
39;10.924293386281516;1171.399580366724;923.0837571999513;112.18328578269328;517.9438613608072;310.0555766125438;827.6376135217404;1044.5427673450931;9.76103201869019;0.4217083556967657;0.5749069651379127;44.99332882479072;0.7467262698240249;230.8002911409697;406.1666781640718;376.4818468778346;5.348308180410002;733.2633144557543;6.262834381115306
40;5.006794985322772;1302.8545242816233;1022.9844408139849;93.0811360364305;591.2891215609028;309.0252638534795;856.573590301871;977.5133121433661;8.875635215943664;0.41637227903723345;0.582770250658798;42.093217825651216;0.7216330035268321;198.1237170082778;420.8033463905184;371.00588793510326;5.3126859608665695;876.9239146820013;6.689554068310779
41;13.69743137664924;1523.4298578361231;1207.4045010368948;90.08917055638737;778.606642968922;268.6376399183258;709.8866730655403;919.7875179964492;9.70478500065052;0.42192460480926436;0.576968707907836;40.971318556692175;0.7515530390207574;235.42360672063222;478.38598041185577;330.8670346579618;5.433250028780316;1056.899367135605;12.514278469457874
42;17.008180766520017;1827.3328737008167;1544.1815156835075;89.80253209442;925.9612006244361;278.61142337728336;734.6339127177082;846.523872379263;9.925841127798048;0.4303795585523493;0.5687311697667227;39.97543603285548;0.7631880625896856;203.04476834142125;622.777055575762;311.8863086133263;5.206313357357087;1219.1744652781304;13.193990535175331
43;16.66711587939063;1275.4428031630214;1026.7739732222085;141.05773494500718;579.3045742301005;297.52022573678926;825.2697011290671;1100.17281321572;9.552588530474326;0.43664534821526163;0.561465778972573;40.40463262173661;0.7756918104181991;234.19185999757565;437.12131053769144;269.80341209220177;5.3730504759313655;844.6908477670088;10.575587254423755
44;9.997212240150615;1427.9350009563439;1166.0289106006335;90.04546343834409;718.4695827086349;263.60205941615675;658.8636786334064;860.1130772156815;9.486168029025142;0.42218479005737564;0.577644928555736;40.961875621388046;0.7369228781755115;213.15256398530204;484.1292590046388;301.1983900435838;5.915443298342645;944.221089843033;11.2884978925646
45;12.700083631666754;1075.9092627061186;843.3479747146939;106.42427022874308;495.2670069647929;177.91290123113492;534.398065370946;715.9128780956587;9.190888474890958;0.43402186734530934;0.5647019285162778;40.31381457356887;0.7858338019208995;168.31248044967506;363.87135864950193;245.90308987091007;5.256113123801509;689.9935639176778;6.764647021201972
46;9.808070854026816;631.5865156696934;504.5781164485852;114.71651746053189;280.70496275240646;175.6589254104178;596.8963080217334;715.6343185980049;9.193256521073398;0.44554073372728176;0.5574433086347739;42.92077461747609;0.7934178877284388;157.64686373866124;232.72066798693467;290.6436881694998;5.604512103205177;374.448203538013;4.519063847040426
47;16.39933531119451;1594.9192962698944;1288.7908635519145;91.75819707630761;780.5616122842173;258.09873802046513;659.1979642011682;903.990738195499;9.385623478974484;0.4285231886555059;0.5710369476461883;39.993432758122076;0.7619307434268201;227.72877624081607;500.6430293403394;270.25745718095425;5.579992377465869;1137.5753353419566;13.684962210359293
48;9.99052647722681;1166.6598480367684;947.150676210872;83.05123669148199;543.5133575454619;215.59444123082767;568.6691661090937;780.0570698175718;8.394817448081561;0.4459757459340385;0.5516723084723981;46.63762087564523;0.8117224453681429;179.03616423662552;401.2434911692259;263.24915047814943;5.949159831362785;759.3648837453413;9.224249841884461
49;24.97677826821285;1235.9756233680641;960.7885102583778;84.99745262570454;540.7163108595184;217.30700699551463;489.35527906308187;692.5326537555763;8.330760426285412;0.46526349063755595;0.5361709872865028;48.35035104425901;0.8719785602218962;115.34921419089892;432.38497422373405;262.3589053754564;6.453841337292097;691.6839314849254;9.143451714301786
50;9.192755335883945;987.2607846716239;790.5362313048954;105.27737804201695;440.34929828391944;219.19751480757554;616.69439796347;748.2688206095411;9.991595862133769;0.4275161852300573;0.576162630217965;44.904201546385764;0.7509515641717549;131.14476801423106;368.39658673390784;284.95366573926134;6.192626997655256;611.8550948906877;7.65768948195733
51;3.7885395618292868;1318.6174037586743;1092.7460262139348;88.52204058670512;700.2332053010675;248.49938450831877;701.9944745018047;845.3319882319516;8.763385706136022;0.3923911820359419;0.610337332417617;43.185144412004874;0.6823433634681674;178.81006767304365;422.9866047573146;295.66672843831145;6.422037348653942;923.9662487009298;9.487678172014387
52;11.01867477103016;447.3860717946135;358.8000610639631;92.2859724919459;192.0411637585962;126.81552062621329;552.2595930061241;499.6283016668247;9.518760842849819;0.4399525932003631;0.5651610137319538;44.31327772401787;0.7992886653480435;93.84376711567141;179.97785361522068;273.7510236115957;6.040087778421109;258.61783636178154;2.864443856109138
53;9.66140938880831;1100.2931843914912;911.5022710033725;100.00714626399095;470.6270018178492;270.6428002052041;660.6199451205791;1048.5129912780142;8.682744247521164;0.4503114758230752;0.5512302171188319;43.64181564042284;0.8285426242446878;283.4611217258622;412.86893438183705;290.0133753055863;6.087482736624107;747.6790575278883;11.553722928072478
54;17.788141564441446;686.806340821174;508.96718075778443;102.07598376679407;287.40664410755824;214.2871061167641;649.6820475392984;738.4454570196142;9.501371627885572;0.43418496239265564;0.56808292311644;40.94614770833717;0.7906437613109969;141.83393634230762;251.41297663359302;269.16078772373646;5.80036885042262;462.37551568663946;5.316936072887917
55;6.327839431019681;1318.8577471545063;1079.7398919797129;88.84890645209909;660.074023220333;251.04432647236126;716.2049293691108;810.4039281232162;8.770331149097984;0.41604733560001633;0.5840803973212212;45.52211228998745;0.7535115399452402;179.78813039701654;448.0947252599705;298.47340147781824;6.429223795658686;901.9185931307493;10.129772841554802
56;10.491524624246287;1117.0375592230976;886.6342620041305;98.83952752831723;469.46938045588786;225.29102666451678;658.1196535021073;803.1541187480054;8.955105251003257;0.4444219387643177;0.5558873838896183;45.32434697487417;0.8134095654191368;164.1057529640206;426.63450769223135;281.9164647646625;5.875720577066846;727.1580164385533;8.712604197680928
57;16.58789225491096;2232.3685956210165;1779.2909897887366;101.45302770617585;1023.2936829343107;251.25024648183162;688.6961956426289;898.2114865329671;9.004246998690794;0.41884726780795634;0.5841124576259359;43.985227444289755;0.7388053236299831;171.57912879756276;713.2251890615031;291.4957092827518;6.436707520961448;1456.420098997892;14.791171610105986
58;21.754434980616878;722.0315177630764;540.6528605438726;100.43530970263365;282.5940772000323;214.31842330247596;583.0567670574488;697.6175033579132;9.627333102252098;0.43023586804412267;0.5714818872250322;42.75408506367491;0.754472260205069;127.18457940093035;251.13524330455226;268.2745404918212;6.05852627526141;450.0511836667756;5.132504757108034
59;6.012943542757495;733.2303224963857;586.0195801831312;97.70225595999042;338.75353120996454;226.7892423066297;661.7854294724457;956.9638792216172;9.582410896166863;0.423931447872781;0.5802601915144292;41.09548387825106;0.7470847403682466;259.3423197606354;273.3112183202571;285.34060318572426;5.757627646435639;524.4348947756114;4.537027566540831
60;9.02056966281678;681.1540071810977;551.1922948635365;100.79448820024639;309.2145075277866;210.45546392939218;636.0130209222496;764.250553478634;9.762680437697796;0.42684962619947137;0.5722651914360727;40.46133833116939;0.7538058286674223;163.721704215979;241.93878414021796;266.93994918553744;6.015951775499156;457.80053799321524;3.8547015124316735
61;7.454877558647931;748.9255276771431;623.5942542499123;100.92783978576361;356.3439046930847;208.14229361450072;639.2556626640002;829.1118027843979;9.647717826101946;0.4238506352042366;0.5736190133161381;39.32405788176698;0.7587628538103863;175.23348774502247;270.22488306031767;280.7952920035401;5.855632110511694;481.06271499445165;4.485309551738778
62;5.884580991167173;757.0052092423796;616.4172447345986;97.82489420067445;342.3997497275665;222.38219576888886;645.7749781886763;827.9535283952907;9.483207794989685;0.43117903310431804;0.5660920376669433;39.474251730220516;0.7783902423643274;190.86912368494558;272.50400031980365;280.44530891362444;5.781042972497134;473.97949564682085;5.053409964037235
63;12.639705662947858;1240.3015600008848;974.4209813157007;78.72870001621936;542.306536274208;189.538061903425;591.4132986076845;710.5858763494423;8.967527771966894;0.4471773644656426;0.551328662639319;40.376511228241995;0.8140290704607634;168.8033177320654;427.67266030614627;231.21828255583154;5.332780102741326;819.8557420464974;8.577564582573498
64;19.61263223487799;502.29746195987053;368.8369578586453;96.89797331757131;206.51510311656966;191.31888201263365;528.7294262795724;742.209372799182;8.94571235982122;0.4486853143361456;0.5483238755580664;42.03958941673413;0.8109527873970587;199.25821345794378;177.64771600943624;228.39770001675447;5.510903902616873;321.2699090748053;3.6448799925447837
65;10.012466003781293;1296.1394802377026;1053.1187534375806;74.10988865931465;647.6765760920832;222.72412926500118;555.0618411690714;679.3154725505732;9.019364253670567;0.42776031238329393;0.5678895662603962;41.20325015133335;0.7580303816159667;184.46531808000276;424.2638990334267;252.9668983362332;5.661162791124272;835.999919439508;13.16690527953204
66;9.074095946252783;1358.5259912851593;1118.1722646150429;84.88450555512276;688.9562130334658;227.63451640058446;619.9868505134925;779.973795509182;8.515296356054769;0.43681195673547607;0.5620628372498404;46.52105260894508;0.7741792388261856;187.10688504050248;438.35800457623264;292.62317328728255;6.246991194409938;877.3714484481227;12.870235496870174
67;31.591921581036495;1199.309783400776;932.4856615614832;85.06605649407548;499.14866805106686;191.6449941672929;508.1775685509867;748.0780887234466;8.257768973215985;0.45865119681791244;0.5367070123495155;49.34178868165094;0.8599572057661102;128.08719135234207;435.37996691495346;256.71390431757675;6.178558673159142;696.4487158471577;8.856727827498997
68;9.517017715394383;2255.438995078227;1829.6641748871048;96.59623965747328;994.9145842163625;252.7361417128221;625.7532916553121;830.6285312561722;8.709079977112435;0.4401765177018577;0.561002592427756;45.54461019667517;0.789654988227628;164.58199446619375;741.7883981135292;290.43573174357;6.011743743114602;1402.5245520792287;18.591490374554773
69;10.093966564492396;2050.0093626525754;1704.8996590833947;95.83089383632519;948.5168208747679;270.073516253044;598.6357073805501;835.1494765111531;8.989110148226729;0.4383111801397709;0.5590103220975664;41.3592215545067;0.7920658143408158;217.9245594829328;687.4657999975683;273.6802653437214;5.7114714825570045;1088.7905549075294;15.35551575691269
70;8.574885236662038;1191.467954555774;990.3848151113134;80.21411846405756;629.2112152123425;190.04784824369875;547.4724477389321;689.8456126886198;8.723906200266246;0.40642086344658895;0.603085748769236;47.93160713703979;0.6878847123924117;136.61981312608967;381.502137147476;270.67903059386117;6.488400690965389;763.8619867414706;10.373607462642642
71;6.428766204006713;1111.0594487318592;892.5607707486193;81.9987410900009;503.66987407839315;206.3368984025621;631.9216837348043;769.9755634935639;8.93682015888006;0.41137968895766236;0.5908718348931405;48.562938380246614;0.7359797623479822;167.7030295325813;382.0636869068205;295.6344039101286;6.31339481005567;720.3599691525296;8.316441037644626
72;23.75874941875633;791.442474737858;662.3532749854287;164.45791174470628;371.7600055288433;192.67180151971166;648.609616039093;797.5726352017674;9.66186251051566;0.4578355528946737;0.5440317589617143;41.97155064546597;0.8646220892704963;139.8424854369794;290.77608516688156;294.86614723766786;5.683154712146084;524.0641762701548;5.974763266183617
74;9.349744251512059;562.6796273396494;497.016881646201;157.0011067829005;266.89155397870593;212.72257389270914;698.7550578622519;861.5822818880961;10.054385002139176;0.448633208394591;0.5484088243184585;40.4732829197726;0.8343010261339561;164.61609539846262;223.07963024325628;303.77828043306937;5.489379276623072;327.60227370259;4.09120567992179
75;9.290989563787145;587.8767966196874;523.7949369256603;154.31812964363002;279.07879917291336;212.82670310162294;656.2439831097379;846.2478713301138;10.050782667294897;0.4490116894259213;0.5452833056292374;41.09296345253087;0.8457549434059761;162.79329483099326;230.25839441613388;284.5741125236054;5.51368052487568;359.06538366760594;3.925536654639668
76;15.881480340803947;802.937861751212;633.8720031238907;119.87832365409656;348.48120863866285;186.36209231281583;591.0672624305429;695.4091668925728;9.060902727764605;0.4524047194249207;0.5458073746124347;42.67564498429469;0.8488861316483298;156.15700825875558;280.09661660858893;290.51071746374095;5.7259243332369305;494.4052874789888;6.56203387681623
77;9.524968533612029;1053.9795486293572;818.6331481850544;151.16540255181684;462.16114623332425;193.12662322413954;693.542434834342;858.0293805632721;9.304085737928864;0.4525926959861445;0.5476222487406732;43.14098841663035;0.8334154126514811;167.5753151624393;388.0471698936609;287.3784394843923;5.26551249555165;685.1157182637553;6.2564936446372625
78;23.84367175890727;831.4590419731605;665.193905652138;149.51055700084012;357.5808928021213;203.90513830281287;662.9731824292336;814.3787557108473;9.220370411304378;0.46579511674880064;0.5317659920476953;40.90815581165366;0.892291483909637;160.9169606770503;313.5422071003204;282.7585092873613;5.384207778472172;482.9773226352639;4.766596323690215
79;5.874337821439382;769.9913546142045;635.7797546338818;133.88714497001817;355.3252080086011;211.42080622179992;641.3716137413912;731.4487486042738;9.28869569490187;0.39823188471137005;0.6029097915361212;42.01345956352187;0.7036842816690588;166.51523681687496;275.0531856336203;318.02893431200994;5.657314875871576;504.37919398731174;5.013514371249956
80;26.992713777921267;1179.7086045429855;921.3722274653501;118.32759333172558;523.5608230018156;221.72333838628919;672.7295555518386;1055.9553267551553;9.09279604952827;0.4503923195629162;0.5541755236712224;43.769404627287074;0.8059529245364134;278.9243069389805;396.1117050544424;311.77512536180205;5.480124631866585;795.0512972326521;7.406652350703456
81;15.034074054603892;792.929528099754;662.3717914245856;139.37485933884773;364.1884070549754;188.35002968919218;641.3191666306432;757.1203610970085;9.466256198032461;0.46998546945196223;0.5263875707048775;42.361255570934624;0.8741800142444133;144.4316248268342;305.7168476447988;295.79020978635697;5.360247822120335;476.4455525421612;3.9203855534817316
82;24.44663915955455;917.0304263332666;719.7647183926786;139.381164204325;393.7818505079548;177.24708022902692;651.9015587323754;673.0546556830983;9.129405328625399;0.4775958489650769;0.52395221113568;41.83360919002828;0.9235512925176057;136.0430006037219;362.01371071897614;299.24826937120343;5.3624539348401745;570.8184966387796;7.684363983089836
83;17.47403652619082;1006.616110995011;824.5380501887837;135.91707884733532;423.46869296548493;228.41394998742376;694.9098711688162;757.7285829290076;9.27711828887426;0.47140576448363847;0.5215944694838714;43.343967334480865;0.9071873322163675;154.5845342867187;420.29552027051113;322.2580292321777;5.38466595764062;580.609385574965;5.361281782463798
84;14.52540512037391;1288.3192930403416;1035.9943816435093;139.74187845936515;560.5784340120168;274.2640266744307;740.2692336645933;924.3067644076898;9.80026600029954;0.46577415595540916;0.5324111529739278;41.374057898796224;0.8852093142927231;196.86873714526686;494.8263050903035;358.81068085822506;5.29141788625518;779.9985043224513;7.554504119897435
85;11.95372865951555;887.8332922277374;733.6256882143311;134.90839384426323;388.14378287055433;244.10267877119367;739.15816255156;840.6380425640169;9.242217001157304;0.4722472881976859;0.5245274814098314;41.58181103924138;0.8921082348203454;171.53226759059345;319.716131124958;327.6851454010087;5.4965524471167235;541.6595003771872;3.602949632282452
86;13.77506423374891;813.9901518333771;681.9651324938952;135.6377635790685;391.39738099664163;248.93332205637452;759.1877880243247;866.037138965388;9.587170101836382;0.44594573185418396;0.5546152522929519;43.1508874078744;0.8353539879739736;154.363588403846;298.0992567732809;357.2758974554454;5.623255639206606;504.4593337995585;5.475421256389152
88;9.191815835561703;666.7901208909689;535.0737141982765;140.2103896909033;307.61654540998046;216.03471150790148;721.7194136633834;847.3800646804988;9.527226785211102;0.43065606420253;0.5674681413734649;44.23052647855128;0.7869413106173689;180.21686102160135;238.94442980469498;316.3352684108083;5.584220344555435;422.1133724895394;5.155048351626235
89;14.047660312734985;888.6693167295776;679.3776126613409;141.55588626499042;394.06327606502356;241.8280359894568;730.3694705662804;865.8144462171925;9.332816197401758;0.44341603899196746;0.554456301223517;40.708635032118266;0.7809993608238976;125.3321012983062;323.6422700795295;287.17789490906205;5.3411221997916885;576.4161335263191;8.63570006516609
90;18.435304874162934;1009.0368285622383;838.2556193907124;134.9920434024844;505.7664383422842;249.05770761514518;760.5750622643648;961.0922874422;9.597139098956633;0.4412979756081947;0.552225937293942;43.039611829654156;0.8050067692752005;181.77252666122763;328.9145131297017;325.81015102047536;5.4712679834691595;614.3753401119025;5.0002618983299225
91;6.39177850021262;1205.1811636699765;980.4881985295942;147.835933471635;576.5368756570676;254.17489859339358;941.099196873409;1141.4121124140122;11.079117062462064;0.3710988472176598;0.6269520327552195;41.70814305681481;0.6149545238724674;223.31878771069097;375.81792261324773;387.24228980040465;5.974689412240763;845.0043014617746;11.555594850069465
92;19.11646177912611;1257.3505198442865;1026.8367989330495;144.38298275612505;598.6148602838948;208.8184443157429;682.8739852390186;894.6402559810198;10.809634335321478;0.4265926423834151;0.5720922205906052;44.25982429820175;0.7439776325519263;217.4965090427508;427.5732913101445;310.70893395304165;5.718275044940404;816.5324621541421;7.994903453987556
93;16.524975127682694;826.210031114377;660.5712737935629;143.39536405805998;380.01381347031264;241.5719318434838;740.8137610386042;892.4526182341336;9.963839724267439;0.4310756889554602;0.564998976744069;40.3665253528426;0.7591689081561339;152.41895599155663;294.57403049301604;324.0623655803909;5.562549272729856;556.8877093074412;5.1520552203101175
94;9.805900133470043;796.5127596577901;644.2597453934025;133.77225779474628;381.16379244187846;205.68059903227314;709.6814403771199;828.7376050824054;9.575616780463;0.42580781909624343;0.5707585647543317;41.36233339406967;0.7681613380593038;133.7680237726834;264.40841797087097;327.34490890649965;5.830862130634498;487.1902364055774;4.627891115508545
95;16.10731915539139;958.7305360190006;790.8091924344833;137.24091555390456;507.62093831317225;237.31215439220188;697.4271817072301;909.7494570457911;11.275825348909498;0.4062742913204465;0.591577246602871;43.54428914096188;0.6803970582233473;168.4071999165204;293.6763312180795;316.17314961949535;6.028203564626344;663.7900457403196;5.076870728822451
96;4.72962321754998;947.332979489904;778.1823734499774;148.78223879196258;502.5068524594473;271.93689346913385;920.9458333444451;1050.0688283021307;10.769755042492763;0.3699747338394211;0.6283792582187276;39.03326709238648;0.6150250021638406;186.63274340721335;292.1712685810916;394.27767187193433;5.435535351219284;661.3883361891419;3.096924144357059
97;4.145228110498728;803.1718185061779;666.5519606900696;138.34395916840953;402.5654369705494;252.6296024789956;852.3934232541005;957.702056326582;10.01716028848876;0.3665076646012122;0.6339077777859559;42.1949184200112;0.6035127900846786;156.5056203194393;241.33806012159607;367.25762634170934;5.612657669667717;564.3291277548274;3.6734795138703555
98;23.61184442622125;598.7842016186305;483.127446789145;128.46120120529787;270.09359209482324;167.5507641839672;622.5884344912673;663.241636973608;9.620838980526658;0.43615848633952126;0.5607393261654361;39.69235255417389;0.7787637356811974;143.55439676301305;212.92780294425742;292.94570568721434;5.367688207838287;376.5473825849978;3.9393957237193065
99;5.050267415327061;790.7819007839423;664.4494892902088;140.001723621802;403.63416463088544;254.95757715870332;870.289837642802;1017.593394939054;11.449524977917005;0.3646265918522228;0.6337347492013479;43.72925175262726;0.5906336237966129;179.58374593781778;240.27836939738103;410.12250779636634;5.756231995195066;568.3680131779328;2.3783056180524507
100;11.722118597901934;857.9630908401614;717.2972125048962;133.60201076760418;410.9864380229398;252.19007111165766;728.6617219907307;855.0821414554568;11.134480342457433;0.41120475249634436;0.5871784870516066;42.13474316845186;0.6966023645527544;163.24768640720401;296.8493932175863;335.2536513612008;5.504211412582238;535.4160207550602;4.718383394052816
101;15.847639493835882;858.2267258850363;691.9478453741872;138.37885961106372;399.6973642119725;206.68431658059112;674.6692124554704;752.7527420111591;9.763959911498356;0.43259894650372493;0.5624602911830721;38.99602867929723;0.7670493110558922;126.11326458488216;308.0722286033573;307.08780311444104;5.332832121818153;569.6690087062041;3.1502947690578296
102;4.306606056202445;774.0967346898851;636.8323913824977;140.53519207314676;371.5782873525792;263.5034106911603;887.4156659360211;1082.2059571508587;10.044024606356754;0.38095247582245634;0.6178710749142352;40.63946342764002;0.6521776689584025;191.56523708696915;246.21906833854274;391.78633388472844;5.3942527915480785;541.8068820853673;4.040215629176634
103;8.757921732306476;872.8331260364017;728.1089351048489;144.20121982492833;431.1162021117135;263.4452919712916;811.0892828075253;987.9810414142748;10.38624381022068;0.4236687016171924;0.5782639849184802;41.50806834882739;0.7297721753041848;183.77078497567405;286.42211954493786;317.96586714534044;5.600577240002851;609.0764048038502;3.110961010698918
104;8.446055403389789;880.3128930298465;739.4572567763171;133.46634580883307;428.81260140899815;254.60108300622173;768.5750180870403;885.8075931230239;10.136093894651937;0.4117888623324516;0.589231610425918;41.1486882504358;0.7286518726519933;168.54905148753264;293.15103076219464;326.520136136541;5.5095964390249925;582.592215752421;3.4978966412787473
105;7.481206062203531;968.7048796827132;809.5909056224575;152.5270047641687;505.04357924591613;239.04262045304927;800.6318023670772;934.5605202183845;11.183793545535002;0.39529718908156;0.6037178406884555;41.77692996893549;0.6708627318308693;211.5354091963974;306.59392113331694;372.4059180769428;5.72322296041866;667.1515837348013;5.0737652167793375
106;25.045650100617642;472.5750074825781;369.71263656725057;134.75433634354346;194.36717854200393;214.71010377169446;694.4100811800242;811.8512284879214;9.692232883982266;0.4457138777364008;0.5484198303757324;42.51177057503678;0.8210659921972484;128.4868328510109;182.23083310720503;258.0646189057594;5.459212024993416;283.91400165527244;3.7859835629565355
107;24.032952114956753;770.8230366007047;627.0983317753828;145.07722249144172;352.40109014168803;226.45405139270906;618.628575017591;827.1163098299754;10.069146802375359;0.4497703911462434;0.5450617082379122;41.06749894850604;0.8306312214677647;129.89678974208994;287.5625301257147;261.20431439640566;5.4178178069922875;461.0756976796141;2.5330532112949986
108;8.206616464323757;949.4288104560931;793.102399008278;145.68022342324736;502.8471548360615;262.54298006432333;853.3666643087683;990.8174964546743;10.40020668995265;0.3942766541662992;0.6059748471535106;41.02650982655195;0.6919372867986301;177.5492808451621;297.95172131594165;394.97288032671594;5.770764371918508;677.6063991192166;5.521783029651968
109;19.35916886329944;720.7825648017644;590.1640599501437;161.25873948516673;328.5606460089981;196.28187492631756;659.1005861482909;769.643151131428;11.074428248852303;0.4413676852962937;0.5539700194508264;41.59461367887817;0.7991017339184954;108.52044922690318;257.3398703496647;309.84095131397754;5.906620471901102;403.38329739826275;3.221202938100144
110;9.74728996215458;991.7611755943087;830.703029932372;140.71578501905097;525.509117851916;216.1983875296875;721.5509501168826;962.6451190520204;9.427980166549252;0.4563638129535189;0.5394713826170265;40.32782226292535;0.8468161656367401;198.73972768934254;310.2938537243354;320.37681005313556;5.77550716147501;710.987167779237;8.231636901065318
111;6.8273368269011385;968.4845413415727;814.8299329219682;147.14352120104732;500.55443502709323;238.44405979400645;736.0578856215109;895.5876680882362;11.245242557577953;0.40141803688847266;0.5970211408393992;40.88530335972086;0.6991237915386408;181.31833633105956;308.8139656771751;358.04539612450856;5.715370290368027;644.1856235445514;3.570703655879227
112;9.316333428734401;2034.2621980026936;1625.694864914521;128.61696871154405;846.7411467795735;206.07420085377717;624.9976722942343;779.9210318793713;8.319079769279075;0.46579876360563527;0.5292996270900158;42.884484268993376;0.8737676815948703;173.2189654327467;745.2059420161701;293.590150769004;5.860091632335255;1342.5850124527663;13.734052442441353
113;12.341211623024837;1032.5189603293823;851.4191788496271;130.22409312692324;480.79126307301885;240.60957219423761;684.9616001566174;887.6979201909191;9.587127686906538;0.44768761513854666;0.5509035460149132;49.37126076129657;0.8026224592359454;179.48010709073964;383.863077495561;350.77400278185405;6.177425485222586;649.3584431881885;7.604679273059316
114;5.379037521259141;1784.4498726868612;1442.8232143973141;127.48578167801607;787.9607966533047;235.25606522732838;691.0333541713535;892.4903159284634;8.489061745494327;0.42247609373340705;0.5803519612824793;48.432069430841594;0.7590076248254066;174.1824986418736;679.8868980113617;336.3487903320504;6.2712550820078405;1181.6991401605944;17.436883679896965
115;16.781486224729456;674.0892923064505;527.4157866363707;143.8951983734644;304.8961480568672;180.2874770222232;576.9258667807346;757.5044310735118;9.265404523920669;0.4351733517511815;0.5637497695221538;41.1569991650216;0.793282929942059;110.23641879157942;231.73527945352822;286.7287539181262;5.8285150921540065;419.81003425777106;3.615713077962508
116;9.454706263287715;737.7829137095885;599.2067308155004;141.81083943441917;335.48070021302345;162.7448315907575;627.5614823528281;674.1240275084665;9.684286511744443;0.44823109164613373;0.5539114088820936;40.60866638797694;0.8197074358012019;143.75414826972678;251.37611044641955;307.3659070843211;5.761092851220172;448.63893931844484;5.412551624248993
117;10.444917883452721;463.39472845400667;370.0317356486494;140.2694675883848;200.29392906728896;161.8511641305159;686.700869741268;647.906095020125;9.633506081802627;0.45183016125483066;0.546030599484063;40.47588826972907;0.8301814626617512;124.60736114621571;171.87577893382428;308.11813030213153;5.513189995447799;279.0728824463275;4.655121311754544
118;13.890080200200396;1121.5316584725315;892.7059752066855;109.18569074650448;503.71592319294894;228.13944965638288;650.7556434076868;827.5369059445256;9.869411720782818;0.40919073646502424;0.5806605711711967;43.592508506126435;0.7022360199348204;153.4902560735228;386.7651043233721;315.614707992651;5.5555200017266175;761.0195711159388;7.779245799624311
119;13.287761338405906;738.9272679498323;627.6817104620535;116.55164827697124;352.8165211389667;197.8523876893922;648.3150120268364;718.6573626299178;10.989958776183093;0.40842843256986594;0.5827388999220326;43.60508543952879;0.7140327803314724;147.35138755914798;239.8555958930146;319.124807496776;5.6555550639832495;447.13614842234074;5.82931228021693
120;19.46538062613383;881.5385945044673;697.0231687058866;117.67292573330515;387.55310694171163;193.95056205325338;612.8914603287424;690.0484320010476;9.695740973063582;0.41467825064072505;0.5757936494404433;43.77068785981007;0.7234562144872791;104.30910879444102;316.3976168832029;290.37129138004855;5.445441550240181;549.9133285927206;6.688041282690705
121;17.582234966452894;857.5581030516587;672.0368790877338;130.54794478833938;375.64617322268896;216.00966273042232;621.1020604965521;989.0537677610812;10.085181087352542;0.41732972909092886;0.5731758269807536;43.472916172088205;0.7432385896739192;197.0109174482143;263.1204938750456;298.4621544818774;5.356480373189668;515.0009740120911;10.044993286664546
122;19.000477828391034;863.5672610643863;661.5630692287411;117.08065850500262;360.62580732911505;183.64811479370186;664.7084883482665;626.9357610812812;9.1661752678741;0.4136040573070997;0.580838954281601;43.268042828276734;0.7256285191180174;90.19925176961209;297.25947307990543;307.8810189898245;5.194383180593603;524.486218723704;7.997211630018614
123;15.507102142598118;1200.618067158109;956.3979464766314;107.38544151775466;546.7086527370899;233.81156692497493;682.6159641687519;783.8716228701317;9.46731853996462;0.40304002353405793;0.5875330035711148;43.06426509624272;0.7103945897974013;144.26225713945428;423.2555283123112;319.0264902652442;5.660676718257774;809.3876001489032;11.39621421410757
124;16.04134300843439;810.9916323485835;662.6523597924145;114.77254997766381;377.0225849149189;240.302613531742;622.6571601135864;827.3336128714507;9.464914483108553;0.4146091573436247;0.5776269384080642;43.898455578958846;0.7267536530012082;159.20729012626552;285.0793787228431;306.3711937633451;5.721698774686959;530.9995773856211;7.05361269044902
125;13.789713920724362;869.1071624828458;660.8691932853078;115.98180582947361;377.52799912185503;238.15624066164327;625.2298545045415;798.769899508004;9.337106367434375;0.4170576025365101;0.5797217379999939;42.573462324091935;0.7418508878924259;116.86208783197135;315.1159844346583;267.20213052059205;5.390349318719581;486.0664948150919;11.07127390727141
126;13.740573236386922;856.4941740765391;642.980742226245;114.55878137345812;365.6118681227548;251.54009530864715;637.7101452595869;805.904362283093;9.357749520483821;0.41441263642088;0.5814081523017574;42.4346486359057;0.7494207557676889;119.25026180718866;314.81063998016964;270.8473199133708;5.386577551930001;483.8495414855619;8.289447026771507
127;13.395670800370107;1053.9772830471934;872.3429112620739;110.53448680159181;509.82289828707235;206.33833323777822;610.7099223398554;860.5344077034208;10.846761184844393;0.38988448856920793;0.6054226694704;44.546758186575914;0.6653032820557669;143.981285189758;335.2249784976135;323.11636940009816;5.945120084973707;717.2733486175814;9.104200241434024
128;13.06230177903918;1959.4643294166435;1610.679504417019;106.47101990793627;863.8748000640086;240.58511902730524;663.113628616555;853.8639451239694;10.855162631395114;0.3978986148607307;0.5941321584275787;45.18028813297281;0.6787524993530122;160.17873980355364;704.2925720051229;351.0257474221437;5.91338732669511;1392.6496531875569;16.076807317355442
129;15.451977292998318;2016.9004925274749;1660.1941575402034;111.358258624983;908.6379665158445;255.57071229862953;645.1169152430235;853.0645496888944;10.868827693774815;0.39840042075191207;0.5936417774751861;45.58409526215129;0.6856051028037179;147.59824734100084;748.6543302160605;317.61696337659924;5.816272388794023;1373.4575663457967;16.989499754866806
130;14.09380527373951;1305.891157331546;1068.5692651953966;109.27829873707864;642.7942359735869;236.75525177283794;654.3734777507154;793.8566429686467;10.297498141769562;0.4302879923751701;0.5666286179726071;43.30044268832141;0.7810090382532922;148.0441629856884;421.28422498325267;309.692371890326;5.898671566539631;951.3484275023733;11.017590360483805
131;10.474186835280232;1789.333134442993;1463.9856556086002;115.13798702901893;832.4798388557019;222.16632273730983;658.6613350678481;751.8356740020376;9.380874194073803;0.43747473269405945;0.5689196522670297;43.587805461177894;0.7753585665277746;167.91709691915545;680.0997724695837;296.19088272924967;5.797731541046725;1260.4932966728843;14.967461760530323
132;10.697302180124101;1335.0288799589564;1117.0483391942603;112.34081506702344;807.7650254572524;242.02965924435784;749.4764488562907;850.473167762183;10.18143252335422;0.4367143378725166;0.5610492028143481;44.00132961448419;0.7679542511778208;157.68812357182205;421.9274850382026;321.8411482980262;5.691416408712733;904.1645432075893;12.502080514404678
133;10.721785707119272;1362.9015354920905;1102.109841880747;125.69236338943158;692.8170948664877;216.16537063107313;705.752016265322;873.6538312509301;11.027211875451487;0.4135062427527406;0.5810858666314772;44.19684747737815;0.7136638784767937;192.97572169099513;402.8511911863657;346.53451837571663;5.873581919450626;919.652690189662;11.114625795781684
134;11.071536070439276;1614.5348132245842;1319.2411274846054;126.03272900916636;741.3297410499374;219.7959215383625;704.4086576688612;782.4901713686869;10.556956778597463;0.42014534465559655;0.5730822195916635;46.073127337282436;0.7387334696270357;164.1519002756673;505.25100764691496;342.9117459086506;5.955690332037744;1049.1360212059335;12.852934756772239
135;12.284760393110457;1810.4561167365882;1491.8214679918838;116.7243068454145;847.0794281532853;216.33840094701858;742.2109983381663;762.2227299324029;10.504227776722114;0.41336760162730374;0.5839621585381582;44.32360789086748;0.7332338729005661;153.60629192434607;673.0870902476934;359.3400575199338;5.935837214647118;1280.3695840720368;14.41735488231925
136;16.322424473381073;1296.8912638787076;996.5574869336708;131.46238308343808;555.8723911084733;206.48271733605105;719.3391691661388;761.5494184343628;9.81822648751936;0.4171942213498691;0.5763672847727257;43.643388147113626;0.7418880596740061;123.10934743567718;485.24907133244176;292.1246797664894;5.345016595796032;1136.1388732227333;11.548264714452888
137;11.401061149479084;1994.1484327173312;1638.5635789911812;125.1956017865432;908.4465975855301;227.3012052915317;697.2749546530058;865.1435437113942;9.57689733845439;0.4154991137253189;0.5781775116507405;43.76688003024553;0.7329764046043061;176.3493604047897;729.6229000527723;297.8693215959674;5.750604072459124;1457.2930712567388;15.672259077443494
138;14.936127428592084;2011.249319403647;1625.839215876644;132.9491445988167;962.6519911172584;237.36353581037665;663.9682085653458;798.7459065396657;9.851399045133114;0.43166392812014126;0.5718074466214965;44.283658302276706;0.7661860808291433;197.65897929385588;702.3960188325661;317.34272879829575;5.832404185779704;1309.0827675917099;16.678956995409134
139;26.540946337020767;1323.1426571551676;1011.5841000631111;132.28404413006973;573.6339545064234;227.01868669591948;670.3988048446724;750.1656598909459;9.493939066179975;0.41590990735398065;0.5828850187302198;44.69833270785142;0.7419352145116418;129.07709727284373;447.63256161254367;322.28802686964127;5.793218345475734;773.4056852590377;11.236084440692867
140;21.492746162382574;1951.2397504530313;1617.7086772209318;135.70573800261218;884.9242199144135;272.65331867846527;648.72229026127;860.5292252813786;9.538863463151262;0.4290865162644734;0.57233049391125;43.124625873308084;0.7642591709328671;173.73707157709651;716.5532265431056;293.1099343301098;5.626085664150469;1391.5684898652005;16.2385600022903
141;22.77953498973767;1843.4294500521694;1547.0218679674424;133.8538249095684;837.6503040468102;218.21689238384752;656.5678481260306;799.4927965983021;9.801199284095286;0.42657295726841815;0.5698640398060252;45.80631892658282;0.7191233091571076;156.2897292334664;631.3628139644584;326.10422656064355;5.8053425954399405;1211.0954390893426;14.493942943421041
142;25.159277175286416;1498.5109512050608;1093.2625024174824;132.7893087560492;619.849095761729;282.1162309882664;678.9707829830569;838.6506135583337;9.506004980691765;0.4190091054426455;0.5789058750132945;43.25383966882178;0.7339721242191299;164.24022388326446;571.4912345555883;306.37499701273543;5.530675057675674;1035.034371944837;15.81165661083312
143;25.128001908242005;1500.651510444757;1104.12886580216;136.1390505350032;614.6970788031215;271.4356810139107;633.7448973645162;799.6029361703651;9.490788203275093;0.4083347989684662;0.5846519560693442;43.923030733011025;0.7141101431508912;156.55662737741585;574.8743310606322;319.52950586538384;5.536515273290797;1010.8773874464996;15.908360310455063
144;11.226194431915209;1937.722463565453;1553.214689036536;132.14929090602897;917.0888956875375;239.50841239530055;684.938518310373;746.9889094479885;9.73574941184812;0.3926424814566898;0.6033026169004095;42.99848912211836;0.6553835901543021;144.59267177258965;681.1395754404512;315.03503679102846;5.4822241087357275;1028.4976704888315;16.010616856142523
145;10.389618168260759;1996.697682666377;1608.9834756812447;129.24905454110905;971.0794289760166;256.3490402137942;759.7252174036286;851.1679666081403;9.679770232224012;0.4094581519102225;0.5895077679952683;44.167824600627725;0.6838018664928476;180.7784105693355;676.4117783682589;376.996264249011;5.7730853288635045;1305.7352123748124;14.469403001129383
146;20.48781441226302;618.7435539358264;534.2067716369642;132.31373984908424;300.56907006956834;169.4108114030157;644.0422148658915;686.2183202889046;9.5928365191694;0.4228155327667734;0.5720015358484957;46.09658387123308;0.7247863964789827;115.91541168695703;237.853191197008;323.86275801082263;5.772262599580213;397.7404750584826;7.152168856019486
147;13.27673824324325;1477.873971395265;1177.0551937628031;126.78935414082707;860.9499884313484;241.34952982407793;700.1340658204772;881.689164780039;9.41334703560791;0.42594159527710806;0.573167323672034;43.12723483827776;0.7531121222360527;159.19116242884002;468.68237530892173;329.12461536291465;5.3547765810047085;959.7757442350055;13.35425641954011
148;21.230240176767268;917.0486246359727;729.78446636324;132.30823923052253;405.92261917550843;186.00923347079464;656.5688674669584;754.4884112286488;9.614914721222837;0.4252009027145518;0.572001816945173;42.94118034436157;0.7351073023123833;102.7771302766435;286.5683191543387;296.70138854578283;5.296871577727069;560.580927347049;8.509514523694772
149;18.20034320175795;794.2258624486692;585.4863279562738;112.71175468034309;339.09461742367733;229.47093458534292;623.4567116041515;611.5427781183374;9.518983299373534;0.4147702614732885;0.5830711704297024;42.77160620309328;0.7137420440165696;123.04275403621098;254.3630086663464;294.1079827793413;5.414241423436023;487.3644089516788;8.474958298666971
150;19.83167464543398;865.2724977619633;656.4172990592929;116.68000253587351;375.79568781231603;236.5423354833285;610.949486913246;632.530460538624;9.630777697802063;0.41364400222123726;0.586241728119295;42.788780715463545;0.7236466130264132;131.38944066651678;266.26328800459993;300.4574236794323;5.328858260507312;507.8879751043115;8.904070247476096
151;20.247436768423874;798.1069252572216;645.3255431969889;142.21648953975662;344.78484873049536;186.4187983704173;615.162045688844;623.1386780277098;9.62601784524038;0.41862886890837314;0.5772771099401962;43.045863328619575;0.7298773879434955;118.62500816200402;253.52468755140836;313.346304579305;5.4058564664783555;501.02433466237005;10.182321406876639
152;17.53357278629668;670.567145386518;543.574583517299;132.39469558911543;298.8658924373875;166.04164243213526;628.1190255590109;586.8204397692728;9.630084418944232;0.4089694500541251;0.5890900075469709;42.49854789909237;0.695266844983374;89.35475259888437;234.97226362107662;295.55522863011475;5.385112173781753;449.4047690640993;5.834748919883788
153;19.400294191246218;898.0478849216348;694.1698019990188;139.79647009331228;385.5846124734912;295.0710138456269;711.8994803046186;842.2386175532256;9.554640110187291;0.4371981142106495;0.5588299804252631;42.93860087609839;0.7883491227670378;134.76991755077557;321.59441454576967;312.54662518058376;5.22021584947678;524.5195161492084;9.859018086059052
154;18.23045031493077;1902.0746092048219;1582.4822069527086;112.62980418210915;954.4783768763098;241.29389365823377;687.6543995856719;768.6627881533697;9.561599126983916;0.42014021303951365;0.5820463736360224;42.72222903904441;0.7380388130927455;154.99333671012386;676.3547847520895;324.63357229082294;5.447162942861283;1416.717256045027;13.785562994150059
155;18.24367409278514;664.0656731807667;544.4892218408274;133.75091095908564;293.0032709274783;168.16653493203043;610.8446598056423;647.1613897428308;9.612219613820091;0.41092449278774223;0.5868651258026063;42.8484742188474;0.7198715415835137;96.34539927867645;230.84789246404404;270.80383736445464;5.37405805780772;449.1088796193264;6.061978958176335
156;16.100394826349845;824.8326204901591;606.2374950859227;130.29613726572688;355.6303430061709;257.6187464852797;609.0646077871626;781.6657851800059;9.524590756365154;0.41415730123861305;0.5875694583790485;42.36199234900472;0.7311555615331246;131.28417679848985;255.12073745030014;270.19590450196637;5.219981503363227;498.9141805089564;8.58134782679766
158;17.36320028030319;813.9410743041501;600.5256442607975;140.47306797864312;355.54918251531944;297.97010983097925;694.8860302424516;987.5203033512762;9.330008358682694;0.4241785713618288;0.577406391104546;42.48385888660874;0.7402917430997741;179.0938448749008;255.36332670864246;348.0928039039597;5.334399688796599;485.95680086577;9.21014266150545
159;18.16985187805227;870.1635794543259;659.5636851352833;115.29160508025613;373.39565192149024;256.47406854352096;678.4928866051822;799.6980380656638;9.633157911095356;0.4216880515229963;0.579274907396912;42.649794250054015;0.7447588116649501;153.92948256267732;262.5451895509068;293.32060829061527;5.504594192103954;508.93726548626876;8.327680336272692
160;24.864713367208477;1488.9555230615606;1152.5292415677195;137.30809426647517;650.7761740568433;271.4089969888717;710.9281345178861;943.400644643539;9.915466093865996;0.40821593436710807;0.5840045833133232;42.76625988956547;0.7125049331649917;209.77566561135836;573.5038236245224;327.131955619465;5.341432438621215;1184.738160973045;14.650367593535126
161;10.744346789967755;1822.3489038463395;1529.9718754769303;115.91065913833116;865.1187158761984;241.09598015748224;735.7863725815176;1289.295592342712;10.532017019430324;0.41454948647620415;0.5847728764656569;43.65294454894265;0.7092442162234525;313.36355586511047;710.4827594990942;328.4639503156529;5.912584173233364;1449.7284254072451;19.705584365436817
162;8.98905184064119;631.7648589572678;470.62641302793253;136.7504112921261;271.64105103696477;189.61051248224658;701.9872610787222;677.4610742940031;9.497051336286612;0.4099832276592995;0.5877589327307718;42.84214316167778;0.7020423752205047;119.9151980104374;191.6693704851472;337.5746016003428;5.251738859135954;393.31729661572615;8.597547867088144
163;7.506023122609021;1805.3198110357412;1498.5500171422502;124.97500299165354;858.5780991546832;234.73017534295036;716.1015427089629;1220.8479922400463;10.824656663784271;0.38956724979108726;0.6100543430940599;43.56919761304959;0.6545009055405379;290.40632865513516;667.2077277763984;334.9271133130542;5.948737754441441;1372.6284311897205;14.851573529487501
166;19.455608489161797;1754.122559402424;1397.2991893247229;130.8910078247688;791.5424333587265;200.69875413845807;670.2031355047782;678.0457143304559;10.407380245250291;0.41531284830816634;0.576291531657608;46.36325372289127;0.6973151477904216;147.52605748944143;594.333650519659;359.0723466683704;5.5040124654015985;1230.1773387811606;13.98751278946924
167;7.902192727084136;945.4037750934956;776.9369550020313;124.50869051587316;487.90557130548143;251.301002100983;800.4948001332526;867.6630147665095;9.558983984135745;0.3935112373327788;0.6069134197070315;43.09526387077407;0.670841511333391;195.30891649755327;323.3003728764229;340.44132217550526;5.580412036676194;729.739935066823;12.309277780025838
168;8.113910674541874;1582.1756842654775;1303.027652808744;114.90785050160392;756.783028074153;225.07687343902813;750.1167028284417;969.9616712867618;10.52575892335039;0.3990095840803235;0.600360810049889;42.81231167580265;0.6759341623932986;219.07579763626032;499.8816840999081;334.857092012521;5.581239598611355;1015.001586140047;12.617881759583028
169;5.17806291487026;795.6492364013542;681.8987934864894;133.09912513808382;381.5359748631177;225.02473059840386;788.4002500563918;885.8264656844515;9.463683610783686;0.3928020801078388;0.6085689227659139;42.950199808400534;0.6592600734928495;167.0330586185728;240.549082270821;355.12262568765647;5.421315884456237;501.55417613603856;5.987394329880328
170;9.43817270935844;1125.1006175481232;937.3319812677757;81.81936298976166;561.1112087849084;239.42880523443554;670.7205596141341;855.3267300496433;11.074055953902116;0.41938405900660847;0.5809856273241397;44.48168557016457;0.7254467427055351;173.61557258423136;352.0608310950449;312.6760866239868;5.734583601646082;741.2907271777474;18.77826704317821
171;8.21647879393524;1267.716153992977;994.692932945996;71.51577329408447;577.4276402933319;230.51885694910416;658.1271593046988;723.8694869700059;10.335641811918777;0.40913736998606626;0.5939475737014008;43.40378122009982;0.704770651036956;157.55039077428978;416.55578205217824;292.8628165888276;5.401722332659281;801.3463730993817;15.138865384589398
172;11.6922743763612;1323.1798690954001;1046.6988104499387;71.5724046022905;605.8293379326817;196.2795415474476;596.7246865895281;706.2569294108973;11.111075051444123;0.4091035705472045;0.5934579407007078;43.65598971060799;0.7027855059970081;162.41508954943887;412.59237037108744;308.9815124497728;5.635805438559527;886.3794172870923;19.46716959703692
173;10.701017937100776;887.8681636175907;747.1205154114732;83.89612111020779;435.28702474580604;245.8621945783926;701.48244332638;825.3761210355211;10.108796362977825;0.39803636790319824;0.6014381579664595;45.25216960047304;0.672807908969858;155.3369866732068;286.496945164449;335.4228665218408;5.788086118766834;540.1156914703847;15.051768689490483
174;10.808546632649188;882.6985642700123;745.8102063643375;94.2598032228992;443.6618884066796;233.01105615362985;699.6363594338123;811.0152740889431;11.118165080195675;0.4012275761574669;0.6018304540602515;44.9590584047823;0.6767181862577389;166.53742586755692;299.704179935514;337.0740493709005;5.839698257524558;619.041033861549;14.984146524264565
175;15.244292952613785;1059.4407243156486;889.7093539133509;76.46046785739262;548.536609582627;270.1320294935325;732.7344881175968;821.5359294053062;9.684833997671898;0.38993770126263194;0.6115247340539086;45.45566255764711;0.6556646485081967;130.83554970447918;331.6669724865208;327.01925547042663;5.18706790048135;715.222555442347;17.816378712145617
176;11.741876942035024;786.0587459144293;659.9849059081793;89.4577005946642;378.6234774585671;247.4175438271962;731.3404449760571;820.0202869019431;10.296065871146974;0.4099401017051048;0.5856170214989049;42.560089169850116;0.6941032631932569;159.78063193950845;271.60331551241774;329.7480621932793;5.573570911441236;477.40693537307936;14.368626647756283
177;13.823300745651828;1791.5635538396455;1466.2262379991728;69.65672540276691;881.2752316583561;242.11111202755947;645.3080144768156;797.4339492532541;9.899269106897355;0.39027151114641817;0.6109524341372458;43.463629898133206;0.6451017325971314;167.32873333762095;670.3818170270409;291.3540194193332;5.39062312573246;1288.0280146930234;30.536826583297252
178;27.04939624600173;1210.1949011972356;963.9790760026326;80.09022444350083;564.2163351844425;249.9342320363915;665.8768486939136;757.8934394626444;10.161890716542066;0.39995522482363;0.5956677718882787;44.18212076494181;0.6918262304930872;136.64525144071894;412.90067412755644;317.8675109246356;5.364918692127854;792.5092023934822;20.81458021650375
179;26.390807956361137;671.271373512408;545.3715165449576;89.0800229952611;320.56576820908003;218.8082129218923;652.7710895491083;749.8131880926254;11.113895273168861;0.4211814364193784;0.5747296522701018;45.19943713687567;0.7400869292358245;105.39289535982009;224.0357687851183;334.141176317811;5.335608485446247;388.7832080667092;20.84090456085603
180;26.126502911310013;902.5916886446057;737.3484824863976;82.97779512432842;421.78900389013927;230.7914561015927;639.0194328663763;755.238299739113;9.747517807278445;0.415558019442863;0.5824471139466197;45.25531297345172;0.7289909442942585;102.17633556625718;313.8560030609443;331.64475423949034;5.345356079369235;613.2214817469519;17.737419264072702
181;12.499030627029368;893.3153605192878;724.9018901713409;87.67795601271916;432.0371355997783;263.33846482302994;743.7305748771172;876.4457209152964;9.736029575638497;0.38340484917506484;0.6112718060604843;42.69719809755168;0.6476779922285012;133.65936237166497;295.63638060169257;323.99810244980114;5.139606044001383;605.5047344080402;17.00341581289108
182;8.014956814413535;828.4187320779287;668.2312831607227;79.24613074654175;386.06190331750145;210.08302455735893;640.6611271648684;747.2863258303306;10.04734431541011;0.4128068959444319;0.5867968566795134;44.09148713809091;0.7014479256242646;149.62929171730934;288.4938995684319;316.8185463055896;5.449199530509723;537.4281277922688;24.247086373643562
183;13.426384113152912;1127.4799072996143;870.4265513058444;70.26265531029722;503.5526090724978;224.8992279846911;619.6027081942768;757.5294850375282;9.956726418828794;0.41076023458306105;0.5909380663886667;43.223042252552034;0.6928568472410681;163.27052631193573;372.7706884639537;298.6907440555998;5.171155928106242;765.079876246444;25.049239535298188
184;12.837784770063177;1214.4956736496163;952.1305501849481;74.54102842586467;544.9772854523477;242.4435622133491;649.7498092979608;744.92909074765;9.544140698074424;0.41517302819514806;0.5824361838104948;42.00505570216269;0.727385499435908;167.55977824835037;396.10590951747065;313.056251800729;5.23324039208871;813.6317585355812;27.094774796680944
185;7.341411294485717;1190.8861653168944;881.6860488100234;77.44396836510043;535.6266365567848;250.88277336078954;668.5431659006802;842.7870042188335;10.127101357847641;0.4024501232843698;0.5979490839797543;42.06223137061242;0.6835028958778346;190.6532748789091;377.00159771237475;310.3060255073717;5.5678905614994525;799.6247419984265;30.749015140872064
186;15.902442909700785;2134.2867566706673;1790.025670561358;75.39421320229326;1090.0583782700626;263.2340906271359;703.8583379497646;780.3511379237973;9.246642305014669;0.4002375415102636;0.6006225338198445;43.79633808536917;0.6849082319449271;154.6281874167152;688.8571251855734;306.5826612279951;5.193036473772784;1388.0558843535348;25.284143899319254
187;13.457040451321262;1499.948723080501;1183.6252248551714;75.89260875596064;752.842333908395;246.2823927483161;652.3454073759851;797.810987432018;9.984710803298281;0.40336370200913774;0.5972942056343699;43.20608704551834;0.6899920742777558;162.43482372512767;476.0461660835692;311.87715982176263;5.099103026733628;1018.1905770360779;20.895046546655472
188;21.176778687640752;909.6334249955489;743.8272969905842;86.33746759293845;432.2597361885961;259.5497883980144;655.5351292588088;839.0255475437491;9.941877795257877;0.40964790416943864;0.5907067891989872;45.36437945454586;0.7124020082156266;157.95555919975078;311.7867961684614;325.23825258937467;5.590545170543104;658.1045412283622;21.112335136474517
189;27.18981083053834;624.9155980700197;493.3211314768274;87.59598131831751;311.86664147432896;192.79657116932773;569.1822788772306;619.9488210965785;9.580873439981978;0.4195384435350883;0.5802708186581028;44.99982059413815;0.749754485320635;84.60659247986314;205.95441151040276;290.02997429678425;5.181327211721053;337.5980292770164;20.78238481273232
190;12.214487782109341;837.4312051714987;671.5129523202033;88.2111271240506;404.3063332222411;242.4490586820072;623.6804848130113;765.9412855324746;9.905222634098871;0.4073466258324972;0.5976026781573093;45.54583144469587;0.6905130949450924;126.488341470385;271.813253206647;313.250702482842;5.345449357885298;565.8825021338589;18.96029103146025
191;17.460272716960844;880.7346293150025;713.925075520895;85.73317774716014;427.3529297986409;243.53527997767364;631.9996387834337;775.0718409537246;9.789770657087354;0.4123966552560856;0.5903250683809051;46.70650795241974;0.7062169733855641;129.6991750536186;308.36965828522597;313.069795579164;5.185801437917787;590.1584364659209;19.259230501724694
192;16.21977495106514;943.877116398961;781.1766258624023;83.13843908980729;476.8507983835058;249.96623187217773;636.5930342683072;781.8030578123546;10.107210800518171;0.40884104472650706;0.5896521769323811;45.482732599076336;0.7077107914913542;149.62521538875612;310.5418029258416;313.6703363592247;5.667336480922058;675.4675789417275;18.277793774896452
193;12.006973818178976;1281.534645424708;1067.7005353413845;78.20513126787043;612.0464938917215;231.07751026618115;620.7782117456638;760.7213033403295;11.058614079255957;0.4132462400493823;0.5873067789182116;45.43027732247451;0.7072618649567548;174.76186312876732;431.56682141163503;316.31773370916187;5.860449769082831;814.5677090914352;19.224644033717375
194;21.948095969266074;1434.2008920215508;1175.9757533154916;74.43878955124922;694.521509594841;225.80044849651796;586.1676804376659;751.8348515228552;11.012181397066982;0.40891574983615636;0.5927138555131221;44.068803740060865;0.6935270815601979;185.36106102236667;509.2241642387241;288.8150883402921;5.5658215017275;1014.1038720645125;17.861328187110033
195;10.714371274077768;915.6896940437833;764.4966878503795;88.49801919232006;432.9733023950859;234.06445471626049;634.4476848759243;819.5343098635583;10.463578111783438;0.4221558912628847;0.5773693142905962;44.966878248094744;0.7303562907971914;156.85113655450374;304.39083414745363;298.75520518433484;5.766634466235583;612.5303000749583;15.974177551556826
196;15.282369359061779;1596.4222625570542;1274.4483326452532;75.02986730015691;797.0292979749488;238.0433753200138;596.6346108527921;735.278896654851;11.280932582748138;0.4132002738245893;0.5871851272914006;43.0686289347821;0.7040417846753484;174.4718292741639;514.4210495968956;284.83077796458264;5.4284266797006016;1098.151836614074;18.398873441031185
197;11.682895507925696;1438.084675506886;1185.742018366585;74.72331233987339;753.8863810201213;229.2965294268428;669.299416035288;774.7671062326042;10.580791116553106;0.42314108711856446;0.5761341447936539;42.240763818396765;0.7277823113395836;180.7546178223369;446.74115117587434;272.8592815928792;5.836300356056225;949.3945509304287;20.424576871112198
198;20.88054367822862;894.3047783226735;711.5240303455596;89.90680667206917;417.2636548910485;191.6967859302299;627.9636294339678;675.1411912555592;10.51234446560078;0.4239806938369788;0.5772791048401711;45.509930167466244;0.7452499756306336;127.39736866257851;306.26115089426395;311.44731923049363;5.385946900793319;560.3584886720912;16.43243703335346
199;17.39546324280073;1610.108174997551;1293.189832763635;76.11379423712143;828.4783548116908;240.95311107252988;632.2229051673446;790.535039943357;11.319702761359348;0.4155109969722083;0.5839581073307736;44.174546292357135;0.7201364244917;199.1250141613485;511.6345225770977;299.69984983274986;5.562493547420763;1084.8164540798841;24.088468926816557
200;16.718082258650533;803.8622662422802;650.9327432850108;89.58179473517436;373.05070158486916;218.27386289167603;669.8715062292127;728.8280377683772;10.209849376870835;0.43176886267244197;0.5679666935374359;46.24049075252382;0.7666079965611;132.9102330715502;285.272219565145;315.64944583148997;5.30538725399488;547.0261469169473;16.706621295188736
201;14.479128901278674;1383.7130832452879;1151.0393510259823;76.92094068780361;662.6991394874204;244.89968549463137;693.5387914053852;787.9203822309019;10.181595039825226;0.4310312750150672;0.5708289460863875;45.89828765744902;0.7650376063954083;178.5317642866284;483.2602056493353;321.7757903920357;5.532040599363021;909.9955735915485;17.398118564936848
202;23.474416043114896;943.4645104349299;764.9002878835148;79.23266518630703;440.1845086291705;209.22152687338203;611.7545754711548;673.4504658537076;10.943950071479275;0.4240165919824476;0.5758808757728222;45.012945336148114;0.7581211071409721;164.12830819705965;323.9141039380856;298.80498363431207;5.522180394486287;613.8489952100197;18.23661375602834
203;9.865363702157484;867.1471129304762;698.3232952845932;91.09452880489084;420.3815686287844;252.4991064935576;714.4437822462585;908.5298832059559;11.488097280975172;0.40307236816584335;0.5952035148263224;45.63120168330824;0.7104639247259986;179.6496106877982;286.47625577938555;317.84411490473894;5.762407002060426;562.705500844663;17.05018550170801
204;11.608103852120005;1688.7356946935372;1372.58701762009;79.50745506566058;838.7446891058521;229.8593227268068;635.4566492630124;736.1866197709522;11.052825099642863;0.4072828320688351;0.593132323145696;42.939296958084114;0.7003714315100982;189.15103169177954;519.3061889505227;292.7939928430915;5.636279200329428;1126.9204719595457;22.157439803612185
205;24.14648834781663;1510.8363033750134;1206.2901325339483;99.6389681420432;743.4404530937763;192.88075637675274;541.8320767148059;626.987288716575;10.406654463580502;0.4257317279819359;0.572048228713091;42.680605869512625;0.7533451213831768;154.5550039059296;475.25392021371215;248.17772800008993;5.37498611777549;948.8086325978513;18.113658730913567
206;23.278462793476155;542.4902344856962;421.65095158281184;98.40106841096134;248.3063937211422;134.329746073397;549.0072490774493;598.1777723153027;9.820035644263232;0.42770032575127165;0.5679887452996966;43.05040432490098;0.776100548016867;99.62526944744705;189.54365204236532;255.4401181479706;5.529397930266461;339.96560273142904;17.903013650767992
207;18.4348160249008;1012.9279750641612;797.8738915569047;93.34346815663811;499.1692698593718;231.5149171808247;638.8500833323192;766.1845654275381;8.903366832888203;0.40865087208049744;0.5923996899506959;42.862713231541605;0.703763688065581;128.11235235665382;325.57831465549225;296.4764859737671;5.2493959939985215;711.6697656471322;11.46869663742683
208;19.73508814211143;834.5794767992475;700.8900558804199;89.14242039643082;407.1389668035142;194.67245443612518;536.2043230322877;743.690593782256;11.026647896107738;0.4177576750654574;0.5827168253850826;46.722107309896764;0.7215517794780093;128.3429873172363;277.4365421712421;258.92711436882223;5.538219659769252;556.046348034067;13.239014171877766
209;12.465360159847188;921.5511423232294;743.2726352316779;92.05062525691281;438.641108784631;196.7538686507715;596.6152749590826;809.2329030934783;10.96863286748025;0.41509872723355673;0.5822884876311681;42.67319146997202;0.7188539502030133;146.4289426454232;302.5836512694789;294.7939326545429;5.564454574654176;678.0729661895147;16.861168533250954
210;20.35931953338372;839.7902373354775;689.2976161206705;88.81109819057156;386.1122199629299;138.63012255789124;442.73841496947;501.14740979828866;10.234793802818285;0.41319860135682973;0.5877588699313048;42.390009832533295;0.7160450761864723;99.03244053327892;298.25336115829066;234.51608558133756;5.267173164803811;549.6571833585036;16.793823412533815
211;19.79429075368308;1166.0209898413846;919.0880094324918;81.40746038807671;524.2340240169763;192.62091122673385;505.91720404313736;670.5756237235846;10.473666211282794;0.41393929972588894;0.5838627579111908;42.685616504260345;0.7234658870920339;140.56377612651642;391.87532411258337;230.93117905398827;5.278620445408327;757.86707707951;20.02959243303321
212;20.255757110834338;946.4646439010852;744.7165361900711;85.43158398134854;426.7820168619078;117.98175039492753;453.3812994318108;490.57015024117374;11.090712918696152;0.4123603787077893;0.5857124209240163;43.391938526136855;0.7101094904688512;78.56194626828824;319.8146386044457;254.12065258837987;5.336151088240551;621.0340447672421;17.634032150334917
213;17.609345511488815;1243.9702850768904;987.60733750162;84.16713774408046;545.1549181177786;191.2114796459244;547.7206512407795;739.762856030046;10.952967431438582;0.4150018416465267;0.5859347157211268;41.72276443036159;0.7075337548617217;159.9314697864982;392.5619665050998;229.8637557409873;5.591507373230804;884.3011234715426;16.292201734760347
214;14.726951610345761;1509.9970858364384;1283.5778437990793;80.21075406726041;826.7316380452521;200.9557336054812;558.3888299067576;818.0761962859639;10.603278272628847;0.4050637957626487;0.592224613790867;42.998968295480005;0.686034948487193;173.16311479445818;500.1341512833431;236.27265591176638;5.668747780372253;1076.2723129507442;17.61408749703519
215;19.425220438211095;1008.8507110424274;816.5627156273259;84.99805064666253;494.67890065228266;216.53698445418738;606.2194434436633;840.3932260451146;10.268019512714972;0.41412788353312235;0.5819183171683808;42.343418389946436;0.7070026234097102;142.92851368827522;315.6296326293409;271.09615364941294;5.43341263695917;713.6041650305676;16.056778058271192
216;14.000635845481673;1553.4975044853295;1253.862049794614;69.98099773384298;762.1140359750176;220.4977757718349;575.0400601719689;782.7324272611799;10.15021194550376;0.4098772977072683;0.5903017137494411;42.282627828039764;0.7004061534870432;204.76693547559483;488.8517141985725;282.5881245573132;5.64699530807317;1023.9059078712595;14.456684727889257
217;19.82206413747752;1317.956371202445;1067.8045204755151;77.74215593415065;608.9525311209752;189.95520927339425;503.9037691421051;735.9510329783487;9.899141217779064;0.419113931611255;0.5791077529375639;44.54786617084129;0.7287659756234438;167.2831326279504;471.1250353491927;247.9335849631719;5.288896785418783;890.03504483654;16.61621608943662
218;23.08511231117996;1249.0854611557563;979.4045697586562;76.17014754472272;548.8438562901058;223.0812013594989;567.042206873957;825.6239615103708;10.973555796345273;0.4142948283569819;0.5844277888320578;44.01529594359276;0.701484268811398;164.73692171332993;405.8920734886625;291.9382370237505;5.511045026302388;853.9645525984588;18.341790609283898
219;25.738448189653184;1536.8151959569036;1246.6578518885779;74.65376577840371;735.7913703868237;180.96586946417366;459.35942608633894;632.8019695173249;9.447269010959682;0.42236030600613245;0.5744093667680401;44.35407716440456;0.7519741569061672;129.87257225741922;481.9250490768659;240.2743376229533;5.22320658197027;922.2067726782094;19.082771554502106
220;19.756544155043347;1073.4806143866824;828.1853862004227;85.43588053559475;507.59147381581516;243.85384620542573;638.9826123083209;882.7858111237435;9.558791003273456;0.3993757211497014;0.5977411622087907;45.29583229638074;0.6730081006116435;138.14650501556042;344.58844959256004;293.0825410386412;5.417077436361955;729.5194334125208;15.020727193037212
221;7.4914374207089125;548.4334738744665;446.17811409243734;81.8518715444744;262.15764687552394;158.60260349372254;438.87277171771683;559.0959415303546;9.370605243472957;0.40630910808193155;0.5878645111159628;41.96647785222142;0.701326506647723;111.19016626691996;191.22432133115387;223.58391347945;5.349795410479878;351.8763066996966;18.040092724568467
222;7.948550310303753;911.2003674658727;758.5517547783811;84.64754165142686;431.87294566155816;213.42246537506077;584.5460546466167;813.9304278376137;9.844246863573634;0.38825190128188597;0.6107591094309135;45.95717736317003;0.6678201332793003;170.2122268126489;296.2628309495537;293.9752429745904;5.733807081120081;636.7983442923946;15.13996888506917
223;18.576489698453056;717.4390388364297;581.6865839075847;85.6744143360236;329.69343972738136;162.91250146518965;545.6818098517066;773.572068185154;10.535038412731058;0.40223855839512995;0.5972326193775829;45.936682732467574;0.6794622030874176;121.13116155599305;263.68778413554077;292.9373357231166;5.603194542748411;476.93208011865454;14.791288305427173
224;7.52346465495786;884.6925570254604;726.4633815919473;79.36494926891774;426.58027413953585;210.53817312861793;584.5652362265337;795.3550722121629;11.292274365866053;0.39086165762403435;0.604441990788886;46.42772708946043;0.655208730486659;171.6146531620137;287.8538290607614;324.2507664574512;5.792483244029965;582.2046843302825;18.35166525782959
225;12.05825201133068;896.3119962907191;726.7904904073891;80.88983153609293;423.0337706739648;223.91905418782002;614.3526779815513;887.701008135755;11.078339915856969;0.4007459286999172;0.6006078608658632;45.69735974923782;0.6823630043090738;145.12930099518627;291.63231635836826;318.8228590818824;5.564420596387027;552.9325077379975;14.303410495662007
226;11.11634758943878;762.4893994914771;651.3763540678898;83.30060919059746;356.08418279269324;221.84228858148376;548.6034762699941;812.897927019778;11.248788568027782;0.4067236528220202;0.591783113527243;46.228770388516935;0.6961902459141109;141.51494999324396;247.9793236356643;301.57673028028864;5.810299139325129;547.2061645535289;13.199163250124428
227;12.013124262058104;822.46245681182;666.6575438491587;87.89870332279277;378.1084213104055;227.76827181422368;625.1616961726843;895.7291399564863;10.286602876595984;0.3972401585750098;0.5984706314102708;44.74690420645265;0.6766928600487725;152.16868666546145;272.00721087118734;270.2399416011215;5.416489682786587;569.2404521227409;18.3706266598029
228;20.439438450058272;986.3522863031676;794.573849856756;85.46494265861706;476.0264079000233;218.28069383839158;576.0013687542823;800.4277929894523;11.193801510718892;0.40562193601693014;0.5939649176289981;48.18047764757988;0.6933201590012781;154.60984767808344;317.5139965389866;290.92020527450484;5.525258251386835;618.48594117985;18.502741139328773
229;7.578917197213511;880.3566697922436;725.2981146433651;91.63854639110991;412.57220001077894;233.85642131769814;605.269229326269;903.7771456990993;11.175505214648604;0.39917393066068585;0.6015137033452665;45.57590661334217;0.6675355554300844;172.36310581132278;290.67287312818956;307.4667449344689;5.868662080946921;679.3609145149951;17.025320290806285
230;10.235953804577374;1095.1067389734922;904.4750875288422;77.32330852937032;529.3554677107941;238.0898875390631;588.4365871367978;872.0224155963591;11.146569497965327;0.40033410330971053;0.5999945914225663;45.87872833345104;0.6828219500324557;189.09522957005638;330.9188065824423;312.33654358886304;6.058972379219807;735.9159314697657;17.542990364978188
231;18.61532010285185;867.5026623228332;713.1358401139238;82.96935997181247;405.6998063916887;227.3612203095119;562.2598271388566;863.5407306516774;9.515287300371075;0.40727080851161146;0.5912175331327554;46.555813220898735;0.7067018325187602;154.34801797095903;299.0274459190222;277.44439499929456;5.659528090283822;624.1119756672363;15.617647688197916
232;10.588504040863786;1313.861124330103;1043.859841179666;78.09441247156374;586.4177167396238;187.37067781262232;526.5918404852857;700.9373762208852;10.582824906935913;0.410053527753098;0.591328270965604;44.22626148164816;0.6965647435049322;184.04116247911594;425.8624785314893;293.75051637494914;5.412051134380297;927.0009661913434;19.6778897469054
234;9.665626712521473;604.0316821020367;520.0266749275245;89.34818769288505;300.2540232455128;215.5197143393481;534.736324605092;793.1211885670882;9.592619982503532;0.4084417988826677;0.5904762922921849;44.15276693384164;0.7097479594436964;113.70684254190921;213.48539823490918;308.873797772054;5.7486841265348305;388.4797286458157;14.267536644768384
235;15.549249755384931;807.2480048181986;608.2083385652609;90.22386035654898;363.72497901955546;232.8900187825493;588.8790152722902;963.5727421306532;9.170646864524391;0.4223294496959582;0.576131436921705;42.03235293961001;0.7428240068447882;219.68330899867152;264.5148198811825;273.94971239442555;5.418963643516639;484.62877192252483;18.169832312887344
236;16.33095653820672;863.2562273089216;713.3111480507081;91.38459315622063;422.5998250345742;201.73333163657054;548.6116921398194;701.7663216510731;10.980208595137265;0.4048296103506634;0.5962569675097208;46.39372527510524;0.6764910074791285;135.41192644864276;289.299027538507;279.1535955881358;5.691731931641548;641.7446196402212;18.332499544784742
237;12.586263728327179;957.8752624973091;766.231437952785;91.33530349457126;451.5846334043778;216.38283886420567;613.2841489220099;777.911900088499;9.99407123257496;0.40768324210636014;0.5923454435329556;45.377821887515516;0.6921133082158937;141.73611400217416;308.6199304316297;330.31911559544795;5.544392469471746;637.4356320297477;14.1697045886232
238;8.705929628477367;1225.6559382940661;980.0357708270597;81.52608621551614;556.6930509564779;231.77400824770262;625.725518840893;865.6795232137032;10.225740749134342;0.39652001452284835;0.5999616343358366;43.53739450108426;0.6724909884139627;165.18649274562418;368.1434564759491;299.9085211665596;5.960224817282719;862.2534057853127;16.639787434479935
239;10.027127297364766;863.2750080688962;709.2126090619537;88.87800200725896;430.7578539485568;218.1167011519939;650.3300218653824;899.8363796268117;10.723636952066741;0.398397605388083;0.600024033125398;45.427468157779074;0.6726623750434599;166.84586779678324;288.57199371246617;331.58020109247485;5.754210047684191;678.430533766778;18.95470557278971
240;10.40244611437259;1119.1116961942776;899.5499732553002;71.61411872439172;535.750525743061;215.24295408658637;573.0110712725455;779.7447061179926;9.861491466436373;0.4106947449296519;0.5894342304850918;42.61137525801696;0.6957718768357306;160.9577588992141;338.30562237056637;333.4763890812227;5.720097246450722;738.4554278935335;18.545803870294144
241;10.553636769703793;612.0437512378885;495.3484663182063;79.77418587607498;291.4100605791922;212.0205352490138;598.6532859263154;822.8790300148936;10.027030475503775;0.4061223618959648;0.5905006490842608;43.602835185674245;0.691475201757353;139.68963300496918;231.62577939072952;326.6369411991068;5.481430697875938;389.4495702654628;18.65677320070401
242;20.488499164985466;1532.342853490089;1236.3784454421716;80.1405851680792;765.7430074285705;209.60725677255203;553.4844951539204;780.6755823020052;10.190882288516752;0.40468022036337115;0.597456616879913;42.42942283521072;0.6976158836801464;182.32900090383447;429.9515066430816;288.1882533261979;5.488122124204287;1019.3131795953507;18.99201772428038
243;20.031773048629173;1178.602847301669;946.6080525391704;77.26598023825154;566.9250028423583;212.89423191414397;515.6257454126105;775.9616412469479;10.288914575365757;0.41211561687167625;0.5845063880961419;45.51807862912999;0.7025425542761042;157.57345252189697;431.07702252390175;260.1269502261673;5.512514929565817;714.1191555518344;18.974040885027357
244;18.897508659635065;847.5728900148749;688.0720382072808;87.21707149231447;398.6669520851499;186.6375330712571;598.6350973691866;744.2617070498202;9.730392968368866;0.41172874838916484;0.5918013161074713;43.99002473696372;0.7085131871384801;119.85613620807649;297.8559463358844;279.2268049413516;5.429658710951036;565.5013592145831;17.58842833324912
245;20.674240531864573;566.5343179643512;463.32826302057737;84.29162243501898;269.07801971823204;174.58391440455435;516.370839388572;613.3516789839078;9.666451302591506;0.4143784838114519;0.5846944318336934;45.450303681195486;0.704901557509907;99.49858434515718;192.11722376039546;285.5341520751517;5.378875465120103;340.0227173712405;17.398849351160255
246;14.862611606952896;992.9253560320243;804.480911622521;80.28981152165147;507.04053336038396;236.1590502891342;578.4205305627727;918.6030786065836;9.60167886196931;0.40892029791698914;0.5866809959484449;42.94071708380756;0.7107040250665497;183.5203096368159;320.0242618355026;258.2640380627678;5.673852037313596;724.757413176508;17.43725397560204
247;16.005517072023967;1108.8603583282668;868.2275692992598;75.92808381125369;534.6882589450037;214.10039003198463;572.5561657068698;770.9970884014841;10.589869757137397;0.41035337571894903;0.5858248563221158;44.54614411111021;0.6957529186148443;163.1702744938495;331.1403340865495;275.0670762764714;5.700756356662291;710.1214340131182;18.044757985282068
248;20.783939535893463;506.9413516838942;397.1093759645332;92.81428176172308;236.62956169861226;174.0725065606194;542.3147894291357;643.8719923956257;9.526663731294338;0.4148928231956558;0.5827918168198509;44.10377972638537;0.7095318486833777;94.75055567966855;188.2759845447127;306.3771052130461;5.79856305807809;309.45565718908006;12.903746800011993
249;20.50200144810744;835.1619980666425;672.9122121669848;79.64388280194143;391.9646943755009;196.12965384063668;533.9367339508407;775.0520014296706;9.600208180862538;0.41737800625176735;0.5820019807562351;44.15810510784131;0.7158567424270718;127.99473387408094;292.33738150350996;309.16981710623054;5.270398338718474;496.5736506512297;17.129968408080245
250;23.388651659801067;748.3140439175853;624.3345235219798;88.44072086300687;354.0333274899271;219.49282146860432;587.4597126073055;903.909953012537;9.550685659075027;0.41234864318188735;0.5868503670421515;47.37520330649786;0.7045861496226934;150.98641080441925;249.33681852738914;315.6487889064477;5.94529618078377;543.8105578422687;14.29799170284293
251;23.324858309557364;747.3258460669006;619.1651410716202;97.34974523820111;348.9972523124709;215.42189276386853;570.1515872664605;830.544798700252;9.594710887565945;0.4142191700660042;0.5860263869859554;47.26800391127411;0.7108102610058559;145.70237366554957;245.70513601469366;327.06773863266875;5.848673641042646;555.5159593529922;15.872339411932193
252;22.185122529454727;839.4098206162155;707.7899497445063;95.08926226491175;407.0231805429763;186.57370525477467;546.9168537092322;720.9315173850124;10.463488973275048;0.40923736796718685;0.5906555754058744;48.08531959435123;0.7012312550740053;117.94874049656013;274.0875437370161;296.22501314971885;5.595313501577005;563.1337875535712;16.978071906150525
253;22.203416038152774;955.0985890068699;746.5804654300282;90.92753392322723;439.3876970066881;234.76432726031626;567.889627802201;909.1765438096551;10.016731335003907;0.4065564072765165;0.592888903261361;43.65617837661111;0.6872170834995937;160.69535884293788;306.8348678948797;333.4581563875258;5.713402226677413;684.9888393223737;18.831518937302018
254;23.740659141645388;757.3394384551736;615.2292417193607;89.107022105743;361.73385479541264;199.09550867946666;522.9701310163526;715.7516414279723;10.293301421186284;0.41591537939402645;0.5873050317945377;45.22487668635746;0.7114106684380784;119.65620840718861;277.2904900334871;286.7540941275758;5.537548637309236;502.99301166517523;16.645807174873706
255;23.566459382691356;503.3933186689148;416.6530205401144;98.60710358871206;245.93397924818572;174.01585641256625;497.5807875596133;620.3619208698021;9.990494868954698;0.41382175109285846;0.5867978839732604;47.67524459819331;0.7048991328845067;89.63249166066429;195.05112636863737;262.14563463550587;5.487340257422245;320.78120371030514;17.76099777151468
256;15.394400284968693;817.0420846359364;667.3906668218285;101.55776035919351;395.0175564154375;208.34328206327945;551.9469738502166;767.5024085031826;10.17634394982568;0.4085751394475309;0.5896445504762757;43.56268470773615;0.6993598027714905;158.52389470424848;279.08329781064947;285.6572593330068;5.528947967339951;570.8078179217957;14.780336150269198
257;18.02543085174858;881.985888139433;734.5180511922317;98.82426686953093;425.83669428107805;204.65052107676306;552.2138250428582;770.1895088726142;9.705325340579323;0.4143058479272715;0.5824553058569442;46.08370967371299;0.711086540679102;130.85442844444424;296.6811578095411;318.5663127511669;5.455245393249216;592.691784912685;15.85709631084429
258;17.17106278962081;1024.769432095887;796.794751436335;82.59584858686928;486.3424094103045;193.85154784752072;565.5200009552351;742.2231318631469;9.357220350487852;0.4142793359272671;0.5846883388163758;42.62717837857584;0.7105743857211032;155.08398390929395;314.42703238296673;293.6813676738209;5.596003189861844;706.3479342423757;15.178577583411013
259;25.17676992415499;1091.4107703437833;841.4359560325751;78.57762042264797;497.89097921067224;215.0603059053072;546.1973285952791;805.1922821694807;10.35109791133712;0.4185956996039416;0.5811969317020544;46.49457439955829;0.7142876318817475;167.03069443204035;341.3831278459169;290.8172900356172;5.715444320185054;723.5066638217161;15.621639927437078
260;19.011903234175474;1283.8632730060651;1050.1386120013049;82.51656152545623;589.0146898618696;213.39672884477878;600.9634863557394;888.5114948233668;10.13520041475311;0.4112301844973077;0.585070734429029;43.003013286272235;0.6991988087266607;172.4161499739894;391.5279071597556;291.3281189207434;5.741981870759396;877.4727256240058;18.87889792747408
261;24.09109595568532;606.796544016956;486.2013602051889;96.5201957251033;287.4464270625409;201.49754532771678;534.621013289827;720.6199763193495;9.20664340856261;0.4109674008702067;0.5889481376348399;43.96741544114044;0.7123109568317179;105.49405232754201;212.46378707490192;272.5961831014989;5.734059130424372;375.04127023451986;15.356074956830092
262;12.171573284561012;838.4281387369234;708.0156697606074;101.65042691611839;416.6827051986411;197.40232744889144;573.5950733577763;795.9773074024959;10.09984489234976;0.41360352955698587;0.58404191857473;47.70303363507237;0.7063993204222464;137.0358908826316;259.13797527075474;343.6021797513098;5.524938992978201;556.1184939127214;15.304718342363296
263;24.287546096821313;1077.48112831775;827.8799069167362;100.39434015613313;515.2402231401898;215.49227476366053;568.030380511706;785.8578580636315;11.102212382681618;0.40873388617354606;0.5898370507491804;45.36890266392856;0.6978254584490866;158.6964729197139;360.7981139136951;322.31665031359057;5.644895571381485;679.3672713987431;16.33100426271252
264;13.769996514308923;834.9248158059385;687.1509777783982;89.47530867576197;398.5838619143619;240.90248396178077;571.6393192292645;899.4071867187891;9.586958226932687;0.4100982051540362;0.5882369255835374;47.18761594052897;0.7002421942159225;133.0254450485565;292.40071446285265;302.1218162429675;5.738109273259438;604.7547922300707;14.470956389802108
265;14.492192036564385;844.2482010376294;706.3796778470249;90.45067922597909;412.6266437286464;216.33504688601428;592.589472501382;804.322592742702;9.935208748778853;0.41038145158798933;0.5848920049891861;44.24029726916231;0.6948972316347841;133.551566599967;286.1340268052404;293.900473837387;5.2586297842763;560.8821967224432;15.835972610354023
266;22.794316602669383;1099.1370416253162;879.3008662710639;87.72212369632135;504.27595419444367;218.57835307510996;539.841162739561;804.9560498277084;10.139607081732397;0.41748484700005833;0.5862892346006756;43.402442464321155;0.7140479205305674;179.57152122300627;388.7473956689235;319.35172040913426;5.46289206171708;707.6869274444986;19.304080819291897
267;12.864987199145826;878.380858722822;734.252174533886;98.97265022720794;416.29970755605063;232.98691215525415;560.9439386739169;901.1273647484566;10.482655892123237;0.4064448825320536;0.5918485576746622;47.59089115794861;0.6950896598185041;174.2348780600786;291.26022936233795;321.05950915762566;5.91838196571384;694.6647128547266;17.34031461807023
268;25.848426265972996;584.06937609781;467.561262836358;94.67591669310141;272.99072542010225;188.66190418391062;540.7443631723394;708.5429657172251;9.280139004075934;0.41384174578118726;0.5861542084756266;44.417559623070744;0.7138412490276519;103.9897717664355;199.84920087804053;311.49480540331996;5.4611175066791136;360.0564744515238;15.282644955053797
269;22.62461282995121;697.703108904656;589.2726809798257;106.2231742523882;366.56173266521216;195.73821172649963;510.9958544873363;762.5107514666227;10.37493525319878;0.41768764931121594;0.5807415470014483;47.53103551972649;0.7118909572178012;132.38325624228472;222.69584835088546;281.7680993469161;5.551730825970737;399.02305030470956;16.54265269058923
270;19.60449808883382;1367.6584454681852;1098.3904422218031;74.08124975580736;621.0092101104735;225.28912337324272;585.4887544465151;815.1786710683725;10.171074362112282;0.41349181861194156;0.5844484180729739;44.86180296410862;0.7060154172446065;190.09827004864735;401.9207939133702;318.30532085617557;5.894816738638033;981.7162827546033;15.827120840307737
271;8.790914103974625;874.3425965494423;726.983522605675;106.87193534149935;437.92025121681985;225.12579686915925;664.242026388601;846.9635191366378;11.123823322212392;0.4022044755540981;0.5976497376839691;46.14646813308305;0.7106887113100107;182.48417266763943;277.7275714167381;307.22456773700776;5.867247246274965;691.1933393002696;14.618546701560852
272;12.709208229599701;790.0147066422537;657.7667603669499;96.55619768018732;388.92548263848516;210.1623345448303;693.9262142383741;806.169386294692;9.393065665070722;0.4047778884426999;0.5969621710288995;45.18704224468657;0.7063769413719428;169.1642237398015;286.5056620191849;317.74243858914167;5.873464459866629;587.1889285868854;8.12638704445061
273;10.677749983044162;1231.1053054192005;982.8402963285583;78.34620644516953;574.409174900747;238.83053856021652;664.8677269457343;855.3854376204579;9.95443048955155;0.4186311299311443;0.5844225467126921;43.478965979614074;0.7406018783526578;194.33787517993406;406.9260224008126;314.10385864129455;5.511990644414905;823.3043178296739;14.124064883495052
274;12.39127521137685;1022.9342899189216;812.4798030485456;89.27834339385757;520.7260250753875;212.63012999603802;617.1155598394203;696.7691020781482;10.455241789539993;0.401695454084105;0.5979763938204524;45.67497337915778;0.7182543626556976;165.47402912295556;320.915198082022;282.9500620955213;5.573960372860556;674.9912523239145;12.455942401905105
275;7.52625256002307;1293.0969976922443;1033.8837358918308;85.21302338907678;616.5206823092597;230.7250032405065;661.6493662767259;843.493513235858;10.527169208415286;0.40351011284708627;0.5937762174486962;45.598254206194454;0.7009613038980895;191.73370829296735;420.60567218518446;320.11857972874213;6.035814553661934;949.4809397312241;15.114681761726013
276;12.223679177613393;1154.1564783024173;899.670634414629;81.08012244101394;519.8371234245458;188.83025594934819;686.0595813268717;724.5228027661659;10.122433618213881;0.4025592420570453;0.5945215642024873;45.500761006432285;0.7021951101189771;166.7809315272851;391.27456365476974;331.62152733226594;5.789188264582542;798.3619344611641;12.100865249404588
277;7.909626255347294;1198.145504046503;967.9707085940015;82.1472138598908;552.4222943886673;228.828094966337;663.5962327447353;830.0471316452528;10.09888645775533;0.40691530660456865;0.5907355485769564;44.564749830773664;0.6957940926575683;188.19439232869482;399.93237566491024;294.45438323134005;5.546825707316683;871.4791508159835;14.205188568017396
278;17.52887259198628;1153.4641669158461;908.4044924894922;86.46659344790676;526.1655171469322;180.29315131924633;646.0301761358961;704.3326692306737;10.410086944485592;0.40878577299507457;0.5907598562508557;45.57717525928574;0.6994643928730627;174.72875012149555;434.00040989973326;270.2090443920923;5.512397990083523;733.8643843910075;15.388347551056757
279;21.34901311462935;1222.0135394009467;963.6932802774967;80.94195256649394;549.7667425150814;258.5505227945145;668.221235484594;850.5147366651087;10.283429661913193;0.4008087945531429;0.5972378378726869;44.77070726526381;0.7002836181393548;171.86686117476535;431.66529369110066;280.4818663032797;5.262112254319705;815.5110370278351;14.871607061139269
280;13.432577802604493;993.2661059746531;798.1112657153774;94.80021068669899;511.99311070069746;222.65579458952544;696.7789214466457;792.1560995633045;9.454402727993434;0.4076989801682759;0.5897504123956753;45.02737436126464;0.6934963632317257;172.20349817499022;323.9074597713163;274.4344878252199;5.61187112373525;666.2886147409774;10.093447385214702
281;13.916758781065903;866.2080108639032;698.914442434076;88.4534670439706;411.6448436220491;230.34088054416492;660.1954469962351;801.8227736315316;10.064100059751542;0.3987834253233977;0.5998804178054266;45.181391081788746;0.6940682164571761;144.45893526642138;305.81975385892366;293.40738714606863;5.572447348366862;576.9811503275871;9.007072507200549
282;13.473027479524626;951.2633578927152;787.1614885356241;88.32260852951309;508.3613547548449;238.76807759374137;636.1113460694212;812.1993103231729;11.265012049551814;0.4030823806850449;0.5994959821424259;45.427547588372086;0.6985840644187411;177.60262942248306;302.0553206252454;293.41482549880277;5.837058330104513;636.6153154376831;11.866376601326943
283;16.25250729161325;1151.2678142810705;917.4798610375204;85.41671277200876;518.8179081350538;238.4973644809648;676.4664255891987;786.438808719239;10.138781920856774;0.3997468234792466;0.5991221510897343;45.60247941626896;0.6860687176800506;177.49230453128393;375.593365998208;309.23443650310026;5.684827784943851;847.1675478055859;10.830640233108335
284;11.789245957545008;1220.6880809357076;943.1349867063309;77.62676453667585;548.3081368460847;208.83303571217363;647.3474016992895;678.2511111635251;9.386676728844616;0.405615941667954;0.5906246756446862;41.230009958942006;0.7145401782028669;172.73129822596803;412.0809082342953;267.735432169727;5.28161507196222;821.4443079697596;15.195018889217522
285;19.78392151091641;873.1395687175825;698.4678436751814;87.74969259817522;405.5919662530302;252.5309806834041;684.283837243758;737.9361104642871;10.207766060963012;0.40364512193422347;0.5952675014555764;45.998587949618795;0.6942143859920057;130.64789701802079;308.9353494187715;301.6760946165743;5.233672847925691;600.9636549429256;11.503097562600784
286;11.58751645610379;1533.886233865907;1250.2862955617686;89.41965501689972;790.836896934213;227.34035682796798;641.7404520354241;786.7218414241885;10.606361761896117;0.400954825508537;0.5966372308167548;45.584385640897075;0.6958973297285687;180.9401864447584;451.9746123228332;281.6807739065771;5.844044492382824;988.4046431745234;16.854574726927446
287;16.23024596092879;731.6127182565385;586.3825606377821;96.89831753834366;346.21825719368917;251.60546288775328;681.8408226002497;752.9697343473607;11.091678731081103;0.4080213084470426;0.5953960656604298;45.47020536075359;0.7056674439968762;136.39813548096012;274.5525006335446;305.62510723531693;5.57079505750371;499.02885743356273;9.980721746023168
288;10.057852114607455;793.3730588400468;639.8453040523257;97.29334883181815;369.4140132373045;186.90500837163705;670.0329278603223;742.223071777563;10.421434707780275;0.40457122051914796;0.5981513135580847;44.92241666391162;0.7062439120236041;128.23465910351447;285.48483091235755;308.34845487412406;5.723522007693167;532.9002204489494;9.704911581946543
289;12.732511915531061;744.1568307349446;611.5824976583802;104.3595794243646;350.6784247093874;210.22622686465292;614.4382669356057;715.8065586599399;9.796700413550928;0.412017820978097;0.5884167822112698;44.55916329137107;0.720006480416969;127.97305158935532;267.61478073836224;255.98370346954138;5.323887376684518;541.3801771017736;9.28718067493851
290;12.385952729554386;797.3316969485495;642.1167877228584;91.82326671287254;367.77109183994463;245.22511540790256;706.1408002841424;854.2751307707042;9.772098575526924;0.39927269928971054;0.600261453468548;43.05502357882565;0.6943833119313652;149.56930770619135;295.47838725252643;293.41706067718064;5.410523661881719;562.637141788408;11.332127007254442
291;13.8231261143849;787.7154883157635;633.095182119874;95.6377098388343;365.5448103377589;199.6919439568365;611.861211496416;744.1064193828208;9.448766871976279;0.4078546470416362;0.5871822487929512;44.01265650650905;0.7235460779969916;116.00889943896561;263.1500088601388;304.1857776889018;5.461244471551296;556.3720925790831;8.78326603749628
292;7.246618470727109;581.4261762032004;491.29973693823905;96.45092063762674;276.5611223247667;169.99071388557513;612.3128717172768;727.4279036257343;10.491196018200359;0.39285088522639716;0.6045694148464178;44.895377718779926;0.6839827907472714;151.40945856440862;223.60626455049282;306.8716415915637;5.741672098703421;372.724306462501;12.171722679741823
293;17.547213257876322;1513.4860133169495;1200.4011588057776;78.1814899801894;848.1272631543368;233.84531713888185;651.3310676442318;737.5781328906604;9.966293125383492;0.4068362269416947;0.5934806294452819;43.995656510760924;0.7072436181410536;170.5084374732537;459.99393041539395;309.4120476005035;5.32457061226121;968.0537874931293;16.88690146747154
294;19.11095851899516;844.2107886562899;673.2752243822788;94.98212663729285;382.5209076507607;237.82198376532443;616.6992279103313;824.3328640958969;10.268940234691236;0.41427692814079825;0.5892381062750566;45.82956222775847;0.7161702438337528;137.211490102934;298.57351417977077;287.87906588125117;5.406534982005727;568.9263019291636;10.815573553436078
295;20.09112273971554;813.7270492245492;653.0667843046206;91.84093182514006;376.37979928359516;177.24099773393783;565.5059309432114;643.0875348107256;9.462323727325577;0.413190545228893;0.583116700478802;43.873087088708814;0.7330177409139347;121.37472249234231;273.043796441922;296.55910006487414;5.289091638106985;510.84230179801597;11.346237837095089
296;9.690847822921421;995.4992986143377;793.4244623130725;82.51091921827917;502.4386240372387;226.0749982683824;648.0945331570492;807.4329904535164;10.557507988540575;0.405737523998788;0.5961427586920841;43.79399144586696;0.7052593428383969;162.64112563378043;326.47883735390246;309.4494781030172;5.857152613234147;691.6592594007637;11.551921454251685
297;9.714522278536723;947.6376041416372;778.105375451744;94.43621159017306;504.10523135539796;231.93975383287412;655.3688527930578;836.935642094847;10.231406008484816;0.4076913818276943;0.5927479921215616;45.579656213758696;0.7084068009657565;158.89562411062164;301.8335711306375;310.26000791034295;5.626679620422537;666.1815999178309;11.243266701638893
298;8.787933093935536;1172.5641621628695;938.974209333742;91.45623891344101;537.2382998148798;230.0328612508368;653.8046309343918;793.4438143782745;9.824310513783505;0.4066057276144458;0.593359400440823;45.36823014416812;0.7165325288985345;168.3405204122659;387.97047495768993;305.8711613832655;5.6638628162785105;750.7182405045802;13.09093136040679
299;18.581948275703976;1231.806205407386;973.6251516214454;76.14973532143281;539.6785938043733;209.00722484415525;619.0047354397936;748.4234407050897;10.297187841244858;0.40602053421459533;0.5922536708896146;45.51492757229531;0.700271987005389;186.37487099009672;389.1435638845247;313.870653194655;5.875693388559638;885.9938424426698;15.132766805568323
300;16.916341442923585;1084.2664809159926;833.335915813878;81.3674353264517;512.8674337528848;220.5913488748534;596.6319084059311;751.0989926006937;9.731676794141983;0.4194365664161661;0.5784675979275867;43.539257723846376;0.7356630750840181;150.14530052534465;376.9694553552631;298.4308019957868;5.260952275200081;688.2364262408053;12.843822931300796
301;7.612660959517894;1128.7884935093712;894.5985001978719;87.05807474417476;527.151314483233;225.12641664945278;633.5583011988889;778.9824378687047;10.090840197283073;0.4082887771758482;0.5896330690045641;43.25300158873051;0.714252437149092;176.7126505782429;367.3790792238477;295.2059929368833;5.277322396085214;751.8304390163955;10.530261163888964
302;10.304448685182331;1510.3645853621256;1207.1638141512412;81.73672909942714;852.4175260978766;219.96640389839567;659.7043268798193;793.2863552176511;10.247350372026315;0.4061876748346984;0.5903368712421646;43.101678800404024;0.6955785296438063;186.66241825663832;467.36611989388547;305.2662296460673;5.591382974112139;960.8531094045745;17.503493186613188
303;14.684746957977648;1146.7590806794258;863.4160202402797;78.52706827492965;524.3952286572228;226.45373705934435;601.4667585277069;809.2929777349257;9.493698554244158;0.41948302717100516;0.5787730140508524;42.80323458035922;0.7345434513181306;185.07009477498394;391.8665704591596;273.923317159552;5.346095501925811;751.0823055957258;14.335877867536833
304;8.759568103565309;851.7904758601787;694.4685344360727;95.99872404601975;388.8427255822552;207.90356672661005;653.2354606991059;812.4234504324837;9.69732699410802;0.40535699236758804;0.5931729767483468;44.871639202991766;0.7063318974469658;141.17315879375116;297.16279580830326;305.998592483353;5.576653870726501;556.0712437604582;10.398612814079945
305;15.204580628158036;1104.3251446119189;858.0074964450553;80.22313631364726;514.4498397533666;214.77740749505915;651.1762559511493;840.8508366797569;9.66946552105769;0.4097385260683011;0.5880045221548793;43.32139468422397;0.7236524626329202;164.658046815738;443.3373199030532;300.15491543692156;5.313736045378044;737.6718583968476;12.986009447827936
306;22.85544229027709;1125.0194532125292;857.6324452599978;80.70494502039409;525.1489002986697;176.57866953387082;531.2756473150255;657.0912183541657;9.527201204781953;0.4208546659721201;0.5799430944478263;44.01740885454705;0.7386687267642137;159.1146551691254;446.2059962845512;275.4586567955985;5.2286419129553305;718.211790696659;18.000986706326973
307;20.63119051060956;862.2180437673653;683.8326416447446;87.96182502299527;402.2447414602467;214.67476780468033;598.4669314569812;778.4087965263609;10.17429866052397;0.41695085355542705;0.5854852258588441;45.14345074996444;0.7165598488319488;129.18835479167146;303.7642910110002;291.8845347781199;5.296004157808078;522.2790231039165;11.877139795314504
308;12.316129671909106;1063.7844152390492;835.9318781466394;78.31587063084939;529.2902386959486;244.1253124762567;640.6982194134844;852.340257320039;9.957532544283287;0.4087355753432208;0.5881179180382141;41.28400010184318;0.7047518982393646;175.9479077234002;350.32663342817733;284.0739210917378;5.57864114115901;693.1267451637519;13.214827514220456
309;21.118137125091362;1281.9482398042078;1004.8219703997535;80.99571420368619;597.5067912264651;227.87548299300983;642.8342287731593;837.2306834634468;10.368333650939686;0.4157829965805546;0.5847970614970446;45.19322799708665;0.7087477629504658;174.94180486403496;407.42962697064434;308.773909260755;5.568401347555311;892.111439965136;14.306950526217857
310;13.778902407196606;1021.3785532912868;808.4561428076333;89.44823000663442;458.74714314524465;211.82852986477005;623.8077971216265;736.2252756307537;9.838707611137846;0.41843149795659607;0.580885247425122;44.61486433066443;0.7235393044114729;137.10585580648538;375.4209489275778;284.34955909294393;5.39923805240277;605.3759207125182;14.464316154496487
311;21.01422083259289;1251.3652071714218;984.0862557966473;81.50911716464351;552.295459938178;223.30942213131706;581.3374966389316;746.2926754431512;9.804518056184998;0.4151565488673465;0.585833096091875;45.090934550599286;0.7263665516491156;159.3579377120595;461.73455116925453;272.9765457378161;5.285484956904739;827.7752574647682;16.28402624612709
312;17.05529833922062;1104.0609782626204;871.7586055858335;84.90398645717916;521.7669198095317;202.35135188519183;633.9790351348878;751.7672001050938;9.571167495322834;0.4171312419346179;0.5774268483658505;44.170779127990365;0.7339214385813836;156.46086157221185;405.5103404809087;288.58490302981335;5.591376464201755;717.4794000549442;14.523079689217031
313;13.414218891643202;1335.793915452868;1039.181859464086;81.22900119705226;648.1826911574963;227.8159535817243;646.3913036107521;816.7904146048684;9.63661141065747;0.4152253967493518;0.5824723167296013;44.99552859427969;0.733328067921362;169.02008483835564;461.0732756992049;306.5082044402232;5.439252593274306;918.3064056969436;16.29516382179677
314;8.629509168226072;1383.4171966661113;1124.824750029416;76.14210679248262;704.5861398766284;222.05810780091014;709.9343368111197;776.7025125507713;9.84849463836353;0.40145248096572034;0.5948636620868224;43.28915420938436;0.6922621506152115;184.65545323967257;413.0881709321261;296.140165674853;5.926629518248181;908.947323415228;16.74513891090519
315;19.686456910604882;1351.269819810957;1039.7361338381252;77.49331152051627;636.9730987549344;223.43191038339745;608.0424243348925;760.1248196512578;9.872872532142367;0.41610524879986616;0.57957648798092;43.237405942547014;0.747129601445826;150.31597630218647;425.21614124412815;277.5902135771924;5.221561543135707;841.4940554411903;15.703507569976598
316;18.924998458599056;824.9617130043173;665.3514682102825;97.64022918778798;397.9948245368994;232.89410282025295;639.9906749516658;779.15317581617;10.337064785939829;0.4150491765179615;0.5829111240250336;45.37254498156598;0.7255120205845889;140.11926583495253;287.3969238798638;290.884430746319;5.417322593637875;550.6849023280126;12.18493786437975
317;25.433905202758798;1511.895809203383;1171.869660982326;83.02938882089647;783.394684593185;235.56544969125753;590.2651539483631;756.0921011667238;10.171725687889946;0.41848975969768876;0.5818834523708103;44.3333440790156;0.7340194986481006;150.6894943989834;476.71391975827083;278.45828746638443;5.4571097088280025;1003.8184213621898;17.346909550048064
