ech;Variable;mean;sd;min;max
1;C18.0;5.79579220860994;0.16157297933077203;5.574111563871201;5.986690441243615
1;C18.1n9;41.151101686195574;0.1080633821168368;41.03542508461759;41.321516899587316
1;C18.2;10.165451705631744;0.10073582752364654;10.004638342321076;10.278973390371775
1;FFA;8.786479416791602;0.1691042691263602;8.624130214161314;9.0670093029658
1;aT;230.34132936384245;5.542960493868794;224.4294444942471;237.68280374465456
1;aT3;268.5502284524583;22.212240792063188;240.68431138322552;300.0815562587627
1;dT3;106.6055222194492;11.302123799917375;92.9886923569429;118.42181154135919
1;gT3;374.6793399066762;19.28509771827511;354.8399580611341;406.56534517099533
1;lycopene;6.401625527916066;2.13619217389177;3.778422866725523;9.46196115464788
1;ratio.alpha.beta;0.7946265651319816;0.017022268480593072;0.7677832506233933;0.8137383510535549
1;ratio.alpha.natif;0.4403781281270911;0.002806959238463449;0.4358614353535888;0.44254039013947183
1;ratio.beta.natif;0.559567533769268;0.0039410148397616045;0.5545013765542471;0.564564320595886
1;total.T3;740.4308241019926;34.84542267783723;692.5170548538983;779.3159186531823
1;total.beta.carotene;603.4800839066827;19.213441531777036;580.1974464151947;632.6042219397934
1;total.carotene;921.4076916955686;18.164070149662138;892.5764084201619;934.7606976036448
1;total.toco;989.9558545715796;40.28029203372029;941.5473101644872;1040.3197352299771
1;total.trans.carotenes.natif;747.9860657057092;14.881274232778855;723.4891715233601;763.3703832300347
1;trans.alpha.carotene;308.51229649641334;3.792736151423573;302.32574989778453;312.37405398482434
1;trans.beta.carotene;438.08449511457763;3.2040887067488777;433.6587018912868;442.132409365873
2;C18.0;5.851936511712898;0.042166811964142834;5.785133788691122;5.899757459522898
2;C18.1n9;44.40076298460564;0.7780770189196948;43.16809789674775;45.319785542981414
2;C18.2;10.802331630500522;0.1294021006004229;10.606706285850848;10.939254597842277
2;FFA;14.707573960514633;0.3168538267817707;14.400775805991087;15.097223249411467
2;aT;279.15529570417846;18.78326416696572;258.85983032609136;304.84007985114187
2;aT3;290.7155151941886;13.186955734517214;268.4172993304538;303.23810074140613
2;dT3;118.14971536699622;7.664250836724828;107.39747276813982;126.23009269639071
2;gT3;368.3763159850822;42.81712463373089;329.3428571045976;429.75450671884107
2;lycopene;9.06307940470827;1.2565301102943882;7.372876214045253;10.449504580206627
2;ratio.alpha.beta;0.8423774724872898;0.010502326655280437;0.8325739215070661;0.8551333425208134
2;ratio.alpha.natif;0.4561270226588549;0.0030733855925761675;0.45234625568493525;0.4605382601807825
2;ratio.beta.natif;0.5469617555290228;0.006098985724146883;0.5371234482127001;0.5526381916579988
2;total.T3;793.13595759738;54.296149137593886;718.3280083996267;845.3173899961461
2;total.beta.carotene;697.4888608095399;10.088540897861327;682.6476871472752;707.339724109225
2;total.carotene;1110.806452526575;23.808585641908973;1072.8810653373864;1134.553491748172
2;total.toco;1191.8484658459365;84.5387541774316;1103.8542634564901;1291.423164298577
2;total.trans.carotenes.natif;916.9726262599979;22.665241608926635;884.6424858251168;938.6244806547319
2;trans.alpha.carotene;401.65786706782956;22.64884634450081;371.4367546457873;419.67315946708504
2;trans.beta.carotene;505.32194017586244;5.377918132736008;499.4132343385685;510.66978484111615
3;C18.0;5.915517812434125;0.1743737617419045;5.776443058942871;6.2038031642718385
3;C18.1n9;42.52338986926678;0.26237772821600813;42.198350951180124;42.78407618169938
3;C18.2;10.290949367784133;0.13831415329304242;10.051151778071338;10.406110672319489
3;FFA;9.84545749312021;0.11352127089428611;9.760912487509719;10.027118596030288
3;aT;214.2519637396189;20.199343152018727;189.3919918005476;244.03870417383237
3;aT3;257.51286354192354;23.39207473973145;224.8770370796759;278.26536120082056
3;dT3;110.4955755172745;14.280807428853091;91.25363895955194;124.2181158707532
3;gT3;386.53134278941064;19.197709065169924;372.99159252764656;419.4614897606948
3;lycopene;4.476034059006939;1.5656051089968888;3.4395820256847385;7.087978882404432
3;ratio.alpha.beta;0.7934789653402159;0.018257200041391867;0.778472079795543;0.824661607575875
3;ratio.alpha.natif;0.4399839909911375;0.0074852902059286235;0.4300209948034648;0.45083505945679986
3;ratio.beta.natif;0.5575366587934172;0.011499438629366724;0.5400826906096868;0.571591470790828
3;total.T3;781.4025004456842;86.40291592352197;726.4477154792216;933.8873386908863
3;total.beta.carotene;563.0589261089256;54.28222300159581;514.217604062284;653.5197562626902
3;total.carotene;828.5430934648077;39.648685955102884;782.1895339328255;889.8912367602027
3;total.toco;994.1563410527224;73.14879968092302;905.3181189240125;1102.9837026654616
3;total.trans.carotenes.natif;665.4938342245191;33.84301257339088;637.0654248161537;720.931909977766
3;trans.alpha.carotene;291.90685037133704;7.044804039773467;283.4441931892854;302.38555846765036
3;trans.beta.carotene;378.8743731565859;26.10492555192843;354.9820578429457;422.12627873252603
4;C18.0;5.640871521090382;0.18743311617414513;5.394055327628827;5.846577014274949
4;C18.1n9;45.12685923969696;0.31588952521586383;44.63442708326567;45.47181854081745
4;C18.2;9.731117835473343;0.10350889859597881;9.55518294076783;9.823242543001895
4;FFA;8.774867716665998;0.35263103923988187;8.50171889555452;9.294980614542288
4;aT;223.43484858502302;12.247390953863963;210.2289945497092;236.05157087266068
4;aT3;293.4900513871111;22.972160411514643;258.740270002292;323.17524256815756
4;dT3;115.2218705636769;10.915494642547714;102.6614250685911;125.04281242606672
4;gT3;426.26588686571574;33.17072622658839;374.21405573853355;453.7655848456401
4;lycopene;4.201016896991846;0.40744793386439965;3.5824206274942183;4.610167019650814
4;ratio.alpha.beta;0.8043979938766863;0.024141442798590266;0.7803991701636876;0.8387683936746103
4;ratio.alpha.natif;0.4431315316029335;0.010162015751775406;0.42769058859157505;0.45415196768487825
4;ratio.beta.natif;0.5596089960795009;0.009903656776555633;0.5466465649022265;0.5736227865826361
4;total.T3;915.0407855054057;61.02543802844223;846.4051940555272;1011.1588088577005
4;total.beta.carotene;577.0460826467802;26.059906484741234;538.9800216818885;604.9055842673224
4;total.carotene;883.4342848038563;14.834847866462695;865.730687027395;906.0076315420395
4;total.toco;1117.8346841186226;54.149985776027656;1022.7373007474;1153.7500000360697
4;total.trans.carotenes.natif;695.048778986579;12.73630284616457;679.9723654200905;706.770068083249
4;trans.alpha.carotene;306.1342999279569;6.84978531709966;298.8765933596068;314.1121175351055
4;trans.beta.carotene;392.8935904727244;14.997313727045135;367.3033840131917;403.7554236679192
5;C18.0;5.693445837846854;0.283264676356211;5.3242289071063;6.06010610218783
5;C18.1n9;43.21254862784791;0.3934017747398113;42.67210779901449;43.54100709609709
5;C18.2;9.657595465371166;0.3242196857767142;9.389192567810088;10.192595287357111
5;FFA;9.938239663480283;0.4223129490248076;9.399313981819319;10.574155500390331
5;aT;248.340951094993;25.807945136458553;204.65396982098488;267.3159460717448
5;aT3;264.5135871417086;24.323381054856362;227.4165802490761;292.1858819797878
5;dT3;108.21774426807667;8.902094997089694;94.09037995746002;118.37617585996239
5;gT3;364.84200027466557;35.20907550667956;333.87117272108725;423.71817702630074
5;lycopene;6.266947068074626;2.1929595724787325;3.9701541112226475;8.684734954291363
5;ratio.alpha.beta;0.780590637881079;0.027302536583196788;0.744405737890313;0.8088830280442083
5;ratio.alpha.natif;0.4335191541937714;0.011404370306538335;0.4181497080331344;0.44723635582470705
5;ratio.beta.natif;0.5678640943855486;0.01401443736589358;0.5550986436145824;0.5894590986205082
5;total.T3;789.9641572880737;15.89962759445488;767.0361882405737;803.0644139088499
5;total.beta.carotene;690.6676227755875;53.60391845110079;660.7989711238588;785.8533059668946
5;total.carotene;1009.7640222958241;68.01254871552014;956.894759770301;1128.2473525673697
5;total.toco;991.7422625839324;87.45202773366115;885.1523276441643;1090.8485414153026
5;total.trans.carotenes.natif;814.3166266380352;52.78350482353078;768.1447108007068;902.1738776408777
5;trans.alpha.carotene;347.2816695890915;17.99585844005147;329.6023231502922;372.980325126527
5;trans.beta.carotene;472.62118874238024;13.56658208345338;455.83667922334;488.56516297027537
6;C18.0;5.648499635026832;0.11593922283767769;5.561454460534499;5.841983192180452
6;C18.1n9;44.175916808279965;0.48124475097983027;43.556991370282674;44.8541571858643
6;C18.2;9.772097208247784;0.08431535266361423;9.679692783766098;9.86571520346527
6;FFA;9.450892090289509;0.2634458931863985;9.103420106770004;9.75235329763911
6;aT;223.43206929419756;26.955928754525477;191.63658892486148;255.28756159754363
6;aT3;289.71851460274394;10.077166037233036;275.77845649180466;300.96076105017397
6;dT3;121.39119748602491;4.309240833278215;117.40253676494872;126.42001832104889
6;gT3;361.46940366055287;23.924501456774983;337.0511228668383;386.12301942686724
6;lycopene;4.480134923594268;1.353472580529472;3.0752476942488363;6.11594309118061
6;ratio.alpha.beta;0.8037610078109367;0.009513065844593077;0.7889531978243614;0.8138413154518395
6;ratio.alpha.natif;0.44222457055972597;0.0029619337440241096;0.43731815762804077;0.44433461163874105
6;ratio.beta.natif;0.5571183241467205;0.003595969189113361;0.5521474782359528;0.5607442925584825
6;total.T3;788.4707626108471;43.37947816218754;741.7795919594377;848.3501105648597
6;total.beta.carotene;463.9863927729049;10.128620100986211;453.11522461508434;476.231666776717
6;total.carotene;751.5454743040456;26.679578852163676;716.6721829877769;785.5748475315596
6;total.toco;1040.1976469265558;85.75227385323333;925.8483916838311;1155.580801886363
6;total.trans.carotenes.natif;620.6321799690517;37.18936452382257;566.6340906119561;663.62347984919
6;trans.alpha.carotene;266.7149411596512;5.269866433683611;261.90543623209425;274.95276099528957
6;trans.beta.carotene;349.2430265643092;15.1907458986919;326.7286629935914;364.82040051954317
7;C18.0;5.779119983681239;0.027263510697375332;5.735204287150615;5.802656253716217
7;C18.1n9;43.43047318502562;0.48887499735100537;42.700047220877686;44.06661224418949
7;C18.2;9.784960404463238;0.1708210037220269;9.556840141359652;10.031065005973819
7;FFA;9.269855143998317;0.186088775290714;9.001652532479957;9.475269865883025
7;aT;207.28406264457325;25.00288345448095;175.22615317240172;240.12612149422264
7;aT3;271.24296011249976;14.100273709443526;252.42929763786125;292.13486868381204
7;dT3;88.34734596315356;8.22757713019837;79.40090830896855;100.5361789500031
7;gT3;329.94852909018016;20.692621913960274;294.8126469826891;347.41056715210055
7;lycopene;6.071250328116851;2.532541654021801;3.276156564762081;8.86148060348068
7;ratio.alpha.beta;0.8149415771876154;0.012894299511763338;0.7987893290953513;0.8302421988425452
7;ratio.alpha.natif;0.44758798953545503;0.002373836354849538;0.44551923359257045;0.4514700360811213
7;ratio.beta.natif;0.5507842721817783;0.0053701648607349444;0.5441466957645551;0.5584992108760025
7;total.T3;648.7577764247883;45.69517563828667;611.642055858283;727.4475779587411
7;total.beta.carotene;488.5574405657294;14.637402680416953;469.02310127274615;509.77549176224625
7;total.carotene;793.9401233704706;30.089940934959326;763.7776032756357;839.0893628057696
7;total.toco;854.5961887390635;81.70220063882094;723.2952768979047;930.0003247082145
7;total.trans.carotenes.natif;632.3256717230282;17.110744907633812;618.517429253233;659.9111321931056
7;trans.alpha.carotene;287.1033211371282;7.6986607708826025;277.1206051865892;295.63366056544004
7;trans.beta.carotene;356.982421132534;11.833078839737944;343.00886551703354;375.4222756503617
8;C18.0;5.357993364081565;0.17543313117807763;5.230836976257189;5.659114741211487
8;C18.1n9;39.51862685848354;0.2928425937670844;39.21259533106933;39.911731512107565
8;C18.2;9.945880991159763;0.19571230177784193;9.648877591102142;10.183711274776003
8;FFA;7.53546434569318;0.20655251610868164;7.310846076780295;7.8546663970671196
8;aT;259.4443257504022;15.461132394274346;239.49286550403986;282.553421803106
8;aT3;305.1219860559214;8.903289721995572;290.25584514415397;314.00254421256074
8;dT3;96.19680833463471;10.912369693095762;83.85796263780523;110.93956814881896
8;gT3;338.9337489687638;13.870093410813618;323.95850969353074;355.1632890319312
8;lycopene;14.881085104224983;0.6869506688392107;14.012994934747118;15.640037914726927
8;ratio.alpha.beta;0.7576276993470501;0.01053213738733842;0.7444587035376238;0.7671775065540904
8;ratio.alpha.natif;0.4243178279608869;0.0026908430028371134;0.42255577704301844;0.4290453571243129
8;ratio.beta.natif;0.5719369875497055;0.0030144789094536267;0.5670402687396431;0.575263300299647
8;total.T3;721.2441041517839;39.49145774951487;661.6844737858469;770.8899359548776
8;total.beta.carotene;1306.4395859660567;6.504717660799187;1299.8693722108355;1314.070976069565
8;total.carotene;2030.1045758545547;21.387199653889258;2010.288418190628;2060.8713928700204
8;total.toco;1024.1991788534665;73.74984428011739;929.0423333903896;1105.987773814507
8;total.trans.carotenes.natif;1664.5364124720659;11.613472426952391;1652.8287899235522;1683.2471715408628
8;trans.alpha.carotene;679.6800872696343;4.993486404934704;674.9900105518034;688.0902800166127
8;trans.beta.carotene;928.8837983615264;10.390231196839665;915.6842606993596;937.3240508979109
9;C18.0;5.734377714403233;0.07199219820716041;5.6742944381577525;5.836441420545631
9;C18.1n9;40.50680673417641;0.20652609206802996;40.35001190239208;40.80907378288018
9;C18.2;9.994656945373796;0.044849301329194714;9.933580031311726;10.035562881246944
9;FFA;9.04615368410735;0.1896636936535851;8.807360751598075;9.228875205796118
9;aT;205.77524037451727;22.055723519353915;185.76886769898655;235.08918795660745
9;aT3;291.91144795322657;9.071196829613722;284.17587454535726;304.90451271565655
9;dT3;105.43713437521045;14.38014577898678;89.92615450906169;120.37479038734689
9;gT3;376.2047509832449;18.51576650278536;349.2367676714863;390.0496821207375
9;lycopene;5.3706034289619025;1.0599496688633243;4.24451674077027;6.712168639687592
9;ratio.alpha.beta;0.7945390177211226;0.012670588871596618;0.7799028941208574;0.810598328936799
9;ratio.alpha.natif;0.43682854839887186;0.002372379126836813;0.4335647691765631;0.43920718630641004
9;ratio.beta.natif;0.5640556521530875;0.0020302483307167224;0.5621453711366329;0.566677570522391
9;total.T3;765.3380332558073;45.455583309907624;698.3449662768819;796.7506849157496
9;total.beta.carotene;559.2434468255201;20.217420187187585;541.2583502685096;577.7090567672216
9;total.carotene;857.5196261415132;18.32718749627506;834.8516076943557;873.1778999171435
9;total.toco;1003.417321387087;81.96691827756815;924.7352374642904;1087.3263412647632
9;total.trans.carotenes.natif;707.5021689196603;3.7218611345914345;701.9465641998664;709.8572944439385
9;trans.alpha.carotene;286.47314039704975;2.569301986422114;284.68916129201205;290.270549360369
9;trans.beta.carotene;427.456883902747;3.849829139265693;423.5316988162561;432.1723626330692
10;C18.0;5.893181993688569;0.06099190178556968;5.819880236433025;5.988700631710762
10;C18.1n9;43.553746516769806;0.26038861357374116;43.304311979078214;43.90433454350098
10;C18.2;10.350265541870758;0.0688967647743608;10.247978915532086;10.417870290491914
10;FFA;6.5240986812357065;0.09073837202689704;6.4070400721655;6.632954840546151
10;aT;199.15021992472006;17.575754927218956;173.60329874218738;222.96572081330746
10;aT3;295.9213974531899;7.180708053194993;286.5483856584386;302.58168381348696
10;dT3;120.06271402330553;12.890330350750576;98.64074893047666;131.25601094869577
10;gT3;430.8479825518467;29.81922244624973;402.9183049560262;466.07849888072053
10;lycopene;4.43340656022105;1.1411808362078875;3.644161486820225;6.418545996189729
10;ratio.alpha.beta;0.7251269976171505;0.017549901059578137;0.7061636845905908;0.7480430033090184
10;ratio.alpha.natif;0.4088867122064263;0.009829657536854114;0.39787751874013555;0.420860929844217
10;ratio.beta.natif;0.5963949733573778;0.009756805964339112;0.5837757340351067;0.6075824450993412
10;total.T3;839.8964124674852;51.73396994980258;769.9060990911139;887.0867339398918
10;total.beta.carotene;498.13724165333025;1.4840439597851884;495.8805167129252;499.76728815472876
10;total.carotene;778.2479475319806;18.017211658847334;755.3513454504352;793.7140612688513
10;total.toco;1005.2573292603481;45.782885755201264;939.6075468776448;1057.1174982687437
10;total.trans.carotenes.natif;623.2183814764252;10.50061640041691;614.1568158011505;639.3774829446891
10;trans.alpha.carotene;281.8539632337972;3.775450889895797;276.3215085415138;285.7291167233101
10;trans.beta.carotene;361.30193076790624;6.24980481515233;354.585804668483;370.68552266084816
11;C18.0;5.530757932483926;0.04368025092741865;5.494518648881557;5.595028386743456
11;C18.1n9;41.050530425259126;0.056131709962729794;40.97597423965827;41.10007682419672
11;C18.2;10.048458398803024;0.06853706183758658;9.96830627782877;10.125226596383397
11;FFA;7.702154948968456;0.28992737609782554;7.389597822636009;8.035950066564972
11;aT;217.66108854095583;34.65906556963234;164.40719624436954;254.71267331378908
11;aT3;268.8113364612422;22.156650748327884;238.10542596390607;299.40501193279135
11;dT3;96.5317730366624;3.6261114604909728;93.21632100170365;102.24956604248862
11;gT3;371.1056530697914;13.401792283985387;358.67542341206337;389.38984376500935
11;lycopene;5.869396134229159;2.9570250364627824;3.7287949174372237;11.070731546728515
11;ratio.alpha.beta;0.8392943933290837;0.008841103364766786;0.8312908949998176;0.8519466311981668
11;ratio.alpha.natif;0.45181129144631293;0.007510945412879851;0.4410279835788174;0.4591873565256423
11;ratio.beta.natif;0.5449423835738173;0.007710641087520281;0.5363630179746138;0.5559260418588972
11;total.T3;820.573651420392;54.92960773247778;765.7852175805289;892.3730747123943
11;total.beta.carotene;541.5438706082994;8.929346382738379;530.0487153760198;553.0163539641246
11;total.carotene;830.1143154434947;11.436963803304439;818.6409290194812;843.7244274760328
11;total.toco;941.6891064493569;150.27240534198648;742.5574226678457;1153.101951994195
11;total.trans.carotenes.natif;697.9908027924804;10.64608578658653;688.2784084067206;713.1035463965195
11;trans.alpha.carotene;299.5298162951616;7.903883743706406;287.6524623659398;307.6184657898589
11;trans.beta.carotene;364.1332378031898;8.61525726843401;350.2566253606911;371.1647790275127
12;C18.0;5.249354193345562;0.10010530517329817;5.082986790583654;5.3216487543973905
12;C18.1n9;42.96541656285407;0.49424518499008374;42.27388986341923;43.53822424056544
12;C18.2;9.830742440434676;0.11698003559164091;9.698386872731335;9.994783582088463
12;FFA;15.941984219084409;0.2138171959746958;15.650394264092618;16.226934708247587
12;aT;189.6816446287542;27.581653596435714;153.82327531001303;217.97410761357906
12;aT3;220.9348654220375;9.459506083313537;206.87812842256037;231.79446066531256
12;dT3;104.65439042169396;5.161117120996338;98.67977613928093;110.48052298578482
12;gT3;324.6811566639056;22.611005042476634;289.00855419161695;346.06345418193337
12;lycopene;4.596880416488697;1.2841617993599677;3.226433766825875;6.581185778884853
12;ratio.alpha.beta;0.8844818348636743;0.009420272073051322;0.8746070369090502;0.8942678308264688
12;ratio.alpha.natif;0.4741008886663141;0.0022917275649234924;0.4711424654417318;0.47676456008655954
12;ratio.beta.natif;0.5299773194561219;0.005708994843717465;0.5238929466574794;0.5377654804107556
12;total.T3;657.847354650348;28.48676412524292;624.0845499689672;687.0094084818983
12;total.beta.carotene;455.9547757838225;4.2633842358147955;451.29334576373765;460.32955918292276
12;total.carotene;755.7469441925675;9.799148782065348;745.1059266934641;766.5084095354991
12;total.toco;824.0918059826487;118.0323380073088;701.7095569195706;1000.4875385044143
12;total.trans.carotenes.natif;589.3651915356661;12.143374528304067;574.4209662118848;602.4392481194939
12;trans.alpha.carotene;291.2760823371474;1.9700307205513654;287.9451942538378;293.13645493440356
12;trans.beta.carotene;312.4556107973679;5.901138276398172;303.6049495501737;320.012930143504
13;C18.0;5.894676812185532;0.1468759777254816;5.646270804397887;5.9955279655740386
13;C18.1n9;44.974634585975565;0.1893057222594013;44.752959159022446;45.26449938592534
13;C18.2;10.063209776052675;0.12878586428955152;9.872379922630882;10.18711269006138
13;FFA;9.338697061628881;0.4872024036082234;8.742623293098696;9.748467881823133
13;aT;253.351627109001;16.115424597461274;237.6578404337788;276.9978741023036
13;aT3;296.30941892661315;8.69116785774102;282.66477087060474;305.69807643078735
13;dT3;102.61762979814617;10.32146959446681;90.83106185615716;118.67944841093727
13;gT3;384.5913054438056;22.094114494673082;358.1634716154931;412.62259377868213
13;lycopene;18.21627878691285;0.8573459258125706;17.06629232071331;19.31855083361948
13;ratio.alpha.beta;0.7578331029534658;0.016113529333478403;0.7378795298307721;0.7739633907165487
13;ratio.alpha.natif;0.42657863777035415;0.00402803659934818;0.42048481537167526;0.4305379010395619
13;ratio.beta.natif;0.5710944684612682;0.003267136058225362;0.5666431990707024;0.57585888558261
13;total.T3;830.1804706470718;36.78255812913066;790.4817626452184;877.5886764435018
13;total.beta.carotene;1280.4915569388686;13.475140747693658;1271.3926757104146;1303.7912282768239
13;total.carotene;2062.4271806975635;17.265549083805;2043.949408478398;2082.2848887989094
13;total.toco;1027.098607002963;50.281556856326425;966.6151944255286;1098.1491986097042
13;total.trans.carotenes.natif;1694.2969832327137;19.420551712944217;1669.394688597646;1717.8483149757096
13;trans.alpha.carotene;691.6094739402155;2.8403374116302786;687.4487583333577;694.9948763809135
13;trans.beta.carotene;944.1311672209506;23.88756465729034;920.9242025261467;981.7269667202194
14;C18.0;6.002836703062723;0.07369691639639785;5.894541978999643;6.096853151964566
14;C18.1n9;46.06494018813122;0.2944222181096016;45.76546419557342;46.55766916459483
14;C18.2;9.772131406573948;0.09251503555351764;9.654345782703288;9.859141619117297
14;FFA;15.332878596243225;0.6746002625644915;14.595413998157191;16.262478791888213
14;aT;246.5652917324318;17.11531818138682;231.91770381517694;273.46532156849696
14;aT3;309.9260823042076;12.856980873217402;298.78504551926284;332.1396756064663
14;dT3;106.67706622348064;5.905868205669159;98.31083962262659;112.7475926838617
14;gT3;362.0327640002896;23.112719349532647;340.0989948478124;389.8104619979422
14;lycopene;20.167544621048187;1.1902559855678791;18.58317289755415;21.566030066901124
14;ratio.alpha.beta;0.7840831467289557;0.02411614521997294;0.7485888465116244;0.8079246940612197
14;ratio.alpha.natif;0.4356376990265235;0.007765931927151678;0.423103841948055;0.44188827681460213
14;ratio.beta.natif;0.5633491631955433;0.007748707691713951;0.5578296587802022;0.5760758759048481
14;total.T3;844.1173489028813;49.04285387773561;793.5566159139194;911.5481789708666
14;total.beta.carotene;1297.7666029007523;23.417009378594503;1264.602190797506;1318.6433441399258
14;total.carotene;1994.5943990448025;45.94458833663245;1937.3978791611148;2062.146874691621
14;total.toco;1070.4223441857862;85.42929182627945;954.6014811134453;1166.3386068077823
14;total.trans.carotenes.natif;1637.7440304570125;16.36374367840969;1610.8065930697246;1655.0926600031055
14;trans.alpha.carotene;694.7841549935767;4.595903762926821;688.9558916745606;698.9193890919137
14;trans.beta.carotene;909.9849534301413;17.614167903120467;892.8167038671168;932.195421365872
15;C18.0;5.935912203334349;0.05179730685564581;5.899834388288815;6.019673525844229
15;C18.1n9;43.418124614836046;0.35506581917554814;42.90876823158764;43.88495774098896
15;C18.2;10.309507647589864;0.06872904138657272;10.208657341491842;10.393343925010253
15;FFA;7.347468058349799;0.16110362519107937;7.1331580723620505;7.550487901055233
15;aT;208.50439629792717;12.958863523062698;189.773026982935;223.4000212687847
15;aT3;322.6627380925592;13.330786443792235;299.11947673680777;331.8191229789904
15;dT3;129.87262189751354;5.136764198907458;124.01266858094559;135.154571355663
15;gT3;432.79850953316407;31.625269001245403;389.3029083093345;459.7633701057708
15;lycopene;6.7754079211457094;1.3647641718700498;4.707554904560382;8.078091062590692
15;ratio.alpha.beta;0.7074275863688925;0.01101417578347087;0.6932815833228518;0.7196101087942713
15;ratio.alpha.natif;0.4124204961689423;0.007245844826395289;0.4060969730195314;0.42451113046348443
15;ratio.beta.natif;0.5933091323947974;0.009660906043221293;0.576839403548988;0.6012924150890537
15;total.T3;955.0470705379548;20.06689858993885;940.5763622994734;987.9926409984735
15;total.beta.carotene;465.65229806115;10.619580185193636;451.9218287714206;476.6911164978273
15;total.carotene;722.8099104200894;18.643192106628906;700.9169641405899;746.8476679180203
15;total.toco;1117.6676598260724;46.96204031496676;1049.2044069403678;1173.905557242739
15;total.trans.carotenes.natif;589.9935646931057;19.148044045897166;565.6476621205597;606.4354162457112
15;trans.alpha.carotene;249.7663147567361;4.393379612302759;243.21449313883065;255.4481808828177
15;trans.beta.carotene;360.844379392183;10.011252958657424;348.8605829339136;372.38788311600774
16;C18.0;5.552202257492134;0.02308462145447264;5.5317657222456615;5.578522943962819
16;C18.1n9;40.31601881540411;0.4189664426852759;39.869450635358476;40.81119402554837
16;C18.2;9.466904563306908;0.05449454292646281;9.409273360883113;9.555327334512372
16;FFA;19.855492588609817;0.4191672909064841;19.20931989929425;20.35475124893833
16;aT;160.0780439914913;11.647875590297982;139.90102970599838;167.94845259357047
16;aT3;269.4981910260044;12.45306807334943;255.40123150240834;289.2803963653412
16;dT3;111.58487086972893;6.993603196659502;101.93885282950498;120.9512076880348
16;gT3;346.1103010533858;27.202003026961062;303.089885242557;369.79268347867077
16;lycopene;8.561105481128129;1.9698380853660284;5.231005523583826;9.924057244018536
16;ratio.alpha.beta;0.7962885900503929;0.0204288138851557;0.7742595777512435;0.8279662579540671
16;ratio.alpha.natif;0.4456805761871788;0.014242223522891742;0.42378239957791086;0.4608657389834957
16;ratio.beta.natif;0.5505705641679908;0.012537619982429303;0.5330558921767681;0.5655365016982653
16;total.T3;794.1817891414724;46.849553230943954;724.642791126735;841.6612837499539
16;total.beta.carotene;466.9135683732137;1.061950905709968;465.14210865567026;467.8022120623829
16;total.carotene;703.7710236816883;19.471884275774347;682.6126348146503;724.3840854735892
16;total.toco;882.3291533136384;13.473678626535499;871.8747436648108;904.6208523980686
16;total.trans.carotenes.natif;548.8947975100991;17.048782881853832;534.9416416778051;570.1584632097807
16;trans.alpha.carotene;241.7087249170625;1.8275045327481663;238.57798110280547;242.99825828832638
16;trans.beta.carotene;310.2387984114163;6.17397226332387;299.9843118046209;316.6491940118019
17;C18.0;5.462678724864697;0.08256242247124916;5.373061171343272;5.572097927242708
17;C18.1n9;42.648501199702466;0.49033871238368343;42.24877369462761;43.45680279331294
17;C18.2;9.452816807335797;0.0843828941412442;9.321647259299256;9.532926003605317
17;FFA;13.569678556325801;0.4111162588826575;13.114060384395362;14.210703453643752
17;aT;176.23343985262312;15.765866209873295;162.06457674929192;199.837828732323
17;aT3;288.1702613071863;17.6679533173823;270.33074086933647;317.5392725211021
17;dT3;119.29084016521024;8.682779301149898;105.28982146740367;128.24134249853842
17;gT3;358.84223850557754;10.456048247203144;343.06651125022773;371.10515034657107
17;lycopene;8.333693419153656;2.0588474729347728;5.801560363508389;11.097340490124234
17;ratio.alpha.beta;0.810482736489684;0.011071892624503542;0.7936597581144863;0.8219265312574823
17;ratio.alpha.natif;0.4443578031137112;0.0038144829202712777;0.44001156978758377;0.44876153945262215
17;ratio.beta.natif;0.5560205960065878;0.007195105137970778;0.5482114489461346;0.563932306393357
17;total.T3;798.8413049481813;83.09306594911678;715.0005414027711;906.6549647970002
17;total.beta.carotene;478.55663865104424;1.729363156491905;477.17363819279234;481.461507680012
17;total.carotene;766.7188792394714;30.23587818641559;727.5697687664506;809.2794432074263
17;total.toco;949.8142825636194;38.59010057723809;908.5779227027434;994.0525108522531
17;total.trans.carotenes.natif;587.4371239929671;16.610456676787507;568.0738155622417;609.5062721747338
17;trans.alpha.carotene;267.59458627493365;2.306238224064765;264.3829582856837;269.6072974303992
17;trans.beta.carotene;329.2117819977022;12.100478002827721;308.2133012058193;337.6281412761278
18;C18.0;5.404685480957896;0.10061458304453265;5.286248232964906;5.497200287697294
18;C18.1n9;40.44403485425114;0.8019474821910345;39.83565123443728;41.84777521811425
18;C18.2;9.47415051175378;0.0687342369831336;9.357427452498492;9.524593643872532
18;FFA;15.822671252812603;0.4578024157204264;15.341172185594779;16.34227046543663
18;aT;192.43558267031503;17.206732525100612;175.0403144989462;210.77720954262432
18;aT3;303.3911288688088;11.67929250043953;291.5918816302075;322.26338984349695
18;dT3;123.36774499525136;7.712882989751525;112.2832280945964;131.71783864406305
18;gT3;370.7347282542699;12.66623059718363;354.7841147721743;389.18316622419553
18;lycopene;7.819987933505547;2.0382730061445873;5.949364008721957;11.026350319301596
18;ratio.alpha.beta;0.7852643054608571;0.017124620530313328;0.7584586871625718;0.8045562195272024
18;ratio.alpha.natif;0.4342898362767487;0.009220292901134472;0.41899567023506296;0.44219091651794895
18;ratio.beta.natif;0.5632118853838681;0.0050515027060069485;0.5593015277032646;0.5711472819194751
18;total.T3;829.9436299602982;39.0046068577857;770.186650775082;877.1150893394438
18;total.beta.carotene;498.31783732007864;29.79300645667763;475.29702479779525;535.0574460990745
18;total.carotene;776.314952156436;26.260568724225497;752.875794331852;816.1864473283579
18;total.toco;1002.4955646835961;80.46767387453703;907.9053114129113;1107.238215637168
18;total.trans.carotenes.natif;624.2640432211508;15.35611739610715;609.317682642037;641.1569703327966
18;trans.alpha.carotene;263.83268071253485;5.923739543440679;259.21520732615375;273.3899758185212
18;trans.beta.carotene;350.37821587724727;14.980707750709577;334.82629392722436;374.0562116882834
19;C18.0;5.858035104226301;0.03494176288566233;5.818330145626176;5.895797655360323
19;C18.1n9;45.74206615848915;0.3529421972103735;45.46530648754579;46.33330523930248
19;C18.2;9.402027131564841;0.23207759327246344;9.148014721138859;9.699828412315256
19;FFA;9.24451158193768;0.19308065216210873;9.03091745147584;9.429149107901777
19;aT;177.72053921115432;10.721544875770132;163.33692342837855;188.5553952930449
19;aT3;193.8859364765416;10.702134033682976;183.1800670767018;211.4125913210295
19;dT3;139.44119212679112;8.07934993932681;133.9763501163329;153.59055812535382
19;gT3;356.37272689870707;13.879939644166525;342.1397745068962;371.934909466126
19;lycopene;3.6849483008132644;0.6065921906377869;2.998616661897739;4.561531578359229
19;ratio.alpha.beta;0.740426741101581;0.011105542661672952;0.7288630555922829;0.7539095603614173
19;ratio.alpha.natif;0.4191569273457946;0.005293224306392211;0.4103757937822726;0.4236203974797146
19;ratio.beta.natif;0.5798507875264038;0.005852660230876859;0.5750385912206026;0.5881501713722159
19;total.T3;696.7042065603727;63.6985121217012;643.0477624568441;799.7813556880172
19;total.beta.carotene;468.2468873398125;7.140140345435415;458.28479590728125;478.3490213277013
19;total.carotene;735.895482938713;24.40926445688529;716.5188859920781;770.7543451269136
19;total.toco;833.7443199432552;37.58969472938269;776.4919227135907;869.2413199956319
19;total.trans.carotenes.natif;617.6431711089588;16.853551078849662;604.9101328695832;646.4178113860478
19;trans.alpha.carotene;257.2845278171254;4.030251604924545;251.71658327700698;261.2827086673201
19;trans.beta.carotene;360.8581034935593;8.86316800119123;351.3809001990463;370.942947489656
20;C18.0;5.695915223020367;0.229386543853604;5.461908445264004;5.903904102427849
20;C18.1n9;40.75433373515686;0.20956645722440798;40.46216522197659;40.96066975308735
20;C18.2;9.207662129541848;0.05018941983432737;9.132383647020463;9.233407324805858
20;FFA;5.8658057120505935;0.2625439734455796;5.561557419737833;6.191127382801946
20;aT;189.5920422295457;35.53014136599506;162.76623920329152;241.90811851678353
20;aT3;232.32061742889732;10.652869976582538;218.08135372690958;242.20690707362678
20;dT3;137.8383789976016;17.21010900715375;121.88126403843835;158.4745912577644
20;gT3;356.909046287141;23.398996713762532;337.6353271802603;386.30904822335646
20;lycopene;4.086394217229369;1.9106225006985285;2.756962987991452;6.916596878054402
20;ratio.alpha.beta;0.74822338799641;0.029375038009748757;0.7281841005728497;0.791893552245777
20;ratio.alpha.natif;0.42507825639251834;0.003834163958508899;0.42116682454283744;0.42994035963564886
20;ratio.beta.natif;0.574227934460871;0.007866389069776195;0.5628593261310664;0.5802901620676223
20;total.T3;796.1302791122125;48.467814404414796;754.9676490455172;866.0993102526977
20;total.beta.carotene;406.3842179658658;10.447164603936905;398.4382996035162;421.75922974722926
20;total.carotene;630.6934076997219;27.080498896514204;610.8829992237629;669.4852493083371
20;total.toco;873.1713026433813;52.660003371703944;824.8688135542762;947.6403950484663
20;total.trans.carotenes.natif;524.8514752292933;36.54062333839343;500.9872509416208;578.9308850911428
20;trans.alpha.carotene;225.52209959877777;1.086685287357653;223.9177216853133;226.3117281892612
20;trans.beta.carotene;292.2809404571052;22.41989717187912;277.35662370159326;325.4466006106454
21;C18.0;6.011682961984212;0.06859780534383116;5.94934188484286;6.125843767937621
21;C18.1n9;46.03430926363755;0.19607047647609285;45.76146666788422;46.2713926857686
21;C18.2;8.864776778235985;0.2054027019141118;8.702294729998432;9.199246856180196
21;FFA;9.831154067885228;0.20087220511266282;9.519894721246342;10.073199310454942
21;aT;180.94905747137062;9.537657159335458;170.3270601392067;192.81457592419838
21;aT3;215.5551847116506;20.171408488108074;193.98689189356233;242.82749130926206
21;dT3;125.20506740958334;15.17333828029815;110.70996051946194;150.21131269423105
21;gT3;363.9500207170627;22.562875209798893;327.7992639361813;389.5057998970533
21;lycopene;9.180203905336004;0.9066993687477044;8.398151920592161;10.746643192584182
21;ratio.alpha.beta;0.783114344531994;0.012491892316334616;0.7646090308580668;0.7983748847396902
21;ratio.alpha.natif;0.44083985222920924;0.0032076600098705473;0.437572376956758;0.44525238823138846
21;ratio.beta.natif;0.558625955359142;0.003511251106100167;0.553832651147555;0.563236854197009
21;total.T3;708.7920202815986;43.959758624456185;643.3025246182738;761.5680627374952
21;total.beta.carotene;733.8912795426637;9.059097653723505;721.4636764904884;746.7321190814973
21;total.carotene;1121.0935222797434;24.90499743746777;1095.737064437949;1161.660482002739
21;total.toco;788.5691224637136;51.4086095906437;713.8548892849699;843.5972758556095
21;total.trans.carotenes.natif;898.5490307693265;38.03236076339013;855.5276322752032;955.4652884007231
21;trans.alpha.carotene;369.4801059604905;5.22157760608445;361.59748269247933;375.0519129189058
21;trans.beta.carotene;497.17198099340504;22.097690695731313;468.4885672383589;530.629688570243
22;C18.0;5.892082632263441;0.051718384004370725;5.831870205460628;5.954433679991557
22;C18.1n9;42.16102112558585;0.955490779525693;41.12695660692791;43.7004524087145
22;C18.2;9.565354088651265;0.14280261158943633;9.366053213133766;9.769624341378531
22;FFA;13.599785773578692;0.42290913607318287;13.202702971861434;14.218305039119846
22;aT;157.83388476867802;15.291153383918276;141.36554347170164;175.5844759377151
22;aT3;250.735020996541;12.01541476777804;234.75647028466386;260.35898652790485
22;dT3;115.74303375700372;10.784653877767834;104.09962247934754;128.55408190338815
22;gT3;363.6384275105662;8.011487474579893;353.9397855617999;373.2793525445761
22;lycopene;4.244149800190121;0.786967541028441;3.5015093569551006;5.507164562924594
22;ratio.alpha.beta;0.786664513342896;0.008437600636569922;0.7736754712873518;0.7972768652077744
22;ratio.alpha.natif;0.43915335215375473;0.004316268831829306;0.4321789690658999;0.44316059933553664
22;ratio.beta.natif;0.5607085343047085;0.006179639738698202;0.5557828600093814;0.5715036567328496
22;total.T3;718.6662022808249;33.785215788645864;665.8198711673597;751.6867090056853
22;total.beta.carotene;427.93049619097553;51.291192057858616;401.1308661060442;519.3785242728537
22;total.carotene;701.2738033418278;24.719752827661264;680.9861183845992;735.2847707708485
22;total.toco;882.8568972605906;52.21582303775519;826.4031861087715;945.1740551251675
22;total.trans.carotenes.natif;585.6487611149626;22.991507927186593;561.1911494437456;623.6598991246241
22;trans.alpha.carotene;269.83498914275054;5.060673728333733;264.8219108610897;275.5064169575052
22;trans.beta.carotene;336.2066863356818;12.58624418039422;326.04255600095195;354.7180023473759
23;C18.0;5.254721611146775;0.1379281723555399;5.173209431813456;5.497175505466206
23;C18.1n9;41.42079248702089;0.400275257129038;40.835658957319566;41.82184014350684
23;C18.2;9.943311265792525;0.14746366679135064;9.769768561776132;10.131085237837695
23;FFA;9.397729281869086;0.43964750384241147;8.760902120991439;9.827556142674943
23;aT;352.1464008807651;34.28544195145543;315.5455148882643;390.7048408874502
23;aT3;373.89632248777815;31.80426928218828;345.46688841008813;427.19682720038145
23;dT3;131.55980007198116;13.719070056479437;118.2833269759347;151.71475910592065
23;gT3;416.2760062323875;39.96362476880946;353.8315273433238;455.2445017145346
23;lycopene;15.222175028842916;0.6970836554238986;14.12334141795049;15.82193652793549
23;ratio.alpha.beta;0.7681648521927035;0.0066457584004574865;0.7599508073660295;0.7759562264137169
23;ratio.alpha.natif;0.4327213693600185;0.002171681902351884;0.4301221409262781;0.43564535451802605
23;ratio.beta.natif;0.5677616501379167;0.0032539601766132485;0.5621363017548445;0.5702168310074955
23;total.T3;885.0147840724458;75.69482920185759;764.2797088593051;965.8108950060727
23;total.beta.carotene;1549.6256639579137;41.54698924716822;1486.4732141845611;1593.9765746173614
23;total.carotene;2324.1694239348462;35.74254931352547;2288.133923630712;2375.402355003452
23;total.toco;1319.46478188591;140.9573644517121;1081.0739759750068;1423.9477552106212
23;total.trans.carotenes.natif;1927.751249202527;18.965280472601123;1907.2158611454036;1950.70286006498
23;trans.alpha.carotene;756.7141427701017;4.653039779647476;749.8291779188262;762.3898827390519
23;trans.beta.carotene;1139.288194411778;14.804722545527982;1125.6987455338767;1159.215923790404
24;C18.0;5.4422245241080605;0.2020248572426099;5.224618438293107;5.7372372804542415
24;C18.1n9;41.29907664044491;0.9569477663675;40.68169554272056;42.99762385581446
24;C18.2;9.526508913317324;0.07039199703153483;9.47340676378862;9.643928261939145
24;FFA;11.666772576584668;0.7662823764739095;10.658421449742598;12.781747275261614
24;aT;181.93415994536082;26.43063153701796;149.88328419901762;216.85083112503693
24;aT3;258.9034495539705;21.23185060656999;233.13630422294102;288.54639132005383
24;dT3;130.46858196049527;16.00945538201684;103.93378861448409;145.40161507033537
24;gT3;339.3472929315584;29.62304225018059;296.177086071386;377.8770511772245
24;lycopene;6.2438635816296495;1.4825306964660263;5.120609718800144;8.611419202195592
24;ratio.alpha.beta;0.8267178369711667;0.020266622534232788;0.7950266055236677;0.8503839825021856
24;ratio.alpha.natif;0.4465666270400456;0.00783622134436859;0.43537463174636687;0.45659576945198505
24;ratio.beta.natif;0.5526637145468847;0.008337165466011617;0.5453281003795996;0.56614440073291
24;total.T3;753.818735097225;38.12303613329639;701.7820854553155;805.7842615052786
24;total.beta.carotene;507.0630145376884;8.525481829037444;501.8857105939671;522.1347021708267
24;total.carotene;797.2329019273218;46.19517795120711;740.5084853803817;846.0877721693976
24;total.toco;923.3204148551304;63.56963954163755;841.2394085393114;1009.341089446428
24;total.trans.carotenes.natif;613.0154028913669;58.58497720760611;555.1440707724872;701.0668178737811
24;trans.alpha.carotene;276.1083435467091;14.893181491731717;264.72792638052164;299.49722216470656
24;trans.beta.carotene;348.9890480172286;26.83904406263079;321.2774162929675;389.6973049607459
25;C18.0;5.315388103081639;0.11838352064251892;5.248487918829327;5.523876977627033
25;C18.1n9;41.19066251410956;0.09000878617402462;41.089134368675126;41.30424993054706
25;C18.2;9.629834255524006;0.10107501631620015;9.488589723141688;9.729766931973396
25;FFA;10.126748982607504;0.7617925753816877;9.134105694955812;11.019066893471894
25;aT;226.69971277679616;46.39900171464062;167.7809734342034;287.4025262283118
25;aT3;281.7458439766992;41.533694685556966;248.53353970535085;341.85232924874174
25;dT3;135.7390595332451;9.360715713460149;120.93590954000216;143.7259525717799
25;gT3;379.4521815140321;17.178591962617176;355.4445161653802;403.7282246060982
25;lycopene;7.285045865962383;0.5837839867379166;6.787830929194538;8.057589778844868
25;ratio.alpha.beta;0.7888590810193057;0.014166693868974078;0.765102657905709;0.7997702408672778
25;ratio.alpha.natif;0.4369112180821066;0.003466326353708342;0.4324596132972322;0.4405225789097571
25;ratio.beta.natif;0.5619622535155872;0.005097978504961665;0.5533153843636746;0.5659257853121897
25;total.T3;784.3319801052666;56.67203816426394;710.4662916574605;859.3058270690433
25;total.beta.carotene;485.3649642045387;3.0890562972645643;481.54451080816375;488.3620815413613
25;total.carotene;810.86509281143;19.38743930537149;787.2389010326898;835.4091973981591
25;total.toco;1116.3821013889926;125.70662677498031;992.3965903546851;1298.1155056580794
25;total.trans.carotenes.natif;608.3913779555932;15.023923785547348;591.8435640942861;626.9484540070601
25;trans.alpha.carotene;279.88060888917653;7.099650123604476;268.63105528065665;286.3392274485537
25;trans.beta.carotene;352.16422663083466;2.1599544858203448;349.57972858138334;354.58206402398406
26;C18.0;5.310561784923087;0.038207081280718515;5.271999495450458;5.354940110264921
26;C18.1n9;40.728870531576874;0.15766453443797201;40.576732834483245;40.97739536311346
26;C18.2;9.420572051306092;0.06671856151949049;9.312019048932095;9.484359289487234
26;FFA;9.464158873751387;0.08383458933874853;9.384918666850247;9.600185253007163
26;aT;170.70139357511954;17.798509410840072;152.3445507945708;193.43965567503147
26;aT3;233.1520109652341;28.29522578129279;193.54515662031636;257.7368186721391
26;dT3;127.11862686800063;6.170879176925651;119.99294491807113;136.01879837755806
26;gT3;330.0076434799515;16.951101348663833;305.20751697686967;352.2197525215355
26;lycopene;7.490221283636631;1.005777303908846;6.169160565180482;8.87506642005092
26;ratio.alpha.beta;0.809970417627253;0.013682037874893162;0.7971274517661878;0.832374258292792
26;ratio.alpha.natif;0.4446047362993566;0.0014491014364256063;0.44288328046507774;0.44649497381970266
26;ratio.beta.natif;0.552655813304252;0.0034864613763645716;0.547863595429061;0.556874124866368
26;total.T3;677.3326938866574;30.637020127775813;655.248142830938;730.784767303243
26;total.beta.carotene;463.3009457562438;4.5351513919148525;460.0098095412806;471.24695597221324
26;total.carotene;756.8642187329634;29.635425923782865;714.7889685121213;797.8571657237367
26;total.toco;802.208231425165;54.955100873394294;707.5671674563334;843.9500487037426
26;total.trans.carotenes.natif;564.2771843026418;19.86408898913157;544.6248026481276;586.1788301095188
26;trans.alpha.carotene;268.8203145874353;5.169129188206626;264.5083242393522;277.1279968054372
26;trans.beta.carotene;312.8024190932607;10.559873277328698;296.7172331506602;322.47111083928223
27;C18.0;5.436112358550183;0.05518177423493553;5.372162486489414;5.493025370952104
27;C18.1n9;41.112169749616;0.10542173180133675;41.012764376436024;41.2745614640701
27;C18.2;9.601723853858593;0.08063318209558025;9.491431882916345;9.674772413337385
27;FFA;12.971851290054781;0.3317354150360687;12.717585105500492;13.53011222634496
27;aT;188.40992965539638;43.141049249550235;146.1977554832097;245.57085186469723
27;aT3;224.76872083310337;7.571481324701441;215.884825553651;231.92398388214986
27;dT3;111.82778263974251;5.858201064942214;103.97492068579915;120.39612026743848
27;gT3;334.8896920683587;38.49856291240187;291.38307151195545;388.9007989499354
27;lycopene;5.413335773434525;0.587203829448334;4.706620238023579;6.3068528317486106
27;ratio.alpha.beta;0.8045358167910107;0.019115767032972582;0.7895578186503129;0.837080897870099
27;ratio.alpha.natif;0.44166640560942405;0.004342563336329854;0.4358093645164443;0.44599958331749673
27;ratio.beta.natif;0.5568698651355977;0.006194119053076236;0.5515416985548002;0.5672601975701661
27;total.T3;719.2517381171835;26.521762801831454;694.5811405386049;762.8572688680267
27;total.beta.carotene;428.75885745185394;1.4231785424814416;427.27219797323954;430.29109269435867
27;total.carotene;668.1872862447393;18.32990181525297;648.167865539384;684.6731730838557
27;total.toco;879.1217810194858;99.67583830109359;761.9981376768494;981.4041681158676
27;total.trans.carotenes.natif;502.416670292566;5.391885881519833;498.69789099198033;511.84913011984014
27;trans.alpha.carotene;245.8841080784573;1.960266411774868;242.79291407189353;247.9236174998117
27;trans.beta.carotene;280.09890584945754;9.529341087862338;268.1433876228922;289.186367764896
28;C18.0;5.42832687980562;0.1006223083737686;5.254594309113727;5.509711997468491
28;C18.1n9;41.35667668202596;0.8659629007527976;40.79745797613777;42.83380573326654
28;C18.2;9.731362909918394;0.13767687239052132;9.636456254837842;9.96947600423526
28;FFA;11.899889192636206;0.2684218762817216;11.509383612225964;12.212108595314186
28;aT;206.36066989971224;33.69843024170746;178.81189101224078;262.42906981673707
28;aT3;277.4140773244976;17.754349777759007;257.10520217169045;301.0739731230807
28;dT3;112.7257010450642;6.380790055617303;107.86520939435235;123.44030502163065
28;gT3;340.856973942237;32.787208110118286;302.40570730633954;376.1420336843869
28;lycopene;4.456165067975116;0.21291886817037664;4.16256194979957;4.691527026407582
28;ratio.alpha.beta;0.7867096064587733;0.017262471946697527;0.7659384609532259;0.8044366953215565
28;ratio.alpha.natif;0.4348230228323383;0.0034744804473472424;0.4314570074077094;0.4399720532977703
28;ratio.beta.natif;0.5655235229758466;0.005034612947590711;0.558057925241886;0.5715761263673531
28;total.T3;738.7909312501873;19.066818321307604;706.7057914038212;755.8674566348251
28;total.beta.carotene;444.7712802917864;9.975981114578078;432.07227842314643;453.8979874942833
28;total.carotene;646.9696331780531;22.729745501226834;626.9086637190568;684.7730806502153
28;total.toco;914.9200722051626;42.96356878733596;860.4101036370515;950.4556625548972
28;total.trans.carotenes.natif;492.73813787254346;14.833808085181222;476.9563554256248;512.15206542768
28;trans.alpha.carotene;234.9661134305678;2.7773398968580647;232.20699489279454;238.1530309669453
28;trans.beta.carotene;272.26493225428186;7.784363390701938;262.8506470408903;282.22979007886585
29;C18.0;5.5969686978723985;0.07209816683335744;5.511283176274429;5.650757706317771
29;C18.1n9;44.586974124232256;0.23578147424795595;44.209218726599126;44.786835693451785
29;C18.2;9.395152213230855;0.06774158942552946;9.30547751349133;9.495312247342085
29;FFA;9.781522973902366;0.2928264197722479;9.488428060039872;10.267899849410407
29;aT;183.63921325520977;7.252663775841168;176.1197340007153;192.71107967811216
29;aT3;243.27509611260948;12.814793030096348;226.55286572864372;261.6444096964346
29;dT3;121.67545251954247;13.29721445113643;107.0554673089043;142.04969694367392
29;gT3;359.1427480198323;33.91129435387692;317.0076292606916;402.3329573235587
29;lycopene;3.382253680371781;0.9452307956253068;2.2248694141202656;4.721828623945054
29;ratio.alpha.beta;0.7934527186853556;0.008951992836662717;0.7789879536324059;0.8030638098586546
29;ratio.alpha.natif;0.4406236178290303;0.002787694962793311;0.43622965945995673;0.4431334434784295
29;ratio.beta.natif;0.5592568725793681;0.0023644242719582267;0.5566530331763017;0.5624322965855327
29;total.T3;707.7791859777299;49.72967862957344;659.8411771733932;782.3125808231797
29;total.beta.carotene;356.741285541539;9.214152096036287;348.25945080806554;372.3027227012957
29;total.carotene;601.0494472293185;11.050382887853702;587.3545178265384;616.909239942028
29;total.toco;907.0036385016153;54.91150843469727;856.6933557437493;992.5370536330156
29;total.trans.carotenes.natif;489.77300704557376;9.330430992692625;475.77376530495513;500.7012107735245
29;trans.alpha.carotene;226.22968807083248;11.01905146033295;218.45478014915173;245.54142893052517
29;trans.beta.carotene;263.4280367130257;8.886239599120032;255.87858592920233;276.90203163974155
30;C18.0;5.478730347825028;0.038150867343937085;5.4259396189908236;5.522557559229139
30;C18.1n9;42.84262993644873;0.12988223524260423;42.68850771303676;42.98014022614498
30;C18.2;9.284537518879905;0.07538913526282365;9.154865826468813;9.35110089825231
30;FFA;8.823447029075364;0.10358026093753499;8.68687554334729;8.961694807292274
30;aT;247.9753549692541;33.68532402260248;210.05006885602478;280.852738456731
30;aT3;278.04296207805754;7.489505098176953;266.29615833568874;284.51621808382583
30;dT3;117.3881983807953;5.930341546130445;109.6926575949816;126.16762307558864
30;gT3;364.2867546716724;19.13088800928079;333.60368667469834;382.8029418852881
30;lycopene;3.5078049983997333;0.7292646359107605;2.8561726702091166;4.410220419626127
30;ratio.alpha.beta;0.7884236342676344;0.009998476704175198;0.7765070274677405;0.8042065178613597
30;ratio.alpha.natif;0.43221101793464933;0.005997541377417597;0.42332136996928305;0.4373847347645518
30;ratio.beta.natif;0.5690739735589202;0.006406287793678071;0.5640149749406261;0.5794527313099851
30;total.T3;790.3626264710025;44.919323548846954;738.6628850241167;841.0851510447854
30;total.beta.carotene;330.53120663686343;3.604122642738796;328.575114145182;336.94633907346326
30;total.carotene;507.7829899217405;7.790346425201228;501.71292402789896;520.8505437249391
30;total.toco;911.1032993139455;41.124954833384635;856.9714521674773;956.4837858460762
30;total.trans.carotenes.natif;405.68855029483746;6.878815463896253;400.12314060044895;416.9468190669286
30;trans.alpha.carotene;182.19610542115927;1.9125242013714079;179.68447942285405;184.87377538519414
30;trans.beta.carotene;229.09401934230715;3.6650011637887046;224.82639579375464;232.06681797484097
31;C18.0;5.532846948549563;0.19204531738486377;5.349979269564738;5.799917975513711
31;C18.1n9;41.34553092148684;0.48629363193557223;40.95307065214493;42.12746264544407
31;C18.2;9.619223998827348;0.2372463728740945;9.341797211697132;9.873181434788545
31;FFA;8.29278579433608;0.3223935322941509;7.956046901508278;8.77458587989738
31;aT;201.04638107860177;37.65063756481486;163.12917901109708;245.13575923332692
31;aT3;238.2770419141767;13.033396798119407;225.72457919092543;259.76579200947344
31;dT3;120.57965405166956;12.623051818095137;105.68244769378461;134.30816280495762
31;gT3;354.3013015959649;19.555908826963496;327.21357427589055;377.95391852654313
31;lycopene;3.0696481468128396;0.34687549737431306;2.646112270258887;3.4407002914234006
31;ratio.alpha.beta;0.7598868918764442;0.009514138754496668;0.7484679509733669;0.770103319054492
31;ratio.alpha.natif;0.4253088736341789;0.006560654869426407;0.41497546857462575;0.43233981425557894
31;ratio.beta.natif;0.5748180836140611;0.0076665483384698845;0.5675929852649267;0.5876827997189928
31;total.T3;795.7128491097571;19.436239188568084;765.7207265255498;816.3985342775602
31;total.beta.carotene;287.15435048957556;3.7054694697770465;280.9371100159713;289.48826053900456
31;total.carotene;453.85427477672147;17.513478433059863;441.4196542900831;484.5333209188235
31;total.toco;874.1542454762533;82.55574038193221;742.670064770738;960.5745258013552
31;total.trans.carotenes.natif;358.99893145835335;21.639521534097387;347.2539285626186;397.55488289948465
31;trans.alpha.carotene;181.9684284957052;2.6443289670374868;179.09246801953046;184.5533492916602
31;trans.beta.carotene;187.5657512818159;17.517243007051558;178.46609715777745;218.85436295958178
32;C18.0;5.479382711366678;0.09174376138510894;5.36421381526745;5.597907018660165
32;C18.1n9;43.99575193174719;0.22421570197311982;43.64614025818794;44.20366767103494
32;C18.2;9.449041560973935;0.07229582804665698;9.345176850959502;9.533651052374065
32;FFA;7.894366109314015;0.15910403492202405;7.727302023471404;8.156387640563313
32;aT;209.08133838235622;14.266749301347067;189.03350341630482;222.56860847656276
32;aT3;237.1591436561812;17.245750393000428;215.58693930668753;263.529362024554
32;dT3;131.9595696276935;6.528418368520899;125.09497880873006;140.85370074973363
32;gT3;393.80191481814455;16.95448684146547;370.9667588162325;410.89769225676935
32;lycopene;3.677388132246456;0.914711786488546;2.5517136073344573;4.532101010898902
32;ratio.alpha.beta;0.7682180163601904;0.010402791300369649;0.7528656368630409;0.7806237482941242
32;ratio.alpha.natif;0.4313554856848925;0.0054424832751419116;0.4256631012486822;0.4374627570572441
32;ratio.beta.natif;0.5711223196059682;0.004540906061695484;0.5665744667509739;0.5765161407247358
32;total.T3;821.066295054726;35.923359829186616;779.5480977282267;869.873759413774
32;total.beta.carotene;287.4370715631735;1.3825181653036893;285.31908494070717;288.7328372154857
32;total.carotene;444.49141390687527;4.560676747350794;437.9621558347;448.8883803329798
32;total.toco;756.2313252004826;55.36589603688358;706.8536249808596;847.9800931632917
32;total.trans.carotenes.natif;343.1656553168599;5.402517616386015;337.05767627476934;349.75316068306273
32;trans.alpha.carotene;183.05182466524803;1.4616500228692606;181.0348610228984;185.06202870748191
32;trans.beta.carotene;178.62002748012793;2.400659357195968;176.3649009065386;181.29180644165208
35;C18.0;5.6112055468439035;0.06916886371983151;5.545015178018161;5.719492348679259
35;C18.1n9;44.40268686036284;0.20914772164417533;44.150593691655395;44.72507533561712
35;C18.2;10.083703053552647;0.12416648382173598;9.902859435371925;10.251906634247716
35;FFA;14.061055804816629;0.5325315069182583;13.450712353167782;14.78032030193094
35;aT;193.71249147857378;25.151133917666108;156.19481999688756;214.9572312753031
35;aT3;287.3844379342888;12.914486223743072;274.5948613586333;304.75457438487064
35;dT3;114.70590241703846;12.529161627960978;99.88153920405556;126.47958690758604
35;gT3;396.08952800048473;15.76955510147025;372.4640672371181;409.5708726250192
35;lycopene;4.003590944141084;0.4393737297637698;3.449790166652218;4.548458419868745
35;ratio.alpha.beta;0.7593975688849357;0.020495601246453023;0.7392532202765366;0.7922543529333861
35;ratio.alpha.natif;0.42597946430296885;0.0032986181222576906;0.4237002507294097;0.43175800985228924
35;ratio.beta.natif;0.572650678935567;0.005788595685051241;0.5631589006142801;0.5781305044455902
35;total.T3;803.553691340276;30.22212963793613;774.3196385723613;838.8411299552844
35;total.beta.carotene;488.0114556063769;5.393967109909505;482.4282003005052;495.13997051131065
35;total.carotene;749.8393690065984;20.87079939297811;738.8056482160123;787.0780042535513
35;total.toco;985.450836979698;69.74341339263265;921.9569120473478;1070.4104978274006
35;total.trans.carotenes.natif;611.0700718276053;16.550335075518618;593.2172095071396;637.8367279748292
35;trans.alpha.carotene;274.40939942239766;3.9903818687457884;269.70269835594786;279.9488821981428
35;trans.beta.carotene;350.18175320368044;7.217182146437396;345.098867392389;362.815920329463
36;C18.0;5.377509839325549;0.06400978094748508;5.296972327130361;5.452195950213428
36;C18.1n9;42.12860143334272;0.22334762371372746;41.79690642061772;42.39747545737145
36;C18.2;9.585940617949372;0.05969162920379321;9.510178513491915;9.665471574796372
36;FFA;7.91238527691533;0.22033976952194426;7.609281276303443;8.11329507855102
36;aT;354.41693490965173;18.758433550711445;323.33532883004546;374.0003008320267
36;aT3;345.4021743512227;22.493570673533227;326.2963786959767;373.2866891668457
36;dT3;110.04775543111546;10.720136130646283;94.97542877231375;122.92446828162336
36;gT3;346.02717597487504;14.646149550940294;331.89287804862226;363.99977737695576
36;lycopene;15.209114888937956;1.0135014635148187;14.281750254137975;16.912459558875067
36;ratio.alpha.beta;0.73555330720716;0.009715356987183059;0.7197441199205846;0.7449582535789351
36;ratio.alpha.natif;0.4182227823870971;0.002549121714170298;0.41601121658421514;0.42233284812358995
36;ratio.beta.natif;0.58334414594599;0.00623212231117462;0.5752888146493814;0.5891497099898276
36;total.T3;826.1416131013168;22.064644370186496;800.4935766857578;857.9425699638638
36;total.beta.carotene;1520.2558002546943;29.861601048524744;1490.1071486304654;1562.5703367149204
36;total.carotene;2227.742412371285;110.11185791510873;2042.280640013802;2318.507238373044
36;total.toco;1089.4306747499581;37.64160197100715;1042.9906075932863;1135.4018992392034
36;total.trans.carotenes.natif;1789.213048085708;122.76620565361164;1585.1274673852065;1894.7456563727724
36;trans.alpha.carotene;755.6208710451127;8.083959601041968;746.5954035799438;764.5537376347538
36;trans.beta.carotene;1051.6235813147082;72.38715598919906;946.0541054521814;1118.4920345843905
37;C18.0;5.439163582109067;0.31951049531864106;5.21200956514893;6.000574842918312
37;C18.1n9;42.23884842089724;0.2298283682630153;42.012582845589186;42.54435842121496
37;C18.2;9.833104293996609;0.40466019703320383;9.607544662906129;10.54595450630323
37;FFA;7.473556043771825;0.5253790933615774;7.074138614238827;8.36807191982633
37;aT;399.3721938490915;30.704539000440786;345.55891601252085;420.3413414195216
37;aT3;340.6547674658443;22.506005141816825;321.8212853274191;378.38310344476713
37;dT3;92.46713899341204;5.2736526263408265;87.52477898270759;100.2814749441179
37;gT3;351.07895475949215;31.83266684789448;314.39198210285025;385.8286994704991
37;lycopene;14.172987849342112;0.928699938463857;13.203957626849563;15.675427237042804
37;ratio.alpha.beta;0.7539286503656697;0.01990105128793646;0.73477641227206;0.7870050783855533
37;ratio.alpha.natif;0.4215840512515648;0.006577987638466981;0.4141428107997751;0.43133787976233395
37;ratio.beta.natif;0.5769028338768896;0.009273969443898617;0.5647503278495669;0.5902966971209147
37;total.T3;869.2372061537606;48.131445293910666;822.0908936888331;933.0037574230754
37;total.beta.carotene;1190.9444806611057;50.54242920266788;1102.7717789664596;1230.07177153582
37;total.carotene;1503.1810769786362;71.49155291544595;1399.2250192966515;1591.7805398407027
37;total.toco;1176.2138773260708;47.663306297547045;1113.7832077319765;1219.8840435377147
37;total.trans.carotenes.natif;1165.0565712167847;72.30305247015096;1044.9522544529332;1233.6380515183066
37;trans.alpha.carotene;590.6482423669341;26.725741820271992;575.0412859039203;637.1149012203826
37;trans.beta.carotene;636.6595102799778;35.08012940926646;587.1367006477908;679.1281173863346
38;C18.0;5.357352735934607;0.03428252836405698;5.3164845778400105;5.406076595984366
38;C18.1n9;41.63115060728846;0.33921605618997813;41.33993802441296;42.20990170094718
38;C18.2;9.287014971423812;0.07862422280240491;9.193125536399242;9.369946751478029
38;FFA;8.75591290335375;0.2457756569610127;8.559243424381904;9.147484010072692
38;aT;331.89316883974953;22.061165623238047;294.8195340427803;351.8908293798882
38;aT3;311.26755588899204;17.829950847801797;289.185877098263;337.52126283694923
38;dT3;88.47808413084121;11.343572943824148;77.35228942899953;107.05642687445678
38;gT3;355.15798113676755;16.979304485620702;341.37716078811513;378.8637091202023
38;lycopene;9.409399543944264;0.8126995186383423;8.445246816022507;10.209083718320366
38;ratio.alpha.beta;0.7859084033876121;0.021970470125411368;0.7557625918075446;0.8155135462013254
38;ratio.alpha.natif;0.433896934577964;0.007425151103687377;0.4253375360287349;0.444098444617223
38;ratio.beta.natif;0.5668074057251815;0.005293777332642804;0.5586873621008925;0.5712228092671867
38;total.T3;786.9973551329766;40.837334930566826;740.0048585222668;849.8013011908234
38;total.beta.carotene;805.5038203857117;1.2509209412044684;803.3997116966078;806.4313708233385
38;total.carotene;1274.9682834024436;12.927078873703493;1260.0670939211916;1293.3578407805117
38;total.toco;958.3884473405582;33.04092731708531;922.2077172682219;997.6657272207516
38;total.trans.carotenes.natif;999.1905748646456;15.832763255955747;976.1635365602208;1015.7641267010298
38;trans.alpha.carotene;434.0785579235602;3.347308253850724;429.5725180563282;438.7328233196769
38;trans.beta.carotene;531.409449296742;7.031582244957503;523.9098454299914;538.7913486873991
39;C18.0;5.348308180410002;0.10037256272343888;5.220657801963199;5.465776304525681
39;C18.1n9;44.99332882479072;0.1418150242825733;44.79247954517625;45.1296073889923
39;C18.2;9.76103201869019;0.04000121414302274;9.711579083389243;9.815268898318354
39;FFA;10.924293386281516;0.33311014719767035;10.524424557000891;11.403694854578898
39;aT;230.8002911409697;50.55920376556354;192.9809131979235;314.18752103274534
39;aT3;310.0555766125438;8.712362435571835;297.33450903685304;320.51849831997663
39;dT3;112.18328578269328;6.475502246350837;102.35930360123602;118.83645847723244
39;gT3;376.4818468778346;29.57370972033895;332.9012471597986;411.57467223470815
39;lycopene;6.262834381115306;0.48088923237778125;5.733465202344971;6.9606491194379245
39;ratio.alpha.beta;0.7467262698240249;0.015618611129333788;0.7338647535845771;0.7654690580654335
39;ratio.alpha.natif;0.4217083556967657;0.006408663472125155;0.4144603670532408;0.42713858626711904
39;ratio.beta.natif;0.5749069651379127;0.006473682012587535;0.5655529830566732;0.5828117117875509
39;total.T3;827.6376135217404;19.10079110873806;808.4346823791718;853.239826746639
39;total.beta.carotene;733.2633144557543;7.653988716462207;724.331724106616;740.4531668878411
39;total.carotene;1171.399580366724;15.788980680333928;1150.1761411468503;1185.9061708870568
39;total.toco;1044.5427673450931;46.51290476024722;1009.2183277262973;1124.9460465940035
39;total.trans.carotenes.natif;923.0837571999513;11.562911087339117;914.9467600280103;943.2797583882544
39;trans.alpha.carotene;406.1666781640718;2.515995735528986;403.44730609404644;409.82011653832
39;trans.beta.carotene;517.9438613608072;9.27117382922659;507.1559227777849;529.8530419166563
40;C18.0;5.3126859608665695;0.07621693909454297;5.178406912012569;5.367224945442377
40;C18.1n9;42.093217825651216;0.36176677354296627;41.68094221227798;42.575049747158275
40;C18.2;8.875635215943664;0.043338990272604;8.813226757079782;8.922693133794349
40;FFA;5.006794985322772;0.13638547457465253;4.901909915292779;5.227228708391806
40;aT;198.1237170082778;18.629062174648283;182.94447472514423;228.84986365954381
40;aT3;309.0252638534795;6.4017247264707065;299.3751784387764;317.13133169985423
40;dT3;93.0811360364305;14.44416079497546;70.03209516736106;109.13992796130367
40;gT3;371.00588793510326;14.394581519663618;351.1469143468674;387.2432997104815
40;lycopene;6.689554068310779;1.075559202991583;5.799847731668921;8.55022581181209
40;ratio.alpha.beta;0.7216330035268321;0.013770422154953794;0.7065592182987538;0.7441264166289746
40;ratio.alpha.natif;0.41637227903723345;0.006015519909627025;0.40911784019783765;0.4249562645392328
40;ratio.beta.natif;0.582770250658798;0.006116336161106139;0.5776596574064579;0.5919390473438155
40;total.T3;856.573590301871;42.26035948271584;814.3161619901756;915.7787720682553
40;total.beta.carotene;876.9239146820013;40.44593012788933;825.9259352003601;923.953214286011
40;total.carotene;1302.8545242816233;11.766844385456764;1291.8521421233568;1320.9957563651203
40;total.toco;977.5133121433661;37.16042361069694;929.01960828524;1032.3014106010696
40;total.trans.carotenes.natif;1022.9844408139849;11.011317804352558;1013.4418564449293;1041.8789523833805
40;trans.alpha.carotene;420.8033463905184;4.4259483866974625;414.9438024651612;426.6774655082908
40;trans.beta.carotene;591.2891215609028;11.938542343681648;575.6481944029653;608.288233475073
41;C18.0;5.433250028780316;0.13585706106803724;5.274782833037682;5.58900598428634
41;C18.1n9;40.971318556692175;0.38740983135986445;40.48832350198132;41.426297151312326
41;C18.2;9.70478500065052;0.07129721504835297;9.643240428249664;9.822920010633725
41;FFA;13.69743137664924;0.17539575278245778;13.464978116210718;13.876427285607193
41;aT;235.42360672063222;15.427586251000548;220.52805330332208;260.82704895428395
41;aT3;268.6376399183258;18.25862535171277;242.5740309049288;284.9071595335567
41;dT3;90.08917055638737;8.954280177864943;75.4625224232193;99.5667341210996
41;gT3;330.8670346579618;12.332973816931696;319.05784016480686;349.35145052135107
41;lycopene;12.514278469457874;0.41027280991407006;11.969622098886274;12.983917511139675
41;ratio.alpha.beta;0.7515530390207574;0.008514774063140752;0.7446475892796545;0.7652806117169643
41;ratio.alpha.natif;0.42192460480926436;0.003938758043031604;0.41746907905628117;0.42685235797403415
41;ratio.beta.natif;0.576968707907836;0.0035708864462685526;0.5731295496031469;0.5821569943426741
41;total.T3;709.8866730655403;57.375263833515795;627.0265814059517;772.3680357442271
41;total.beta.carotene;1056.899367135605;25.9937798001714;1024.7600866796874;1088.2284941320586
41;total.carotene;1523.4298578361231;20.08846977864548;1503.3057813442633;1551.0740868642965
41;total.toco;919.7875179964492;51.893724345466374;850.0819165984602;978.5472445252349
41;total.trans.carotenes.natif;1207.4045010368948;20.990448015816693;1190.7039191437889;1242.4628771196801
41;trans.alpha.carotene;478.38598041185577;12.185696636647235;458.5864068078994;490.1406552252535
41;trans.beta.carotene;778.606642968922;15.025449193647134;762.7461106065002;795.27899107371
42;C18.0;5.206313357357087;0.05741300867328146;5.142630596338174;5.299716864309579
42;C18.1n9;39.97543603285548;0.23953646923375832;39.72515896205902;40.25374090171487
42;C18.2;9.925841127798048;0.04734692255541007;9.880857874435176;9.990207637005732
42;FFA;17.008180766520017;0.2778830048735092;16.57606919205757;17.312701065745845
42;aT;203.04476834142125;20.014034535814837;170.79363834461068;219.1134381432094
42;aT3;278.61142337728336;24.66724992856867;238.91635354845982;303.4420317097311
42;dT3;89.80253209442;7.795539271777764;83.89577443594338;103.35181585455001
42;gT3;311.8863086133263;22.04364198386422;287.80871402565384;336.40604500363446
42;lycopene;13.193990535175331;1.0419267192846973;12.006556753110578;14.783622703751487
42;ratio.alpha.beta;0.7631880625896856;0.01063775040855113;0.7487574135211572;0.7773863034126204
42;ratio.alpha.natif;0.4303795585523493;0.004564125278189744;0.42636136514603495;0.43799236102355943
42;ratio.beta.natif;0.5687311697667227;0.006189003863754613;0.5595136473913322;0.5748274669577393
42;total.T3;734.6339127177082;54.49218570477194;668.772601656083;791.7195249127824
42;total.beta.carotene;1219.1744652781304;30.706758643882377;1184.24159970782;1257.3637426965804
42;total.carotene;1827.3328737008167;45.180021748659584;1770.4770194001899;1886.9919489922154
42;total.toco;846.523872379263;83.40462800161171;728.1027990274442;923.8367040509106
42;total.trans.carotenes.natif;1544.1815156835075;43.49554634781105;1487.2144733561845;1591.9505846043476
42;trans.alpha.carotene;622.777055575762;22.61872954771063;595.6554185258836;650.6952416361232
42;trans.beta.carotene;925.9612006244361;12.157831628702384;911.3588989480926;938.9967982063966
43;C18.0;5.3730504759313655;0.2803136479675495;5.130079058720662;5.845126977183741
43;C18.1n9;40.40463262173661;0.2955813557089766;39.94106601522739;40.75309110144208
43;C18.2;9.552588530474326;0.10259506960636458;9.458821598708417;9.675122906712248
43;FFA;16.66711587939063;0.27809806750970195;16.451612820498465;17.14193141079402
43;aT;234.19185999757565;42.601773275548695;170.8703107576056;269.1396285786659
43;aT3;297.52022573678926;43.03405865820068;250.20448044152027;367.84163063857625
43;dT3;141.05773494500718;15.330152562036105;123.57280795936511;163.5600263083828
43;gT3;269.80341209220177;34.510830583864845;225.20958259857952;310.63270196945365
43;lycopene;10.575587254423755;2.2668540277719136;6.85166416174537;12.967028513665774
43;ratio.alpha.beta;0.7756918104181991;0.014304807359460077;0.7600223779337897;0.792704611939171
43;ratio.alpha.natif;0.43664534821526163;0.006497779888184501;0.4270569237693013;0.44465780622639633
43;ratio.beta.natif;0.561465778972573;0.007619503173711422;0.554213321784059;0.5721325338513539
43;total.T3;825.2697011290671;48.46749419445046;753.508497064991;885.5833367763182
43;total.beta.carotene;844.6908477670088;62.37746045640079;801.4461048503063;954.8551153041043
43;total.carotene;1275.4428031630214;65.23304648390034;1233.871344548217;1389.864905012239
43;total.toco;1100.17281321572;173.2248124900379;906.3002259977927;1301.4268788877248
43;total.trans.carotenes.natif;1026.7739732222085;56.380721333161844;982.3374909438894;1120.6493571666997
43;trans.alpha.carotene;437.12131053769144;9.364484681001382;430.45455851819156;453.5222341464152
43;trans.beta.carotene;579.3045742301005;29.096359514410096;541.5943619629019;612.834757136269
44;C18.0;5.915443298342645;0.15437353912635468;5.786324618115277;6.182260100612496
44;C18.1n9;40.961875621388046;0.9566580211588931;40.26964454453075;42.64697587172859
44;C18.2;9.486168029025142;0.11960390773564133;9.34655776963024;9.606847747799113
44;FFA;9.997212240150615;0.35389887681845794;9.638502016724782;10.561201792883137
44;aT;213.15256398530204;4.769325993503651;206.40445698814378;217.81960415116308
44;aT3;263.60205941615675;21.32417653244238;243.11124098992175;295.0984042136499
44;dT3;90.04546343834409;10.720583558144494;76.7628147795166;104.004094012316
44;gT3;301.1983900435838;19.236767218950163;281.7483650467187;332.34587461187186
44;lycopene;11.2884978925646;0.768535305860075;10.407650373479973;12.510695045840794
44;ratio.alpha.beta;0.7369228781755115;0.014280722212096317;0.7257313921183947;0.7605717330799812
44;ratio.alpha.natif;0.42218479005737564;0.006692165214911362;0.4150899706832291;0.4328915864840969
44;ratio.beta.natif;0.577644928555736;0.010235245018884117;0.5624890813879239;0.5904360741390753
44;total.T3;658.8636786334064;67.78715810533976;616.8987720965674;779.0717990255298
44;total.beta.carotene;944.221089843033;35.80735694978396;905.4756656797327;990.142332314429
44;total.carotene;1427.9350009563439;41.909709175936534;1374.105661212294;1473.9906200879127
44;total.toco;860.1130772156815;38.450333554004196;824.9639265755409;915.6108894978779
44;total.trans.carotenes.natif;1166.0289106006335;31.05863604451231;1132.172679365109;1193.468072855343
44;trans.alpha.carotene;484.1292590046388;12.453041558756732;465.9682396261675;494.73705476131045
44;trans.beta.carotene;718.4695827086349;16.419442749417282;699.287622201353;738.3735509511416
45;C18.0;5.256113123801509;0.09074357936944435;5.172916636596706;5.384272399435836
45;C18.1n9;40.31381457356887;0.13786821934950966;40.076580793502025;40.43574840225087
45;C18.2;9.190888474890958;0.020913606695594517;9.161969425422084;9.220877141839223
45;FFA;12.700083631666754;0.3339824420749512;12.352348402838443;13.185109257654556
45;aT;168.31248044967506;44.425478653106744;125.87009036747656;220.7810796496547
45;aT3;177.91290123113492;36.31317100862227;144.47091564000743;236.73796508206118
45;dT3;106.42427022874308;11.73206749837713;85.86322969686664;114.73003944157288
45;gT3;245.90308987091007;23.973696376857387;217.4256262926812;271.1308394564862
45;lycopene;6.764647021201972;2.602196716614136;5.118287056477707;11.377142163979146
45;ratio.alpha.beta;0.7858338019208995;0.013972181098597403;0.7757235725447112;0.8044444334493633
45;ratio.alpha.natif;0.43402186734530934;0.0036097319838785044;0.43039952795577535;0.4392125539798072
45;ratio.beta.natif;0.5647019285162778;0.0023882620003152417;0.5623425972057379;0.568663402363058
45;total.T3;534.398065370946;49.406074632599946;464.9586310627876;588.1698542605113
45;total.beta.carotene;689.9935639176778;6.5415268289004445;683.0355566915475;700.7839577063058
45;total.carotene;1075.9092627061186;21.40421276569708;1051.6945869890767;1109.3456183899175
45;total.toco;715.9128780956587;176.74600418955166;595.9243249133107;1026.6556828611117
45;total.trans.carotenes.natif;843.3479747146939;11.13427749803529;828.474196226993;855.0316908352048
45;trans.alpha.carotene;363.87135864950193;2.5492768758479296;359.8950354746518;366.82569047220625
45;trans.beta.carotene;495.2670069647929;3.364336660387428;490.23403964747337;498.3159091945376
46;C18.0;5.604512103205177;0.1170274191773452;5.457114647331289;5.7604286848686455
46;C18.1n9;42.92077461747609;0.7121584569625744;41.81457997296082;43.588943384582805
46;C18.2;9.193256521073398;0.17132963850944632;8.963765853635735;9.431515789871774
46;FFA;9.808070854026816;0.31262626634744306;9.445981817942206;10.237955073110847
46;aT;157.64686373866124;39.74692317452087;127.05264605632154;226.37343568417612
46;aT3;175.6589254104178;20.27829362449367;155.06646129659651;200.79542023605623
46;dT3;114.71651746053189;13.357828339581141;99.7984651636001;132.0917175623316
46;gT3;290.6436881694998;25.46264660140894;265.18863499516;328.7338626756855
46;lycopene;4.519063847040426;1.8531712322933573;2.5380639709325594;6.736098388677793
46;ratio.alpha.beta;0.7934178877284388;0.020872941179216363;0.7709681696040401;0.8176442578439996
46;ratio.alpha.natif;0.44554073372728176;0.005576459283893841;0.4374597156574672;0.45094662680679437
46;ratio.beta.natif;0.5574433086347739;0.006600774710628161;0.5511388275064074;0.5677474999436155
46;total.T3;596.8963080217334;36.40774797954619;547.40079214833;634.1341226703403
46;total.beta.carotene;374.448203538013;9.067646069785038;367.08310175287426;389.30618331409454
46;total.carotene;631.5865156696934;15.126634014520302;605.4440845841291;642.302532254053
46;total.toco;715.6343185980049;82.95392617447857;621.3399350879713;817.9025384294291
46;total.trans.carotenes.natif;504.5781164485852;9.111687844905449;492.18993615986585;516.6166182046817
46;trans.alpha.carotene;232.72066798693467;7.16064094991722;221.83659272103344;240.2011414565025
46;trans.beta.carotene;280.70496275240646;4.143808618808105;275.0245103968292;286.6734628411987
47;C18.0;5.579992377465869;0.13375258998522363;5.4154373939162;5.7151396841704205
47;C18.1n9;39.993432758122076;0.29661769708798963;39.73252085477719;40.341831628730475
47;C18.2;9.385623478974484;0.19533861519323484;9.189397623928276;9.638008840077985
47;FFA;16.39933531119451;0.25014472310914554;16.093100469215486;16.723367525399016
47;aT;227.72877624081607;15.229265307828804;201.82647242565133;239.03589592593417
47;aT3;258.09873802046513;8.640413094031844;247.4036544846496;266.26028128144657
47;dT3;91.75819707630761;8.2738239443198;83.2413447217852;104.2988825024545
47;gT3;270.25745718095425;13.852372488849419;252.66060741816312;285.51633071896214
47;lycopene;13.684962210359293;0.7507445834897462;12.993386881550673;14.626261219694303
47;ratio.alpha.beta;0.7619307434268201;0.01157239008830811;0.742222252174778;0.7708418423439931
47;ratio.alpha.natif;0.4285231886555059;0.0037115890845139006;0.42388510825843345;0.43319184589838483
47;ratio.beta.natif;0.5710369476461883;0.00367584383396856;0.5679164891407023;0.5773392900560864
47;total.T3;659.1979642011682;49.62592081909155;597.9735027978749;730.7522052661034
47;total.beta.carotene;1137.5753353419566;4.923292957791141;1132.5414987891259;1145.647112445777
47;total.carotene;1594.9192962698944;29.803448340403097;1551.679183219493;1625.1101556450474
47;total.toco;903.990738195499;76.6996022307356;814.0162768524985;980.6941407149061
47;total.trans.carotenes.natif;1288.7908635519145;31.861528317981612;1246.5526794227162;1331.4555842160594
47;trans.alpha.carotene;500.6430293403394;1.4212494984232824;499.21523918065776;502.4399391406711
47;trans.beta.carotene;780.5616122842173;12.476015768954314;764.2318397422395;797.4607125936259
48;C18.0;5.949159831362785;0.1353200632229571;5.7865673023304955;6.152968390239621
48;C18.1n9;46.63762087564523;0.9128244731420576;45.436038934605094;47.92104247470291
48;C18.2;8.394817448081561;0.1827873791927793;8.17516657634778;8.620994718799844
48;FFA;9.99052647722681;0.17475862749108867;9.812361133034992;10.227508982211363
48;aT;179.03616423662552;14.325942884680897;168.25694648697942;203.07355823742404
48;aT3;215.59444123082767;13.774854157941743;196.0135395488219;227.26085419731825
48;dT3;83.05123669148199;5.18035782671551;78.93010663243419;91.9710663448665
48;gT3;263.24915047814943;6.650433152690477;252.53316384143818;267.9098043953428
48;lycopene;9.224249841884461;1.844054327838567;7.566132843959654;11.961013592755018
48;ratio.alpha.beta;0.8117224453681429;0.010888481770040365;0.7991362284465423;0.8269361233601309
48;ratio.alpha.natif;0.4459757459340385;0.004028131261211593;0.4413800620665655;0.4502455203811575
48;ratio.beta.natif;0.5516723084723981;0.004994672995404235;0.5455196991806606;0.558110445997438
48;total.T3;568.6691661090937;15.1868692257613;542.9953371942652;582.6414481315412
48;total.beta.carotene;759.3648837453413;50.97966245427815;699.100087378321;813.6340836266004
48;total.carotene;1166.6598480367684;24.6938557723325;1131.3777763529665;1199.4200128922373
48;total.toco;780.0570698175718;88.87565533065941;692.2765206986703;877.0386397890154
48;total.trans.carotenes.natif;947.150676210872;20.36915127946003;916.5670605141925;973.3703459234341
48;trans.alpha.carotene;401.2434911692259;1.1921412053624725;399.58507426847996;402.57789067677965
48;trans.beta.carotene;543.5133575454619;18.500321197543073;521.5735940470306;567.7484419022608
49;C18.0;6.453841337292097;0.09796031593880551;6.323395210162917;6.566597272186321
49;C18.1n9;48.35035104425901;0.6698564216256354;47.291755724017634;48.990656133579435
49;C18.2;8.330760426285412;0.14758333327653542;8.155080954030304;8.47490742804136
49;FFA;24.97677826821285;0.23402141138114835;24.711353124805484;25.295226426773183
49;aT;115.34921419089892;16.18434669343576;93.07557708971089;138.35669736771598
49;aT3;217.30700699551463;13.85708905468982;201.11685054757646;234.86641912282218
49;dT3;84.99745262570454;5.14461824201601;79.88987275661795;93.58915778515993
49;gT3;262.3589053754564;24.10370566549812;238.0461853370991;289.4218259436148
49;lycopene;9.143451714301786;0.6031588347534299;8.495246279558902;9.939266688505597
49;ratio.alpha.beta;0.8719785602218962;0.015212130125856697;0.8580595010832911;0.895306821989822
49;ratio.alpha.natif;0.46526349063755595;0.005231009611712507;0.4569710724964282;0.4710958464784201
49;ratio.beta.natif;0.5361709872865028;0.004019142035020608;0.5316164286202871;0.5420090618548874
49;total.T3;489.35527906308187;49.3079350023533;428.3013896050507;558.4311542082964
49;total.beta.carotene;691.6839314849254;17.00545456836875;679.6125533939802;721.1522594466463
49;total.carotene;1235.9756233680641;35.21320032399878;1194.9499082977093;1291.8851360757458
49;total.toco;692.5326537555763;59.29157354822368;646.4120791402544;792.877865348464
49;total.trans.carotenes.natif;960.7885102583778;27.491177077170864;926.4231550300162;989.7172408755832
49;trans.alpha.carotene;432.38497422373405;2.9272767481426136;430.2705471515313;437.1186016886875
49;trans.beta.carotene;540.7163108595184;15.590693273522765;521.1038667802737;555.6352534165883
50;C18.0;6.192626997655256;0.12541224950783664;6.055922019449985;6.334185096141329
50;C18.1n9;44.904201546385764;0.3336924448139707;44.59939048087004;45.46374107334074
50;C18.2;9.991595862133769;0.10095564224937967;9.872518667398552;10.096497731279293
50;FFA;9.192755335883945;0.18593859927302542;9.015171251550115;9.431339961967359
50;aT;131.14476801423106;14.08191847230337;115.44611053605801;150.92194198069691
50;aT3;219.19751480757554;17.721932977884308;191.1661124820668;236.7285144178835
50;dT3;105.27737804201695;7.817772137755351;97.22188446436142;117.15382325539416
50;gT3;284.95366573926134;1.7838199047161254;283.22234144269066;287.5382433754265
50;lycopene;7.65768948195733;1.1177744479921026;6.282822996043831;9.094811920501357
50;ratio.alpha.beta;0.7509515641717549;0.020663907102731624;0.7362300029389643;0.7873356234423495
50;ratio.alpha.natif;0.4275161852300573;0.011144150478655603;0.4175653709996254;0.44672612392372185
50;ratio.beta.natif;0.576162630217965;0.011858471276721077;0.5582072556324613;0.5908467911424787
50;total.T3;616.69439796347;58.40265885786931;548.874969010177;701.6536184841559
50;total.beta.carotene;611.8550948906877;5.721319736600367;606.6292989425402;619.3073423817763
50;total.carotene;987.2607846716239;17.84621737093869;962.9159731566953;1010.5995648579493
50;total.toco;748.2688206095411;86.1019512924866;662.3933731056549;855.308626442063
50;total.trans.carotenes.natif;790.5362313048954;10.468688636540772;775.0391257442689;800.1257888580545
50;trans.alpha.carotene;368.39658673390784;2.229731814533164;366.2226023307514;371.91091780980094
50;trans.beta.carotene;440.34929828391944;16.53785573660002;417.38079763784776;456.9678050843357
51;C18.0;6.422037348653942;0.10624839880698066;6.3008815274868235;6.59021184893122
51;C18.1n9;43.185144412004874;0.4492156608538305;42.46265913912213;43.516253336696444
51;C18.2;8.763385706136022;0.08057909573469586;8.646805017839089;8.845670690738952
51;FFA;3.7885395618292868;0.16536759201131623;3.6442104662284307;4.0491287743532665
51;aT;178.81006767304365;22.266948266604146;157.38630784186006;204.6279074307982
51;aT3;248.49938450831877;6.475355208936322;240.6337044703564;258.5745890799507
51;dT3;88.52204058670512;8.774527141365418;74.46556316859383;96.71259182210505
51;gT3;295.66672843831145;30.170959202560955;270.37847125076934;342.67762205166366
51;lycopene;9.487678172014387;1.051623662984481;8.553497793031434;11.078542228319707
51;ratio.alpha.beta;0.6823433634681674;0.01297338221230557;0.6681534641206839;0.701273279884484
51;ratio.alpha.natif;0.3923911820359419;0.0055155875553984345;0.3881115797207062;0.40202508778648766
51;ratio.beta.natif;0.610337332417617;0.008450363023903413;0.5960219780141468;0.6184988436560078
51;total.T3;701.9944745018047;65.10752328822838;603.6953821472168;784.4472394774441
51;total.beta.carotene;923.9662487009298;15.045157349230966;906.0877276434807;940.388742513883
51;total.carotene;1318.6174037586743;14.979083900835715;1297.2069357981684;1334.6661390605248
51;total.toco;845.3319882319516;50.208209524407664;775.856201711515;913.9821763123284
51;total.trans.carotenes.natif;1092.7460262139348;16.262685694730074;1073.2763353443397;1113.3208737230123
51;trans.alpha.carotene;422.9866047573146;8.10262600762983;414.49466811135954;433.448087562284
51;trans.beta.carotene;700.2332053010675;4.944449581333443;692.4334423385342;704.5506237064179
52;C18.0;6.040087778421109;0.13086049989222703;5.817937457585491;6.161991659736653
52;C18.1n9;44.31327772401787;0.24300760803894964;43.93597155446611;44.570903636079684
52;C18.2;9.518760842849819;0.069133889229045;9.455633863843751;9.633672845867284
52;FFA;11.01867477103016;0.18281064645586054;10.739953753167324;11.220421806495569
52;aT;93.84376711567141;15.131125825365027;81.60989991774981;115.72986766351357
52;aT3;126.81552062621329;10.601796666505265;109.33239066720802;137.1253753453823
52;dT3;92.2859724919459;5.221753547110404;84.84191792920211;97.98951949749329
52;gT3;273.7510236115957;41.35274125468739;237.50142444730156;344.7009898626222
52;lycopene;2.864443856109138;0.6993203631073012;2.147164918249342;3.903937471169132
52;ratio.alpha.beta;0.7992886653480435;0.01640878323318426;0.7851007428180019;0.8203482501713424
52;ratio.alpha.natif;0.4399525932003631;0.005085834728896087;0.4361185679592443;0.4487896278896318
52;ratio.beta.natif;0.5651610137319538;0.006409597545793244;0.5541085950775182;0.5707483225918178
52;total.T3;552.2595930061241;96.71561624400395;459.8949418366569;711.0404578001309
52;total.beta.carotene;258.61783636178154;7.030879940240813;252.21084398628705;268.3489112123261
52;total.carotene;447.3860717946135;11.764516240258992;435.4598500157169;464.63351868500246
52;total.toco;499.6283016668247;49.264611422538046;457.389298109829;582.544986629698
52;total.trans.carotenes.natif;358.8000610639631;6.685592518421211;351.6735642239458;366.68742759294014
52;trans.alpha.carotene;179.97785361522068;0.15845476160782968;179.89442333494313;180.25828435110637
52;trans.beta.carotene;192.0411637585962;9.451936010177763;183.2538784301404;207.22189262890697
53;C18.0;6.087482736624107;0.1533675981674269;5.880104110997406;6.267417922847895
53;C18.1n9;43.64181564042284;0.28207144567325815;43.25989594852824;43.98948953656788
53;C18.2;8.682744247521164;0.10833180081332038;8.515152812342691;8.782741305078261
53;FFA;9.66140938880831;0.2790722170913118;9.180589029600101;9.89459495412464
53;aT;283.4611217258622;22.859084025980454;260.3018696532825;321.857620302396
53;aT3;270.6428002052041;14.142890946521586;255.40018374648216;286.00522018056694
53;dT3;100.00714626399095;2.5036626169315155;95.892937462109;102.56387416857204
53;gT3;290.0133753055863;17.092055515410998;261.4273537103712;307.35131363703556
53;lycopene;11.553722928072478;1.5441937807243382;10.060299946996354;13.879878030114494
53;ratio.alpha.beta;0.8285426242446878;0.010905503956032311;0.8132747434444108;0.8415155495129372
53;ratio.alpha.natif;0.4503114758230752;0.003862225817833509;0.44615602087006995;0.4560006519988334
53;ratio.beta.natif;0.5512302171188319;0.0027548629442670364;0.5479552004509061;0.5537015044853945
53;total.T3;660.6199451205791;14.191654870806502;648.5440045141665;684.2393881589995
53;total.beta.carotene;747.6790575278883;17.056332851906408;729.7797586014091;770.031406380533
53;total.carotene;1100.2931843914912;25.29506644302376;1073.1890889420483;1136.441686648442
53;total.toco;1048.5129912780142;55.29715281424126;967.5550854578134;1110.8256122427085
53;total.trans.carotenes.natif;911.5022710033725;24.459155808839814;890.253281787927;939.1831510396911
53;trans.alpha.carotene;412.86893438183705;9.955626587691073;400.6318384171188;420.93840104963516
53;trans.beta.carotene;470.6270018178492;9.141092433325808;464.7358519037232;486.268229800324
54;C18.0;5.80036885042262;0.09640532435204442;5.679783256867382;5.908767605121974
54;C18.1n9;40.94614770833717;0.1721740131174663;40.724980918834646;41.10719420172481
54;C18.2;9.501371627885572;0.10263589288422083;9.335238803121657;9.611966221762167
54;FFA;17.788141564441446;0.2539478751268026;17.498951840754586;18.079100034101963
54;aT;141.83393634230762;18.60315785678664;119.98883276998349;165.78893795594686
54;aT3;214.2871061167641;23.465481096569075;178.30470925857225;234.68073046361815
54;dT3;102.07598376679407;3.52036709209941;98.12594005683204;107.71070059695484
54;gT3;269.16078772373646;17.719894521641425;252.00517147177115;297.68315055530115
54;lycopene;5.316936072887917;0.9675307458179194;4.542497890362802;6.986945057041864
54;ratio.alpha.beta;0.7906437613109969;0.034402701638050294;0.7684356166742077;0.8512420302914587
54;ratio.alpha.natif;0.43418496239265564;0.0072053747600367415;0.4285774017240687;0.4466650025226061
54;ratio.beta.natif;0.56808292311644;0.0062350529036643045;0.5578650210027241;0.5745810635650751
54;total.T3;649.6820475392984;42.04221084137338;600.8574565324222;688.7462046761748
54;total.beta.carotene;462.37551568663946;1.6757533250639558;460.67064523078824;464.75897115160694
54;total.carotene;686.806340821174;24.065094352799996;666.1020344300385;726.6904790436688
54;total.toco;738.4454570196142;86.85791065585886;622.625805440697;858.6139748204027
54;total.trans.carotenes.natif;508.96718075778443;11.497340203225587;501.02784959466305;529.1641088184654
54;trans.alpha.carotene;251.41297663359302;1.7488880754768463;248.48625607905785;252.85060636403395
54;trans.beta.carotene;287.40664410755824;11.50909221166848;275.63219810618756;304.7621362690467
55;C18.0;6.429223795658686;0.07534529552172683;6.350075956822497;6.550462466481447
55;C18.1n9;45.52211228998745;0.13928736020949292;45.304994308332944;45.69064568695049
55;C18.2;8.770331149097984;0.059579019097071674;8.703945190204468;8.863327438181571
55;FFA;6.327839431019681;0.12857082819608917;6.198249347923528;6.4809665071504465
55;aT;179.78813039701654;22.165702427152212;165.43205589127734;218.69397352421575
55;aT3;251.04432647236126;17.430272933633645;229.97572908356207;275.4745927971945
55;dT3;88.84890645209909;6.270612475491585;79.36697255413362;95.48779618479743
55;gT3;298.47340147781824;14.942767635920562;279.5673003022473;318.19820525448375
55;lycopene;10.129772841554802;1.159298904594387;8.89723270997191;11.849188944435623
55;ratio.alpha.beta;0.7535115399452402;0.027707000229762243;0.7241846776994484;0.798453171907288
55;ratio.alpha.natif;0.41604733560001633;0.008427659986708443;0.40314965612255704;0.42500451303851794
55;ratio.beta.natif;0.5840803973212212;0.00943479094946659;0.5764591569561055;0.5997520625927547
55;total.T3;716.2049293691108;60.49798133427514;665.5876953523251;816.1339656827696
55;total.beta.carotene;901.9185931307493;9.10249130158106;893.0996939827346;915.6933769974404
55;total.carotene;1318.8577471545063;12.125696440979699;1311.6046409890723;1340.285438069765
55;total.toco;810.4039281232162;67.6785467296034;739.9249497603133;920.2317689461472
55;total.trans.carotenes.natif;1079.7398919797129;13.865465687457599;1058.9293155209066;1093.9394923204245
55;trans.alpha.carotene;448.0947252599705;6.178221591814604;440.5609491726154;456.34915644374445
55;trans.beta.carotene;660.074023220333;4.9342435241184655;654.5684936297708;666.9812502750594
56;C18.0;5.875720577066846;0.08390062455925495;5.801146420409112;5.984008807145552
56;C18.1n9;45.32434697487417;0.2686010598105684;45.01726484151122;45.60703672299226
56;C18.2;8.955105251003257;0.12767292884815556;8.815494828759665;9.111839080038857
56;FFA;10.491524624246287;0.1941367309439042;10.21919498020188;10.726844923730788
56;aT;164.1057529640206;16.970836794605805;152.0266150387058;193.55575144252816
56;aT3;225.29102666451678;9.543251493837731;214.7812755145727;236.3026176426393
56;dT3;98.83952752831723;4.987537759608366;93.94523592938232;106.72012286828742
56;gT3;281.9164647646625;15.364587271695283;264.68137559396513;306.4867347467689
56;lycopene;8.712604197680928;1.5227901022172643;7.191189234161007;10.603728812451855
56;ratio.alpha.beta;0.8134095654191368;0.023841092079384524;0.7779292398605162;0.8388288177368802
56;ratio.alpha.natif;0.4444219387643177;0.006350276528529497;0.43651553141299987;0.4508763441719719
56;ratio.beta.natif;0.5558873838896183;0.006401961679066147;0.5460089759834105;0.5638233699491466
56;total.T3;658.1196535021073;55.204198220724564;600.8246580404325;727.2424986267986
56;total.beta.carotene;727.1580164385533;14.916868948598355;708.4737933719567;742.5659656053228
56;total.carotene;1117.0375592230976;7.867792090390716;1104.3931399865698;1126.1359389762213
56;total.toco;803.1541187480054;61.02548341483204;745.8375353803144;885.7137870255148
56;total.trans.carotenes.natif;886.6342620041305;11.243078591277348;869.0342774838231;899.8195980327193
56;trans.alpha.carotene;426.63450769223135;4.5892441131383235;421.9082400792247;431.54958134032427
56;trans.beta.carotene;469.46938045588786;8.709548472732031;461.51359387187733;482.2892183769797
57;C18.0;6.436707520961448;0.09073127239552015;6.296143048592374;6.503624847340566
57;C18.1n9;43.985227444289755;0.1858618136974292;43.859145521290635;44.2733249711705
57;C18.2;9.004246998690794;0.07564238990640261;8.915426674292508;9.089165018663671
57;FFA;16.58789225491096;0.29250803073622783;16.184932833104536;16.824123793823333
57;aT;171.57912879756276;6.6994596700648;161.5534069182827;178.79094208951767
57;aT3;251.25024648183162;12.716831585519714;234.2284618127918;268.1352208874329
57;dT3;101.45302770617585;4.430968155728896;95.32561898876438;106.3378052649427
57;gT3;291.4957092827518;15.905930180025797;268.57838518911564;310.6750884665433
57;lycopene;14.791171610105986;1.1275257276596538;12.991673069513865;15.955180043240137
57;ratio.alpha.beta;0.7388053236299831;0.030827415351442296;0.7155115261549547;0.7917705082855524
57;ratio.alpha.natif;0.41884726780795634;0.01385945468690849;0.409294668402696;0.4429732935711917
57;ratio.beta.natif;0.5841124576259359;0.013581786430190129;0.5598840737017033;0.5913657236770402
57;total.T3;688.6961956426289;47.29172192310617;630.5241158163531;755.2908804500064
57;total.beta.carotene;1456.420098997892;13.772805263920953;1435.9834890527488;1471.1954865728653
57;total.carotene;2232.3685956210165;14.869408126264416;2210.7524110298095;2248.818712040943
57;total.toco;898.2114865329671;42.60648336542221;836.2328109737362;929.6570804920477
57;total.trans.carotenes.natif;1779.2909897887366;26.840324117939282;1751.3240756697594;1816.5380165811396
57;trans.alpha.carotene;713.2251890615031;7.343230008762965;703.1436485882438;723.4352622549318
57;trans.beta.carotene;1023.2936829343107;14.806119490360077;1005.6504650720384;1038.7430378836532
58;C18.0;6.05852627526141;0.11271023273915305;5.931806973541467;6.194162178867786
58;C18.1n9;42.75408506367491;0.2041446512005289;42.5067125512628;42.99001344514229
58;C18.2;9.627333102252098;0.11308479038706652;9.484396019171987;9.742653585648354
58;FFA;21.754434980616878;0.31160173769678745;21.35906071454255;22.156062514184068
58;aT;127.18457940093035;18.643000436956804;108.8851612511197;155.2850917887831
58;aT3;214.31842330247596;19.53541927665471;182.4061763949152;234.48174044230754
58;dT3;100.43530970263365;7.291044614024472;90.0176461369025;108.56727563536715
58;gT3;268.2745404918212;22.46630288486477;239.37791327894627;295.57284152013557
58;lycopene;5.132504757108034;1.1305576507865298;4.274039271579788;6.533491236593588
58;ratio.alpha.beta;0.754472260205069;0.01715106229540451;0.7330392428442926;0.7707376854705578
58;ratio.alpha.natif;0.43023586804412267;0.005212354364992931;0.42366462807066746;0.4364016955238962
58;ratio.beta.natif;0.5714818872250322;0.006410856647621209;0.5677979531446635;0.5827523442853375
58;total.T3;583.0567670574488;56.29186052084512;536.0391775448683;671.0285175050499
58;total.beta.carotene;450.0511836667756;2.091573553223822;447.6363178590239;452.0246926254775
58;total.carotene;722.0315177630764;7.547919747812281;713.4010234616683;732.0105949311197
58;total.toco;697.6175033579132;27.908504250615167;668.8675137999729;738.614783414201
58;total.trans.carotenes.natif;540.6528605438726;9.576119030709675;525.3117785325352;550.658671301765
58;trans.alpha.carotene;251.13524330455226;0.6505590173491724;250.34233182392643;251.80624525893293
58;trans.beta.carotene;282.5940772000323;4.53402500033392;276.683759608285;288.52995893871025
59;C18.0;5.757627646435639;0.17296187711537522;5.569801671071489;6.029398846079129
59;C18.1n9;41.09548387825106;0.5219625146107184;40.621626176957754;41.86016033047504
59;C18.2;9.582410896166863;0.06313030777137894;9.503008925233111;9.645978869587848
59;FFA;6.012943542757495;0.15916729030633725;5.845637272018641;6.269944763434
59;aT;259.3423197606354;43.966449004895885;192.41167418821428;297.96936217494164
59;aT3;226.7892423066297;11.683415792965697;214.1051279813902;238.1795897477012
59;dT3;97.70225595999042;6.379909634760154;88.82986917511593;105.84081048754453
59;gT3;285.34060318572426;35.900573515364876;243.84859042161995;331.36974730641407
59;lycopene;4.537027566540831;1.4875047485357007;3.4320389242320677;7.150867553447421
59;ratio.alpha.beta;0.7470847403682466;0.02403329734543059;0.7197933213928337;0.7817304808140073
59;ratio.alpha.natif;0.423931447872781;0.015731026856521908;0.4021511553128988;0.4366974968532529
59;ratio.beta.natif;0.5802601915144292;0.019207626210313012;0.563218665926248;0.6055094818355017
59;total.T3;661.7854294724457;39.13281433479577;612.6961175800404;712.1960581214774
59;total.beta.carotene;524.4348947756114;4.344531339859903;517.7413569110804;528.962651793507
59;total.carotene;733.2303224963857;14.044300906029106;721.2643666540822;754.276374626197
59;total.toco;956.9638792216172;73.79706165486459;860.5558171353873;1049.0743373967334
59;total.trans.carotenes.natif;586.0195801831312;7.655801890493908;579.517665432061;594.3647142497997
59;trans.alpha.carotene;273.3112183202571;4.280056108069073;269.8042494966027;279.4208343505646
59;trans.beta.carotene;338.75353120996454;9.163437472959012;328.2374708680859;349.9197830643415
60;C18.0;6.015951775499156;0.1713619216754116;5.786830515488827;6.217441408121456
60;C18.1n9;40.46133833116939;0.4973693056105049;40.127175479491484;41.326614411614145
60;C18.2;9.762680437697796;0.028429252898532594;9.712357335763329;9.780518008881232
60;FFA;9.02056966281678;0.17690808028641275;8.761811607789076;9.22351323388014
60;aT;163.721704215979;12.104154583425755;149.18736908401746;178.7103538555004
60;aT3;210.45546392939218;13.770522984750848;192.8566677600989;225.19226960300304
60;dT3;100.79448820024639;5.407357985060553;96.94740465807064;109.94151312951735
60;gT3;266.93994918553744;15.510364145897697;248.66301576049437;286.0438130105296
60;lycopene;3.8547015124316735;1.2153866361605137;2.497277862946813;5.7599088301595796
60;ratio.alpha.beta;0.7538058286674223;0.005842222663313179;0.747099663096624;0.7600526587030791
60;ratio.alpha.natif;0.42684962619947137;0.0031628151592806536;0.4241845353156923;0.43063259817283644
60;ratio.beta.natif;0.5722651914360727;0.001592380800467119;0.5701743999685417;0.5741790617490681
60;total.T3;636.0130209222496;54.485348246087405;559.3332290214802;700.8092593128719
60;total.beta.carotene;457.80053799321524;10.843874947004227;447.6709752944733;471.5102334238155
60;total.carotene;681.1540071810977;15.732776111319836;662.8707659480749;699.9936478051917
60;total.toco;764.250553478634;56.23326874919818;710.6890214504958;858.2530143639345
60;total.trans.carotenes.natif;551.1922948635365;11.138336224444597;537.9857179781492;563.911784034987
60;trans.alpha.carotene;241.93878414021796;2.1927909640977825;238.90490991853804;244.88069925675393
60;trans.beta.carotene;309.2145075277866;9.201008257608173;297.78929894540113;318.43900473877306
61;C18.0;5.855632110511694;0.16400727511203908;5.754094871947608;6.141855052585152
61;C18.1n9;39.32405788176698;0.13386766526275418;39.16740752806666;39.52104600325943
61;C18.2;9.647717826101946;0.04591563989754368;9.584537276914872;9.698792860342065
61;FFA;7.454877558647931;0.05775759838966397;7.3949074150886664;7.539778142406073
61;aT;175.23348774502247;13.421984581767836;158.89410120400157;193.18145872166582
61;aT3;208.14229361450072;8.642798930616573;197.74062427553815;219.80897415642767
61;dT3;100.92783978576361;3.6949165260386043;96.02539203094983;104.18373757348395
61;gT3;280.7952920035401;18.7984433732371;258.9736888942882;299.909029111338
61;lycopene;4.485309551738778;0.2095389219243113;4.300167055215129;4.7262673385305325
61;ratio.alpha.beta;0.7587628538103863;0.022798123999386716;0.7330930704595136;0.7921451363000039
61;ratio.alpha.natif;0.4238506352042366;0.0077660302212672104;0.41510155559959083;0.43617399118807576
61;ratio.beta.natif;0.5736190133161381;0.007070661737597948;0.5625396261089276;0.5807534559511454
61;total.T3;639.2556626640002;54.97682518499817;578.9939512686746;705.1639546846964
61;total.beta.carotene;481.06271499445165;28.99601955400223;457.35721948194697;529.8511296381871
61;total.carotene;748.9255276771431;29.665388568577054;714.768949436473;788.8053039157941
61;total.toco;829.1118027843979;59.60470165997718;757.8143840386156;903.0266541405279
61;total.trans.carotenes.natif;623.5942542499123;17.614702308740416;608.3714065435315;649.6577631819215
61;trans.alpha.carotene;270.22488306031767;6.96203043818339;261.0446056239904;278.0553608403453
61;trans.beta.carotene;356.3439046930847;11.19786383004472;344.04156241334726;371.41213459742096
62;C18.0;5.781042972497134;0.09414577556908406;5.7118969132285535;5.940106114232338
62;C18.1n9;39.474251730220516;0.18301627645630889;39.26036754643623;39.73841566845065
62;C18.2;9.483207794989685;0.09151869878961828;9.372968014982076;9.57763915621133
62;FFA;5.884580991167173;0.12755779928991973;5.718773496460859;6.050186485360684
62;aT;190.86912368494558;11.997795085530997;174.9227331885154;204.54175841255883
62;aT3;222.38219576888886;19.117849541297467;197.48707880729356;244.34006314441183
62;dT3;97.82489420067445;4.866522045724636;90.22328301820511;102.32400941616282
62;gT3;280.44530891362444;17.643301034473282;257.44906847639487;303.48440469451737
62;lycopene;5.053409964037235;0.9044521630871178;4.279955222331361;6.548695277960346
62;ratio.alpha.beta;0.7783902423643274;0.010930745506843833;0.762411097253416;0.7918009779075722
62;ratio.alpha.natif;0.43117903310431804;0.008579917260731365;0.4171844145935715;0.440188659157257
62;ratio.beta.natif;0.5660920376669433;0.008452127053840453;0.5602097399263062;0.5808917982491547
62;total.T3;645.7749781886763;26.322964980533044;614.6660657993139;676.8304015524502
62;total.beta.carotene;473.97949564682085;8.41193771143237;466.36583349052796;486.7482659138504
62;total.carotene;757.0052092423796;18.492063466169213;737.1480812817721;778.7121373251514
62;total.toco;827.9535283952907;54.46778131456069;736.5427824483253;865.1187486280874
62;total.trans.carotenes.natif;616.4172447345986;11.896476828911323;600.6723339546252;628.291540364678
62;trans.alpha.carotene;272.50400031980365;1.8344161399675065;269.6823478624064;274.2260905457387
62;trans.beta.carotene;342.3997497275665;7.794566006526006;332.64424931044266;348.41527096008366
63;C18.0;5.332780102741326;0.12806201442107407;5.158594570571421;5.465822285620621
63;C18.1n9;40.376511228241995;0.28350351693044873;40.02093204466014;40.68437386614854
63;C18.2;8.967527771966894;0.11265544838070757;8.828813248339124;9.121266629616917
63;FFA;12.639705662947858;0.21297786865508742;12.36038314392475;12.853669812570935
63;aT;168.8033177320654;21.05560346000361;144.1783930264359;198.10742746676965
63;aT3;189.538061903425;18.130029536903045;161.59556083663443;209.39305008690877
63;dT3;78.72870001621936;4.609752936315058;73.71068493587671;85.03749833322108
63;gT3;231.21828255583154;9.773805584385235;217.15221190918393;243.38340099766484
63;lycopene;8.577564582573498;1.4516489759489872;6.8357252497065035;10.252910527967927
63;ratio.alpha.beta;0.8140290704607634;0.021711927364120608;0.7948176477158923;0.8373998406866512
63;ratio.alpha.natif;0.4471773644656426;0.004633365594904539;0.4441872523519311;0.4553280363615038
63;ratio.beta.natif;0.551328662639319;0.008241442219644745;0.5370641659306329;0.5565047651759518
63;total.T3;591.4132986076845;72.97573862835908;500.8999725654118;696.093542279466
63;total.beta.carotene;819.8557420464974;11.554435664437603;804.6608545656908;834.8598123617114
63;total.carotene;1240.3015600008848;11.273215333997666;1222.056113926663;1249.8418895979155
63;total.toco;710.5858763494423;47.130989531764016;641.6695938335315;764.0444763973388
63;total.trans.carotenes.natif;974.4209813157007;12.824508139232885;957.7228110432122;986.5993477626017
63;trans.alpha.carotene;427.67266030614627;7.411893008539295;416.52716251774325;436.0584019093347
63;trans.beta.carotene;542.306536274208;7.718130427942383;533.8343086825788;554.1711293125649
64;C18.0;5.510903902616873;0.08814440976472561;5.433234886539196;5.659853804768009
64;C18.1n9;42.03958941673413;0.20105911355680656;41.785013709228025;42.28007352987333
64;C18.2;8.94571235982122;0.062135046976401924;8.871686826840678;9.02613068605646
64;FFA;19.61263223487799;0.2737574976016064;19.32383739594616;20.05222296095072
64;aT;199.25821345794378;54.05819488875922;124.11215193896695;262.7835518735906
64;aT3;191.31888201263365;18.43077625098994;169.9101458449544;211.15421366599324
64;dT3;96.89797331757131;4.124854087210181;89.56415346961558;99.35549242833858
64;gT3;228.39770001675447;14.827079450850567;209.43178835166373;248.7627380474455
64;lycopene;3.6448799925447837;1.0091769984570933;2.798829032981657;5.366357878416773
64;ratio.alpha.beta;0.8109527873970587;0.009504919724126691;0.7991055577800783;0.8234425166944993
64;ratio.alpha.natif;0.4486853143361456;0.0034575128609737184;0.4452484368810996;0.45336620582694775
64;ratio.beta.natif;0.5483238755580664;0.0019583603650862266;0.5465505652244181;0.5508175205214153
64;total.T3;528.7294262795724;54.02054470305933;472.52050155244257;591.6692475545868
64;total.beta.carotene;321.2699090748053;3.5584153475139395;317.8657761173386;326.65477497189625
64;total.carotene;502.29746195987053;8.943500542196944;491.5784146192758;514.9759666440153
64;total.toco;742.209372799182;78.68527112601612;604.8382743384399;792.7044230644537
64;total.trans.carotenes.natif;368.8369578586453;8.402171277390202;357.64055744510364;381.3355248098425
64;trans.alpha.carotene;177.64771600943624;1.2514497035682468;176.2728528935702;179.5695957471199
64;trans.beta.carotene;206.51510311656966;6.122147478475188;198.25854792017253;213.8877942092451
65;C18.0;5.661162791124272;0.13176952581513846;5.516094822469654;5.787419323602717
65;C18.1n9;41.20325015133335;0.1128137179506425;41.06194806227259;41.32637587521358
65;C18.2;9.019364253670567;0.16351952047208596;8.827233081769498;9.236164084014735
65;FFA;10.012466003781293;0.13117211563849412;9.843738251750096;10.150612340065914
65;aT;184.46531808000276;23.349587535710352;165.43425874096056;223.56995735543813
65;aT3;222.72412926500118;13.408110496668547;208.75440850202153;239.57106034613216
65;dT3;74.10988865931465;6.284485396053623;64.83245644338973;79.30004164474843
65;gT3;252.9668983362332;7.542902421871996;243.5243625809865;263.25768427269713
65;lycopene;13.16690527953204;0.5049980539526828;12.46188446550113;13.79035301053252
65;ratio.alpha.beta;0.7580303816159667;0.02465739182637203;0.7239693750770237;0.7901063520656915
65;ratio.alpha.natif;0.42776031238329393;0.012591588438997338;0.41145276163721933;0.4428748403684542
65;ratio.beta.natif;0.5678895662603962;0.010848879666191046;0.5538908863826076;0.5827544514876818
65;total.T3;555.0618411690714;29.47416843837524;519.9460928065624;597.9719228245125
65;total.beta.carotene;835.999919439508;22.17743360130832;809.8720237877211;865.7870271316228
65;total.carotene;1296.1394802377026;24.16576296629949;1275.9593752150158;1328.9669364374827
65;total.toco;679.3154725505732;55.30172156436423;621.4667876635125;767.5687445596719
65;total.trans.carotenes.natif;1053.1187534375806;35.600030882391664;1018.6799390751875;1101.1808482999168
65;trans.alpha.carotene;424.2638990334267;4.578377240636177;418.4582635270743;431.0630534222007
65;trans.beta.carotene;647.6765760920832;17.6537086291193;622.6805498392102;664.8349526234947
66;C18.0;6.246991194409938;0.14825523766525012;6.079220316614342;6.448322421595016
66;C18.1n9;46.52105260894508;0.24818520834715066;46.183633364002915;46.879217469242036
66;C18.2;8.515296356054769;0.19029064511407423;8.293822160380644;8.70118916104395
66;FFA;9.074095946252783;0.34830017854139356;8.517804113204248;9.430093109532098
66;aT;187.10688504050248;8.322539607051361;177.91052829999163;199.24259295193818
66;aT3;227.63451640058446;8.491425309694206;217.79632580548318;234.7391966551698
66;dT3;84.88450555512276;6.345857685143481;76.62824051015835;92.26645168657977
66;gT3;292.62317328728255;21.213619132811004;269.4327211358726;317.1012707070479
66;lycopene;12.870235496870174;0.6188384115603346;11.95563725977442;13.67688254567539
66;ratio.alpha.beta;0.7741792388261856;0.0182939648065897;0.7544118527611573;0.7938694713044298
66;ratio.alpha.natif;0.43681195673547607;0.006032813380247765;0.42778427877814246;0.4424224393082224
66;ratio.beta.natif;0.5620628372498404;0.00722706836235145;0.5560249201081334;0.571138887610449
66;total.T3;619.9868505134925;31.53211740006116;592.5074183402878;657.2093221901753
66;total.beta.carotene;877.3714484481227;9.202919017768767;868.6539128473217;889.273609206133
66;total.carotene;1358.5259912851593;17.66899805418919;1336.7299235568426;1375.278310640747
66;total.toco;779.973795509182;41.36525336927093;737.1112596697271;834.2624707668089
66;total.trans.carotenes.natif;1118.1722646150429;40.774916275269334;1084.7708781370354;1182.6016416317973
66;trans.alpha.carotene;438.35800457623264;5.562259554140318;429.2146349035868;443.4650246360936
66;trans.beta.carotene;688.9562130334658;17.977391274042834;666.1112601835272;712.2971863843655
67;C18.0;6.178558673159142;0.17100842608972794;5.930835625767031;6.354000105847343
67;C18.1n9;49.34178868165094;0.5559495835663137;48.65398797819385;49.926863581044046
67;C18.2;8.257768973215985;0.18432452492013218;8.051908091649798;8.519627730572422
67;FFA;31.591921581036495;0.3268173854798064;31.098957434420928;31.980892609645366
67;aT;128.08719135234207;3.9277334631585368;121.46382808877533;130.90144640540268
67;aT3;191.6449941672929;8.807758625247432;182.97062777922963;203.50094119813292
67;dT3;85.06605649407548;6.088708825225153;77.08514244746806;91.68060167958322
67;gT3;256.71390431757675;13.237114954673425;240.07781062345163;273.7248516518453
67;lycopene;8.856727827498997;0.7315705431116135;8.167800790249611;10.030836938779382
67;ratio.alpha.beta;0.8599572057661102;0.02426156047626136;0.8341460328985625;0.8953590192356097
67;ratio.alpha.natif;0.45865119681791244;0.011893564818925817;0.44200232236156384;0.47518294706694214
67;ratio.beta.natif;0.5367070123495155;0.011688348371018755;0.5208174211883349;0.5537362267974713
67;total.T3;508.1775685509867;46.31464011173808;476.50254753637927;589.114553483045
67;total.beta.carotene;696.4487158471577;7.730603640925265;689.779979953615;709.6081733691162
67;total.carotene;1199.309783400776;13.758407732178048;1181.5756845691653;1219.555712787121
67;total.toco;748.0780887234466;40.899775679818404;713.4784181919125;804.3366294730821
67;total.trans.carotenes.natif;932.4856615614832;17.076035453560376;903.1949470473602;947.1121097180003
67;trans.alpha.carotene;435.37996691495346;2.1455404306317356;432.9876447366766;438.16444540870623
67;trans.beta.carotene;499.14866805106686;5.593663139377159;490.54035291255246;503.4750948161468
68;C18.0;6.011743743114602;0.1554234622012476;5.844678438525464;6.207888124642556
68;C18.1n9;45.54461019667517;0.5654348685380478;44.74132965859434;46.11527724410303
68;C18.2;8.709079977112435;0.1723923744358804;8.489598705348731;8.91079556144592
68;FFA;9.517017715394383;0.7246312153809363;8.633911757767393;10.550895669439397
68;aT;164.58199446619375;12.1250472016642;147.0751173635628;176.81073969322154
68;aT3;252.7361417128221;14.266987808798023;236.38418787832944;272.5364708563717
68;dT3;96.59623965747328;3.365417795199236;92.8588295894558;101.24599407514644
68;gT3;290.43573174357;20.34241318186939;262.0403737858685;310.42909657261106
68;lycopene;18.591490374554773;0.7895388232345671;17.646871943716945;19.41694052985482
68;ratio.alpha.beta;0.789654988227628;0.01792318944045373;0.7703844843037964;0.8107723147130481
68;ratio.alpha.natif;0.4401765177018577;0.005917988920037689;0.4333058600121809;0.44640898333580775
68;ratio.beta.natif;0.561002592427756;0.005529268772138671;0.5517151509059016;0.5658088923635228
68;total.T3;625.7532916553121;46.917420005685614;562.2041244966496;665.5804103952647
68;total.beta.carotene;1402.5245520792287;13.078303449609017;1385.2826364253522;1417.0709419030788
68;total.carotene;2255.438995078227;8.907557437590942;2245.17783624625;2265.0407502768085
68;total.toco;830.6285312561722;54.85602131284006;755.7809307907119;897.3949271909494
68;total.trans.carotenes.natif;1829.6641748871048;15.144369495882401;1806.076621908297;1845.6175796568664
68;trans.alpha.carotene;741.7883981135292;9.051778492458308;727.7005483256164;751.0577838526157
68;trans.beta.carotene;994.9145842163625;14.73901897931569;978.701820948518;1018.4917190243674
69;C18.0;5.7114714825570045;0.10037349156975109;5.634072170664467;5.86396432606741
69;C18.1n9;41.3592215545067;0.5152038863151488;40.68025179300116;42.05953806499441
69;C18.2;8.989110148226729;0.12071577937451697;8.782410212878354;9.083935373712546
69;FFA;10.093966564492396;0.19432583973611542;9.808537328837339;10.304898550349225
69;aT;217.9245594829328;12.057715675205786;197.82560923753695;229.19042217007203
69;aT3;270.073516253044;18.554881938556985;244.23256430057657;290.8843850994366
69;dT3;95.83089383632519;5.1862087080641395;90.2669689292018;104.10443081739946
69;gT3;273.6802653437214;12.900616635281516;253.0795584280771;285.02395880163186
69;lycopene;15.35551575691269;0.5788673924643696;14.68755225644286;16.092503865675138
69;ratio.alpha.beta;0.7920658143408158;0.016870709246150747;0.7817771683470542;0.8220165723248168
69;ratio.alpha.natif;0.4383111801397709;0.006019271510140024;0.42854137357777944;0.44370270899247555
69;ratio.beta.natif;0.5590103220975664;0.006643036793050528;0.5539119428173924;0.5701503956746063
69;total.T3;598.6357073805501;37.16556051811139;554.3297077685811;647.966796624133
69;total.beta.carotene;1088.7905549075294;7.278701547539333;1084.7616607881102;1101.54873324706
69;total.carotene;2050.0093626525754;15.541636906052467;2027.2653412521238;2064.135459957517
69;total.toco;835.1494765111531;55.46342956377361;783.0859756737149;924.0285022582144
69;total.trans.carotenes.natif;1704.8996590833947;10.842130985168856;1691.9646473178075;1716.3748684703492
69;trans.alpha.carotene;687.4657999975683;10.922419145597999;670.5376527363982;699.9615329147533
69;trans.beta.carotene;948.5168208747679;8.366999108767198;938.2571673357256;957.0772047471423
70;C18.0;6.488400690965389;0.16780762338600316;6.26758691573511;6.646951101419702
70;C18.1n9;47.93160713703979;0.3997754873446459;47.53845655203108;48.51096425127489
70;C18.2;8.723906200266246;0.12016030643454935;8.6248054426002;8.924849295930398
70;FFA;8.574885236662038;0.18990343924589473;8.360770237451385;8.857530282755803
70;aT;136.61981312608967;15.76620475488617;114.87789639208368;155.10784973766016
70;aT3;190.04784824369875;13.674196594045087;172.96008932687164;207.3222517675774
70;dT3;80.21411846405756;1.3919990110931897;78.40022734834476;81.82455670036076
70;gT3;270.67903059386117;14.703582663843077;255.11292215521036;294.49844402843524
70;lycopene;10.373607462642642;0.4856254677946119;9.69854763815048;11.059901835304478
70;ratio.alpha.beta;0.6878847123924117;0.020932711536201524;0.6639671319490884;0.7199418473954061
70;ratio.alpha.natif;0.40642086344658895;0.004528458093536894;0.3998478169377956;0.4120775740322627
70;ratio.beta.natif;0.603085748769236;0.009086577117699824;0.5896541028079397;0.6147783642577298
70;total.T3;547.4724477389321;22.44692391632214;528.5144942250007;585.6004084403179
70;total.beta.carotene;763.8619867414706;8.552428952430422;754.0057240937028;772.6558818172912
70;total.carotene;1191.467954555774;6.309272998131601;1184.5340171425323;1201.3536225566634
70;total.toco;689.8456126886198;72.5907912282827;608.889997369983;779.7496938235494
70;total.trans.carotenes.natif;990.3848151113134;11.528901276119626;976.6768313643078;1007.7852123799925
70;trans.alpha.carotene;381.502137147476;7.4131927426600575;373.8347625357125;389.64960811781623
70;trans.beta.carotene;629.2112152123425;10.969833222988708;615.0141347693908;642.2385585329383
71;C18.0;6.31339481005567;0.0685605782871339;6.224584610774333;6.410686333123592
71;C18.1n9;48.562938380246614;0.23960447186946637;48.18712437666538;48.84503101512525
71;C18.2;8.93682015888006;0.1948709466779367;8.716157274211207;9.200875893076242
71;FFA;6.428766204006713;0.13145972635816522;6.264104870172865;6.622726010234361
71;aT;167.7030295325813;14.832591411186746;147.94241369053415;181.9121433847897
71;aT3;206.3368984025621;21.69517625908551;183.76881881103964;234.24997683429208
71;dT3;81.9987410900009;4.816162651017849;74.93336345528974;87.28419622896108
71;gT3;295.6344039101286;10.566737460719098;277.7332416502599;305.6461013851814
71;lycopene;8.316441037644626;1.0730890421875197;6.74491639706873;9.62648155787461
71;ratio.alpha.beta;0.7359797623479822;0.012041859003448388;0.7171782238846869;0.7464158149984012
71;ratio.alpha.natif;0.41137968895766236;0.005288080818355051;0.40425345866437684;0.4153729330136443
71;ratio.beta.natif;0.5908718348931405;0.0057822276611531765;0.5845647392431275;0.5989056326561022
71;total.T3;631.9216837348043;50.63286425039391;586.5328601100691;712.6182509290996
71;total.beta.carotene;720.3599691525296;17.532076834578927;703.4764568592698;747.5033827657794
71;total.carotene;1111.0594487318592;10.32127084181903;1101.547670923345;1124.0001764533297
71;total.toco;769.9755634935639;93.92326846334353;694.1301215214057;917.9763507362285
71;total.trans.carotenes.natif;892.5607707486193;25.773416180566763;870.224690091712;932.6169479696733
71;trans.alpha.carotene;382.0636869068205;3.0362161714092104;377.5571998224491;384.68901186686134
71;trans.beta.carotene;503.66987407839315;18.022019429250744;487.12392846915094;529.6855513611329
72;C18.0;5.683154712146084;0.07795622553362963;5.595868490585385;5.806221599917962
72;C18.1n9;41.97155064546597;0.20589885714284673;41.74144611402914;42.301051529079935
72;C18.2;9.66186251051566;0.19427918578291387;9.438537973436397;9.889646636848154
72;FFA;23.75874941875633;0.2810647302742331;23.395498079105735;24.168380739240774
72;aT;139.8424854369794;7.644978169160436;131.2227613834602;150.8358027187968
72;aT3;192.67180151971166;12.185307654490174;180.34137790738671;209.2140790003567
72;dT3;164.45791174470628;6.035964868245635;157.1939729835237;172.35507631685715
72;gT3;294.86614723766786;13.816715432548568;275.3055714815337;311.5458500640815
72;lycopene;5.974763266183617;2.4151245364786185;3.5295727711605234;9.81962567286649
72;ratio.alpha.beta;0.8646220892704963;0.019846359285073837;0.8442494945906107;0.8867287887998024
72;ratio.alpha.natif;0.4578355528946737;0.004518762350763268;0.45375217749638047;0.46435389995588006
72;ratio.beta.natif;0.5440317589617143;0.003702178615061472;0.5379852740735678;0.5472029732914799
72;total.T3;648.609616039093;15.51038495153264;626.6939077145898;666.9712499389674
72;total.beta.carotene;524.0641762701548;14.025982413156678;502.97812469799703;539.0895866633367
72;total.carotene;791.442474737858;23.903099689058024;758.8442695638219;814.729695988737
72;total.toco;797.5726352017674;23.143865945793067;777.1129883745857;828.1821305485752
72;total.trans.carotenes.natif;662.3532749854287;10.939334833121375;651.1582069080799;678.3047915047182
72;trans.alpha.carotene;290.77608516688156;5.291978931948938;285.46607671043597;298.35595462748415
72;trans.beta.carotene;371.7600055288433;8.512807317747962;358.4689926565592;379.4443142732444
74;C18.0;5.489379276623072;0.07686282887782869;5.415202930148053;5.604769749422825
74;C18.1n9;40.4732829197726;0.11248827646626147;40.273362255085;40.534400192146215
74;C18.2;10.054385002139176;0.06297175773199054;9.952019311017082;10.11137480376052
74;FFA;9.349744251512059;0.060510389475222505;9.27089630463862;9.431190549101368
74;aT;164.61609539846262;9.090195872708739;154.30086643637333;173.7350619933632
74;aT3;212.72257389270914;13.214707278307252;189.64174919783966;222.45813522280582
74;dT3;157.0011067829005;14.055807451306105;142.69339591648972;175.4827652013005
74;gT3;303.77828043306937;23.401205132314168;286.0994079843767;341.06420870523874
74;lycopene;4.09120567992179;2.958237925691278;1.7393469311581347;8.178820518088118
74;ratio.alpha.beta;0.8343010261339561;0.016661642530368493;0.8123419432067555;0.8537098975571048
74;ratio.alpha.natif;0.448633208394591;0.0022461756165276735;0.44620575081731007;0.4513436223087575
74;ratio.beta.natif;0.5484088243184585;0.0038107907504241166;0.5427631150917399;0.553130858952211
74;total.T3;698.7550578622519;45.44582704270158;650.5202345545576;767.9062271879209
74;total.beta.carotene;327.60227370259;7.088312385114908;320.2426340069787;338.9492765253748
74;total.carotene;562.6796273396494;9.21189659071302;552.5914508080398;574.181751261634
74;total.toco;861.5822818880961;49.398164615905166;786.317842739374;924.5415098986839
74;total.trans.carotenes.natif;497.016881646201;12.516703746623921;484.55408542058484;517.7469530659836
74;trans.alpha.carotene;223.07963024325628;5.318540970094749;216.61615889894975;227.7748738805158
74;trans.beta.carotene;266.89155397870593;10.223762992374336;255.01388397496777;279.5337091173167
75;C18.0;5.51368052487568;0.11152922388376685;5.368212422384899;5.673125173290723
75;C18.1n9;41.09296345253087;0.2793621654757701;40.69812150689538;41.483442506311405
75;C18.2;10.050782667294897;0.135416586809018;9.898828046234705;10.203092511952976
75;FFA;9.290989563787145;0.12536443003673417;9.073259737340008;9.366343261563573
75;aT;162.79329483099326;7.014956735555829;156.03409965967478;172.89240242677525
75;aT3;212.82670310162294;10.940547341268253;199.55391709386038;228.1503426088693
75;dT3;154.31812964363002;4.9758995293884265;148.7778981847026;162.21087473191923
75;gT3;284.5741125236054;19.533611351310277;267.77378240062563;316.05449624744233
75;lycopene;3.925536654639668;2.071139796212805;1.6139831715291117;6.8052460311287115
75;ratio.alpha.beta;0.8457549434059761;0.024212710790126064;0.8119440382312745;0.8715232119189581
75;ratio.alpha.natif;0.4490116894259213;0.009105539645470789;0.43730350442689975;0.45864991560936197
75;ratio.beta.natif;0.5452833056292374;0.009610682649684971;0.5332028085763489;0.5580030116114806
75;total.T3;656.2439831097379;29.886058376278164;627.8524317811326;704.0191697569109
75;total.beta.carotene;359.06538366760594;4.690741935768788;350.9070049775081;362.4085901109796
75;total.carotene;587.8767966196874;12.524228746248516;568.0256954951094;601.1251060728673
75;total.toco;846.2478713301138;29.465626378235267;807.5436852832348;881.4029143207524
75;total.trans.carotenes.natif;523.7949369256603;17.785602382205838;500.6348541902014;545.5395111948686
75;trans.alpha.carotene;230.25839441613388;4.959051710968147;224.13262374317864;236.34022300271877
75;trans.beta.carotene;279.07879917291336;8.461195345622633;267.8468876150833;289.99904797440445
76;C18.0;5.7259243332369305;0.3539374286201794;5.406356704626105;6.130145740731015
76;C18.1n9;42.67564498429469;0.8983375912887307;41.9392315990365;43.72890403106119
76;C18.2;9.060902727764605;0.42383412073689797;8.77553975970605;9.81024985994919
76;FFA;15.881480340803947;0.34166382534253925;15.622520771197776;16.47971921413016
76;aT;156.15700825875558;33.05624290366523;129.09961941389497;206.09427385825708
76;aT3;186.36209231281583;25.683779590528058;166.81382671495444;230.87278216561714
76;dT3;119.87832365409656;18.611793213702413;101.60180829823047;149.34789773158093
76;gT3;290.51071746374095;7.034200546085353;280.0099930034016;297.771396627136
76;lycopene;6.56203387681623;1.7163395143750186;3.9954250213909206;8.471760133162007
76;ratio.alpha.beta;0.8488861316483298;0.048176212746148604;0.7756133552696687;0.895630028154239
76;ratio.alpha.natif;0.4524047194249207;0.019289079313580523;0.41964295833217513;0.4664107292672957
76;ratio.beta.natif;0.5458073746124347;0.02047945206982493;0.53144092441488;0.5787450400055928
76;total.T3;591.0672624305429;19.513289115638944;561.333473653833;609.5503078366974
76;total.beta.carotene;494.4052874789888;36.48810907051188;468.5963475367642;556.232027001907
76;total.carotene;802.937861751212;45.390833801640234;745.835974872136;872.4390449832064
76;total.toco;695.4091668925728;79.74889026730212;620.3510487448893;830.7703762695841
76;total.trans.carotenes.natif;633.8720031238907;47.46925066832154;582.9469389661296;706.963794482217
76;trans.alpha.carotene;280.09661660858893;35.26396436561161;255.2959370573566;335.1275119189696
76;trans.beta.carotene;348.48120863866285;33.737771348438315;316.59362767118296;404.4267811438593
77;C18.0;5.26551249555165;0.11470084283242303;5.119168388518689;5.4382699380653365
77;C18.1n9;43.14098841663035;0.22287132892660835;42.98464282606009;43.523343885228215
77;C18.2;9.304085737928864;0.1358760406127527;9.116613763488884;9.465469510523292
77;FFA;9.524968533612029;0.2990711673459656;9.012061045476543;9.750490305441444
77;aT;167.5753151624393;15.439340581734083;149.5198733949644;182.1963515731663
77;aT3;193.12662322413954;5.195304588730767;186.85642757506113;200.56100182508928
77;dT3;151.16540255181684;8.05227092827939;143.90787517603255;161.58996597571848
77;gT3;287.3784394843923;11.5497926434989;272.7512728736185;304.8625139068119
77;lycopene;6.2564936446372625;2.897859092841203;4.759540906167484;11.43359093874894
77;ratio.alpha.beta;0.8334154126514811;0.010688759196936693;0.8204356399125462;0.8440454093418147
77;ratio.alpha.natif;0.4525926959861445;0.004177475704169368;0.44557131549338946;0.45671636476648464
77;ratio.beta.natif;0.5476222487406732;0.005924345837366899;0.5434451314927589;0.5569899214126797
77;total.T3;693.542434834342;62.924838078671435;635.5230948707986;800.1284305256122
77;total.beta.carotene;685.1157182637553;39.93824356882455;621.8593957680414;718.304932762098
77;total.carotene;1053.9795486293572;23.138665080138882;1013.9949639854796;1070.0613051394619
77;total.toco;858.0293805632721;51.98089653672913;805.150503868195;916.2584692073957
77;total.trans.carotenes.natif;818.6331481850544;26.220281352957837;786.3166560276353;842.5212940053649
77;trans.alpha.carotene;388.0471698936609;5.8348302433534585;378.35355703139135;393.48855988327773
77;trans.beta.carotene;462.16114623332425;19.343399502159052;432.1461427178806;478.38535202528294
78;C18.0;5.384207778472172;0.08352085279966501;5.238237593208373;5.445718072966387
78;C18.1n9;40.90815581165366;0.18768136072295688;40.70958871397182;41.086709380108466
78;C18.2;9.220370411304378;0.026420832142985795;9.196116340204934;9.251119246941538
78;FFA;23.84367175890727;0.20236326166250043;23.642241478565076;24.114046316812964
78;aT;160.9169606770503;10.90504187979233;149.35357683061255;174.20161566612128
78;aT3;203.90513830281287;20.28409703784301;183.51445902078973;236.44011154134844
78;dT3;149.51055700084012;8.352704824771914;135.4897939978941;156.26895390080503
78;gT3;282.7585092873613;18.376968054034098;254.47120363654466;297.08389939828174
78;lycopene;4.766596323690215;0.6672834940642199;3.9479220980821244;5.438046890856285
78;ratio.alpha.beta;0.892291483909637;0.016656754030424808;0.8778541292642673;0.9210186181055061
78;ratio.alpha.natif;0.46579511674880064;0.008654181920402387;0.45494600626884846;0.4788282591133743
78;ratio.beta.natif;0.5317659920476953;0.007827542360620186;0.5191949629072475;0.5388920614809001
78;total.T3;662.9731824292336;60.98497721232277;602.5814499066942;743.6436131521484
78;total.beta.carotene;482.9773226352639;4.128742182976391;479.08161657130086;489.81545715020343
78;total.carotene;831.4590419731605;48.39542073362504;768.5569559380366;889.5907819899321
78;total.toco;814.3787557108473;61.52308923296854;737.3822072808803;909.1761902689942
78;total.trans.carotenes.natif;665.193905652138;33.895454541670404;629.1333954438373;705.2732278536957
78;trans.alpha.carotene;313.5422071003204;4.4450840077001335;307.963832093872;320.159110264136
78;trans.beta.carotene;357.5808928021213;24.029807833926114;331.3258042428105;387.88626535194186
79;C18.0;5.657314875871576;0.06775753661903058;5.601167798691956;5.74270685129293
79;C18.1n9;42.01345956352187;0.2705200603028635;41.5724750016939;42.28832471571634
79;C18.2;9.28869569490187;0.098545016857676;9.119797647779325;9.358941601262714
79;FFA;5.874337821439382;0.11165914905120544;5.732868919248708;6.028299787784325
79;aT;166.51523681687496;11.082597320182241;156.15480425733932;184.4719976553679
79;aT3;211.42080622179992;5.266852705291189;206.47067800013016;219.4635469126633
79;dT3;133.88714497001817;9.505929664904151;124.808330764471;146.07883336531808
79;gT3;318.02893431200994;17.023848908720698;288.63802932691385;331.4457233761681
79;lycopene;5.013514371249956;1.3381930943812392;3.493619076485361;6.850969601208319
79;ratio.alpha.beta;0.7036842816690588;0.016288590460458573;0.6772438848134077;0.7197778199403361
79;ratio.alpha.natif;0.39823188471137005;0.0039057772912868918;0.39308241457403287;0.4029503125157744
79;ratio.beta.natif;0.6029097915361212;0.006604044713110167;0.5973688394653021;0.6134533275537644
79;total.T3;641.3716137413912;54.48228295768361;563.049678083073;697.9932225274767
79;total.beta.carotene;504.37919398731174;20.58682082043895;471.6717965502931;528.8136983195458
79;total.carotene;769.9913546142045;21.492483995326484;743.5125528254576;795.416763509218
79;total.toco;731.4487486042738;44.67469170519098;690.4531739325367;806.1276106787556
79;total.trans.carotenes.natif;635.7797546338818;10.395301283641261;621.5472141764992;650.6930198132503
79;trans.alpha.carotene;275.0531856336203;7.692222309154726;262.86639949837536;281.84181227152277
79;trans.beta.carotene;355.3252080086011;11.351890023587808;339.9785028448211;365.81905964322635
80;C18.0;5.480124631866585;0.20847786296137544;5.273797832417745;5.721079989307071
80;C18.1n9;43.769404627287074;0.09910719502666615;43.61144578885202;43.87818723929396
80;C18.2;9.09279604952827;0.0887940189885515;8.987954124284403;9.195265238135464
80;FFA;26.992713777921267;0.2639229862864059;26.61880556337367;27.34095038426926
80;aT;278.9243069389805;25.914957801763798;245.4021894628375;305.9304453236296
80;aT3;221.72333838628919;8.64994403806002;213.81069768555892;235.14022725971503
80;dT3;118.32759333172558;5.4166435845683845;113.60925644980065;127.27917058330577
80;gT3;311.77512536180205;22.054460457091686;280.0961895283693;342.18700939829347
80;lycopene;7.406652350703456;1.2540559196234098;5.97569125034782;8.73628911759785
80;ratio.alpha.beta;0.8059529245364134;0.01676707969255332;0.7760508561938667;0.8148252516530928
80;ratio.alpha.natif;0.4503923195629162;0.005275105519511606;0.44410895071515016;0.45795472213171934
80;ratio.beta.natif;0.5541755236712224;0.006663006972303818;0.5450781465396097;0.5609301578558682
80;total.T3;672.7295555518386;60.864605250792046;594.5095947819748;746.3494911234022
80;total.beta.carotene;795.0512972326521;11.221425309027072;777.8902021767733;804.153617066166
80;total.carotene;1179.7086045429855;20.435106476095896;1158.6217392276271;1202.3164370936663
80;total.toco;1055.9553267551553;89.48081687803288;936.3764285574532;1131.7548057624397
80;total.trans.carotenes.natif;921.3722274653501;17.483074338936063;897.9982434407792;939.1404954903472
80;trans.alpha.carotene;396.1117050544424;4.078139937019809;390.4161726910534;401.63296811657546
80;trans.beta.carotene;523.5608230018156;10.218048345353592;512.4986570982697;537.9405688153589
81;C18.0;5.360247822120335;0.12488954675419757;5.17113453899292;5.45706937845089
81;C18.1n9;42.361255570934624;0.1988970421598526;42.045739059992826;42.575706089488676
81;C18.2;9.466256198032461;0.11071276445396426;9.286173779088207;9.554818699700691
81;FFA;15.034074054603892;0.37818465727707506;14.557722786253837;15.582318569521021
81;aT;144.4316248268342;7.454895702774772;135.4596628095307;155.69075140994545
81;aT3;188.35002968919218;12.558174445636494;176.47722283649819;208.90999263618454
81;dT3;139.37485933884773;12.90557145585649;120.78601652593755;156.72843625308371
81;gT3;295.79020978635697;25.501183027455667;259.0456163981778;327.10784186336673
81;lycopene;3.9203855534817316;1.2616438599703892;2.2530436572587518;5.214057246649982
81;ratio.alpha.beta;0.8741800142444133;0.016351187052639826;0.8520929051873612;0.893853144901851
81;ratio.alpha.natif;0.46998546945196223;0.006584334184846783;0.46461738037344646;0.4788701424439002
81;ratio.beta.natif;0.5263875707048775;0.0033590256819755805;0.5228005703151279;0.5308251908104715
81;total.T3;641.3191666306432;47.98192903892166;567.3841096310814;685.9511364600446
81;total.beta.carotene;476.4455525421612;15.661834747472044;452.16346613322196;490.9269273740126
81;total.carotene;792.929528099754;22.12483778046396;775.6184554462928;825.5992078040877
81;total.toco;757.1203610970085;66.74085805022739;683.6357965786597;844.9350591885014
81;total.trans.carotenes.natif;662.3717914245856;18.838005864789828;643.2584446554979;687.9556624658521
81;trans.alpha.carotene;305.7168476447988;2.5789276370354064;302.3667175438274;308.5424808317881
81;trans.beta.carotene;364.1884070549754;11.17776074907852;354.6671284717647;383.42738071027526
82;C18.0;5.3624539348401745;0.06771565037399555;5.247302303054922;5.426031736959092
82;C18.1n9;41.83360919002828;0.5155058303293877;41.448084573629096;42.70544073218982
82;C18.2;9.129405328625399;0.06519886808482649;9.047778091640284;9.208178780833572
82;FFA;24.44663915955455;0.14814890657940474;24.27165855913112;24.6761028302243
82;aT;136.0430006037219;8.240851868664429;121.91561041556828;142.56497072356197
82;aT3;177.24708022902692;16.18223936881866;156.4591288883713;200.12247392445465
82;dT3;139.381164204325;5.8943385740525684;133.27118617732222;146.29634566304057
82;gT3;299.24826937120343;34.48350774447418;268.29735015188874;349.82539892612414
82;lycopene;7.684363983089836;1.8151492625956454;4.985589246469941;9.701294727934249
82;ratio.alpha.beta;0.9235512925176057;0.011268610582959977;0.9077337253557036;0.9352926154887267
82;ratio.alpha.natif;0.4775958489650769;0.00417748432616512;0.47215593613043;0.48293945816535444
82;ratio.beta.natif;0.52395221113568;0.0077302035693417835;0.5166176914386621;0.5350955417936872
82;total.T3;651.9015587323754;85.7172790630154;579.4658956754406;747.365271981372
82;total.beta.carotene;570.8184966387796;25.1291787623728;534.686776942707;593.6048724076946
82;total.carotene;917.0304263332666;26.519347653877386;879.5967721053174;939.2392060620969
82;total.toco;673.0546556830983;36.5799373917845;637.8480775575398;733.7335198748591
82;total.trans.carotenes.natif;719.7647183926786;30.809391055018136;672.0484246493841;747.7038973820768
82;trans.alpha.carotene;362.01371071897614;10.971664284254908;342.87383937484367;369.03112579172927
82;trans.beta.carotene;393.7818505079548;18.16594603315499;364.357602532615;413.1045158389247
83;C18.0;5.38466595764062;0.06630792075668131;5.285979766868511;5.442905057392171
83;C18.1n9;43.343967334480865;0.21596587491753966;43.11706762636438;43.60600463822332
83;C18.2;9.27711828887426;0.12718818266274753;9.064055575653684;9.395366692226633
83;FFA;17.47403652619082;0.2551710255713012;17.26680333119758;17.893306330428324
83;aT;154.5845342867187;11.912691780514319;139.75313583405105;167.6513170317484
83;aT3;228.41394998742376;18.250288662039257;215.76154590737139;257.3489997853408
83;dT3;135.91707884733532;12.973270346895301;125.47258366525595;155.61298925690292
83;gT3;322.2580292321777;45.13810878478941;280.18354176978625;386.92609674593626
83;lycopene;5.361281782463798;1.1524805151775714;4.239565022231638;6.987860341281913
83;ratio.alpha.beta;0.9071873322163675;0.04149624674120625;0.851787317150089;0.9583847372212676
83;ratio.alpha.natif;0.47140576448363847;0.010386990377822748;0.45713388587660014;0.4861991568027976
83;ratio.beta.natif;0.5215944694838714;0.01883164167257068;0.4945405804353109;0.5459877614478844
83;total.T3;694.9098711688162;25.50673672797411;657.284739846717;726.7834966948907
83;total.beta.carotene;580.609385574965;4.179881852482169;575.9509265509437;585.3240889585671
83;total.carotene;1006.616110995011;33.49260285477822;950.1173434347997;1038.8544440571375
83;total.toco;757.7285829290076;31.001728032691442;713.8425347338615;788.2375342716978
83;total.trans.carotenes.natif;824.5380501887837;13.264621730753062;809.5785324899485;838.805865587187
83;trans.alpha.carotene;420.29552027051113;14.281575608187918;395.17197903578517;430.6062822501628
83;trans.beta.carotene;423.46869296548493;14.30106518260784;398.2549395223621;433.64960982022643
84;C18.0;5.29141788625518;0.12819381037642727;5.171824609532057;5.474069824060432
84;C18.1n9;41.374057898796224;0.236342195827003;41.20305808387092;41.78846846080049
84;C18.2;9.80026600029954;0.013801624695723134;9.779544092164782;9.815416069752114
84;FFA;14.52540512037391;0.2843391199893786;14.192806352897508;14.865446841515944
84;aT;196.86873714526686;7.899335584279547;182.90940916682626;202.4605620261395
84;aT3;274.2640266744307;15.756725484261441;253.77808062055206;294.0845846748086
84;dT3;139.74187845936515;12.8152370378338;119.85624532677917;152.69715036569022
84;gT3;358.81068085822506;43.02879215440123;300.10633630845126;410.1723666410052
84;lycopene;7.554504119897435;1.0850010973474755;6.026517359091742;8.700973760249784
84;ratio.alpha.beta;0.8852093142927231;0.01764238942298453;0.8639628606128521;0.9072232393193955
84;ratio.alpha.natif;0.46577415595540916;0.007614339017655538;0.4557648903960875;0.47364976774066625
84;ratio.beta.natif;0.5324111529739278;0.005796657799957766;0.5246341950512317;0.5395716587891223
84;total.T3;740.2692336645933;48.19844101900595;690.6201627919647;803.9049284548418
84;total.beta.carotene;779.9985043224513;15.14432831459896;763.1158880715194;800.2026083965117
84;total.carotene;1288.3192930403416;13.546463238024488;1274.594402471366;1309.4423056255996
84;total.toco;924.3067644076898;38.01520103776574;881.2850156896711;978.7492534192083
84;total.trans.carotenes.natif;1035.9943816435093;17.904657043231243;1019.622222564971;1063.4222158452021
84;trans.alpha.carotene;494.8263050903035;5.95838953660689;487.8223260538333;502.703210730631
84;trans.beta.carotene;560.5784340120168;11.055361053111522;545.8883551426574;572.7185862467642
85;C18.0;5.4965524471167235;0.13636388353370918;5.347526351722647;5.628138182246206
85;C18.1n9;41.58181103924138;0.267281834490906;41.29702749718033;41.83762919770915
85;C18.2;9.242217001157304;0.07196917241865966;9.186565045641784;9.361845764500712
85;FFA;11.95372865951555;0.14713838556546407;11.737564444938737;12.142536067793266
85;aT;171.53226759059345;14.265591292564258;158.24147105509763;194.71207335546896
85;aT3;244.10267877119367;8.74614669750788;234.63815160076334;256.2467719099324
85;dT3;134.90839384426323;7.288800015234263;127.10844398955656;143.0260739557545
85;gT3;327.6851454010087;22.5267229829294;298.02411811507153;360.51329154177296
85;lycopene;3.602949632282452;0.5872982511343163;2.7503807084021963;4.292553952511776
85;ratio.alpha.beta;0.8921082348203454;0.03676857863693141;0.8438935420922785;0.9226564071210894
85;ratio.alpha.natif;0.4722472881976859;0.01279572713483783;0.4566155842356462;0.48554595656542354
85;ratio.beta.natif;0.5245274814098314;0.017595136762933634;0.5034731273543017;0.5475026172928691
85;total.T3;739.15816255156;38.40381193938769;710.1076663363813;803.2210163421466
85;total.beta.carotene;541.6595003771872;4.311255924245463;534.4072205191108;545.0324883944236
85;total.carotene;887.8332922277374;25.77169857787069;857.0747893624006;916.4337572471514
85;total.toco;840.6380425640169;44.626332766502706;783.8171082031496;908.9838064941895
85;total.trans.carotenes.natif;733.6256882143311;17.113447469701672;711.549812147858;756.8215512799957
85;trans.alpha.carotene;319.716131124958;6.400037533795318;312.7247612678391;326.2307080897128
85;trans.beta.carotene;388.14378287055433;12.399664498328919;369.08527810807243;399.4819711186684
86;C18.0;5.623255639206606;0.05783036637592369;5.559114879009666;5.680583003909594
86;C18.1n9;43.1508874078744;0.3473370826460217;42.59595247026968;43.49649443458034
86;C18.2;9.587170101836382;0.07999636984435221;9.48502827630664;9.659479482365269
86;FFA;13.77506423374891;0.1463138791780975;13.614667498757829;13.969495178578518
86;aT;154.363588403846;8.674812632054989;147.3303314917568;166.42009516027798
86;aT3;248.93332205637452;7.8532346572842675;241.54158859111223;258.57118259692373
86;dT3;135.6377635790685;6.954508328377604;125.39375800123315;144.81712352376624
86;gT3;357.2758974554454;68.0544837496107;267.877386464845;431.4008455521456
86;lycopene;5.475421256389152;2.093232426226678;3.3013137428774346;7.974974064896476
86;ratio.alpha.beta;0.8353539879739736;0.01588533563698465;0.8161008240302694;0.8511177473908091
86;ratio.alpha.natif;0.44594573185418396;0.007190373200746778;0.43673977629921723;0.4554066537074913
86;ratio.beta.natif;0.5546152522929519;0.00514644260420354;0.5485054327858954;0.5623838089772262
86;total.T3;759.1877880243247;60.90758146701965;673.9889436800127;836.8220923653977
86;total.beta.carotene;504.4593337995585;15.658246397683271;479.01711172557293;520.7752139979658
86;total.carotene;813.9901518333771;25.26748910070677;783.5344798634801;845.0921948827887
86;total.toco;866.037138965388;27.045510039453582;844.2487285785697;911.4482247428512
86;total.trans.carotenes.natif;681.9651324938952;27.8924729418165;645.0530437672778;714.36170534045
86;trans.alpha.carotene;298.0992567732809;4.079197904822587;292.2204011850193;302.39292882969835
86;trans.beta.carotene;391.39738099664163;11.269928339255049;377.13775476846666;406.1794409673192
88;C18.0;5.584220344555435;0.04453750426322874;5.513022115059602;5.630548413665446
88;C18.1n9;44.23052647855128;0.10205455054854877;44.138674707342254;44.340467648754405
88;C18.2;9.527226785211102;0.10335196013052078;9.39322334190957;9.656280628748645
88;FFA;9.191815835561703;0.41049998668038107;8.759332355880733;9.836474219290777
88;aT;180.21686102160135;19.98159929416975;161.9845729338995;213.28935214028843
88;aT3;216.03471150790148;8.66612806253753;202.46831520280784;226.03738715755534
88;dT3;140.2103896909033;7.31536402822491;131.7472247045853;146.86366044025038
88;gT3;316.3352684108083;40.65640915033123;272.10252202730624;364.0301082915585
88;lycopene;5.155048351626235;1.9964513946880862;3.339418383287018;7.908307426862629
88;ratio.alpha.beta;0.7869413106173689;0.036440209889438364;0.7449052793564925;0.8258545017962868
88;ratio.alpha.natif;0.43065606420253;0.012299849060247023;0.4154293582495588;0.4469385450480549
88;ratio.beta.natif;0.5674681413734649;0.013022945323350335;0.5512363697714491;0.5839852626293014
88;total.T3;721.7194136633834;26.23125990693545;684.7802714622293;744.5611764556006
88;total.beta.carotene;422.1133724895394;14.475857382722024;403.72179209789823;442.0696177451448
88;total.carotene;666.7901208909689;28.443520477489635;640.83854711834;702.0804006907132
88;total.toco;847.3800646804988;102.71415592035372;707.0792715433253;969.2086042658036
88;total.trans.carotenes.natif;535.0737141982765;26.84397622043488;510.74432070122856;570.2140766210395
88;trans.alpha.carotene;238.94442980469498;2.1717787830286617;236.29277931498646;241.82834929837838
88;trans.beta.carotene;307.61654540998046;15.150502188333677;293.3628458233143;327.14948935853175
89;C18.0;5.3411221997916885;0.07464225848379508;5.2785622729356465;5.448036284342021
89;C18.1n9;40.708635032118266;0.15790634238111628;40.572085041611;40.96779980169998
89;C18.2;9.332816197401758;0.11812357547382352;9.218153629491907;9.528877945198747
89;FFA;14.047660312734985;0.0640002780739131;13.958459475618051;14.137702330005059
89;aT;125.3321012983062;10.591452953378964;116.72241028116929;142.68622332405317
89;aT3;241.8280359894568;19.775591188607837;219.39720989049428;269.0117169883681
89;dT3;141.55588626499042;11.777982648637886;127.97622931684683;158.00297074807847
89;gT3;287.17789490906205;19.15696509350555;254.61448025218917;301.7880462581552
89;lycopene;8.63570006516609;1.5916918655369852;7.511821024399901;11.39282122109951
89;ratio.alpha.beta;0.7809993608238976;0.020074436750406006;0.7505728782868046;0.8064577941793142
89;ratio.alpha.natif;0.44341603899196746;0.008804913125987987;0.42946359865852674;0.45347468829185367
89;ratio.beta.natif;0.554456301223517;0.010396548194349342;0.5428939481070278;0.5709290815874004
89;total.T3;730.3694705662804;31.851087673477718;679.2372401316125;767.0075021111145
89;total.beta.carotene;576.4161335263191;7.412974720757842;567.6421730459301;587.0470048310613
89;total.carotene;888.6693167295776;25.956418306784993;855.213906734687;921.1190453935011
89;total.toco;865.8144462171925;64.4899569551505;785.6632837000038;965.9003951774486
89;total.trans.carotenes.natif;679.3776126613409;23.396051651377526;649.5365576604139;710.2326922164428
89;trans.alpha.carotene;323.6422700795295;6.570080424952605;317.18282223894215;331.93951930539333
89;trans.beta.carotene;394.06327606502356;14.592691478349135;374.8139315329495;410.16073762187864
90;C18.0;5.4712679834691595;0.10467426495850628;5.32912413783712;5.618000170726669
90;C18.1n9;43.039611829654156;0.11011253907232803;42.88980281191447;43.16587354858364
90;C18.2;9.597139098956633;0.0814919413657628;9.499913905838033;9.722591893677212
90;FFA;18.435304874162934;0.15069449707087337;18.282015585661103;18.678167281511755
90;aT;181.77252666122763;14.422984460568282;164.2492502267684;198.66898631234744
90;aT3;249.05770761514518;9.644959981355306;234.8293814605954;258.1170026456834
90;dT3;134.9920434024844;15.946552438170738;119.69185420216073;155.9885329130602
90;gT3;325.81015102047536;48.47580070844516;266.02502342541595;395.9875420309704
90;lycopene;5.0002618983299225;1.3895650355692342;3.0672994590855653;6.929092215635064
90;ratio.alpha.beta;0.8050067692752005;0.018869159613879617;0.7759112547834978;0.8273900160990718
90;ratio.alpha.natif;0.4412979756081947;0.008134032374609683;0.4328578058899088;0.4523458445040326
90;ratio.beta.natif;0.552225937293942;0.007120243919875413;0.5469401141225307;0.5642457434010035
90;total.T3;760.5750622643648;30.971901398930356;715.3859556212536;797.6964329992169
90;total.beta.carotene;614.3753401119025;45.25067651176958;565.2276003571143;685.8608855886704
90;total.carotene;1009.0368285622383;15.939505450233286;996.9102738337896;1034.4811614584232
90;total.toco;961.0922874422;82.78737044051667;897.372155078566;1100.2073514060755
90;total.trans.carotenes.natif;838.2556193907124;21.810176869165726;816.4188445750326;873.4769970735834
90;trans.alpha.carotene;328.9145131297017;9.790458765902516;319.1478410490532;345.1608883360895
90;trans.beta.carotene;505.7664383422842;12.948770182440896;495.34378194559076;527.4115890715603
91;C18.0;5.974689412240763;0.10694270602725105;5.799895398424278;6.0567467922258444
91;C18.1n9;41.70814305681481;0.3159882969420649;41.43463350351567;42.09466446793353
91;C18.2;11.079117062462064;0.33599070605673653;10.555186040265529;11.31958575898792
91;FFA;6.39177850021262;0.1333662602727281;6.177021387956829;6.515609469281471
91;aT;223.31878771069097;16.069854635932096;202.06935446515647;242.0139334097556
91;aT3;254.17489859339358;14.186054692236128;237.85676357233248;269.72248316905376
91;dT3;147.835933471635;10.328965674105794;135.26915361594266;162.0687084369421
91;gT3;387.24228980040465;58.4575604936381;323.6454291332651;474.366519658947
91;lycopene;11.555594850069465;0.7964151289791429;10.216695616630075;12.176052089537938
91;ratio.alpha.beta;0.6149545238724674;0.002256201380616194;0.6116654120548038;0.6178867150491846
91;ratio.alpha.natif;0.3710988472176598;0.00348364889335585;0.3665683835998698;0.3753211886200329
91;ratio.beta.natif;0.6269520327552195;0.006724268714617882;0.6218676969078123;0.6385695554921155
91;total.T3;941.099196873409;28.120892976245482;904.8278225827328;978.96377066389
91;total.beta.carotene;845.0043014617746;6.644781966876722;835.843034215866;852.3379794178181
91;total.carotene;1205.1811636699765;16.403668291094856;1183.3460687963832;1225.370313815981
91;total.toco;1141.4121124140122;48.676502015427054;1078.8608305938149;1199.7648589523585
91;total.trans.carotenes.natif;980.4881985295942;12.579091898316184;966.6755569617749;999.3476294269027
91;trans.alpha.carotene;375.81792261324773;4.09394534061094;370.3186751129098;381.7970331828855
91;trans.beta.carotene;576.5368756570676;15.04799466986977;559.1978681165405;592.3164345788678
92;C18.0;5.718275044940404;0.12291812417401621;5.523573329988766;5.829864246051137
92;C18.1n9;44.25982429820175;0.1896875559176145;43.96248466440661;44.43767366018785
92;C18.2;10.809634335321478;0.09293436169562787;10.710066702356956;10.906042189129161
92;FFA;19.11646177912611;0.3401079026428502;18.640395395707472;19.497988064028444
92;aT;217.4965090427508;22.997290441384568;188.16531214997428;242.655900260002
92;aT3;208.8184443157429;13.33609665577884;188.41969204793125;218.19832441767562
92;dT3;144.38298275612505;8.720215518237609;133.96508024402172;156.06624670906072
92;gT3;310.70893395304165;16.810912067057068;285.8130496381004;325.33725200990835
92;lycopene;7.994903453987556;0.4923628204052863;7.329937906436318;8.573173886656294
92;ratio.alpha.beta;0.7439776325519263;0.010458739887199283;0.7317284235443148;0.7573039225842235
92;ratio.alpha.natif;0.4265926423834151;0.004514971009168184;0.42284534863573514;0.43327838636373134
92;ratio.beta.natif;0.5720922205906052;0.004096120285374861;0.5660308869473338;0.5773260503657226
92;total.T3;682.8739852390186;36.01481093819696;645.3866850261063;739.4087324968522
92;total.beta.carotene;816.5324621541421;24.947734946924864;790.5135694286909;847.6733638766541
92;total.carotene;1257.3505198442865;9.838188171185836;1241.6125632720216;1266.9533265362516
92;total.toco;894.6402559810198;38.860740853146396;831.4374969955809;937.6397655060216
92;total.trans.carotenes.natif;1026.8367989330495;11.025665746993964;1014.7668963829677;1040.5840148460632
92;trans.alpha.carotene;427.5732913101445;4.454485525985596;421.9893092274198;433.51111916363544
92;trans.beta.carotene;598.6148602838948;4.252064069234092;592.7413047157047;603.506334469132
93;C18.0;5.562549272729856;0.0620176774812239;5.468139346062489;5.617109572756489
93;C18.1n9;40.3665253528426;0.1351161063677564;40.18292375079524;40.5064420157745
93;C18.2;9.963839724267439;0.1295918399470268;9.782365063207624;10.110985012904921
93;FFA;16.524975127682694;0.15041420034841868;16.36017411262864;16.709232432070735
93;aT;152.41895599155663;19.75685862494423;134.8634592468481;185.06168085798208
93;aT3;241.5719318434838;12.683596631708214;226.899860779041;260.86407152399585
93;dT3;143.39536405805998;8.11417656121131;134.98826585584285;152.7056016685317
93;gT3;324.0623655803909;14.673114602340645;307.03657736280974;340.98204195834046
93;lycopene;5.1520552203101175;2.5728122455344096;3.1570616990852263;9.541790893923611
93;ratio.alpha.beta;0.7591689081561339;0.01618359676472253;0.7319364466370668;0.7736957674872218
93;ratio.alpha.natif;0.4310756889554602;0.006204098238113747;0.42105124942603905;0.4371217867512932
93;ratio.beta.natif;0.564998976744069;0.003986523855938389;0.5608265153400532;0.5716121677571274
93;total.T3;740.8137610386042;23.723388733668155;718.4686714056272;774.5080877832735
93;total.beta.carotene;556.8877093074412;8.824202285108061;547.9844333454853;570.6669881397028
93;total.carotene;826.210031114377;30.086126798685772;773.7183755866052;846.1168374953489
93;total.toco;892.4526182341336;71.46761922978125;789.3774266087775;980.5361505780763
93;total.trans.carotenes.natif;660.5712737935629;17.759783435919566;629.8259675030642;675.6130103588453
93;trans.alpha.carotene;294.57403049301604;5.636144867034943;285.7584102369402;301.3163819239674
93;trans.beta.carotene;380.01381347031264;13.497881524606495;360.42197764448093;396.73338164450604
94;C18.0;5.830862130634498;0.06875121489814096;5.74207391677033;5.923269965531399
94;C18.1n9;41.36233339406967;0.1598229159872404;41.13254189303585;41.54493679744805
94;C18.2;9.575616780463;0.0776353793531743;9.455355890014143;9.653756955100937
94;FFA;9.805900133470043;0.23860364726084982;9.563749500456591;10.167417066042391
94;aT;133.7680237726834;14.458431343912265;117.8696999520872;155.53902181323133
94;aT3;205.68059903227314;8.144295048722887;191.90509249369984;213.41299705129353
94;dT3;133.77225779474628;12.675821011822812;114.21931324157464;148.05654142269887
94;gT3;327.34490890649965;43.441758632584765;301.3326545995651;404.4337709133977
94;lycopene;4.627891115508545;1.5482163505312314;3.0737196487498286;6.394540795326528
94;ratio.alpha.beta;0.7681613380593038;0.00905630782714595;0.7547834611007964;0.7778731025122491
94;ratio.alpha.natif;0.42580781909624343;0.007518862413831395;0.4189061713481349;0.43717239926170065
94;ratio.beta.natif;0.5707585647543317;0.008806904462845867;0.5589777448922073;0.5802335510451715
94;total.T3;709.6814403771199;52.368999767436186;647.2156048849303;783.6296698070178
94;total.beta.carotene;487.1902364055774;12.23355412579121;474.2760215385912;501.37623144754116
94;total.carotene;796.5127596577901;32.65215956604962;761.6646361139111;839.7368102342745
94;total.toco;828.7376050824054;47.14104796937797;771.0209181654468;890.782441339243
94;total.trans.carotenes.natif;644.2597453934025;20.201906242368043;617.4493837494284;668.3168487784205
94;trans.alpha.carotene;264.40841797087097;3.6311002776377785;260.21715141672155;268.44796211279606
94;trans.beta.carotene;381.16379244187846;18.84070191948146;357.2148481050527;406.80435350623304
95;C18.0;6.028203564626344;0.0919034384306961;5.883566521962893;6.103198198002719
95;C18.1n9;43.54428914096188;0.5517314098082619;42.897936780293215;44.21824538989474
95;C18.2;11.275825348909498;0.024793447405209227;11.233639219350602;11.297460190625879
95;FFA;16.10731915539139;0.19266939662533186;15.884526773971645;16.324031885974392
95;aT;168.4071999165204;9.65118264818842;160.05271706108186;181.8184801486618
95;aT3;237.31215439220188;10.98513854031476;227.91078725370608;256.1450929622047
95;dT3;137.24091555390456;4.596378462932683;130.52164818214888;143.04499366942142
95;gT3;316.17314961949535;26.94488321674597;284.1967517158273;353.29985174736134
95;lycopene;5.076870728822451;0.5491260776936099;4.391302872398602;5.7878322547721845
95;ratio.alpha.beta;0.6803970582233473;0.01474325550874805;0.6565436154320002;0.6939072931012333
95;ratio.alpha.natif;0.4062742913204465;0.00847216556620783;0.3967541157532;0.4160757124853011
95;ratio.beta.natif;0.591577246602871;0.004963461167545564;0.5854434895739701;0.5962729794591044
95;total.T3;697.4271817072301;14.290608530733834;680.4253394251828;719.1199662650668
95;total.beta.carotene;663.7900457403196;2.1549884021990904;660.3121614906261;665.6576194491862
95;total.carotene;958.7305360190006;11.704442328601617;946.3742658980584;971.8750026340606
95;total.toco;909.7494570457911;51.12317287347169;873.7588541064231;998.3687917812326
95;total.trans.carotenes.natif;790.8091924344833;8.504889975809329;777.7093551973848;799.8959106972674
95;trans.alpha.carotene;293.6763312180795;4.299505760886535;288.9286345894635;300.5412943361723
95;trans.beta.carotene;507.62093831317225;7.998107257754527;493.4719101008005;512.5995405310465
96;C18.0;5.435535351219284;0.06540445890286364;5.329984161881429;5.486526187282481
96;C18.1n9;39.03326709238648;0.1752548336675785;38.85238713855466;39.23333355401473
96;C18.2;10.769755042492763;0.3331412752658914;10.440842146370578;11.181180177658671
96;FFA;4.72962321754998;0.09786146512568517;4.586892190845273;4.838208306133449
96;aT;186.63274340721335;13.26819763189948;168.35641907399307;205.29106113537992
96;aT3;271.93689346913385;13.184932857730859;250.97698569758475;283.95641766655353
96;dT3;148.78223879196258;9.024525946581521;139.61325164969017;161.8007659699844
96;gT3;394.27767187193433;31.62017995097847;357.6982919380918;442.024830091882
96;lycopene;3.096924144357059;0.7716562343213986;2.4103873084205447;4.24685947852271
96;ratio.alpha.beta;0.6150250021638406;0.016080301852544006;0.5977594942025877;0.6414321211819967
96;ratio.alpha.natif;0.3699747338394211;0.010152266017252087;0.3583766062542465;0.3850194706790271
96;ratio.beta.natif;0.6283792582187276;0.009988214363639785;0.613998579993012;0.6405301671940263
96;total.T3;920.9458333444451;34.120759310256076;881.2721281986767;969.9952428954425
96;total.beta.carotene;661.3883361891419;55.583871304213474;594.7305886082465;711.7109873325676
96;total.carotene;947.332979489904;7.036854967903192;936.3125834398242;954.4532737436758
96;total.toco;1050.0688283021307;67.27797978068807;957.6230061719266;1144.10030851918
96;total.trans.carotenes.natif;778.1823734499774;11.277808579336128;763.2475151566786;788.9771147064341
96;trans.alpha.carotene;292.1712685810916;3.6411494944815015;288.7595329659067;297.0065331879785
96;trans.beta.carotene;502.5068524594473;10.460824983766804;486.50404669951473;514.5816477541856
97;C18.0;5.612657669667717;0.060361631509250516;5.522758853515045;5.68685743939527
97;C18.1n9;42.1949184200112;0.20420528322261908;42.0049788335706;42.52776019225368
97;C18.2;10.01716028848876;0.07731749371924783;9.893964558176393;10.088767503702504
97;FFA;4.145228110498728;0.0908764109341973;4.073555198355767;4.29944939890353
97;aT;156.5056203194393;9.496745479796884;147.687745611272;172.7482895835992
97;aT3;252.6296024789956;5.70276767781;247.67030658068722;262.4429088056012
97;dT3;138.34395916840953;7.5489050782114235;129.67279914391264;149.98658408285237
97;gT3;367.25762634170934;36.223307780279534;327.25286231865516;425.2985771972659
97;lycopene;3.6734795138703555;1.400599507161907;2.3891116415153353;5.3923802234781055
97;ratio.alpha.beta;0.6035127900846786;0.00967482571656872;0.5921610724396391;0.6128059002098643
97;ratio.alpha.natif;0.3665076646012122;0.003153971164035724;0.36184025218942395;0.3700954586243065
97;ratio.beta.natif;0.6339077777859559;0.0048818168948675435;0.6293884838243606;0.6415621963718895
97;total.T3;852.3934232541005;31.082383218119286;823.7181609939227;897.6593428431577
97;total.beta.carotene;564.3291277548274;8.614817079763565;550.4748443339087;572.4826399069622
97;total.carotene;803.1718185061779;32.108503453942355;763.6739675394;827.3610776794438
97;total.toco;957.702056326582;46.46617752598143;922.845399998674;1034.4733139837924
97;total.trans.carotenes.natif;666.5519606900696;25.09350040492184;637.6446911477128;688.3600878302412
97;trans.alpha.carotene;241.33806012159607;3.399126387803951;236.23780653782367;244.79798189775647
97;trans.beta.carotene;402.5654369705494;12.20084161868955;387.2130148121911;416.51309872635716
98;C18.0;5.367688207838287;0.0866476011237086;5.243732118895826;5.4846027327112505
98;C18.1n9;39.69235255417389;0.30681553400159217;39.232000855759026;40.04007021700091
98;C18.2;9.620838980526658;0.10152574237566184;9.50987842419844;9.748464826735198
98;FFA;23.61184442622125;0.27790525572577945;23.313303911520148;24.02164300282526
98;aT;143.55439676301305;45.760639702538434;82.78776238574582;197.7990488889941
98;aT3;167.5507641839672;16.98690027262117;151.5191141514384;188.9545510297671
98;dT3;128.46120120529787;4.742674908726007;121.32358676964941;133.9579005212279
98;gT3;292.94570568721434;44.74773796098228;242.13081936203028;355.89299287762054
98;lycopene;3.9393957237193065;1.6682401516758822;2.113747361246876;5.750309691086623
98;ratio.alpha.beta;0.7787637356811974;0.024816732549277708;0.7623463784131485;0.8215528427086488
98;ratio.alpha.natif;0.43615848633952126;0.005971961293271078;0.4321219033462089;0.4465453871992411
98;ratio.beta.natif;0.5607393261654361;0.007093723026466496;0.5493395097936685;0.5667990048051592
98;total.T3;622.5884344912673;29.12467671776913;577.1212182138423;648.8685459094442
98;total.beta.carotene;376.5473825849978;37.626395266377095;347.260925414067;430.9488090361148
98;total.carotene;598.7842016186305;36.74324021999986;558.4954628894244;647.6087607140781
98;total.toco;663.241636973608;73.15800342660638;569.2592021125238;743.9606756601138
98;total.trans.carotenes.natif;483.127446789145;31.65978598728675;438.20240524079105;516.2277472526292
98;trans.alpha.carotene;212.92780294425742;4.012741309050871;210.155161607129;219.45171601347613
98;trans.beta.carotene;270.09359209482324;17.160423719355222;249.46462159154598;290.3221186273396
99;C18.0;5.756231995195066;0.09893354554918098;5.6784465073291255;5.925604940210248
99;C18.1n9;43.72925175262726;0.503860416069122;42.900082921341166;44.20210683404639
99;C18.2;11.449524977917005;0.08470094034485272;11.34993276250932;11.55556074394526
99;FFA;5.050267415327061;0.286770128090097;4.728838406184032;5.513100073739945
99;aT;179.58374593781778;8.012107073123593;172.59702900450193;191.13493946917146
99;aT3;254.95757715870332;8.811335853659804;244.58268681411366;264.3659541731821
99;dT3;140.001723621802;9.08319738086082;131.7967799935772;154.41569364131357
99;gT3;410.12250779636634;23.50773075059617;386.1705489823557;439.46878570968073
99;lycopene;2.3783056180524507;0.3874220219640672;1.7715972946399867;2.771580833137462
99;ratio.alpha.beta;0.5906336237966129;0.015198835293636342;0.5688283892678093;0.6101848528123742
99;ratio.alpha.natif;0.3646265918522228;0.005212984994674852;0.35748787009707794;0.37217536356140957
99;ratio.beta.natif;0.6337347492013479;0.005201899370848636;0.6278584770137768;0.6417407021728003
99;total.T3;870.289837642802;11.574079579167483;855.304490309754;880.5250191368455
99;total.beta.carotene;568.3680131779328;4.500982288015783;561.6868057600178;573.1426973326827
99;total.carotene;790.7819007839423;33.64939664604056;765.4218064530058;849.7262124024649
99;total.toco;1017.593394939054;44.081872899295966;970.5876802667955;1085.8177376550095
99;total.trans.carotenes.natif;664.4494892902088;24.952942933340573;648.9103573536715;706.977002433558
99;trans.alpha.carotene;240.27836939738103;2.8983578591236734;236.17713971314123;243.47481221344083
99;trans.beta.carotene;403.63416463088544;12.975486686180728;389.62782814097466;423.78202764764023
100;C18.0;5.504211412582238;0.11450955628208609;5.395330412125694;5.643815207380332
100;C18.1n9;42.13474316845186;0.23021769406962367;41.790016348694024;42.346893733895506
100;C18.2;11.134480342457433;0.0853691067940933;11.065572742157398;11.283660020381088
100;FFA;11.722118597901934;0.17302408274786435;11.565380067223781;11.980507026499502
100;aT;163.24768640720401;6.055492871691523;157.38101436815126;172.6310423211395
100;aT3;252.19007111165766;12.69477072831771;231.71977841311445;263.8031383017662
100;dT3;133.60201076760418;9.52071478083971;117.77025853155476;141.8603487957637
100;gT3;335.2536513612008;49.190790644284064;274.3024554301895;401.2176695478122
100;lycopene;4.718383394052816;1.3268246607256369;3.20871828723171;6.526403361068708
100;ratio.alpha.beta;0.6966023645527544;0.01855116635326338;0.6764976414150102;0.7265490404379743
100;ratio.alpha.natif;0.41120475249634436;0.007982324159195354;0.4028981646623736;0.4241311807921167
100;ratio.beta.natif;0.5871784870516066;0.008079621811315413;0.574318004909719;0.5967255009145624
100;total.T3;728.6617219907307;76.85883983178033;673.5232791787806;847.6739253078612
100;total.beta.carotene;535.4160207550602;8.132865729548783;526.7397211164287;548.3938107530615
100;total.carotene;857.9630908401614;31.808928324287947;810.8744023519077;899.1817280419126
100;total.toco;855.0821414554568;38.14437753809936;821.4742913217876;915.8603229612113
100;total.trans.carotenes.natif;717.2972125048962;24.936908762416113;683.7278748774037;743.2555421800395
100;trans.alpha.carotene;296.8493932175863;2.8039238899576713;294.7855578512349;301.75160632108043
100;trans.beta.carotene;410.9864380229398;15.673287044952346;389.9050581649692;428.53870081264057
101;C18.0;5.332832121818153;0.06298071031537002;5.254190209507871;5.418950826440233
101;C18.1n9;38.99602867929723;0.2906531746347827;38.77252874873099;39.48027612362192
101;C18.2;9.763959911498356;0.07352750929568647;9.6840396504529;9.852440035933887
101;FFA;15.847639493835882;0.4664432724282399;15.285476575088616;16.5842305362764
101;aT;126.11326458488216;4.133351148408176;119.70510722453206;129.78699859484692
101;aT3;206.68431658059112;11.581551184755726;195.06240768399394;224.57876902621658
101;dT3;138.37885961106372;12.741628518456157;118.42235929033956;153.49385612407173
101;gT3;307.08780311444104;16.669051186951176;285.6172020867263;331.7311331033838
101;lycopene;3.1502947690578296;1.2786244560009783;2.4263227889973953;5.4226180870878355
101;ratio.alpha.beta;0.7670493110558922;0.010888444780866053;0.7480867622172171;0.7746238369670212
101;ratio.alpha.natif;0.43259894650372493;0.004834648943041605;0.42666926149217727;0.439982106465143
101;ratio.beta.natif;0.5624602911830721;0.0058891332490244586;0.5530743641426974;0.5683308689603134
101;total.T3;674.6692124554704;46.85384461946271;601.8788703722745;712.0208941857755
101;total.beta.carotene;569.6690087062041;37.37558911613441;503.50213755119273;593.0228206985646
101;total.carotene;858.2267258850363;46.45291143211953;797.643958187022;913.4271567081217
101;total.toco;752.7527420111591;39.65486987287683;688.4897183903201;788.5931250983548
101;total.trans.carotenes.natif;691.9478453741872;24.65342455152796;658.333870375963;726.5393665193046
101;trans.alpha.carotene;308.0722286033573;11.453746188397655;288.6844864804733;319.02280767110227
101;trans.beta.carotene;399.6973642119725;21.012189053314593;369.06400079627286;428.2790814068259
102;C18.0;5.3942527915480785;0.06161560723818677;5.317528721221111;5.487845113163482
102;C18.1n9;40.63946342764002;0.12489737958778857;40.44268545980408;40.74965314402179
102;C18.2;10.044024606356754;0.060984885748937526;9.975863645835721;10.107546067356393
102;FFA;4.306606056202445;0.4857231904362484;3.834726142955979;4.913284525110219
102;aT;191.56523708696915;23.491283790555464;173.51232161072372;227.77191452343715
102;aT3;263.5034106911603;13.877945601446713;244.7910158998298;283.8529623351003
102;dT3;140.53519207314676;4.213152347950276;135.49137164240153;145.9090836522794
102;gT3;391.78633388472844;25.524128952873816;350.4385549064608;412.82531207149617
102;lycopene;4.040215629176634;1.1185103705100752;2.142892592722559;4.887920021857708
102;ratio.alpha.beta;0.6521776689584025;0.018672573144911515;0.6306270176044434;0.6809589871917613
102;ratio.alpha.natif;0.38095247582245634;0.008387292547638786;0.37169392602847273;0.39007091478213823
102;ratio.beta.natif;0.6178710749142352;0.00715767232592415;0.609758806372921;0.626039295463868
102;total.T3;887.4156659360211;34.320851257642616;828.9754116992241;912.9733805786195
102;total.beta.carotene;541.8068820853673;10.51046262900225;529.6167657965462;552.3734899149312
102;total.carotene;774.0967346898851;26.32604588443485;755.0771383861272;819.422484483923
102;total.toco;1082.2059571508587;44.54764043997196;1028.9466738331057;1126.128167545411
102;total.trans.carotenes.natif;636.8323913824977;17.055168486257905;620.5948922144391;662.7685254878289
102;trans.alpha.carotene;246.21906833854274;2.7693323498821516;242.43278020745458;249.54917052338914
102;trans.beta.carotene;371.5782873525792;17.71209891181355;357.23735513878256;401.5841470229822
103;C18.0;5.600577240002851;0.18974116401218957;5.423591895823147;5.922478127998712
103;C18.1n9;41.50806834882739;0.15834033684189608;41.35980271543589;41.71462326485776
103;C18.2;10.38624381022068;0.34886827526199266;10.19019687142632;11.008120835184013
103;FFA;8.757921732306476;0.2427219904118151;8.390070726530002;9.023609121413587
103;aT;183.77078497567405;9.347047681643728;169.93401481875762;193.72282426383796
103;aT3;263.4452919712916;14.163611044105334;246.6823479825542;281.67598903646143
103;dT3;144.20121982492833;9.016495539711325;129.6572136901574;152.96117726544418
103;gT3;317.96586714534044;25.180521045842706;289.58352105747895;341.03782512248466
103;lycopene;3.110961010698918;0.6096809499999539;2.6576295911816294;4.16208571278876
103;ratio.alpha.beta;0.7297721753041848;0.029040579470582653;0.67906694716501;0.7511358431992774
103;ratio.alpha.natif;0.4236687016171924;0.010832011512487756;0.4066237574496059;0.43517456061521587
103;ratio.beta.natif;0.5782639849184802;0.011555592459120996;0.5645080807372113;0.5964582467014818
103;total.T3;811.0892828075253;32.22128778420444;776.6918073835202;857.4334796081898
103;total.beta.carotene;609.0764048038502;37.19221868958322;570.9338972499879;667.3439701650193
103;total.carotene;872.8331260364017;41.92282446381075;824.0671606183088;919.2636399376594
103;total.toco;987.9810414142748;46.56317067688597;937.5579411894366;1059.1226817452873
103;total.trans.carotenes.natif;728.1089351048489;28.190390414572413;691.1043056341935;756.4484615321182
103;trans.alpha.carotene;286.42211954493786;8.372103687629608;274.87119574076365;294.4763226495339
103;trans.beta.carotene;431.1162021117135;30.13388993551163;406.65229404329136;476.61750316626325
104;C18.0;5.5095964390249925;0.09176255830520395;5.36497049418501;5.604802254019024
104;C18.1n9;41.1486882504358;0.3199787784455976;40.861837714985676;41.682808717527415
104;C18.2;10.136093894651937;0.07644293105696216;10.020555250202035;10.229885422258674
104;FFA;8.446055403389789;0.3899581159417176;7.886356456113228;8.829735828738066
104;aT;168.54905148753264;11.580546946227027;153.73221141289028;178.87959903093136
104;aT3;254.60108300622173;14.471701597553464;237.84960357586343;273.85855816510576
104;dT3;133.46634580883307;11.086209136830226;118.55151513563966;146.78594254650875
104;gT3;326.520136136541;40.32613000098334;299.2627033474058;396.1723153490577
104;lycopene;3.4978966412787473;1.079346273993313;2.285914038672189;5.183611790176657
104;ratio.alpha.beta;0.7286518726519933;0.012215751712474814;0.7141614252941706;0.7418016433985335
104;ratio.alpha.natif;0.4117888623324516;0.012077413385271846;0.3983087888821736;0.4227472232226989
104;ratio.beta.natif;0.589231610425918;0.011886369802696622;0.5760774192226743;0.6031972777030279
104;total.T3;768.5750180870403;9.258104575775425;757.4765444883295;780.2802282135968
104;total.beta.carotene;582.592215752421;13.652535343909982;558.2126593120887;590.0041465394524
104;total.carotene;880.3128930298465;15.302844713003838;860.4769826469767;899.8576827366973
104;total.toco;885.8075931230239;45.81094373259261;836.3173660770472;945.9145757304412
104;total.trans.carotenes.natif;739.4572567763171;8.846491915983092;725.0839121613692;747.6184193813801
104;trans.alpha.carotene;293.15103076219464;6.086761407483063;288.59438636955093;303.4371818817074
104;trans.beta.carotene;428.81260140899815;7.7593241040464465;421.10180469329975;440.3244281880543
105;C18.0;5.72322296041866;0.07968492420015512;5.6045766226161255;5.82754485508299
105;C18.1n9;41.77692996893549;0.2750888067600351;41.440114158907654;42.143573871574716
105;C18.2;11.183793545535002;0.31510378005280737;10.64365542040425;11.419019473845111
105;FFA;7.481206062203531;0.35912671012699676;7.116774787549884;8.077873505244709
105;aT;211.5354091963974;32.68238407243292;178.7105922462623;250.84742770347526
105;aT3;239.04262045304927;6.25538323590112;230.56063477485975;247.11111974921513
105;dT3;152.5270047641687;11.40621104494525;139.66091851218883;168.93917536459065
105;gT3;372.4059180769428;64.9261119045993;286.05475300735884;442.2757654170476
105;lycopene;5.0737652167793375;1.2929813788807951;3.1764604663794365;6.657878513271265
105;ratio.alpha.beta;0.6708627318308693;0.030065227940422646;0.6443772426170034;0.714344627407646
105;ratio.alpha.natif;0.39529718908156;0.012674972467781606;0.38228826587695897;0.4163372515501563
105;ratio.beta.natif;0.6037178406884555;0.017186732871009712;0.575772358758665;0.6230903045918974
105;total.T3;800.6318023670772;80.49300726668321;724.8450505192105;922.514231696821
105;total.beta.carotene;667.1515837348013;38.34965306122788;611.276141176205;700.3944507697214
105;total.carotene;968.7048796827132;22.139856100990183;943.4527739353048;998.8937403344518
105;total.toco;934.5605202183845;46.26047808704659;887.3509949757522;992.7187600149819
105;total.trans.carotenes.natif;809.5909056224575;13.706250465152051;788.3100401697225;825.829154027861
105;trans.alpha.carotene;306.59392113331694;2.006895968710545;304.7174953063175;309.0980221748942
105;trans.beta.carotene;505.04357924591613;15.089628693911369;480.9000507014919;518.4362581799227
106;C18.0;5.459212024993416;0.09393892345465905;5.335649563076812;5.571239533724304
106;C18.1n9;42.51177057503678;0.20807710438454055;42.28380009882641;42.782312757226634
106;C18.2;9.692232883982266;0.048044159949340984;9.661195974518337;9.776965445512406
106;FFA;25.045650100617642;0.2943739270082347;24.72909535671917;25.506213682974835
106;aT;128.4868328510109;51.866464706834776;93.5345605903226;218.04119208565913
106;aT3;214.71010377169446;16.371097794815903;197.08022508073694;238.83234536990514
106;dT3;134.75433634354346;11.97582399414228;119.17033836763733;148.16284647477755
106;gT3;258.0646189057594;24.69734072185349;232.76674365413203;289.56974937519936
106;lycopene;3.7859835629565355;1.6578142995953162;2.4862814103991693;6.660205045333655
106;ratio.alpha.beta;0.8210659921972484;0.017232667666368252;0.8030447906302552;0.8396408747939925
106;ratio.alpha.natif;0.4457138777364008;0.0034525192355065776;0.4403939099081278;0.450064693206146
106;ratio.beta.natif;0.5484198303757324;0.00476934575626776;0.5426286696535301;0.5526329362575814
106;total.T3;694.4100811800242;64.09651011674404;621.2552472951251;773.7101502115403
106;total.beta.carotene;283.91400165527244;2.8155799446071574;280.313369827113;286.49581811287754
106;total.carotene;472.5750074825781;6.398178961005947;463.968550201924;479.4060851101522
106;total.toco;811.8512284879214;77.54311165377776;702.7405322626121;886.2078391067121
106;total.trans.carotenes.natif;369.71263656725057;6.424892724353356;362.4308070486231;376.46392802693214
106;trans.alpha.carotene;182.23083310720503;2.503328170648618;180.19913883086946;186.24644828742285
106;trans.beta.carotene;194.36717854200393;5.418587853221034;189.32796472646405;202.288336065249
107;C18.0;5.4178178069922875;0.12159653165776532;5.298401527281282;5.619901491197571
107;C18.1n9;41.06749894850604;0.4080209273253146;40.61963911733679;41.63976088311071
107;C18.2;10.069146802375359;0.08025576997357933;9.962094718436907;10.141193110551828
107;FFA;24.032952114956753;0.3235325206064244;23.59616471457957;24.376855591076573
107;aT;129.89678974208994;4.618437653120021;121.91683427904344;133.48660369431641
107;aT3;226.45405139270906;12.799312242869426;206.99052118446667;239.94445170880465
107;dT3;145.07722249144172;13.167014027830245;129.19833876885997;158.8001324173385
107;gT3;261.20431439640566;24.555169461496945;234.69334953443644;301.52907350704453
107;lycopene;2.5330532112949986;0.9577668971171384;1.4765772224832225;3.801046111395783
107;ratio.alpha.beta;0.8306312214677647;0.01696782984822533;0.8079162336514076;0.8495809917904937
107;ratio.alpha.natif;0.4497703911462434;0.003273467294525991;0.446266086805696;0.4535402679040464
107;ratio.beta.natif;0.5450617082379122;0.0033969358523132163;0.540664314570527;0.5496898409941968
107;total.T3;618.628575017591;48.637386862424854;573.5020573315683;689.1160971702805
107;total.beta.carotene;461.0756976796141;7.567891243025192;452.9838178812615;470.5098051340933
107;total.carotene;770.8230366007047;28.078292299107893;736.9250176300565;810.8807150116617
107;total.toco;827.1163098299754;33.229774938986104;784.622206874828;873.7716616437543
107;total.trans.carotenes.natif;627.0983317753828;30.63854506008905;590.1941243295045;659.6864906572622
107;trans.alpha.carotene;287.5625301257147;4.508749924688452;280.7999693553006;292.95751823651227
107;trans.beta.carotene;352.40109014168803;12.158501713166622;335.40355536508144;367.0653132076166
108;C18.0;5.770764371918508;0.0356598161292604;5.7284705617292255;5.808835887724333
108;C18.1n9;41.02650982655195;0.034456224951807696;40.98133562957277;41.07511761140931
108;C18.2;10.40020668995265;0.138954774726302;10.23066311674832;10.512006101839425
108;FFA;8.206616464323757;0.21006123324314657;7.960705649835287;8.460432374701476
108;aT;177.5492808451621;11.547694338934678;161.42293986918975;192.96316864428223
108;aT3;262.54298006432333;13.869709491041466;244.93553141786944;278.21098166116036
108;dT3;145.68022342324736;9.585827893321607;136.0357848891142;159.62176808974164
108;gT3;394.97288032671594;19.493720915964957;373.0153462057714;418.93617418089246
108;lycopene;5.521783029651968;2.4187302963431567;2.9614534901452925;8.970463665727756
108;ratio.alpha.beta;0.6919372867986301;0.013965345598749943;0.6768962462530898;0.714637804620736
108;ratio.alpha.natif;0.3942766541662992;0.007352334593907787;0.3868611379074315;0.40343288473970257
108;ratio.beta.natif;0.6059748471535106;0.007027136943276262;0.5983811716032127;0.6141464645760931
108;total.T3;853.3666643087683;54.771938218681825;774.9234146827988;918.4857774822609
108;total.beta.carotene;677.6063991192166;41.26007917540544;614.1430454050906;718.4662419753073
108;total.carotene;949.4288104560931;17.555458611378192;926.2830757822678;969.409067507613
108;total.toco;990.8174964546743;67.6172003931482;926.1449612840478;1082.819646806512
108;total.trans.carotenes.natif;793.102399008278;23.622338672520957;751.3138098391752;807.486901880221
108;trans.alpha.carotene;297.95172131594165;7.6666883418650835;291.2382026174062;309.4004814306236
108;trans.beta.carotene;502.8471548360615;14.44665279587462;486.6269438247632;517.2853201358754
109;C18.0;5.906620471901102;0.08509407247096352;5.811964722593135;5.9985260404535445
109;C18.1n9;41.59461367887817;0.23801326906313894;41.3344335296408;41.86596268124494
109;C18.2;11.074428248852303;0.22290746848741033;10.761305946096565;11.319259653096994
109;FFA;19.35916886329944;0.5016987977128198;18.628602221018344;19.910206644466722
109;aT;108.52044922690318;3.8263033640454647;103.41795788217723;113.39332518937253
109;aT3;196.28187492631756;15.981206079014743;171.66488408705075;214.37243724698797
109;dT3;161.25873948516673;10.129878301661252;146.3021831072188;173.05861040381097
109;gT3;309.84095131397754;45.059727412353155;273.60534274387686;385.2067002066474
109;lycopene;3.221202938100144;1.147354755862197;2.0385969004582214;4.562244453655144
109;ratio.alpha.beta;0.7991017339184954;0.011131529972702706;0.7872112547274928;0.8167339099575551
109;ratio.alpha.natif;0.4413676852962937;0.005027088106631745;0.4378279711036975;0.45017394234736924
109;ratio.beta.natif;0.5539700194508264;0.0055241154605229405;0.5455096215762013;0.5597293938749747
109;total.T3;659.1005861482909;45.90360818618458;590.3174976482155;711.511940545064
109;total.beta.carotene;403.38329739826275;7.695709892151914;397.7987872999913;416.55730774035214
109;total.carotene;720.7825648017644;34.4993637180327;672.2052724042895;767.4961127893616
109;total.toco;769.643151131428;61.32575482019515;720.8952976288376;875.2866333693997
109;total.trans.carotenes.natif;590.1640599501437;34.11469982243508;548.5884375787984;639.7526928506651
109;trans.alpha.carotene;257.3398703496647;2.556719142181724;254.64554910009718;260.26346233544916
109;trans.beta.carotene;328.5606460089981;18.974814733765985;304.86097937539466;353.5676760680766
110;C18.0;5.77550716147501;0.08063654469152103;5.6570605471690225;5.853377889070669
110;C18.1n9;40.32782226292535;0.11180894821396362;40.24362069643336;40.51894865759921
110;C18.2;9.427980166549252;0.20091655634200187;9.183757619683245;9.612360854438846
110;FFA;9.74728996215458;0.1936675622329802;9.517955113365375;9.939218589247258
110;aT;198.73972768934254;13.686972336180185;182.33575188121492;212.19490933683375
110;aT3;216.1983875296875;7.48989889428054;210.12843503438305;224.90411714022005
110;dT3;140.71578501905097;8.888183255017475;125.7044254746132;147.78539230895788
110;gT3;320.37681005313556;5.372330480581949;313.9276790156212;328.512650361598
110;lycopene;8.231636901065318;2.9075139409837463;6.623737829798969;13.365747438867297
110;ratio.alpha.beta;0.8468161656367401;0.03219799722797002;0.8037690650193906;0.8867118398316002
110;ratio.alpha.natif;0.4563638129535189;0.007403498619941537;0.4455083932120424;0.46435681123348665
110;ratio.beta.natif;0.5394713826170265;0.010051972051296125;0.5290346245644314;0.5501598153476805
110;total.T3;721.5509501168826;37.55488731775097;676.9631961674688;757.9659444788554
110;total.beta.carotene;710.987167779237;2.317334529668485;708.4261603719243;713.6509443506733
110;total.carotene;991.7611755943087;9.104956690162991;979.6441219758817;1000.7931992146536
110;total.toco;962.6451190520204;46.47159548704847;889.2390595735367;1006.3926830885459
110;total.trans.carotenes.natif;830.703029932372;10.564412766979526;815.521057332127;839.2518436700293
110;trans.alpha.carotene;310.2938537243354;2.8468158931818346;306.3659192177879;312.7075935365044
110;trans.beta.carotene;525.509117851916;8.103047126553856;513.1871007789672;534.5200020221062
111;C18.0;5.715370290368027;0.16215563817804546;5.564678663263298;5.895259629763969
111;C18.1n9;40.88530335972086;0.2586579100744084;40.66996069009237;41.302607628245184
111;C18.2;11.245242557577953;0.11414297812540523;11.114697791254821;11.384836299970416
111;FFA;6.8273368269011385;0.10017572989351202;6.699452769535912;6.927970256706147
111;aT;181.31833633105956;5.941561629746447;174.7530579558134;188.37979323533773
111;aT3;238.44405979400645;7.467683466445474;231.78238651735668;250.94877995243723
111;dT3;147.14352120104732;3.8539853017080308;142.9464881550055;151.83198319120845
111;gT3;358.04539612450856;71.9905142035381;286.07843875424885;449.96073822820034
111;lycopene;3.570703655879227;1.6673546816755807;2.776354752343442;6.552346290909203
111;ratio.alpha.beta;0.6991237915386408;0.025003036173674963;0.6612566002987325;0.7294670590727229
111;ratio.alpha.natif;0.40141803688847266;0.015445079986049222;0.3857527602346569;0.4187312493697476
111;ratio.beta.natif;0.5970211408393992;0.0163806045335576;0.5783468386930293;0.6130167643535144
111;total.T3;736.0578856215109;46.022156114168844;689.570195920715;804.1602349871584
111;total.beta.carotene;644.1856235445514;18.817028491990303;617.0667597050672;658.8065133974974
111;total.carotene;968.4845413415727;2.425083369624695;966.0849464925786;972.5490200996504
111;total.toco;895.5876680882362;47.12759635703152;834.2869386827953;954.1221401126314
111;total.trans.carotenes.natif;814.8299329219682;8.001909364305318;805.1505984872555;827.3790804799302
111;trans.alpha.carotene;308.8139656771751;4.205948909676345;305.3273696980374;315.61037833689153
111;trans.beta.carotene;500.55443502709323;8.15214808285172;493.84776712145464;512.1487418738566
112;C18.0;5.860091632335255;0.18083412774165414;5.589889213015665;6.03569041336874
112;C18.1n9;42.884484268993376;0.463851387807069;42.198469344936264;43.3037571297783
112;C18.2;8.319079769279075;0.15707860896424533;8.227603655675223;8.599136603293129
112;FFA;9.316333428734401;0.28425096307356645;8.950968892640434;9.653277057448838
112;aT;173.2189654327467;13.18728459364608;151.13895785490564;184.45888136792323
112;aT3;206.07420085377717;11.303404085522432;190.9919939246741;214.82696594966686
112;dT3;128.61696871154405;10.84850948633542;118.53209091843033;146.74933929466525
112;gT3;293.590150769004;39.6010722954495;249.9526896707506;357.968850692513
112;lycopene;13.734052442441353;0.9234546136922431;12.706954247757917;15.124708564014554
112;ratio.alpha.beta;0.8737676815948703;0.025790080801619646;0.8496687075185622;0.9096586774498193
112;ratio.alpha.natif;0.46579876360563527;0.005796878504848598;0.4584012478998174;0.4715926162976763
112;ratio.beta.natif;0.5292996270900158;0.009306502893451675;0.5170282612163158;0.5389215359262685
112;total.T3;624.9976722942343;51.15760623650978;560.9119282452671;696.9401337176704
112;total.beta.carotene;1342.5850124527663;6.782857929778351;1335.228025128166;1350.5309794140078
112;total.carotene;2034.2621980026936;51.67556654672256;1950.3381594421523;2085.3242380437746
112;total.toco;779.9210318793713;72.09063080587198;669.7799988969149;834.8922739246782
112;total.trans.carotenes.natif;1625.694864914521;22.572681784049706;1588.750122712557;1648.6745108060588
112;trans.alpha.carotene;745.2059420161701;9.980200483379823;732.1597172042727;752.9126007400071
112;trans.beta.carotene;846.7411467795735;7.5038673812085195;837.7411000829429;855.999173252681
113;C18.0;6.177425485222586;0.065026265447198;6.0713518880843536;6.248382906367202
113;C18.1n9;49.37126076129657;0.18613667002804174;49.09322267411494;49.56604211577681
113;C18.2;9.587127686906538;0.3162200199398377;9.397756519813976;10.146503338455664
113;FFA;12.341211623024837;0.4993688968024254;11.856597109640218;13.118432911515175
113;aT;179.48010709073964;15.598465183709816;156.14338935831927;197.9700844050923
113;aT3;240.60957219423761;23.534771033342768;213.3302155552834;264.8899147803669
113;dT3;130.22409312692324;9.870728058705108;120.3035178569416;143.47702008522293
113;gT3;350.77400278185405;20.58856045361345;320.86823060783775;376.2177076905095
113;lycopene;7.604679273059316;1.401572746223592;5.676551729608875;9.167265536527028
113;ratio.alpha.beta;0.8026224592359454;0.009491440510853618;0.786915496173372;0.8113204593098267
113;ratio.alpha.natif;0.44768761513854666;0.007289463177589326;0.4360938937320219;0.45577987451733404
113;ratio.beta.natif;0.5509035460149132;0.006937967213814207;0.5406188458663239;0.5576898088182589
113;total.T3;684.9616001566174;42.85710486580805;635.6347192728045;749.700306155258
113;total.beta.carotene;649.3584431881885;22.061015409934573;627.4732376122317;673.4385918043454
113;total.carotene;1032.5189603293823;19.31778898842199;1001.7667888717059;1053.2359355009598
113;total.toco;887.6979201909191;78.67075816085983;798.0608048933464;955.9492811760059
113;total.trans.carotenes.natif;851.4191788496271;9.022802576887305;839.1750853659983;861.1121904004249
113;trans.alpha.carotene;383.863077495561;11.195503399737863;367.5327003693326;395.73121064122535
113;trans.beta.carotene;480.79126307301885;10.498683409289914;468.47128161755194;494.9541614738625
114;C18.0;6.2712550820078405;0.07548701968314542;6.179895402539853;6.351404266112018
114;C18.1n9;48.432069430841594;0.6933026014472949;47.81828228598227;49.23146319633599
114;C18.2;8.489061745494327;0.28314964706969503;8.17764816652827;8.722982518331879
114;FFA;5.379037521259141;0.22127942589369498;5.165419695388703;5.699985327665962
114;aT;174.1824986418736;14.836705087526685;151.6694766567994;187.109342568582
114;aT3;235.25606522732838;16.220924022482446;217.2367593986833;259.85850748340613
114;dT3;127.48578167801607;14.069268861625751;107.73266372302474;140.38720461196561
114;gT3;336.3487903320504;28.303411682434874;308.1478600246258;381.1418045521352
114;lycopene;17.436883679896965;1.1933899719259715;15.79953470029361;18.706928738008166
114;ratio.alpha.beta;0.7590076248254066;0.015444766350700691;0.7491622459614554;0.7857913294576083
114;ratio.alpha.natif;0.42247609373340705;0.011180598716470942;0.4092249540658247;0.4365859795154978
114;ratio.beta.natif;0.5803519612824793;0.010782896537373765;0.5663861701282247;0.5945032814862944
114;total.T3;691.0333541713535;51.053397639256005;644.9684890670724;776.0603497441632
114;total.beta.carotene;1181.6991401605944;14.981860020341678;1162.6853164618585;1203.5952030584276
114;total.carotene;1784.4498726868612;39.37472522605386;1750.5294818791372;1846.7935679012483
114;total.toco;892.4903159284634;74.83540376077383;780.3488152847704;972.0000354236657
114;total.trans.carotenes.natif;1442.8232143973141;13.442950712494364;1427.9874744022156;1458.853505074539
114;trans.alpha.carotene;679.8868980113617;2.890916227727868;675.0207416607623;682.3837670249825
114;trans.beta.carotene;787.9607966533047;8.097289383931436;780.7697156011991;800.9933995503937
115;C18.0;5.8285150921540065;0.17488845727861463;5.588054494882463;6.061755602192587
115;C18.1n9;41.1569991650216;0.19022554848897036;40.933518103098734;41.32271489435396
115;C18.2;9.265404523920669;0.14292751408136709;9.114498458644269;9.444418139006311
115;FFA;16.781486224729456;0.1930580620640545;16.472709992515302;16.959701036752445
115;aT;110.23641879157942;6.481645214029101;102.47269096280205;118.53312354805865
115;aT3;180.2874770222232;6.68259911698798;172.58352248390062;189.5345966102034
115;dT3;143.8951983734644;11.006396463887722;127.81097729133816;158.34110788343784
115;gT3;286.7287539181262;16.837354210721863;262.1852363743182;306.9353584918977
115;lycopene;3.615713077962508;0.7149125380513561;3.0224463633611394;4.678235295956011
115;ratio.alpha.beta;0.793282929942059;0.010534221552210727;0.7789597726049583;0.8018702412078862
115;ratio.alpha.natif;0.4351733517511815;0.0030173797492951187;0.4300214968185285;0.4379607072741494
115;ratio.beta.natif;0.5637497695221538;0.0043417547792589;0.5594540935583798;0.5684859941303361
115;total.T3;576.9258667807346;43.95671484508825;506.9864502922829;614.5082720675508
115;total.beta.carotene;419.81003425777106;11.940214124557611;405.54771438932767;437.59449647173903
115;total.carotene;674.0892923064505;21.092636307662204;652.6081592056529;705.326738747443
115;total.toco;757.5044310735118;65.09716085407759;665.3230466860812;814.0454336083828
115;total.trans.carotenes.natif;527.4157866363707;23.06411809095559;507.5776742130805;565.9798079263066
115;trans.alpha.carotene;231.73527945352822;2.9702751573140667;227.9825093430472;234.3134895223657
115;trans.beta.carotene;304.8961480568672;6.571174006843544;297.27430766959003;315.35794040379244
116;C18.0;5.761092851220172;0.0879627649215278;5.660409055581413;5.894042651881671
116;C18.1n9;40.60866638797694;0.233282516199763;40.24208859013066;40.836205769789665
116;C18.2;9.684286511744443;0.11856814427827876;9.474921342228045;9.766059433723756
116;FFA;9.454706263287715;0.23745304172483458;9.182285374087998;9.762978511467288
116;aT;143.75414826972678;4.119328226100346;137.92227833701318;148.03808257036118
116;aT3;162.7448315907575;7.150591700328647;157.0392018972598;174.0138382733
116;dT3;141.81083943441917;11.824103337633781;129.4383918518898;157.92141153859714
116;gT3;307.3659070843211;29.944123735625816;279.85253183421287;355.20350171602155
116;lycopene;5.412551624248993;0.49199313100942066;4.836946846465585;5.862367572093103
116;ratio.alpha.beta;0.8197074358012019;0.01784698155536299;0.7937102371622412;0.8363494630391327
116;ratio.alpha.natif;0.44823109164613373;0.006506715604856096;0.43929887523903544;0.45605131331561294
116;ratio.beta.natif;0.5539114088820936;0.006269259482459204;0.5478064945799395;0.5641222437604185
116;total.T3;627.5614823528281;28.12647232503493;607.5961008132374;671.2872040724905
116;total.beta.carotene;448.63893931844484;15.255520571379932;433.26629767465715;468.7300569282717
116;total.carotene;737.7829137095885;6.771968628250204;730.1076126786452;744.9241485387382
116;total.toco;674.1240275084665;33.80828647669146;636.4548231309739;725.287434133242
116;total.trans.carotenes.natif;599.2067308155004;6.692901996335005;588.321526368333;604.4553354418675
116;trans.alpha.carotene;251.37611044641955;5.3824708594732;244.8028933579752;258.34905285157834
116;trans.beta.carotene;335.48070021302345;16.617760408610327;306.2533082389643;347.92938529716685
117;C18.0;5.513189995447799;0.09736567285460676;5.379147895635317;5.599354737137827
117;C18.1n9;40.47588826972907;0.10516703222056988;40.39717487943515;40.642227465810016
117;C18.2;9.633506081802627;0.06690641298186857;9.532189927715853;9.6990562852569
117;FFA;10.444917883452721;0.12969529845356245;10.324587173220106;10.664519648207811
117;aT;124.60736114621571;6.678217069424515;118.37771931740491;133.37383942857258
117;aT3;161.8511641305159;10.431087724946599;153.34092725684147;179.88699737354423
117;dT3;140.2694675883848;5.231785304132142;135.24265836837944;147.73533050940026
117;gT3;308.11813030213153;46.04868670704162;267.4279018524955;378.673377298916
117;lycopene;4.655121311754544;2.5447780341842066;1.680903890669605;8.596795955234354
117;ratio.alpha.beta;0.8301814626617512;0.020157262600629465;0.7968092550200354;0.8483005349498801
117;ratio.alpha.natif;0.45183016125483066;0.004968350448536236;0.44558277494177767;0.45678133355572176
117;ratio.beta.natif;0.546030599484063;0.005737988031687768;0.5387389951612004;0.5545803672720504
117;total.T3;686.700869741268;72.68023213831665;628.9200419164732;810.5066382839068
117;total.beta.carotene;279.0728824463275;7.580038621708297;268.72967696776226;290.09692445424645
117;total.carotene;463.39472845400667;18.871788048728323;446.152657381323;495.6840956841434
117;total.toco;647.906095020125;36.45680700759256;612.6852740066323;697.2047468031861
117;total.trans.carotenes.natif;370.0317356486494;15.0328115678433;355.12624977345644;387.91843229006537
117;trans.alpha.carotene;171.87577893382428;2.4856663371635435;169.4143059078464;175.9880153892957
117;trans.beta.carotene;200.29392906728896;13.474699374565803;189.37880281454048;220.05555393569128
118;C18.0;5.5555200017266175;0.11011409712887865;5.402496343681951;5.650851816835613
118;C18.1n9;43.592508506126435;0.0923947280095669;43.47694284452265;43.69693778767186
118;C18.2;9.869411720782818;0.1079098956649983;9.734505374109268;10.025909236980754
118;FFA;13.890080200200396;0.18947038008571554;13.595220755233889;14.054819949741505
118;aT;153.4902560735228;4.342028244693691;148.7720511835478;157.73833238350855
118;aT3;228.13944965638288;6.125128990407423;218.35247475584745;233.94260319702818
118;dT3;109.18569074650448;6.964502873554763;104.59023954452127;121.34488137554101
118;gT3;315.614707992651;18.78004923298638;291.4257591692615;338.2271048141189
118;lycopene;7.779245799624311;1.8828384217823972;5.891498811048086;10.5394454449262
118;ratio.alpha.beta;0.7022360199348204;0.010544743284111929;0.6897293940240148;0.7172529876875171
118;ratio.alpha.natif;0.40919073646502424;0.005263603209053243;0.4042246560715596;0.4164960199552476
118;ratio.beta.natif;0.5806605711711967;0.006021233669371444;0.5751963664397421;0.5897145632733654
118;total.T3;650.7556434076868;24.284910439078097;618.6889034561601;682.3330905218946
118;total.beta.carotene;761.0195711159388;15.25994045531577;739.6792373498298;779.2083416480658
118;total.carotene;1121.5316584725315;14.18100623023419;1108.031283065365;1145.592214207858
118;total.toco;827.5369059445256;29.234485535448076;799.4311428380435;875.9175740066113
118;total.trans.carotenes.natif;892.7059752066855;11.969991355973873;877.1410226007287;910.5691873639956
118;trans.alpha.carotene;386.7651043233721;5.709261309328691;381.06974502222744;392.85287380012903
118;trans.beta.carotene;503.71592319294894;5.407756762139095;497.7529865391742;510.14921831945327
119;C18.0;5.6555550639832495;0.045979450985787644;5.57542504289875;5.687779423001003
119;C18.1n9;43.60508543952879;0.1844596541110352;43.460025101979646;43.926527783093604
119;C18.2;10.989958776183093;0.029407045541024246;10.944282998635499;11.017743428066522
119;FFA;13.287761338405906;0.24196332550414035;12.940161570095727;13.608578738725463
119;aT;147.35138755914798;7.956034770266584;138.2742889656376;158.72163771651006
119;aT3;197.8523876893922;6.6752059481690225;190.5447348824031;206.7736755224416
119;dT3;116.55164827697124;3.0864762686776044;113.35061204025408;120.57943731595711
119;gT3;319.124807496776;2.8175772620025348;316.17460687822546;322.9693654159414
119;lycopene;5.82931228021693;2.0213979325344757;3.713479470004959;8.361436829859127
119;ratio.alpha.beta;0.7140327803314724;0.015941183769455688;0.6920766970502519;0.730464027971993
119;ratio.alpha.natif;0.40842843256986594;0.002644519571998021;0.40393185004643983;0.4103932021748844
119;ratio.beta.natif;0.5827388999220326;0.0024761280857760457;0.5788502080266158;0.5854870443605941
119;total.T3;648.3150120268364;20.055440872384654;616.973368602869;672.665957739494
119;total.beta.carotene;447.13614842234074;12.737574091609915;436.9741705442554;467.92292615660256
119;total.carotene;738.9272679498323;34.607561723932356;706.5054917775047;796.6954398784516
119;total.toco;718.6573626299178;50.512915193116854;663.4900782028361;796.3855952363206
119;total.trans.carotenes.natif;627.6817104620535;29.715953237900806;602.7607743768617;675.7318685189035
119;trans.alpha.carotene;239.8555958930146;6.890048456405444;234.15946416012753;251.69004777367965
119;trans.beta.carotene;352.8165211389667;19.196171544002;332.48091124570595;383.5266276077827
120;C18.0;5.445441550240181;0.17309130003104248;5.30146815294318;5.736632666241124
120;C18.1n9;43.77068785981007;0.18352660726218512;43.57206088045552;44.04135401846248
120;C18.2;9.695740973063582;0.3576915561635702;9.440484332366665;10.322445216686319
120;FFA;19.46538062613383;0.16246289091952237;19.212539395743143;19.610140165393062
120;aT;104.30910879444102;7.6145288012532975;95.74181494201854;112.37782991417936
120;aT3;193.95056205325338;12.39066771993782;183.97903127544106;212.01730189540453
120;dT3;117.67292573330515;9.411150437475541;109.24212414435642;132.29474159312952
120;gT3;290.37129138004855;17.812367945253754;268.4476300971018;311.74395340042116
120;lycopene;6.688041282690705;1.6285639451685772;4.2916485606103105;8.342488216072782
120;ratio.alpha.beta;0.7234562144872791;0.004379787596096302;0.7176278267952931;0.7292354752667844
120;ratio.alpha.natif;0.41467825064072505;0.0016362730476981791;0.4131191112757383;0.416706742343676
120;ratio.beta.natif;0.5757936494404433;0.002803484829267852;0.5718579926007022;0.5789831501318524
120;total.T3;612.8914603287424;20.818948463058263;583.2294799522241;631.552485645335
120;total.beta.carotene;549.9133285927206;27.346816255829363;501.03304840739764;563.727438941616
120;total.carotene;881.5385945044673;24.301981561809647;842.1786131448488;906.5295297819846
120;total.toco;690.0484320010476;11.024454422384634;682.6545018960259;708.587675310561
120;total.trans.carotenes.natif;697.0231687058866;29.366033065022457;646.9034869946053;721.0603170154598
120;trans.alpha.carotene;316.3976168832029;12.999127806470531;293.79988167539943;327.16483538217693
120;trans.beta.carotene;387.55310694171163;9.541194036039858;376.1539709806448;396.8781831582614
121;C18.0;5.356480373189668;0.15806832089421036;5.249070231179319;5.623981454881787
121;C18.1n9;43.472916172088205;0.09757846757852828;43.32793041708818;43.56239394233474
121;C18.2;10.085181087352542;0.4256048836884857;9.523900597299125;10.556099184746943
121;FFA;17.582234966452894;0.640594074703725;16.975268587033906;18.59609724275601
121;aT;197.0109174482143;51.20245313842029;122.75858320282809;254.25650609200147
121;aT3;216.00966273042232;13.18816030853212;201.06740079344522;236.134069662772
121;dT3;130.54794478833938;7.455582026078438;121.62409496304262;140.11542461576724
121;gT3;298.4621544818774;15.688102611131377;278.02338820089005;315.4313440362502
121;lycopene;10.044993286664546;2.3868264823083054;7.913902185047241;13.914768596907043
121;ratio.alpha.beta;0.7432385896739192;0.018750850796197684;0.7268526578384912;0.7636933920806314
121;ratio.alpha.natif;0.41732972909092886;0.005352330860032764;0.41283023992852025;0.42387068056776384
121;ratio.beta.natif;0.5731758269807536;0.004762722914624041;0.5675011646882145;0.5783012455010401
121;total.T3;621.1020604965521;24.584403601871596;593.7657915359403;657.2137804756815
121;total.beta.carotene;515.0009740120911;5.450118526402437;511.20659246241274;524.5507193706651
121;total.carotene;857.5581030516587;32.24756537751364;825.1858469725661;898.8675528921633
121;total.toco;989.0537677610812;161.62274383203058;772.8515626419917;1201.6187235166124
121;total.trans.carotenes.natif;672.0368790877338;31.736744604703297;638.5883383254151;707.8364686288602
121;trans.alpha.carotene;263.1204938750456;3.2276096175688025;260.5114574329263;268.54445627239465
121;trans.beta.carotene;375.64617322268896;32.35359347574858;343.9677270252378;412.06163585574086
122;C18.0;5.194383180593603;0.08627283187222796;5.069661785637439;5.30543278106521
122;C18.1n9;43.268042828276734;0.13039043954892815;43.09017652717787;43.44120658684503
122;C18.2;9.1661752678741;0.04898060511073127;9.096766525683043;9.20687885046583
122;FFA;19.000477828391034;0.15218692381388366;18.846193852417976;19.182071950887465
122;aT;90.19925176961209;1.3922354437730318;88.36685886509198;91.94797943925906
122;aT3;183.64811479370186;13.98628413276067;161.40060056273043;198.41849703950663
122;dT3;117.08065850500262;2.4868978443736816;114.48682744336476;120.48414682677956
122;gT3;307.8810189898245;60.65703061603067;250.84880171343946;394.3408288982423
122;lycopene;7.997211630018614;2.129781792727828;4.868184699053442;9.898862872343994
122;ratio.alpha.beta;0.7256285191180174;0.015602942169398303;0.7037474380970287;0.7411803652953682
122;ratio.alpha.natif;0.4136040573070997;0.004214771825961095;0.4085526027744542;0.4185989002294795
122;ratio.beta.natif;0.580838954281601;0.005989526738693605;0.5731078207341129;0.5878494209174127
122;total.T3;664.7084883482665;58.81288580539222;575.640321111439;723.4166575791255
122;total.beta.carotene;524.486218723704;1.3598936509026072;522.9600886148849;526.2193115945994
122;total.carotene;863.5672610643863;18.746751116427205;834.6549090166636;886.7138141222541
122;total.toco;626.9357610812812;32.878429762427345;583.6249401320835;672.1924604648906
122;total.trans.carotenes.natif;661.5630692287411;18.446328782686333;634.6446786052518;684.9556004699429
122;trans.alpha.carotene;297.25947307990543;9.239466032753617;286.5497652078528;308.03309968745344
122;trans.beta.carotene;360.62580732911505;9.972994950973975;348.9533724693824;376.3925549694344
123;C18.0;5.660676718257774;0.08656741039605086;5.557415032156041;5.774385737789376
123;C18.1n9;43.06426509624272;0.08365295597965888;42.93217003372398;43.1600400876092
123;C18.2;9.46731853996462;0.05473221965579722;9.420171619654072;9.53545896784017
123;FFA;15.507102142598118;0.2952214872391103;15.169053585562699;15.907439089724503
123;aT;144.26225713945428;2.165781465387148;142.08109238812833;147.50324537637152
123;aT3;233.81156692497493;11.65239554201153;213.24895290997713;242.14259741110195
123;dT3;107.38544151775466;9.83212103324764;96.14432355143732;119.36064403421024
123;gT3;319.0264902652442;60.846963598135744;253.39565643206197;383.47744332651354
123;lycopene;11.39621421410757;2.0620219344380444;9.164710732786187;13.796636060235638
123;ratio.alpha.beta;0.7103945897974013;0.013440616320923042;0.697981141248709;0.730090207938311
123;ratio.alpha.natif;0.40304002353405793;0.004313317825152882;0.3983555743648892;0.4098066309219132
123;ratio.beta.natif;0.5875330035711148;0.004909064740372307;0.579590640592432;0.5920359491524323
123;total.T3;682.6159641687519;15.045768728509005;666.9672947758519;702.7430699335524
123;total.beta.carotene;809.3876001489032;11.729817226694971;795.9147406792747;827.7741870620022
123;total.carotene;1200.618067158109;13.43466624616506;1184.7081743801368;1220.6757555927954
123;total.toco;783.8716228701317;26.320899043478107;753.7071668265609;806.9130272129149
123;total.trans.carotenes.natif;956.3979464766314;20.88302550507586;931.0692382000047;981.519553277682
123;trans.alpha.carotene;423.2555283123112;2.985983780809772;418.227956042109;425.46608912627613
123;trans.beta.carotene;546.7086527370899;14.084079989275507;527.426560449541;560.8089548558771
124;C18.0;5.721698774686959;0.052079699640542536;5.633949928808247;5.765034444034468
124;C18.1n9;43.898455578958846;0.10570714652775642;43.807888293363774;44.054207099542644
124;C18.2;9.464914483108553;0.14769405375585198;9.331331894149384;9.693562384744443
124;FFA;16.04134300843439;0.36484495016400903;15.610429956754974;16.399036776262076
124;aT;159.20729012626552;4.693590787382226;153.51481914201156;165.48283843876501
124;aT3;240.302613531742;2.3507773002898835;237.57446761227038;242.65262375957192
124;dT3;114.77254997766381;5.563302166619225;109.22556717068284;122.35642673532868
124;gT3;306.3711937633451;16.503494309940432;279.00862203643317;322.45169496687254
124;lycopene;7.05361269044902;0.9903742865611451;5.305325220561075;7.730088875202856
124;ratio.alpha.beta;0.7267536530012082;0.005826853985879647;0.7186758815738152;0.734665722804608
124;ratio.alpha.natif;0.4146091573436247;0.004945915161343929;0.41064714813198594;0.4226954967321355
124;ratio.beta.natif;0.5776269384080642;0.0060212385942277225;0.5688135516260325;0.5845735296333381
124;total.T3;622.6571601135864;24.29568840712931;593.6970570613622;658.1268705398516
124;total.beta.carotene;530.9995773856211;37.72530772874006;499.3384407931301;574.3740544441026
124;total.carotene;810.9916323485835;46.684673099988466;775.013004885179;869.8158587560757
124;total.toco;827.3336128714507;13.764179393910041;816.3826695775267;849.3623003517506
124;total.trans.carotenes.natif;662.6523597924145;28.590617626555968;637.1865901651453;698.8536021636351
124;trans.alpha.carotene;285.0793787228431;8.386599823506428;277.0202122733039;294.56350698654626
124;trans.beta.carotene;377.0225849149189;27.051770059649776;353.02641525694435;408.3207764699815
125;C18.0;5.390349318719581;0.05689684578097496;5.318518675473624;5.474069949982334
125;C18.1n9;42.573462324091935;0.07099525705495648;42.47114934631782;42.65351439803219
125;C18.2;9.337106367434375;0.03981802508451179;9.298433637072566;9.402831419899984
125;FFA;13.789713920724362;0.20247981907121698;13.474608003872287;14.035696664192992
125;aT;116.86208783197135;7.029403909863601;108.48522081326023;125.63188024344214
125;aT3;238.15624066164327;12.4549536853533;224.53578538595355;250.78863240974644
125;dT3;115.98180582947361;3.0418908428974447;113.30501215300339;121.01784595991543
125;gT3;267.20213052059205;11.382063956401616;253.09696818175496;280.95728600882734
125;lycopene;11.07127390727141;1.6020026087853347;9.221864244110673;13.316903395749657
125;ratio.alpha.beta;0.7418508878924259;0.011343542875702807;0.7220121052486899;0.750348704340826
125;ratio.alpha.natif;0.4170576025365101;0.004549063259881328;0.41188405008323736;0.42131329739468965
125;ratio.beta.natif;0.5797217379999939;0.005052838706199298;0.5748084832965795;0.5854737089452171
125;total.T3;625.2298545045415;28.424584020018976;601.815238235735;656.6718213988293
125;total.beta.carotene;486.0664948150919;2.2344881942570325;484.40248780597557;489.9812390001301
125;total.carotene;869.1071624828458;15.471758722429355;853.3005430287693;886.8330789905806
125;total.toco;798.769899508004;35.201597041381355;740.641186147089;824.4041558757739
125;total.trans.carotenes.natif;660.8691932853078;12.304136043960456;641.2939581765123;673.0707311483112
125;trans.alpha.carotene;315.1159844346583;2.1300212658346993;311.5421656967975;317.2328557578788
125;trans.beta.carotene;377.52799912185503;19.22721691913327;357.2035130061578;402.118340604547
126;C18.0;5.386577551930001;0.04815802919386645;5.351223255075056;5.4687082787223
126;C18.1n9;42.4346486359057;0.18337462663758755;42.25870948771386;42.70475334123989
126;C18.2;9.357749520483821;0.058982537434207685;9.256145950958325;9.401248566497964
126;FFA;13.740573236386922;0.14908419797363423;13.568855171058456;13.900052123718535
126;aT;119.25026180718866;6.280063814830396;109.31021256928295;124.54453663584646
126;aT3;251.54009530864715;14.044966552045983;233.32735190132954;268.2359987070846
126;dT3;114.55878137345812;7.150347186014419;104.36945003602504;123.62031486820854
126;gT3;270.8473199133708;17.584885354084093;257.08643513181306;299.86789850031647
126;lycopene;8.289447026771507;0.9075067541550803;7.206146457387027;9.251298224480868
126;ratio.alpha.beta;0.7494207557676889;0.021404543461463543;0.7225117035891307;0.7703956637354427
126;ratio.alpha.natif;0.41441263642088;0.0066198208119118635;0.4065746160923255;0.42136213989645016
126;ratio.beta.natif;0.5814081523017574;0.00803467610392373;0.5731302656342945;0.5901017845329871
126;total.T3;637.7101452595869;36.89440894104515;592.0480869551844;691.1611800590432
126;total.beta.carotene;483.8495414855619;2.3130396596574334;481.85635522838527;487.5104231856317
126;total.carotene;856.4941740765391;3.852227395286909;851.1792996096539;860.0837498155685
126;total.toco;805.904362283093;33.71122937828111;758.3314247167459;851.4911403750307
126;total.trans.carotenes.natif;642.980742226245;10.595566925819911;629.3619068602021;654.3483448730223
126;trans.alpha.carotene;314.81063998016964;2.815865381505185;312.55060957977616;318.6191069368154
126;trans.beta.carotene;365.6118681227548;3.833289038715142;361.39393452419733;370.8361404063539
127;C18.0;5.945120084973707;0.11225025401016442;5.829679397148825;6.128347794828069
127;C18.1n9;44.546758186575914;0.09010762693583003;44.43026823766341;44.63222783640222
127;C18.2;10.846761184844393;0.0760695738451468;10.735515040983103;10.90818984696948
127;FFA;13.395670800370107;0.25116079945334124;12.997952269547804;13.623303270306302
127;aT;143.981285189758;9.825367206166364;133.2098437279678;158.0507442637135
127;aT3;206.33833323777822;6.0893003569657616;201.198772791555;216.83404236323196
127;dT3;110.53448680159181;6.168614244524743;103.34546988636899;119.95744584874126
127;gT3;323.11636940009816;22.94337807773408;293.9469133811583;352.18304135685634
127;lycopene;9.104200241434024;1.7127629785529408;6.545988937526831;10.45953902610589
127;ratio.alpha.beta;0.6653032820557669;0.005595828351177991;0.657654427917052;0.6706160126104401
127;ratio.alpha.natif;0.38988448856920793;0.003463582558383067;0.3859695655204865;0.3947850249260708
127;ratio.beta.natif;0.6054226694704;0.0018538758745675569;0.6030070702797903;0.6078622972892002
127;total.T3;610.7099223398554;20.58403586608754;589.9829305729772;632.6889863549652
127;total.beta.carotene;717.2733486175814;32.05046264397748;695.9183897107607;773.8655328068984
127;total.carotene;1053.9772830471934;48.906018596572686;1016.5611336024624;1139.8686119292086
127;total.toco;860.5344077034208;47.97550912028974;814.545495478809;936.0302062741996
127;total.trans.carotenes.natif;872.3429112620739;25.982673102904215;856.330475484522;918.3113787353494
127;trans.alpha.carotene;335.2249784976135;11.414759216526813;329.2659366939811;355.60241875824215
127;trans.beta.carotene;509.82289828707235;13.484273280495714;498.4816298106047;532.6540942374584
128;C18.0;5.91338732669511;0.07625881231251636;5.786334047103391;5.972700701175004
128;C18.1n9;45.18028813297281;0.3094664597412677;44.64448209177769;45.397668346793836
128;C18.2;10.855162631395114;0.018629226303455013;10.826452382412144;10.872089805991287
128;FFA;13.06230177903918;0.23235029222191242;12.752541008727754;13.262657876799556
128;aT;160.17873980355364;5.8553975980096356;150.75559751140347;165.347347366327
128;aT3;240.58511902730524;2.398540662122563;238.57305286472067;243.45795149149728
128;dT3;106.47101990793627;4.748098538387994;99.26150817001562;110.63194559187605
128;gT3;351.0257474221437;33.25244137721111;306.72591521256237;379.3793300224601
128;lycopene;16.076807317355442;0.8207264230747636;15.51426024705944;17.50655963313221
128;ratio.alpha.beta;0.6787524993530122;0.01021455911847757;0.6611706843833004;0.6876435023407904
128;ratio.alpha.natif;0.3978986148607307;0.0014515856941169202;0.3961605287779891;0.39926844890741187
128;ratio.beta.natif;0.5941321584275787;0.0016879705782228444;0.5917964403120323;0.5957367903015673
128;total.T3;663.113628616555;24.599040869563503;634.7733311522081;697.2444783607242
128;total.beta.carotene;1392.6496531875569;5.855466477352239;1386.0836431758553;1401.918888896346
128;total.carotene;1959.4643294166435;5.461200730255006;1951.2499923223136;1964.6465385400113
128;total.toco;853.8639451239694;6.082092350492698;846.3320376904131;861.7568918106417
128;total.trans.carotenes.natif;1610.679504417019;6.8618176152504695;1604.7604943132471;1618.648424476718
128;trans.alpha.carotene;704.2925720051229;9.326786700937797;694.2917151715687;714.5828371464175
128;trans.beta.carotene;863.8748000640086;3.2935999482928193;861.1526624537798;869.2280139821862
129;C18.0;5.816272388794023;0.042048282349089194;5.745895795194949;5.859478179841732
129;C18.1n9;45.58409526215129;0.5575141330133346;45.16180930720518;46.21488864746986
129;C18.2;10.868827693774815;0.015218082859712415;10.844523829118723;10.884699606582071
129;FFA;15.451977292998318;0.22440774592103202;15.062921757879986;15.637187692475466
129;aT;147.59824734100084;2.462545971544853;145.6426764112347;151.52544384685203
129;aT3;255.57071229862953;13.180638106023908;241.826831405295;277.18067406054956
129;dT3;111.358258624983;8.0919103405775;100.7590432906514;119.83812976531945
129;gT3;317.61696337659924;15.887335772194795;299.62343393715395;342.3701906426647
129;lycopene;16.989499754866806;0.7909087027898629;16.1243597456944;17.796341518238606
129;ratio.alpha.beta;0.6856051028037179;0.009494630611807846;0.6732146330971511;0.6928499377334769
129;ratio.alpha.natif;0.39840042075191207;0.002430625930714071;0.395509161854206;0.4015039862697717
129;ratio.beta.natif;0.5936417774751861;0.0018177450865279822;0.590932149859561;0.5956738675752437
129;total.T3;645.1169152430235;23.067354062523275;606.9666991866841;663.4030450462276
129;total.beta.carotene;1373.4575663457967;1.670855518570754;1371.784103498818;1375.5988005561385
129;total.carotene;2016.9004925274749;80.14244548881543;1924.6189617788657;2098.2671195429425
129;total.toco;853.0645496888944;21.79856227749935;820.24524963624;876.6560885890581
129;total.trans.carotenes.natif;1660.1941575402034;50.640870267093504;1595.3591787489117;1703.457118995652
129;trans.alpha.carotene;748.6543302160605;0.941136481800818;747.7147771830976;750.1097902352088
129;trans.beta.carotene;908.6379665158445;26.6446748827685;878.6286230596281;939.9107044395897
130;C18.0;5.898671566539631;0.033184033824096064;5.873532939798684;5.943917546682658
130;C18.1n9;43.30044268832141;0.20171859238700898;43.0929849221135;43.51637189777343
130;C18.2;10.297498141769562;0.41306091703330233;9.903851768620145;10.675082671405592
130;FFA;14.09380527373951;0.4196048401073953;13.674919009817577;14.675292096679197
130;aT;148.0441629856884;3.3058367481456123;144.7455420453512;151.60828954071619
130;aT3;236.75525177283794;13.286244972891707;225.8283628444919;256.0823489570554
130;dT3;109.27829873707864;3.1023869800453734;105.6617353087827;113.24482368067865
130;gT3;309.692371890326;25.563411275535156;291.0271604413215;347.48682959926504
130;lycopene;11.017590360483805;0.6718530500061934;10.309545894594127;11.601840828606427
130;ratio.alpha.beta;0.7810090382532922;0.008705102353932084;0.7734809188918564;0.7908702591706933
130;ratio.alpha.natif;0.4302879923751701;0.002145414233449455;0.42820335967213663;0.4326757010387032
130;ratio.beta.natif;0.5666286179726071;0.001818401255807749;0.5642790235995065;0.568707205423473
130;total.T3;654.3734777507154;44.754644248195184;615.5126532614585;718.7646141320272
130;total.beta.carotene;951.3484275023733;6.868721246157085;944.0342380931671;957.266961295322
130;total.carotene;1305.891157331546;13.73757334199377;1286.5072639897478;1318.620053687656
130;total.toco;793.8566429686467;35.66603387865923;759.8738820072393;842.7524384766393
130;total.trans.carotenes.natif;1068.5692651953966;13.739748045825529;1051.8751998214418;1085.267764502521
130;trans.alpha.carotene;421.28422498325267;2.6632772753043708;418.6268336703277;423.8078080643733
130;trans.beta.carotene;642.7942359735869;5.892518137711328;635.6560069165679;649.7114821688582
131;C18.0;5.797731541046725;0.07341611786334809;5.709575426840584;5.900108302904804
131;C18.1n9;43.587805461177894;0.21127999520250854;43.3524032717109;43.86369624974947
131;C18.2;9.380874194073803;0.09780291804916522;9.2294577493611;9.494719946363087
131;FFA;10.474186835280232;0.13958070995984817;10.335524852830217;10.639003479529446
131;aT;167.91709691915545;7.002018037859743;157.21271862664804;173.99469159582895
131;aT3;222.16632273730983;9.442764729689404;208.90471302435432;233.24249308812378
131;dT3;115.13798702901893;3.425061937062915;111.96454442294906;119.95380387806082
131;gT3;296.19088272924967;8.610998147218671;285.332333907533;303.8641343169411
131;lycopene;14.967461760530323;1.0678679634597101;13.526417904927234;16.01390218425721
131;ratio.alpha.beta;0.7753585665277746;0.008317167825274389;0.7645877754895862;0.7837829036717205
131;ratio.alpha.natif;0.43747473269405945;0.0035949441226693444;0.4323401433299334;0.44240809568957096
131;ratio.beta.natif;0.5689196522670297;0.004273498969802037;0.5637255328453022;0.5753967265860961
131;total.T3;658.6613350678481;30.2747196275809;614.9519456116877;694.2781183368002
131;total.beta.carotene;1260.4932966728843;7.541572878542604;1251.9039756328725;1270.0793585181432
131;total.carotene;1789.333134442993;2.784765660071161;1785.626525427553;1792.7540280044218
131;total.toco;751.8356740020376;26.85494657353623;708.6903803704126;779.3083779826018
131;total.trans.carotenes.natif;1463.9856556086002;11.635541431610203;1448.1967069058385;1475.4526052213466
131;trans.alpha.carotene;680.0997724695837;6.994387760639088;670.8470212017772;689.6659693283852
131;trans.beta.carotene;832.4798388557019;6.925134498733257;825.1611610747093;840.8818184641373
132;C18.0;5.691416408712733;0.06462316370351721;5.62952820754983;5.776594104432381
132;C18.1n9;44.00132961448419;0.16966210712424848;43.72838599764402;44.13324975803345
132;C18.2;10.18143252335422;0.07827424437035892;10.106183158174243;10.299332977737174
132;FFA;10.697302180124101;0.6154714651406755;10.214842563874337;11.391400040138956
132;aT;157.68812357182205;8.534628040054656;146.1948497590578;167.14129205453065
132;aT3;242.02965924435784;12.356204616149268;222.84203694288487;254.76447619720037
132;dT3;112.34081506702344;5.502598256621928;107.0940348215597;120.19064643021333
132;gT3;321.8411482980262;34.26471284601235;278.7897527750117;364.74266072773474
132;lycopene;12.502080514404678;1.0561127191477675;10.957418165720618;13.616416486128092
132;ratio.alpha.beta;0.7679542511778208;0.017691291345428597;0.7386846279226431;0.783284436572609
132;ratio.alpha.natif;0.4367143378725166;0.009920960899899906;0.41907421794180477;0.4429017154403622
132;ratio.beta.natif;0.5610492028143481;0.010462311541561574;0.5526321949221555;0.5790893129952999
132;total.T3;749.4764488562907;26.337177386236874;719.3299688863573;783.1221773089314
132;total.beta.carotene;904.1645432075893;19.634588419535877;883.0252969465952;927.9618519526077
132;total.carotene;1335.0288799589564;17.511639946760678;1321.8918738019772;1364.4595436501013
132;total.toco;850.473167762183;104.26660369161702;727.9776294401943;1003.7381540359413
132;total.trans.carotenes.natif;1117.0483391942603;14.555217218913397;1102.3365817341364;1136.329814528682
132;trans.alpha.carotene;421.9274850382026;2.46727672969955;419.13101185603796;424.2030223192919
132;trans.beta.carotene;807.7650254572524;9.056613466151285;795.9537871961694;820.9447188629151
133;C18.0;5.873581919450626;0.14671008343096673;5.737874625334766;6.110596884725579
133;C18.1n9;44.19684747737815;0.18763312153552578;43.97646503643003;44.36878141097044
133;C18.2;11.027211875451487;0.09343708560525682;10.862381128865126;11.087495224624435
133;FFA;10.721785707119272;0.29469891916524416;10.470802513601441;11.228496997024104
133;aT;192.97572169099513;8.311495494027733;185.18358093418453;203.8876828441818
133;aT3;216.16537063107313;7.174983170650931;211.13542908427874;227.331976874486
133;dT3;125.69236338943158;6.9922820774459975;118.25016812525837;133.81338970228478
133;gT3;346.53451837571663;25.32909863635996;320.6588843714643;382.6709700908383
133;lycopene;11.114625795781684;0.8445169016142019;10.397393776768322;12.189003435294053
133;ratio.alpha.beta;0.7136638784767937;0.009337646997607262;0.7033402951612817;0.7248068299159032
133;ratio.alpha.natif;0.4135062427527406;0.005757015566455578;0.4059078608385532;0.42056431134200617
133;ratio.beta.natif;0.5810858666314772;0.006027563517346147;0.5719094644875049;0.5870843300860706
133;total.T3;705.752016265322;24.903986831616344;682.1748372198701;745.4924411480937
133;total.beta.carotene;919.652690189662;13.623875696515446;905.734889945934;939.5041070288162
133;total.carotene;1362.9015354920905;37.1976150586082;1325.927491837917;1420.3053512140673
133;total.toco;873.6538312509301;51.30087837907296;785.9705902303285;911.5029162886186
133;total.trans.carotenes.natif;1102.109841880747;9.587076239359732;1093.5040811050383;1114.3081354179292
133;trans.alpha.carotene;402.8511911863657;3.334785143369934;397.3038661667877;406.1270187589999
133;trans.beta.carotene;692.8170948664877;18.976013811636857;674.1832236140256;722.6779003919153
134;C18.0;5.955690332037744;0.08225518079218144;5.823227712058428;6.027359262050099
134;C18.1n9;46.073127337282436;0.16803351998905486;45.84678044167114;46.30719958476273
134;C18.2;10.556956778597463;0.38509152604215446;10.242737103250942;10.999706859994497
134;FFA;11.071536070439276;0.13966459067566245;10.875454228728724;11.255938825843817
134;aT;164.1519002756673;11.038337418848199;151.68730975158704;180.1252131543452
134;aT3;219.7959215383625;5.152490386885966;214.85105170443686;227.43410049589016
134;dT3;126.03272900916636;3.457557941010429;122.83244586513649;131.84510160846588
134;gT3;342.9117459086506;40.26098220114494;275.68651332376425;381.86525213484686
134;lycopene;12.852934756772239;0.8135288888038035;12.380982347320298;14.277848545755853
134;ratio.alpha.beta;0.7387334696270357;0.007520458520139498;0.7323272939530802;0.7490835681052904
134;ratio.alpha.natif;0.42014534465559655;0.0025851276359460905;0.41774368289188063;0.42379184376830653
134;ratio.beta.natif;0.5730822195916635;0.0031745944911093383;0.5688427989340261;0.5775413486159987
134;total.T3;704.4086576688612;41.902005622587204;655.7559894650024;761.970739708224
134;total.beta.carotene;1049.1360212059335;16.67706077739229;1036.125482556504;1076.9567874979657
134;total.carotene;1614.5348132245842;22.519127747161264;1595.24569338152;1652.8557886990238
134;total.toco;782.4901713686869;31.702781805472732;744.1167341268664;817.7820166772099
134;total.trans.carotenes.natif;1319.2411274846054;19.43151190767635;1304.5659877205558;1353.2164761743177
134;trans.alpha.carotene;505.25100764691496;15.733763667543084;491.2888958153061;522.6985265268927
134;trans.beta.carotene;741.3297410499374;18.589033124169283;728.1423759700655;773.362524566883
135;C18.0;5.935837214647118;0.09190947080614756;5.836519969208208;6.068071554988103
135;C18.1n9;44.32360789086748;0.12259762708818406;44.11241476370153;44.40331181200797
135;C18.2;10.504227776722114;0.11664775930980392;10.390434659774137;10.62933966823353
135;FFA;12.284760393110457;0.3979063065223247;11.639825729639888;12.672535385983176
135;aT;153.60629192434607;15.290846850358452;138.53585623521337;176.6379403695594
135;aT3;216.33840094701858;8.281915685160289;204.88168580320792;224.67583804967518
135;dT3;116.7243068454145;5.8699730596431445;111.98978359305433;126.96161743210273
135;gT3;359.3400575199338;19.80747072131812;332.40024848558073;381.62294213199067
135;lycopene;14.41735488231925;1.355983532182523;12.967545334121674;15.906983282473464
135;ratio.alpha.beta;0.7332338729005661;0.013333328083864133;0.7151881584773284;0.7456258756077782
135;ratio.alpha.natif;0.41336760162730374;0.0030859820790928322;0.40805796434777825;0.41545883151488333
135;ratio.beta.natif;0.5839621585381582;0.004504270885245658;0.5807938559397791;0.591897872505007
135;total.T3;742.2109983381663;16.205809410814368;717.6017590256574;755.8017417003582
135;total.beta.carotene;1280.3695840720368;36.27206290666105;1251.3394300975995;1342.9619131257364
135;total.carotene;1810.4561167365882;43.90581123699238;1783.2087692901507;1888.456392696718
135;total.toco;762.2227299324029;38.948458421603085;718.9057228261119;809.242081384044
135;total.trans.carotenes.natif;1491.8214679918838;55.95000925808585;1447.409107855675;1589.140602430091
135;trans.alpha.carotene;673.0870902476934;7.578449087827609;666.5474210689684;686.0896371145249
135;trans.beta.carotene;847.0794281532853;17.159121554740015;825.9646282633022;871.7720973998304
136;C18.0;5.345016595796032;0.070657982363571;5.257981847081412;5.454803028092135
136;C18.1n9;43.643388147113626;0.14065826847149618;43.42583016877604;43.81363616343988
136;C18.2;9.81822648751936;0.02869949250049944;9.784803485791006;9.849326159242201
136;FFA;16.322424473381073;0.1168887269982305;16.22437221938304;16.513131796748777
136;aT;123.10934743567718;5.173691250229108;116.60532915987079;129.8466918013769
136;aT3;206.48271733605105;12.033093981006038;193.9713128473572;224.5965942913409
136;dT3;131.46238308343808;8.448399661920213;122.0735604022484;140.9348769981114
136;gT3;292.1246797664894;17.49253017556606;274.4383339747547;320.0097720474813
136;lycopene;11.548264714452888;0.9864837781831719;9.881612586916269;12.248706034243433
136;ratio.alpha.beta;0.7418880596740061;0.010493760090662984;0.7237084812376534;0.750087447993114
136;ratio.alpha.natif;0.4171942213498691;0.0055151833899396005;0.4096712952646127;0.4246439910712347
136;ratio.beta.natif;0.5763672847727257;0.006225510540236433;0.5706814225888089;0.5861779621385261
136;total.T3;719.3391691661388;34.7128493740934;674.2696365626971;767.488379036407
136;total.beta.carotene;1136.1388732227333;10.918218983880163;1116.7014490766785;1142.3596396838868
136;total.carotene;1296.8912638787076;28.16017473320286;1266.475356499749;1326.49423304387
136;total.toco;761.5494184343628;15.661430597794649;736.5342936515055;777.7994282958034
136;total.trans.carotenes.natif;996.5574869336708;22.267159952480924;963.1197472612834;1018.8123197957237
136;trans.alpha.carotene;485.24907133244176;1.6020208971555918;482.57399032051575;486.79899374149574
136;trans.beta.carotene;555.8723911084733;5.3882966353576665;549.3704878685163;562.2471664814918
137;C18.0;5.750604072459124;0.19292127156618374;5.5382178384975225;6.066886183854311
137;C18.1n9;43.76688003024553;0.05471340529889091;43.704255638698605;43.84003793111442
137;C18.2;9.57689733845439;0.08016618817237112;9.48613986824578;9.704218007679437
137;FFA;11.401061149479084;0.06887017824158435;11.339601623229525;11.513154764138928
137;aT;176.3493604047897;8.48925195026642;162.69787528660257;185.75945665162274
137;aT3;227.3012052915317;6.604391960845156;221.94633183392003;235.34607434773707
137;dT3;125.1956017865432;6.5808923978882605;113.52393230553324;128.86393179164676
137;gT3;297.8693215959674;39.49987165509427;260.8704346159608;345.52772342721113
137;lycopene;15.672259077443494;0.8925649743570416;14.638259165150318;17.073691324421056
137;ratio.alpha.beta;0.7329764046043061;0.009730562578302465;0.7258293698135855;0.7496163013385788
137;ratio.alpha.natif;0.4154991137253189;0.004173333850533571;0.4098359498913443;0.42016797852608756
137;ratio.beta.natif;0.5781775116507405;0.005249807916564874;0.5701966598357268;0.5829205800593281
137;total.T3;697.2749546530058;28.248032269436944;661.2508210270515;736.2431148715284
137;total.beta.carotene;1457.2930712567388;7.965855971933558;1452.4996185391005;1471.3933350564628
137;total.carotene;1994.1484327173312;9.57923885963315;1981.9970568937392;2007.1279572688475
137;total.toco;865.1435437113942;30.64481385060605;825.4485167127074;907.7814004456671
137;total.trans.carotenes.natif;1638.5635789911812;17.470803107632356;1615.0174986623574;1660.482712785497
137;trans.alpha.carotene;729.6229000527723;2.88224214215219;726.631073240491;732.9286948507206
137;trans.beta.carotene;908.4465975855301;8.590707714491097;895.4824256134485;918.8665526648467
138;C18.0;5.832404185779704;0.15391733350006445;5.692597490214528;6.06323586175272
138;C18.1n9;44.283658302276706;0.33838997057846426;43.9725264544141;44.70245018881736
138;C18.2;9.851399045133114;0.3828432475783113;9.535561112266617;10.516085051955727
138;FFA;14.936127428592084;0.9301620590162859;13.28375690983193;15.502630060596891
138;aT;197.65897929385588;26.99540858251729;176.94540339835442;244.79336976868154
138;aT3;237.36353581037665;12.710873600329966;221.54083699833737;252.39323180494054
138;dT3;132.9491445988167;1.3699559634895417;131.2756887249164;135.08817633451426
138;gT3;317.34272879829575;37.636030570021376;272.775758043462;372.2588393725009
138;lycopene;16.678956995409134;1.0783534419155356;14.876610056050835;17.650672719198646
138;ratio.alpha.beta;0.7661860808291433;0.03585059388489258;0.7044215867535852;0.7944627194919033
138;ratio.alpha.natif;0.43166392812014126;0.012419455824617022;0.4110447852268198;0.44351498110186205
138;ratio.beta.natif;0.5718074466214965;0.009295232249952112;0.5636202672503104;0.5871365652292186
138;total.T3;663.9682085653458;34.08220305892535;627.2294544609243;715.6784024897023
138;total.beta.carotene;1309.0827675917099;84.60605827374063;1252.5411998762843;1456.798723928703
138;total.carotene;2011.249319403647;36.710117095303296;1947.2353729759495;2034.7076601248561
138;total.toco;798.7459065396657;62.11047278481539;726.5523049665125;897.7161660597526
138;total.trans.carotenes.natif;1625.839215876644;22.83770711091686;1593.3556302843115;1646.2340763979853
138;trans.alpha.carotene;702.3960188325661;11.9975147049848;692.0229494125326;722.1136989752482
138;trans.beta.carotene;962.6519911172584;52.11197884555545;875.5268141430694;1011.6774367275023
139;C18.0;5.793218345475734;0.17801196543234593;5.516503816132274;5.944631463043444
139;C18.1n9;44.69833270785142;0.41658363441681207;44.3607077664806;45.35718324522018
139;C18.2;9.493939066179975;0.11937485407850672;9.39877572801445;9.694532224149016
139;FFA;26.540946337020767;0.9410151528917422;25.35242581514659;27.41216763517123
139;aT;129.07709727284373;3.215654611299712;124.42156746336867;132.96355384237998
139;aT3;227.01868669591948;10.427723521555762;217.30177327139054;242.30303707091895
139;dT3;132.28404413006973;6.360846958265896;124.27873216669576;138.62165179865644
139;gT3;322.28802686964127;15.330536728034913;296.8035892083686;337.8834774884463
139;lycopene;11.236084440692867;1.1767289069235194;10.201359057507412;13.107537897638561
139;ratio.alpha.beta;0.7419352145116418;0.012340926465895049;0.7269090487927125;0.7555191339013967
139;ratio.alpha.natif;0.41590990735398065;0.003406822653215587;0.4115301991598921;0.41961623043773055
139;ratio.beta.natif;0.5828850187302198;0.004165626903401674;0.5783552133717197;0.5872962694278389
139;total.T3;670.3988048446724;33.9512846091003;640.6541119554827;724.0116004049187
139;total.beta.carotene;773.4056852590377;49.02754315996117;721.3461082861967;828.2268407798847
139;total.carotene;1323.1426571551676;25.231875372082573;1286.0892684669218;1350.4668293461948
139;total.toco;750.1656598909459;12.253897101781204;734.8961664524411;767.5052857270114
139;total.trans.carotenes.natif;1011.5841000631111;9.140256111510501;1003.1077522080469;1024.459437352165
139;trans.alpha.carotene;447.63256161254367;13.370821272231346;434.5890062344614;461.9764410928094
139;trans.beta.carotene;573.6339545064234;10.425317164726705;559.1006257631997;584.9475088602081
140;C18.0;5.626085664150469;0.11688346138432522;5.533340211372072;5.819342379604388
140;C18.1n9;43.124625873308084;0.07528485623203317;43.0456927184895;43.21503410486587
140;C18.2;9.538863463151262;0.06508061951303859;9.445057489915246;9.611964101933754
140;FFA;21.492746162382574;1.6357224662104748;20.24055100688689;24.309995374791903
140;aT;173.73707157709651;30.512487476685607;141.3711025638939;215.76312318762828
140;aT3;272.65331867846527;22.28063558769984;240.462960681386;300.0594359975556
140;dT3;135.70573800261218;5.1193621354007925;129.538723808147;140.32643812000305
140;gT3;293.1099343301098;49.38644974742329;239.38798536360522;374.268518037395
140;lycopene;16.2385600022903;0.9386418455531079;14.923749343866643;17.17034760634441
140;ratio.alpha.beta;0.7642591709328671;0.01858319239737246;0.7343285831459987;0.7827264595022138
140;ratio.alpha.natif;0.4290865162644734;0.0060418550922432925;0.4209099261644477;0.4378457753589451
140;ratio.beta.natif;0.57233049391125;0.0031801491896664047;0.5677178324341401;0.576240209418439
140;total.T3;648.72229026127;44.45667023046506;603.7343361218004;706.6891920248277
140;total.beta.carotene;1391.5684898652005;65.76970808207263;1319.3225891957068;1466.629720070416
140;total.carotene;1951.2397504530313;58.35242671502381;1883.302426094395;2024.2628078807722
140;total.toco;860.5292252813786;34.20023905264827;806.5922882210282;900.9278972185905
140;total.trans.carotenes.natif;1617.7086772209318;35.81517699467165;1578.7020055304602;1665.6496276888167
140;trans.alpha.carotene;716.5532265431056;17.88153866456419;698.2020983359015;741.3751583988685
140;trans.beta.carotene;884.9242199144135;39.55433545167172;829.4861770857452;922.0961092719779
141;C18.0;5.8053425954399405;0.11710205089687846;5.6658211655420345;5.908029188752838
141;C18.1n9;45.80631892658282;0.41877427737251094;45.08020406805221;46.14707288264444
141;C18.2;9.801199284095286;0.27820861036901917;9.62628469888235;10.290294009888317
141;FFA;22.77953498973767;0.6531158655683561;22.09219558485297;23.859303847391583
141;aT;156.2897292334664;10.662576222796174;145.94313916783221;167.3869290990885
141;aT3;218.21689238384752;10.464663161125976;206.60401031086988;233.461789099414
141;dT3;133.8538249095684;14.715613138788221;111.74560225417252;151.92756674376483
141;gT3;326.10422656064355;35.550300384487144;283.05978371313506;367.86794850867324
141;lycopene;14.493942943421041;0.554114992537125;13.875212836710194;15.097093508788145
141;ratio.alpha.beta;0.7191233091571076;0.011444474712107916;0.705346107699283;0.7329551659599928
141;ratio.alpha.natif;0.42657295726841815;0.007179060179263674;0.4171953445886509;0.4351251106859623
141;ratio.beta.natif;0.5698640398060252;0.005039133180825866;0.5653914981514394;0.5777101970599796
141;total.T3;656.5678481260306;17.014025305885028;640.233020829862;684.6710475919962
141;total.beta.carotene;1211.0954390893426;66.1510243721965;1114.558076948288;1301.4532514320742
141;total.carotene;1843.4294500521694;29.412836616761552;1822.9972637366452;1894.1165740694955
141;total.toco;799.4927965983021;38.27651031146286;746.0760167915213;836.287532383798
141;total.trans.carotenes.natif;1547.0218679674424;6.4179043457066856;1537.653664796417;1555.4461292491467
141;trans.alpha.carotene;631.3628139644584;26.767658088145602;613.0265991227132;678.3356553837853
141;trans.beta.carotene;837.6503040468102;14.827368933969604;820.3182334482395;855.1855769825974
142;C18.0;5.530675057675674;0.03505658673472111;5.483975406592962;5.576631370106866
142;C18.1n9;43.25383966882178;0.12651758958936696;43.07501301193659;43.42985285826808
142;C18.2;9.506004980691765;0.08500279390911028;9.374239396138224;9.590307403817631
142;FFA;25.159277175286416;0.43332432866653514;24.69661492578905;25.846102493740176
142;aT;164.24022388326446;5.504323940081515;155.3743384851819;170.3647519139475
142;aT3;282.1162309882664;10.514074883849586;268.6960185863978;295.9529993030934
142;dT3;132.7893087560492;7.3586102288177315;124.35347680500924;142.36990114848248
142;gT3;306.37499701273543;12.679362076035353;290.5827134288635;322.4044058772515
142;lycopene;15.81165661083312;0.9130408899304066;14.997801114835433;17.090903668562113
142;ratio.alpha.beta;0.7339721242191299;0.017652491215762;0.7161163930644922;0.7592815154900326
142;ratio.alpha.natif;0.4190091054426455;0.007793199262069311;0.4125723038520128;0.43107819162166494
142;ratio.beta.natif;0.5789058750132945;0.008052586600556464;0.5654672005097102;0.5856948866850475
142;total.T3;678.9707829830569;22.97035698812686;655.2665463738144;711.0085513072954
142;total.beta.carotene;1035.034371944837;6.155545898948625;1028.2158079546762;1041.735136320377
142;total.carotene;1498.5109512050608;59.06413135802031;1406.2733268915672;1560.7448141937857
142;total.toco;838.6506135583337;30.31107295030942;806.4581245325774;885.674478134038
142;total.trans.carotenes.natif;1093.2625024174824;29.90892798371696;1045.0807177536808;1125.8560861338503
142;trans.alpha.carotene;571.4912345555883;5.180037550065981;563.1068541948919;576.9645091898019
142;trans.beta.carotene;619.849095761729;18.763151923793053;592.490737652147;641.749995123912
143;C18.0;5.536515273290797;0.05291045685481999;5.477445492240597;5.620393146785911
143;C18.1n9;43.923030733011025;0.2382665050151252;43.69026700549579;44.31550346282841
143;C18.2;9.490788203275093;0.037626967995850115;9.453414107158688;9.552589423332474
143;FFA;25.128001908242005;0.15434272604725177;24.956319287293354;25.321467471995664
143;aT;156.55662737741585;7.62135602922339;149.48497891830903;169.19458558179568
143;aT3;271.4356810139107;7.919273452905011;258.02344995186724;279.0315633159242
143;dT3;136.1390505350032;9.624490737172966;124.35575112493092;146.48987938485348
143;gT3;319.52950586538384;19.71188750789823;293.35941935259615;342.93819316532256
143;lycopene;15.908360310455063;1.577703781874357;14.028336475701234;18.16860429067426
143;ratio.alpha.beta;0.7141101431508912;0.006301987034892773;0.7058307498621046;0.7231725017372823
143;ratio.alpha.natif;0.4083347989684662;0.002386850112809488;0.40627812488928444;0.41170147954069486
143;ratio.beta.natif;0.5846519560693442;0.003485353648989975;0.5801113335508983;0.5887845873487015
143;total.T3;633.7448973645162;47.23201493170886;553.1275243598566;675.464883304645
143;total.beta.carotene;1010.8773874464996;19.33724313966043;976.399947695724;1020.936024287135
143;total.carotene;1500.651510444757;32.92819702726242;1470.2983699584104;1551.6133245582175
143;total.toco;799.6029361703651;22.403373385325878;766.9853713878748;830.1336425076234
143;total.trans.carotenes.natif;1104.12886580216;37.6878761492756;1063.0061677304525;1142.031759594541
143;trans.alpha.carotene;574.8743310606322;6.0252311020141;564.9967388364446;581.1460630566963
143;trans.beta.carotene;614.6970788031215;11.682109832254646;601.1094791249512;628.3614572350075
144;C18.0;5.4822241087357275;0.0407434475978311;5.428119281592826;5.5288139872250905
144;C18.1n9;42.99848912211836;0.3117782320146303;42.560868478723954;43.403723340993636
144;C18.2;9.73574941184812;0.05924268592128798;9.675698948331842;9.808680664112398
144;FFA;11.226194431915209;0.2974908836010397;10.883126101829403;11.556978503272752
144;aT;144.59267177258965;2.4522280208735423;140.2494217972605;146.11589561769745
144;aT3;239.50841239530055;17.738821908133357;219.80659326994137;258.7288816387735
144;dT3;132.14929090602897;8.510702110142157;122.8453729512215;144.38428238267915
144;gT3;315.03503679102846;43.41942316977478;261.74753775268107;364.2204238620327
144;lycopene;16.010616856142523;1.6675790613089114;13.433022580022344;17.406934583912243
144;ratio.alpha.beta;0.6553835901543021;0.01904690024363428;0.6268116923083129;0.6737472369644988
144;ratio.alpha.natif;0.3926424814566898;0.0048401625631413515;0.3872273785462773;0.3982012272791817
144;ratio.beta.natif;0.6033026169004095;0.008040257570923488;0.5932392408260619;0.6122440506026267
144;total.T3;684.938518310373;33.157146158186364;643.5203242832339;720.2469271412779
144;total.beta.carotene;1028.4976704888315;190.29992142937496;757.3795340530639;1253.2783779251768
144;total.carotene;1937.722463565453;47.6153167280435;1881.7386179333992;1996.9774581360875
144;total.toco;746.9889094479885;27.48030029995961;708.6318299487865;778.1971097174496
144;total.trans.carotenes.natif;1553.214689036536;57.5921895657708;1483.552621776609;1632.773641422556
144;trans.alpha.carotene;681.1395754404512;50.62480386891572;627.6153571280711;743.3595149847373
144;trans.beta.carotene;917.0888956875375;11.510832793142221;901.5539945522777;926.3484416092583
145;C18.0;5.7730853288635045;0.08151257400785439;5.667436458839117;5.873160661409072
145;C18.1n9;44.167824600627725;0.11036899928323;44.03417263872092;44.32079265186885
145;C18.2;9.679770232224012;0.23372541606893357;9.527975833302749;10.092847582459747
145;FFA;10.389618168260759;0.21741557068389358;10.037545344557204;10.564272137680325
145;aT;180.7784105693355;5.655101200687609;174.63634538521094;188.7090180101567
145;aT3;256.3490402137942;20.945296142073776;231.94048760076683;284.8453366414393
145;dT3;129.24905454110905;5.622007065274262;122.3244588284048;135.75009580286135
145;gT3;376.996264249011;18.74193512221341;348.28471970067716;395.0217786615618
145;lycopene;14.469403001129383;0.9787461486307532;12.865191626740382;15.500307947491896
145;ratio.alpha.beta;0.6838018664928476;0.02172653659961924;0.6463043887138238;0.7024568375938961
145;ratio.alpha.natif;0.4094581519102225;0.009979007521360802;0.3935903977125737;0.41887648503713737
145;ratio.beta.natif;0.5895077679952683;0.008454468633456941;0.581460900881044;0.6022020167958773
145;total.T3;759.7252174036286;37.00763607130768;718.8503253429841;799.9225253603702
145;total.beta.carotene;1305.7352123748124;41.27905445097237;1274.3522442361495;1373.9981765143634
145;total.carotene;1996.697682666377;48.950311413287885;1909.4562786320594;2023.083143722975
145;total.toco;851.1679666081403;55.14565120511755;769.6171765391249;923.6942505123876
145;total.trans.carotenes.natif;1608.9834756812447;21.67852363243858;1575.1583643028464;1633.2600682639118
145;trans.alpha.carotene;676.4117783682589;19.71142972183932;662.6843592669653;710.6172434264906
145;trans.beta.carotene;971.0794289760166;55.96866626487664;871.0878380377408;998.6693329680905
146;C18.0;5.772262599580213;0.05470091742840326;5.710181764407075;5.822881580675628
146;C18.1n9;46.09658387123308;0.5276486745273614;45.6550178795687;46.908083549932286
146;C18.2;9.5928365191694;0.29614609746862525;9.375899506171523;10.110303049908277
146;FFA;20.48781441226302;0.3665082911729091;20.158483233417993;21.0407610841611
146;aT;115.91541168695703;3.698830502809903;111.15197977206708;119.55036050412312
146;aT3;169.4108114030157;6.086307752957337;162.3292115632057;175.9084108308149
146;dT3;132.31373984908424;3.2128682223765614;128.86804443656763;135.82874980776523
146;gT3;323.86275801082263;6.278812658303275;313.58907580137185;329.08798048974154
146;lycopene;7.152168856019486;0.38190152409745853;6.775344166413294;7.711431781937782
146;ratio.alpha.beta;0.7247863964789827;0.00581426197884501;0.714961624252641;0.7303047303683442
146;ratio.alpha.natif;0.4228155327667734;0.0013858079847529259;0.4212384951540482;0.4244820800956818
146;ratio.beta.natif;0.5720015358484957;0.0028791655809936;0.5690398369860109;0.575799053856161
146;total.T3;644.0422148658915;16.55817471998972;629.1597942831581;668.859161114853
146;total.beta.carotene;397.7404750584826;15.6498358064499;390.43538739054634;425.7296142549229
146;total.carotene;618.7435539358264;17.59510108991182;602.1271047440506;646.4889597836179
146;total.toco;686.2183202889046;15.255259826206077;668.4591880505785;709.0364019384317
146;total.trans.carotenes.natif;534.2067716369642;24.36671118381827;518.99939712602;577.2372962232201
146;trans.alpha.carotene;237.853191197008;2.729286864017363;234.82442584809883;240.5323182720622
146;trans.beta.carotene;300.56907006956834;12.461788021014975;289.6046871658729;319.67593594585884
147;C18.0;5.3547765810047085;0.052026176863144445;5.303426797324545;5.4254961734964775
147;C18.1n9;43.12723483827776;0.05445735807394079;43.065392983035615;43.19489499725014
147;C18.2;9.41334703560791;0.03714800725233098;9.376823008551577;9.466004136279736
147;FFA;13.27673824324325;0.2884284918274359;12.867201042348256;13.615181469626586
147;aT;159.19116242884002;10.010500239410941;143.77340863712698;170.27423928755698
147;aT3;241.34952982407793;9.903997327174716;231.60075198861063;252.61272899333795
147;dT3;126.78935414082707;7.954993851077353;117.39129033195924;138.7953416853547
147;gT3;329.12461536291465;20.139667777031853;296.1016811489783;350.4693861174205
147;lycopene;13.35425641954011;1.5656890127678325;11.823936256184348;15.841231892087153
147;ratio.alpha.beta;0.7531121222360527;0.01014941171992665;0.7373608634670628;0.7652431584245933
147;ratio.alpha.natif;0.42594159527710806;0.004080685516764803;0.4216012639436999;0.43052867725600863
147;ratio.beta.natif;0.573167323672034;0.0055105771792686165;0.568262905070647;0.5818741208284574
147;total.T3;700.1340658204772;11.648443517216432;682.5091017681033;714.8937489885908
147;total.beta.carotene;959.7757442350055;39.12700132770834;896.3113107234707;994.6943265990552
147;total.carotene;1477.873971395265;44.26066697303702;1419.572762939869;1527.173558544151
147;total.toco;881.689164780039;34.75236409363642;843.947978531786;934.7790466062438
147;total.trans.carotenes.natif;1177.0551937628031;36.661536288519365;1122.3961563509765;1211.515352236754
147;trans.alpha.carotene;468.68237530892173;12.810902254065526;451.7232866515478;481.75491897392226
147;trans.beta.carotene;860.9499884313484;53.314649292748285;770.5752977111515;902.334306888972
148;C18.0;5.296871577727069;0.05353728633387842;5.237059584677566;5.3644174826081334
148;C18.1n9;42.94118034436157;0.10094818797218522;42.87870091018958;43.09023870829885
148;C18.2;9.614914721222837;0.011651518499008575;9.600595893606725;9.629069208539802
148;FFA;21.230240176767268;1.3406884298309334;20.27080854146093;23.215183814639463
148;aT;102.7771302766435;5.63338092716489;95.51091132934157;109.24905570887005
148;aT3;186.00923347079464;5.065633998005017;181.8913454758205;192.80958740805548
148;dT3;132.30823923052253;7.864137839796603;126.52266963877243;143.92565692981634
148;gT3;296.70138854578283;26.801507200715175;268.2141067775186;325.8356617262171
148;lycopene;8.509514523694772;0.47953699706205843;8.181015240114245;9.202298844035091
148;ratio.alpha.beta;0.7351073023123833;0.015578984147833139;0.7152300514406918;0.7501389791827444
148;ratio.alpha.natif;0.4252009027145518;0.006997186932965123;0.41935921741555754;0.4344563667444314
148;ratio.beta.natif;0.572001816945173;0.007966152455595385;0.5619979664249974;0.5794337815944638
148;total.T3;656.5688674669584;45.293511811179975;596.5500944636879;698.5455071709889
148;total.beta.carotene;560.580927347049;6.057023526942557;554.4050509892086;568.6039518299451
148;total.carotene;917.0486246359727;17.193749326024086;902.6280274147567;938.5513696561767
148;total.toco;754.4884112286488;24.251174471321498;727.3830832325098;780.9188310687282
148;total.trans.carotenes.natif;729.78446636324;27.556707744361688;699.039191236479;756.6858123675307
148;trans.alpha.carotene;286.5683191543387;7.509757757387773;280.4392679630803;297.3191975453574
148;trans.beta.carotene;405.92261917550843;20.52952777100209;388.2058718047418;433.57659763283937
149;C18.0;5.414241423436023;0.08205830150958719;5.342573016988604;5.552177520476456
149;C18.1n9;42.77160620309328;0.18387069310162327;42.46595875690148;42.93663731890791
149;C18.2;9.518983299373534;0.01523877584884519;9.498378915672225;9.534148444926725
149;FFA;18.20034320175795;0.19852397953608164;17.900740389223845;18.424456876435297
149;aT;123.04275403621098;3.4124906912286033;117.17453405007542;125.63019286155213
149;aT3;229.47093458534292;7.073630852694772;221.83196731157489;240.9888055503101
149;dT3;112.71175468034309;4.848209489220764;107.90107398755559;120.52884507228595
149;gT3;294.1079827793413;13.094438772452948;277.3160305285151;308.6741840824953
149;lycopene;8.474958298666971;1.276550714078987;6.320032820125327;9.472256207513812
149;ratio.alpha.beta;0.7137420440165696;0.014477133160854807;0.7016294231413123;0.7377411668367793
149;ratio.alpha.natif;0.4147702614732885;0.004560460751485309;0.40827170311751637;0.42088177766357865
149;ratio.beta.natif;0.5830711704297024;0.002891327453495904;0.5786501780401667;0.5859904500634524
149;total.T3;623.4567116041515;31.89541601904785;573.5185719326573;662.0616267961273
149;total.beta.carotene;487.3644089516788;0.11555734308768466;487.2997815030631;487.5664422147106
149;total.carotene;794.2258624486692;5.019289064601485;789.5101397011852;800.9267198322816
149;total.toco;611.5427781183374;18.831491208113533;588.9532249139976;641.1451732503552
149;total.trans.carotenes.natif;585.4863279562738;6.654656670319803;580.4415441003341;597.1361391364576
149;trans.alpha.carotene;254.3630086663464;1.3843391079637533;253.1991150463114;256.76745224098136
149;trans.beta.carotene;339.09461742367733;4.233035694722893;334.69157473064115;343.9396291433983
150;C18.0;5.328858260507312;0.0685818071291871;5.23540228001595;5.4019970610183545
150;C18.1n9;42.788780715463545;0.04800250254811895;42.730778975808605;42.844049554214244
150;C18.2;9.630777697802063;0.05850616438746233;9.576734471616586;9.728297065349564
150;FFA;19.83167464543398;0.12721785378873904;19.63119400740773;19.937334813386173
150;aT;131.38944066651678;10.524600721065772;118.6558974723675;144.49458957487886
150;aT3;236.5423354833285;21.972704789802652;213.0818181728213;260.71646738170426
150;dT3;116.68000253587351;7.710675265845724;108.68363023956981;125.38715514277524
150;gT3;300.4574236794323;14.793862249053383;283.85802953479987;320.50179013682896
150;lycopene;8.904070247476096;0.8589519607405558;7.395373582018555;9.525176093783413
150;ratio.alpha.beta;0.7236466130264132;0.013799737756644382;0.7036114723891426;0.738446133522456
150;ratio.alpha.natif;0.41364400222123726;0.0027570569744908725;0.41061811276755783;0.41693004278934315
150;ratio.beta.natif;0.586241728119295;0.0033227979054859485;0.5816064721550575;0.5895288953892548
150;total.T3;610.949486913246;39.008452226067845;552.3195294805778;651.5168829735912
150;total.beta.carotene;507.8879751043115;0.49769608006876265;507.01320753598804;508.2116453852429
150;total.carotene;865.2724977619633;14.416591602403171;843.5951984783346;882.6947548465132
150;total.toco;632.530460538624;52.72596665146405;574.6706732685691;700.7766459277115
150;total.trans.carotenes.natif;656.4172990592929;13.488979611572601;639.6365043156533;672.0498156925677
150;trans.alpha.carotene;266.26328800459993;0.43290199514356914;265.9693899350287;267.027716185499
150;trans.beta.carotene;375.79568781231603;11.58260368336977;359.0751589082413;386.35142975601985
151;C18.0;5.4058564664783555;0.08626036322425386;5.327353636801433;5.549504187913658
151;C18.1n9;43.045863328619575;0.10591527014041739;42.9012412388533;43.15997478972297
151;C18.2;9.62601784524038;0.04144684228828469;9.576438280972912;9.669073261690958
151;FFA;20.247436768423874;0.32610127107353076;19.913341744210907;20.703627867371043
151;aT;118.62500816200402;6.916417983745403;110.11714829290587;127.45966836293509
151;aT3;186.4187983704173;10.57498403013914;172.11496133944038;198.86529451513178
151;dT3;142.21648953975662;6.6074811475609785;130.5680195331057;146.1176584042457
151;gT3;313.346304579305;18.546895603158266;294.45467541263054;336.0283198854554
151;lycopene;10.182321406876639;2.18755086461838;6.783531827586692;12.394050691167942
151;ratio.alpha.beta;0.7298773879434955;0.0081949514961893;0.7225939197165377;0.7429112759158316
151;ratio.alpha.natif;0.41862886890837314;0.0016187211253635607;0.41718685629748437;0.4206925249563003
151;ratio.beta.natif;0.5772771099401962;0.001506266516418025;0.5755566932783198;0.5796771497145653
151;total.T3;615.162045688844;15.079425195510646;598.451204993466;639.0947654388244
151;total.beta.carotene;501.02433466237005;0.4728198217871446;500.6572014040058;501.62586237510055
151;total.carotene;798.1069252572216;11.39429082525765;788.1246735730988;816.3717873772287
151;total.toco;623.1386780277098;38.99782361339833;581.3101738221729;664.627916042898
151;total.trans.carotenes.natif;645.3255431969889;8.920135320700114;632.743734893853;654.2080108311931
151;trans.alpha.carotene;253.52468755140836;5.112540784288978;248.87497812211984;261.9629864712642
151;trans.beta.carotene;344.78484873049536;5.482226699034853;338.50652705921175;353.26965643854373
152;C18.0;5.385112173781753;0.05455496117553842;5.30055352038895;5.443269352461917
152;C18.1n9;42.49854789909237;0.14332088977584567;42.31919819086026;42.6568433321098
152;C18.2;9.630084418944232;0.04811559138173739;9.544579301857626;9.655665018845845
152;FFA;17.53357278629668;0.17422203092754537;17.332153033687163;17.793432923755766
152;aT;89.35475259888437;2.5568009201679343;86.98363526251201;93.54451726590516
152;aT3;166.04164243213526;5.5870895375558485;159.23810220483958;173.0084318822159
152;dT3;132.39469558911543;9.509037478726498;122.50700674188778;147.62050949494204
152;gT3;295.55522863011475;16.751131345693754;268.5904983429719;310.15804845882815
152;lycopene;5.834748919883788;1.6090997421522029;4.0211972102316675;7.682779949489731
152;ratio.alpha.beta;0.695266844983374;0.016105053123082948;0.6799494884197631;0.7196705290107233
152;ratio.alpha.natif;0.4089694500541251;0.006757072547045345;0.4011217860239178;0.4180701984732877
152;ratio.beta.natif;0.5890900075469709;0.004197029616161048;0.5824237185231118;0.5935895413128878
152;total.T3;628.1190255590109;38.99092236585776;581.1937583424158;667.3439379189833
152;total.beta.carotene;449.4047690640993;0.7635540486904216;448.5380736157816;450.01917915562655
152;total.carotene;670.567145386518;25.895780338963206;633.1445285431911;694.9463941518942
152;total.toco;586.8204397692728;13.836943427940428;564.6771203553837;602.6617880568211
152;total.trans.carotenes.natif;543.574583517299;27.689654914659982;508.07908027479186;575.637256353865
152;trans.alpha.carotene;234.97226362107662;0.7853935161412552;233.65561131493413;235.6939428685877
152;trans.beta.carotene;298.8658924373875;11.787493424365255;280.86749838552356;308.8783797611887
153;C18.0;5.22021584947678;0.06130077878504034;5.155456048485968;5.310808578217497
153;C18.1n9;42.93860087609839;0.12064153344883151;42.76217866927053;43.08171931666736
153;C18.2;9.554640110187291;0.08329040420194743;9.478858778918555;9.669856471488366
153;FFA;19.400294191246218;0.31083807775099725;19.09213647879604;19.752099623722835
153;aT;134.76991755077557;6.674085060008985;126.4795466135663;144.72689922687317
153;aT3;295.0710138456269;18.42563782671379;269.55171499075453;316.1694919684585
153;dT3;139.79647009331228;7.79080574297145;131.46482738385933;149.5291053427264
153;gT3;312.54662518058376;19.0186936502666;293.56413508312534;343.10788424015203
153;lycopene;9.859018086059052;1.285861008229744;7.969378056211834;11.597935417136753
153;ratio.alpha.beta;0.7883491227670378;0.016946356128871888;0.7743526832330467;0.8174168041438844
153;ratio.alpha.natif;0.4371981142106495;0.004894859023048771;0.43108990417572374;0.44418270056002884
153;ratio.beta.natif;0.5588299804252631;0.006789441840191146;0.5471373558501116;0.5633941101600698
153;total.T3;711.8994803046186;46.92157890321871;670.0478373851058;789.0574210034854
153;total.beta.carotene;524.5195161492084;10.127225311409537;511.5413730006372;535.0635630059501
153;total.carotene;898.0478849216348;42.80410088255183;822.3656583697583;923.684568394615
153;total.toco;842.2386175532256;26.07145307389884;801.0819097981075;868.5007853449811
153;total.trans.carotenes.natif;694.1698019990188;24.156155011067554;657.9997451927073;716.3966906908896
153;trans.alpha.carotene;321.59441454576967;7.333075757974668;314.56828346057677;332.90277445731016
153;trans.beta.carotene;385.5846124734912;13.819444149652709;362.434062071108;397.279007302387
154;C18.0;5.447162942861283;0.05752434560837622;5.3656027387904786;5.501127267536441
154;C18.1n9;42.72222903904441;0.08368337961641084;42.593845174066516;42.79764721277115
154;C18.2;9.561599126983916;0.04807209538866147;9.501952868727503;9.61189853833128
154;FFA;18.23045031493077;0.07116536363247117;18.151097827312878;18.336402219903484
154;aT;154.99333671012386;9.15775691086882;144.33657864449057;167.91136719764515
154;aT3;241.29389365823377;15.844904668564302;216.55351997515768;260.74749356968647
154;dT3;112.62980418210915;7.079079720513998;104.14452659291959;123.75799556340513
154;gT3;324.63357229082294;11.452216529410073;310.5566702242728;337.2935082440584
154;lycopene;13.785562994150059;1.0606016904645283;11.895019264006438;14.37128680598966
154;ratio.alpha.beta;0.7380388130927455;0.010402896298626106;0.7238272883081629;0.7526572024122625
154;ratio.alpha.natif;0.42014021303951365;0.004641122133518651;0.4137910920536577;0.4252585369430059
154;ratio.beta.natif;0.5820463736360224;0.006758929585616561;0.5734697475189161;0.5870882700852675
154;total.T3;687.6543995856719;28.888012009916412;662.2063220619358;726.323972797202
154;total.beta.carotene;1416.717256045027;21.62468649831702;1391.4246642001674;1450.2325469080617
154;total.carotene;1902.0746092048219;42.64790039127214;1855.3421681929792;1964.5263531701837
154;total.toco;768.6627881533697;65.18866799550167;698.9872677562976;861.3975944930337
154;total.trans.carotenes.natif;1582.4822069527086;43.31339209291987;1545.6472751697181;1646.399141435006
154;trans.alpha.carotene;676.3547847520895;18.51128982044683;657.0473905904167;706.2796866894463
154;trans.beta.carotene;954.4783768763098;9.03981320576108;942.7686604558801;964.3028615551683
155;C18.0;5.37405805780772;0.05462743436816026;5.31816001606796;5.45863055885501
155;C18.1n9;42.8484742188474;0.05265839764903591;42.813259408003226;42.94154142575687
155;C18.2;9.612219613820091;0.038449734261646454;9.553637493615959;9.654250242711708
155;FFA;18.24367409278514;0.34976791934413737;17.932444493336163;18.769022091779267
155;aT;96.34539927867645;6.659141092055009;88.93983683883978;105.88878726106094
155;aT3;168.16653493203043;4.082528607177627;163.26617104900694;173.48321507243455
155;dT3;133.75091095908564;4.3125526528278355;129.4629586992013;140.74198346903952
155;gT3;270.80383736445464;13.918194456537375;254.49110175097715;285.5236260829971
155;lycopene;6.061978958176335;1.1632211133658448;4.945367730601377;7.731588384084652
155;ratio.alpha.beta;0.7198715415835137;0.009035917265063264;0.7043845734542958;0.7266787490446217
155;ratio.alpha.natif;0.41092449278774223;0.00172015218318935;0.40889629198951505;0.41259187711638173
155;ratio.beta.natif;0.5868651258026063;0.004672615263649427;0.5811057402391697;0.5935606425420495
155;total.T3;610.8446598056423;4.978968147817552;607.4786699450239;619.282864685974
155;total.beta.carotene;449.1088796193264;7.3453189804730625;444.193208737653;462.02759418370516
155;total.carotene;664.0656731807667;24.13448268460713;633.6519314813845;698.5607048647998
155;total.toco;647.1613897428308;28.61850178887218;621.6977911964492;694.7952537302025
155;total.trans.carotenes.natif;544.4892218408274;26.376053894966105;509.8910588789911;583.7209714314832
155;trans.alpha.carotene;230.84789246404404;2.8458402468190367;226.48156890296224;233.91790675596957
155;trans.beta.carotene;293.0032709274783;19.642762129854116;267.3654967240013;322.5094480391386
156;C18.0;5.219981503363227;0.06848847247654809;5.13742117233029;5.298982105690462
156;C18.1n9;42.36199234900472;0.10073252376022598;42.23482158827553;42.48117817136972
156;C18.2;9.524590756365154;0.03184882109790368;9.491975996066191;9.567180674082605
156;FFA;16.100394826349845;0.3924606945777848;15.718050302759643;16.524896379112505
156;aT;131.28417679848985;7.586919936396396;121.06969523806734;138.28111089325628
156;aT3;257.6187464852797;6.061779675704616;252.25004848545072;265.308774450365
156;dT3;130.29613726572688;10.099381506518325;118.10372998409976;142.60540486110332
156;gT3;270.19590450196637;11.581248140663156;256.2597037520693;281.28059708225254
156;lycopene;8.58134782679766;0.9476697131657548;7.684804081610059;9.679540222926246
156;ratio.alpha.beta;0.7311555615331246;0.009352792979538779;0.7212066242905187;0.7405690068841312
156;ratio.alpha.natif;0.41415730123861305;0.002369005448082049;0.41112186306148857;0.41640437321204354
156;ratio.beta.natif;0.5875694583790485;0.0024887178553495396;0.5850633070293173;0.5903442466681151
156;total.T3;609.0646077871626;25.758968755671305;583.1899058622896;638.976711127019
156;total.beta.carotene;498.9141805089564;2.4744752212903807;495.9078673148284;501.42073883502167
156;total.carotene;824.8326204901591;11.936697586530187;809.3600566800097;837.2777349451812
156;total.toco;781.6657851800059;45.280093108606025;738.9005282128659;845.5963730204497
156;total.trans.carotenes.natif;606.2374950859227;4.0103427765879704;600.4697891158885;609.7080278179423
156;trans.alpha.carotene;255.12073745030014;0.8612394113572099;254.5780843678357;256.3979221063603
156;trans.beta.carotene;355.6303430061709;5.353076680955103;351.67666927243295;363.09974282422905
158;C18.0;5.334399688796599;0.060347077487095224;5.265631413981619;5.409690022776999
158;C18.1n9;42.48385888660874;0.1078485990295357;42.35932592012078;42.62202119548405
158;C18.2;9.330008358682694;0.013437389111524452;9.318527268224665;9.348582483833397
158;FFA;17.36320028030319;0.3640510977794214;16.894297518798027;17.667547707058205
158;aT;179.0938448749008;33.52086859827464;133.24020092130013;206.31739912215247
158;aT3;297.97010983097925;26.5614948651492;276.06987127260646;332.9678945544269
158;dT3;140.47306797864312;8.71578785773429;128.1778245498174;147.8503313048275
158;gT3;348.0928039039597;24.08325350594208;316.7173501773189;374.37336782502666
158;lycopene;9.21014266150545;1.0079034496662231;7.771515165919617;10.127889497578419
158;ratio.alpha.beta;0.7402917430997741;0.02538782483514215;0.7034396083629781;0.7614915279066921
158;ratio.alpha.natif;0.4241785713618288;0.009795567364893747;0.4108595251534383;0.43157656188010324
158;ratio.beta.natif;0.577406391104546;0.007673794530316983;0.5689276349930436;0.5860942438935391
158;total.T3;694.8860302424516;7.256499883705424;689.0187500847643;704.0856375538282
158;total.beta.carotene;485.95680086577;4.363973083839577;481.3654225797686;490.3611864478412
158;total.carotene;813.9410743041501;23.40120213338681;788.0981625428116;843.5167572387189
158;total.toco;987.5203033512762;93.04680995910142;893.2534275270618;1069.985779648628
158;total.trans.carotenes.natif;600.5256442607975;18.82534064827395;579.87921493208;624.2954995247964
158;trans.alpha.carotene;255.36332670864246;0.583325795708402;254.64685949381112;256.07569830749605
158;trans.beta.carotene;355.54918251531944;11.258683565536723;345.7576403548737;368.97514449634764
159;C18.0;5.504594192103954;0.027730508403746357;5.469707984227835;5.536637661162379
159;C18.1n9;42.649794250054015;0.14182817072111317;42.453699703996556;42.81497355781118
159;C18.2;9.633157911095356;0.04003473867621627;9.573781388673362;9.681771574805085
159;FFA;18.16985187805227;0.19282946658010425;17.96463423173575;18.404967514817205
159;aT;153.92948256267732;5.83462424231876;146.99235257892363;162.69206271997635
159;aT3;256.47406854352096;9.677028914392826;242.6541902414151;266.6762394043532
159;dT3;115.29160508025613;4.512308929528279;110.71128212348255;120.5161067341789
159;gT3;293.32060829061527;18.1855870344982;270.0970916374371;319.1969798217254
159;lycopene;8.327680336272692;1.1472740281943292;6.5986053582767425;9.317441431429284
159;ratio.alpha.beta;0.7447588116649501;0.004686838803591981;0.7373394389931031;0.7491126998435463
159;ratio.alpha.natif;0.4216880515229963;0.001219223536079626;0.420290663448059;0.4234642011212899
159;ratio.beta.natif;0.579274907396912;0.0033581522291322055;0.5751136498572614;0.5839729206817876
159;total.T3;678.4928866051822;12.042308147442434;660.0753339408161;693.487321517147
159;total.beta.carotene;508.93726548626876;1.6852207889455564;507.51856649281814;511.65821580188174
159;total.carotene;870.1635794543259;23.151365590002225;835.7754516479353;897.6642883952476
159;total.toco;799.6980380656638;33.95425657141477;748.7671877922592;831.9823329582028
159;total.trans.carotenes.natif;659.5636851352833;20.354227211477554;627.5224297493328;675.5895222380175
159;trans.alpha.carotene;262.5451895509068;1.649292883714223;260.5482479677064;264.7236861694601
159;trans.beta.carotene;373.39565192149024;15.43938542421605;346.78279246407754;384.86644921383
160;C18.0;5.341432438621215;0.06538303279330082;5.280542604297193;5.4395419460276635
160;C18.1n9;42.76625988956547;0.1662106981532248;42.611417082754;42.97081030806517
160;C18.2;9.915466093865996;0.04857243637252139;9.867203997101162;9.988497848382616
160;FFA;24.864713367208477;0.23178709988891125;24.567525484404836;25.14850581776288
160;aT;209.77566561135836;58.58739767811158;162.9067075948704;308.74467520798174
160;aT3;271.4089969888717;23.959615998094076;238.81429271382245;303.6145298744483
160;dT3;137.30809426647517;4.341090315866904;133.2481770894681;144.08412794726172
160;gT3;327.131955619465;32.076681849674614;300.04305017480806;374.97781189459687
160;lycopene;14.650367593535126;0.8429989669941058;13.848378423021149;16.083039393380822
160;ratio.alpha.beta;0.7125049331649917;0.009685516069301401;0.7011585741255909;0.7277097788844524
160;ratio.alpha.natif;0.40821593436710807;0.009443300186879298;0.39599199793270384;0.41676545739701315
160;ratio.beta.natif;0.5840045833133232;0.006895389777543479;0.575090656782824;0.5913367136315512
160;total.T3;710.9281345178861;69.32731538116897;644.2149954125829;819.0854498428799
160;total.beta.carotene;1184.738160973045;200.89605775378368;839.7165757334459;1324.4299037771705
160;total.carotene;1488.9555230615606;103.71465398188097;1356.0075907626701;1608.2791382779312
160;total.toco;943.400644643539;125.72609061264143;803.4867453310461;1073.8846305802463
160;total.trans.carotenes.natif;1152.5292415677195;90.92075554844456;1028.3068211382688;1247.1565507602343
160;trans.alpha.carotene;573.5038236245224;33.315096571494095;520.7215827536901;611.5751837390425
160;trans.beta.carotene;650.7761740568433;44.77647493592722;592.7925823864311;713.1224083169386
161;C18.0;5.912584173233364;0.09318880932843528;5.8245437383054295;6.048362418220539
161;C18.1n9;43.65294454894265;0.1898671539420165;43.50503890437206;43.91054832711131
161;C18.2;10.532017019430324;0.08817732458354707;10.443736976029953;10.658314755936129
161;FFA;10.744346789967755;0.20967763772269996;10.544102080572475;11.048011804263135
161;aT;313.36355586511047;6.412115233090811;306.3706893649545;322.49203361702445
161;aT3;241.09598015748224;5.930180747371846;231.35304625533632;245.97370437752966
161;dT3;115.91065913833116;8.72795667863191;103.8552398163575;125.77828343433548
161;gT3;328.4639503156529;24.08420135400644;303.6877117118569;364.3028925083911
161;lycopene;19.705584365436817;1.332132782071991;17.90538401106209;21.430696976953815
161;ratio.alpha.beta;0.7092442162234525;0.011490239244234379;0.6965475205469488;0.7232112334831675
161;ratio.alpha.natif;0.41454948647620415;0.0009791784031525906;0.4132068544934409;0.4157046648578171
161;ratio.beta.natif;0.5847728764656569;0.0015042886823738327;0.5821638864938219;0.5859357921934214
161;total.T3;735.7863725815176;37.945813422184756;706.2587658141045;782.5850911285032
161;total.beta.carotene;1449.7284254072451;12.88431972566661;1427.2735984372762;1460.150989635412
161;total.carotene;1822.3489038463395;20.34855327433502;1787.2533448060392;1835.760612871332
161;total.toco;1289.295592342712;18.305938686462245;1261.4313979258172;1303.5272667963281
161;total.trans.carotenes.natif;1529.9718754769303;30.510951991263287;1483.5991234185876;1562.378672955172
161;trans.alpha.carotene;710.4827594990942;8.920603676485586;703.4625676013765;724.6463925256359
161;trans.beta.carotene;865.1187158761984;8.622100571019685;852.8222488381667;875.3458267609459
162;C18.0;5.251738859135954;0.05789255922802577;5.195428524302279;5.345415054599847
162;C18.1n9;42.84214316167778;0.2621561760790486;42.643955550344444;43.20336894255232
162;C18.2;9.497051336286612;0.051448782349672456;9.436204295735234;9.561695839635295
162;FFA;8.98905184064119;0.5045033601934296;8.477507720842294;9.635414833813709
162;aT;119.9151980104374;37.810654674274836;92.00690197334448;183.5986462988429
162;aT3;189.61051248224658;12.009685466007195;178.12323687770376;208.01368566983768
162;dT3;136.7504112921261;4.363417856511529;131.79558886638316;143.12144707894987
162;gT3;337.5746016003428;17.864888851088274;316.1129064606013;354.16390937306915
162;lycopene;8.597547867088144;2.4108761522811832;6.233316939476406;12.495031339195998
162;ratio.alpha.beta;0.7020423752205047;0.011087582378327882;0.6897711336941103;0.7130294643127558
162;ratio.alpha.natif;0.4099832276592995;0.0054317117591541455;0.404805158388631;0.41665533461385923
162;ratio.beta.natif;0.5877589327307718;0.007494740176461087;0.5782986749261837;0.5956742486250788
162;total.T3;701.9872610787222;45.82515278646715;664.8278659404126;770.9296120043927
162;total.beta.carotene;393.31729661572615;10.161672427168291;380.27205290191347;403.10154753307995
162;total.carotene;631.7648589572678;8.371311758362484;623.3194643469216;641.287118190962
162;total.toco;677.4610742940031;111.29483735789826;562.6098228208135;829.300301264633
162;total.trans.carotenes.natif;470.62641302793253;11.912157331237788;455.2433937725496;482.31584925747825
162;trans.alpha.carotene;191.6693704851472;2.8495177313608604;188.59364365771006;195.34264084667745
162;trans.beta.carotene;271.64105103696477;12.130415259862982;254.6206417057813;282.4391852430773
163;C18.0;5.948737754441441;0.2121723232374483;5.7614678368503744;6.299108526025722
163;C18.1n9;43.56919761304959;0.2155528853304445;43.24869707364312;43.81483860428267
163;C18.2;10.824656663784271;0.1911107506499005;10.57293190064959;11.000882488886619
163;FFA;7.506023122609021;1.0423333584744214;6.532394839218439;9.09307390365437
163;aT;290.40632865513516;19.577479644660578;260.93603141040774;313.9792407375085
163;aT3;234.73017534295036;3.1537089175764;231.8129275444571;240.07029102893662
163;dT3;124.97500299165354;9.001149606758663;115.26416430126729;137.98113735376353
163;gT3;334.9271133130542;13.257630168372586;319.75040856990375;350.2179050746516
163;lycopene;14.851573529487501;1.0270583714643184;13.550091625034707;16.337414869973443
163;ratio.alpha.beta;0.6545009055405379;0.007668313325325976;0.6410034677436666;0.6599029391803337
163;ratio.alpha.natif;0.38956724979108726;0.007123143784475014;0.3776688675377031;0.3960195972601417
163;ratio.beta.natif;0.6100543430940599;0.006162183799548468;0.6037002879048491;0.6188921290177317
163;total.T3;716.1015427089629;32.894624061887505;660.9658755277608;746.8883896455663
163;total.beta.carotene;1372.6284311897205;63.66446645840549;1310.344035274344;1459.4966067665125
163;total.carotene;1805.3198110357412;72.82342235616105;1703.5788608817118;1906.5294621845253
163;total.toco;1220.8479922400463;78.66867607849046;1120.1478352254055;1302.915747963857
163;total.trans.carotenes.natif;1498.5500171422502;53.59877146347943;1425.0901236422496;1576.169428953194
163;trans.alpha.carotene;667.2077277763984;25.47051639772284;631.8827310379545;701.9336049645526
163;trans.beta.carotene;858.5780991546832;23.719144601282874;839.4497605804164;885.9628094915184
166;C18.0;5.5040124654015985;0.13887474956252524;5.330366075656892;5.681358173680328
166;C18.1n9;46.36325372289127;0.15889739544217601;46.19999152947431;46.53317961718536
166;C18.2;10.407380245250291;0.3415644561237958;9.856503029582443;10.799924913850424
166;FFA;19.455608489161797;0.22376545442880474;19.134610634870413;19.67822763834581
166;aT;147.52605748944143;5.448637906216346;139.16766658282535;154.39509271149763
166;aT3;200.69875413845807;15.929384748572504;182.5663910000295;224.9021177540429
166;dT3;130.8910078247688;13.249722171942942;115.9944641573542;145.01111244476454
166;gT3;359.0723466683704;35.832348013358896;316.43650188138145;405.30047141872586
166;lycopene;13.98751278946924;1.057965141432029;12.413191187966707;15.004590483334715
166;ratio.alpha.beta;0.6973151477904216;0.013906113759549412;0.6782207273375046;0.7159380478319267
166;ratio.alpha.natif;0.41531284830816634;0.009737180551504944;0.4038122922697118;0.42781805146692164
166;ratio.beta.natif;0.576291531657608;0.011522395230947505;0.5590812612145758;0.5894964176127658
166;total.T3;670.2031355047782;21.83736328723173;640.1230208488519;689.2464165502405
166;total.beta.carotene;1230.1773387811606;5.681830921606278;1221.9924836983423;1236.6539069018256
166;total.carotene;1754.122559402424;9.657979285252752;1741.5828554593022;1767.3264026268662
166;total.toco;678.0457143304559;18.950248874157378;659.8611234734464;709.6433488377064
166;total.trans.carotenes.natif;1397.2991893247229;19.652211044909365;1368.6683854141922;1416.795583759706
166;trans.alpha.carotene;594.333650519659;21.390397742381012;569.0919805249598;624.8090828897214
166;trans.beta.carotene;791.5424333587265;9.905604087331003;774.3047417818674;799.3400340712353
167;C18.0;5.580412036676194;0.05171773186133541;5.527893066726574;5.657131360067171
167;C18.1n9;43.09526387077407;0.15356924601521105;42.837388915405356;43.246067297956444
167;C18.2;9.558983984135745;0.07664264384190284;9.45109735187736;9.652055401957155
167;FFA;7.902192727084136;0.24729259774107246;7.534642651297649;8.118640931175158
167;aT;195.30891649755327;3.95643514747188;190.8219897917212;199.86849131042905
167;aT3;251.301002100983;7.063492458416835;243.61427983120652;262.7085474553627
167;dT3;124.50869051587316;13.686172325468707;111.60308686893612;147.24845846926738
167;gT3;340.44132217550526;34.8977854810603;288.3829075445352;373.8844038623765
167;lycopene;12.309277780025838;1.8277385601364673;9.7884312381945;14.428249375814026
167;ratio.alpha.beta;0.670841511333391;0.014467225996901449;0.6533447972177777;0.692502550371167
167;ratio.alpha.natif;0.3935112373327788;0.006637105124807535;0.3826554914054101;0.4000648291624479
167;ratio.beta.natif;0.6069134197070315;0.0059538382931394905;0.6013972723552722;0.6157776024817113
167;total.T3;800.4948001332526;19.378577803043427;773.1451381057294;816.4984649472561
167;total.beta.carotene;729.739935066823;5.141924271344081;722.5838112124359;735.2563729957157
167;total.carotene;945.4037750934956;21.277774886285318;913.4383831730285;965.6318037123488
167;total.toco;867.6630147665095;48.16143087660103;802.7766843355664;936.8819844505706
167;total.trans.carotenes.natif;776.9369550020313;12.191381258814335;762.98151034706;790.6029050082534
167;trans.alpha.carotene;323.3003728764229;2.718751646055955;319.4116654478438;327.05200830439014
167;trans.beta.carotene;487.90557130548143;14.658905045325888;469.5268306669809;502.05188733029917
168;C18.0;5.581239598611355;0.050720723089547476;5.528204025309521;5.631953139191595
168;C18.1n9;42.81231167580265;0.06958369021959941;42.75214988707685;42.896682305118105
168;C18.2;10.52575892335039;0.04307804112142915;10.46388834133117;10.56393109361459
168;FFA;8.113910674541874;0.5756711093014436;7.600068843822154;8.64655804670216
168;aT;219.07579763626032;6.521947066999584;211.03767994792454;226.23214792821148
168;aT3;225.07687343902813;13.860863556884485;207.0096725268523;238.57769545809438
168;dT3;114.90785050160392;3.3099875688541336;110.94260304036982;118.24959041801047
168;gT3;334.857092012521;16.109923236089337;318.58321322132974;354.3910886658216
168;lycopene;12.617881759583028;1.1881919302972426;11.245516291769249;14.142370180392138
168;ratio.alpha.beta;0.6759341623932986;0.011793137189075289;0.6635702689187767;0.6919213323163165
168;ratio.alpha.natif;0.3990095840803235;0.0031188160355197924;0.3947306570640643;0.402218868621316
168;ratio.beta.natif;0.600360810049889;0.003812259624158726;0.5947495609075092;0.6032011274231973
168;total.T3;750.1167028284417;35.35006943966048;704.0497243561231;784.4490950630988
168;total.beta.carotene;1015.001586140047;5.962249986399243;1008.37435132505;1021.4149356411882
168;total.carotene;1582.1756842654775;8.69306399573684;1570.5538487116241;1591.576292504026
168;total.toco;969.9616712867618;76.29253345784845;893.9324194201643;1050.6862546952918
168;total.trans.carotenes.natif;1303.027652808744;12.05873529371574;1285.9634393090212;1313.4301749908363
168;trans.alpha.carotene;499.8816840999081;5.5379447480626744;495.42471338828443;507.42761811363533
168;trans.beta.carotene;756.783028074153;8.135238537797193;749.2827431675897;763.9408432165401
169;C18.0;5.421315884456237;0.12303582294841273;5.30634199516377;5.610744464802456
169;C18.1n9;42.950199808400534;0.26935694668393934;42.51072816537876;43.21398467587003
169;C18.2;9.463683610783686;0.08720106417231162;9.382153088149371;9.604962347486484
169;FFA;5.17806291487026;0.3239018700035535;4.804011277911874;5.574199911234681
169;aT;167.0330586185728;36.05730572562967;128.7192533437414;218.87425778251574
169;aT3;225.02473059840386;11.629362243471316;213.1275699677312;241.64552789500829
169;dT3;133.09912513808382;5.62955116390794;126.39966408778078;138.7962818793496
169;gT3;355.12262568765647;14.84929603207556;338.2098016817917;375.87582133226226
169;lycopene;5.987394329880328;2.160420708240219;2.7731855370548915;8.473248141791954
169;ratio.alpha.beta;0.6592600734928495;0.013685719928863102;0.6444658953202018;0.6762449437328399
169;ratio.alpha.natif;0.3928020801078388;0.005612943771012893;0.3865430252520861;0.4018007307211357
169;ratio.beta.natif;0.6085689227659139;0.008014123674296;0.5964854374479784;0.6187345340899292
169;total.T3;788.4002500563918;20.390452406347748;761.7807524411124;814.9751928106847
169;total.beta.carotene;501.55417613603856;28.31803924220658;462.2100394865149;541.4164203880151
169;total.carotene;795.6492364013542;28.64239028973594;762.184396484233;834.0778927726778
169;total.toco;885.8264656844515;40.67144084763362;834.9283260306428;940.744478822781
169;total.trans.carotenes.natif;681.8987934864894;12.749806373452982;669.6662143528515;700.4427847487183
169;trans.alpha.carotene;240.549082270821;2.817271521062638;237.14288422078258;244.5358366271747
169;trans.beta.carotene;381.5359748631177;12.115420191784636;367.7976929557828;396.434489287113
170;C18.0;5.734583601646082;0.1857111124816355;5.576051472280292;6.045373621272464
170;C18.1n9;44.48168557016457;0.5256115845265787;43.775384452568716;45.13151289248199
170;C18.2;11.074055953902116;0.14686200121726004;10.81337436793328;11.160769761017454
170;FFA;9.43817270935844;1.24944649825047;8.698414247303973;11.655512899829763
170;aT;173.61557258423136;16.389156040232685;157.41341188618432;196.94500514431812
170;aT3;239.42880523443554;13.644805483363934;227.55086430362198;262.8047921908772
170;dT3;81.81936298976166;5.230058286461165;73.7199570763628;87.38444086348967
170;gT3;312.6760866239868;7.199593955493003;305.0535606244139;323.5751440596043
170;lycopene;18.77826704317821;4.1805365788749125;12.57653244282321;22.916915403117002
170;ratio.alpha.beta;0.7254467427055351;0.006727052607328426;0.7166761998645161;0.7346382530789844
170;ratio.alpha.natif;0.41938405900660847;0.005622431810005991;0.4097936684431472;0.42453214762072167
170;ratio.beta.natif;0.5809856273241397;0.007409199601835475;0.5756111677787216;0.5938629295034239
170;total.T3;670.7205596141341;50.14338336070257;630.1720136816368;754.626563828371
170;total.beta.carotene;741.2907271777474;91.99946798359795;692.6483496612276;905.2950682631275
170;total.carotene;1125.1006175481232;109.31656437926996;1055.4682235153684;1316.1632978986906
170;total.toco;855.3267300496433;49.60109520240114;812.3683963589326;925.6303913040471
170;total.trans.carotenes.natif;937.3319812677757;59.91752006750654;890.2124376833143;1039.474983692478
170;trans.alpha.carotene;352.0608310950449;31.51531638898379;331.6948478268277;407.1330342197805
170;trans.beta.carotene;561.1112087849084;25.287655757132427;539.6656147168502;604.9904899356766
171;C18.0;5.401722332659281;0.2092024476093278;5.16500885611238;5.710955459364576
171;C18.1n9;43.40378122009982;0.08058118884308199;43.32202000700383;43.498770598569024
171;C18.2;10.335641811918777;0.19241774601253378;10.126522800842428;10.599086460086731
171;FFA;8.21647879393524;0.6931676772029843;7.604632453540637;9.261856462274038
171;aT;157.55039077428978;12.38267923100595;146.0262082751369;176.6824103545457
171;aT3;230.51885694910416;5.918162174211097;223.5198772368118;237.4156866286191
171;dT3;71.51577329408447;10.753969148425602;56.81221259169323;80.78025395378425
171;gT3;292.8628165888276;11.287169896946592;277.2015532004572;305.1503466549347
171;lycopene;15.138865384589398;2.0503042414248847;12.756575319139126;17.33305348201263
171;ratio.alpha.beta;0.704770651036956;0.0062494299613810615;0.6965712667083708;0.7112194549974032
171;ratio.alpha.natif;0.40913736998606626;0.0018592470466165377;0.4077735339146323;0.41225732761952616
171;ratio.beta.natif;0.5939475737014008;0.002895918480256032;0.5913912775487767;0.597625814589649
171;total.T3;658.1271593046988;37.02036138392487;613.3476076693756;707.156870531362
171;total.beta.carotene;801.3463730993817;17.473398603704478;782.1428386782501;819.9643886286062
171;total.carotene;1267.716153992977;17.00734845985635;1245.9839455753886;1289.85620339157
171;total.toco;723.8694869700059;30.042095279705837;694.4070273017325;772.4630030151961
171;total.trans.carotenes.natif;994.692932945996;21.819154602780024;964.3030291765666;1014.3048342388507
171;trans.alpha.carotene;416.55578205217824;4.757834846533387;410.91458606732425;422.9685447181262
171;trans.beta.carotene;577.4276402933319;15.341620803226954;556.6134523312897;594.1576219125044
172;C18.0;5.635805438559527;0.223141494915477;5.354419216171106;5.865082549922514
172;C18.1n9;43.65598971060799;0.3687555184472269;43.32464424368355;44.08767301831562
172;C18.2;11.111075051444123;0.1556150540505629;10.847761192576778;11.232107757889281
172;FFA;11.6922743763612;0.6620729329530286;11.262182809872465;12.864639641391362
172;aT;162.41508954943887;11.149646582710531;145.47377839380658;175.09775535616546
172;aT3;196.2795415474476;2.8590854207106577;191.59582476637826;198.6965754165084
172;dT3;71.5724046022905;5.942514010893553;61.83888463053189;77.98946284692201
172;gT3;308.9815124497728;10.186785113297933;292.5584592535054;317.1838998827759
172;lycopene;19.46716959703692;2.4761522395091795;16.632265629893755;22.843153930484764
172;ratio.alpha.beta;0.7027855059970081;0.007161988538442713;0.6913904930625534;0.7110982600344263
172;ratio.alpha.natif;0.4091035705472045;0.002550440217919315;0.4056736825345675;0.4128288909449217
172;ratio.beta.natif;0.5934579407007078;0.0044397666529835235;0.5873473808720624;0.5984817991827905
172;total.T3;596.7246865895281;15.433726529018756;571.8618605214195;611.5016748525678
172;total.beta.carotene;886.3794172870923;43.48345125692859;857.1371300735384;963.2507785003377
172;total.carotene;1323.1798690954001;69.69125226072916;1285.4374909505136;1447.5502074987367
172;total.toco;706.2569294108973;61.846583172011485;644.9563519185731;804.4206248497652
172;total.trans.carotenes.natif;1046.6988104499387;41.03320977581722;1011.7580199328149;1114.0888613772447
172;trans.alpha.carotene;412.59237037108744;6.215124577551543;404.51166273834554;420.68322570431656
172;trans.beta.carotene;605.8293379326817;55.8808667376949;560.7453106764962;702.5565798149423
173;C18.0;5.788086118766834;0.13929753361247427;5.591377877242454;5.940507678111523
173;C18.1n9;45.25216960047304;0.46069865528297316;44.55355859907587;45.707993451239524
173;C18.2;10.108796362977825;0.4557631519656503;9.86142219732165;10.922058289678361
173;FFA;10.701017937100776;0.739646508354538;9.560946684735265;11.523080753826987
173;aT;155.3369866732068;6.147535786724456;150.91205204454502;165.8136393494755
173;aT3;245.8621945783926;6.552762936454183;238.81680854067545;252.72832681158258
173;dT3;83.89612111020779;5.491335815272651;74.27271417832843;87.48480112997348
173;gT3;335.4228665218408;11.29581174327878;320.13087279615206;351.3751860480568
173;lycopene;15.051768689490483;3.7525794552007254;12.037352976695363;19.997646457136426
173;ratio.alpha.beta;0.672807908969858;0.007006117775896776;0.6669996258712448;0.6843381908648047
173;ratio.alpha.natif;0.39803636790319824;0.0054767762225687066;0.3913659737247028;0.4044766165279282
173;ratio.beta.natif;0.6014381579664595;0.005929251268536656;0.5924633519931304;0.608610840732307
173;total.T3;701.48244332638;32.159482260235976;659.4567960377614;743.3476716041981
173;total.beta.carotene;540.1156914703847;55.752775564421675;484.7201569621811;608.2430904064107
173;total.carotene;887.8681636175907;72.14873902003379;786.0805901017621;967.3187820051386
173;total.toco;825.3761210355211;52.54186289890479;786.1681631948671;917.0506902906407
173;total.trans.carotenes.natif;747.1205154114732;62.48981917697534;664.036023662634;817.3974261041467
173;trans.alpha.carotene;286.496945164449;17.649458309383746;272.0404164552848;309.8015660341674
173;trans.beta.carotene;435.28702474580604;37.054437009495324;379.4858188188742;473.93666242038114
174;C18.0;5.839698257524558;0.059974122244086644;5.756740819930602;5.8968199782490025
174;C18.1n9;44.9590584047823;0.4036415283686559;44.28715640715842;45.37714585747463
174;C18.2;11.118165080195675;0.05667545293424524;11.040817685591193;11.198252195874069
174;FFA;10.808546632649188;0.6559816589985488;9.844927059387054;11.530471248176113
174;aT;166.53742586755692;10.615308809962315;158.43620956141572;184.89852563550477
174;aT3;233.01105615362985;8.929672860183222;224.71001908772286;244.9977300556031
174;dT3;94.2598032228992;5.82978297137043;88.92585369807934;103.82500934208934
174;gT3;337.0740493709005;15.244129254781555;317.1381648002766;348.64287494066366
174;lycopene;14.984146524264565;1.6345215352894342;12.838333478059427;17.40899405988
174;ratio.alpha.beta;0.6767181862577389;0.006807637672377454;0.6651628862603433;0.6826619924558196
174;ratio.alpha.natif;0.4012275761574669;0.002344386638486831;0.3989349286419371;0.405016812733842
174;ratio.beta.natif;0.6018304540602515;0.0022944956134156314;0.5990639566770397;0.6051532643689184
174;total.T3;699.6363594338123;37.506037034937634;669.6962098077533;764.2256133395077
174;total.beta.carotene;619.041033861549;30.419718502831447;576.078083704113;658.5198577464233
174;total.carotene;882.6985642700123;32.67510844199319;836.0879869014875;916.7072178079316
174;total.toco;811.0152740889431;39.998836954362204;770.5189219427186;876.3614123324166
174;total.trans.carotenes.natif;745.8102063643375;22.518844959445957;710.5785547985574;768.3366082107485
174;trans.alpha.carotene;299.704179935514;5.105378380843302;292.8029432781539;304.1432734550622
174;trans.beta.carotene;443.6618884066796;10.691529619282042;426.3748214042638;455.69891660958206
175;C18.0;5.18706790048135;0.1157847033551689;4.986395488966452;5.262924850297835
175;C18.1n9;45.45566255764711;0.10583664209770592;45.347873864737956;45.62604408446451
175;C18.2;9.684833997671898;0.05578510769221483;9.621178331746476;9.741146298022018
175;FFA;15.244292952613785;0.2479498772725435;14.985766716645799;15.522087033521691
175;aT;130.83554970447918;5.651416242526804;123.98462343528647;139.1434634891268
175;aT3;270.1320294935325;10.314415630146922;259.49133925422586;286.7949705361121
175;dT3;76.46046785739262;4.316787647633688;71.516944008361;83.24882629024164
175;gT3;327.01925547042663;5.402581104193998;319.021905754831;333.27325574933786
175;lycopene;17.816378712145617;5.45052217224375;11.424820990424497;22.769373258504185
175;ratio.alpha.beta;0.6556646485081967;0.00356326204633223;0.6526682544804505;0.6609491098676241
175;ratio.alpha.natif;0.38993770126263194;0.0022310528822098;0.38647082761957524;0.39253719113143803
175;ratio.beta.natif;0.6115247340539086;0.0029115314535335802;0.6081060761808662;0.6156855102191965
175;total.T3;732.7344881175968;30.49564391355405;693.8563453796149;762.9279912573788
175;total.beta.carotene;715.222555442347;5.008210792301666;707.6459652082849;719.2710798222929
175;total.carotene;1059.4407243156486;6.876597083776692;1048.0410279854464;1066.22074205013
175;total.toco;821.5359294053062;17.525093132340128;797.1365235714195;838.5843972466689
175;total.trans.carotenes.natif;889.7093539133509;16.10095694625198;867.3190554056799;902.6928740981888
175;trans.alpha.carotene;331.6669724865208;2.7380241923670727;328.4664701696879;334.5846556283902
175;trans.beta.carotene;548.536609582627;6.062135366202648;539.6171158388282;556.3032307870559
176;C18.0;5.573570911441236;0.051956271399099516;5.512177609774845;5.647565591181551
176;C18.1n9;42.560089169850116;0.21065489506227636;42.21767495883159;42.774235710239516
176;C18.2;10.296065871146974;0.0681020101620743;10.213219331600724;10.386759169233791
176;FFA;11.741876942035024;0.18389866948161543;11.460235136649649;11.948189703879313
176;aT;159.78063193950845;12.406806037143511;138.5708397962138;168.645649150099
176;aT3;247.4175438271962;19.955869289950225;218.948013749117;275.2953258699333
176;dT3;89.4577005946642;3.1955406738203647;86.52988932044656;93.89896706549058
176;gT3;329.7480621932793;18.877875238608947;302.4126799687091;355.42061878607774
176;lycopene;14.368626647756283;2.470948151997858;11.758617970298735;17.81246191265763
176;ratio.alpha.beta;0.6941032631932569;0.0146539792274104;0.6736620082483704;0.7146664850344466
176;ratio.alpha.natif;0.4099401017051048;0.004277584034173362;0.40363141426838306;0.4149311536951268
176;ratio.beta.natif;0.5856170214989049;0.003522431417490184;0.58127459196314;0.5901120115751961
176;total.T3;731.3404449760571;17.907592253806296;704.414430784603;750.805758592885
176;total.beta.carotene;477.40693537307936;37.23978494619212;441.8670485875752;536.1911851482228
176;total.carotene;786.0587459144293;47.828701338102775;727.1593769042582;860.6356547358602
176;total.toco;820.0202869019431;48.884092748714146;758.688389166131;888.4993423195732
176;total.trans.carotenes.natif;659.9849059081793;35.95356549588972;634.854815243442;723.377177426911
176;trans.alpha.carotene;271.60331551241774;8.617460262403505;263.0100918670838;283.3367972015357
176;trans.beta.carotene;378.6234774585671;15.343468574218067;356.11044232106013;394.41185158740996
177;C18.0;5.39062312573246;0.009543127953510921;5.380228596635058;5.398988451955043
177;C18.1n9;43.463629898133206;0.4208173902255708;43.1550919681712;43.94299967093746
177;C18.2;9.899269106897355;0.0768510986789776;9.829353886636397;9.981555226935313
177;FFA;13.823300745651828;0.2738811678857023;13.511554304055876;14.025233832240238
177;aT;167.32873333762095;9.246168870332966;157.41327858575264;175.71493801061476
177;aT3;242.11111202755947;4.103073616933304;238.06651045019672;246.2702590124539
177;dT3;69.65672540276691;0.4192053003865365;69.19477645336234;70.01294148389523
177;gT3;291.3540194193332;15.740794907264934;281.8722739926088;309.52415131031466
177;lycopene;30.536826583297252;1.232653973358299;29.234166558176586;31.684889383431017
177;ratio.alpha.beta;0.6451017325971314;0.004150803544148651;0.6405006364925047;0.6485648665770682
177;ratio.alpha.natif;0.39027151114641817;0.0025823166701830287;0.3872999795804015;0.3919714252407204
177;ratio.beta.natif;0.6109524341372458;0.0010116746417940348;0.6103585003468877;0.6121205597839462
177;total.T3;645.3080144768156;19.27491253479793;628.5591691800822;666.376112288179
177;total.beta.carotene;1288.0280146930234;8.207754211252023;1279.093224388103;1295.2329947021867
177;total.carotene;1791.5635538396455;8.301029703405645;1784.1946063957255;1800.55661064124
177;total.toco;797.4339492532541;17.55225844617802;782.9683852788563;816.9607285862467
177;total.trans.carotenes.natif;1466.2262379991728;12.352532824527108;1452.3413973401784;1475.9959303507387
177;trans.alpha.carotene;670.3818170270409;15.361661555434178;660.9613468027195;688.1082613150028
177;trans.beta.carotene;881.2752316583561;3.0247164857457953;878.2839118863867;884.3322737318629
178;C18.0;5.364918692127854;0.11770928373490208;5.237701342547604;5.494721066793078
178;C18.1n9;44.18212076494181;0.3667277415110912;43.720827399799774;44.66079060921723
178;C18.2;10.161890716542066;0.27615065581941156;9.83731590985109;10.415017386209886
178;FFA;27.04939624600173;0.7715311548156807;26.154585991034843;27.78906957310059
178;aT;136.64525144071894;9.226825544854197;126.61746889614787;148.97583737727882
178;aT3;249.9342320363915;16.351611604105543;232.57291109189998;271.9575011692433
178;dT3;80.09022444350083;5.2498651996023975;74.35815252946301;87.63010696391488
178;gT3;317.8675109246356;20.028138437916066;289.2927509366894;341.2601082326901
178;lycopene;20.81458021650375;1.5473216821256202;18.504166423328762;22.515390966896668
178;ratio.alpha.beta;0.6918262304930872;0.01808350968189017;0.6603794561899633;0.7040705863114931
178;ratio.alpha.natif;0.39995522482363;0.004316630629449385;0.3931178691645638;0.4039063913034305
178;ratio.beta.natif;0.5956677718882787;0.00716305087613504;0.5876515398207368;0.6036739422723921
178;total.T3;665.8768486939136;19.110338460025343;634.3727588986768;680.8154274367506
178;total.beta.carotene;792.5092023934822;30.0014959103411;751.5091433001571;836.2857585347374
178;total.carotene;1210.1949011972356;31.387819677842668;1181.0812224800682;1250.3952491338857
178;total.toco;757.8934394626444;24.786168614838502;739.168600332399;798.5497223505326
178;total.trans.carotenes.natif;963.9790760026326;14.81281688399378;945.4516192513041;981.5053480556548
178;trans.alpha.carotene;412.90067412755644;11.692958640967252;398.5446197634255;427.7919781904659
178;trans.beta.carotene;564.2163351844425;11.001919213103257;553.5909641213674;582.6713136357614
179;C18.0;5.335608485446247;0.10416825536761627;5.165714325175199;5.420259291030114
179;C18.1n9;45.19943713687567;0.3532779666507953;44.821189064960315;45.62965389879641
179;C18.2;11.113895273168861;0.03759904732735525;11.067819249209109;11.151259349620853
179;FFA;26.390807956361137;0.11668236086416006;26.241040808715756;26.561959808140067
179;aT;105.39289535982009;6.565596128879926;96.11094159278943;114.52739214699191
179;aT3;218.8082129218923;6.915751264040065;207.35832195733002;226.09116591616845
179;dT3;89.0800229952611;0.556738051391461;88.42191766565338;89.87484612461759
179;gT3;334.141176317811;15.459609325090469;319.9376035255919;355.4971837950536
179;lycopene;20.84090456085603;2.282983206518294;18.085006549744197;24.028821799627586
179;ratio.alpha.beta;0.7400869292358245;0.007068770123273412;0.7279473703985757;0.7455269965530422
179;ratio.alpha.natif;0.4211814364193784;0.002779789706477714;0.41845933078988184;0.4246075618444044
179;ratio.beta.natif;0.5747296522701018;0.005113795741397601;0.5681791060807605;0.5818508411799465
179;total.T3;652.7710895491083;38.499945673483836;588.7735877869611;692.2786325928384
179;total.beta.carotene;388.7832080667092;8.615543261170526;377.4639546709988;400.5670401788711
179;total.carotene;671.271373512408;23.428864367511572;636.7927695032265;698.295386223871
179;total.toco;749.8131880926254;19.869341945294817;721.8824374745692;774.860963758921
179;total.trans.carotenes.natif;545.3715165449576;12.254770779549284;534.4182721194127;564.3866679512633
179;trans.alpha.carotene;224.0357687851183;4.411447876012503;217.56135897439447;228.64975954207165
179;trans.beta.carotene;320.56576820908003;16.733193805708314;299.3277764156135;345.7459364832494
180;C18.0;5.345356079369235;0.24614676200064523;5.094423692695985;5.699208488272874
180;C18.1n9;45.25531297345172;0.6477902591489316;44.11781096193938;45.66342773224828
180;C18.2;9.747517807278445;0.47484080993323013;9.434949656181129;10.578169842364337
180;FFA;26.126502911310013;1.1321462399585962;25.344061106484315;28.11209846087372
180;aT;102.17633556625718;7.5880232183893925;94.47876105340025;111.76649698301021
180;aT3;230.7914561015927;6.880580253445152;223.11307492318286;239.20292106310322
180;dT3;82.97779512432842;2.9057574706887017;78.72506731671623;85.81569304454257
180;gT3;331.64475423949034;11.011726238285023;314.0102134485065;343.75490619119967
180;lycopene;17.737419264072702;1.579338771561164;15.814941045303346;19.71319605480439
180;ratio.alpha.beta;0.7289909442942585;0.013618713892432384;0.7179419771405108;0.7505730363267996
180;ratio.alpha.natif;0.415558019442863;0.004020465687845113;0.4111385115057176;0.4204433891347433
180;ratio.beta.natif;0.5824471139466197;0.0049068871800500785;0.5758234532627945;0.5877384131615435
180;total.T3;639.0194328663763;27.946448636593058;608.3098953466186;680.3846792446334
180;total.beta.carotene;613.2214817469519;50.63510774062067;589.1005856816863;703.7798628210153
180;total.carotene;902.5916886446057;52.372835144889684;866.8665813857862;995.2194216163697
180;total.toco;755.238299739113;19.65422194758633;732.3737029396597;781.9056203981527
180;total.trans.carotenes.natif;737.3484824863976;24.34492083756507;716.6484157880573;777.7167217964277
180;trans.alpha.carotene;313.8560030609443;20.750108654715977;300.0235391599603;350.3391410797618
180;trans.beta.carotene;421.78900389013927;26.949552495273668;402.0240038203901;469.21370669119904
181;C18.0;5.139606044001383;0.20711442963302146;4.916119017229709;5.404594353049743
181;C18.1n9;42.69719809755168;0.2670386897826079;42.450849336257825;43.13008324136285
181;C18.2;9.736029575638497;0.14516327167285492;9.534424115967854;9.897062518048703
181;FFA;12.499030627029368;0.42346921234495016;11.922842482139488;12.938345965515161
181;aT;133.65936237166497;22.570940604216208;116.3502083224213;170.1336688547664
181;aT3;263.33846482302994;10.78918694051494;251.3284587147783;279.0658903188992
181;dT3;87.67795601271916;6.039284652226689;79.68500600378204;96.59774088016535
181;gT3;323.99810244980114;16.804992811581865;303.12819718712416;341.9980441548544
181;lycopene;17.00341581289108;1.8878941698088783;14.308446155033003;19.50234444587012
181;ratio.alpha.beta;0.6476779922285012;0.010939512129181568;0.6320669933744354;0.6626999588620316
181;ratio.alpha.natif;0.38340484917506484;0.006695556875450901;0.37584676914363074;0.39362722971248476
181;ratio.beta.natif;0.6112718060604843;0.004373994069363012;0.6071542668871143;0.6183561173984362
181;total.T3;743.7305748771172;41.11407332013791;693.0090514724626;799.6708414598745
181;total.beta.carotene;605.5047344080402;50.263603649464066;536.0501331438552;656.3710921687633
181;total.carotene;893.3153605192878;32.24974926163663;855.4718945872124;936.7397534578233
181;total.toco;876.4457209152964;94.90158142628036;803.7892167363325;1005.1787235214449
181;total.trans.carotenes.natif;724.9018901713409;29.812001381727523;686.6143065251115;763.8120751155158
181;trans.alpha.carotene;295.63638060169257;3.920638477333079;289.22516404880787;299.2654541332075
181;trans.beta.carotene;432.0371355997783;16.277411460508855;413.23386240252466;453.77861105986716
182;C18.0;5.449199530509723;0.16130012741602975;5.290856882541061;5.6338800156277635
182;C18.1n9;44.09148713809091;0.24326042207086065;43.81997464773016;44.455943579292246
182;C18.2;10.04734431541011;0.19936642137228003;9.798008644273217;10.325810242866844
182;FFA;8.014956814413535;0.8077950272565126;7.324794991455186;9.395574231541014
182;aT;149.62929171730934;12.394706471448938;132.54802670937906;163.50485332274127
182;aT3;210.08302455735893;5.31035519173485;204.27482907881884;217.78785667017158
182;dT3;79.24613074654175;4.402706765154853;71.78435132545528;82.66940715540385
182;gT3;316.8185463055896;13.84481319861001;301.3099439423962;332.36056457265755
182;lycopene;24.247086373643562;1.3848160107123162;21.92498328448194;25.650969864031648
182;ratio.alpha.beta;0.7014479256242646;0.008632625959782803;0.6907141595107249;0.7114465530944236
182;ratio.alpha.natif;0.4128068959444319;0.0027013003588136427;0.4083726731816129;0.4154403105706078
182;ratio.beta.natif;0.5867968566795134;0.003908232704430315;0.5829841987404372;0.5922752527152702
182;total.T3;640.6611271648684;16.003703240121332;625.7771015861488;665.9608391280656
182;total.beta.carotene;537.4281277922688;50.04613460507663;472.7849815364473;582.8928011184721
182;total.carotene;828.4187320779287;48.98400978612793;770.5614797870429;883.4046022726815
182;total.toco;747.2863258303306;20.255629366635805;719.3049514756021;766.4491013585601
182;total.trans.carotenes.natif;668.2312831607227;35.839018804920144;620.3270805539745;699.8684105976943
182;trans.alpha.carotene;288.4938995684319;17.418239468244685;263.4210978296925;307.12793300731596
182;trans.beta.carotene;386.06190331750145;21.8746790408024;355.0529903623638;408.79091006804435
183;C18.0;5.171155928106242;0.07538611222746816;5.091621994601735;5.2495288811593435
183;C18.1n9;43.223042252552034;0.27723380898225486;42.86746790957857;43.516469709249535
183;C18.2;9.956726418828794;0.2583894211836292;9.769185848323747;10.399082123293773
183;FFA;13.426384113152912;0.5447406132669586;12.510930689009795;13.8973298182975
183;aT;163.27052631193573;12.217251907985;154.8716051001148;183.69645509529545
183;aT3;224.8992279846911;5.452460445256501;216.21008508172136;230.03269263165416
183;dT3;70.26265531029722;6.459290378814299;63.39511258922967;79.79051316294057
183;gT3;298.6907440555998;14.728194024145159;286.3824508190455;321.0460507987688
183;lycopene;25.049239535298188;1.902422145936083;22.521064589409537;26.827621142386853
183;ratio.alpha.beta;0.6928568472410681;0.009725690770246492;0.6803056453221568;0.7073484309696382
183;ratio.alpha.natif;0.41076023458306105;0.0024812723602473147;0.4076139826778543;0.41314071552409376
183;ratio.beta.natif;0.5909380663886667;0.00411117559175114;0.5845839184259384;0.5956724354539094
183;total.T3;619.6027081942768;39.83040590326348;581.4164603401728;667.6839951003241
183;total.beta.carotene;765.079876246444;6.173112172086229;757.9584903649506;772.7561940391316
183;total.carotene;1127.4799072996143;25.185282119461544;1103.3778472137592;1167.0989508874698
183;total.toco;757.5294850375282;62.298457688096825;702.4870457446453;865.0407812939592
183;total.trans.carotenes.natif;870.4265513058444;34.43499839963886;839.292184629709;923.2613806848188
183;trans.alpha.carotene;372.7706884639537;6.564898368444868;364.7299218471751;382.7340454834351
183;trans.beta.carotene;503.5526090724978;6.855215655592543;492.86706937534143;510.5993922061943
184;C18.0;5.23324039208871;0.05871436936564054;5.144864252112159;5.283244843653891
184;C18.1n9;42.00505570216269;0.1460084253423423;41.79673500794189;42.20338486811354
184;C18.2;9.544140698074424;0.07232427017285914;9.421464402025162;9.611048944672518
184;FFA;12.837784770063177;0.26931491024698007;12.475585199253606;13.190180210734319
184;aT;167.55977824835037;12.543288167861968;150.0001872125695;184.67620736814894
184;aT3;242.4435622133491;8.669850788123284;234.1289402775184;254.3749860752598
184;dT3;74.54102842586467;3.7652463801458445;69.25683204054843;78.44486697625797
184;gT3;313.056251800729;16.64926852550477;285.9354040593733;330.85140669676815
184;lycopene;27.094774796680944;3.3039049934959817;23.859285097417168;31.71498363883748
184;ratio.alpha.beta;0.727385499435908;0.009673987198018194;0.7205777593293078;0.7444376140517704
184;ratio.alpha.natif;0.41517302819514806;0.0022271270274547453;0.4115993178888779;0.4176739924596902
184;ratio.beta.natif;0.5824361838104948;0.0037060312693713757;0.5788016032721066;0.5875139254881435
184;total.T3;649.7498092979608;26.790531095732376;613.3129583701268;686.3109855280092
184;total.beta.carotene;813.6317585355812;21.56925142629117;793.1514325291744;844.9915440340477
184;total.carotene;1214.4956736496163;22.629029541160456;1186.8031417599916;1242.1903257326335
184;total.toco;744.92909074765;18.60409359616461;723.9942768403754;773.547206675983
184;total.trans.carotenes.natif;952.1305501849481;16.669924783182037;934.073216421322;971.6961380193871
184;trans.alpha.carotene;396.10590951747065;1.8170663599518868;393.27997860774724;397.97167677487033
184;trans.beta.carotene;544.9772854523477;13.083851157989411;527.3160037932325;563.2299124462149
185;C18.0;5.5678905614994525;0.0464257636069056;5.510655859998975;5.624156541629486
185;C18.1n9;42.06223137061242;0.22085941667611247;41.847128823715344;42.43035500018481
185;C18.2;10.127101357847641;0.0838013180569105;10.068630404965962;10.273685124119961
185;FFA;7.341411294485717;0.48652027279627813;6.614171432976965;7.786128135309337
185;aT;190.6532748789091;6.408437859297996;182.75648966673958;197.1558499583393
185;aT3;250.88277336078954;19.14472377840906;228.9304237949513;268.54847949114657
185;dT3;77.44396836510043;7.1540498756154784;69.4652485246756;84.41030645791608
185;gT3;310.3060255073717;12.63882431070361;295.520964469909;324.88841878604507
185;lycopene;30.749015140872064;3.16439516297494;26.925913365933773;35.22567110669029
185;ratio.alpha.beta;0.6835028958778346;0.015541558472755821;0.6744706905846979;0.7110341454219867
185;ratio.alpha.natif;0.4024501232843698;0.0037600617262674254;0.3993496112365476;0.40807842034798264
185;ratio.beta.natif;0.5979490839797543;0.00626947090178749;0.5896449912410109;0.6070760132308957
185;total.T3;668.5431659006802;38.44812177013996;609.5532062083319;710.4379631584859
185;total.beta.carotene;799.6247419984265;157.2501706798261;696.850187879068;1076.0420448288353
185;total.carotene;1190.8861653168944;133.34033109921657;1117.8484906173987;1426.3048389947683
185;total.toco;842.7870042188335;34.79544320361195;806.3843482588803;899.5118595326683
185;total.trans.carotenes.natif;881.6860488100234;133.7105810784537;810.1088818189058;1118.161560421259
185;trans.alpha.carotene;377.00159771237475;33.620019795546604;354.31905355449703;435.7666821043005
185;trans.beta.carotene;535.6266365567848;91.26956082859776;476.506674129461;691.2268794313185
186;C18.0;5.193036473772784;0.07801265471172877;5.130572486121929;5.328974190694194
186;C18.1n9;43.79633808536917;0.2711264059204814;43.34686909473596;44.065355539782075
186;C18.2;9.246642305014669;0.08272917505382185;9.173968308370387;9.384449160972034
186;FFA;15.902442909700785;0.12350142753246784;15.760037859952211;16.038626040118977
186;aT;154.6281874167152;8.714052619131232;141.1972813510965;163.27648811928566
186;aT3;263.2340906271359;12.129327643193589;246.93437141556487;275.7037180019469
186;dT3;75.39421320229326;10.556694742794106;64.48219245162777;89.54929035030635
186;gT3;306.5826612279951;14.230371551719895;285.7698735276684;325.75581721702383
186;lycopene;25.284143899319254;2.424362770721556;23.390699210893786;29.202137323285182
186;ratio.alpha.beta;0.6849082319449271;0.006810065331501976;0.6732913452794407;0.690688108072928
186;ratio.alpha.natif;0.4002375415102636;0.0011855657432826188;0.3985668305138525;0.4016010203670649
186;ratio.beta.natif;0.6006225338198445;0.0029629910687254046;0.5970698522361504;0.6052538685381487
186;total.T3;703.8583379497646;66.09645034918836;640.320837751718;802.7056675105732
186;total.beta.carotene;1388.0558843535348;158.17823379288083;1106.3875728443702;1481.9524495297505
186;total.carotene;2134.2867566706673;171.4741335394835;1838.7891918475793;2239.753434945688
186;total.toco;780.3511379237973;18.66115457178407;759.4560864507072;801.9308771947822
186;total.trans.carotenes.natif;1790.025670561358;118.02942732807814;1587.1782663105812;1876.4783789061557
186;trans.alpha.carotene;688.8571251855734;37.30887470018559;624.1949849971438;717.3022539856341
186;trans.beta.carotene;1090.0583782700626;50.77323307071976;1000.9696429463878;1126.4345791791898
187;C18.0;5.099103026733628;0.22256973484594553;4.915180051042918;5.461121183564371
187;C18.1n9;43.20608704551834;0.26262839290440526;42.812804357895686;43.47261463569036
187;C18.2;9.984710803298281;0.33268479404236434;9.789113337579053;10.575002727490752
187;FFA;13.457040451321262;0.7610624674659056;12.634359706359641;14.293738225610241
187;aT;162.43482372512767;9.129753279589297;153.89607783597518;176.52085090205816
187;aT3;246.2823927483161;3.585459839679107;240.31537711112585;249.92749442013547
187;dT3;75.89260875596064;4.925795452572929;70.17813693495053;83.40475199675225
187;gT3;311.87715982176263;8.646348629829047;304.0148268827772;325.77781407662894
187;lycopene;20.895046546655472;3.117330557332238;17.148660429348773;25.80338115710882
187;ratio.alpha.beta;0.6899920742777558;0.008874749773848488;0.6769391115041242;0.6994133624106382
187;ratio.alpha.natif;0.40336370200913774;0.002381362181851992;0.40098265621443985;0.4063046964351201
187;ratio.beta.natif;0.5972942056343699;0.006646851789436197;0.5901735114458867;0.6061277668500802
187;total.T3;652.3454073759851;10.28223975376193;636.893481844959;659.792440914104
187;total.beta.carotene;1018.1905770360779;28.96036497003425;994.9436165809337;1065.9476258359618
187;total.carotene;1499.948723080501;55.78977265531594;1441.6772935815804;1587.5600788649072
187;total.toco;797.810987432018;33.08623427337086;756.1244106477822;831.5865858959411
187;total.trans.carotenes.natif;1183.6252248551714;44.27086236747198;1125.5643463677966;1242.9972652200422
187;trans.alpha.carotene;476.0461660835692;7.091159675103564;466.0757809032303;483.22846626693945
187;trans.beta.carotene;752.842333908395;37.06029588793185;708.4681683305884;796.3243917719117
188;C18.0;5.590545170543104;0.07186870732001696;5.501822152710748;5.67768694887018
188;C18.1n9;45.36437945454586;0.4043712558544606;44.74582050763884;45.82078027112373
188;C18.2;9.941877795257877;0.44838262049111266;9.64923749614183;10.737095294064625
188;FFA;21.176778687640752;0.47386847185842323;20.616157223225485;21.7084896238992
188;aT;157.95555919975078;10.009377715484971;150.01057825183364;169.597563040761
188;aT3;259.5497883980144;4.599002098005331;252.80474945808984;265.30875261680706
188;dT3;86.33746759293845;4.792085250819586;81.65726382474467;92.22357927787381
188;gT3;325.23825258937467;19.43583317958711;309.79406865930514;358.49083305133377
188;lycopene;21.112335136474517;3.4402150697384153;16.348612227741555;24.867798584905472
188;ratio.alpha.beta;0.7124020082156266;0.006478856673108787;0.7011521611141174;0.7166225093687183
188;ratio.alpha.natif;0.40964790416943864;0.0025477596822889477;0.4054354241189692;0.4117793143749223
188;ratio.beta.natif;0.5907067891989872;0.005410442077420383;0.5852262905608808;0.5988999395289768
188;total.T3;655.5351292588088;32.21150800249162;623.8801594459773;701.7527595902746
188;total.beta.carotene;658.1045412283622;35.71980777872511;616.7859281402226;696.2351148476087
188;total.carotene;909.6334249955489;22.09325951356104;876.9811981686909;939.1348450702735
188;total.toco;839.0255475437491;8.108182698373817;833.3456750277444;852.8670129531257
188;total.trans.carotenes.natif;743.8272969905842;16.689007817462464;720.6089766484296;767.3583951037543
188;trans.alpha.carotene;311.7867961684614;3.0746787816283043;307.43892328969804;315.39740485842805
188;trans.beta.carotene;432.2597361885961;16.27252591678885;417.07909553637023;459.6186896033827
189;C18.0;5.181327211721053;0.10650551788056059;5.00261295695304;5.279937268366091
189;C18.1n9;44.99982059413815;0.43358513397179077;44.280340108749996;45.402054512106496
189;C18.2;9.580873439981978;0.04421578661618233;9.531788795832085;9.635573858364442
189;FFA;27.18981083053834;0.11898619263322073;27.045685529220137;27.35329417137089
189;aT;84.60659247986314;3.906451618561669;82.20494976118471;91.52255182104159
189;aT3;192.79657116932773;5.842336263584829;183.244351563782;198.70565212798854
189;dT3;87.59598131831751;3.225610348293399;83.88876578001037;91.46836150719815
189;gT3;290.02997429678425;4.5773088540479305;282.3182717412009;294.56745263656234
189;lycopene;20.78238481273232;1.86538429320345;18.32415311891148;23.5564195296767
189;ratio.alpha.beta;0.749754485320635;0.0034732078503777373;0.7454429282080032;0.753343653337314
189;ratio.alpha.natif;0.4195384435350883;0.0020298801508188175;0.4161654509422438;0.42133051957923834
189;ratio.beta.natif;0.5802708186581028;0.003492803860030366;0.5779730805320181;0.5861177336370763
189;total.T3;569.1822788772306;16.299558410905487;545.3574283455777;586.3445354379826
189;total.beta.carotene;337.5980292770164;4.157151655739207;331.08045036961585;342.65757297755624
189;total.carotene;624.9155980700197;25.429087565777603;592.3888627921408;646.1606012104031
189;total.toco;619.9488210965785;17.509224609948433;596.9066842073079;644.9030378153133
189;total.trans.carotenes.natif;493.3211314768274;24.719421270252617;460.16391875877906;517.9523784830442
189;trans.alpha.carotene;205.95441151040276;1.3061623837114331;203.7848914105302;207.3213081309388
189;trans.beta.carotene;311.86664147432896;12.637717507722302;296.8931292444575;326.07003135261255
190;C18.0;5.345449357885298;0.13245072738459363;5.225064582938505;5.56869974278911
190;C18.1n9;45.54583144469587;0.2474571152866438;45.121006618771595;45.73756632635491
190;C18.2;9.905222634098871;0.050082439820839666;9.848984023223476;9.986453769302763
190;FFA;12.214487782109341;0.21970187979258676;11.874293074193515;12.44952334754991
190;aT;126.488341470385;8.38051363875333;120.61406906018861;140.6331771466211
190;aT3;242.4490586820072;8.008359297146418;233.98141524037132;253.7801080357487
190;dT3;88.2111271240506;7.96870239159115;78.9689125542696;100.9092698327708
190;gT3;313.250702482842;11.767108329281136;300.97869975556057;332.8576117045183
190;lycopene;18.96029103146025;1.7612923941466538;16.903132606015827;21.414259225109586
190;ratio.alpha.beta;0.6905130949450924;0.012450934276461111;0.6789920197144445;0.7055617262073163
190;ratio.alpha.natif;0.4073466258324972;0.0029740098988172096;0.40362518277399934;0.4110590776711817
190;ratio.beta.natif;0.5976026781573093;0.002685616540129159;0.5942599854902562;0.5997794909042574
190;total.T3;623.6804848130113;21.176390534649943;595.4729924629752;654.8448001590676
190;total.beta.carotene;565.8825021338589;3.6921783124373637;561.7482217843717;570.7559771172811
190;total.carotene;837.4312051714987;21.65376748832308;813.1349725353608;862.1661575199613
190;total.toco;765.9412855324746;16.903445291482825;744.4476651874367;788.4885897481378
190;total.trans.carotenes.natif;671.5129523202033;32.44396528840326;631.1803323171406;705.6048173276939
190;trans.alpha.carotene;271.813253206647;0.988263470109042;270.6464014358846;273.3880548516933
190;trans.beta.carotene;404.3063332222411;10.617534549702901;395.471362056409;416.1038868337384
191;C18.0;5.185801437917787;0.06879560157840503;5.114750612812574;5.265908827629715
191;C18.1n9;46.70650795241974;0.6600426123439037;45.8566969318249;47.333178211352504
191;C18.2;9.789770657087354;0.11283394529782918;9.660151597282239;9.9346188532415
191;FFA;17.460272716960844;0.42918191109820614;16.81906033722476;17.904126167256962
191;aT;129.6991750536186;4.603100852958991;123.55638455294934;135.24265092581786
191;aT3;243.53527997767364;7.414662319548456;233.40803957498917;251.6753427995276
191;dT3;85.73317774716014;2.523579730047369;83.45574485688981;89.21373867101262
191;gT3;313.069795579164;20.796678149126052;287.97663967531577;340.38449760484144
191;lycopene;19.259230501724694;2.3130364717670595;16.76560565527917;22.00485843511856
191;ratio.alpha.beta;0.7062169733855641;0.010786218162850955;0.6991733950289079;0.7250578165244854
191;ratio.alpha.natif;0.4123966552560856;0.002072752335682339;0.4100641535518546;0.4155981954172028
191;ratio.beta.natif;0.5903250683809051;0.0021863700037072767;0.5880110205364847;0.5936023572370042
191;total.T3;631.9996387834337;27.676441655653637;582.9551497751643;649.9213789193318
191;total.beta.carotene;590.1584364659209;9.703094122438381;579.897757564622;604.0646236371772
191;total.carotene;880.7346293150025;14.500401379126298;864.6701650674364;899.7219487432264
191;total.toco;775.0718409537246;19.745876626878324;747.0120922471575;791.9651777025425
191;total.trans.carotenes.natif;713.925075520895;11.815967934619756;702.8190816479053;733.664550304207
191;trans.alpha.carotene;308.36965828522597;2.713050107550136;305.9493846569813;312.42987198624263
191;trans.beta.carotene;427.3529297986409;10.89802822413036;411.30792191629837;438.72662800646873
192;C18.0;5.667336480922058;0.06865646616906937;5.603541949412842;5.770664161786932
192;C18.1n9;45.482732599076336;0.24518291912264265;45.19940025205596;45.722032778552354
192;C18.2;10.107210800518171;0.1287505757014088;9.894891654687376;10.215273891420297
192;FFA;16.21977495106514;0.35625450812637327;15.753726878194104;16.566357731297884
192;aT;149.62521538875612;6.823548357450335;144.4038166694257;161.48659695645395
192;aT3;249.96623187217773;6.439661582932039;241.93246370820162;259.4506177550236
192;dT3;83.13843908980729;9.905013346785392;70.95098180617816;95.00704486303712
192;gT3;313.6703363592247;7.0335744841015515;302.5778103016314;320.500779037915
192;lycopene;18.277793774896452;4.593736772683963;12.660825999165349;25.425174466263176
192;ratio.alpha.beta;0.7077107914913542;0.011376456238552017;0.6992918448498093;0.7276355533878442
192;ratio.alpha.natif;0.40884104472650706;0.0020799533335389784;0.4054451612597973;0.41093212225663833
192;ratio.beta.natif;0.5896521769323811;0.002984902367833934;0.5871146026267463;0.5932858297965408
192;total.T3;636.5930342683072;19.89641772778655;607.5815308587531;661.606687976095
192;total.beta.carotene;675.4675789417275;27.96463873974093;628.292359195882;700.1331497426258
192;total.carotene;943.877116398961;22.38082394143852;910.651900244287;969.7840694124176
192;total.toco;781.8030578123546;65.61918383623049;728.1283595452177;896.1590897156661
192;total.trans.carotenes.natif;781.1766258624023;12.831813130557089;764.5939138473082;794.5377897978715
192;trans.alpha.carotene;310.5418029258416;3.8202211943578623;306.8709904236308;314.8505654164252
192;trans.beta.carotene;476.8507983835058;20.371554466467213;459.6884737867665;506.1753187666982
193;C18.0;5.860449769082831;0.0500975645794044;5.811105116226819;5.92738584400044
193;C18.1n9;45.43027732247451;0.14282423450351445;45.281833513861805;45.60701897767392
193;C18.2;11.058614079255957;0.0530904064538617;10.996060228306144;11.12011697257126
193;FFA;12.006973818178976;0.28089857479840113;11.77847106468561;12.474003312545015
193;aT;174.76186312876732;8.76249118515071;165.18700863364882;187.20073974896516
193;aT3;231.07751026618115;2.1175135581234117;229.49397377544557;234.64379278693377
193;dT3;78.20513126787043;6.560141504584554;69.16266709155195;86.18448909728679
193;gT3;316.31773370916187;15.27000436329889;305.1803388690231;341.4767301173224
193;lycopene;19.224644033717375;2.837515143898381;15.166239667758191;22.97764770450065
193;ratio.alpha.beta;0.7072618649567548;0.0080284070262464;0.7011256078157799;0.7202182163576828
193;ratio.alpha.natif;0.4132462400493823;0.002373264571707432;0.4108302797364756;0.41644798734138344
193;ratio.beta.natif;0.5873067789182116;0.0034898821025506374;0.5821424753969695;0.5904612178336885
193;total.T3;620.7782117456638;16.49108573603822;609.7273537434128;648.0782889013501
193;total.beta.carotene;814.5677090914352;28.91898113229669;771.8202648082153;848.0440269786859
193;total.carotene;1281.534645424708;24.249441684395418;1241.5016978289639;1304.4556109153425
193;total.toco;760.7213033403295;27.025956531621645;721.5315255467387;797.2175464900553
193;total.trans.carotenes.natif;1067.7005353413845;23.33132126058351;1041.4245202821694;1102.5011642393104
193;trans.alpha.carotene;431.56682141163503;6.899528411029594;420.9765316934939;437.5519135531787
193;trans.beta.carotene;612.0464938917215;6.634798257449325;603.9877852411813;621.8781458682258
194;C18.0;5.5658215017275;0.06936678833228363;5.471180110602059;5.621716580526752
194;C18.1n9;44.068803740060865;0.12965336149354578;43.845926277664276;44.177120970631925
194;C18.2;11.012181397066982;0.15974976586755912;10.768226820398398;11.183627012840262
194;FFA;21.948095969266074;0.26306610199257063;21.625080461165904;22.225987697713034
194;aT;185.36106102236667;8.16841764939671;174.0346515782756;196.76999079265295
194;aT3;225.80044849651796;10.618997709866276;214.01147493471544;243.0837069910461
194;dT3;74.43878955124922;2.982990815863154;71.00357639903909;77.71950081386636
194;gT3;288.8150883402921;16.248824537973462;264.85278430713896;302.0242355075031
194;lycopene;17.861328187110033;1.7696902838672974;16.201696643563828;19.831916398922036
194;ratio.alpha.beta;0.6935270815601979;0.004039690508717945;0.6888971271964871;0.6984240072345878
194;ratio.alpha.natif;0.40891574983615636;0.0037338076054057915;0.40477651078273413;0.4142045851862036
194;ratio.beta.natif;0.5927138555131221;0.004520975583100399;0.5870608644488251;0.5987206599451439
194;total.T3;586.1676804376659;20.12835000521489;564.648627470943;608.4686312063699
194;total.beta.carotene;1014.1038720645125;9.049726430252628;1000.0891610068819;1021.5653986618601
194;total.carotene;1434.2008920215508;19.52849327970712;1409.2440804788996;1461.4502491793048
194;total.toco;751.8348515228552;26.43017848047836;724.178887139943;786.3626769363551
194;total.trans.carotenes.natif;1175.9757533154916;16.66949761587744;1150.9637115387034;1194.6377884873152
194;trans.alpha.carotene;509.2241642387241;8.599798063116676;501.98975646646403;521.0035261953765
194;trans.beta.carotene;694.521509594841;12.444735012290169;679.244814004258;713.3326938054416
195;C18.0;5.766634466235583;0.054434044766473545;5.7229912507828224;5.841508105355273
195;C18.1n9;44.966878248094744;0.22337175764077305;44.71692475750876;45.15196926171475
195;C18.2;10.463578111783438;0.09880652825705394;10.36993962275408;10.601905687111365
195;FFA;10.714371274077768;0.2617418858111622;10.43578362629158;11.145699324016734
195;aT;156.85113655450374;5.58209552290029;152.97142980103342;166.49724748753863
195;aT3;234.06445471626049;6.843935861157963;223.65865470956032;242.30069946242395
195;dT3;88.49801919232006;2.205713863083956;85.64593924042975;91.58883256031905
195;gT3;298.75520518433484;6.8499990184679005;288.9984748699584;305.13800798521464
195;lycopene;15.974177551556826;2.6295696656071224;11.655003240046074;18.67098022683429
195;ratio.alpha.beta;0.7303562907971914;0.009124569565021385;0.7215481629243585;0.7430315539778544
195;ratio.alpha.natif;0.4221558912628847;0.002826849034659021;0.4190606014533995;0.42571240884948297
195;ratio.beta.natif;0.5773693142905962;0.002114801989956364;0.5756223036829958;0.5808769471576286
195;total.T3;634.4476848759243;36.80120362113913;604.428780141961;696.549838867699
195;total.beta.carotene;612.5303000749583;8.547147183007263;598.846637070652;619.4410377759465
195;total.carotene;915.6896940437833;28.179905430159092;879.5092482111746;946.7548375823975
195;total.toco;819.5343098635583;18.23165963676204;797.1951616521906;845.938809957202
195;total.trans.carotenes.natif;764.4966878503795;30.335541074755053;716.8768992588538;798.6825107088509
195;trans.alpha.carotene;304.39083414745363;3.8577580650293886;298.065425838638;308.0810860982059
195;trans.beta.carotene;432.9733023950859;14.007643325041816;415.6690812190458;452.391604251491
196;C18.0;5.4284266797006016;0.08249093807025197;5.317386074586852;5.534672774783554
196;C18.1n9;43.0686289347821;0.3092811622086429;42.8447943025159;43.57432274948449
196;C18.2;11.280932582748138;0.06798490688219011;11.19593555136651;11.361510644032395
196;FFA;15.282369359061779;0.6021784972961371;14.630907781135713;16.272645747312104
196;aT;174.4718292741639;10.513253280993373;164.91912076607719;190.7835364268695
196;aT3;238.0433753200138;27.455089319904594;219.96389488120184;285.1570751476675
196;dT3;75.02986730015691;4.9260874261294205;68.39261940318808;81.52387395014831
196;gT3;284.83077796458264;12.426323420475983;271.4287359686004;297.41498028373417
196;lycopene;18.398873441031185;1.6053674536306428;17.10733763283236;21.19484136515579
196;ratio.alpha.beta;0.7040417846753484;0.006777085140503333;0.6988550135467113;0.7123917508804114
196;ratio.alpha.natif;0.4132002738245893;0.002635140468817985;0.40971229740657666;0.4162332862744168
196;ratio.beta.natif;0.5871851272914006;0.003782048141834148;0.580940252654691;0.5904683306840408
196;total.T3;596.6346108527921;10.183457688737246;582.3302704326879;606.6229342423453
196;total.beta.carotene;1098.151836614074;6.091965376842203;1092.7963084530622;1107.0104646209973
196;total.carotene;1596.4222625570542;18.395356913677254;1565.624415219028;1614.2700610200045
196;total.toco;735.278896654851;25.453051952057695;706.5670529968232;761.0594847742406
196;total.trans.carotenes.natif;1274.4483326452532;17.736700828226986;1242.9797114558717;1286.1958350475982
196;trans.alpha.carotene;514.4210495968956;10.72574879612025;503.5502316101341;528.3041637616764
196;trans.beta.carotene;797.0292979749488;8.893514711325773;788.1425829801101;807.8826777334796
197;C18.0;5.836300356056225;0.052995865129207266;5.769236825615829;5.899685494835819
197;C18.1n9;42.240763818396765;0.39880147110274095;41.9434802479737;42.90797940163942
197;C18.2;10.580791116553106;0.32044596997839364;10.350696243516566;11.14196708307979
197;FFA;11.682895507925696;0.5340962487528431;10.842733381156222;12.249203495564414
197;aT;180.7546178223369;23.056451333696014;162.18029218909157;217.25309829320034
197;aT3;229.2965294268428;8.174303687801046;222.47080727136515;240.90099260031
197;dT3;74.72331233987339;6.963993185365825;64.54199063131145;82.80539705169902
197;gT3;272.8592815928792;19.183705395640914;255.1104928026676;303.0133555027247
197;lycopene;20.424576871112198;1.714515590765465;18.37386622777996;22.14213638629351
197;ratio.alpha.beta;0.7277823113395836;0.021751205997832118;0.6966005412486278;0.7517232057215513
197;ratio.alpha.natif;0.42314108711856446;0.008431389338164409;0.4113159300891455;0.43030799581186385
197;ratio.beta.natif;0.5761341447936539;0.005957537187279477;0.5688213727998985;0.5815437870705238
197;total.T3;669.299416035288;41.26613045452373;628.4821053857153;729.4075389449919
197;total.beta.carotene;949.3945509304287;11.130422192777342;937.2362349440623;963.6043916400123
197;total.carotene;1438.084675506886;22.256842862307654;1416.3328971967683;1467.2476657562108
197;total.toco;774.7671062326042;103.94659808209055;688.2788269102593;902.3574093768816
197;total.trans.carotenes.natif;1185.742018366585;8.443655485811762;1178.2255615548224;1199.4229337833222
197;trans.alpha.carotene;446.74115117587434;4.232555712980575;442.6415060602002;453.0296333150839
197;trans.beta.carotene;753.8863810201213;17.303751112577576;738.4912123899511;783.6401555676542
198;C18.0;5.385946900793319;0.27994986081856965;5.219439514335383;5.876965129566099
198;C18.1n9;45.509930167466244;0.8940469008063517;43.92396084830104;46.043044535513125
198;C18.2;10.51234446560078;0.2845815652332233;10.291529216263955;11.008938496672453
198;FFA;20.88054367822862;1.259436858187564;20.028774844780017;23.068957480831788
198;aT;127.39736866257851;22.210260168072896;107.79747752136998;164.2306424596494
198;aT3;191.6967859302299;14.595656754929022;175.84995453143782;213.23558037361977
198;dT3;89.90680667206917;4.634115063183489;83.14662330972794;95.52568040294128
198;gT3;311.44731923049363;16.794693054984446;298.0372090721836;340.445683175716
198;lycopene;16.43243703335346;2.2557113402773177;13.967582507930222;19.442946908500517
198;ratio.alpha.beta;0.7452499756306336;0.02078051770251444;0.7097324663712667;0.7621162170756538
198;ratio.alpha.natif;0.4239806938369788;0.010709380723745481;0.4064923955932522;0.43285220391352863
198;ratio.beta.natif;0.5772791048401711;0.00876025090138236;0.5691232027713532;0.5917411851512512
198;total.T3;627.9636294339678;41.14604987963629;575.1202831043789;681.1954173392168
198;total.beta.carotene;560.3584886720912;69.81653818196241;494.8928364899615;679.1763267807836
198;total.carotene;894.3047783226735;96.37461583671123;833.7192006343184;1065.6498939216863
198;total.toco;675.1411912555592;30.562609354920642;633.9938636018179;717.5485292714063
198;total.trans.carotenes.natif;711.5240303455596;63.36768052529249;672.1085890868072;823.8850059740103
198;trans.alpha.carotene;306.26115089426395;25.43986510351059;291.18746709988505;351.55973066959683
198;trans.beta.carotene;417.2636548910485;46.113295829433724;390.7198889743845;499.45068611205835
199;C18.0;5.562493547420763;0.08453839459434592;5.460462006222015;5.640636896960919
199;C18.1n9;44.174546292357135;0.2830137420985606;43.911585724087814;44.6368155550095
199;C18.2;11.319702761359348;0.050049557501797445;11.260099983872145;11.392345526061547
199;FFA;17.39546324280073;0.6297899972820817;16.291801556313573;17.787304217087755
199;aT;199.1250141613485;9.697090796950784;188.81777452741628;210.21954185243567
199;aT3;240.95311107252988;11.35115311631822;226.83257731587568;251.62093303093215
199;dT3;76.11379423712143;3.365071111808928;71.04755321431917;80.24254976469551
199;gT3;299.69984983274986;12.239492134472389;289.28184669936513;319.2927675159363
199;lycopene;24.088468926816557;2.546407450244656;22.108812827330897;28.125006834666305
199;ratio.alpha.beta;0.7201364244917;0.013077749359559505;0.7038234342871199;0.7365864408389884
199;ratio.alpha.natif;0.4155109969722083;0.002223238543324743;0.4124846669518539;0.4184183722044404
199;ratio.beta.natif;0.5839581073307736;0.0028171228869143324;0.5798992637197107;0.586688388414711
199;total.T3;632.2229051673446;30.75618626231436;608.7574334266923;685.8763855501373
199;total.beta.carotene;1084.8164540798841;24.79893002101672;1054.6291552604282;1108.5186949721217
199;total.carotene;1610.108174997551;27.086482686367372;1566.9158355272716;1635.885913746755
199;total.toco;790.535039943357;37.010283860120715;761.8118974711502;844.4034292659628
199;total.trans.carotenes.natif;1293.189832763635;19.622187126873772;1263.6387058109372;1318.6660655912128
199;trans.alpha.carotene;511.6345225770977;10.029701286939572;499.46364667315123;521.8413757480361
199;trans.beta.carotene;828.4783548116908;8.292758097183821;814.3563627445469;834.7824876438797
200;C18.0;5.30538725399488;0.08460876725574462;5.210923739501896;5.400491383137395
200;C18.1n9;46.24049075252382;0.1477866707437632;46.15199512919192;46.5024752476341
200;C18.2;10.209849376870835;0.047669565130255255;10.152395741326474;10.268650004511244
200;FFA;16.718082258650533;0.5092820999572408;15.938418019654971;17.298817806688227
200;aT;132.9102330715502;6.572131768641976;124.97566301425609;141.98608584630983
200;aT3;218.27386289167603;10.220982254925886;204.51695170076138;230.11491813162885
200;dT3;89.58179473517436;5.452490077384229;84.13126034249002;97.24848370898988
200;gT3;315.64944583148997;17.305712162365186;294.02846045172333;342.2779086814106
200;lycopene;16.706621295188736;2.047500805973048;13.74231185710466;18.78511242247064
200;ratio.alpha.beta;0.7666079965611;0.00855780285075148;0.754082232967365;0.7746902444203347
200;ratio.alpha.natif;0.43176886267244197;0.0029084373046021623;0.42726590505060463;0.43438919256902947
200;ratio.beta.natif;0.5679666935374359;0.00442135344247823;0.5615017093607884;0.5725224211832431
200;total.T3;669.8715062292127;31.628341938003697;627.73118265655;716.2955568811743
200;total.beta.carotene;547.0261469169473;15.008378040178316;526.1586369208807;567.3166138791544
200;total.carotene;803.8622662422802;21.39662763815021;766.5971919644263;818.4506607044923
200;total.toco;728.8280377683772;30.953994048466146;707.1358730878051;781.2979721338097
200;total.trans.carotenes.natif;650.9327432850108;12.328720167750479;631.1145897150055;661.0417041552627
200;trans.alpha.carotene;285.272219565145;1.348451803308528;283.7970774823935;287.18013061255624
200;trans.beta.carotene;373.05070158486916;9.394140781913743;357.89834832662996;382.0584653196279
201;C18.0;5.532040599363021;0.029242519671191305;5.507978467271121;5.580390389797708
201;C18.1n9;45.89828765744902;0.1898269080796788;45.63127180298692;46.152920111569955
201;C18.2;10.181595039825226;0.051883383524256366;10.1332636643912;10.260628020303004
201;FFA;14.479128901278674;0.2407802544868716;14.16261668718234;14.822553381732682
201;aT;178.5317642866284;4.8804399594861465;171.93907010303158;185.71057759318194
201;aT3;244.89968549463137;10.911563091790883;227.96305409106668;258.22268860564736
201;dT3;76.92094068780361;2.3895076336410845;73.47055704323324;79.34703486669872
201;gT3;321.7757903920357;18.428830279320106;296.2406032241245;343.5549982947172
201;lycopene;17.398118564936848;1.1079379099349735;15.89271177658388;19.002937372004517
201;ratio.alpha.beta;0.7650376063954083;0.011353362054038132;0.7537469588262864;0.7807820208035119
201;ratio.alpha.natif;0.4310312750150672;0.004772744217733975;0.4246745131320779;0.43718423368354725
201;ratio.beta.natif;0.5708289460863875;0.00528518511581324;0.5663831828695371;0.5779960513744167
201;total.T3;693.5387914053852;36.853298072234345;640.015838529754;741.4733812408726
201;total.beta.carotene;909.9955735915485;13.774457293139553;885.9136162015762;919.4209180142616
201;total.carotene;1383.7130832452879;27.190802417549047;1338.9995873385722;1407.214342118505
201;total.toco;787.9203822309019;8.908060819318123;776.5657323715548;798.0913260895499
201;total.trans.carotenes.natif;1151.0393510259823;19.786481856442045;1127.9980846364347;1170.4365285480228
201;trans.alpha.carotene;483.2602056493353;7.317387693438553;471.3145239513489;490.3948862341451
201;trans.beta.carotene;662.6991394874204;5.426750962522246;655.2478203646685;667.6950110472745
202;C18.0;5.522180394486287;0.080021647608661;5.470006171415787;5.655247782062714
202;C18.1n9;45.012945336148114;0.279008145130349;44.54866557701334;45.25123062374146
202;C18.2;10.943950071479275;0.16787950851816416;10.747452000152057;11.157179669782689
202;FFA;23.474416043114896;0.5633410743539006;22.757162634588777;24.1459899837658
202;aT;164.12830819705965;7.522509726396194;156.06795066377694;176.31356406321908
202;aT3;209.22152687338203;9.177381307606494;198.2987367821599;221.6110656449029
202;dT3;79.23266518630703;3.971795335502;72.57975981510735;82.2002461644938
202;gT3;298.80498363431207;16.02956948725023;273.87995810488053;318.06481305466735
202;lycopene;18.23661375602834;2.5518078065568384;15.165221666901138;21.807278716075487
202;ratio.alpha.beta;0.7581211071409721;0.015155032563903627;0.7419623261312597;0.77731141531067
202;ratio.alpha.natif;0.4240165919824476;0.005602501481787632;0.4163851639160599;0.4311078360390418
202;ratio.beta.natif;0.5758808757728222;0.006237192517843756;0.566943989291953;0.5827759972379171
202;total.T3;611.7545754711548;14.021216789383914;588.4751015939664;623.5891097246459
202;total.beta.carotene;613.8489952100197;18.7317410798076;593.2595467941798;642.1603318260844
202;total.carotene;943.4645104349299;7.551414609735831;934.5818896067759;955.2833393401709
202;total.toco;673.4504658537076;45.24486863432009;617.4556861942508;731.5732901671992
202;total.trans.carotenes.natif;764.9002878835148;9.4267924345341;751.9888432463273;777.1397657938235
202;trans.alpha.carotene;323.9141039380856;4.158195345847308;317.59562160199096;327.78234472027196
202;trans.beta.carotene;440.1845086291705;8.052511787426184;430.634057474281;449.8797291858603
203;C18.0;5.762407002060426;0.07153327435906104;5.690024091977541;5.870581188008055
203;C18.1n9;45.63120168330824;0.22842949297970655;45.42252675697799;46.01088676082929
203;C18.2;11.488097280975172;0.07969501519749922;11.369437016781985;11.565823284363619
203;FFA;9.865363702157484;0.30301682718923556;9.374556742770553;10.164942954077157
203;aT;179.6496106877982;12.530299532777766;163.28787719003083;194.2028119620152
203;aT3;252.4991064935576;12.307863158879895;237.6434809512055;265.7320918994149
203;dT3;91.09452880489084;7.365598274842454;83.19844758818894;100.53612087079675
203;gT3;317.84411490473894;33.565646053247356;264.95042303189274;356.6257804465744
203;lycopene;17.05018550170801;0.4635075827687471;16.31621918375711;17.553385348218264
203;ratio.alpha.beta;0.7104639247259986;0.005279735935653295;0.7046113269244978;0.7182264960006886
203;ratio.alpha.natif;0.40307236816584335;0.004851723042016174;0.39749074892444075;0.4106215877886139
203;ratio.beta.natif;0.5952035148263224;0.0063528133294362115;0.5868142987245307;0.6045139107729176
203;total.T3;714.4437822462585;42.0833017804325;662.4052088341903;760.7506409428036
203;total.beta.carotene;562.705500844663;3.6793020945150827;558.8581451114292;568.4188926469047
203;total.carotene;867.1471129304762;19.381661041187396;836.8568986269597;884.6600729707686
203;total.toco;908.5298832059559;81.54127219098682;806.428473239639;990.3522935516655
203;total.trans.carotenes.natif;698.3232952845932;11.037726381388033;686.2089941919126;710.0646282273642
203;trans.alpha.carotene;286.47625577938555;3.420385301555816;282.50486678093324;291.3294414263219
203;trans.beta.carotene;420.3815686287844;9.491951302262262;404.8461588640995;429.4363308722763
204;C18.0;5.636279200329428;0.1008612784940706;5.494819647421808;5.733971356425454
204;C18.1n9;42.939296958084114;0.3222128941249609;42.586108389832276;43.31717830177751
204;C18.2;11.052825099642863;0.2067370444999634;10.804855347019425;11.294087492261697
204;FFA;11.608103852120005;0.33364613801158594;11.108314395088195;11.798205024258328
204;aT;189.15103169177954;15.755558646537201;170.0138436508161;206.06069528016133
204;aT3;229.8593227268068;11.601520565159007;219.9882281372122;246.13576463393508
204;dT3;79.50745506566058;2.9324931174150524;76.52845517500027;83.51718431411653
204;gT3;292.7939928430915;19.618002074852427;274.3201461894797;315.3739791876932
204;lycopene;22.157439803612185;2.4308933314247585;19.442288152177884;24.82897695931095
204;ratio.alpha.beta;0.7003714315100982;0.01679684787466071;0.6775511539196003;0.7180327544323345
204;ratio.alpha.natif;0.4072828320688351;0.005251395421566306;0.4019463484531323;0.4145208604208939
204;ratio.beta.natif;0.593132323145696;0.0037901463940299396;0.5894016415634024;0.5983830135615177
204;total.T3;635.4566492630124;42.90364658309375;598.6309965087503;690.587930154089
204;total.beta.carotene;1126.9204719595457;64.26444538921719;1069.7386207232664;1217.911041284172
204;total.carotene;1688.7356946935372;82.07833799723464;1623.9644968315577;1806.4126752602488
204;total.toco;736.1866197709522;40.93450801130941;706.7836978916848;795.1330094080503
204;total.trans.carotenes.natif;1372.58701762009;90.49908579131132;1301.7176863216969;1500.7371861055958
204;trans.alpha.carotene;519.3061889505227;1.2236446448842946;517.7263909454501;520.3392964534013
204;trans.beta.carotene;838.7446891058521;25.79753107540122;820.5279504029627;876.6173644912551
205;C18.0;5.37498611777549;0.11687932414220498;5.25314279217993;5.54512172867922
205;C18.1n9;42.680605869512625;0.18564148332793093;42.389917815591744;42.877918505201734
205;C18.2;10.406654463580502;0.34163336644996434;10.06407514816279;10.798982405706507
205;FFA;24.14648834781663;0.6196140457019277;23.485051261754258;25.08256908916959
205;aT;154.5550039059296;14.2807645169222;134.84984503241003;173.41755496818115
205;aT3;192.88075637675274;12.046299261530537;182.27736219827014;213.07567685921268
205;dT3;99.6389681420432;15.696788007191694;87.1294263284198;123.7969964555328
205;gT3;248.17772800008993;30.691993753759753;220.81959300903415;283.59703221673226
205;lycopene;18.113658730913567;0.672934244925616;17.39894341019868;19.142242928492973
205;ratio.alpha.beta;0.7533451213831768;0.01710870692881936;0.7330997631702243;0.7730006856998564
205;ratio.alpha.natif;0.4257317279819359;0.007834067055488482;0.4169250892281124;0.4358994808746243
205;ratio.beta.natif;0.572048228713091;0.008466352225089627;0.563222614896763;0.5836292067849598
205;total.T3;541.8320767148059;47.614973463862476;465.5390009297054;586.8407106625435
205;total.beta.carotene;948.8086325978513;25.854774504275735;912.014852315899;972.9236118431404
205;total.carotene;1510.8363033750134;46.05607075220026;1435.770702687703;1549.3758597800318
205;total.toco;626.987288716575;52.39030814477758;591.8602626665885;718.4806737520989
205;total.trans.carotenes.natif;1206.2901325339483;33.96711629191084;1151.1440765186956;1239.99727935385
205;trans.alpha.carotene;475.25392021371215;8.823693799116183;459.7831128520657;481.64819029519805
205;trans.beta.carotene;743.4404530937763;33.029821683200375;691.480253851396;773.688533753649
206;C18.0;5.529397930266461;0.22614927181811284;5.3306097346070835;5.901047538678346
206;C18.1n9;43.05040432490098;0.24112379008699877;42.634140391613954;43.204760576726855
206;C18.2;9.820035644263232;0.28839417767544173;9.596049936361945;10.316715289246199
206;FFA;23.278462793476155;2.284406977711931;21.481945964903115;26.244546951091028
206;aT;99.62526944744705;27.694728447881566;65.38440785666808;131.45327784757234
206;aT3;134.329746073397;11.328472385571926;120.25147855742439;143.41195145176337
206;dT3;98.40106841096134;9.033611473532071;90.19713661894049;110.54155805039284
206;gT3;255.4401181479706;47.308665533874986;194.782407641113;320.6420834827412
206;lycopene;17.903013650767992;0.9564012042448116;16.293868996303704;18.51769539791461
206;ratio.alpha.beta;0.776100548016867;0.03266164575028971;0.7414861399722988;0.8133644105948867
206;ratio.alpha.natif;0.42770032575127165;0.010610075843409022;0.4135581618398652;0.4399909512958545
206;ratio.beta.natif;0.5679887452996966;0.013227224012736433;0.5550332335679069;0.5855268329403998
206;total.T3;549.0072490774493;92.5007436022432;443.41371637480063;664.1899758911405
206;total.beta.carotene;339.96560273142904;24.596137754201425;319.49365234475147;373.8390882275715
206;total.carotene;542.4902344856962;41.86083147242698;503.0171806963497;599.6184225694269
206;total.toco;598.1777723153027;104.45726784936096;457.97589065733746;707.7805380835614
206;total.trans.carotenes.natif;421.65095158281184;44.12051791779533;382.8128762478958;486.0229258948244
206;trans.alpha.carotene;189.54365204236532;8.14602153244613;182.17345819180784;203.44139560573294
206;trans.beta.carotene;248.3063937211422;26.201801164174913;223.83118295260428;277.0491016208623
207;C18.0;5.2493959939985215;0.09206410004473821;5.108097137400188;5.353660355813955
207;C18.1n9;42.862713231541605;0.20083166142116618;42.615299963999426;43.11426553143234
207;C18.2;8.903366832888203;0.1973505784527727;8.747639492631176;9.135089390097768
207;FFA;18.4348160249008;0.23519621535857618;18.232985591058785;18.801257850635892
207;aT;128.11235235665382;9.132370970835739;118.97220853349572;142.7744291805341
207;aT3;231.5149171808247;14.855783633552955;215.68412263601402;247.52478870606288
207;dT3;93.34346815663811;5.144992226558941;87.84274616487588;100.41238173535477
207;gT3;296.4764859737671;22.857806916382742;269.6203255140585;327.71782380180724
207;lycopene;11.46869663742683;1.1153323201643779;10.125396520571897;13.126956909453451
207;ratio.alpha.beta;0.703763688065581;0.012824858265290754;0.6836262368139023;0.7152738407069533
207;ratio.alpha.natif;0.40865087208049744;0.006828989539987944;0.40246765367037596;0.42014001055711875
207;ratio.beta.natif;0.5923996899506959;0.005474882173227097;0.5829440174033682;0.5971463594149171
207;total.T3;638.8500833323192;22.14735989117443;612.42422157116;666.0417815115344
207;total.beta.carotene;711.6697656471322;4.254745277920507;705.4830541919285;715.6363697340792
207;total.carotene;1012.9279750641612;1.2647043170243788;1010.7537425552334;1014.0688238428271
207;total.toco;766.1845654275381;20.70834742666049;747.0666981932786;794.8813089168448
207;total.trans.carotenes.natif;797.8738915569047;2.05985795670488;794.7543217912756;799.9811048158504
207;trans.alpha.carotene;325.57831465549225;5.061504757368729;321.1498866175614;332.02005276694535
207;trans.beta.carotene;499.1692698593718;2.0296627290536366;496.845753844399;501.40245371862915
208;C18.0;5.538219659769252;0.08940041131234928;5.453729649200376;5.690726314749732
208;C18.1n9;46.722107309896764;0.3722615502429636;46.219033105675145;47.219044203992965
208;C18.2;11.026647896107738;0.06929759978952373;10.934110661796051;11.093453137296306
208;FFA;19.73508814211143;0.7929613225279488;18.88528414979095;20.58387403119595
208;aT;128.3429873172363;21.725539671543697;104.52753222674843;154.4131497471666
208;aT3;194.67245443612518;5.794471055534947;185.79691243762272;200.75245004392016
208;dT3;89.14242039643082;6.013111060232551;83.39010165417541;98.05105489069118
208;gT3;258.92711436882223;24.024982346298675;223.49541946260535;289.4890614975489
208;lycopene;13.239014171877766;3.075478080318721;8.373660584194937;15.90562190094569
208;ratio.alpha.beta;0.7215517794780093;0.005436810938687774;0.7161326173534746;0.7304088959729431
208;ratio.alpha.natif;0.4177576750654574;0.002945429270874071;0.41431754647439106;0.4212906941919403
208;ratio.beta.natif;0.5827168253850826;0.002096096356926883;0.5791199073481516;0.5841047776519517
208;total.T3;536.2043230322877;43.66523483515886;482.5874492313547;574.6117073180619
208;total.beta.carotene;556.046348034067;8.497814730697586;545.1007782755142;565.7697290264846
208;total.carotene;834.5794767992475;5.981485875849148;827.8743349513911;840.9320419211497
208;total.toco;743.690593782256;91.09431693317484;624.6098311411314;843.3451762865584
208;total.trans.carotenes.natif;700.8900558804199;6.947688017556623;692.3670782693225;710.606964168513
208;trans.alpha.carotene;277.4365421712421;6.917962733805531;269.05516030827476;286.1242599081968
208;trans.beta.carotene;407.1389668035142;2.521686014317185;404.52930975668653;410.6312894346884
209;C18.0;5.564454574654176;0.23805829099636294;5.3593585203410505;5.842038053751058
209;C18.1n9;42.67319146997202;0.42780840361732075;42.3624492300381;43.371111782681076
209;C18.2;10.96863286748025;0.07878601525157478;10.858780025696305;11.037587317738312
209;FFA;12.465360159847188;0.24329977091020977;12.266160141874366;12.874902385260143
209;aT;146.4289426454232;22.400731922154254;119.25237635126469;171.1818284326788
209;aT3;196.7538686507715;7.417650266341571;186.30105374341844;206.6763012374003
209;dT3;92.05062525691281;14.9071451925241;69.56219600933203;106.30018287235893
209;gT3;294.7939326545429;13.164103515810071;274.0770108818819;305.68655861046653
209;lycopene;16.861168533250954;1.8728573433951814;14.846279107532773;19.952923050461173
209;ratio.alpha.beta;0.7188539502030133;0.0048305098444724045;0.7115926301424754;0.7249036665224569
209;ratio.alpha.natif;0.41509872723355673;0.0016470717847864712;0.413167031874555;0.41764002702928366
209;ratio.beta.natif;0.5822884876311681;0.003325029788880778;0.5780458289281083;0.5868177981310114
209;total.T3;596.6152749590826;35.863234195655174;552.9616648032036;646.4049509148012
209;total.beta.carotene;678.0729661895147;15.722431084931104;658.6831807157953;698.9342510451669
209;total.carotene;921.5511423232294;41.32041478539627;885.0531891036461;986.1989435498276
209;total.toco;809.2329030934783;63.40627359661278;727.3760565796384;883.5898848845125
209;total.trans.carotenes.natif;743.2726352316779;27.33464353350511;705.882845480281;775.9272005950422
209;trans.alpha.carotene;302.5836512694789;6.046251114195684;297.2507334022468;312.89626304350423
209;trans.beta.carotene;438.641108784631;32.19492112435082;405.178024566149;480.3185268977262
210;C18.0;5.267173164803811;0.13263045296464612;5.071731743645476;5.4034182851340224
210;C18.1n9;42.390009832533295;0.1351713981981312;42.24299923077537;42.61236610879193
210;C18.2;10.234793802818285;0.22486104361481865;10.036901123679849;10.483418098894417
210;FFA;20.35931953338372;0.37670171982309275;19.901586031297196;20.889929680889292
210;aT;99.03244053327892;12.679974676761601;87.40251629292125;114.21593620862937
210;aT3;138.63012255789124;11.595776603638715;127.72925572132728;151.74919024584761
210;dT3;88.81109819057156;17.026056090646446;72.92534867733379;109.08895046954194
210;gT3;234.51608558133756;23.05942777690482;210.57312802107987;261.64574125433063
210;lycopene;16.793823412533815;2.1933453310934556;13.090005120624253;18.743375416843215
210;ratio.alpha.beta;0.7160450761864723;0.011761952045513226;0.7036911954998567;0.7344587749767247
210;ratio.alpha.natif;0.41319860135682973;0.0009672260714790979;0.4116825505828567;0.41423630632347597
210;ratio.beta.natif;0.5877588699313048;0.003837274533772802;0.5838423583593499;0.5931762105347539
210;total.T3;442.73841496947;61.59756294085221;389.0508531847573;548.1745064599515
210;total.beta.carotene;549.6571833585036;23.87105800570273;518.8656587559881;581.3155419863488
210;total.carotene;839.7902373354775;11.961059347787772;827.1027164977354;853.3898441531305
210;total.toco;501.14740979828866;40.05776280116885;454.38086608628487;544.2595382955559
210;total.trans.carotenes.natif;689.2976161206705;7.792139551869518;681.4283602855274;700.28960661341
210;trans.alpha.carotene;298.25336115829066;2.5959627979264335;295.2743872598378;302.33573275633205
210;trans.beta.carotene;386.1122199629299;3.638941487699105;380.2747335732044;389.2781829199692
211;C18.0;5.278620445408327;0.05692005101180198;5.193748395214812;5.339120112832209
211;C18.1n9;42.685616504260345;0.10028172671785741;42.60040862201429;42.84910065067557
211;C18.2;10.473666211282794;0.09559539273003875;10.324397326657218;10.58176500360467
211;FFA;19.79429075368308;0.13357161644537024;19.655398748760266;19.934998185040094
211;aT;140.56377612651642;9.509921622891268;130.7170913994561;156.08937138483842
211;aT3;192.62091122673385;19.07303201785869;177.64030295548096;216.03052335771747
211;dT3;81.40746038807671;12.785825491006193;68.08661972980082;99.8375568846106
211;gT3;230.93117905398827;27.597278497766908;212.68698753227838;278.37662622011345
211;lycopene;20.02959243303321;0.9729232520729248;18.78537362641774;21.045583348519802
211;ratio.alpha.beta;0.7234658870920339;0.009767854451702319;0.7088235537896744;0.7354118677829764
211;ratio.alpha.natif;0.41393929972588894;0.001913331520241102;0.41163364954189424;0.41680088532505966
211;ratio.beta.natif;0.5838627579111908;0.0037696228726702722;0.5802163711039953;0.5888655512654265
211;total.T3;505.91720404313736;28.635856501116635;482.54560260622003;553.0305846342012
211;total.beta.carotene;757.86707707951;11.658351673633225;741.0297997261728;768.8181211215468
211;total.carotene;1166.0209898413846;8.547964651296828;1155.2796457660024;1177.143185060779
211;total.toco;670.5756237235846;43.794588060070595;612.3720068076433;731.8074443800533
211;total.trans.carotenes.natif;919.0880094324918;11.597367503190837;901.5819254833659;933.3384148654408
211;trans.alpha.carotene;391.87532411258337;3.3486186321689493;386.74761681666064;396.03977043741526
211;trans.beta.carotene;524.2340240169763;12.419949346453391;510.7751012077454;540.1114984541872
212;C18.0;5.336151088240551;0.04523920286546501;5.272572838815647;5.381689373745019
212;C18.1n9;43.391938526136855;0.2521137932488898;43.099793988483476;43.68247500382455
212;C18.2;11.090712918696152;0.07323200291530434;11.00275336463871;11.17283048197742
212;FFA;20.255757110834338;0.4660188716125682;19.580529246597493;20.849733645675474
212;aT;78.56194626828824;5.059433759829774;70.0999437798794;83.08749792482446
212;aT3;117.98175039492753;11.163272765935815;105.91845382851082;132.10016571156606
212;dT3;85.43158398134854;4.036294835749736;79.4292959954811;89.47847974657577
212;gT3;254.12065258837987;19.090533689264714;236.09549214978261;281.15976550177
212;lycopene;17.634032150334917;0.9702469086344867;16.63449724934303;18.872565734849264
212;ratio.alpha.beta;0.7101094904688512;0.0052678770624752244;0.7039107765571461;0.7157120228072752
212;ratio.alpha.natif;0.4123603787077893;0.0021734490792013317;0.410317103319792;0.41597223613530354
212;ratio.beta.natif;0.5857124209240163;0.0012009632449380616;0.584367717455057;0.5870693967650513
212;total.T3;453.3812994318108;23.40094639876928;414.8606658989583;475.10044853425893
212;total.beta.carotene;621.0340447672421;3.3717510779805213;616.5180280939352;625.3784201674883
212;total.carotene;946.4646439010852;4.6534830322159;939.4164309097895;951.47061547192
212;total.toco;490.57015024117374;23.510536092571513;461.6027990723047;525.1277812491958
212;total.trans.carotenes.natif;744.7165361900711;7.957903970769223;735.3701254296452;754.7579680539503
212;trans.alpha.carotene;319.8146386044457;4.818102421140701;312.1221649107016;323.47066865546617
212;trans.beta.carotene;426.7820168619078;4.400054926325445;421.4471252349518;431.4063374915383
213;C18.0;5.591507373230804;0.20992753422439148;5.346288429386869;5.901402427457175
213;C18.1n9;41.72276443036159;0.43764535760108897;41.38749538404302;42.47211833473768
213;C18.2;10.952967431438582;0.07138671060124703;10.897477456568359;11.077465023092667
213;FFA;17.609345511488815;0.5079012100721682;17.2098163781293;18.453963774432665
213;aT;159.9314697864982;3.2535469732135414;154.3309225232687;162.147569033031
213;aT3;191.2114796459244;4.000162649439683;188.28869541347137;197.92085987174713
213;dT3;84.16713774408046;9.505421896591338;74.50756330645113;99.7641488974761
213;gT3;229.8637557409873;22.185229877481586;208.7201105047355;263.069469020422
213;lycopene;16.292201734760347;1.49790840756823;14.532208485085766;18.20396408759494
213;ratio.alpha.beta;0.7075337548617217;0.011739690268261434;0.698924308606794;0.7281182474176303
213;ratio.alpha.natif;0.4150018416465267;0.0026517449609984025;0.41032295000973124;0.41654814799125756
213;ratio.beta.natif;0.5859347157211268;0.0025863007813573813;0.5839492200346545;0.5898712887437823
213;total.T3;547.7206512407795;38.64480382759565;507.19609131295016;596.5607396240727
213;total.beta.carotene;884.3011234715426;12.400160072810035;873.2957059174458;905.5272673529553
213;total.carotene;1243.9702850768904;28.08579556305191;1210.0172760955923;1274.1004215476153
213;total.toco;739.762856030046;49.54837755855232;702.1706336813756;825.0730447522398
213;total.trans.carotenes.natif;987.60733750162;24.740432183852487;958.2547322176131;1024.5804929871385
213;trans.alpha.carotene;392.5619665050998;6.170461253568448;386.1559899505381;402.2203004664489
213;trans.beta.carotene;545.1549181177786;12.887297020269614;530.5204215611462;565.9571167413724
214;C18.0;5.668747780372253;0.17278730213933247;5.484335201892267;5.918161244306007
214;C18.1n9;42.998968295480005;0.13551012907451368;42.83949101760137;43.143094041298454
214;C18.2;10.603278272628847;0.07887575603387421;10.500009389088584;10.700107909364055
214;FFA;14.726951610345761;0.18574354796828785;14.454515802254939;14.933353196328834
214;aT;173.16311479445818;12.768363162455982;154.17218566599152;186.65853588894853
214;aT3;200.9557336054812;7.834961181018072;192.59091312376356;213.41184609467504
214;dT3;80.21075406726041;8.667167845024952;65.9781320670766;87.25572274184067
214;gT3;236.27265591176638;12.173675650749576;222.43890026204;249.29411332913088
214;lycopene;17.61408749703519;1.5569524225889444;16.48576177164838;20.110002815828064
214;ratio.alpha.beta;0.686034948487193;0.012402443535202529;0.6762981665721486;0.7049281934760365
214;ratio.alpha.natif;0.4050637957626487;0.00470898726131923;0.40043804527324955;0.41129351815036763
214;ratio.beta.natif;0.592224613790867;0.003995701498323462;0.5862391523249542;0.5963017032165144
214;total.T3;558.3888299067576;68.60518596728713;507.49838579717687;670.7732716258537
214;total.beta.carotene;1076.2723129507442;11.269871028620809;1061.4534674533322;1087.2346574248702
214;total.carotene;1509.9970858364384;24.472224909811413;1474.5036044705523;1534.946931974359
214;total.toco;818.0761962859639;71.79657585934815;753.073035216243;934.066401079494
214;total.trans.carotenes.natif;1283.5778437990793;26.025887974158625;1256.9784865134352;1321.7531989476367
214;trans.alpha.carotene;500.1341512833431;2.6036841704464795;496.7465436841514;503.84854294175364
214;trans.beta.carotene;826.7316380452521;2.2656808344715684;824.4503077095007;830.3287934443996
215;C18.0;5.43341263695917;0.09561037687685142;5.382022119814805;5.57676177667327
215;C18.1n9;42.343418389946436;0.16870731456863566;42.19239646296607;42.52740439398437
215;C18.2;10.268019512714972;0.11530009234474381;10.135677019518724;10.41515614047305
215;FFA;19.425220438211095;0.456937358800252;19.135383509939867;20.1071948597545
215;aT;142.92851368827522;14.341002973645097;130.97405484156687;161.07225451092904
215;aT3;216.53698445418738;7.153998112971955;207.1387063073322;222.32601041477864
215;dT3;84.99805064666253;8.554935078719506;78.00080668720733;96.93582411541729
215;gT3;271.09615364941294;26.683221636995338;241.68714724041828;305.5470167709572
215;lycopene;16.056778058271192;1.601607345737151;13.824038884308235;17.60588681712683
215;ratio.alpha.beta;0.7070026234097102;0.005540758240857405;0.7008868257060822;0.7139883201995271
215;ratio.alpha.natif;0.41412788353312235;0.0021921005373425084;0.4112090576573879;0.41614157632699317
215;ratio.beta.natif;0.5819183171683808;0.0007891010740560438;0.5809111231955978;0.5827350094111245
215;total.T3;606.2194434436633;38.34994771906845;555.7325380510679;649.0050843673793
215;total.beta.carotene;713.6041650305676;2.8973766112806127;709.9684675560841;716.1602127772786
215;total.carotene;1008.8507110424274;11.347428569244315;995.9556866176861;1023.1401612726725
215;total.toco;840.3932260451146;64.38209130021872;777.1431651587637;928.9436102422193
215;total.trans.carotenes.natif;816.5627156273259;5.236538672453979;810.5261961807661;822.4373754531767
215;trans.alpha.carotene;315.6296326293409;2.8291275673089853;312.75231967649296;318.0857921192601
215;trans.beta.carotene;494.67890065228266;10.383022826613022;482.94324472145394;506.5777791592564
216;C18.0;5.64699530807317;0.09680535648317755;5.523455667932892;5.75864994895755
216;C18.1n9;42.282627828039764;0.24320676174865932;42.00556258329212;42.50460120874187
216;C18.2;10.15021194550376;0.04418128986003993;10.092018559072734;10.210244189343564
216;FFA;14.000635845481673;0.40326312141277393;13.536497423022595;14.634508332718507
216;aT;204.76693547559483;9.614346173745624;191.67616363078434;214.65626044285958
216;aT3;220.4977757718349;11.628437576894346;207.07622708964206;235.16456476034494
216;dT3;69.98099773384298;14.24267245622076;58.52314634707135;89.24858743826198
216;gT3;282.5881245573132;15.194317772253491;271.1318343853981;308.91099918201195
216;lycopene;14.456684727889257;1.7340795281765993;11.676107444895788;16.321212290174127
216;ratio.alpha.beta;0.7004061534870432;0.011102785102927386;0.6877587725402141;0.7176324044723311
216;ratio.alpha.natif;0.4098772977072683;0.0024189290491136452;0.4072984672799416;0.4133303839215231
216;ratio.beta.natif;0.5903017137494411;0.0019316047111205975;0.5876508015525534;0.5922949934684043
216;total.T3;575.0400601719689;23.94455354133407;549.1139319232414;606.1688889640226
216;total.beta.carotene;1023.9059078712595;5.3530226553563445;1018.8784588361917;1031.4894352652504
216;total.carotene;1553.4975044853295;17.176425023858634;1535.0414933166094;1578.2104004420653
216;total.toco;782.7324272611799;58.67415250398245;716.4096486687886;849.6391863169422
216;total.trans.carotenes.natif;1253.862049794614;17.93273954014017;1234.775248806983;1275.0062366218517
216;trans.alpha.carotene;488.8517141985725;6.58021850935075;478.94855384888535;495.49988513279595
216;trans.beta.carotene;762.1140359750176;8.16890782900465;748.8221891376085;769.6416723624754
217;C18.0;5.288896785418783;0.07567112096181014;5.2097021567311295;5.393834406215487
217;C18.1n9;44.54786617084129;0.4685145773979181;44.11601158501948;45.24863879881014
217;C18.2;9.899141217779064;0.06940664784602009;9.80944618772523;9.971705066312879
217;FFA;19.82206413747752;0.20491406014486682;19.481381134060488;19.977588355505876
217;aT;167.2831326279504;11.461151446825;156.07834802812073;185.6524116515764
217;aT3;189.95520927339425;6.830761521775658;179.86391078469808;198.85167309942335
217;dT3;77.74215593415065;5.629185301023405;70.54351575223184;83.58747463472753
217;gT3;247.9335849631719;8.086672823853153;235.30677363211095;257.31953439169985
217;lycopene;16.61621608943662;1.2265674087933358;15.06070457507047;18.0245480230278
217;ratio.alpha.beta;0.7287659756234438;0.012104274809147185;0.7179668119801558;0.7461413623706374
217;ratio.alpha.natif;0.419113931611255;0.0032456258178917854;0.4143288229269413;0.4229139355591612
217;ratio.beta.natif;0.5791077529375639;0.004026067796488348;0.5723254335168257;0.581957100183738
217;total.T3;503.9037691421051;33.43147269525466;473.81767201759607;548.9438625434929
217;total.beta.carotene;890.03504483654;16.07986584042383;870.0019172825163;913.9122465143788
217;total.carotene;1317.956371202445;17.70202407708527;1293.6466416057087;1341.744047323208
217;total.toco;735.9510329783487;92.6918279038561;652.5519141603029;839.5011409492009
217;total.trans.carotenes.natif;1067.8045204755151;11.39176594069947;1052.831793263714;1077.7293212615944
217;trans.alpha.carotene;471.1250353491927;5.592956680514441;461.4659136652079;475.60598487210797
217;trans.beta.carotene;608.9525311209752;11.336643337569598;596.8517440354625;622.5166741569875
218;C18.0;5.511045026302388;0.13353280751930072;5.347662206398496;5.66367111636202
218;C18.1n9;44.01529594359276;0.5898926632183337;43.496821452710556;44.846463191413775
218;C18.2;10.973555796345273;0.23331165125605074;10.658904367780611;11.24286004331009
218;FFA;23.08511231117996;0.2217832908455288;22.88184623072249;23.451383831023136
218;aT;164.73692171332993;18.474715734339433;149.81828399698523;195.15330620649362
218;aT3;223.0812013594989;3.358928742627496;218.50705710662942;227.28764920922075
218;dT3;76.17014754472272;4.4056143259100145;71.3168896904715;83.08204629461325
218;gT3;291.9382370237505;18.206116271545778;274.07446933809683;322.0407555336017
218;lycopene;18.341790609283898;1.2301687442022677;16.386673191249926;19.64253421753328
218;ratio.alpha.beta;0.701484268811398;0.008571487403253645;0.692874342449603;0.7112174457192451
218;ratio.alpha.natif;0.4142948283569819;0.0037010997547309646;0.40897838096552885;0.4180077039610106
218;ratio.beta.natif;0.5844277888320578;0.004040541294638822;0.5812691121233443;0.5912209491359506
218;total.T3;567.042206873957;58.914893712389045;507.0348883821922;637.8254281504068
218;total.beta.carotene;853.9645525984588;15.993600507800874;835.6926783439864;873.0020899135291
218;total.carotene;1249.0854611557563;13.401782156794487;1229.497182641228;1266.6652915492
218;total.toco;825.6239615103708;109.29329830747807;716.3098926335124;960.8396540178967
218;total.trans.carotenes.natif;979.4045697586562;14.37679037320955;960.8486205191188;995.669764231032
218;trans.alpha.carotene;405.8920734886625;3.626905693513015;402.9117928551474;411.8254210926492
218;trans.beta.carotene;548.8438562901058;5.99499283095545;541.7267657546525;555.673400136245
219;C18.0;5.22320658197027;0.09040721168924275;5.123831974163449;5.367881970795354
219;C18.1n9;44.35407716440456;0.24103350116062242;44.01748548464957;44.59591139438842
219;C18.2;9.447269010959682;0.05574445258506478;9.38945046256267;9.509832399174464
219;FFA;25.738448189653184;0.14493175664188704;25.507074200069734;25.89922841630756
219;aT;129.87257225741922;12.602325265108144;113.32579753435256;145.23683314053028
219;aT3;180.96586946417366;6.944435190835627;174.47642353473185;189.07249634533872
219;dT3;74.65376577840371;8.91117248272682;67.24954173957971;88.65601264137364
219;gT3;240.2743376229533;34.4410434827278;211.47425055754087;299.2113012868119
219;lycopene;19.082771554502106;1.4682068013288772;17.755306047418173;21.39605535047302
219;ratio.alpha.beta;0.7519741569061672;0.005405418365523036;0.743678461794628;0.7564725508143796
219;ratio.alpha.natif;0.42236030600613245;0.0016081419973875744;0.4196561032536987;0.42382366049723025
219;ratio.beta.natif;0.5744093667680401;0.0020333417768443234;0.5712437502944561;0.5759738997964519
219;total.T3;459.35942608633894;26.822011537375023;419.587330014473;482.48462690987856
219;total.beta.carotene;922.2067726782094;22.526200034437146;882.0438445718956;934.0844750047878
219;total.carotene;1536.8151959569036;62.455831952879784;1453.1260968425645;1602.5508102326514
219;total.toco;632.8019695173249;82.83445450796832;541.6084707096354;765.6374933662504
219;total.trans.carotenes.natif;1246.6578518885779;52.939404731470425;1184.3199313670004;1307.4026934466185
219;trans.alpha.carotene;481.9250490768659;7.831931651501843;468.33004234498816;487.17700461033905
219;trans.beta.carotene;735.7913703868237;19.185243461810774;704.6409608484068;751.6816176713945
220;C18.0;5.417077436361955;0.21439819843013197;5.26223852231662;5.780571594684497
220;C18.1n9;45.29583229638074;0.3689568059906418;44.75577946727631;45.6680972988655
220;C18.2;9.558791003273456;0.05757458343750917;9.464537551448608;9.616257273890096
220;FFA;19.756544155043347;0.26816079977642016;19.333679410188612;19.982468983064056
220;aT;138.14650501556042;11.969936139149517;122.75870866757951;153.70830552069194
220;aT3;243.85384620542573;15.090120074322723;218.16192502615147;254.8396195375574
220;dT3;85.43588053559475;12.24656323299122;75.66434614313093;106.7078868413894
220;gT3;293.0825410386412;12.990137938837345;277.50128531764017;303.70852373021035
220;lycopene;15.020727193037212;1.7157973531735415;13.16838787495398;16.96547569695592
220;ratio.alpha.beta;0.6730081006116435;0.011373057038408286;0.6580164026537052;0.6875031272749051
220;ratio.alpha.natif;0.3993757211497014;0.004063436328499315;0.3932794359136574;0.40436916416533286
220;ratio.beta.natif;0.5977411622087907;0.0034575246525730143;0.594083755418727;0.6017608751779777
220;total.T3;638.9826123083209;43.65519162823051;567.0555455295462;671.5193773741962
220;total.beta.carotene;729.5194334125208;6.854657062131927;721.5134026922584;737.5512575571711
220;total.carotene;1073.4806143866824;15.814434625846868;1050.7924397588292;1092.6493791593166
220;total.toco;882.7858111237435;39.582494020257194;843.6905393963689;933.4892264234119
220;total.trans.carotenes.natif;828.1853862004227;3.377072367145934;824.3282074181757;831.4461492712276
220;trans.alpha.carotene;344.58844959256004;5.697980301619798;339.2262775871295;354.2694655140392
220;trans.beta.carotene;507.59147381581516;4.423076128364962;500.1955280041227;511.09676975885986
221;C18.0;5.349795410479878;0.13017728676585671;5.211629160469297;5.523942212342036
221;C18.1n9;41.96647785222142;0.06137641137265761;41.92216165299572;42.066056147130304
221;C18.2;9.370605243472957;0.04656434077024038;9.309680058689128;9.422644970673243
221;FFA;7.4914374207089125;0.3272429568397841;7.030294069303184;7.952358579048792
221;aT;111.19016626691996;16.359699518769702;96.57220017533324;128.85285804298383
221;aT3;158.60260349372254;15.46381845756547;133.9696304847464;174.7477080348225
221;dT3;81.8518715444744;12.153256940999313;70.89065704814024;100.62636825171731
221;gT3;223.58391347945;39.888211970167895;179.13250689218492;283.935728934662
221;lycopene;18.040092724568467;1.3992778786107074;15.98364280437015;19.31915358673001
221;ratio.alpha.beta;0.701326506647723;0.004489981876519502;0.6949081824961556;0.7070061196943681
221;ratio.alpha.natif;0.40630910808193155;0.0018361461596253395;0.4045905074677241;0.4091042052756194
221;ratio.beta.natif;0.5878645111159628;0.004717036110970744;0.5801739793162072;0.5918276771178868
221;total.T3;438.87277171771683;49.30416482314192;395.18595714260846;513.4882381385753
221;total.beta.carotene;351.8763066996966;4.046714411502506;348.07004662200103;356.35937614708416
221;total.carotene;548.4334738744665;29.392394665106792;518.0851060869677;583.6502901335481
221;total.toco;559.0959415303546;66.22837261825939;494.8537103251942;639.8416225925332
221;total.trans.carotenes.natif;446.17811409243734;29.02213585624156;422.9348260652478;493.0749965452608
221;trans.alpha.carotene;191.22432133115387;4.3171173468967865;188.0021412271956;198.52391610591593
221;trans.beta.carotene;262.15764687552394;13.763586178826413;247.38655569304493;279.0440611595049
222;C18.0;5.733807081120081;0.13919642594897544;5.585724681375736;5.935326744583736
222;C18.1n9;45.95717736317003;0.22382097323969707;45.660842800766396;46.217537838900626
222;C18.2;9.844246863573634;0.1310971475459788;9.61384138601739;9.935171943218693
222;FFA;7.948550310303753;0.24180046769883368;7.605653529918279;8.242715633920175
222;aT;170.2122268126489;4.658981497645542;162.4026222736586;174.26839006911914
222;aT3;213.42246537506077;6.280987454167336;203.91473748771313;219.9750360364124
222;dT3;84.64754165142686;3.966484095693263;78.28776687511889;87.72551941899525
222;gT3;293.9752429745904;20.10088429564754;266.0715588159749;321.75110623075267
222;lycopene;15.13996888506917;2.5963985805668806;10.870116488176077;17.88991155204801
222;ratio.alpha.beta;0.6678201332793003;0.010883200557111858;0.6563128681699927;0.681174621773605
222;ratio.alpha.natif;0.38825190128188597;0.0035037329598265883;0.38495357772434974;0.392382799340696
222;ratio.beta.natif;0.6107591094309135;0.0052072149357376574;0.6039139081656071;0.6164931938062133
222;total.T3;584.5460546466167;30.59268467729767;561.8880019671728;636.017926823148
222;total.beta.carotene;636.7983442923946;57.7697961716733;533.6518614886438;667.5886091500724
222;total.carotene;911.2003674658727;33.01979816484545;863.094845579729;942.7452715092755
222;total.toco;813.9304278376137;40.440023602211994;764.7046716284973;858.9891915117083
222;total.trans.carotenes.natif;758.5517547783811;32.01751682403654;714.7438380812105;791.0531079654467
222;trans.alpha.carotene;296.2628309495537;4.5463868580458815;288.37749015509536;299.35383337426333
222;trans.beta.carotene;431.87294566155816;19.911042240374872;411.81000959594155;457.9979865951785
223;C18.0;5.603194542748411;0.10291003182028848;5.515145643408619;5.777480458703728
223;C18.1n9;45.936682732467574;0.17223505848926265;45.78687161501569;46.22630492526359
223;C18.2;10.535038412731058;0.3629077920706907;10.170059339731846;11.091731033837021
223;FFA;18.576489698453056;0.4303079879694466;18.219378844803337;19.273130309784225
223;aT;121.13116155599305;14.899739738648579;104.5332650884003;136.04916728996784
223;aT3;162.91250146518965;7.9690699101954285;151.3569286973585;171.53334981093388
223;dT3;85.6744143360236;5.5110519150877435;77.61379439123056;90.8609400477655
223;gT3;292.9373357231166;14.036056009952611;273.4025536623217;308.20773923131514
223;lycopene;14.791288305427173;3.224496418790639;11.302134701873666;19.70903872306661
223;ratio.alpha.beta;0.6794622030874176;0.0028194655277007518;0.6768555890408937;0.6840341145424722
223;ratio.alpha.natif;0.40223855839512995;0.0028177775490055416;0.3992915648450415;0.40636520793879827
223;ratio.beta.natif;0.5972326193775829;0.002522610898179841;0.5938061055904896;0.60057986219965
223;total.T3;545.6818098517066;28.587297600276877;510.8911817552201;579.3960666914846
223;total.beta.carotene;476.93208011865454;10.255305327775485;463.26927135793596;488.23381148089027
223;total.carotene;717.4390388364297;17.360130894093682;687.9271227687119;729.5990364968959
223;total.toco;773.572068185154;59.28440503999489;717.4583227397573;838.8127079747921
223;total.trans.carotenes.natif;581.6865839075847;15.867903656607263;564.1374950746879;597.0704519319405
223;trans.alpha.carotene;263.68778413554077;4.479418191421042;256.1068843642507;267.8632322210003
223;trans.beta.carotene;329.69343972738136;4.752917362478746;323.965776658303;334.656065734894
224;C18.0;5.792483244029965;0.06652848894835313;5.686935456681399;5.840216057040375
224;C18.1n9;46.42772708946043;0.7080975945414848;45.81412397563769;47.65353721752523
224;C18.2;11.292274365866053;0.03680497209980123;11.243636724842515;11.335328872335591
224;FFA;7.52346465495786;0.38925497210898385;7.180648513290497;7.961607005751746
224;aT;171.6146531620137;17.0135823031371;151.6302929604796;193.48058627574594
224;aT3;210.53817312861793;8.544440302195673;201.5636331773756;220.47433893036833
224;dT3;79.36494926891774;4.9283301299157385;74.15358650384124;87.02757299282013
224;gT3;324.2507664574512;31.3167540456599;273.71861765752107;347.4677287972695
224;lycopene;18.35166525782959;1.5160961032254512;16.153743761886613;20.11491522749945
224;ratio.alpha.beta;0.655208730486659;0.013887009984054512;0.6410028968024324;0.6773846733676969
224;ratio.alpha.natif;0.39086165762403435;0.003675495460856811;0.3850130852582732;0.3942989998982945
224;ratio.beta.natif;0.604441990788886;0.005894550026996253;0.597822767119527;0.6118597927568163
224;total.T3;584.5652362265337;42.58387590615971;511.86965944706265;615.4912018307259
224;total.beta.carotene;582.2046843302825;27.774094165996207;567.4553377672769;631.7039654570796
224;total.carotene;884.6925570254604;29.281688964718608;857.3997452095164;928.8126120857946
224;total.toco;795.3550722121629;120.96669586254312;681.2012907930476;931.114942138533
224;total.trans.carotenes.natif;726.4633815919473;22.805096981962627;693.4937821977363;757.1124563803801
224;trans.alpha.carotene;287.8538290607614;3.936035233449057;284.14313401586753;292.33224234405407
224;trans.beta.carotene;426.58027413953585;17.918981850177552;407.1458489667869;451.4641716587607
225;C18.0;5.564420596387027;0.02243384587612072;5.543534063117645;5.591724818033842
225;C18.1n9;45.69735974923782;0.1696513721253967;45.52220819797386;45.93642411589333
225;C18.2;11.078339915856969;0.054564053963142026;11.006453617423603;11.139786202444132
225;FFA;12.05825201133068;0.3546869794109948;11.443093666821449;12.316980964644083
225;aT;145.12930099518627;18.01798441397372;126.13543111327337;169.58455056690772
225;aT3;223.91905418782002;13.503432406463025;206.0463543726425;242.43006870174187
225;dT3;80.88983153609293;3.335964352733214;77.26611338565036;84.64723124961002
225;gT3;318.8228590818824;23.67548935922498;282.7763516971887;344.6427900673421
225;lycopene;14.303410495662007;2.6686255519277537;10.898905153469217;17.961242326079073
225;ratio.alpha.beta;0.6823630043090738;0.012066578437261522;0.6695750126433501;0.6981878481311737
225;ratio.alpha.natif;0.4007459286999172;0.003320863239406465;0.3982388450848878;0.40607205061343726
225;ratio.beta.natif;0.6006078608658632;0.0035095703468201937;0.5954005739642696;0.6040296072125468
225;total.T3;614.3526779815513;49.42055521979821;560.966310954489;691.9776365836843
225;total.beta.carotene;552.9325077379975;7.868714570931906;545.4749666563127;565.514028637289
225;total.carotene;896.3119962907191;24.99304262308016;865.5683907271973;924.8551752996444
225;total.toco;887.701008135755;51.73322039205111;818.59346716758;958.1587007647466
225;total.trans.carotenes.natif;726.7904904073891;27.96693984344425;686.9678666590646;756.803895000043
225;trans.alpha.carotene;291.63231635836826;3.086303622422534;287.75244255994903;294.9493515824188
225;trans.beta.carotene;423.0337706739648;19.7284212694028;395.1121434571225;445.21898863327107
226;C18.0;5.810299139325129;0.0944574676510489;5.7096675731251185;5.920009753820266
226;C18.1n9;46.228770388516935;0.20946356715537964;46.075577737246064;46.57257423742161
226;C18.2;11.248788568027782;0.03339197654180125;11.197042359177589;11.280895955578197
226;FFA;11.11634758943878;0.19793303358024644;10.904313304169591;11.409229707782508
226;aT;141.51494999324396;18.31658963194211;121.26820310848025;163.22031713280506
226;aT3;221.84228858148376;11.786260601948593;206.4567371305416;235.22379917820507
226;dT3;83.30060919059746;3.195795326578512;81.00115080668523;88.3432109842944
226;gT3;301.57673028028864;12.241603852146785;288.9133630871919;321.82336838772017
226;lycopene;13.199163250124428;1.9574967930676792;10.030954036346238;15.007425613754052
226;ratio.alpha.beta;0.6961902459141109;0.009553331452098824;0.6857166657076873;0.7067374078728307
226;ratio.alpha.natif;0.4067236528220202;0.004883919696851348;0.39843058823832034;0.41070590280003644
226;ratio.beta.natif;0.591783113527243;0.005162325065341798;0.5868910464427681;0.6000033779164784
226;total.T3;548.6034762699941;19.019111063282462;527.0303419559517;574.904864049748
226;total.beta.carotene;547.2061645535289;3.396096990742163;541.6171040452325;550.7388636773198
226;total.carotene;762.4893994914771;28.859618892656126;726.9450825652153;792.3576125235752
226;total.toco;812.897927019778;108.98977040874794;705.1489282958632;977.8400117416601
226;total.trans.carotenes.natif;651.3763540678898;15.877849488777537;633.1902121930502;666.5824668825195
226;trans.alpha.carotene;247.9793236356643;1.8462952388800768;245.59166773538342;250.1956671424224
226;trans.beta.carotene;356.08418279269324;15.16133015621968;335.05847526699387;372.87257318098165
227;C18.0;5.416489682786587;0.13553002228439076;5.271362100172126;5.6296517447432235
227;C18.1n9;44.74690420645265;0.617955836930184;44.315126687327805;45.827320380422435
227;C18.2;10.286602876595984;0.2158948455809392;10.061927158648695;10.582164350220907
227;FFA;12.013124262058104;0.4321085348617664;11.361502611999574;12.468890369666324
227;aT;152.16868666546145;19.061124468728064;132.29312678462742;183.60433890371328
227;aT3;227.76827181422368;11.46085583252058;214.70210316053124;243.2043964442919
227;dT3;87.89870332279277;8.835400284232078;80.17822160072346;103.0533628174316
227;gT3;270.2399416011215;15.545258319254875;251.21973340840745;284.8891388211532
227;lycopene;18.3706266598029;1.3272469353035166;16.896923909672765;19.920124964578555
227;ratio.alpha.beta;0.6766928600487725;0.007442050185188948;0.6642530229989813;0.6822035121134179
227;ratio.alpha.natif;0.3972401585750098;0.004543418140393195;0.3916036587524395;0.4035073983139814
227;ratio.beta.natif;0.5984706314102708;0.005817688108788271;0.5912677344636489;0.60341882639301
227;total.T3;625.1616961726843;30.505332698443194;585.6017637983575;667.8075549871227
227;total.beta.carotene;569.2404521227409;8.286089446138273;558.3767233514395;581.2002730431942
227;total.carotene;822.46245681182;4.201736613241033;817.8527681876571;827.5722386413322
227;total.toco;895.7291399564863;62.94531185169633;832.6345647734369;998.3342610715206
227;total.trans.carotenes.natif;666.6575438491587;9.604860701402377;656.4840867798055;679.7393476081468
227;trans.alpha.carotene;272.00721087118734;10.68442739720934;265.2234417755923;290.10771838983493
227;trans.beta.carotene;378.1084213104055;4.279076037581829;373.66212383592796;384.6381421765504
228;C18.0;5.525258251386835;0.10198058013185976;5.43685851074518;5.627527287921319
228;C18.1n9;48.18047764757988;0.19616396847204748;48.004353340422284;48.36038068665436
228;C18.2;11.193801510718892;0.04617087808267984;11.125573070892948;11.226795308680122
228;FFA;20.439438450058272;0.5195689925942889;19.689595675754575;20.88965634816538
228;aT;154.60984767808344;20.530873131281723;133.8263268498958;181.18578812148567
228;aT3;218.28069383839158;7.793640365744882;210.22751972105067;227.14607645671126
228;dT3;85.46494265861706;13.57653917257434;70.49831246498826;98.29900735984477
228;gT3;290.92020527450484;44.06519807541972;252.80905113548937;354.0835679533984
228;lycopene;18.502741139328773;2.66015639316344;14.915009699295995;21.30760251854197
228;ratio.alpha.beta;0.6933201590012781;0.004711395087809877;0.6897705507395322;0.7001566811696175
228;ratio.alpha.natif;0.40562193601693014;0.002065240826167958;0.40412942178684225;0.4086689830901379
228;ratio.beta.natif;0.5939649176289981;0.002971856000945431;0.5919808411680909;0.5983581239047794
228;total.T3;576.0013687542823;25.399910580118302;545.3490729685606;603.5032470325879
228;total.beta.carotene;618.48594117985;90.2758108757555;495.57930603951854;687.660474629913
228;total.carotene;986.3522863031676;117.83016066733259;826.3802384971194;1078.5454251496737
228;total.toco;800.4277929894523;96.6531315297723;699.0675456967093;897.5049607032827
228;total.trans.carotenes.natif;794.573849856756;101.22921020036229;657.9399364694675;877.3293076091511
228;trans.alpha.carotene;317.5139965389866;29.576685549990998;274.65917310279883;337.8016562546579
228;trans.beta.carotene;476.0264079000233;65.18379496939836;405.12791272845425;534.6062089071339
229;C18.0;5.868662080946921;0.12012053119878234;5.722694010097525;6.049667839086547
229;C18.1n9;45.57590661334217;0.20741456914862064;45.2200626146198;45.72559377740813
229;C18.2;11.175505214648604;0.009447019739230579;11.159663182692729;11.18428626856764
229;FFA;7.578917197213511;0.11381310673376241;7.432957668689239;7.733451331043913
229;aT;172.36310581132278;18.787086452576027;154.67351519742627;200.04158620961812
229;aT3;233.85642131769814;10.090033200242972;221.53628651967315;244.3041353386957
229;dT3;91.63854639110991;6.418257429837952;82.32634799858417;99.38547221901719
229;gT3;307.4667449344689;18.548688276138332;284.9293945128173;328.71101862230904
229;lycopene;17.025320290806285;1.592766421079801;14.985836508908934;18.566114974400296
229;ratio.alpha.beta;0.6675355554300844;0.009336427280306306;0.6524599877440275;0.6751805953073449
229;ratio.alpha.natif;0.39917393066068585;0.0040469034874104515;0.39334473186948643;0.4035193949758558
229;ratio.beta.natif;0.6015137033452665;0.004295038129218504;0.5951990413090589;0.6067129420818614
229;total.T3;605.269229326269;42.638197180551764;560.114063997948;661.1755674814169
229;total.beta.carotene;679.3609145149951;3.8321005066829765;673.8406405942225;683.3637127741716
229;total.carotene;880.3566697922436;5.904983850346378;870.2576410333717;885.5873283137887
229;total.toco;903.7771456990993;48.26002982205259;828.7583799730497;958.8129409336916
229;total.trans.carotenes.natif;725.2981146433651;9.501173269194293;713.2184996582423;738.333875958249
229;trans.alpha.carotene;290.67287312818956;3.5079225296477166;286.3836875849744;293.88423528714213
229;trans.beta.carotene;412.57220001077894;7.1811698884195145;404.71843529425166;420.651917831802
230;C18.0;6.058972379219807;0.10068910783692202;5.9527445074535095;6.163344220659798
230;C18.1n9;45.87872833345104;0.42694222521707054;45.29121178853218;46.304280341867894
230;C18.2;11.146569497965327;0.06307176037093619;11.054315237063571;11.217143722001422
230;FFA;10.235953804577374;0.19832759681055007;9.97356485603155;10.452931594818672
230;aT;189.09522957005638;7.008738444006888;180.69874544748876;199.93749765833593
230;aT3;238.0898875390631;5.577774131835627;231.20381920840654;244.43659401025525
230;dT3;77.32330852937032;3.7635929733225635;73.21442727351679;82.12513959762872
230;gT3;312.33654358886304;9.82976903715021;296.7867245610696;321.01377496853587
230;lycopene;17.542990364978188;1.7742641007149602;16.029422145004343;20.602750723891447
230;ratio.alpha.beta;0.6828219500324557;0.006664714873691283;0.6777724431250897;0.6922914016281609
230;ratio.alpha.natif;0.40033410330971053;0.003406326422955632;0.39489944217758194;0.40404971834509723
230;ratio.beta.natif;0.5999945914225663;0.0019827167959022523;0.5973061990486065;0.601891309291001
230;total.T3;588.4365871367978;25.82392069498421;550.2717395189401;611.5709431391538
230;total.beta.carotene;735.9159314697657;32.64088589631181;680.6967956968689;768.0255671078426
230;total.carotene;1095.1067389734922;54.90814295076432;1000.2815637901573;1130.2093239728013
230;total.toco;872.0224155963591;50.1820913187498;838.4376394271488;959.3538697787825
230;total.trans.carotenes.natif;904.4750875288422;52.39106239378401;811.5192055605218;933.7881615268461
230;trans.alpha.carotene;330.9188065824423;6.940132594646759;322.6877304258335;341.0080431373127
230;trans.beta.carotene;529.3554677107941;37.08999636191419;463.3595853190638;550.0434505887947
231;C18.0;5.659528090283822;0.2141485275038662;5.333118197506318;5.908601747135842
231;C18.1n9;46.555813220898735;0.25859736618586304;46.30814395153844;46.9954352810047
231;C18.2;9.515287300371075;0.1965994278622507;9.34305107671565;9.8082947842077
231;FFA;18.61532010285185;0.1406413331553762;18.433869238554834;18.777006410060526
231;aT;154.34801797095903;5.4428892190126685;144.85927937315253;158.20401800830518
231;aT3;227.3612203095119;10.378800226566941;215.56208162144637;236.9710811161024
231;dT3;82.96935997181247;6.389738545015993;74.59409221673025;92.16071333914441
231;gT3;277.44439499929456;12.576509255256129;264.21879623683293;296.75202131962203
231;lycopene;15.617647688197916;2.774589976332497;11.683432453268297;18.801037049994942
231;ratio.alpha.beta;0.7067018325187602;0.01666573886109605;0.6861774259660823;0.7246537024264623
231;ratio.alpha.natif;0.40727080851161146;0.004734565245430635;0.4012741094930996;0.4121146933802145
231;ratio.beta.natif;0.5912175331327554;0.005892074051927973;0.5834900455261335;0.596454843631916
231;total.T3;562.2598271388566;26.965484237189223;529.2000454030782;602.1695013712069
231;total.beta.carotene;624.1119756672363;23.650163957171785;582.2455741871886;640.3625276700415
231;total.carotene;867.5026623228332;8.287142270243088;857.3511630784259;878.4374401527919
231;total.toco;863.5407306516774;53.501102662922065;797.9874326797442;914.087803756534
231;total.trans.carotenes.natif;713.1358401139238;5.064776461403265;705.8107821393643;718.5427665201282
231;trans.alpha.carotene;299.0274459190222;2.7366048494438573;295.96073654425004;303.2506714891477
231;trans.beta.carotene;405.6998063916887;3.210998524189131;400.45024810902345;409.2209296344004
232;C18.0;5.412051134380297;0.12455855082342963;5.297057681548032;5.540753098424529
232;C18.1n9;44.22626148164816;0.21601121540693483;44.017898742197325;44.52955997365776
232;C18.2;10.582824906935913;0.3422949611892868;10.238730466182012;10.940457220365102
232;FFA;10.588504040863786;0.23116431913676588;10.33057602674646;10.835526437806031
232;aT;184.04116247911594;14.595758035425195;164.31984105385658;197.8433598405417
232;aT3;187.37067781262232;7.174519302194512;180.3510076521721;195.9070635254649
232;dT3;78.09441247156374;12.635664927663028;64.0468604844432;94.43367227864292
232;gT3;293.75051637494914;18.75866282230183;268.96182715960833;310.3696935952023
232;lycopene;19.6778897469054;1.5880712791902838;18.059799322691408;21.660796788824868
232;ratio.alpha.beta;0.6965647435049322;0.011689524973165916;0.6870135210326319;0.7130033643996007
232;ratio.alpha.natif;0.410053527753098;0.0031149824959493333;0.405436900855664;0.411976371986995
232;ratio.beta.natif;0.591328270965604;0.0028381240779784063;0.588497649423716;0.594807837606114
232;total.T3;526.5918404852857;7.599959817286371;516.8814170003101;535.250690851261
232;total.beta.carotene;927.0009661913434;41.574632196639286;865.5220362971808;956.1310472331934
232;total.carotene;1313.861124330103;87.76552163260466;1220.4114599044747;1411.940567465042
232;total.toco;700.9373762208852;19.873266080652847;675.1730007168505;722.9199844805344
232;total.trans.carotenes.natif;1043.859841179666;77.79284127701841;958.8227627534574;1116.885859114393
232;trans.alpha.carotene;425.8624785314893;23.12887790194108;392.6131900440817;443.9962017029593
232;trans.beta.carotene;586.4177167396238;29.29377175998061;560.7449678494588;613.4610010855754
234;C18.0;5.7486841265348305;0.19609729976086612;5.53356683373411;6.013586396995796
234;C18.1n9;44.15276693384164;0.320088520124464;43.74617147068312;44.63780970070124
234;C18.2;9.592619982503532;0.394360861804046;9.26524323932146;10.216232175025777
234;FFA;9.665626712521473;0.36835660565712514;9.366896595157128;10.261552052712585
234;aT;113.70684254190921;15.462671370377384;105.5598786480318;141.30487356324122
234;aT3;215.5197143393481;5.003790092564464;209.26993400773992;220.84125590023487
234;dT3;89.34818769288505;6.549994043756985;82.64110943313497;96.67372937564896
234;gT3;308.873797772054;6.714978415022059;298.36366522896617;315.80959272381324
234;lycopene;14.267536644768384;2.465988083095764;10.127793735856395;16.69347748305292
234;ratio.alpha.beta;0.7097479594436964;0.010944873844408641;0.6958813081112213;0.7246408784074032
234;ratio.alpha.natif;0.4084417988826677;0.0030622641847086306;0.4049275579266347;0.41174512072279784
234;ratio.beta.natif;0.5904762922921849;0.006477327907087052;0.5803093824827705;0.5979635127515701
234;total.T3;534.736324605092;51.0273104398297;491.58688478611634;615.0313190243289
234;total.beta.carotene;388.4797286458157;19.75500362655663;365.53430417500863;419.47194757355214
234;total.carotene;604.0316821020367;29.32887192443468;565.9226860324754;643.1763792784035
234;total.toco;793.1211885670882;61.502932833679374;715.9906863873226;875.0520788921599
234;total.trans.carotenes.natif;520.0266749275245;31.47581342638298;480.5944658815935;563.4017248359986
234;trans.alpha.carotene;213.48539823490918;18.04330050273433;200.83042018205674;244.6500159234546
234;trans.beta.carotene;300.2540232455128;9.695399270216974;287.65549991900247;312.345838914944
235;C18.0;5.418963643516639;0.08987157284761163;5.3189226094327235;5.55975708450343
235;C18.1n9;42.03235293961001;0.18595173347276683;41.7322204985451;42.184996814694095
235;C18.2;9.170646864524391;0.08426322388204521;9.045883269387092;9.238242638457184
235;FFA;15.549249755384931;0.36586975613370804;14.993658709329235;15.892827595890457
235;aT;219.68330899867152;26.122521077093975;187.75637969933967;243.83692119379538
235;aT3;232.8900187825493;17.601151002145134;220.09915582305482;263.2413442190323
235;dT3;90.22386035654898;4.399946996356204;85.71905882944343;95.61258559300302
235;gT3;273.94971239442555;6.0815984467620146;265.03152507094615;279.85255471805266
235;lycopene;18.169832312887344;0.8430748123884647;17.354772123162263;19.599261298509983
235;ratio.alpha.beta;0.7428240068447882;0.012796899476678208;0.7285614090428217;0.7604825627839277
235;ratio.alpha.natif;0.4223294496959582;0.0024828474358401845;0.4190255196528715;0.42476370313426726
235;ratio.beta.natif;0.576131436921705;0.004510979914064418;0.5725633495873883;0.5834875909159686
235;total.T3;588.8790152722902;44.003511943355946;532.350501526045;644.2738313727973
235;total.beta.carotene;484.62877192252483;2.8515249894624226;481.39531922360123;488.5981581920921
235;total.carotene;807.2480048181986;20.499771173233647;780.539073382957;826.4877837453377
235;total.toco;963.5727421306532;83.27676227470775;889.8917877776662;1093.3797380362555
235;total.trans.carotenes.natif;608.2083385652609;16.69130639595236;582.947150601866;626.4650942757921
235;trans.alpha.carotene;264.5148198811825;4.517635711897593;261.01214662553934;270.31839651825345
235;trans.beta.carotene;363.72497901955546;13.453908349928987;346.68177703112536;374.7655667463864
236;C18.0;5.691731931641548;0.10404559528568649;5.5176718265076055;5.794942871496496
236;C18.1n9;46.39372527510524;0.15124703759699482;46.27504550863244;46.658796111966815
236;C18.2;10.980208595137265;0.295500735579663;10.458469858668684;11.167441977737681
236;FFA;16.33095653820672;0.2643764240166129;16.015881426526914;16.749626780244412
236;aT;135.41192644864276;3.9483580672370717;129.82971284946547;140.83900337669814
236;aT3;201.73333163657054;8.216000917315425;194.03007722747694;214.32276147906995
236;dT3;91.38459315622063;7.091552256046764;84.87606887210217;99.0430073908397
236;gT3;279.1535955881358;6.700377618362923;271.00903000138146;286.64119903339866
236;lycopene;18.332499544784742;1.213612014986839;16.525287076728283;19.578082514256387
236;ratio.alpha.beta;0.6764910074791285;0.007869412780229271;0.6676847360548104;0.6872981687388793
236;ratio.alpha.natif;0.4048296103506634;0.0035986866251683488;0.4011358621725483;0.4092771765243422
236;ratio.beta.natif;0.5962569675097208;0.004177882411852344;0.5933589139093145;0.6034237312169024
236;total.T3;548.6116921398194;30.416188709976204;512.8402356643315;593.3258959405916
236;total.beta.carotene;641.7446196402212;38.12711859522429;573.7946325736723;663.7408589158035
236;total.carotene;863.2562273089216;10.844519490236701;848.0756684514536;873.7969719881706
236;total.toco;701.7663216510731;16.225857542224432;673.9545335737913;715.3004593920762
236;total.trans.carotenes.natif;713.3111480507081;8.963098981737629;703.2791076892147;724.8777661279905
236;trans.alpha.carotene;289.299027538507;5.1722226709302115;281.61904493871685;294.74706665939067
236;trans.beta.carotene;422.5998250345742;10.537195115014285;408.7541312576814;435.154420583054
237;C18.0;5.544392469471746;0.096161457864777;5.4371853080796;5.671849275935125
237;C18.1n9;45.377821887515516;0.46146156409200617;44.95206090038139;46.07955655154572
237;C18.2;9.99407123257496;0.20739702463064022;9.696073212281782;10.223496273596647
237;FFA;12.586263728327179;0.41239560220976584;12.220463178830892;13.242669636235876
237;aT;141.73611400217416;35.496363984754375;117.25660688148412;203.62542586416126
237;aT3;216.38283886420567;2.6223681152382414;212.450388307741;219.18526435092897
237;dT3;91.33530349457126;12.56555491084417;70.51331683856306;104.58118017997899
237;gT3;330.31911559544795;18.22065831553911;302.7158050938825;352.427065118389
237;lycopene;14.1697045886232;2.430476340547682;10.80025635466637;17.297231940954156
237;ratio.alpha.beta;0.6921133082158937;0.011079402255458086;0.6767823125501462;0.7025353044345303
237;ratio.alpha.natif;0.40768324210636014;0.002716706607030159;0.4045279297569829;0.4112505305424537
237;ratio.beta.natif;0.5923454435329556;0.0021951917885577148;0.5905041520162281;0.5956801959824334
237;total.T3;613.2841489220099;49.82265200390112;560.5495099843586;679.0277598131216
237;total.beta.carotene;637.4356320297477;38.938027556417325;605.6848264891892;684.1374830191974
237;total.carotene;957.8752624973091;52.17627559265698;908.5760443135893;1015.6408738918797
237;total.toco;777.911900088499;31.81064548282322;735.3134558679495;824.0416992382002
237;total.trans.carotenes.natif;766.231437952785;42.22792258069458;724.8889620036066;810.5273042999465
237;trans.alpha.carotene;308.6199304316297;11.62438604190921;296.4432172617516;322.1796979304756
237;trans.beta.carotene;451.5846334043778;33.64542243441978;419.02767500057837;500.5211492958477
238;C18.0;5.960224817282719;0.09507456496213275;5.83581138048804;6.100389658816316
238;C18.1n9;43.53739450108426;0.1611141143790024;43.32148101654922;43.75377582869071
238;C18.2;10.225740749134342;0.20032757896240871;10.105711159221018;10.582013464552306
238;FFA;8.705929628477367;0.7383729440827513;8.288417981848163;10.021747025398145
238;aT;165.18649274562418;15.007981808974314;151.20422084178452;188.56454588830178
238;aT3;231.77400824770262;16.494585899837837;212.66632837340038;249.59990008453354
238;dT3;81.52608621551614;5.883178124176263;77.15674279015447;91.76164361659242
238;gT3;299.9085211665596;17.54717056491176;288.734377167987;330.00895862561634
238;lycopene;16.639787434479935;3.2079858413891964;12.776804388493707;19.61167313801643
238;ratio.alpha.beta;0.6724909884139627;0.00887561995352353;0.6612129374270727;0.6845878862879197
238;ratio.alpha.natif;0.39652001452284835;0.0042499515551630744;0.38914954652326783;0.39959316591507715
238;ratio.beta.natif;0.5999616343358366;0.0038849456511001715;0.5961490021955106;0.6051063821064581
238;total.T3;625.725518840893;23.694610474915148;598.287151782944;657.1512866842556
238;total.beta.carotene;862.2534057853127;60.9759946508996;830.7759704193122;971.1785354320731
238;total.carotene;1225.6559382940661;67.15129590223381;1171.0743656859088;1341.6439056434056
238;total.toco;865.6795232137032;68.909757510942;791.5172415153331;978.6484096431024
238;total.trans.carotenes.natif;980.0357708270597;46.09732875147051;943.1922560515575;1058.0550283647872
238;trans.alpha.carotene;368.1434564759491;11.299831555844738;360.12386106415147;387.9370012556615
238;trans.beta.carotene;556.6930509564779;27.61669407221964;539.6285628437978;604.144642779834
239;C18.0;5.754210047684191;0.11119228869696979;5.634540722311637;5.899063283550175
239;C18.1n9;45.427468157779074;0.44467839626414285;44.94878577624036;46.1213393133128
239;C18.2;10.723636952066741;0.11012012662549182;10.634514349341163;10.859815890580666
239;FFA;10.027127297364766;0.20286071033769165;9.70435727167254;10.242165451278275
239;aT;166.84586779678324;21.287421292079078;142.89575364031884;187.3404802399159
239;aT3;218.1167011519939;8.315241082517986;205.9839081847338;224.88081702035882
239;dT3;88.87800200725896;11.23536747396834;78.30220304249097;102.53701191757455
239;gT3;331.58020109247485;48.072474562752;270.0213200613552;388.4312657554832
239;lycopene;18.95470557278971;1.4344382389782973;16.797415367049133;20.503583640543773
239;ratio.alpha.beta;0.6726623750434599;0.014071316337345619;0.6528042381873459;0.686782273962208
239;ratio.alpha.natif;0.398397605388083;0.006877746745047636;0.38737056146758314;0.4043273123117318
239;ratio.beta.natif;0.600024033125398;0.005160622350796494;0.5947556159074463;0.6078508958694138
239;total.T3;650.3300218653824;23.792647993719278;620.1228573266267;676.0960910996941
239;total.beta.carotene;678.430533766778;34.0088635450307;617.6030429994867;694.5868449246435
239;total.carotene;863.2750080688962;5.747900987615047;858.0524646582819;872.197589222258
239;total.toco;899.8363796268117;119.77975417224273;730.9245251625958;1002.9120555443963
239;total.trans.carotenes.natif;709.2126090619537;5.4986212097487766;699.6834066393633;713.056010271909
239;trans.alpha.carotene;288.57199371246617;6.522218576383617;282.7966282258616;298.7688391719665
239;trans.beta.carotene;430.7578539485568;9.649172418299214;421.07256541485737;446.1490531304688
240;C18.0;5.720097246450722;0.0829076143886917;5.620375520525261;5.814518022944912
240;C18.1n9;42.61137525801696;0.22032305777582592;42.39032501647521;42.9714763529623
240;C18.2;9.861491466436373;0.07838611384260703;9.808364439231601;9.99499503565915
240;FFA;10.40244611437259;0.301550479494642;9.990585779564753;10.82078121142088
240;aT;160.9577588992141;17.852497729967844;143.3517343483143;185.27638832921062
240;aT3;215.24295408658637;9.738779276045314;205.1015789436923;228.38278561200684
240;dT3;71.61411872439172;4.9749452113143136;66.60937316713802;77.60012583034688
240;gT3;333.4763890812227;19.195795447272697;300.3072502603838;346.21828550081756
240;lycopene;18.545803870294144;1.040286853143625;16.853023406109372;19.38908554318398
240;ratio.alpha.beta;0.6957718768357306;0.0077740676913782905;0.6850593560493927;0.7059335673070067
240;ratio.alpha.natif;0.4106947449296519;0.001905983251889602;0.40875549153027996;0.41313506412752576
240;ratio.beta.natif;0.5894342304850918;0.0015590299147139315;0.587246958737166;0.5914935218752626
240;total.T3;573.0110712725455;40.971743192844606;523.0113170755784;619.5614627098246
240;total.beta.carotene;738.4554278935335;3.8817416589938154;734.3990858679244;744.2527685987916
240;total.carotene;1119.1116961942776;15.643122976099754;1102.1428656957262;1138.4959990377986
240;total.toco;779.7447061179926;104.88371455577543;701.7362240678925;918.5389746615432
240;total.trans.carotenes.natif;899.5499732553002;18.15240902001472;872.8698099563434;923.0045433244105
240;trans.alpha.carotene;338.30562237056637;5.684876414708154;333.99131376595324;347.6640616181355
240;trans.beta.carotene;535.750525743061;6.836521373064462;528.3955043983879;543.1040105508092
241;C18.0;5.481430697875938;0.10601932694150923;5.371038831010781;5.632610193773662
241;C18.1n9;43.602835185674245;0.29715970876482545;43.21048214896392;43.90590125204126
241;C18.2;10.027030475503775;0.10232959793697186;9.921834732109161;10.193473586286395
241;FFA;10.553636769703793;0.3274356431907484;10.087847294351855;10.826971467312568
241;aT;139.68963300496918;19.805888208334302;115.76546492809456;164.14184971035985
241;aT3;212.0205352490138;8.324003191343323;199.82773178645434;222.27142142316495
241;dT3;79.77418587607498;4.658126151598706;73.0245645675919;85.25446573512637
241;gT3;326.6369411991068;17.86430615910336;307.50829176207645;355.174005140869
241;lycopene;18.65677320070401;1.215688725563774;16.663462760912402;19.824958991765506
241;ratio.alpha.beta;0.691475201757353;0.009122018360142838;0.6777961748881127;0.6988327364715426
241;ratio.alpha.natif;0.4061223618959648;0.004354945759018424;0.4008221547433546;0.411833065318086
241;ratio.beta.natif;0.5905006490842608;0.005484162726357428;0.5840693359473894;0.5990927961622172
241;total.T3;598.6532859263154;38.113312701071806;555.8290171081097;640.4676633797127
241;total.beta.carotene;389.4495702654628;1.2877255292885694;388.07096421408545;390.72313685915867
241;total.carotene;612.0437512378885;21.900374630773165;573.2247796772072;624.5320589685278
241;total.toco;822.8790300148936;62.39687624615818;724.8027813664498;871.4531680720502
241;total.trans.carotenes.natif;495.3484663182063;15.926989130012867;470.70669006657727;515.3398752040617
241;trans.alpha.carotene;231.62577939072952;3.2660957734241833;228.02238669920646;235.46899503117373
241;trans.beta.carotene;291.4100605791922;9.478742043795902;276.17025514719046;299.3773480360585
242;C18.0;5.488122124204287;0.059374232374245925;5.3935261607242895;5.539460336829214
242;C18.1n9;42.42942283521072;0.08155318575388654;42.35111870476337;42.556410824046935
242;C18.2;10.190882288516752;0.17200661508934623;9.974179079442383;10.396531952657812
242;FFA;20.488499164985466;0.49114077666939626;20.147202069947156;21.348322440666934
242;aT;182.32900090383447;17.669592377689508;158.93425361881114;202.98965248451904
242;aT3;209.60725677255203;8.37432677588377;199.54396213892525;220.95414864875923
242;dT3;80.1405851680792;11.52842552390916;69.95100950312313;94.47422144294849
242;gT3;288.1882533261979;29.620988458657624;261.99506008444854;334.70636893577137
242;lycopene;18.99201772428038;1.2096541567231553;17.288455613631516;20.23711735420091
242;ratio.alpha.beta;0.6976158836801464;0.009625357162055636;0.6846629709367477;0.710650115420502
242;ratio.alpha.natif;0.40468022036337115;0.0027909315438985017;0.40189124961917844;0.4089145659121813
242;ratio.beta.natif;0.597456616879913;0.003954123776160296;0.5924675687372662;0.6029263723792841
242;total.T3;553.4844951539204;80.33931282879047;478.5856851152395;656.8785272146185
242;total.beta.carotene;1019.3131795953507;5.690400527806476;1011.8528895380274;1026.9896772280083
242;total.carotene;1532.342853490089;33.300221040320544;1483.1364057472279;1572.4044056410914
242;total.toco;780.6755823020052;79.76103138206739;729.0137715560045;917.2290618670469
242;total.trans.carotenes.natif;1236.3784454421716;36.82250282744913;1179.9940727669957;1269.8624103035881
242;trans.alpha.carotene;429.9515066430816;6.617385575072701;422.75355857195353;439.86429215175195
242;trans.beta.carotene;765.7430074285705;14.184143126985354;742.5335880123658;776.7486367062448
243;C18.0;5.512514929565817;0.05621810196552952;5.414010341563016;5.552901816370647
243;C18.1n9;45.51807862912999;0.3247754576874714;45.02102425975727;45.83789262940293
243;C18.2;10.288914575365757;0.1506086681689728;10.094639911811363;10.485680891385586
243;FFA;20.031773048629173;0.19014992227815414;19.7609039943525;20.28536410145121
243;aT;157.57345252189697;3.65348750400868;152.28010232450058;161.0705090857741
243;aT3;212.89423191414397;9.612539030062726;199.58811779721813;225.36520013658486
243;dT3;77.26598023825154;8.839488393858181;69.79631340739826;92.41257105641301
243;gT3;260.1269502261673;36.484412134946176;216.46148726964276;300.70604500012263
243;lycopene;18.974040885027357;1.5830150328400776;17.50502285844111;21.31694214050401
243;ratio.alpha.beta;0.7025425542761042;0.015021875340863699;0.6913400038816552;0.7281695239016579
243;ratio.alpha.natif;0.41211561687167625;0.005057779443805234;0.4077527014766859;0.4193785859227054
243;ratio.beta.natif;0.5845063880961419;0.005111023270324274;0.5782799595997864;0.5890508992805092
243;total.T3;515.6257454126105;13.341603691263286;495.38138033243746;529.930246926767
243;total.beta.carotene;714.1191555518344;9.627767957455557;706.3136763920068;729.444720174929
243;total.carotene;1178.602847301669;5.566627069101263;1171.3417871007734;1186.906863662112
243;total.toco;775.9616412469479;47.68931742029554;725.7079507452198;854.7113228659754
243;total.trans.carotenes.natif;946.6080525391704;15.9998350574732;932.8890047797424;974.3112355882929
243;trans.alpha.carotene;431.07702252390175;12.532179961225294;416.6115777748346;450.2094885039434
243;trans.beta.carotene;566.9250028423583;7.050030637145724;559.1589699709839;573.4990145829039
244;C18.0;5.429658710951036;0.12308790792158548;5.282001497272521;5.570783395646345
244;C18.1n9;43.99002473696372;0.6463781002425224;43.562274883045774;45.1163529559619
244;C18.2;9.730392968368866;0.13013695083074614;9.596920339048648;9.876405030828126
244;FFA;18.897508659635065;0.2544203829708921;18.698804680466985;19.33899676361027
244;aT;119.85613620807649;20.442216330993872;96.88319454326482;144.43938612695933
244;aT3;186.6375330712571;6.534727518579238;179.69130756472322;196.11028520266456
244;dT3;87.21707149231447;12.27802545372408;73.4769882489874;97.02660670550928
244;gT3;279.2268049413516;41.17248311241227;211.4688796391613;323.05503803241476
244;lycopene;17.58842833324912;2.4607746847703353;14.631949726065923;20.029977156980753
244;ratio.alpha.beta;0.7085131871384801;0.01109820245243033;0.6947423920519584;0.7252869199478654
244;ratio.alpha.natif;0.41172874838916484;0.003014343279089432;0.4074218058446512;0.41527035452678446
244;ratio.beta.natif;0.5918013161074713;0.0034468974847217883;0.5886712136673097;0.5976729390526178
244;total.T3;598.6350973691866;46.99031721672332;533.9468894850583;647.7158534302856
244;total.beta.carotene;565.5013592145831;11.212608769078638;546.806750121423;573.8575646499347
244;total.carotene;847.5728900148749;18.14826346129797;826.6955271833509;875.0562349086292
244;total.toco;744.2617070498202;94.06098929044398;643.5228424377369;888.1095212055573
244;total.trans.carotenes.natif;688.0720382072808;15.941713572349329;664.383482756246;707.6247418937814
244;trans.alpha.carotene;297.8559463358844;4.618614433739428;291.38146071661134;303.42579295073426
244;trans.beta.carotene;398.6669520851499;13.117969017602029;382.9732298532405;414.0279721661862
245;C18.0;5.378875465120103;0.04851822099903508;5.327519410312492;5.430976169776425
245;C18.1n9;45.450303681195486;0.4212058238136424;44.76340738195075;45.814011167693636
245;C18.2;9.666451302591506;0.1980082755069045;9.433693017224483;9.962619612409107
245;FFA;20.674240531864573;0.9025105866133741;19.933418392688523;22.24589733599185
245;aT;99.49858434515718;19.116952283256765;78.41175329849949;125.56755551050749
245;aT3;174.58391440455435;6.001781581355941;165.84741801903573;182.0824762146187
245;dT3;84.29162243501898;2.0820648191400046;81.40554651242859;87.28103059584211
245;gT3;285.5341520751517;12.989315520203947;274.90032761208107;307.66429372053346
245;lycopene;17.398849351160255;1.5805374233334886;15.378926674618217;19.545447508030378
245;ratio.alpha.beta;0.704901557509907;0.015046254844719794;0.6821415947709455;0.724456788658555
245;ratio.alpha.natif;0.4143784838114519;0.0072316988687294755;0.40488537506843963;0.42359519365211473
245;ratio.beta.natif;0.5846944318336934;0.007402403371702093;0.576926014934925;0.596061398022748
245;total.T3;516.370839388572;15.424058752890545;497.6242963398602;536.1516239216155
245;total.beta.carotene;340.0227173712405;11.69995842318269;328.7776622922842;358.29599708573653
245;total.carotene;566.5343179643512;21.89209404856775;546.8705048841633;602.7548452901402
245;total.toco;613.3516789839078;77.68016244462896;560.033986714996;749.1275062640922
245;total.trans.carotenes.natif;463.32826302057737;14.64830328446221;447.32496849935507;485.5999749409548
245;trans.alpha.carotene;192.11722376039546;3.019575203444266;188.22996116799243;196.11821309214596
245;trans.beta.carotene;269.07801971823204;12.446441765494697;255.75947663448403;286.4453390723129
246;C18.0;5.673852037313596;0.08678585576372937;5.597095760779064;5.8167010108897514
246;C18.1n9;42.94071708380756;0.3044844403499863;42.44785609826658;43.16077269042472
246;C18.2;9.60167886196931;0.07953796362997906;9.508257296899409;9.68751391157949
246;FFA;14.862611606952896;0.4242809974947549;14.279182804160646;15.231470879852397
246;aT;183.5203096368159;12.487795038681353;167.79718793093716;197.79781464827718
246;aT3;236.1590502891342;16.174487875718043;223.16544779073257;260.96232951226006
246;dT3;80.28981152165147;6.3172053198115075;72.43515491485435;87.3323074574637
246;gT3;258.2640380627678;33.269470025840796;229.3374578787524;314.4412141570656
246;lycopene;17.43725397560204;0.7457452078065394;16.717102712154542;18.23486515791849
246;ratio.alpha.beta;0.7107040250665497;0.0144516955834224;0.6892699953473214;0.7239552075042255
246;ratio.alpha.natif;0.40892029791698914;0.005835013544426232;0.4009653831424987;0.4142877105831838
246;ratio.beta.natif;0.5866809959484449;0.008465827200901693;0.5770988213651493;0.5984049449535729
246;total.T3;578.4205305627727;56.04534634448336;511.452397090323;650.4162014166358
246;total.beta.carotene;724.757413176508;3.185234962147247;720.1083380584014;728.438116323454
246;total.carotene;992.9253560320243;21.802775558691454;959.2131818226226;1019.4741542174366
246;total.toco;918.6030786065836;77.40098572858602;812.2222282892636;993.7077220555328
246;total.trans.carotenes.natif;804.480911622521;17.163963259689968;781.6223818529029;825.954786903621
246;trans.alpha.carotene;320.0242618355026;2.9058523749266256;315.60571293744283;323.1179554256997
246;trans.beta.carotene;507.04053336038396;23.453980184254878;466.6814840468483;525.0556241456169
247;C18.0;5.700756356662291;0.09273362177399488;5.5941293532237975;5.825760298792273
247;C18.1n9;44.54614411111021;0.465212621196046;44.03947822385355;45.27115459024262
247;C18.2;10.589869757137397;0.05808371384418444;10.494818604126996;10.640897083958828
247;FFA;16.005517072023967;0.41225697145123297;15.699213003871552;16.721290256824116
247;aT;163.1702744938495;10.452471656844992;152.5619310570213;179.5037526828725
247;aT3;214.10039003198463;7.965322779654992;201.62725774066843;221.0111124420035
247;dT3;75.92808381125369;16.10085560450188;67.44388415231634;104.64140958568733
247;gT3;275.0670762764714;59.18931152490316;210.05259675491314;338.98909513451
247;lycopene;18.044757985282068;1.6774531103566057;15.378806531760617;19.441654481025164
247;ratio.alpha.beta;0.6957529186148443;0.0035077041908662017;0.6923326140941003;0.6996492630079786
247;ratio.alpha.natif;0.41035337571894903;0.0025237965571760644;0.4071824644765468;0.41298919249539007
247;ratio.beta.natif;0.5858248563221158;0.0036767718585642814;0.5821343902279229;0.5901137947582181
247;total.T3;572.5561657068698;14.6092862862473;551.678568820602;585.7966448364097
247;total.beta.carotene;710.1214340131182;6.600107796977101;703.6532703777588;720.4823717447628
247;total.carotene;1108.8603583282668;15.718246022305026;1093.310427187738;1134.2218887896054
247;total.toco;770.9970884014841;46.79779556304215;726.0683717367118;826.6162020056762
247;total.trans.carotenes.natif;868.2275692992598;10.77751881866922;849.5005094691609;875.9422920649022
247;trans.alpha.carotene;331.1403340865495;4.2371614244363744;327.2455104185571;338.1030954064605
247;trans.beta.carotene;534.6882589450037;6.069706774010514;529.2730813836582;542.0128876576142
248;C18.0;5.79856305807809;0.07419208827767357;5.7210724095910965;5.889327205522883
248;C18.1n9;44.10377972638537;0.3146663495993524;43.70793364557403;44.504405054066616
248;C18.2;9.526663731294338;0.02230796490955045;9.496521925154461;9.555699672402246
248;FFA;20.783939535893463;0.42313127169102666;20.379793035578032;21.488257115028333
248;aT;94.75055567966855;3.5476981161792933;92.05696521064212;100.88742858807515
248;aT3;174.0725065606194;5.708806590157514;165.02050889191042;179.57656387269702
248;dT3;92.81428176172308;1.996795285313715;90.29949179353952;95.249049702028
248;gT3;306.3771052130461;24.098090802557333;270.15643501055865;336.33929101032595
248;lycopene;12.903746800011993;2.0721683654506777;10.456174260756674;15.010509730601028
248;ratio.alpha.beta;0.7095318486833777;0.004101106045275342;0.7025905469895238;0.7127696121245394
248;ratio.alpha.natif;0.4148928231956558;0.0018327696186307828;0.41187201874905555;0.41657692970748544
248;ratio.beta.natif;0.5827918168198509;0.004930521652411005;0.5779055981119282;0.5888850194760583
248;total.T3;542.3147894291357;31.993114522573403;506.69241189812607;593.0092330011063
248;total.beta.carotene;309.45565718908006;3.334619267604903;306.28775935924534;315.12532980726036
248;total.carotene;506.9413516838942;18.440606692888363;488.97232435456516;533.4568143861732
248;total.toco;643.8719923956257;30.4511662918601;614.5001934848999;688.7880303382959
248;total.trans.carotenes.natif;397.1093759645332;13.6725518781308;380.2921421701181;417.80411220932444
248;trans.alpha.carotene;188.2759845447127;1.8347493758029159;185.8247298574978;189.71000427721884
248;trans.beta.carotene;236.62956169861226;8.172758996549048;228.4212535414483;247.29209557017543
249;C18.0;5.270398338718474;0.07416447477956022;5.177568457696889;5.37508230353863
249;C18.1n9;44.15810510784131;0.33607384698065007;43.70893869052709;44.56815686155193
249;C18.2;9.600208180862538;0.06678541762821678;9.503014127694287;9.6773819256522
249;FFA;20.50200144810744;0.33600310766423824;20.205360449224514;21.072157594166782
249;aT;127.99473387408094;18.582010077456168;109.33624480538434;153.39962328768215
249;aT3;196.12965384063668;2.886920258702496;193.18951507535198;199.71101841467896
249;dT3;79.64388280194143;8.48526263269531;67.87732275388247;90.69421995488173
249;gT3;309.16981710623054;61.35421177039878;233.57764883117196;370.28350375180827
249;lycopene;17.129968408080245;3.82429180398324;10.87407982039938;20.437531262635705
249;ratio.alpha.beta;0.7158567424270718;0.007717463589632393;0.7087224667583684;0.72429152445175
249;ratio.alpha.natif;0.41737800625176735;0.003659903335619592;0.4117073332440275;0.4204058187324098
249;ratio.beta.natif;0.5820019807562351;0.004690993973909067;0.5782177356791389;0.5886670192482472
249;total.T3;533.9367339508407;16.74636438929818;515.3055082508737;559.6658951478158
249;total.beta.carotene;496.5736506512297;6.448929551296039;489.68231209726963;504.63609649790055
249;total.carotene;835.1619980666425;5.30912623843395;830.1262773975907;843.0677019740896
249;total.toco;775.0520014296706;72.12781257112971;678.5124735738785;844.5210029323994
249;total.trans.carotenes.natif;672.9122121669848;12.447645072418549;658.4745192294765;688.5778177287971
249;trans.alpha.carotene;292.33738150350996;3.5773025345626435;287.5657414457382;296.3833257484416
249;trans.beta.carotene;391.9646943755009;12.31770913088617;370.75455625302476;400.0233414942198
250;C18.0;5.94529618078377;0.12391571634659782;5.765861228433519;6.092368569847818
250;C18.1n9;47.37520330649786;0.6234533586655122;46.42360362144882;47.82289610779493
250;C18.2;9.550685659075027;0.19418055070661513;9.395674351934185;9.889065925089907
250;FFA;23.388651659801067;0.6614306915986398;22.748572185484853;24.369998331025144
250;aT;150.98641080441925;14.554956910679595;129.6879548183374;164.8449897818
250;aT3;219.49282146860432;12.438534053101643;206.93962048423032;236.9209081306471
250;dT3;88.44072086300687;12.896691134660678;77.25044823918542;109.64065684208104
250;gT3;315.6487889064477;13.148664605108685;303.274594735268;335.1733463519146
250;lycopene;14.29799170284293;1.4069613924573727;11.959754814301917;15.248902600291151
250;ratio.alpha.beta;0.7045861496226934;0.011663982661116982;0.6856768787195457;0.7161162193435096
250;ratio.alpha.natif;0.41234864318188735;0.002862226462749793;0.4088471787339798;0.4160088341791536
250;ratio.beta.natif;0.5868503670421515;0.005052467851571583;0.5794095980928687;0.5914887246253501
250;total.T3;587.4597126073055;48.376142826878485;526.5278743894823;654.1153358060103
250;total.beta.carotene;543.8105578422687;27.58307299997382;496.35030328437176;562.9544859488276
250;total.carotene;748.3140439175853;56.79692808386293;677.6379611954613;808.6652636551352
250;total.toco;903.909953012537;37.84639278052191;865.6764269336975;949.4908759702405
250;total.trans.carotenes.natif;624.3345235219798;38.55381916819318;576.4051302869943;668.2058841730592
250;trans.alpha.carotene;249.33681852738914;6.672750817905486;243.70275843335352;260.6253885693715
250;trans.beta.carotene;354.0333274899271;29.01774163137695;327.212934501383;396.20150684202537
251;C18.0;5.848673641042646;0.06047257358695277;5.752870124747161;5.916128929639185
251;C18.1n9;47.26800391127411;0.41005969439622864;46.80084146659735;47.65887418261363
251;C18.2;9.594710887565945;0.1799130798574455;9.404180648697904;9.81571353765668
251;FFA;23.324858309557364;0.550593609106916;22.79707499498751;24.1982722656522
251;aT;145.70237366554957;10.999804187894377;131.8731207597452;157.2222222541281
251;aT3;215.42189276386853;17.80635795109272;191.1196728220552;237.96117935480842
251;dT3;97.34974523820111;11.527124148800235;81.08813114304034;113.0625869623566
251;gT3;327.06773863266875;24.89782779780349;297.18766892043743;351.13465407179456
251;lycopene;15.872339411932193;1.905231229368582;13.646246230314121;18.257485746505786
251;ratio.alpha.beta;0.7108102610058559;0.010633741804449617;0.6937000672555415;0.7186006967386309
251;ratio.alpha.natif;0.4142191700660042;0.003528814766382796;0.4096960422276227;0.4169888608016975
251;ratio.beta.natif;0.5860263869859554;0.0021919795577253595;0.5833608053460412;0.5882645095840413
251;total.T3;570.1515872664605;46.67977075110303;522.2576191415922;633.5939567306523
251;total.beta.carotene;555.5159593529922;4.752211059427319;549.14249070723;562.3072101384167
251;total.carotene;747.3258460669006;17.314847054923117;730.4729022863206;771.2426492628754
251;total.toco;830.544798700252;88.77162355399747;737.7406083835622;952.9290177856586
251;total.trans.carotenes.natif;619.1651410716202;10.563154974640378;601.4954794418978;627.6216917307461
251;trans.alpha.carotene;245.70513601469366;2.780601757024468;241.23409236867155;248.50889748968245
251;trans.beta.carotene;348.9972523124709;16.906312191460632;326.1760439500514;368.7706622646487
252;C18.0;5.595313501577005;0.09924365422266883;5.506798996071703;5.7587769000030455
252;C18.1n9;48.08531959435123;0.15535747967604244;47.94425954916563;48.329673201137005
252;C18.2;10.463488973275048;0.32324304272040727;10.194084141919191;10.879334151386045
252;FFA;22.185122529454727;0.34029419033193115;21.8374903565533;22.66234553048069
252;aT;117.94874049656013;19.047404012510167;96.2343061684017;148.62531997094098
252;aT3;186.57370525477467;8.188179310937809;180.51449066432298;198.26167927068104
252;dT3;95.08926226491175;15.30552847485503;71.63998602850147;109.43925167954927
252;gT3;296.22501314971885;16.77096188238048;273.4011230377791;315.1159254648245
252;lycopene;16.978071906150525;1.7031690192594182;14.049569606588829;18.232055244627293
252;ratio.alpha.beta;0.7012312550740053;0.006904745361911306;0.6909071012560457;0.707661281515114
252;ratio.alpha.natif;0.40923736796718685;0.0019360175978017165;0.40759451800985946;0.41254125162357463
252;ratio.beta.natif;0.5906555754058744;0.003419454912292683;0.5848733723624977;0.5936737489315796
252;total.T3;546.9168537092322;34.501808808735184;500.31572304693736;584.4473849000142
252;total.beta.carotene;563.1337875535712;3.0050137901272107;558.0939851695729;565.3077719844309
252;total.carotene;839.4098206162155;10.969621996405984;824.4005384961608;851.7566571165855
252;total.toco;720.9315173850124;99.04620461966934;656.3378387306399;896.232392418676
252;total.trans.carotenes.natif;707.7899497445063;11.131423320301112;692.0528288278811;722.9918333196342
252;trans.alpha.carotene;274.0875437370161;4.163704802018944;269.16076228524236;278.5090136331035
252;trans.beta.carotene;407.0231805429763;5.17350989253771;401.60545048265254;415.6350883054311
253;C18.0;5.713402226677413;0.047582695919010064;5.648564764438688;5.775292307779827
253;C18.1n9;43.65617837661111;0.256372094630791;43.253034152294596;43.9631853628316
253;C18.2;10.016731335003907;0.061237496247670595;9.944700703755387;10.085459361918739
253;FFA;22.203416038152774;0.25589560219727864;21.927364569344423;22.558140151625363
253;aT;160.69535884293788;16.327474797540354;146.43800417285675;188.49469724382104
253;aT3;234.76432726031626;9.427925404489544;221.19237576305042;242.14999759988723
253;dT3;90.92753392322723;9.65029372230064;81.7936589723088;104.6354319220511
253;gT3;333.4581563875258;40.247650361585706;280.08102775725735;387.51299277878667
253;lycopene;18.831518937302018;2.5878529231531777;14.582559333520164;21.62867931001635
253;ratio.alpha.beta;0.6872170834995937;0.009843722349983415;0.6755995032875756;0.6965683592394882
253;ratio.alpha.natif;0.4065564072765165;0.002941009487358202;0.4019533618384768;0.4090677718055529
253;ratio.beta.natif;0.592888903261361;0.004583553441322104;0.5874476598051775;0.5974945954358032
253;total.T3;567.889627802201;37.375955498559996;533.7272956905982;620.7479632361459
253;total.beta.carotene;684.9888393223737;16.336704483558457;661.4763761579867;700.1981812960855
253;total.carotene;955.0985890068699;29.88501424167644;913.6557072640647;994.382320583932
253;total.toco;909.1765438096551;43.057872241724674;859.6184433293312;971.9679838456045
253;total.trans.carotenes.natif;746.5804654300282;17.80279372392426;732.6264726407708;777.1942157322467
253;trans.alpha.carotene;306.8348678948797;4.296703951120184;303.00957679724155;313.17396744614774
253;trans.beta.carotene;439.3876970066881;6.396126842192413;431.090785522989;447.43866232867293
254;C18.0;5.537548637309236;0.08257904211310431;5.455301863696491;5.656347480229738
254;C18.1n9;45.22487668635746;0.14625593696818873;44.9853015804267;45.35523785377059
254;C18.2;10.293301421186284;0.1480314090527177;10.107978579892453;10.42385064137302
254;FFA;23.740659141645388;0.2536864570008777;23.36555160819718;24.052584379360795
254;aT;119.65620840718861;17.72022722981971;101.16102324354803;147.58571612401394
254;aT3;199.09550867946666;14.506842505083553;180.5187027448796;218.36958979276392
254;dT3;89.107022105743;15.287016239045697;72.05030155038692;108.64452301004444
254;gT3;286.7540941275758;15.242174806657227;270.1631829940946;311.19085558377225
254;lycopene;16.645807174873706;1.7547136031129418;14.130812723005892;18.42787389176224
254;ratio.alpha.beta;0.7114106684380784;0.005250601796979326;0.7038240346060356;0.7164650922683579
254;ratio.alpha.natif;0.41591537939402645;0.0017361698755358449;0.41363896023139657;0.4172947897089186
254;ratio.beta.natif;0.5873050317945377;0.0034485755934507987;0.5835670753945638;0.5916718268557986
254;total.T3;522.9701310163526;27.025591775210003;496.4808381449381;566.270766843502
254;total.beta.carotene;502.99301166517523;10.801681977473262;497.30489310998047;522.2422534801893
254;total.carotene;757.3394384551736;22.9811276915185;739.6567733846655;782.9916105036716
254;total.toco;715.7516414279723;40.10274264182538;681.9409901573551;779.2741099183563
254;total.trans.carotenes.natif;615.2292417193607;16.071616087553217;596.1684075212162;637.1919713076207
254;trans.alpha.carotene;277.2904900334871;1.4254208808474829;275.4441707556811;278.9158739930349
254;trans.beta.carotene;361.73385479541264;12.331333800215893;349.65493524216487;379.329828004671
255;C18.0;5.487340257422245;0.09184626442243192;5.409122278559897;5.634623860472596
255;C18.1n9;47.67524459819331;0.1444581883778466;47.46394749988738;47.86611866688052
255;C18.2;9.990494868954698;0.10254725474575821;9.883906389484855;10.140878095693303
255;FFA;23.566459382691356;0.17312589062711928;23.27003857888241;23.681530915029168
255;aT;89.63249166066429;10.396664414367132;78.18723362326212;100.7592019923775
255;aT3;174.01585641256625;8.969103115256422;160.3878800028029;184.36419898158445
255;dT3;98.60710358871206;10.585478292597243;81.9235560127015;107.49392835171562
255;gT3;262.14563463550587;17.875342649022084;244.0349320130796;283.73632134479726
255;lycopene;17.76099777151468;0.6098592685662035;17.109143240491296;18.496009335707175
255;ratio.alpha.beta;0.7048991328845067;0.00535800659024297;0.7013361434887906;0.714380883626883
255;ratio.alpha.natif;0.41382175109285846;0.0027071304299381275;0.410314758114275;0.41775421504077104
255;ratio.beta.natif;0.5867978839732604;0.003181433315822534;0.5815065174342878;0.5894156732714227
255;total.T3;497.5807875596133;25.566372380870703;464.8800366322201;524.2033324471776
255;total.beta.carotene;320.78120371030514;3.777589733760007;317.9774783479533;327.35199732620714
255;total.carotene;503.3933186689148;8.474634406988429;493.4149686715108;513.9837005523043
255;total.toco;620.3619208698021;73.91597541255807;535.2822176558577;734.6466070088229
255;total.trans.carotenes.natif;416.6530205401144;5.600804818570151;412.375513843506;426.27678747786865
255;trans.alpha.carotene;195.05112636863737;2.4276388974096905;191.87430100646532;197.26959447793053
255;trans.beta.carotene;245.93397924818572;5.054940696523009;240.6611155720631;251.4365859522635
256;C18.0;5.528947967339951;0.12106480185673157;5.340232016271978;5.6261931869250725
256;C18.1n9;43.56268470773615;0.3634840157826454;43.17383439392396;44.13050781206961
256;C18.2;10.17634394982568;0.0953618389095091;10.05439801731733;10.291190379579666
256;FFA;15.394400284968693;0.23088542301394785;15.205705074235931;15.736565472252451
256;aT;158.52389470424848;9.269688826689666;148.97564143368098;173.66918856405928
256;aT3;208.34328206327945;11.892627904347586;192.29176075387403;220.60175027321972
256;dT3;101.55776035919351;14.816312580399936;85.16047587896777;122.96397565072994
256;gT3;285.6572593330068;13.490714248467354;273.84413604055675;305.61758438236603
256;lycopene;14.780336150269198;1.5989876551162325;12.37057598639213;16.33904473856654
256;ratio.alpha.beta;0.6993598027714905;0.006388770695268535;0.6938857011887145;0.7080346272610185
256;ratio.alpha.natif;0.4085751394475309;0.001623629699010533;0.406462495768733;0.4104288819412101
256;ratio.beta.natif;0.5896445504762757;0.00241485554429874;0.5875553561727026;0.5936580019250802
256;total.T3;551.9469738502166;60.89731992971441;494.37337764256085;651.8914609716078
256;total.beta.carotene;570.8078179217957;0.7900986212396531;569.638752305445;571.4996281594653
256;total.carotene;817.0420846359364;11.816977222300615;796.3079722231747;825.5939244522461
256;total.toco;767.5024085031826;64.11634410176505;668.249798707174;840.0917914857341
256;total.trans.carotenes.natif;667.3906668218285;12.379977915896504;648.1926807916531;679.7470229443197
256;trans.alpha.carotene;279.08329781064947;4.958765625961934;273.3600792898697;286.19504040248256
256;trans.beta.carotene;395.0175564154375;7.215708132040141;382.7091089172529;401.77879558542935
257;C18.0;5.455245393249216;0.09322832734766807;5.342062318782808;5.581599788790088
257;C18.1n9;46.08370967371299;0.23116647385739228;45.81471335270519;46.38803674781283
257;C18.2;9.705325340579323;0.11640733053367655;9.594343027497459;9.852549569901743
257;FFA;18.02543085174858;0.2621615358910582;17.658419589295313;18.308017867597137
257;aT;130.85442844444424;19.431460009587752;113.86452595265398;158.62589586871533
257;aT3;204.65052107676306;9.282551028614654;192.95530513433982;216.08491387203742
257;dT3;98.82426686953093;19.76655038576474;69.50119786183133;118.92515326501214
257;gT3;318.5663127511669;28.617277472689487;299.71979071989296;368.8712524045813
257;lycopene;15.85709631084429;2.170906385678611;13.280963682437134;17.509678192044436
257;ratio.alpha.beta;0.711086540679102;0.002980460666496419;0.7079053281666918;0.7143559933314008
257;ratio.alpha.natif;0.4143058479272715;0.0018080866612014063;0.4122237915791653;0.41642564201885496
257;ratio.beta.natif;0.5824553058569442;0.0006006592880155294;0.5816195052931475;0.5831222285040104
257;total.T3;552.2138250428582;22.144732070336484;521.6171137305129;581.9548896877967
257;total.beta.carotene;592.691784912685;5.492178182651082;583.3325608868294;597.4134065461279
257;total.carotene;881.985888139433;8.487173442234061;868.7284004608257;889.4743575090249
257;total.toco;770.1895088726142;105.89587381154358;664.8077976903354;918.230374862902
257;total.trans.carotenes.natif;734.5180511922317;9.85648061693156;719.4176658905008;745.5866147392247
257;trans.alpha.carotene;296.6811578095411;1.9857568222011444;294.49837241091;299.7271062993278
257;trans.beta.carotene;425.83669428107805;7.367647096659288;413.25872095564904;432.4724152086665
258;C18.0;5.596003189861844;0.2181325484433661;5.276169859279487;5.904830335007924
258;C18.1n9;42.62717837857584;0.7050494349553079;42.112371813326355;43.70509747622103
258;C18.2;9.357220350487852;0.14260202065746141;9.197712584835008;9.58998764091939
258;FFA;17.17106278962081;0.8267512958641124;15.683879174722922;17.71844057791356
258;aT;155.08398390929395;10.031789756928232;139.21585469499874;169.18126981595879
258;aT3;193.85154784752072;12.658537412891462;176.564579562325;212.5459947202974
258;dT3;82.59584858686928;9.535999168453511;72.37762541507749;96.92373287150447
258;gT3;293.6813676738209;19.752279736921782;267.5464830701039;316.8163526849043
258;lycopene;15.178577583411013;1.386545594501273;13.652245864940122;17.708871183107362
258;ratio.alpha.beta;0.7105743857211032;0.012708646702525202;0.6987195760366481;0.7344539426093708
258;ratio.alpha.natif;0.4142793359272671;0.0018264832697705597;0.41215904279665866;0.4162629867416897
258;ratio.beta.natif;0.5846883388163758;0.002347853786055289;0.5826522337629026;0.5878156297201879
258;total.T3;565.5200009552351;47.20338178211966;510.52649153655364;626.0414895771223
258;total.beta.carotene;706.3479342423757;7.647659461520756;698.2208148112577;719.6809745665596
258;total.carotene;1024.769432095887;54.200109327397165;976.408506383119;1105.603717365216
258;total.toco;742.2231318631469;56.69689607771707;646.7277781741902;803.2228103346434
258;total.trans.carotenes.natif;796.794751436335;32.41766462337432;761.6002286858919;846.5323616806339
258;trans.alpha.carotene;314.42703238296673;15.561023760929825;300.9567574558515;336.035947847427
258;trans.beta.carotene;486.3424094103045;21.843479512388157;453.72091142989376;507.9780534262904
259;C18.0;5.715444320185054;0.136280500725146;5.5862364330134096;5.877608351683082
259;C18.1n9;46.49457439955829;0.47644543606481454;45.81919331197676;47.03334302101391
259;C18.2;10.35109791133712;0.12320295475179557;10.194886583883184;10.517642810144075
259;FFA;25.17676992415499;0.327411424866266;24.714863412493628;25.48553844000968
259;aT;167.03069443204035;16.572045998373955;151.67201828795166;190.50673655591024
259;aT3;215.0603059053072;5.061234298530053;209.0082817673055;220.4642481033889
259;dT3;78.57762042264797;8.658687046005095;67.25396005457789;88.50074194005646
259;gT3;290.8172900356172;22.81747636243304;271.9916592593563;329.73685887642154
259;lycopene;15.621639927437078;1.6573045811208573;13.459072543779024;17.846551233891486
259;ratio.alpha.beta;0.7142876318817475;0.006007106456231907;0.7087519433236423;0.7244332823073943
259;ratio.alpha.natif;0.4185956996039416;0.0027562263600491564;0.41397064308115666;0.42108167100683663
259;ratio.beta.natif;0.5811969317020544;0.0026928614772999686;0.5781180984715641;0.5854962904925536
259;total.T3;546.1973285952791;31.917859547413673;512.3721291731771;577.999749864158
259;total.beta.carotene;723.5066638217161;4.09501285230569;719.642761270354;729.9376052995616
259;total.carotene;1091.4107703437833;17.926171372647577;1061.197705551503;1107.2306432937605
259;total.toco;805.1922821694807;88.62365066351924;707.8485801956782;940.0734583915183
259;total.trans.carotenes.natif;841.4359560325751;11.881856567675644;821.3091850058782;850.2138116610683
259;trans.alpha.carotene;341.3831278459169;1.7444499416816663;339.561341441173;343.4332847126601
259;trans.beta.carotene;497.89097921067224;5.009332608409263;492.7233566675987;504.4859360068437
260;C18.0;5.741981870759396;0.0710368332100654;5.669051159828019;5.840631572892379
260;C18.1n9;43.003013286272235;0.15170711033841494;42.84641911389801;43.1871477498505
260;C18.2;10.13520041475311;0.08668166232031962;9.990136100917203;10.197308970565087
260;FFA;19.011903234175474;0.2538855574179915;18.70866506838116;19.37030605795248
260;aT;172.4161499739894;20.34700789430997;150.58838478699704;202.44469380579474
260;aT3;213.39672884477878;23.792801187466903;193.35534692566324;253.51637307714424
260;dT3;82.51656152545623;11.142781584077115;69.1968134484123;92.45772097141564
260;gT3;291.3281189207434;46.653888323414634;246.41046584053427;370.2372407050385
260;lycopene;18.87889792747408;1.5223343313674016;16.3354747055708;20.445037837560992
260;ratio.alpha.beta;0.6991988087266607;0.004242815224018492;0.6935723227939303;0.7047188373430225
260;ratio.alpha.natif;0.4112301844973077;0.002579513038652951;0.40705665572663746;0.4138359474809136
260;ratio.beta.natif;0.585070734429029;0.003090566152835269;0.582625548836079;0.5902222588368309
260;total.T3;600.9634863557394;43.09420398952688;528.1411952023468;635.6139668306198
260;total.beta.carotene;877.4727256240058;6.5296715631233635;872.5397771079965;885.547089586562
260;total.carotene;1283.8632730060651;27.421486683616703;1255.2804651876404;1327.2151930494529
260;total.toco;888.5114948233668;101.10531454139578;758.592499261641;1001.0019043985142
260;total.trans.carotenes.natif;1050.1386120013049;29.72142117972968;1016.8152023672624;1087.7295286597957
260;trans.alpha.carotene;391.5279071597556;5.989650816210297;384.0254402168955;397.45259613251403
260;trans.beta.carotene;589.0146898618696;18.967891577546066;573.0479945296046;616.6883759136292
261;C18.0;5.734059130424372;0.11868106604106765;5.586534252521229;5.85965675717888
261;C18.1n9;43.96741544114044;0.9590977928593497;43.082012255351074;45.32764525516151
261;C18.2;9.20664340856261;0.06725338293813155;9.122374686728989;9.283569802375926
261;FFA;24.09109595568532;0.49303479297344716;23.72316997826381;24.777368659409568
261;aT;105.49405232754201;9.886644625975402;98.01202261934975;119.29789137340707
261;aT3;201.49754532771678;15.0915911640204;184.75249515234424;221.27778590067683
261;dT3;96.5201957251033;6.0507247095022345;89.93273529545102;104.19435618622572
261;gT3;272.5961831014989;19.317276877691402;245.12306534057666;290.4058761597099
261;lycopene;15.356074956830092;2.5915872097510393;13.207001152172289;18.518197267936966
261;ratio.alpha.beta;0.7123109568317179;0.011426089647125085;0.7006788563159989;0.7263860301629849
261;ratio.alpha.natif;0.4109674008702067;0.00555608991678434;0.4059519100641196;0.41795600771155533
261;ratio.beta.natif;0.5889481376348399;0.006237250383362292;0.57980456229172;0.5934177831577251
261;total.T3;534.621013289827;9.81706919459906;526.8130242844679;548.2994212862069
261;total.beta.carotene;375.04127023451986;5.9012123060876265;371.6808552460598;383.8792415116742
261;total.carotene;606.796544016956;8.796505283561121;594.1546651084598;614.418267699576
261;total.toco;720.6199763193495;11.89031867634904;703.8795556721344;731.6375876583338
261;total.trans.carotenes.natif;486.2013602051889;17.038708107441153;461.4237781061184;500.2721438231878
261;trans.alpha.carotene;212.46378707490192;4.484750367724627;207.44908655793893;217.74945604385616
261;trans.beta.carotene;287.4464270625409;14.506637491704616;272.39225691447575;301.33122841914553
262;C18.0;5.524938992978201;0.055260614382095785;5.442753182027231;5.577301888550994
262;C18.1n9;47.70303363507237;0.16202002661573361;47.457606726640044;47.90089408748804
262;C18.2;10.09984489234976;0.09883111689551417;9.940715143021961;10.181158386540966
262;FFA;12.171573284561012;0.10524777706603863;12.043667430995232;12.300144004563792
262;aT;137.0358908826316;19.19159765349111;107.22855059234928;160.5393205844806
262;aT3;197.40232744889144;2.411753648989012;194.84207133901944;200.32965446045893
262;dT3;101.65042691611839;12.366264571901308;83.91555840573236;117.7322086074116
262;gT3;343.6021797513098;17.14419672865586;324.12073826409636;368.66608640153464
262;lycopene;15.304718342363296;3.1157139547554284;10.094377023093273;18.515023410081426
262;ratio.alpha.beta;0.7063993204222464;0.0062256010196316105;0.6997411338344289;0.7144064765225182
262;ratio.alpha.natif;0.41360352955698587;0.0029706529262527215;0.4087394691730106;0.41620696752119785
262;ratio.beta.natif;0.58404191857473;0.003925843467926186;0.579028204701383;0.5896318209522065
262;total.T3;573.5950733577763;23.922404241904232;534.9348958463703;591.7715516263515
262;total.beta.carotene;556.1184939127214;2.2992702502423095;553.7141601582637;559.1555632184668
262;total.carotene;838.4281387369234;3.1764122447939203;835.1150096380464;843.636208194348
262;total.toco;795.9773074024959;100.28266971239572;670.5949408945031;912.6193202855741
262;total.trans.carotenes.natif;708.0156697606074;3.736388574343844;704.3766480228762;713.3370601618984
262;trans.alpha.carotene;259.13797527075474;2.594712167334497;256.0624773208691;262.65738182432455
262;trans.beta.carotene;416.6827051986411;3.7835981045606673;410.92924453170406;421.2265227689811
263;C18.0;5.644895571381485;0.08149695491383163;5.5487475043292855;5.763770988377954
263;C18.1n9;45.36890266392856;0.43841684806007925;44.68442071199733;45.831823219556874
263;C18.2;11.102212382681618;0.07757557121799198;10.967988300030928;11.158849225285875
263;FFA;24.287546096821313;0.5092584209951578;23.94365545568586;25.17238819790069
263;aT;158.6964729197139;9.671627775252446;146.40414010556046;170.4535597801328
263;aT3;215.49227476366053;10.492506399977318;200.9920285854298;229.3411790890054
263;dT3;100.39434015613313;25.813273445356074;66.40461987113416;136.90033760007427
263;gT3;322.31665031359057;19.657464468274828;301.096152607838;341.45711424597584
263;lycopene;16.33100426271252;1.9427184135557962;13.693193286748501;18.68171330289439
263;ratio.alpha.beta;0.6978254584490866;0.006142258035962926;0.6909065593762712;0.7061600188450664
263;ratio.alpha.natif;0.40873388617354606;0.002454116026006018;0.40575241899317305;0.41247868648218516
263;ratio.beta.natif;0.5898370507491804;0.002956486850284703;0.5847792727870459;0.5919257807863484
263;total.T3;568.030380511706;37.70258659272453;536.2786141143257;629.2681644658153
263;total.beta.carotene;679.3672713987431;4.881882750963776;672.138698475204;684.3423450463914
263;total.carotene;1077.48112831775;23.498759181207127;1050.7585956633663;1110.6498171248331
263;total.toco;785.8578580636315;74.56365246999995;711.9007514462533;876.489596915977
263;total.trans.carotenes.natif;827.8799069167362;15.875144475977105;813.7022663542431;852.3375996555852
263;trans.alpha.carotene;360.7981139136951;7.710096582647492;354.5421396740751;373.2462722211333
263;trans.beta.carotene;515.2402231401898;8.102564040105374;504.28975519959914;526.5617998157243
264;C18.0;5.738109273259438;0.09336184069913038;5.57554693780956;5.810884574427609
264;C18.1n9;47.18761594052897;0.29033994873968594;46.77575239451597;47.46543388978865
264;C18.2;9.586958226932687;0.03501538912272981;9.535527056146758;9.629080340876955
264;FFA;13.769996514308923;0.1604822214012958;13.639366122521464;14.04548325288276
264;aT;133.0254450485565;15.243964357469117;114.81120817178305;153.9715015284241
264;aT3;240.90248396178077;9.144154095429714;229.70545228626003;249.76826362616296
264;dT3;89.47530867576197;9.809140011725281;75.47027905755994;98.09916962498818
264;gT3;302.1218162429675;5.772012618179413;294.82180591126223;308.46484040791256
264;lycopene;14.470956389802108;1.8769783918968974;11.922539616384988;17.149383786178955
264;ratio.alpha.beta;0.7002421942159225;0.00533922794234186;0.6919374437221697;0.7058392334928694
264;ratio.alpha.natif;0.4100982051540362;0.0011237491564119564;0.40884667982961903;0.41167476446705
264;ratio.beta.natif;0.5882369255835374;0.0018702897507128855;0.5864636366628071;0.5912746183785904
264;total.T3;571.6393192292645;70.04989537000772;522.8448159329391;690.5013307494661
264;total.beta.carotene;604.7547922300707;10.01338610176242;591.8434829813908;615.4306414538572
264;total.carotene;834.9248158059385;5.619111720427031;825.4213818277742;840.075300402271
264;total.toco;899.4071867187891;81.26830722772993;789.175974133844;972.6093318345976
264;total.trans.carotenes.natif;687.1509777783982;6.57871673709475;677.7385992792957;695.3922700713438
264;trans.alpha.carotene;292.40071446285265;2.36694687213071;289.7769966081753;294.3222675283309
264;trans.beta.carotene;398.5838619143619;3.754043798568182;394.56967541178466;402.33217896548285
265;C18.0;5.2586297842763;0.04913309372142034;5.193818827969812;5.331704015564761
265;C18.1n9;44.24029726916231;0.10378807026009461;44.09938280278295;44.34132992095962
265;C18.2;9.935208748778853;0.06257409358477564;9.879967245081636;10.020152922570224
265;FFA;14.492192036564385;0.1800104478456319;14.207002941562171;14.69683167935872
265;aT;133.551566599967;14.585461333602787;125.36674054881755;159.52596180539024
265;aT3;216.33504688601428;9.740410280197612;202.82039735840803;228.74041333071568
265;dT3;90.45067922597909;11.6102106451746;79.33951028583412;108.15668071911934
265;gT3;293.900473837387;36.74523987965996;245.11982657139646;346.97253702513785
265;lycopene;15.835972610354023;3.1174873632241313;11.348924362762792;18.718831523775137
265;ratio.alpha.beta;0.6948972316347841;0.009870798801412695;0.6782767356053244;0.7046653955232967
265;ratio.alpha.natif;0.41038145158798933;0.002223345703452315;0.40730154065075624;0.41279661598942197
265;ratio.beta.natif;0.5848920049891861;0.002834812109325071;0.5828133427345674;0.5898262722726286
265;total.T3;592.589472501382;33.955955487595105;556.5861503288544;629.5705119962695
265;total.beta.carotene;560.8821967224432;3.509014659123534;555.9513160537579;564.0061272152944
265;total.carotene;844.2482010376294;2.1957955546573293;841.8743477556964;847.1006991732638
265;total.toco;804.322592742702;53.8251507629531;726.0187356766069;866.5686932554138
265;total.trans.carotenes.natif;706.3796778470249;11.477634014260092;688.3565959751453;718.7903704703073
265;trans.alpha.carotene;286.1340268052404;4.025843272813546;283.0453464259632;290.8443401088753
265;trans.beta.carotene;412.6266437286464;2.539926204104615;410.052255166313;416.33050127600154
266;C18.0;5.46289206171708;0.08752458145983312;5.362627926423202;5.57500647798377
266;C18.1n9;43.402442464321155;0.06276192218217434;43.34626622922874;43.489031469605564
266;C18.2;10.139607081732397;0.0558766150157624;10.0771106192328;10.210729666857162
266;FFA;22.794316602669383;0.4359569728992614;22.088897993623345;23.29249592991363
266;aT;179.57152122300627;9.404020107132252;163.7456905866189;186.5328297490175
266;aT3;218.57835307510996;8.098602062547918;204.81299001836996;224.6437667518523
266;dT3;87.72212369632135;10.480987347543822;74.37486788613384;98.98137569354677
266;gT3;319.35172040913426;55.86793722840872;266.39984723346174;389.0583016142443
266;lycopene;19.304080819291897;2.9527934966723106;15.297594865056277;23.48301025918054
266;ratio.alpha.beta;0.7140479205305674;0.008396173338783692;0.7043453990438543;0.7263021677853407
266;ratio.alpha.natif;0.41748484700005833;0.003970482571930403;0.4132082077611573;0.42118386738358604
266;ratio.beta.natif;0.5862892346006756;0.0028672244648926;0.582264557516739;0.5891817722553572
266;total.T3;539.841162739561;14.718063589504816;522.9937530768731;558.0307706502864
266;total.beta.carotene;707.6869274444986;58.6008024778464;603.652398312558;739.2161766916529
266;total.carotene;1099.1370416253162;54.00360675203186;1014.9595568984246;1151.7026729236022
266;total.toco;804.9560498277084;46.62922748394969;740.8033603173634;858.5149031306797
266;total.trans.carotenes.natif;879.3008662710639;58.37867837357987;782.0654218387738;928.5029189501045
266;trans.alpha.carotene;388.7473956689235;4.394340104827058;383.6615001679287;393.3469708444645
266;trans.beta.carotene;504.27595419444367;44.70343738720565;430.86639951739716;543.4121510965484
267;C18.0;5.91838196571384;0.07746710268615135;5.795007010989065;5.995706154430338
267;C18.1n9;47.59089115794861;0.11847773313994026;47.45951866844337;47.76458729332119
267;C18.2;10.482655892123237;0.2230453513380874;10.213310572309547;10.752383825669767
267;FFA;12.864987199145826;0.19121941929654793;12.601648224590724;13.12287920805273
267;aT;174.2348780600786;10.658966645907219;163.39964218990798;190.30284583811988
267;aT3;232.98691215525415;11.081421341393359;217.69003455479952;246.07575733873148
267;dT3;98.97265022720794;16.698793282780525;76.58208595338633;122.4938221513404
267;gT3;321.05950915762566;21.364178209470307;288.8414485210449;342.28131936448375
267;lycopene;17.34031461807023;1.083568311531102;16.36836505370879;19.132384087300142
267;ratio.alpha.beta;0.6950896598185041;0.007197820588705398;0.68661349551825;0.7007957519243909
267;ratio.alpha.natif;0.4064448825320536;0.0021920790592291715;0.40407949852069375;0.40911004100504633
267;ratio.beta.natif;0.5918485576746622;0.004170621832801289;0.5864437523913714;0.595688558286753
267;total.T3;560.9439386739169;36.70714109638082;515.4785562869455;599.4778910742992
267;total.beta.carotene;694.6647128547266;3.8849128815264606;689.2895164196467;700.1857810658809
267;total.carotene;878.380858722822;8.440428619773803;869.4660460590937;890.8220770950367
267;total.toco;901.1273647484566;49.68607552978245;841.1380748094631;970.3033101057514
267;total.trans.carotenes.natif;734.252174533886;10.723768408446782;719.5020225287067;748.0682759431854
267;trans.alpha.carotene;291.26022936233795;2.355804633366513;288.8713050648073;295.19139038920594
267;trans.beta.carotene;416.29970755605063;7.965800478747259;407.39323490368645;425.6320830352546
268;C18.0;5.4611175066791136;0.07157136378920165;5.365733449527508;5.529988667179984
268;C18.1n9;44.417559623070744;0.1971489545178042;44.272249283994455;44.71841207742894
268;C18.2;9.280139004075934;0.05850373551568917;9.211053197845223;9.363345014924892
268;FFA;25.848426265972996;0.1217582446164708;25.71389981623793;26.014852816584135
268;aT;103.9897717664355;17.375866724515998;90.76140316089356;134.1357433814776
268;aT3;188.66190418391062;7.208365926644539;179.3892397775807;198.9530313613344
268;dT3;94.67591669310141;4.16539859135406;88.87897225443534;99.18147106271482
268;gT3;311.49480540331996;52.173642411501035;263.91174721549646;386.5848937510347
268;lycopene;15.282644955053797;3.3910394381435536;11.97313203069558;19.840585998933868
268;ratio.alpha.beta;0.7138412490276519;0.006520027525687706;0.7067638733766672;0.722127411412814
268;ratio.alpha.natif;0.41384174578118726;0.002278132276504995;0.41152743109099865;0.41663959372000353
268;ratio.beta.natif;0.5861542084756266;0.004751594729082217;0.5793890958809593;0.590678606034201
268;total.T3;540.7443631723394;56.789033822403276;451.7728996981192;594.7369554967254
268;total.beta.carotene;360.0564744515238;15.800150459566822;341.425127112396;379.3858084073288
268;total.carotene;584.06937609781;12.284013556955378;567.3210593252622;599.2614924579949
268;total.toco;708.5429657172251;46.717130056400954;676.0781002949057;790.4102082979864
268;total.trans.carotenes.natif;467.561262836358;16.592691740695894;444.6323355873324;489.74175622348395
268;trans.alpha.carotene;199.84920087804053;6.858066371955716;194.60841548650336;209.05227013656807
268;trans.beta.carotene;272.99072542010225;7.851651814702292;263.90501194315374;282.2759434890979
269;C18.0;5.551730825970737;0.061321429274580126;5.476525137383032;5.646245395359798
269;C18.1n9;47.53103551972649;0.1387156896576332;47.34302273056753;47.7066131442698
269;C18.2;10.37493525319878;0.1914772829707111;10.194295298531888;10.691889579514909
269;FFA;22.62461282995121;0.3786938517273353;22.419635837545023;23.300430820551618
269;aT;132.38325624228472;17.633163159408635;111.04622005512256;151.12518968114315
269;aT3;195.73821172649963;13.686570840575481;177.46455580968225;206.12313085245333
269;dT3;106.2231742523882;7.0023300117252845;95.9211778663071;115.15087621685208
269;gT3;281.7680993469161;33.795973019073294;241.71648815664372;316.4895946590776
269;lycopene;16.54265269058923;2.342082098488837;14.072528200062713;19.646396991074532
269;ratio.alpha.beta;0.7118909572178012;0.00832473491478183;0.703297471004414;0.7254248631423704
269;ratio.alpha.natif;0.41768764931121594;0.002382295754008218;0.41415465206604374;0.4205119594665006
269;ratio.beta.natif;0.5807415470014483;0.0018124850254255663;0.5790784629104729;0.5829915003127507
269;total.T3;510.9958544873363;32.8908222351051;475.4355407863272;558.2776327749858
269;total.beta.carotene;399.02305030470956;4.075142859095136;394.70575905664447;405.10744899489225
269;total.carotene;697.703108904656;9.725319910815012;688.5364257781042;712.2583823792629
269;total.toco;762.5107514666227;108.26106708967956;645.2081892849512;884.9326217419487
269;total.trans.carotenes.natif;589.2726809798257;9.031179893223134;581.0428392602211;604.6906245204927
269;trans.alpha.carotene;222.69584835088546;1.3874876246008017;220.28527678947313;223.82269754050543
269;trans.beta.carotene;366.56173266521216;6.628828353782408;360.12294150564145;375.91626514303664
270;C18.0;5.894816738638033;0.1354781435731092;5.7251538219170355;6.088350366362317
270;C18.1n9;44.86180296410862;0.2853967489429509;44.5889815253819;45.24183690527529
270;C18.2;10.171074362112282;0.10849314909759757;10.076500776388587;10.347942556415664
270;FFA;19.60449808883382;0.2940880329778139;19.276820800171706;20.019992866436336
270;aT;190.09827004864735;4.4443308346830666;186.39015758870136;197.71085527673037
270;aT3;225.28912337324272;7.044850175263323;218.55476358942403;236.3239117254906
270;dT3;74.08124975580736;3.1886439541038283;70.18176777054758;79.01442642575111
270;gT3;318.30532085617557;23.01729762359732;286.5025443743232;339.18353632223227
270;lycopene;15.827120840307737;2.4921911224743867;13.251517768619891;19.20919095476546
270;ratio.alpha.beta;0.7060154172446065;0.00928566292034332;0.6961493449779084;0.7194877472058409
270;ratio.alpha.natif;0.41349181861194156;0.003839992242281254;0.40685655477861665;0.4166761509429083
270;ratio.beta.natif;0.5844484180729739;0.005174580159068132;0.5792510443938396;0.5926303529518527
270;total.T3;585.4887544465151;15.313620721652153;566.73852199369;607.8620034283413
270;total.beta.carotene;981.7162827546033;9.74226898283025;966.4620843285433;990.5599950143329
270;total.carotene;1367.6584454681852;11.901397759292747;1359.0357501387773;1385.1476959781983
270;total.toco;815.1786710683725;41.28680418043099;752.1610790665042;861.3510335781764
270;total.trans.carotenes.natif;1098.3904422218031;6.450620163209526;1089.6257113475147;1106.0322090794623
270;trans.alpha.carotene;401.9207939133702;4.381356125985762;395.02711266097015;407.2405753383393
270;trans.beta.carotene;621.0092101104735;9.085851729861089;608.1336563254233;633.7917905675755
271;C18.0;5.867247246274965;0.044145012913560724;5.813915405087886;5.912110896013385
271;C18.1n9;46.14646813308305;0.2577740188401512;45.92663631004184;46.51911169059754
271;C18.2;11.123823322212392;0.03283483089639432;11.080109408277876;11.149630918128992
271;FFA;8.790914103974625;0.4564817889669585;8.396377111694187;9.436890039129288
271;aT;182.48417266763943;6.506789131339097;174.47396047501903;188.64994870189003
271;aT3;225.12579686915925;10.6137396196452;212.51405156358263;238.42853569783043
271;dT3;106.87193534149935;6.998538097531487;96.86972357925976;112.99429410599966
271;gT3;307.22456773700776;16.67421802095847;290.7402860677676;322.14578252811737
271;lycopene;14.618546701560852;1.5317954590265468;12.944052328622837;16.541875653854852
271;ratio.alpha.beta;0.7106887113100107;0.009234184279844146;0.6974278810666784;0.7184181066956861
271;ratio.alpha.natif;0.4022044755540981;0.006301994739073258;0.3947844530271087;0.40973391044158175
271;ratio.beta.natif;0.5976497376839691;0.006549244813770371;0.5884296072224672;0.6032579408212904
271;total.T3;664.242026388601;28.91044874202694;633.3633870098488;690.4045933248345
271;total.beta.carotene;691.1933393002696;2.7530242571702312;688.8958335362356;694.9750524422948
271;total.carotene;874.3425965494423;16.743702963127674;855.8338956232444;896.5008517301552
271;total.toco;846.9635191366378;38.995935610745086;820.5648093375779;904.9510483118597
271;total.trans.carotenes.natif;726.983522605675;11.753841682492187;713.8186209140002;742.1993730048525
271;trans.alpha.carotene;277.7275714167381;4.634480310272062;272.7797320695864;282.7783776643411
271;trans.beta.carotene;437.92025121681985;8.718299594200575;427.9321579743079;449.09672962164586
272;C18.0;5.873464459866629;0.1028978996089911;5.7808325810044945;5.9742784099816415
272;C18.1n9;45.18704224468657;1.0465720579259379;43.78103876382106;46.18604553399628
272;C18.2;9.393065665070722;0.2870226816086338;9.137708224775135;9.715761299715343
272;FFA;12.709208229599701;0.5532757671190693;12.118527981532814;13.422758329985243
272;aT;169.1642237398015;13.3338396733259;155.20764075327637;187.07433609830952
272;aT3;210.1623345448303;9.269914435141501;196.3796668089517;215.95923143854031
272;dT3;96.55619768018732;5.37401089731294;88.79514437474322;100.97900700923132
272;gT3;317.74243858914167;5.789815993045856;310.539628859443;322.9965267745409
272;lycopene;8.12638704445061;0.8190820560870498;6.96593855796814;8.704018698994421
272;ratio.alpha.beta;0.7063769413719428;0.005223137646205269;0.7003661809160749;0.7112561976380464
272;ratio.alpha.natif;0.4047778884426999;0.0010081130643537302;0.4035870661730248;0.40604697960928243
272;ratio.beta.natif;0.5969621710288995;0.002108786833352421;0.5947784537835862;0.5990842533113221
272;total.T3;693.9262142383741;42.9259788477123;653.5028014133492;753.5131675220003
272;total.beta.carotene;587.1889285868854;17.164486447882645;569.9450439301872;609.5755481908351
272;total.carotene;790.0147066422537;54.94575487915337;735.0510686571644;860.337358305458
272;total.toco;806.169386294692;63.1735545641798;729.1626357482294;867.5816299000003
272;total.trans.carotenes.natif;657.7667603669499;31.218548734897034;618.0785567372255;686.4278482785427
272;trans.alpha.carotene;286.5056620191849;7.772988672914791;275.8839513908356;294.1105167137037
272;trans.beta.carotene;388.92548263848516;20.998705660961758;364.59603570297696;411.9159433364113
273;C18.0;5.511990644414905;0.14915200140782764;5.356652361497684;5.699753493346779
273;C18.1n9;43.478965979614074;0.19573866676688828;43.15948792411084;43.613698688542655
273;C18.2;9.95443048955155;0.027250104987421406;9.930707745822504;9.992072240318166
273;FFA;10.677749983044162;0.18628272935050996;10.450816575287678;10.921941376704194
273;aT;194.33787517993406;11.113150546896092;181.36134275962306;203.50996553350882
273;aT3;238.83053856021652;8.098090988795242;230.69405504304044;252.33553138365576
273;dT3;78.34620644516953;5.514681061899708;73.14836169894704;87.64951637217818
273;gT3;314.10385864129455;24.864913862635387;270.29135451573393;331.89593673660096
273;lycopene;14.124064883495052;2.076822727781752;12.048109686882725;17.581351272268606
273;ratio.alpha.beta;0.7406018783526578;0.005570395763006183;0.7362008492219526;0.7480088263647506
273;ratio.alpha.natif;0.4186311299311443;0.0028929532198829766;0.416389387787848;0.4235188331598771
273;ratio.beta.natif;0.5844225467126921;0.00332186512317055;0.5788336541221722;0.5877160286618849
273;total.T3;664.8677269457343;25.351312562467587;621.1877550957109;684.4378553762868
273;total.beta.carotene;823.3043178296739;8.537206351352756;813.7266885250169;833.6291403475102
273;total.carotene;1231.1053054192005;13.303118121958029;1216.0762209074865;1249.7811360203743
273;total.toco;855.3854376204579;63.05755154357737;800.9086120455004;960.3411324022106
273;total.trans.carotenes.natif;982.8402963285583;3.1484560022658803;978.4691584823139;986.0465652305784
273;trans.alpha.carotene;406.9260224008126;3.4586569180733813;401.4489291525218;410.28291094002174
273;trans.beta.carotene;574.409174900747;6.55004569940391;564.198028398826;580.9273748300152
274;C18.0;5.573960372860556;0.06784673366418147;5.477026475899098;5.642994876885105
274;C18.1n9;45.67497337915778;0.3133584221763301;45.34276879740673;46.1389334198627
274;C18.2;10.455241789539993;0.08356856343268804;10.338213420798867;10.530962448167754
274;FFA;12.39127521137685;0.3553988727171481;12.023533095916969;12.81702378638341
274;aT;165.47402912295556;16.498296462038336;153.9890988811807;194.18252588644503
274;aT3;212.63012999603802;19.51522553521207;184.25543142985285;235.07392937747093
274;dT3;89.27834339385757;6.470088172844655;82.05933205481871;95.74192271018742
274;gT3;282.9500620955213;12.381627345687395;268.82031317933456;298.27407460604945
274;lycopene;12.455942401905105;0.9898168656356007;11.490407275261857;13.968108608536365
274;ratio.alpha.beta;0.7182543626556976;0.010696215174317542;0.705327772108825;0.7291323803579847
274;ratio.alpha.natif;0.401695454084105;0.005169830492904181;0.3955463743451281;0.409141642350102
274;ratio.beta.natif;0.5979763938204524;0.0037443539491668573;0.5931657674175183;0.6025341075139548
274;total.T3;617.1155598394203;29.40761446325505;572.1298473003328;647.764874025608
274;total.beta.carotene;674.9912523239145;8.033404476146695;661.0062312304908;680.2066704082946
274;total.carotene;1022.9342899189216;16.574647312595364;1004.1280421797524;1048.9786856615574
274;total.toco;696.7691020781482;114.17716012312677;625.1638015079448;897.3346180116246
274;total.trans.carotenes.natif;812.4798030485456;18.240382838722024;791.650813429606;838.9625141493015
274;trans.alpha.carotene;320.915198082022;11.87672604188022;311.937018601052;338.69627274081444
274;trans.beta.carotene;520.7260250753875;13.634494323325955;501.65911965627515;536.1696044240172
275;C18.0;6.035814553661934;0.08830964686182859;5.934553670128233;6.149623202073591
275;C18.1n9;45.598254206194454;0.30924217597663717;45.15456634642811;45.942984187405955
275;C18.2;10.527169208415286;0.3571878266860421;10.27000226485967;11.155704947097242
275;FFA;7.52625256002307;0.19465394791590732;7.250407051511338;7.771392248170697
275;aT;191.73370829296735;12.40681183825116;181.34409314973647;209.2061547713123
275;aT3;230.7250032405065;8.94908955213848;217.58087656067417;240.48446058103872
275;dT3;85.21302338907678;9.513004993373084;73.55401816161029;99.95741255858155
275;gT3;320.11857972874213;15.45967199952547;300.3919638167396;339.4545168416803
275;lycopene;15.114681761726013;0.5699240062391576;14.389483614289968;15.815443171237519
275;ratio.alpha.beta;0.7009613038980895;0.010159163826345758;0.6868552072356929;0.7109535877977403
275;ratio.alpha.natif;0.40351011284708627;0.002057962584316809;0.4011234652426679;0.40541139549318544
275;ratio.beta.natif;0.5937762174486962;0.0029643299530771132;0.5913767495430498;0.5976205873706737
275;total.T3;661.6493662767259;26.59082359486905;626.2480721987699;691.8236781832605
275;total.beta.carotene;949.4809397312241;12.656370379087615;929.6576021029501;963.9783582749769
275;total.carotene;1293.0969976922443;25.109563391942647;1264.0715471862904;1330.503169356342
275;total.toco;843.493513235858;83.21430726137433;742.9625030184853;935.4332365745053
275;total.trans.carotenes.natif;1033.8837358918308;21.74060642984982;1004.7518319424386;1062.2648265003318
275;trans.alpha.carotene;420.60567218518446;3.3895501205692518;416.1903511597226;424.76185315737484
275;trans.beta.carotene;616.5206823092597;22.77737805972852;595.3100531490343;655.4372145025864
276;C18.0;5.789188264582542;0.04699912970070472;5.716949621626002;5.845306130511644
276;C18.1n9;45.500761006432285;0.2487518483354343;45.223108415547166;45.79603585422397
276;C18.2;10.122433618213881;0.04257432272815088;10.060154066072057;10.17049157791417
276;FFA;12.223679177613393;0.27540844906506073;11.749532708711408;12.464705502380376
276;aT;166.7809315272851;17.69429221113032;145.98155644100552;191.65334891600173
276;aT3;188.83025594934819;10.933969549735748;173.15206031460488;199.74668707989727
276;dT3;81.08012244101394;5.38202239371939;72.68775605824646;86.80722146067275
276;gT3;331.62152733226594;5.2902033003581534;323.4197543301439;337.7792542077541
276;lycopene;12.100865249404588;0.8597265570821008;11.29424086343283;13.528388497355815
276;ratio.alpha.beta;0.7021951101189771;0.010057842670035028;0.6871388829491749;0.7119805045997897
276;ratio.alpha.natif;0.4025592420570453;0.0032028601082451625;0.3985601755812286;0.40616359297703447
276;ratio.beta.natif;0.5945215642024873;0.00417181107500751;0.5899817229270069;0.6002211564231313
276;total.T3;686.0595813268717;28.51650925656101;642.2930301516167;712.5358727566954
276;total.beta.carotene;798.3619344611641;35.259161174181585;751.2682770546213;840.3608574321065
276;total.carotene;1154.1564783024173;21.55835149644879;1130.566251405432;1185.7786491964741
276;total.toco;724.5228027661659;88.58473351745441;633.4574704647987;840.9176856204458
276;total.trans.carotenes.natif;899.670634414629;17.70045167373589;872.8827900677176;915.6545183239266
276;trans.alpha.carotene;391.27456365476974;4.530492066731507;386.9972352486942;397.9786128159989
276;trans.beta.carotene;519.8371234245458;8.442711328138323;512.974320849692;534.0313762582131
277;C18.0;5.546825707316683;0.09031492297867467;5.410401207732915;5.660195035391846
277;C18.1n9;44.564749830773664;0.15105797499878987;44.315864433996104;44.69472711129742
277;C18.2;10.09888645775533;0.16750436808309743;9.879637370744913;10.323823503718769
277;FFA;7.909626255347294;0.3252102510040013;7.461688199990204;8.278326842163944
277;aT;188.19439232869482;8.603214432313123;177.90557591975673;201.0336585243865
277;aT3;228.828094966337;3.8948979844842406;223.18268483234277;233.3390432888269
277;dT3;82.1472138598908;6.805602514266686;75.86784991805231;92.64593026044591
277;gT3;294.45438323134005;23.889592363260334;265.4934971207876;330.9999126665391
277;lycopene;14.205188568017396;1.2686566748022554;12.443248451275275;15.844186875508973
277;ratio.alpha.beta;0.6957940926575683;0.004703765884341456;0.6894337342442792;0.7016423702161712
277;ratio.alpha.natif;0.40691530660456865;0.0032928916140813626;0.4034780584893183;0.41171842518873186
277;ratio.beta.natif;0.5907355485769564;0.005035616061860519;0.5834846531328307;0.5956265719184692
277;total.T3;663.5962327447353;26.736127991730484;634.7984283910087;702.7829103915323
277;total.beta.carotene;871.4791508159835;35.253012668460364;820.4128463179777;901.6680775337504
277;total.carotene;1198.145504046503;62.63962548395827;1134.9386877610239;1265.6680423274267
277;total.toco;830.0471316452528;66.40634062666251;776.6777681575556;944.475708328941
277;total.trans.carotenes.natif;967.9707085940015;55.37399930569042;915.1272047062839;1028.0039501177832
277;trans.alpha.carotene;399.93237566491024;6.987427307301529;393.4621651733939;409.773210501771
277;trans.beta.carotene;552.4222943886673;29.756000165272088;522.9451233914677;587.9262953834802
278;C18.0;5.512397990083523;0.06726505180609689;5.467030915541347;5.611336326347035
278;C18.1n9;45.57717525928574;0.3059954335746332;45.13673620854478;45.81400240462443
278;C18.2;10.410086944485592;0.11766734492585544;10.317770293697087;10.582665845399362
278;FFA;17.52887259198628;0.4454271822208621;16.885523370562154;17.90644155731326
278;aT;174.72875012149555;12.261000159512712;157.66279967784752;183.91958924200873
278;aT3;180.29315131924633;4.377567363143039;175.0038365594864;185.52957195328045
278;dT3;86.46659344790676;14.697947017089716;70.51075341381986;100.55921755384152
278;gT3;270.2090443920923;9.874832729056068;257.5730167312119;280.9533373060706
278;lycopene;15.388347551056757;2.5846628239406684;12.723012922559516;18.77711346200779
278;ratio.alpha.beta;0.6994643928730627;0.006468868003925437;0.6913149244001922;0.7071270603691826
278;ratio.alpha.natif;0.40878577299507457;0.004226428099733094;0.40605891482562045;0.4150401641126249
278;ratio.beta.natif;0.5907598562508557;0.004268861001939407;0.5859266058151769;0.5960529397710156
278;total.T3;646.0301761358961;58.05762355272426;600.8656122327691;728.9473901632354
278;total.beta.carotene;733.8643843910075;33.02682168402163;711.2696783739095;782.7920941158233
278;total.carotene;1153.4641669158461;30.47778603538729;1113.7466344467862;1180.764505494935
278;total.toco;704.3326692306737;74.59395226288028;611.9835413175941;780.1817642204916
278;total.trans.carotenes.natif;908.4044924894922;30.510361519596884;863.765880938898;930.8076642872308
278;trans.alpha.carotene;434.00040989973326;6.250349392780498;428.90211024210583;443.02135558097035
278;trans.beta.carotene;526.1655171469322;18.604518333952118;501.93233577561693;546.4826589425589
279;C18.0;5.262112254319705;0.0946780729514878;5.183993511122192;5.425796950570353
279;C18.1n9;44.77070726526381;0.45902476727093405;44.21865854675076;45.4802250234062
279;C18.2;10.283429661913193;0.14047032440787405;10.120724625270853;10.441422565637641
279;FFA;21.34901311462935;0.27187043392734866;20.94144689288467;21.706566462652727
279;aT;171.86686117476535;23.374227935023004;142.5237315869402;196.5733633592118
279;aT3;258.5505227945145;19.751156361294274;240.75889470145435;280.3178401590463
279;dT3;80.94195256649394;9.12809516448135;68.20794315673615;91.47696185497074
279;gT3;280.4818663032797;49.26500301168188;239.4961502109017;362.93243334006246
279;lycopene;14.871607061139269;2.0116201467769894;12.470140958112538;17.505953816996154
279;ratio.alpha.beta;0.7002836181393548;0.008852376896248558;0.6888409781271632;0.7117212695589715
279;ratio.alpha.natif;0.4008087945531429;0.004315781907713548;0.3958410008105539;0.4063155910606583
279;ratio.beta.natif;0.5972378378726869;0.0037322420486389928;0.5939999959951551;0.6023641500077538
279;total.T3;668.221235484594;32.95255330571667;632.1831648858649;710.6939223064821
279;total.beta.carotene;815.5110370278351;2.6433748065043696;812.2189343806397;817.9975424467015
279;total.carotene;1222.0135394009467;22.106277968460507;1187.3682523391724;1241.5123708983149
279;total.toco;850.5147366651087;134.70802028063218;704.3957325031732;993.548614000706
279;total.trans.carotenes.natif;963.6932802774967;14.208348862489078;947.4941314850772;978.9711680091816
279;trans.alpha.carotene;431.66529369110066;3.1703989713498872;428.14358961078227;434.97824550701864
279;trans.beta.carotene;549.7667425150814;13.995109957116915;537.6045587791973;571.3572530117375
280;C18.0;5.61187112373525;0.12699064062181686;5.426725383299705;5.761464572801342
280;C18.1n9;45.02737436126464;0.2072557481774788;44.79536745065607;45.324790758352634
280;C18.2;9.454402727993434;0.07594508854865452;9.349306182880252;9.535003365448135
280;FFA;13.432577802604493;0.1886699437729216;13.099571141157151;13.561176942729771
280;aT;172.20349817499022;14.790835790712382;155.95833706271765;193.91490156746204
280;aT3;222.65579458952544;10.396728830224827;210.24780742052434;236.82693214788858
280;dT3;94.80021068669899;7.472545852411359;87.09263762485523;106.77548584387698
280;gT3;274.4344878252199;24.29426259714423;253.18157703291942;305.76194243991137
280;lycopene;10.093447385214702;2.032652597979093;7.792123508185654;13.34152737933912
280;ratio.alpha.beta;0.6934963632317257;0.012646262668959005;0.6759819090686213;0.7083638940747068
280;ratio.alpha.natif;0.4076989801682759;0.0040069632332927875;0.40200474938361147;0.41303015888407624
280;ratio.beta.natif;0.5897504123956753;0.0035993495089986904;0.5870394323628199;0.5954626732959705
280;total.T3;696.7789214466457;47.28176104176667;620.827493320995;741.2036583148653
280;total.beta.carotene;666.2886147409774;2.63030667860281;662.173530986694;669.1989103754223
280;total.carotene;993.2661059746531;13.141468971846907;978.950986276935;1011.3801912853388
280;total.toco;792.1560995633045;40.202864647506814;723.6518678895806;829.3698067006683
280;total.trans.carotenes.natif;798.1112657153774;11.831478228759872;781.9762097361548;810.7664354763455
280;trans.alpha.carotene;323.9074597713163;5.880836682531472;314.11849731192774;329.3826593253424
280;trans.beta.carotene;511.99311070069746;11.021554451847011;496.37882742709945;524.4502319150646
281;C18.0;5.572447348366862;0.16839411350579628;5.341370558357952;5.801975350967105
281;C18.1n9;45.181391081788746;0.252870542005318;44.87050241718475;45.396045499917356
281;C18.2;10.064100059751542;0.10046246828780048;9.952403414773244;10.197854713555143
281;FFA;13.916758781065903;0.17899518073090046;13.66267634621091;14.0944285836296
281;aT;144.45893526642138;11.605219193811315;130.40722482307856;159.1945957072811
281;aT3;230.34088054416492;5.092916786252796;223.45911873230622;236.7352754874918
281;dT3;88.4534670439706;4.668837697523535;81.5981921346654;94.31204139650019
281;gT3;293.40738714606863;16.79160103441934;271.6919510103504;314.2777300642631
281;lycopene;9.007072507200549;1.6458517414383393;7.198084523605112;11.338770904258205
281;ratio.alpha.beta;0.6940682164571761;0.005596107869733592;0.6845234766725321;0.6993683823826163
281;ratio.alpha.natif;0.3987834253233977;0.002655039611251852;0.39525495654889653;0.40249095090578896
281;ratio.beta.natif;0.5998804178054266;0.0016707189006890844;0.5975206523321732;0.6022095844920332
281;total.T3;660.1954469962351;26.009014944197084;640.9306146739988;698.8199468431361
281;total.beta.carotene;576.9811503275871;8.756118794708902;569.5133848234634;588.384266184608
281;total.carotene;866.2080108639032;25.738582736636708;821.514120414569;885.1747368214301
281;total.toco;801.8227736315316;35.72626655834235;774.064907208609;849.9519368143758
281;total.trans.carotenes.natif;698.914442434076;18.213421132011845;668.4630936114789;714.7155565019708
281;trans.alpha.carotene;305.81975385892366;2.051361385012114;302.6902045185015;308.03755950043956
281;trans.beta.carotene;411.6448436220491;10.37418877713441;393.72958282293644;420.4561302593889
282;C18.0;5.837058330104513;0.08055812063320325;5.768942405411208;5.968092214878519
282;C18.1n9;45.427547588372086;0.2846701219010151;45.01210971408549;45.72702253954175
282;C18.2;11.265012049551814;0.04327989864643229;11.223192445746685;11.333284714810272
282;FFA;13.473027479524626;0.2313106982333121;13.202050901145231;13.841637182459024
282;aT;177.60262942248306;5.907360011281863;170.81038738453302;185.8497575705561
282;aT3;238.76807759374137;9.321516013562917;229.26305874630114;254.26093523387956
282;dT3;88.32260852951309;5.956298614329985;78.80307222848772;93.4909502513861
282;gT3;293.41482549880277;17.77805745114774;263.00110721384794;309.7577965517019
282;lycopene;11.866376601326943;2.3083572878852454;9.364668981834058;15.653387531758495
282;ratio.alpha.beta;0.6985840644187411;0.004585965755153393;0.6938985167085623;0.7037397444093716
282;ratio.alpha.natif;0.4030823806850449;0.00185945433047435;0.40106575302708924;0.4051850538463599
282;ratio.beta.natif;0.5994959821424259;0.0013647519288302581;0.5978807671719951;0.6014723072273045
282;total.T3;636.1113460694212;38.8388994206532;594.1627610926083;691.1154257518142
282;total.beta.carotene;636.6153154376831;61.83863848628259;526.1725723415398;669.6736347714732
282;total.carotene;951.2633578927152;66.72873666485573;832.3400743445483;987.8322084725456
282;total.toco;812.1993103231729;53.63450031813022;748.6653750473372;890.3747277699872
282;total.trans.carotenes.natif;787.1614885356241;68.42971529729444;667.8312037764424;838.8841042910811
282;trans.alpha.carotene;302.0553206252454;14.308445289696067;285.1984949188098;323.5827193203941
282;trans.beta.carotene;508.3613547548449;49.1701081616128;421.7876095375182;538.6740941880831
283;C18.0;5.684827784943851;0.129486164102622;5.5407770305394015;5.843218681415578
283;C18.1n9;45.60247941626896;0.2347576389237536;45.290198742804165;45.884823616080475
283;C18.2;10.138781920856774;0.2156761134282189;9.952343855029868;10.510097363850255
283;FFA;16.25250729161325;0.3456889273524098;15.77398853949997;16.73150856429493
283;aT;177.49230453128393;4.498582486219281;172.6114566252784;181.88012559315894
283;aT3;238.4973644809648;10.747569196547948;225.9902595851324;251.0610639697149
283;dT3;85.41671277200876;5.760041050176873;79.60950550018559;94.51990356769288
283;gT3;309.23443650310026;11.856977621184011;295.64853221269226;326.77507908901396
283;lycopene;10.830640233108335;1.6500184350963638;8.865040037934765;12.904527839523068
283;ratio.alpha.beta;0.6860687176800506;0.006783218823936542;0.6769575841436455;0.6941638502286266
283;ratio.alpha.natif;0.3997468234792466;0.0022027402986373418;0.3959808152670363;0.4017057239704512
283;ratio.beta.natif;0.5991221510897343;0.0010216539787065077;0.5978581678905238;0.6006176140781019
283;total.T3;676.4664255891987;35.05933354319887;639.7941695963384;723.1665587580605
283;total.beta.carotene;847.1675478055859;24.657876356778676;822.8517625975089;879.4103053229913
283;total.carotene;1151.2678142810705;75.34339107329515;1080.0129423733742;1276.5858598746524
283;total.toco;786.438808719239;29.28600164890961;770.5749005175953;838.2573758138235
283;total.trans.carotenes.natif;917.4798610375204;58.78574476023537;861.9951285124786;998.4371858946719
283;trans.alpha.carotene;375.593365998208;7.841821703930461;369.604512587061;388.9988071966207
283;trans.beta.carotene;518.8179081350538;37.95074632962148;484.39920569478426;575.2282991780106
284;C18.0;5.28161507196222;0.04520778819480942;5.222265057233986;5.349314386919399
284;C18.1n9;41.230009958942006;0.10907578778375258;41.0604490278638;41.33254363518236
284;C18.2;9.386676728844616;0.08981774353498888;9.318505700826707;9.491513219468315
284;FFA;11.789245957545008;0.17971021430744694;11.596588694169109;12.039196897779412
284;aT;172.73129822596803;8.432839658056645;160.4125657791946;181.95275255793405
284;aT3;208.83303571217363;13.546429128443197;198.78729445885313;232.63004611183186
284;dT3;77.62676453667585;7.603371480367711;69.73478092975263;87.23738318133982
284;gT3;267.735432169727;39.14411601828655;227.9527590510091;309.39265536759575
284;lycopene;15.195018889217522;1.9310796430819366;12.020500235209177;17.03182606474476
284;ratio.alpha.beta;0.7145401782028669;0.009282249182180218;0.7062879575135499;0.7299171083942916
284;ratio.alpha.natif;0.405615941667954;0.0054400773297625955;0.3973558084172581;0.412474400851034
284;ratio.beta.natif;0.5906246756446862;0.003722037854394;0.5867579798554065;0.5952027250621444
284;total.T3;647.3474016992895;45.0636759024027;578.629107304473;687.184068551152
284;total.beta.carotene;821.4443079697596;30.853842560464823;792.5222366136212;870.996611844516
284;total.carotene;1220.6880809357076;40.615514439511166;1184.189668378916;1289.0930101562546
284;total.toco;678.2511111635251;48.535325364299204;614.5008085416036;749.7819842228287
284;total.trans.carotenes.natif;943.1349867063309;34.8553207431563;907.580296535507;1000.3234474014571
284;trans.alpha.carotene;412.0809082342953;7.202511654650782;400.63025017960695;418.5486210968517
284;trans.beta.carotene;548.3081368460847;12.33315045964119;537.5847156747093;568.2378739808618
285;C18.0;5.233672847925691;0.04276237326378887;5.1938004886095595;5.300975306742249
285;C18.1n9;45.998587949618795;0.24433325230593284;45.618000172797736;46.265250453616225
285;C18.2;10.207766060963012;0.11011974664863841;10.081674262072747;10.375193512135706
285;FFA;19.78392151091641;0.20229286548316655;19.53061629929689;19.981795652276922
285;aT;130.64789701802079;12.712472254875307;114.33440836360414;148.24232685045348
285;aT3;252.5309806834041;17.940069154299362;230.4936929244206;273.4146017060171
285;dT3;87.74969259817522;5.804370522352817;81.35866384397744;95.14860224559375
285;gT3;301.6760946165743;65.03496794414205;252.35284152328265;385.65097545944394
285;lycopene;11.503097562600784;1.35525443641346;10.174610674794916;13.529342734792865
285;ratio.alpha.beta;0.6942143859920057;0.005453461981913184;0.6860611326119903;0.7007169733131843
285;ratio.alpha.natif;0.40364512193422347;0.004779620028358407;0.3976493632241362;0.4081519912140241
285;ratio.beta.natif;0.5952675014555764;0.0032805456051538417;0.5921635994424789;0.5991418761903102
285;total.T3;684.283837243758;35.75176023204415;656.6223274099134;746.5139036550837
285;total.beta.carotene;600.9636549429256;12.954320157451248;579.9462521880733;611.230287502953
285;total.carotene;873.1395687175825;15.599109641167104;848.7851433177627;888.5808903045295
285;total.toco;737.9361104642871;55.80627381489532;681.3727685449494;821.8530820615539
285;total.trans.carotenes.natif;698.4678436751814;10.187093304151064;683.2460765937149;711.5312340870453
285;trans.alpha.carotene;308.9353494187715;1.6699965535590928;307.25840155463123;311.14903895412374
285;trans.beta.carotene;405.5919662530302;10.691461220127971;392.56344914701924;419.5889451108497
286;C18.0;5.844044492382824;0.037782894415339725;5.809588127092382;5.907457565139648
286;C18.1n9;45.584385640897075;0.3294154328645219;45.03353314828164;45.90314993165802
286;C18.2;10.606361761896117;0.15588931089265282;10.444150775380594;10.80437389779677
286;FFA;11.58751645610379;0.5763666286377409;10.613082182260689;12.017396562717202
286;aT;180.9401864447584;10.565619803098167;165.91143753862417;192.29362367961906
286;aT3;227.34035682796798;11.422436882721978;215.60210116424201;245.35779752331078
286;dT3;89.41965501689972;11.393712499985263;83.32319479822404;109.75297527387765
286;gT3;281.6807739065771;8.913925960208603;270.0907028792034;293.8514326482718
286;lycopene;16.854574726927446;1.0154115897120872;15.421897798902016;17.85837114910657
286;ratio.alpha.beta;0.6958973297285687;0.006022941281175739;0.6862906250491982;0.7024283833122125
286;ratio.alpha.natif;0.400954825508537;0.002068687150388909;0.39884924365335694;0.403487571291831
286;ratio.beta.natif;0.5966372308167548;0.003347773232713185;0.5913650463686166;0.6002551155126916
286;total.T3;641.7404520354241;19.78714862833577;616.1325380955075;671.1978251555536
286;total.beta.carotene;988.4046431745234;3.8546462217375894;982.0433473970023;992.4806810039015
286;total.carotene;1533.886233865907;24.90984904489395;1512.793398341472;1567.6616857128304
286;total.toco;786.7218414241885;64.62403892524623;711.3308215023856;881.9941345137241
286;total.trans.carotenes.natif;1250.2862955617686;23.97379027584132;1220.376889790351;1285.5061286667565
286;trans.alpha.carotene;451.9746123228332;4.145869565987314;446.54131741685774;455.2928107938697
286;trans.beta.carotene;790.836896934213;8.273146555049763;779.2832425258483;802.5113888647415
287;C18.0;5.57079505750371;0.08556817529462635;5.452917972209561;5.683943039242129
287;C18.1n9;45.47020536075359;0.1963918536341081;45.13798149417075;45.640096305498425
287;C18.2;11.091678731081103;0.05025325654261519;11.01246825841299;11.133522912482757
287;FFA;16.23024596092879;0.1510280900479249;16.03003735195723;16.45161147991661
287;aT;136.39813548096012;9.966429687103698;122.47965095964815;147.75765214555102
287;aT3;251.60546288775328;8.690580296822521;237.28180153535436;259.59870152242974
287;dT3;96.89831753834366;10.988227104666562;87.20457459594843;115.47306829603708
287;gT3;305.62510723531693;26.898452781507952;281.4862911327717;336.63736025460105
287;lycopene;9.980721746023168;1.990589152421078;7.481786111398081;12.921326249550233
287;ratio.alpha.beta;0.7056674439968762;0.008596743123159844;0.6949360448789764;0.7161283305745058
287;ratio.alpha.natif;0.4080213084470426;0.002939986773789058;0.40563363412874875;0.4127254110597248
287;ratio.beta.natif;0.5953960656604298;0.0027182222734409324;0.5919588108181252;0.598744043646834
287;total.T3;681.8408226002497;27.290839947915487;653.7870092703026;716.5464264620737
287;total.beta.carotene;499.02885743356273;2.2760866764977887;496.7487914525858;501.9808966877488
287;total.carotene;731.6127182565385;22.652433957279968;707.6970601741907;763.8595753248205
287;total.toco;752.9697343473607;23.407376298373784;718.2634711549211;778.3519240490642
287;total.trans.carotenes.natif;586.3825606377821;19.887622868674704;565.5033301907906;608.7510390739263
287;trans.alpha.carotene;274.5525006335446;1.9378038249199112;272.5133242747662;277.0917868841352
287;trans.beta.carotene;346.21825719368917;8.284410366801524;331.9406946142163;351.85243685789516
288;C18.0;5.723522007693167;0.20834381520627981;5.4647766270387725;6.042979509080352
288;C18.1n9;44.92241666391162;0.5020946939374371;44.03545496685674;45.24727754138355
288;C18.2;10.421434707780275;0.37909724381855164;10.115279322442719;10.944417067565045
288;FFA;10.057852114607455;0.5495119844834709;9.470264492694799;10.895864830809819
288;aT;128.23465910351447;13.846379671501039;113.93297059149464;142.87313867866894
288;aT3;186.90500837163705;8.738488189071441;175.2507542541486;198.84051276568928
288;dT3;97.29334883181815;10.642004162232425;86.29569760181968;108.79138325357445
288;gT3;308.34845487412406;24.835124426808477;279.3730365502072;347.40395354100417
288;lycopene;9.704911581946543;1.6204312538989802;8.252316338506217;11.764986642724224
288;ratio.alpha.beta;0.7062439120236041;0.010168535074795662;0.6936672250538441;0.7192097250901018
288;ratio.alpha.natif;0.40457122051914796;0.001958218812090631;0.4017526768227183;0.4066046089746757
288;ratio.beta.natif;0.5981513135580847;0.005662512751984028;0.5908197381714592;0.6033186328920144
288;total.T3;670.0329278603223;8.220959078044444;659.167040500145;681.4678487892281
288;total.beta.carotene;532.9002204489494;30.62828410067039;492.3509690339061;562.6372301601699
288;total.carotene;793.3730588400468;46.6542195886105;742.8542796096959;847.0777827139606
288;total.toco;742.223071777563;43.87789490215453;709.6496349593751;812.4798534329165
288;total.trans.carotenes.natif;639.8453040523257;37.203004105082755;611.9685738941563;692.8260466474609
288;trans.alpha.carotene;285.48483091235755;11.599901504949505;272.5708915967289;298.5517531709228
288;trans.beta.carotene;369.4140132373045;15.990635509417736;353.5774442981619;391.09479917328196
289;C18.0;5.323887376684518;0.07715465117767059;5.239685890006545;5.418894330613085
289;C18.1n9;44.55916329137107;0.2951856833221286;44.23858503867331;44.938979477425185
289;C18.2;9.796700413550928;0.08442784350060098;9.681010136070384;9.883583401429872
289;FFA;12.732511915531061;0.25330429659449977;12.344304614485353;12.982388343813227
289;aT;127.97305158935532;10.616157573327786;114.19991841797724;141.26378848914112
289;aT3;210.22622686465292;18.076669358643187;184.42960782163885;227.8499046503584
289;dT3;104.3595794243646;10.384259998910213;91.42992617230722;114.05820085102772
289;gT3;255.98370346954138;5.867660206253016;249.6616180192951;264.82214855572096
289;lycopene;9.28718067493851;1.735571126607983;6.525174586512515;11.342731708536489
289;ratio.alpha.beta;0.720006480416969;0.007307448090971196;0.7093941394588389;0.7299732324152731
289;ratio.alpha.natif;0.412017820978097;0.0020151786962937248;0.4093481143092506;0.41467931551207143
289;ratio.beta.natif;0.5884167822112698;0.0012993319274532034;0.586696138852128;0.5903304233887655
289;total.T3;614.4382669356057;37.291647522565775;567.3326297529709;661.4669756913731
289;total.beta.carotene;541.3801771017736;5.839931934480618;533.0001078005364;546.3516091398925
289;total.carotene;744.1568307349446;21.37452811914801;722.8287680964565;775.1509166319373
289;total.toco;715.8065586599399;42.95260175021538;658.0390677645993;759.0603508155908
289;total.trans.carotenes.natif;611.5824976583802;18.352413562310694;590.3742563293151;632.3605962619336
289;trans.alpha.carotene;267.61478073836224;2.9920757363495474;265.0562427888644;272.2776956142862
289;trans.beta.carotene;350.6784247093874;5.232511145098719;346.52737871704;359.33189345521834
290;C18.0;5.410523661881719;0.13839425134087924;5.22110116931991;5.578252661872165
290;C18.1n9;43.05502357882565;0.2893118775805137;42.765323495086484;43.440969516284405
290;C18.2;9.772098575526924;0.15074613853198884;9.662056888910824;10.02581693397736
290;FFA;12.385952729554386;0.6902370754121451;11.55907627056495;13.122006986966785
290;aT;149.56930770619135;19.653358853537195;132.47486861647295;174.89267233685914
290;aT3;245.22511540790256;16.1005891109413;222.77022607324935;260.4640157333098
290;dT3;91.82326671287254;4.226917761870484;86.2487181107339;96.3088532864037
290;gT3;293.41706067718064;31.11155570848732;254.2397810792523;330.972729193349
290;lycopene;11.332127007254442;0.9424114268478371;10.50209777877265;12.425288407408637
290;ratio.alpha.beta;0.6943833119313652;0.013420218888348984;0.674468390783852;0.7084942354221652
290;ratio.alpha.natif;0.39927269928971054;0.0041994797467865405;0.39236804956644067;0.4036605972466712
290;ratio.beta.natif;0.600261453468548;0.004086679321188551;0.5960264292649685;0.6056890939602152
290;total.T3;706.1408002841424;37.755714919887765;663.5440142698463;759.2684261824884
290;total.beta.carotene;562.637141788408;10.298554762949324;547.1732032478543;574.84718990966
290;total.carotene;797.3316969485495;34.25620805464135;761.2573635585427;835.7636632081706
290;total.toco;854.2751307707042;98.73740266106451;769.3454765926798;968.7448225366726
290;total.trans.carotenes.natif;642.1167877228584;25.17255651373458;611.244237120623;672.4677616684016
290;trans.alpha.carotene;295.47838725252643;6.0229748694341785;286.00010370432415;302.2128240361375
290;trans.beta.carotene;367.77109183994463;13.734076773035111;346.9693298623029;382.9471507833917
291;C18.0;5.461244471551296;0.15579458557230982;5.304947765705358;5.657296890193094
291;C18.1n9;44.01265650650905;0.31028866801970356;43.752101836110334;44.53772916893332
291;C18.2;9.448766871976279;0.05307884373883694;9.374195676396528;9.506771771194625
291;FFA;13.8231261143849;0.43314203824099995;13.306074489585146;14.433854283260839
291;aT;116.00889943896561;4.749736465740471;107.67157123502959;119.60715004822298
291;aT3;199.6919439568365;29.428733549179064;160.8732777831942;236.76344898549704
291;dT3;95.6377098388343;2.787392785196131;92.84302997129453;100.28073389304232
291;gT3;304.1857776889018;23.62000417006079;272.8691246198509;333.82195568825654
291;lycopene;8.78326603749628;1.5576716833604658;6.582803552790471;10.898424700257259
291;ratio.alpha.beta;0.7235460779969916;0.008636548552948336;0.7093070511687037;0.7322306904907029
291;ratio.alpha.natif;0.4078546470416362;0.0018786932376502082;0.40654057658042136;0.41116684973400697
291;ratio.beta.natif;0.5871822487929512;0.0026934552129556527;0.5843789230588782;0.5913347313462036
291;total.T3;611.861211496416;45.33979170642007;534.1909166402809;643.3315730505324
291;total.beta.carotene;556.3720925790831;15.480985400766912;542.0412721060495;581.5540925086385
291;total.carotene;787.7154883157635;20.035447564587162;757.0575615099985;808.6480497133927
291;total.toco;744.1064193828208;48.97569861909282;690.7291297547938;822.4828884301191
291;total.trans.carotenes.natif;633.095182119874;17.25051292311769;612.7731271574726;653.5305269460601
291;trans.alpha.carotene;263.1500088601388;3.112075212856056;260.3050111955974;268.15773835130415
291;trans.beta.carotene;365.5448103377589;8.318471920871389;358.40356488386135;376.834138037901
292;C18.0;5.741672098703421;0.10402253477412177;5.605515590736424;5.862012236733385
292;C18.1n9;44.895377718779926;0.33727167387586043;44.56108261021452;45.33519050461048
292;C18.2;10.491196018200359;0.19262558426743645;10.28130984607232;10.676968666600738
292;FFA;7.246618470727109;0.11217915516784076;7.124224695385031;7.419391036600358
292;aT;151.40945856440862;6.270797486678883;143.57732432273346;157.87780433625323
292;aT3;169.99071388557513;9.213554742735838;159.70464067725484;184.62904375926422
292;dT3;96.45092063762674;0.9193153232109859;95.51670995518668;97.53330622871908
292;gT3;306.8716415915637;13.787344460386697;293.06221558242777;328.511636806557
292;lycopene;12.171722679741823;1.9529463155613067;10.073436272733726;14.680478115132871
292;ratio.alpha.beta;0.6839827907472714;0.003681128110937069;0.6799473287292609;0.6892656791412725
292;ratio.alpha.natif;0.39285088522639716;0.0038740771731628817;0.3881240759574945;0.3974989110117045
292;ratio.beta.natif;0.6045694148464178;0.0033832953355364555;0.599511956679786;0.607394237103228
292;total.T3;612.3128717172768;35.89512847778149;585.8618421811632;670.3538252327531
292;total.beta.carotene;372.724306462501;6.478319009365954;365.3294301521287;378.4356445560125
292;total.carotene;581.4261762032004;11.4446178941444;570.4851199276134;600.5248346035438
292;total.toco;727.4279036257343;37.47778940168938;668.4022582165073;757.3273965356157
292;total.trans.carotenes.natif;491.29973693823905;6.576670470887234;481.4427311303924;499.6930324449973
292;trans.alpha.carotene;223.60626455049282;2.639984029791553;220.9385885449609;227.08628041134955
292;trans.beta.carotene;276.5611223247667;2.214238461905138;274.4518199061211;279.4703749796332
293;C18.0;5.32457061226121;0.09221121239870984;5.214392603516518;5.425899761524667
293;C18.1n9;43.995656510760924;0.6907962077662406;43.5753130879468;45.222456473675614
293;C18.2;9.966293125383492;0.10159915729857903;9.81317766936757;10.097750924977262
293;FFA;17.547213257876322;0.28186593027623025;17.22902976852859;17.8627962992188
293;aT;170.5084374732537;12.399100728222727;157.29574586493723;188.23943500377752
293;aT3;233.84531713888185;16.329988888344285;210.57758088351966;254.88620966207773
293;dT3;78.1814899801894;7.753601712950314;65.94773610041211;87.53937179828276
293;gT3;309.4120476005035;25.260263086282496;276.77051809756887;343.47203579385524
293;lycopene;16.88690146747154;1.0659026970822;15.534010805182461;17.98436378835621
293;ratio.alpha.beta;0.7072436181410536;0.0047496209898120565;0.7004615720683418;0.7135253636584318
293;ratio.alpha.natif;0.4068362269416947;0.0012994620409671755;0.40575515996814443;0.4089299547374905
293;ratio.beta.natif;0.5934806294452819;0.002394507188467526;0.5908435996198239;0.5958090743264188
293;total.T3;651.3310676442318;26.07024072500283;627.7019463251867;688.5301038478158
293;total.beta.carotene;968.0537874931293;18.277082468922288;947.5146216262281;996.1488059123202
293;total.carotene;1513.4860133169495;12.248960462558456;1498.6023662436842;1528.0560435120972
293;total.toco;737.5781328906604;79.7501197461308;659.0537504967349;852.9186562350983
293;total.trans.carotenes.natif;1200.4011588057776;15.85995674594082;1181.7672611872388;1216.4368940433008
293;trans.alpha.carotene;459.99393041539395;3.861664049221215;454.1472790952437;464.2110056342613
293;trans.beta.carotene;848.1272631543368;14.09175086297985;828.9455991552448;862.6058177118715
294;C18.0;5.406534982005727;0.13828238240490606;5.2253854846551455;5.597823437993762
294;C18.1n9;45.82956222775847;0.505020629665321;45.095963866506075;46.34019687005323
294;C18.2;10.268940234691236;0.3659675036249025;10.005172051559647;10.891203209898672
294;FFA;19.11095851899516;0.4251561297692209;18.59350347303998;19.652425692584213
294;aT;137.211490102934;15.346275507481865;117.86437698561146;158.61686909622944
294;aT3;237.82198376532443;25.446296643385633;193.50997777432212;258.42448385118115
294;dT3;94.98212663729285;4.646256701312684;89.56541000528775;101.80431037838224
294;gT3;287.87906588125117;18.80452113633812;259.985256549932;304.911143308567
294;lycopene;10.815573553436078;2.405156361917044;9.020422582891428;14.915049354405088
294;ratio.alpha.beta;0.7161702438337528;0.011027590214088525;0.7044068556465994;0.7335780818405319
294;ratio.alpha.natif;0.41427692814079825;0.0036824943195301724;0.4092102742607801;0.4183921850602262
294;ratio.beta.natif;0.5892381062750566;0.004666413429457272;0.5853886475361878;0.5958422625787337
294;total.T3;616.6992279103313;24.149779012798682;577.9991623036749;635.0943380440981
294;total.beta.carotene;568.9263019291636;5.290250940223842;561.2191948796767;574.6883427385587
294;total.carotene;844.2107886562899;31.107714995069472;790.3340414175317;866.3208193872517
294;total.toco;824.3328640958969;72.36880478622837;731.5347961935419;899.9675520778883
294;total.trans.carotenes.natif;673.2752243822788;21.166921448947047;635.9671367936198;685.621727540476
294;trans.alpha.carotene;298.57351417977077;1.5129948012734715;296.4554374040589;300.26563785562325
294;trans.beta.carotene;382.5209076507607;11.100660819462282;364.853183391863;393.2563458727983
295;C18.0;5.289091638106985;0.10303246330737452;5.132234554813752;5.415782216938909
295;C18.1n9;43.873087088708814;0.42557269937146214;43.276751467662635;44.20396267469821
295;C18.2;9.462323727325577;0.1516645639566203;9.303674301500074;9.633582512581064
295;FFA;20.09112273971554;0.47649223744313995;19.467386086712033;20.74320159777798
295;aT;121.37472249234231;7.7059513098627646;109.4349492819632;129.25318518726328
295;aT3;177.24099773393783;11.903229194788622;157.7046837799284;185.93568739866683
295;dT3;91.84093182514006;1.9349504487141733;89.40852436449242;94.06724864114132
295;gT3;296.55910006487414;8.731950172378767;286.81474836362776;305.57959144204483
295;lycopene;11.346237837095089;2.2190812567717795;8.379410742258306;14.641189256903527
295;ratio.alpha.beta;0.7330177409139347;0.006385203198871238;0.7225052077641171;0.7384932352085543
295;ratio.alpha.natif;0.413190545228893;0.0018072871199392058;0.41049493307746177;0.41543413218497743
295;ratio.beta.natif;0.583116700478802;0.0023534191051574524;0.5801584435559775;0.5857983047747704
295;total.T3;565.5059309432114;24.500445235600942;531.2417407414056;594.7274007959844
295;total.beta.carotene;510.84230179801597;22.349510746380165;490.52411883479596;537.4509032609353
295;total.carotene;813.7270492245492;31.79811143469739;786.3589602453785;859.3086770705447
295;total.toco;643.0875348107256;26.330012528354274;603.4679053044167;675.953147846483
295;total.trans.carotenes.natif;653.0667843046206;14.363022973588627;627.9246732351147;662.9525949163107
295;trans.alpha.carotene;273.043796441922;7.196528373712164;264.45016930925453;279.7986237110929
295;trans.beta.carotene;376.37979928359516;12.412114164756002;363.3953770734307;393.59903922825515
296;C18.0;5.857152613234147;0.05313280716767483;5.786629633614576;5.93324496137617
296;C18.1n9;43.79399144586696;0.1469889716620428;43.605843559173906;44.01864146458939
296;C18.2;10.557507988540575;0.3231294505422191;10.263875251610333;11.063342145804812
296;FFA;9.690847822921421;0.23272186844923617;9.359056615717147;9.961566428046494
296;aT;162.64112563378043;4.978974307954414;156.12026358517772;169.489566050879
296;aT3;226.0749982683824;7.959634009501226;214.54105694648658;235.72213537766157
296;dT3;82.51091921827917;5.1868358940910975;74.23092021274255;86.61292608342934
296;gT3;309.4494781030172;6.329891181658104;298.258730834665;313.84427348268343
296;lycopene;11.551921454251685;2.017301594005316;9.551732878651261;14.92514560915169
296;ratio.alpha.beta;0.7052593428383969;0.010685533888978672;0.6891222615967689;0.7174291180776803
296;ratio.alpha.natif;0.405737523998788;0.003967451978361445;0.39953575710558187;0.40987631778704897
296;ratio.beta.natif;0.5961427586920841;0.0036808957238679604;0.5919737516326229;0.6006631670432621
296;total.T3;648.0945331570492;6.174872583883822;640.8754967973795;654.9592160989921
296;total.beta.carotene;691.6592594007637;3.2452940565106014;686.5603873912297;695.4585945025538
296;total.carotene;995.4992986143377;10.136900934375527;979.1949635754113;1003.7545157472147
296;total.toco;807.4329904535164;18.288940346530058;789.147665232855;829.4310321247378
296;total.trans.carotenes.natif;793.4244623130725;8.1309988927965;785.2313927989715;802.4179031438163
296;trans.alpha.carotene;326.47883735390246;1.4896925518089654;324.8766437953029;328.2524492946901
296;trans.beta.carotene;502.4386240372387;5.352334207548585;493.07250168978817;506.0764787999074
297;C18.0;5.626679620422537;0.04847801811292178;5.591003641941294;5.7117162541272215
297;C18.1n9;45.579656213758696;0.23760892317679422;45.22063186113516;45.79188590529735
297;C18.2;10.231406008484816;0.1422035381924485;10.080232127962708;10.452753604094339
297;FFA;9.714522278536723;0.23890114572386978;9.469548563058565;10.010305105135874
297;aT;158.89562411062164;15.7597455800538;145.27320345984103;186.0870964745716
297;aT3;231.93975383287412;7.115591009255789;220.12583223237502;237.20903367815777
297;dT3;94.43621159017306;3.9846873809593895;88.54048810184878;98.8558087337646
297;gT3;310.26000791034295;12.745304619052101;291.309177011244;322.8272392390109
297;lycopene;11.243266701638893;2.119656291682739;8.872588381876126;13.836314645385864
297;ratio.alpha.beta;0.7084068009657565;0.010784229219708917;0.6941232661735802;0.7224204757575429
297;ratio.alpha.natif;0.4076913818276943;0.0029947574562616897;0.40520618158345445;0.4124416121261161
297;ratio.beta.natif;0.5927479921215616;0.0037060821036561855;0.5890177163385303;0.5972168666662561
297;total.T3;655.3688527930578;31.319558914135193;611.5273109105885;687.9065976972814
297;total.beta.carotene;666.1815999178309;5.700121570563403;659.6845078836419;673.5936344809628
297;total.carotene;947.6376041416372;10.644111606994464;935.1689134890256;961.0790997885342
297;total.toco;836.935642094847;94.30245227906326;751.9579530380948;987.9875396668857
297;total.trans.carotenes.natif;778.105375451744;14.091094340691436;761.7726970481646;797.3980219698382
297;trans.alpha.carotene;301.8335711306375;2.0841303885413747;299.3380920025969;304.7541934070852
297;trans.beta.carotene;504.10523135539796;18.5417283474774;476.6500526704905;523.2378532347323
298;C18.0;5.6638628162785105;0.14228123298327386;5.464904531037206;5.863934009477089
298;C18.1n9;45.36823014416812;0.3053408537780821;44.87619852371978;45.680201509353275
298;C18.2;9.824310513783505;0.36645192447686376;9.557043524247044;10.4684587870614
298;FFA;8.787933093935536;0.23856095658610083;8.519499238862744;9.16637616315439
298;aT;168.3405204122659;7.493117492121344;158.02653848192108;177.85238664687833
298;aT3;230.0328612508368;9.933998064231881;220.0898142605589;244.06250566864435
298;dT3;91.45623891344101;12.211060701151816;81.00121961903284;107.55607371889309
298;gT3;305.8711613832655;11.190519307101194;288.207948358357;318.8623947013673
298;lycopene;13.09093136040679;2.7063311783408723;11.473451546926439;17.90565073054813
298;ratio.alpha.beta;0.7165325288985345;0.006621927101544395;0.7068129561323073;0.7219628391172362
298;ratio.alpha.natif;0.4066057276144458;0.0015803708482435138;0.4045543433543127;0.40893850427030437
298;ratio.beta.natif;0.593359400440823;0.0049117348658622535;0.5854614240869358;0.5975114074586233
298;total.T3;653.8046309343918;25.036113504431306;632.0517553442786;696.0340857659397
298;total.beta.carotene;750.7182405045802;59.258591391709295;717.6130895286021;856.4983731240027
298;total.carotene;1172.5641621628695;70.00341056730319;1128.9817680144365;1296.4060238421823
298;total.toco;793.4438143782745;23.276483946788552;759.7196688125521;817.4349487957444
298;total.trans.carotenes.natif;938.974209333742;53.40707402040205;908.9910870935638;1033.4527794177409
298;trans.alpha.carotene;387.97047495768993;7.0373508792149275;381.2008337679448;399.72308512052683
298;trans.beta.carotene;537.2382998148798;18.040446194643224;527.6146985579794;569.4611013426586
299;C18.0;5.875693388559638;0.04506936647692361;5.829296907494904;5.927026665928964
299;C18.1n9;45.51492757229531;0.23038352394161313;45.20275445317531;45.820711389821426
299;C18.2;10.297187841244858;0.07369214569239989;10.228089688167621;10.417914077659828
299;FFA;18.581948275703976;0.3597814203896675;18.1967521393909;19.156388090308177
299;aT;186.37487099009672;14.489343733984738;170.80192184657633;201.33488496332632
299;aT3;209.00722484415525;11.698648654688796;191.01095795292233;219.7602756669218
299;dT3;76.14973532143281;2.3484739232458804;73.8137134146292;79.33449142954615
299;gT3;313.870653194655;17.565328271749102;288.76738110218577;336.2239874254077
299;lycopene;15.132766805568323;1.819614551985097;13.103058937352268;17.6664044269829
299;ratio.alpha.beta;0.700271987005389;0.007934794124269924;0.6903548868296123;0.7120495355006895
299;ratio.alpha.natif;0.40602053421459533;0.0017847378931517067;0.40386381283930556;0.40813366788724664
299;ratio.beta.natif;0.5922536708896146;0.0017913023367145792;0.5898087133426084;0.5947499622944469
299;total.T3;619.0047354397936;30.62960927559217;574.1064138207156;648.246262472221
299;total.beta.carotene;885.9938424426698;8.028905940630766;878.2587358276998;897.3178390346071
299;total.carotene;1231.806205407386;20.26984780712389;1209.6289289649574;1264.821469908737
299;total.toco;748.4234407050897;40.829034775679766;687.7581535843753;791.669769626694
299;total.trans.carotenes.natif;973.6251516214454;18.56333591639271;955.0144299199851;998.9184458129206
299;trans.alpha.carotene;389.1435638845247;4.097518944590633;385.47972298818917;395.75360633201404
299;trans.beta.carotene;539.6785938043733;6.111969066213687;533.5565633930078;547.1093262381814
300;C18.0;5.260952275200081;0.07376855897275783;5.158893685767019;5.346571967815006
300;C18.1n9;43.539257723846376;0.29193442746630904;43.262830561661985;44.01586105474778
300;C18.2;9.731676794141983;0.0559202418624291;9.63917312411118;9.778906203266528
300;FFA;16.916341442923585;0.3486013405563124;16.535647089019086;17.468953572271587
300;aT;150.14530052534465;6.2337910675610395;145.07772303408993;158.0829699180526
300;aT3;220.5913488748534;14.384562657870873;201.9417355403895;238.48274583588014
300;dT3;81.3674353264517;3.941219713533193;77.52149107743165;86.03817454995327
300;gT3;298.4308019957868;16.16740337701129;285.1057802054843;325.5340585470548
300;lycopene;12.843822931300796;1.8182044161821902;10.828946186655045;15.529861446250983
300;ratio.alpha.beta;0.7356630750840181;0.01281881658157658;0.7131272525559116;0.7433809279172607
300;ratio.alpha.natif;0.4194365664161661;0.0023443909467194437;0.41700498035198186;0.4231854056824143
300;ratio.beta.natif;0.5784675979275867;0.002393231608531932;0.575183579343795;0.5810923181806108
300;total.T3;596.6319084059311;29.734906356212264;563.604926326042;626.0467285337294
300;total.beta.carotene;688.2364262408053;6.811578093816116;679.5671927812446;696.3472973878821
300;total.carotene;1084.2664809159926;14.659405895999294;1070.6985892109606;1105.5135562696314
300;total.toco;751.0989926006937;27.815129576472415;715.4757049947356;784.0804958454314
300;total.trans.carotenes.natif;833.335915813878;5.562921419758539;826.9390326836452;840.5158020744669
300;trans.alpha.carotene;376.9694553552631;4.833833946089752;372.3899408119821;383.5704889962529
300;trans.beta.carotene;512.8674337528848;7.227479879909833;501.92697723157636;522.0030847202744
301;C18.0;5.277322396085214;0.030159340170906497;5.234307231372347;5.308682366845765
301;C18.1n9;43.25300158873051;0.363490826604543;42.846676157870725;43.814607306962536
301;C18.2;10.090840197283073;0.1255774513061018;9.900226395401358;10.230032065314292
301;FFA;7.612660959517894;0.24969342847113707;7.383113392750958;7.97976533399686
301;aT;176.7126505782429;7.826393315449851;167.17558325889678;186.01035782736452
301;aT3;225.12641664945278;9.4194879829354;217.85075928610755;237.85046668792444
301;dT3;87.05807474417476;13.692674126424036;74.50878624935984;101.7456553314481
301;gT3;295.2059929368833;6.64836196517921;287.09504610558844;302.64534202688475
301;lycopene;10.530261163888964;0.6472746219200434;9.747797226788334;11.249815571941696
301;ratio.alpha.beta;0.714252437149092;0.012974113811545711;0.7008987756300245;0.7290296222382905
301;ratio.alpha.natif;0.4082887771758482;0.003733268369419607;0.40455402691744025;0.41244503871528354
301;ratio.beta.natif;0.5896330690045641;0.005229484791987428;0.5833221522949225;0.5958045674992654
301;total.T3;633.5583011988889;12.376093914185125;619.9406578446627;653.5856517628694
301;total.beta.carotene;751.8304390163955;10.015371451553916;739.6850952910219;767.4690661033886
301;total.carotene;1128.7884935093712;11.55584841851028;1115.0373749572777;1145.3395266034274
301;total.toco;778.9824378687047;21.877959467416133;755.0015859939359;806.3090242784028
301;total.trans.carotenes.natif;894.5985001978719;8.451666637482043;883.7434953135381;904.1117582691109
301;trans.alpha.carotene;367.3790792238477;6.295617853269264;361.3292260075302;374.8836648245401
301;trans.beta.carotene;527.151314483233;7.766312904089675;514.0997990504715;533.3946481222409
302;C18.0;5.591382974112139;0.076777332280014;5.486689834248539;5.666245351010938
302;C18.1n9;43.101678800404024;0.2279684614006411;42.837544238629526;43.332987058800924
302;C18.2;10.247350372026315;0.08025227656677075;10.160481841117951;10.347920740762245
302;FFA;10.304448685182331;0.298479106140478;9.890887513410812;10.731359688062836
302;aT;186.66241825663832;14.251416368645698;175.38686103540434;210.5910117037691
302;aT3;219.96640389839567;6.507959806867139;212.36741764123659;227.58874168727337
302;dT3;81.73672909942714;3.3094581521687707;77.87094188555113;85.13267036105923
302;gT3;305.2662296460673;45.56898890346081;255.6852616827214;347.5009640037691
302;lycopene;17.503493186613188;0.7437532899944436;16.666179402915272;18.186447926441673
302;ratio.alpha.beta;0.6955785296438063;0.0010877006801878683;0.6942541458433807;0.697186108121604
302;ratio.alpha.natif;0.4061876748346984;0.0018324662725116294;0.40406563221250036;0.40838712886736805
302;ratio.beta.natif;0.5903368712421646;0.003130746535417296;0.5869985375434904;0.5939689225346229
302;total.T3;659.7043268798193;31.039200182124926;632.5525199348513;713.0290896655855
302;total.beta.carotene;960.8531094045745;13.286082547891214;942.5663467911996;973.0156313463419
302;total.carotene;1510.3645853621256;20.555361700867167;1486.5067018312238;1529.0120525250206
302;total.toco;793.2863552176511;78.91159112805704;734.5749726699682;929.945573994614
302;total.trans.carotenes.natif;1207.1638141512412;6.412367921566599;1200.3065823530665;1214.254299322144
302;trans.alpha.carotene;467.36611989388547;10.663453773894899;457.5045377891124;485.58043094126964
302;trans.beta.carotene;852.4175260978766;6.350609720774595;845.4173127866225;859.6102275526947
303;C18.0;5.346095501925811;0.1160975578086908;5.243515714413139;5.528174772205439
303;C18.1n9;42.80323458035922;0.17693586073480294;42.533717042051315;43.02968043267957
303;C18.2;9.493698554244158;0.019394396205435642;9.460493535881877;9.509149377214067
303;FFA;14.684746957977648;0.5183377143557235;13.942717370589982;15.106332211213411
303;aT;185.07009477498394;8.045699985719242;173.9590826091771;196.15419721050495
303;aT3;226.45373705934435;9.535396269705041;216.73275327249632;238.5925089524117
303;dT3;78.52706827492965;4.612912940631102;72.95225239155258;83.7872540776303
303;gT3;273.923317159552;21.448929463807012;243.86457929535655;303.542910336668
303;lycopene;14.335877867536833;1.1540366659723518;12.571588795658622;15.578962670698159
303;ratio.alpha.beta;0.7345434513181306;0.007313378752973801;0.7232027254190487;0.7407884925619039
303;ratio.alpha.natif;0.41948302717100516;0.002177636024925651;0.4174354011861366;0.4228137647303683
303;ratio.beta.natif;0.5787730140508524;0.0016532611836782432;0.5767780573513888;0.5804650375078321
303;total.T3;601.4667585277069;54.04370986058088;552.529779643655;685.7372375639561
303;total.beta.carotene;751.0823055957258;4.763670084138901;747.4621903423983;758.5587274636846
303;total.carotene;1146.7590806794258;13.005209089428893;1123.9606495454784;1156.068969276522
303;total.toco;809.2929777349257;31.059789590821563;774.4124082890521;845.6262305894693
303;total.trans.carotenes.natif;863.4160202402797;7.103927033822389;852.5629191907824;871.7664277708402
303;trans.alpha.carotene;391.8665704591596;2.505899986450563;388.59397222559;395.00082078434303
303;trans.beta.carotene;524.3952286572228;2.527198905010613;521.2547468659093;527.8125778892189
304;C18.0;5.576653870726501;0.1282313359314105;5.428341104247972;5.778405755469961
304;C18.1n9;44.871639202991766;0.14148134496459128;44.76952327330526;45.1023588973416
304;C18.2;9.69732699410802;0.10609067880024418;9.550320980515375;9.831075452851096
304;FFA;8.759568103565309;0.2497356242617138;8.60361284109053;9.187857119311928
304;aT;141.17315879375116;19.729725642428622;128.8983929894788;176.07256191120862
304;aT3;207.90356672661005;14.271602088756925;185.19257593381087;219.54109783361548
304;dT3;95.99872404601975;4.123544275174714;91.39881442147862;102.57940068137219
304;gT3;305.998592483353;7.3717557693969935;300.12541542052514;318.39926283365963
304;lycopene;10.398612814079945;1.471809171472733;7.9854558550991275;11.798455366655196
304;ratio.alpha.beta;0.7063318974469658;0.008180737070497919;0.6945894376119128;0.717614568207004
304;ratio.alpha.natif;0.40535699236758804;0.003084051769280621;0.40101665136320946;0.4089206557362774
304;ratio.beta.natif;0.5931729767483468;0.003903248568938592;0.5876319285534342;0.5970484651904938
304;total.T3;653.2354606991059;35.02831136989611;622.6876854692874;709.545624235935
304;total.beta.carotene;556.0712437604582;8.595928860673453;543.5946896670904;564.6090511265319
304;total.carotene;851.7904758601787;20.48988770106598;819.6595762094212;875.4826406677872
304;total.toco;812.4234504324837;82.9873666832631;746.5686048226662;955.9395953998287
304;total.trans.carotenes.natif;694.4685344360727;15.911806417773915;676.8203745429422;712.2113812948686
304;trans.alpha.carotene;297.16279580830326;2.6685907840947003;294.5076623398978;300.3280080866701
304;trans.beta.carotene;388.8427255822552;8.058610184900374;376.21790435234783;396.775015625717
305;C18.0;5.313736045378044;0.11349096047661544;5.233485817621655;5.393986273134433
305;C18.1n9;43.32139468422397;0.11634486374203891;43.23912644211575;43.40366292633219
305;C18.2;9.66946552105769;0.0077334191178667485;9.663997167957689;9.674933874157691
305;FFA;15.204580628158036;1.6691514016304418;14.02431235323812;16.384848903077952
305;aT;164.658046815738;32.74863012015081;141.50126838320935;187.81482524826666
305;aT3;214.77740749505915;0.4398007860884186;214.46642137684483;215.08839361327344
305;dT3;80.22313631364726;2.616474906485484;78.37300916446694;82.07326346282758
305;gT3;300.15491543692156;10.689309604734383;292.59643212921134;307.7133987446317
305;lycopene;12.986009447827936;1.7079512991697081;11.778305502248662;14.193713393407211
305;ratio.alpha.beta;0.7236524626329202;0.007161636187982611;0.7185884211200068;0.7287165041458337
305;ratio.alpha.natif;0.4097385260683011;0.0014631297589397586;0.40870393709399894;0.4107731150426032
305;ratio.beta.natif;0.5880045221548793;0.0027731428907033693;0.5860436140116636;0.5899654302980949
305;total.T3;651.1762559511493;60.18291446988357;608.6205090179246;693.732002884374
305;total.beta.carotene;737.6718583968476;0.608798557537625;737.2413728084362;738.102343985259
305;total.carotene;1104.3251446119189;3.01803353626235;1102.1910726325793;1106.4592165912584
305;total.toco;840.8508366797569;134.31776285341277;745.8738357323022;935.8278376272117
305;total.trans.carotenes.natif;858.0074964450553;1.1601123747165223;857.1871731179548;858.8278197721557
305;trans.alpha.carotene;443.3373199030532;2.9404381394468144;441.2581161549908;445.41652365111554
305;trans.beta.carotene;514.4498397533666;0.5920363734049334;514.0312068190228;514.8684726877103
306;C18.0;5.2286419129553305;0.05350665404196178;5.172942861386214;5.299556838890536
306;C18.1n9;44.01740885454705;0.07617447929521012;43.90245092285548;44.08932626739631
306;C18.2;9.527201204781953;0.04936056653931346;9.447905417574429;9.573052704070326
306;FFA;22.85544229027709;0.36788049372099496;22.37768446690453;23.256624092274038
306;aT;159.1146551691254;8.038529472375389;146.70187084666813;167.39550951982557
306;aT3;176.57866953387082;9.726365599844822;165.66028841006437;192.1679772910913
306;dT3;80.70494502039409;6.226448140500489;70.32365943996098;85.6049055885
306;gT3;275.4586567955985;22.36911185511615;242.6908056160406;297.04639965812737
306;lycopene;18.000986706326973;0.981506221575743;16.44274868645447;18.98003984340896
306;ratio.alpha.beta;0.7386687267642137;0.008474871063201954;0.7290037479811425;0.7481061235176563
306;ratio.alpha.natif;0.4208546659721201;0.003756868935294178;0.416952026704285;0.4255752131643695
306;ratio.beta.natif;0.5799430944478263;0.0034522819406628586;0.5763042730072612;0.5838963609988626
306;total.T3;531.2756473150255;38.71521064657118;487.7700882699501;577.622880692855
306;total.beta.carotene;718.211790696659;2.296557344839926;715.4703015553448;721.3983062010054
306;total.carotene;1125.0194532125292;11.788201143647253;1115.012430316211;1144.2211353014934
306;total.toco;657.0912183541657;41.59933081740388;599.6562784423911;700.1565772956565
306;total.trans.carotenes.natif;857.6324452599978;13.563935810759663;843.6368868190262;877.88522851722
306;trans.alpha.carotene;446.2059962845512;3.222785802869908;443.27250656348406;450.48149783958587
306;trans.beta.carotene;525.1489002986697;7.364470825100814;512.810745274418;531.5745206529721
307;C18.0;5.296004157808078;0.13911791837864257;5.210442391276676;5.5396786614509
307;C18.1n9;45.14345074996444;0.08196784280611039;45.05745767028786;45.23562492202093
307;C18.2;10.17429866052397;0.05624827603789288;10.102779362398879;10.249441633645487
307;FFA;20.63119051060956;0.437198320395547;20.167182654843547;21.16946612649498
307;aT;129.18835479167146;8.911787378173939;117.0079559917546;137.40160805904256
307;aT3;214.67476780468033;5.994775234695124;205.98588449692005;220.41240707754125
307;dT3;87.96182502299527;2.9074889377768884;84.5839097900274;91.24968658918131
307;gT3;291.8845347781199;21.212636025667553;256.32783793035225;313.1682298044147
307;lycopene;11.877139795314504;1.6375912010582987;10.347946269408014;14.313422155031049
307;ratio.alpha.beta;0.7165598488319488;0.010436165061495549;0.7041443270382385;0.7300916248305604
307;ratio.alpha.natif;0.41695085355542705;0.0024299576454522133;0.4138603857605585;0.41967994685893634
307;ratio.beta.natif;0.5854852258588441;0.0028826444748472294;0.5825314937703339;0.5894846716023866
307;total.T3;598.4669314569812;51.15884371411733;529.2254856722475;671.8255731393324
307;total.beta.carotene;522.2790231039165;2.1811027875911266;519.9933530042507;525.5279367178298
307;total.carotene;862.2180437673653;14.851944591981404;849.4666964325356;887.2452084814365
307;total.toco;778.4087965263609;17.908987977681253;759.7382040345742;806.488527418758
307;total.trans.carotenes.natif;683.8326416447446;17.10724202443815;672.6468476010737;713.5210130280487
307;trans.alpha.carotene;303.7642910110002;3.136121070553791;300.22469224304507;308.37441118611827
307;trans.beta.carotene;402.2447414602467;6.063016932050671;397.8193873389188;411.8784802826318
308;C18.0;5.57864114115901;0.04109713086186439;5.5464174701596445;5.647117316147336
308;C18.1n9;41.28400010184318;0.655060506035481;40.872987933540365;42.44613785769787
308;C18.2;9.957532544283287;0.11651730589946512;9.880265900789217;10.162023345543146
308;FFA;12.316129671909106;0.8183515435710799;10.927309697704532;13.01759404005639
308;aT;175.9479077234002;16.15778308679897;154.5057363275098;196.52848792460836
308;aT3;244.1253124762567;17.032264728736607;216.4821666955798;259.16093112198604
308;dT3;78.31587063084939;4.684105982933025;72.25432657811126;82.91654467750277
308;gT3;284.0739210917378;38.72880457616825;236.18240168970465;329.88458666151104
308;lycopene;13.214827514220456;1.59967460118314;10.809301123610608;15.049998200125634
308;ratio.alpha.beta;0.7047518982393646;0.007431544643903066;0.6992280979711528;0.717650209800564
308;ratio.alpha.natif;0.4087355753432208;0.00510676052435266;0.4031152271200204;0.4150551918103983
308;ratio.beta.natif;0.5881179180382141;0.004750643832430425;0.5804281196193732;0.5921753158557478
308;total.T3;640.6982194134844;56.548477282364544;569.382731315331;721.7309622844767
308;total.beta.carotene;693.1267451637519;62.922868790760944;650.7757121020303;803.5167329108892
308;total.carotene;1063.7844152390492;67.28008703783749;1025.986122662804;1181.8363750887306
308;total.toco;852.340257320039;83.00900741307281;747.9007342825957;977.2544054143393
308;total.trans.carotenes.natif;835.9318781466394;42.830687820708704;802.8001645550873;904.0650185832579
308;trans.alpha.carotene;350.32663342817733;26.63771295195424;328.38076590895;395.87226966896014
308;trans.beta.carotene;529.2902386959486;3.177768805746695;524.1443327435414;532.162566009186
309;C18.0;5.568401347555311;0.15528711972120152;5.4156040727907255;5.78778151921524
309;C18.1n9;45.19322799708665;0.11107949926610465;45.01441681721489;45.29839150377262
309;C18.2;10.368333650939686;0.09310610031414476;10.286958265769032;10.522138856944656
309;FFA;21.118137125091362;0.32949406074297016;20.544286996635055;21.378215474999806
309;aT;174.94180486403496;16.187431174454844;157.62068370250424;196.73286121808465
309;aT3;227.87548299300983;5.529482285266741;220.19860120339143;234.34566210143487
309;dT3;80.99571420368619;7.035861494241959;73.6332945799413;92.4409824036548
309;gT3;308.773909260755;15.039606462083261;294.721797680061;332.50018101211083
309;lycopene;14.306950526217857;2.3243844382643193;10.878452136031887;17.11586097700736
309;ratio.alpha.beta;0.7087477629504658;0.00768607412296889;0.6950499916718249;0.7132947157149607
309;ratio.alpha.natif;0.4157829965805546;0.0020038380044842207;0.4137462375931347;0.4191092133304534
309;ratio.beta.natif;0.5847970614970446;0.004575738160874828;0.577281166241237;0.5890506374099975
309;total.T3;642.8342287731593;29.54927741529113;601.1984818506971;673.8630896601925
309;total.beta.carotene;892.111439965136;16.43119949307167;872.7165463960663;915.0615735312581
309;total.carotene;1281.9482398042078;25.744105674975625;1258.9059037553507;1323.0194778886312
309;total.toco;837.2306834634468;97.18036268392994;769.664393031457;1008.7037340383594
309;total.trans.carotenes.natif;1004.8219703997535;8.87092492282719;996.6228497359047;1019.7210268215599
309;trans.alpha.carotene;407.42962697064434;2.9237168900958306;404.3373651807623;411.7385253970273
309;trans.beta.carotene;597.5067912264651;7.797182508070223;588.5743746126037;608.7890123406978
310;C18.0;5.39923805240277;0.11227736228076367;5.216698152230034;5.514848964528875
310;C18.1n9;44.61486433066443;0.16593618102953556;44.35503414462804;44.80659703177678
310;C18.2;9.838707611137846;0.108008334396532;9.693196997804485;9.954836520026909
310;FFA;13.778902407196606;0.2610171302647239;13.39890181736358;14.106392301219508
310;aT;137.10585580648538;5.158799578107018;130.01545465981545;142.75008301442344
310;aT3;211.82852986477005;13.843174596346433;198.19142933837963;235.14391664275308
310;dT3;89.44823000663442;5.366067122406167;80.7968005829266;95.62778950267773
310;gT3;284.34955909294393;17.5669649846108;264.29677715092697;310.99433716430156
310;lycopene;14.464316154496487;1.6995257630945315;12.564313664813978;16.683661262552082
310;ratio.alpha.beta;0.7235393044114729;0.003975273141138595;0.7181225075898939;0.7290952730644585
310;ratio.alpha.natif;0.41843149795659607;0.0009541482864681302;0.4174576941899549;0.41984815836475126
310;ratio.beta.natif;0.580885247425122;0.0021188075354032863;0.5784506827286982;0.5838865190395574
310;total.T3;623.8077971216265;26.54626078463015;585.7126016556726;648.5473214230839
310;total.beta.carotene;605.3759207125182;0.8414997478321345;604.6113613763364;606.640011781174
310;total.carotene;1021.3785532912868;5.321435977233304;1014.4596748983727;1026.4622168913888
310;total.toco;736.2252756307537;35.89242615945923;691.353781171167;786.9257997783044
310;total.trans.carotenes.natif;808.4561428076333;5.30118262413043;800.0198062590349;814.060853130785
310;trans.alpha.carotene;375.4209489275778;9.191617782023258;368.3229793847824;391.3319795123763
310;trans.beta.carotene;458.74714314524465;6.218172261178433;448.9187796458415;465.8810125803114
311;C18.0;5.285484956904739;0.05047764670837017;5.214647274784848;5.351632725640801
311;C18.1n9;45.090934550599286;0.13375461352827;44.883529163586694;45.22480398966945
311;C18.2;9.804518056184998;0.07806024612095619;9.713609539632783;9.867863822318633
311;FFA;21.01422083259289;0.2927486716151023;20.77298556308306;21.36184854041626
311;aT;159.3579377120595;15.915384989363726;146.4853842665247;182.2314481999637
311;aT3;223.30942213131706;25.40121160023158;199.6110762803734;255.96510873428014
311;dT3;81.50911716464351;5.687623371930137;73.59258416776208;89.33957650967858
311;gT3;272.9765457378161;34.18594034279029;219.72877909542237;314.2943050523137
311;lycopene;16.28402624612709;1.9002162468784511;14.653792106253741;19.55006702127423
311;ratio.alpha.beta;0.7263665516491156;0.011530981427704472;0.7157766367860752;0.7432210070727078
311;ratio.alpha.natif;0.4151565488673465;0.003690545237993808;0.4100548793283722;0.4193210977344249
311;ratio.beta.natif;0.585833096091875;0.00285214688090098;0.5819715628127149;0.5886141250346
311;total.T3;581.3374966389316;24.367716478912108;553.4492114852361;617.9142057384902
311;total.beta.carotene;827.7752574647682;4.948322754245538;819.4490879505336;832.6486743055912
311;total.carotene;1251.3652071714218;30.09105035364487;1230.7487768623532;1303.5299916043684
311;total.toco;746.2926754431512;42.68704017492713;691.8215087282547;809.7377384139913
311;total.trans.carotenes.natif;984.0862557966473;25.495348320797024;961.6217395092282;1021.7526972959099
311;trans.alpha.carotene;461.73455116925453;5.756191104655711;454.8920287441036;468.98314986897867
311;trans.beta.carotene;552.295459938178;15.698311604725959;540.842815020449;579.4482544573759
312;C18.0;5.591376464201755;0.10114835917514928;5.499977439394263;5.730637124849489
312;C18.1n9;44.170779127990365;0.3000203275430562;43.84397128688529;44.54897427794484
312;C18.2;9.571167495322834;0.045100682411312126;9.507211530302376;9.619241197735306
312;FFA;17.05529833922062;0.23256240818064913;16.799354090326275;17.300561644401206
312;aT;156.46086157221185;8.808287964170507;146.64710612725824;165.07563780216051
312;aT3;202.35135188519183;7.553782789442311;193.20922596132635;210.69975384588398
312;dT3;84.90398645717916;7.669675461833445;76.93738343805626;96.1616798538898
312;gT3;288.58490302981335;34.438918239412764;237.0930962637822;330.4407967580889
312;lycopene;14.523079689217031;1.3135736170331214;13.36577309712017;16.108863000841378
312;ratio.alpha.beta;0.7339214385813836;0.01276991884328021;0.717002398788108;0.7471984267771391
312;ratio.alpha.natif;0.4171312419346179;0.0030171035495269068;0.4133547496956372;0.4213945676356798
312;ratio.beta.natif;0.5774268483658505;0.003098368113502186;0.5736485433276401;0.5813612571170398
312;total.T3;633.9790351348878;53.1838635408801;592.4240833360694;717.0459089203572
312;total.beta.carotene;717.4794000549442;6.168423733145419;707.7326265167864;723.8354656981418
312;total.carotene;1104.0609782626204;9.845006471940312;1089.6300226466326;1116.9550011286835
312;total.toco;751.7672001050938;17.895675863133448;724.6067009185717;774.4858270100906
312;total.trans.carotenes.natif;871.7586055858335;12.525690945540665;856.3747078521536;887.7037723232736
312;trans.alpha.carotene;405.5103404809087;2.9053183873853032;401.31040083848484;408.45622518700543
312;trans.beta.carotene;521.7669198095317;7.652390661402654;508.7241096400232;527.43381915868
313;C18.0;5.439252593274306;0.10697353644993596;5.3324011273358956;5.586649504608002
313;C18.1n9;44.99552859427969;0.07274966047482223;44.8735298538512;45.063610207058446
313;C18.2;9.63661141065747;0.1309727657146001;9.426126133303718;9.748438442138772
313;FFA;13.414218891643202;0.643644879429289;12.73608945330331;14.373068321142828
313;aT;169.02008483835564;16.723941596218488;152.40254582362522;196.6764318019851
313;aT3;227.8159535817243;11.16383400271926;214.70089884900517;245.23458044377398
313;dT3;81.22900119705226;4.027049162737903;75.21778324744793;86.14382429141874
313;gT3;306.5082044402232;15.825613242348037;295.08210242799544;333.4846309519403
313;lycopene;16.29516382179677;1.1717505522857055;14.962480230409847;17.909959733087753
313;ratio.alpha.beta;0.733328067921362;0.0062799378022409015;0.7229862800342483;0.7398142190452144
313;ratio.alpha.natif;0.4152253967493518;0.002930440899418726;0.41164314174981753;0.41845597407267543
313;ratio.beta.natif;0.5824723167296013;0.0034459155719404186;0.5784989209793049;0.5872451859280767
313;total.T3;646.3913036107521;22.152475175863664;623.8384224688994;680.6501051065511
313;total.beta.carotene;918.3064056969436;3.205306464821759;915.458245766041;923.361891036616
313;total.carotene;1335.793915452868;21.670860571228246;1305.4540456187735;1358.8211401765548
313;total.toco;816.7904146048684;36.86935549830672;786.8458916880531;877.4135369328216
313;total.trans.carotenes.natif;1039.181859464086;12.669971192768296;1018.4513989806968;1049.9632817404488
313;trans.alpha.carotene;461.0732756992049;2.6637580726883274;458.68177344488396;465.2905240795075
313;trans.beta.carotene;648.1826911574963;8.627511692476993;633.3897838313319;655.2206558254902
314;C18.0;5.926629518248181;0.054607874745216806;5.860955813798009;6.005625135232085
314;C18.1n9;43.28915420938436;0.19905630191057525;43.02326023365017;43.47832028150908
314;C18.2;9.84849463836353;0.05306220027122785;9.774317483361502;9.916113638920194
314;FFA;8.629509168226072;0.1756306415988702;8.468788208825936;8.839237183857332
314;aT;184.65545323967257;8.109933277808716;172.94087663730008;193.9401966475387
314;aT3;222.05810780091014;6.697534369261178;212.79071653182075;230.1003537585566
314;dT3;76.14210679248262;3.9973380720783953;71.66079294185249;81.02704565573367
314;gT3;296.140165674853;14.701507140041334;277.6885692046733;309.7980568052619
314;lycopene;16.74513891090519;1.6326478972901346;14.190913415089902;18.517574882581503
314;ratio.alpha.beta;0.6922621506152115;0.007648612274086475;0.6812351018251376;0.7008577215918457
314;ratio.alpha.natif;0.40145248096572034;0.0024403937426369414;0.39804019504730803;0.40475912277523707
314;ratio.beta.natif;0.5948636620868224;0.0036706721374307133;0.5901513882680726;0.5996476172587186
314;total.T3;709.9343368111197;47.72161834577938;655.800514471715;761.4306683593298
314;total.beta.carotene;908.947323415228;19.34208341204472;885.3268118540747;934.6196230223209
314;total.carotene;1383.4171966661113;13.753083883723063;1366.5759417484637;1400.020775443294
314;total.toco;776.7025125507713;22.41006783720098;755.3468723151143;814.0051267721578
314;total.trans.carotenes.natif;1124.824750029416;9.60710313139144;1110.0916545453836;1133.1264713426183
314;trans.alpha.carotene;413.0881709321261;4.529912239809892;405.7381039316872;417.8228676779526
314;trans.beta.carotene;704.5861398766284;6.817481741999534;692.8767298820104;709.6340557587968
315;C18.0;5.221561543135707;0.10983802403416287;5.115986591068014;5.349870396177008
315;C18.1n9;43.237405942547014;0.10858387390564818;43.067682152090626;43.33960529484024
315;C18.2;9.872872532142367;0.07400950065626814;9.789513681452847;9.962580300146989
315;FFA;19.686456910604882;0.12792404951993813;19.568232233208583;19.875908624492
315;aT;150.31597630218647;8.420278415523978;143.493639006003;164.64546800797297
315;aT3;223.43191038339745;6.671025791227035;213.7354827420944;229.2268436450985
315;dT3;77.49331152051627;4.41408411377527;74.00849346335598;82.61867959770404
315;gT3;277.5902135771924;2.289016089213658;274.5583570130344;280.0578539490527
315;lycopene;15.703507569976598;1.5447060924583;13.706849741695205;17.36924842830164
315;ratio.alpha.beta;0.747129601445826;0.01117901814257283;0.7355383466272529;0.7616353082878837
315;ratio.alpha.natif;0.41610524879986616;0.002820177955097322;0.4113088821242022;0.41881127444253946
315;ratio.beta.natif;0.57957648798092;0.004669024533091741;0.5746399436734143;0.5867556869076009
315;total.T3;608.0424243348925;43.59423228495925;573.2031611307322;682.8544257389854
315;total.beta.carotene;841.4940554411903;7.6473400073342335;834.1391763600591;853.7325510746382
315;total.carotene;1351.269819810957;16.843560495900718;1332.1776460751341;1375.3479400987846
315;total.toco;760.1248196512578;42.06744549613549;703.9337146102844;810.6631213511941
315;total.trans.carotenes.natif;1039.7361338381252;18.583979748277283;1017.2601293424227;1057.8176603990328
315;trans.alpha.carotene;425.21614124412815;3.3083805358591056;421.49067198070554;429.3587013097689
315;trans.beta.carotene;636.9730987549344;3.769995168210969;631.6498297809768;642.0417217653213
316;C18.0;5.417322593637875;0.06485792871682168;5.341635493344731;5.5057931087881915
316;C18.1n9;45.37254498156598;0.15717250564809973;45.1723934300314;45.592727610512945
316;C18.2;10.337064785939829;0.09780596346205565;10.18163637981413;10.443266395682896
316;FFA;18.924998458599056;0.15042558081049182;18.670940971249603;19.042850194755676
316;aT;140.11926583495253;9.020556950224288;129.50399388856542;153.41280829952115
316;aT3;232.89410282025295;14.234024350103772;221.77869193931014;257.28991869043443
316;dT3;97.64022918778798;9.062163355148082;88.50355949319278;111.87255318881809
316;gT3;290.884430746319;21.156875886222767;253.8649260105059;307.18873649380663
316;lycopene;12.18493786437975;3.137078536936519;9.338413617413464;17.375622902407496
316;ratio.alpha.beta;0.7255120205845889;0.01116317415085359;0.7090942576133724;0.7378311338601432
316;ratio.alpha.natif;0.4150491765179615;0.0031886589068764125;0.40966483042671287;0.41807306764353336
316;ratio.beta.natif;0.5829111240250336;0.001043922034946165;0.5812570535833668;0.5836400940372976
316;total.T3;639.9906749516658;14.986202039528001;613.7366352423852;648.5428075829614
316;total.beta.carotene;550.6849023280126;7.842381733627789;543.6600828251562;562.2096342460943
316;total.carotene;824.9617130043173;10.912024630042692;809.4971470919165;834.7640511793979
316;total.toco;779.15317581617;29.423164670308726;755.1750336082499;828.2964142894431
316;total.trans.carotenes.natif;665.3514682102825;11.553048578439686;654.4479207456343;678.4668513711999
316;trans.alpha.carotene;287.3969238798638;3.417356314498537;283.8759810065236;292.06559592305615
316;trans.beta.carotene;397.9948245368994;4.191783300307056;392.38359849843516;402.1492152611007
317;C18.0;5.4571097088280025;0.1570694721135484;5.290289944718768;5.639104245695749
317;C18.1n9;44.3333440790156;0.29149567839541074;44.10908168901006;44.68803971288739
317;C18.2;10.171725687889946;0.0812465307097143;10.062176152549311;10.26347246935086
317;FFA;25.433905202758798;0.28930538035567344;25.000213312258143;25.80953314023645
317;aT;150.6894943989834;19.52073855881633;137.95943511029623;185.1101958716224
317;aT3;235.56544969125753;13.8065736155915;222.00024730095004;255.45048963393356
317;dT3;83.02938882089647;1.2371577530089453;81.48427042674501;84.4656549737886
317;gT3;278.45828746638443;6.723739225375349;270.18645624142727;288.0523872847205
317;lycopene;17.346909550048064;1.3768574795520943;15.209111476642175;18.997539407313862
317;ratio.alpha.beta;0.7340194986481006;0.0067523863980869046;0.725113010813966;0.7415181747318713
317;ratio.alpha.natif;0.41848975969768876;0.0013272528916220025;0.41705643967463;0.4204788946790034
317;ratio.beta.natif;0.5818834523708103;0.0016641022242224743;0.5795033900196249;0.5835016089190043
317;total.T3;590.2651539483631;26.351757707997688;556.8930754021724;612.6590036807155
317;total.beta.carotene;1003.8184213621898;8.825118805777597;991.6408889212493;1012.5045140020022
317;total.carotene;1511.895809203383;19.40066057448607;1498.3628522594322;1545.706425343695
317;total.toco;756.0921011667238;63.882762215228794;694.4209884256863;861.7258372349129
317;total.trans.carotenes.natif;1171.869660982326;24.087771774996174;1140.3569667541344;1203.2064327848661
317;trans.alpha.carotene;476.71391975827083;1.362498019813306;474.477295108673;477.9452071942415
317;trans.beta.carotene;783.394684593185;10.024103144816866;772.3284689899758;798.2018981579563
