ech;rep;total.beta.carotene_predit;ratio.beta.natif_predit;trans.alpha.carotene_predit;ratio.alpha.natif_predit;C18.3_predit;ratio.alpha.beta_predit;total.carotene_predit;trans.beta.carotene_predit;tlip.MS_predit;X9.cis.beta.carotene_predit;C18.2_predit;X13.cis.beta.carotene_predit;C20.0_predit;C18.1n9_predit;C14.0_predit;C18.1n7_predit;total.trans.carotene.natif_predit;C16.0_predit;C18.0_predit;eau_predit
1;1;494.6883157859178;0.45119692984276666;212.05562032652978;0.5459850758186638;0.43216210880147155;1.3400947149233455;426.6550972040688;318.23951879820487;65.6722965295124;66.48420952549546;9.540280306594758;59.63142532703303;0.38576844518952874;44.141868088949174;0.8001064775822107;1.4973045685289228;378.9434228947456;38.16758375734181;6.035645590984965;69.69999444681875
1;2;500.6333978061116;0.4426110714465132;253.1425758609961;0.5488823007188603;0.44051345509530665;1.362111348590899;492.534904717654;361.280235680086;69.55927157953843;98.86561041839651;9.52938322202186;44.26060067061127;0.38574287906659366;46.36659503854984;0.8702458146185208;1.4047569553245984;472.39695566770655;37.52419525816155;5.887068161937528;68.18999549122007
1;3;412.00121450634833;0.4297861237917104;328.75207443612976;0.5635442006742054;0.4414239123847281;1.4957957939598605;509.7484358047707;338.00094154245085;73.23562426704515;74.93634331259206;8.123243467599059;40.43229428077889;0.3694368497085463;40.018934993822604;0.8684019507047614;1.168904802862855;469.55158182979847;37.31417773454568;6.012116893879826;55.95999887236272
1;4;179.08209324507607;0.4968212654631275;158.27502156008012;0.4854280342240392;0.2447258203073541;1.0776407781154453;336.5008595095354;140.66012072609806;82.15678717498766;26.601493311555103;9.18845539527487;20.70433904777858;0.3931968821219596;50.8337430628629;0.600072786696425;1.1575977084682816;299.0197385019117;33.87648952069532;7.107364284690274;35.959998554908566
1;5;285.9449720658958;0.48189115988706344;206.35553097183217;0.52872413732908;0.31299745391793393;1.1024860756426262;445.6222954400598;202.45059637179074;79.75347366594252;49.807709426085694;7.5009348803577405;40.92242209420159;0.4170695560061283;49.0331169743188;0.6860144787492104;1.1858833956052452;373.4005057748418;36.74953274956557;6.472700385703848;38.68550012133548
10;1;779.0079941204825;0.5052551836903162;1007.7906349937607;0.5193996860517613;0.36111486462463377;1.195980230587849;1401.0270986544042;582.9120048216198;82.3127769092459;121.35560827484194;8.460544472534146;75.0582163554011;0.43299522459423523;45.664629792332875;0.4883857327345835;1.1111726838480378;1224.316022916936;36.201686644429834;6.551879580643981;21.660665117429776
10;2;709.6616970513476;0.5839379913013977;743.1744158391698;0.4163866731501888;0.36327395030262927;0.8790694461317334;1276.8787260030308;512.2230047952868;82.5859000350923;106.52231493200335;9.092856643539749;64.9716567206643;0.4296908478070962;42.9104800838218;0.6562394963087093;1.1164060224674714;1167.373567357281;37.141937401618605;6.782930223194021;21.15799886773938
10;3;720.7068430019312;0.5343663802098838;1008.4204978515388;0.46915248927221975;0.34854247711535263;1.062420447063659;1268.2250625333104;541.2575502346119;82.21707949359028;106.48778942873852;8.460758231076671;66.06660841659304;0.43739441947367547;43.57163432086474;0.44934705422082266;1.1403181962004614;1161.3255337781025;35.821788603113255;6.84354565453764;22.31678301044838
10;4;648.2918143806204;0.5414629046412148;391.9780223188646;0.47995647318741824;0.2820668044113505;0.997093939467578;840.3898334418403;463.74436306906534;83.16036611089481;83.37283830326655;8.512679484890281;57.39274025770242;0.3384905155209714;43.9517532294733;0.6045490777131849;1.3690777922085968;778.3670427189063;36.36407940170195;6.9469329504838635;21.383291894974924
10;5;538.169383665863;0.517698794267635;299.9856189557947;0.47992474713967426;0.2596756731723492;1.0519366411198077;715.2976508228103;401.9284410925104;83.13593067125525;65.9308416981782;10.098583095064138;52.79766168786502;0.3945263337516532;45.550432270349;0.5850254131591611;1.3046136921052334;651.2858875442447;35.283987683379;6.233840042288559;19.581666918310802
100;1;705.4480495297056;0.48770366244235397;326.9023969641857;0.5031424259638579;0.3621029937414075;1.2476723246445665;1385.2380741550128;469.47397574614445;81.16741220130999;134.74839811966706;9.274095710775468;70.66537918983886;0.4463687734983352;38.977168899893734;0.5740108967595084;1.1961458976832056;952.5028409143202;37.33891886628906;5.506020657324148;20.520001252898666
100;2;759.5554215684174;0.5347722727255175;745.6355189404852;0.46275473558405894;0.4503889760834514;1.0268318733119475;1385.5863847216915;557.6109595760737;79.71249855310867;130.6314621616843;8.365613612075665;79.22825366030743;0.4594885074325007;39.30878783220096;0.6328943365602354;1.1423386529944992;1213.8763817949643;37.335530351093645;5.414033528975686;22.530000581663508
100;3;1070.0879141457613;0.49679380210960294;555.2964300646622;0.49603463578957674;0.41041453026147434;1.1584363351385691;2188.805779005727;778.9468938636576;78.48674132043148;124.61718328070705;8.956545899497137;84.26913718265914;0.4202629575467013;43.49914913048648;0.6872828460179191;0.9639682195591103;1923.280438938115;38.95406164119042;5.835369355968939;30.600000285898176
100;4;989.7951460814744;0.6235640937948187;952.7131584584273;0.38448562510120665;0.4736765693124422;0.7398674808257475;1853.4081582221959;678.1926071114068;79.98303869249436;145.11626324703587;8.936425706131011;74.40838541651063;0.4397947327690575;39.15817846839795;0.7336228310415122;1.0524710076111763;1644.6181898919783;37.30044143257296;5.700030417886391;32.37000170806915
100;5;679.7218808412492;0.4588325870697835;794.025722842003;0.5289234653736862;0.3021751850113638;1.2543555522030276;765.3449018132543;470.1207106051323;81.74849267805875;96.79776043109496;8.944594006090338;60.11329721720483;0.41984135969320024;38.88211386109896;0.5571260422286988;1.2671791807775867;589.2712174605373;37.86200355827479;5.6766450673733;20.480000791656288
100;6;1009.739480483805;0.5125688611240402;457.71893487109475;0.4852718107672866;0.43705309364899064;1.0526364045788645;1568.5211807378903;735.1745383733141;74.57171143673115;138.33758135067015;9.0452954155947;71.83637280558422;0.41649614733462037;42.71912023387152;0.7321626339748577;1.1266739218233872;1558.0668451893562;37.98424824124905;5.568372849974111;38.1699997291098
101;1;431.48391375722645;0.476677939332777;255.83827741584642;0.5306136388249715;0.28023745599160726;1.210922542942303;650.7938368461154;315.1162274797463;82.55549741260815;67.53838767903586;8.677108899754314;40.345008345547306;0.43298787351480045;50.08925858699897;0.33152696165990136;1.0602678135858674;532.7587018133232;31.475980321323668;6.848317016171999;25.522310107456782
101;2;1151.8744476964214;0.6060025548890063;1310.5584854634267;0.3978589323436237;0.4069206454749885;0.8655784016172317;2244.9831682528993;819.9236845448415;76.57563784242618;145.265234065159;8.290212187639215;76.77421280046954;0.4283292074521096;49.61123681342849;0.30882267567718225;1.089728872858709;1883.7802860785841;30.656459239284153;6.533884492498669;37.09941052982335
101;3;1250.9028405653394;0.6174398784388387;1117.6564119779364;0.3907400297670012;0.5040479452857494;0.8534839710581584;2048.5166342510784;1029.8423519602673;74.08380539945686;203.8058927114431;7.526973609377517;91.79982494416392;0.40858259224346866;51.37205444669618;0.4451524535679559;1.3176564070337793;1791.2490502008188;32.7267423255498;5.834951591559731;40.028239640395434
101;4;899.2012851861264;0.5673720580087647;1002.1180523172848;0.4203929237886811;0.38696411823100507;0.9508900426465235;1725.4735167390663;700.4267463986308;82.55631805265881;145.64367312602462;7.712703094892499;67.8574743343135;0.40092978447079863;49.10529130060598;0.6246208487668536;1.349094644898347;1621.4861076529724;35.472281779387245;7.488217681159664;32.0700006196015
101;5;768.4647798180746;0.5086558784071122;364.25545853095895;0.48188959939015896;0.33896898074657605;1.1075471512071966;924.2213238810583;553.8700695560619;81.3623756389215;118.94267198354329;8.563567292294907;57.136106442262346;0.4021075216921986;50.17423474694961;0.5575764778542508;1.2539056971534748;844.8030855693055;33.20801783705239;6.456294590550527;30.32000141642719
101;6;893.4247515677453;0.4913721154796869;1012.5713540200267;0.5222634840652284;0.4102190483466043;1.2505966146200782;1399.1797083886963;661.2949327078068;77.62222224838698;139.8220030886144;7.846855464586827;72.69133096772211;0.40726275341637097;52.235455064949505;0.3685971685236444;1.333540419194807;1368.1376444973637;31.018117695677965;6.0442386447354215;35.27499599977149
101;7;974.8260142236571;0.47036481426360305;707.1309661681299;0.5085950152988749;0.35987994695382547;1.2546518005913034;1241.4148008037475;671.2278568289648;81.80392781570649;137.59584669742242;7.904812472056062;71.46388863517028;0.43603873320484837;50.36201301914354;0.3910109272837829;1.0089865529818014;1032.154161324704;30.027595244737203;6.306904235272929;34.469999025742254
101;8;805.7389036269167;0.49676389764230144;475.9846676853216;0.4901905938026341;0.3343462657039264;1.109233144284695;950.2906535136615;603.3481247214957;81.2947967031109;133.92356367237934;8.269461737071222;55.942656316050645;0.41715968875967474;50.181487456448295;0.391531458493901;0.9904768410889321;827.087799716952;30.85033776669371;7.02394774163287;30.665001810158245
102;1;720.118756466024;0.5147477369110455;332.5584982792296;0.49819268743114575;0.31014969169390477;1.1045967300578288;837.2868382138123;526.039624266229;81.25723885939584;90.0557419759233;8.689444530632475;59.780323619710465;0.43133399004004397;45.71070441233134;0.6063291406788407;1.0071063923985417;643.7360844637833;32.66692564060227;6.0362260605416616;20.24000063555412
102;2;789.1034732989939;0.44041754579810094;306.65891650815547;0.5377011914541485;0.26520663452139215;1.4421530639290978;804.5080974102336;530.4049232791659;81.30154565618405;121.30767396775849;7.99674870478415;60.34808857553182;0.42747229016024507;44.02962957272201;0.4942528085186932;1.2003023953427947;647.8193910894698;35.90527845304089;5.824710007815512;19.400555619511564
102;3;788.8640901643272;0.5532947070142453;620.0721774063935;0.4470672624174813;0.35481743707261615;1.1004864493361384;1203.846496440683;598.7258660692703;79.13743659954335;146.8899952971937;7.86873228454287;73.29235301337404;0.44712193869709455;44.79170257769099;0.5442238232842475;1.2465147806746597;1060.6118570519582;35.296822385964276;6.110140487805294;20.232222862749826
102;4;902.3620304344367;0.5712322343625531;290.5864543308928;0.4237007775180927;0.4372718362626971;0.977252116354773;1388.820677346559;586.3096068205228;79.32272618431963;150.5903263957075;8.295528496740246;74.24350899071563;0.4713007163928692;40.99965931881404;0.5421886863627728;1.0828369647701654;1168.0013449918865;34.61119773641895;5.630253414342111;22.913333761760956
102;5;870.18879495369;0.5106878285316735;409.3311725906302;0.49129319713733055;0.2968678061132539;1.2163296630801383;1358.4510824146168;560.6574306703632;79.38964489657391;126.67026118891036;7.868031284017849;67.1752711143555;0.43967300578002666;41.55796586295505;0.5776465323523419;1.136672947589807;1325.7873317955123;35.84430567509327;5.941425921582093;19.620000018691602
102;6;593.0364855964998;0.47148540819655627;337.95809746655374;0.5202532078518829;0.2586561459876329;1.3496450506889366;761.0053307412793;436.32816679510717;82.10687221693031;90.38642005635313;8.733889882031427;47.70138583059453;0.41324999702883863;40.118727485854535;0.5473728822635858;1.332499508408706;644.2033455106487;35.757297896230504;5.995589335868552;18.980714237660397
103;1;1159.5393108417818;0.6051193999990785;1266.6723223161007;0.3837434271243643;0.42528946369567777;0.8491703191464742;2049.4882097860705;934.0091976564422;79.51307183251095;202.48435519363585;7.177445752233967;100.45743011705089;0.4444744845712436;47.20250370809809;0.7269783034760238;1.0513376429828856;1624.9188639772242;37.83688935293509;6.69947171209645;25.25999900913562
103;2;1104.0741172165583;0.5201304927587479;552.3028536644147;0.4624130723377249;0.38084880435825275;1.1249763186530124;1494.8440163830592;778.2722326675434;82.22367389164233;186.93652418933453;7.441256732786919;72.67971035341856;0.46223989231391976;45.24517198583197;0.5515074164910445;0.9827210851533684;1229.8546499903498;41.37325463434025;6.993211098394308;21.78000383364185
103;3;964.9059875254576;0.4972296594920933;886.0320422857673;0.49516968732733896;0.31952426475088197;1.155748095689577;1357.9482855538329;706.3757356698216;81.8363112374606;141.20545865960455;8.239617453575129;75.15530370063955;0.4577646943643579;45.6878371667376;0.45786531415634696;0.9991722922232082;1066.43096714844;36.14926448652931;5.869752449223329;19.310000144474515
103;4;1117.260883840486;0.5873797922216473;1118.8174124190298;0.4199647754698383;0.45265526766031866;0.9755960203431819;1995.5102440439246;856.5264372309108;79.28406327042157;167.7831554958059;6.761563368236666;90.72518049179256;0.435258251832026;48.45764620567465;0.6233845526641354;1.1050687215141337;1664.0632940595797;37.99313458676214;6.2109899268525695;32.85000412848968
103;5;1055.7517406227755;0.507654939047534;546.0914915902778;0.48471081962470824;0.40889494897926815;1.1074346906920425;1750.399642144857;879.3221737891587;80.44437576271474;169.10981421510974;7.334287025968396;75.52077536326188;0.4485943913299473;48.55536263850136;0.7523197039691286;1.057552370999355;1351.7953060613456;40.534567721662604;7.28412245227453;23.317914667335764
103;6;875.3749255711706;0.5929447884334743;357.9865221704097;0.41166172149621133;0.3025040878657781;0.887957394443101;1329.4006136776059;666.372032468586;83.15097213276398;146.8196361671975;7.95654968952205;67.12257003646857;0.4472251138651042;47.54246550685992;0.8979494888055608;1.1597160646676206;1161.4075171536956;42.50418417385611;6.707216227510056;19.750001925125563
103;7;1107.2326349851621;0.533705370796185;613.4593128953354;0.46196706404837595;0.43138636887379483;1.0192297204341179;2022.4639556459817;875.5372211601045;80.7239344273077;172.74934633370776;7.587185611385031;90.09414496514937;0.43255242284834916;48.224501416550964;0.6970151091327109;1.0831462923747592;1681.3401360964115;39.29160487555097;5.905408192922338;31.55000180373859
103;8;1014.4458587735627;0.4886979195409586;756.3681525784257;0.501374686752459;0.446899803947634;1.2188988359595352;560.47019703951;797.7347546801462;82.30599701251593;158.56102492451691;7.385321299407422;86.28948283615335;0.4240902709486839;45.78348809995969;0.5922832073935247;1.2809127398175928;525.20253157971;41.15171760842015;6.347215900749544;22.44000168714013
104;1;364.5893122504518;0.4908458638412285;214.3199161215966;0.5163514010215985;0.29648649836648633;1.2289029297045713;464.6031619487975;263.725767051156;79.99664988094722;76.62453768256817;8.271889898391043;38.53912986141111;0.44154070206541257;43.47232107339173;0.8316502393327077;1.0338070428201533;400.7509033087146;42.746744801932785;7.476580911211102;27.78833263391131
104;2;370.07534274579245;0.5063773944725523;173.8843962654903;0.49764808161275104;0.2592314989624095;1.1233596831417327;425.9865118944584;212.97698614947018;80.62535731179685;72.09989896664669;8.304085852154923;53.18839767047364;0.470673354857926;39.28788077124404;0.9412580185646173;1.041455274974239;358.0348102541421;43.599006287371004;7.1972692356562025;25.459997632073133
104;3;335.3096395805999;0.4970871295168018;181.61475636264768;0.5048762591207577;0.3043502051334309;1.173763209704746;425.76318880093925;294.1576398102883;76.60950066454193;71.34914243579239;7.898689511112885;40.47326853663305;0.4068461178734097;40.674877770336764;0.9357484621907151;1.2913541862282534;373.7168561705657;41.51788014012293;6.562645765470323;33.080303311915166
104;4;368.9864300042915;0.5108723420369041;218.17926776905495;0.509700504665017;0.3507833150076804;1.1252501504635373;452.9642204163714;208.8033068302608;81.23370589532571;79.44382910912265;8.732872501519772;47.50325300428799;0.41889232377473457;42.325736652072074;1.0644093365076066;0.9263098223356901;399.69653912885747;44.788843158087005;6.404620303424307;35.84999721782581
104;5;842.3675932143618;0.4789047353310206;1049.2937310660573;0.5131585478770029;0.34957434179226665;1.1715313451272487;737.8354265669925;553.0653045889575;76.3156503738182;175.77061127711767;7.04003590751288;82.03635157033523;0.4452737917931666;41.834411835347915;1.053145286607566;1.1283194111780528;580.6534321021479;42.68452876289899;6.5943289119516075;35.74999657219357
104;6;206.41101728643127;0.5103989775890283;133.85696781553958;0.4885197697578029;0.23958532268956337;1.022636661385993;371.22279142163575;151.9307762773078;81.68069300141552;34.780128063348805;8.034007179811844;27.29416243327475;0.42920682068787064;45.42053128698033;0.7332172239282612;1.2876153446982541;306.09324323836796;42.484123565971515;6.2107889778522;27.929947637618085
104;7;496.1185056763627;0.4857323543758713;299.40783154943045;0.501604781835435;0.3422306346770298;1.2881809110030982;516.4297055915017;313.92479325410505;79.48977378846972;131.82515364001586;7.85574722539277;46.79104849437706;0.45444382710355696;44.381636718193576;1.188464039718955;0.8719295552141361;401.2940892701221;43.27356403889474;7.797128607759275;27.238333889585633
104;8;196.03452170175106;0.5071875159709608;127.37057278689514;0.49209970738515835;0.1998574349514968;1.1134197925742537;336.13082041006396;149.61105459529819;82.87476765801394;31.79327301618972;8.592010068640546;27.932381952568534;0.4495452805694747;42.7826380053502;0.8266903766693059;1.015523545859155;299.7143398044098;42.61096011823181;7.032886471773386;26.83776257240156
104;9;332.3918132480552;0.48891394643665825;546.9834814473585;0.5053261222522006;0.30892654797184393;1.069918118589254;444.99794787047455;229.712145061336;81.69268052250277;77.34413008319572;8.325483604270339;49.32340408970159;0.4370652567832711;42.324932474718125;0.8366947205389162;1.0704875682439612;388.1128935513815;43.77029792398309;6.9147009318911845;29.385349153143306
104;10;408.95800724599775;0.6287740523270752;221.7918111217321;0.3933595416053048;0.2777468989959233;0.7541620726726579;435.5950608637104;269.10248961096835;80.37240253531593;110.90321136114477;7.774690373724579;44.964321874862165;0.4681979338905757;43.579321099393084;0.7384718946074494;0.9514862546445321;356.0719852642394;41.077976521417014;6.096458631044872;24.136018719023035
105;1;651.7663494484539;0.5071414344578999;375.65950646527386;0.49724378996518415;0.30659719677971564;1.1935555283744885;754.7419365257587;470.27129028047136;78.81306176876416;106.01075484310923;8.634152873006194;51.892374224898006;0.4399497287944186;38.92519082170273;1.273373727242526;1.0991038928044794;656.4406270721394;45.07649554375373;5.755794487311252;22.340620506548085
105;2;281.1725552057922;0.4552509195296952;141.02213874001302;0.5253483819690308;0.17559433175329858;1.1825382674408202;504.0761414926855;210.47812302905353;82.38934678814597;40.167500394955866;8.904674701308531;34.467617135574145;0.46311036462491495;38.47096244720798;0.8919068871371337;1.1033936062651342;429.89352814070327;43.45634675110434;6.711280058292754;19.72238076534849
105;3;973.8933670574672;0.606209809537259;533.7383653255705;0.41107021670608546;0.36771696350327987;0.8155895296789659;851.2622455355848;678.5568365939329;78.19609464961444;129.57194640855477;8.215299302344622;59.80822245806573;0.4152138823148737;37.68897597260288;1.266298878630746;0.9788805477545437;745.7300591669527;46.19765241618561;5.208195013445758;25.09140832942933
105;4;292.0117758851709;0.5559985534434692;188.81427446234275;0.4489923134169269;0.20849939236432266;1.0218611202020953;379.7819958726476;200.43282483032965;78.6708395921788;35.61815967005409;9.174966270570744;34.95434458705047;0.4423660822624425;39.96839375796689;1.0485304478376873;1.1588705056688342;330.27334952206814;41.883878116664064;6.950784411015996;23.7421100978201
105;5;287.7950181544886;0.48474133800857966;191.72765146929356;0.49168590814120117;0.18193152974408192;1.0670775127299754;588.6896141021434;228.14663107624736;81.29779302854267;39.533812762267104;9.544680487757146;33.54352467169561;0.43811493881956665;37.830681631525074;0.6973298258561625;1.3193765916358577;532.0291699290796;39.484187289652866;6.857854654104593;19.529999633014288
105;6;623.2482173930937;0.46751784801799906;319.7346658976198;0.5318144380625713;0.2884175897899964;1.337366819797223;756.3692510895843;453.2755649723864;79.25071783188245;77.26054767779678;8.88687229435912;49.32145765713634;0.4354820095785978;38.53058358956967;1.0152468898354214;1.0896109176564446;662.9517628430887;43.88331838796635;5.727104531784207;21.97551166459797
106;1;806.8034477439646;0.5225066617619006;532.932496026754;0.4770187586414437;0.28344360358739124;1.2079611162842596;1504.394666272986;624.6414200380776;81.42080097326915;139.6652740229251;7.397568865543127;67.74943004952081;0.453793724518601;45.31873530933091;0.8242842342669872;1.0482117042834826;1166.8008034899667;41.66792715757326;6.478797220119574;21.79555581092005
106;2;406.2577185227941;0.5010497119807975;228.54801950973697;0.5070192188824078;0.17231262153708593;1.1965823430389633;634.849155608726;305.3205141833099;82.18193968197866;59.29278662113788;8.60771637821327;41.54006262824711;0.49019111663554427;44.50270776332132;1.142817968079077;1.0654971807077334;508.93966294971943;44.152854899484645;7.413186865313302;18.291666782317563
106;3;753.7880746575424;0.5021395163446222;370.51447337346605;0.49521203716860185;0.32604744143326764;1.1361265644281897;1276.9732055289096;630.8336488217902;81.2048283818422;112.65425092396187;7.942155422945104;68.12403572104193;0.4588939327513576;45.13833255023723;0.8663965911233583;1.1557677791934062;1159.1603203290213;41.41657073142708;6.476070489762816;20.98900449374678
106;4;603.5540494600575;0.459319042334815;431.9982890877343;0.5291851117030313;0.2566225342998162;1.3365288796038381;827.9532883419477;459.848824333063;83.52682989048924;87.07325145036585;8.134772026252472;49.96219903333394;0.38247467940496405;42.967763421909304;1.0028217775579662;1.3000115867920798;648.7793566987898;43.80431457475343;5.680192270982103;19.56375250151775
106;5;497.87860824430703;0.6220310075926442;256.76455913100824;0.3934760856679243;0.22050806121972677;0.7810224430084809;660.1888893274337;351.94978767014027;82.91555685193615;71.66285013473095;7.9438294925567;46.655217319355444;0.4273196800567663;42.02660428248505;1.0095450478495764;1.3267466201014053;520.0098263396109;44.214269618450764;6.976910624441382;18.293750917277443
106;6;526.7708656271778;0.5954201016894735;255.26438399925692;0.4032077359050087;0.25567355003793907;0.8172508974134515;694.2495572211991;345.8468793066729;80.10701364250346;92.01515589700628;8.423183827646044;52.20704999592097;0.4742919185524134;49.159371183783556;0.7710148565063831;0.9793717650370719;575.2135462502542;39.27126815514521;7.408811538076213;21.42999902257717
107;1;179.68453299262964;0.5407745029784069;128.44594230673567;0.4640964820692898;0.15791486610726993;0.8843298362933937;347.87553712114067;149.90812557243592;82.26907548684831;34.07951617076842;8.827194537895457;24.227145137987474;0.4656915739190943;45.16686034204166;0.7073708916408203;1.0331326775052978;296.10934554350257;41.948946554447524;7.007730825623704;24.258505893250984
107;2;303.9360479833556;0.5932556445994936;191.95871154296503;0.4048882307414784;0.289587313634655;0.744026544309935;460.129138597781;223.219546589308;81.83457874495524;60.64023791332945;8.24110815847847;34.674587145782844;0.45286373803947855;44.84463900134234;0.8855879221263372;0.9753274628919053;374.96703218607763;44.55310496615363;6.559369820205792;29.907273935771755
107;3;195.47641105265637;0.49077188545351286;132.24225222811313;0.49620029752413625;0.18370690419853566;1.1658558512811283;352.91255279806677;136.4173613001162;81.76448476717763;33.22745922452345;9.917438314894218;21.070588829173623;0.3965941151003372;42.343517921822496;0.8192137351860669;1.1059750029531954;295.17292637049724;43.51401402555513;6.102171767264634;24.37970775314877
107;4;831.5959971980069;0.5755384988627524;401.11645603406066;0.42600732213774267;0.34558925566696885;0.8694034488170568;917.5476500748089;599.0093630497151;79.85741183861597;148.0337428628902;8.473500342459586;59.38858197615293;0.4439517713700778;43.206562852658756;1.2095377766008988;0.9054953215835989;738.8991814031037;45.722725061934824;7.334267557686968;28.120001116863474
107;5;187.90364212324465;0.5191404162943334;122.99425064877936;0.47791012306963987;0.1535902415869591;0.9594772428077095;348.9589394431535;152.34066629803917;82.35950535014847;31.091020240574018;8.641416035417143;25.565722233217567;0.47811415260052337;45.828479597758125;0.7320263408669072;1.09481858348022;295.4427585295684;42.9756437965282;6.986261967653287;24.16977510594033
107;6;337.59152273384314;0.4889068489341822;170.31515147910142;0.5150092760228172;0.25556581479191975;1.0870985769285055;418.8872005365674;218.96133790573757;81.0640389295659;67.5020941436933;8.206855643493933;37.76044801472177;0.45967823571265193;44.64400432929879;0.8801847512519836;1.0032626973303618;330.02733760182144;42.721661706728085;5.831073312100156;26.927271332002483
108;1;1219.371775376669;0.49198837257696637;1088.2882737982584;0.5104189678943699;0.4117269671938992;1.3069179394396568;1805.7750641044486;927.5645272133987;76.13954154337208;140.64030768873238;7.733548436500216;78.6287433116304;0.3567256991172563;46.39241548502844;0.6887164131906606;1.186040127890373;1549.1749912960076;38.20622492502656;5.4787152441095195;38.09499704663851
108;2;1293.1276433194846;0.5051871963535012;1200.9205347809743;0.4845809472699356;0.43106260068923935;1.080038720066084;2093.445213524305;995.5879863075077;79.15260317211896;196.25696656079384;7.743745538016627;90.94300364998597;0.41489549212288507;45.63726656243356;0.8150822586916838;1.045351007591536;1752.4296596657025;39.95798991742268;5.551763502272115;35.50394983808177
108;3;1319.5904082573152;0.5475473041907645;1047.128024972106;0.46385697873430304;0.4121236166610881;1.0414249605322752;1157.1519075860922;972.8781707733293;78.17191136855625;161.5707246927371;7.85417918877433;81.44273470297387;0.4096871712818445;48.28100293026387;0.5919322470737941;1.052930589135463;970.494521001871;36.90900487596718;5.937849579722202;34.41500013650594
108;4;788.5718562063348;0.5783326930367386;470.83385587116504;0.43154700708108323;0.3559343773949052;0.8603273061701768;859.9314107694803;672.9013980517977;80.20056644932095;135.44960680981998;7.680916899651392;58.27834725055655;0.3957311529377999;48.62364606501315;0.6138615558748488;1.0851410650348456;789.6861256364886;36.44116194320161;6.132719848254399;34.39995162032996
108;5;1314.8154142721098;0.5522072165734833;1391.7821979747068;0.44998290977183547;0.45325187996719074;1.0966663470343;2246.9447104774504;1049.0955130631053;78.03340052031758;209.50534582976448;7.126680914353836;91.2137756622811;0.42569370874947154;46.34145041179909;0.7580187132317069;0.9111636304320201;1877.0230823857328;39.92029967922504;5.699524454241447;35.18571363173701
108;6;925.9423500220161;0.5719157141826857;454.7613616161112;0.4338904857270183;0.35456551934473984;0.8915372578408812;925.4424401979708;749.0543252443922;78.96088777416091;102.02642324662253;8.56476555284655;59.11554857178051;0.4249130179758021;47.21645261418983;0.7551019118377011;1.008453179716196;898.2337260288729;36.073833597953815;5.477193402020561;31.700002046951486
108;7;1004.1292907894381;0.48902439496554345;494.1994078048703;0.5109400419634211;0.32615252395873684;1.2247167607988738;1045.9308439622605;704.4188494039018;79.65365946802099;125.85074371929888;7.301529305499245;70.20692454217154;0.4237695935281324;44.794129178556204;0.5329366413565336;1.1373198827148034;901.369797463609;36.65806363338745;6.28863033473225;31.56954882711662
109;1;748.1699125497175;0.5370209652424912;857.0726992509916;0.4729634638280022;0.28535607482730196;1.034486173394311;833.4075585106294;583.5629402533308;82.34101822301794;95.32681862027323;8.23815693584786;58.58728620661242;0.4273023136283966;49.881992838217926;0.4732201059000951;1.0613628198403828;706.498631982227;35.19466742548926;6.538436395721107;21.543221121021137
109;2;1074.154074884347;0.5131903701060222;684.7419500745216;0.475811781912226;0.38572321037876134;1.1605328368521708;1815.1250848827883;841.0431043305238;81.07153787283062;182.8168739960739;7.5868531421166985;77.1004104703262;0.44460538150656026;51.54236523967903;0.2957969276325488;0.9339808698844085;1347.6180648415589;31.6221114566444;6.225687645450439;22.248408453740407
109;3;686.7590246380787;0.5533636874748218;793.937810331097;0.4530294494186171;0.28893131930320304;0.9256387515052749;847.231609821464;540.417805007507;82.53003903000291;83.72890450140031;8.956095990294427;51.796905484804846;0.4119964707329406;50.61313246297305;0.2921604847474052;0.8727490435431129;756.8176489140926;32.275590445538995;6.348913482579449;21.602220379689708
109;4;969.1371331362928;0.4896150501438344;984.4103768187274;0.523660662902577;0.2821428024990705;1.2286233707511747;1427.9676499663765;684.5455343342189;83.14766344167154;101.20400869808869;7.595262901918489;68.59644629781627;0.4257980014057898;50.461733352148464;0.3772210587200506;0.9923374428158137;1112.1258366763495;34.68512291015368;5.914129815371304;21.529623563314676
109;5;1131.9193098303692;0.5041370195263817;435.84814581368505;0.48858342653287185;0.3984550784558196;1.3076737490540231;1793.3398252826676;868.8498685680698;79.57078346098216;185.67727574569378;7.452560920981011;79.80534297251286;0.44512877986958843;51.54154580699207;0.3956600218819325;0.9608358492334643;1382.5368119097277;31.04469406936588;7.120282707617844;21.66122220569835
109;6;981.9996170073755;0.6136712328491266;444.3216826369017;0.41630982410819695;0.34192447662462017;0.9808427857999397;920.6780304272136;703.5270242995715;80.42147303198163;114.55829034071489;8.72723981550968;65.88447339970058;0.4357192111464535;50.79330896141903;0.5340515672167615;0.9192397671787563;795.840128631276;31.648438146041176;7.3521000427053;22.04999973017487
109;7;1077.3170869669389;0.5731292426405408;370.56338221425483;0.4249473280641901;0.36739016821101933;0.9552018511952565;1490.2279531276915;802.797570792835;80.48882099662774;169.4862037314543;7.7263766919854655;75.43621729294807;0.446271284952625;51.133796553230276;0.31660638317204415;0.9112766362736501;1325.634928890194;30.813641407323225;6.972197238353929;21.779555773971556
11;1;895.6895693267796;0.5294655209377447;343.55915821073455;0.467844092501223;0.3332024839471506;1.1978649286804464;1413.3092073443165;579.82070306542;81.65227332303832;142.4326925851808;7.706241668246687;78.79431467882591;0.4737368040408007;50.068654473296654;0.4521805013578404;1.0491638413807067;1139.4649993351957;34.970926705378226;6.972591539730534;21.210001782065515
11;2;749.0270303167055;0.5610004422180519;964.6638884343089;0.44124734401473487;0.3176823110739052;1.0276828816649977;1436.9640003955965;540.0720174652434;82.18360352868201;112.03459867506888;7.9449898570958615;69.69132078402713;0.39890505322791875;47.024045556310845;0.6047754896024723;1.2336311124076356;1158.9699071791051;35.209988601537525;6.654153808476186;18.950000297172405
11;3;809.0594535355517;0.5034501660823372;567.3372674283748;0.4954493352178802;0.3382544216256008;1.220450957046671;1253.541997431905;554.1448899605454;80.42006564474434;122.73035404160811;8.883547179416686;73.1063331709518;0.458632443583979;51.672703874365055;0.3948226651632247;1.0838877126516622;1144.7460085175935;34.21621762188164;7.233751831979643;22.625168144375337
11;4;803.371087367872;0.5817376510265817;439.0360532977154;0.43579335196917574;0.34712670182364563;0.9698948409683861;1624.8236110304986;532.4073135646004;81.70579272878336;125.80681035656816;7.9480022173774225;71.76848982822156;0.43621500972816596;48.766534711449545;0.6794068945997276;1.1084075077861646;1475.7421642434183;36.33061970306499;6.65753647412227;27.15000036547475
11;5;819.7690245791266;0.4986042911036784;778.9048034750272;0.48518240638664184;0.35204369056376594;1.2939060086100311;1467.4139684463025;651.540521828489;79.56655982455584;121.9235346043657;7.919351665273301;71.82524134361124;0.4362781844177303;50.748863047321144;0.34111823143908104;1.1218657059769341;1270.5017576194641;29.83636215183649;7.143217904110914;24.051903991773266
11;6;943.9207142668718;0.608615124979443;601.9878069811448;0.3980101407589386;0.3858346566618183;0.9583224022869168;1659.8447326024886;760.862903706492;79.75910016657305;132.6903733700734;8.53219673790891;80.01493949021159;0.4345051261198134;51.37334374425102;0.3879253990767995;1.0026470430557948;1383.5549034537514;30.161313414894735;7.282812694279596;27.229998508758367
110;1;1179.4849934738104;0.4908493827935836;684.6501973095495;0.5005767188150451;0.4218682746943959;1.2442440124088698;1865.8889258554786;891.4479027973997;82.61202864777248;211.8819939155189;7.213850308157479;86.38482140020517;0.3934189618037746;48.19378299798127;0.431317092162727;1.4004240505530945;1600.3486333891162;33.5475489397926;5.683428062244307;27.949773334381412
110;2;957.1340134675687;0.4916114518176801;638.8477446960615;0.4975912703014492;0.31022770559157664;1.3038595107533864;1262.3565778296368;654.3017854944419;83.60115760142988;160.75104012625744;7.8982912290926786;74.52415440905686;0.41654004930603333;45.68614589963311;0.610844071341209;1.2529627370892857;959.2016462830308;36.8578563620291;6.107936811842564;19.280001605885467
110;3;674.3978475372794;0.5186496370245531;316.6178743520479;0.4694400095581571;0.2572005632991223;1.079420507325789;791.1693154610604;545.2427467210883;83.37643828828894;105.97227412397268;8.047396971269874;56.887479922657825;0.4322274778568178;47.68354816050324;0.42500635307119056;0.8914393922792176;701.8654733830082;33.01769141387303;6.72073226739217;19.303749509991892
110;4;1078.1830463673316;0.5031890136425767;528.5482658913062;0.4917809653605132;0.4015457691562789;1.1326130132930976;2095.8571307045468;902.042453058645;82.60158144874934;171.27368739423775;7.626563006841227;92.74971896813777;0.43899245537261405;50.098337705453226;0.47234662127807053;1.132494650037786;1641.0915141551156;34.56949574314263;5.95679686607992;25.230000765186166
110;5;964.6409551313716;0.49605385896560295;560.6864932496144;0.5026934016961092;0.35762488079774923;1.1863453639109967;1465.179990996121;700.3927733859542;82.48017574979497;116.30790243580581;7.507580492281769;67.73344155183351;0.4188421558052062;49.335396787325934;0.7466842929093863;0.9831011510808488;1308.1599601552846;35.01814440656403;6.584661448864993;21.03067032516368
110;6;893.1739775816151;0.46514069582568396;391.21756788285165;0.5429943273181689;0.2953010430897116;1.3052477827607813;1391.6769291932799;593.3033326679006;82.83197885432737;117.71618337786023;7.610812713424253;71.72273997015468;0.4423020231265668;49.462326920296874;0.36731197693470163;1.0691183420909773;1117.6214413693085;34.084971727592524;5.798772915468217;19.990001942096566
110;7;943.9742645689253;0.5893928303448357;419.65471310643034;0.41615158541948805;0.327979781967328;0.9273063015872884;1441.2024825452877;742.9897460708011;83.55470202479046;178.66989156248783;7.3401229589337245;82.50358071807504;0.4525445877594887;47.418000306435786;0.46481979001356455;1.1332423422919566;1110.06327124983;35.763857954847786;6.0704679231562775;19.99375285273062
111;1;657.3575590882846;0.4652104734727751;301.4937598774543;0.5281902083702325;0.3079845351425492;1.2498407393447366;706.7224375581974;383.16964425811005;82.03981969669535;116.1665365139334;7.586583998328211;59.14054632145658;0.4570785603016185;50.50132492677376;0.6954101016157992;0.9259645394130729;594.3174015554182;34.17340338763512;7.181029147358492;21.780000310574977
111;2;262.7744999664859;0.5020224302404548;141.75641626494973;0.49630963103412457;0.18472677094008522;1.0698081597241744;384.56217564377994;201.86665461610212;83.1142937705622;65.42928545298538;8.03414395587341;37.98512810755741;0.5015903241125391;48.259818860931425;0.47473236548393316;0.9288566822628215;324.4273468196425;33.53863345653152;7.581080840221774;18.713332764701807
111;3;299.00638399053275;0.5615718913518408;152.43627106102048;0.4447074726971757;0.19146137242985006;1.0238848052435003;408.5165532953091;217.0419799138624;82.31702825770799;33.347290371622904;8.67035404493812;29.515849758379783;0.4747276009804083;50.04431523686716;0.5891534249907531;0.9464067274499149;336.5755569465927;32.549144249936646;8.940143674039568;20.89999989092125
111;4;461.0835668732696;0.6019176804286197;214.1220184447904;0.4173468781826921;0.2413721542274995;0.8878438198911791;538.6104154098277;278.9022363275187;81.64473552805136;87.97959008775273;7.021315357920534;47.6088458562172;0.4830799827219268;50.635281365972396;0.6927530505913839;0.9414819787858114;405.70726352013924;34.83345120753026;6.743527902510663;23.129556585544734
111;5;372.02616425945723;0.6359374014673995;160.28554285150554;0.3826711815532354;0.18912403843611414;0.8083630460959939;418.4393540140716;225.573751656735;82.58609342834524;56.77801741209124;8.5554181149691;38.726283589846204;0.4950571753707553;48.65025810511876;0.5520930196786209;0.923944111016493;343.96843529606736;33.998247756070256;7.746544939467951;18.883749992531023
111;6;375.29865314741124;0.5070383191033913;187.44169663879723;0.48654924772741887;0.19668036677948078;1.060531780433252;606.7016797711642;220.7465641831599;83.0980659095719;53.157652570360504;8.792588354016369;35.4102032135015;0.46830575704473576;49.10165755041647;0.4834587142235252;1.0404165802765926;507.0208793214349;33.979365322594305;7.442355435292996;18.183332673917487
111;7;472.8052283910601;0.49949166921108573;215.59563467784668;0.5044500340069248;0.27024896241695323;1.1044050637829335;500.73918868782084;317.32345493087155;81.3879039634984;93.99655271213493;7.860587039426329;50.00678398433276;0.4855429336928778;51.04966202378891;0.5691490970347154;1.0454117980353328;411.350339577194;32.93238553373497;7.578728924869242;23.783305645831128
112;1;973.1236703947258;0.59371872071235;647.1210074740508;0.4146596308969804;0.3276913496750032;0.925518796235549;707.270134735376;698.6342361870587;81.04545350939215;161.1593065114323;7.126839405173837;75.20454198732959;0.4838844718233799;48.57599774419167;0.8568203508322605;1.137403384130727;564.1538498045996;40.987006941863335;6.895238776245329;20.55375254068109
112;2;618.6736676145638;0.49876739591395386;252.5132475912178;0.5003509961452249;0.24268493333391436;1.13387164917303;688.5787764772878;466.1633043436423;81.24153809250537;79.45629262661467;7.977962119295304;51.86289527636864;0.45212928093862714;45.5360838905934;0.6994476158521149;1.0153514404565567;573.4404322167553;40.60765551118505;7.0069457906758394;19.31139013045309
112;3;652.2604086755799;0.4801336927113573;954.2734217607162;0.5213148384026689;0.3309058390107762;1.2378912264094704;1145.9669309067804;532.7612159127024;82.8527881854067;136.16863241215887;7.732726138266896;62.81458783828096;0.4523590050987071;49.00273137608104;0.9906174994976555;1.182535034548055;985.0156225945491;43.0695883199663;6.169624129950426;20.24999973364358
112;4;434.8973879546647;0.49636803503730476;248.9107003878075;0.4931170377910043;0.2015216748009167;1.0820095532549248;653.3373279836824;331.475387486335;82.87341531905211;61.907280974923296;8.580721157898093;39.280115611038994;0.43475333114784653;45.36886929156892;0.9256783613714632;1.0034979748357062;541.9880304870094;41.2084793413558;7.939679913867097;18.4024998533791
112;5;878.5946535274489;0.5910467428681795;893.0590787078473;0.41082268103526776;0.3152227894161963;0.9452134491121346;789.6206281604677;637.30733595365;81.2152276597333;153.9554126610927;8.08248153355109;61.042551930483285;0.4620628095624793;48.99111887309942;0.9402746847051336;0.9375025881987991;687.6474990774726;41.08918222300423;6.19061909437994;20.65375268651236
112;6;500.0367068959381;0.6432167084704382;239.29868257939088;0.3822133073507366;0.20590427726575747;0.7097140917383633;668.0818182911014;326.7101877819189;82.40876552329401;92.04481247048828;8.369496651807482;46.06799500060183;0.47136137918455234;45.744551703596805;0.8194064000430501;0.9170819356204025;546.1843140962966;41.03417085074747;8.67954051396911;19.31138891836794
113;1;711.8014586204595;0.5721055596980079;361.5942865233181;0.4114792742044767;0.31700828772452944;0.8892896972235669;780.3586523328513;611.0423117622109;80.07995400543437;108.64713456317442;7.631732857865581;66.57009443821272;0.4328685832603345;51.631273675100104;0.5013279946122587;1.0563600418663341;694.13120247483;33.28242724528547;7.078313460472335;29.32727405894833
113;2;679.7525421542434;0.5971255178866476;354.75904490218437;0.40688582039687426;0.26705607957692623;0.8615483740114034;737.2753184139417;544.3739606684294;81.9699295040792;117.3843781077535;8.078121761612277;62.78216471856556;0.45935998984153387;49.20254535907723;0.41138130667909806;1.1098578122518596;599.132683412084;34.18480670946954;7.182534963369937;19.384465383087765
113;3;715.4260696740381;0.48206849236911936;288.16721517639485;0.5250922629150113;0.31591670263238497;1.1659067883161012;760.6789431668633;570.0792762926864;80.74189579719683;125.14951763633657;8.08605535955844;62.314447539900705;0.4445706562731126;49.80291199506521;0.36988424732231356;1.1668905442275361;665.1135429245718;32.82904425558291;6.576701149177319;23.340250393945666
113;4;651.0932559849815;0.4542945385375573;543.5626612420576;0.5240635865408495;0.2626626239407101;1.303344440217478;704.1239409166024;482.46403841244165;82.00985582787801;89.4823562572807;8.440989645137723;56.212519068099624;0.456560459745585;46.254064388903736;0.5218301124425433;1.0334379018490742;586.3751303748011;35.49039494038147;7.40585576021271;19.12529883916177
113;5;676.4648165026334;0.4622583663196958;651.8848711928971;0.5153625199660972;0.31703555797312744;1.2281459840593367;825.9502777308182;563.8256968455265;81.84875501344007;108.33833126497457;7.579629794622367;62.99903625067842;0.4439299617838612;51.245723813450596;0.39253405829197474;1.1834894744325857;730.6947641615894;35.03025944455324;6.35179440993561;24.67312530829674
113;6;714.7421479686407;0.5109656512273143;573.0048852897282;0.496721096454815;0.28083197114170527;1.109256712157142;742.1729053267748;545.5189756606799;81.95644920933128;91.57596687989673;8.066884463850586;61.383319346785264;0.46234646766035015;49.201601487259126;0.34385535928671657;1.027244981016753;592.3040259506461;32.947310819544846;6.865219944133008;19.643751130998997
114;1;1071.973484524919;0.5359788188276496;576.0831286777922;0.4621057598383328;0.3782099428862453;1.1180073749153332;1853.7296039250173;773.2156777569602;82.26504319889153;210.14866628448723;7.0029353748063805;70.52982379916435;0.3954717606303189;52.41625153572066;0.3642913447725777;1.1783846030052287;1575.5153538232987;31.750181365066148;7.34859937979993;27.002499619405214
114;2;879.8624149975819;0.5839557138998511;337.58986837036014;0.4366688144743791;0.29773115367679204;0.8815584245328315;1457.854485747365;649.7732526869038;82.40846796056672;137.75172669656016;7.6818683398743834;58.730667337778605;0.4451912957048904;49.625973284676824;0.46383646334641837;0.8668665270065838;1186.3606673893566;32.02520079213137;6.879019921589567;20.628889963311106
114;3;968.7309084739468;0.5326489271521362;507.4602599621303;0.4871102215257574;0.3629392439931168;1.0840652998225844;1513.266433552001;741.9111061518051;80.25273551178623;178.43899369527355;7.600239936526707;73.02170161689789;0.4442515114311242;51.88755046574956;0.5784953515105016;0.9075322742696065;1207.6077432199443;32.581213223333705;7.185457543293474;22.27649751344677
114;4;1281.9217148829077;0.484544879968246;1134.6261962139702;0.5177913579030795;0.42923382970614193;1.3887675637749783;2191.9979548521674;1065.8992559438898;76.3328115476336;218.12449323253054;7.370345123697559;98.05534036721052;0.3778644152240537;52.1585858172441;0.3705718737503766;1.1790084553201092;1931.8223326789084;31.59710402689333;5.745124263436314;39.105714119974984
114;5;787.2681263428759;0.4912731421349712;338.24412011503716;0.49683367494203556;0.2379560931717894;1.2434240881325525;831.1352557379764;567.5107219633925;81.86957206676593;122.02824667216741;8.19253053686523;60.19579079777181;0.44507525634129685;47.25253645992583;0.44967008660104474;1.0148716857476874;709.3924129303695;35.371081479268035;7.144375646984478;20.643352584993117
114;6;979.5178208953153;0.5055366365483505;974.489259898437;0.48696140358805184;0.36031600437525235;1.255842041611438;1660.5367822557437;795.0507106615628;79.4039216974902;171.50299545368526;7.466670345326184;66.57670891252363;0.4312162611048768;52.158842372694934;0.3119356866682024;0.9606089554715409;1439.3770017820996;30.866795373032154;7.319460882757943;28.56000044303971
114;7;1213.8743693177305;0.533293027022505;1011.9069529260842;0.4601363014945197;0.39746531377965044;1.097713930520728;1929.557963603601;913.8880661255035;80.18440897559412;204.1319382161348;6.871259525525065;95.78580243788609;0.43281963985030186;50.487476592720704;0.31932883075890073;1.0857148678449386;1608.770716157486;29.251410951471158;6.245472278245076;33.080000495814836
114;8;846.7697514979353;0.46796384036403793;410.1476934781575;0.5285712934004;0.3196045846787201;1.192025165307469;1570.0705798035247;638.992680696152;81.07273599346183;126.12085660764185;8.134193942746403;59.7725158324133;0.4195988076366811;51.845392204895845;0.30057911145434735;0.9715144903749856;1257.8074163079082;30.731782365022163;8.262433935551512;22.439163851357534
115;1;954.9803823458308;0.4947321902924823;562.8203622393802;0.4935593882001139;0.373535666319257;1.0655223664686226;1733.497578760291;768.2356096123392;78.54321714522183;169.9617497512807;8.3374777287886;75.63121023629664;0.4397594307680653;48.2748245086142;0.6546889515762447;1.0629829528815546;1424.9064685766757;37.857599333424155;7.311145815315987;26.87999891355721
115;2;742.4386229048155;0.48247706522943234;470.1936757975236;0.5000308021330869;0.24900112429644156;1.1845149589353312;987.0954298175017;504.2860849213041;81.17824693574174;122.08798007452046;8.47659794507599;58.47736520657832;0.4222027612695948;46.97645240676645;0.39638354233984574;1.0892074399287883;837.2060130143011;34.21341189052167;7.209498932601401;19.819602055019267
115;3;1017.474064728982;0.5311577962233849;520.9805122210314;0.4653119560596834;0.39191340782134965;1.0478023330090354;1574.8709277871492;746.2070194341935;78.94037864113439;153.9140186891172;7.870082077884023;73.93592902580657;0.4529616286933329;51.71298604166667;0.6780486131931488;1.1037980743745184;1408.703090696211;34.72729148253945;7.070615049994474;26.558999076542946
115;4;767.9993144714773;0.5861383887462034;410.53437220783184;0.42377605042209887;0.28954786972057556;0.9588519156210921;1083.6150417868523;590.7337069889453;78.90212354559677;108.59887358421454;8.210815090199558;66.42323794617333;0.4429535956175014;49.37845120588015;0.38455695078964575;1.107035293348012;851.6646391445885;33.14838305856502;6.913537068516013;20.33111038919517
115;5;660.2023646279723;0.5410218866914687;548.6862154921878;0.4561683715127805;0.2898505809073244;0.9302139448777783;828.9440645518471;501.2506964851647;82.48163027379115;92.11953479467279;8.666799769509176;60.992343483180775;0.40615855427009306;49.20174158369098;0.6528774100810151;1.1040696934543326;738.7383993151544;36.467436294912915;7.227592956606349;19.859997858775213
115;6;773.3017286164653;0.5176345603666432;717.4372873898305;0.47919899729323695;0.3220714689636377;1.1059772362693818;870.1839432457765;533.406705765309;78.76885284433055;120.45226857569463;8.207582519355146;60.0183474525941;0.445899174136018;49.367321111396;0.4114133139116112;1.047180169044923;708.225864526042;32.310601070085845;7.305164036012367;20.441110526546296
115;7;945.1433885441634;0.5327176140728641;641.2519342771326;0.4574583194731867;0.36691229616755466;1.0387246680445117;1648.9112006600442;719.4309421348039;78.58288158993213;150.41596824378612;7.839615936281862;71.93524302028581;0.4415238168255573;51.01010247354987;0.5833581461199703;1.065568150537298;1380.9653218987366;34.731379458070904;7.0663905127588515;24.130623660046513
115;8;843.7840615062692;0.49283733425326515;542.6702252242349;0.509031523625033;0.3662730765617126;1.250679692617477;1585.428611477092;698.2775010414609;81.59906063961272;129.86231601845316;7.924686902501715;74.48385134756123;0.4077910913314258;49.90050001346774;0.8097354096134715;1.1752077199734148;1253.9745741588786;36.97215517458861;7.916001064982757;22.172497897194525
116;1;969.4989420288108;0.5518973023618585;991.5739189381205;0.4440735356812509;0.40602155062772566;0.9718472157945314;1707.3362317754495;637.3517237708427;81.73199160119714;165.06724286544224;8.054212723634226;85.22773502302627;0.460987669152758;46.74024445972003;0.8507780408546788;1.0475978671591784;1351.10235220733;39.71254920541207;7.652601569175531;22.144997818171763
116;2;731.1664875102824;0.48322563117347395;884.4987577540726;0.5193700570059504;0.2859733671041839;1.2072516070467592;1164.843841645601;529.4934733888609;81.31971627437491;114.12433327909989;8.32011748085944;67.89338578386534;0.4434881250317072;41.99517914719609;0.39738274215295405;1.1802962539183315;989.2210027832642;37.01486287921459;7.617826715066423;19.8137498340835
116;3;783.9269286749561;0.4895980430916211;387.48582007484964;0.4987910715460857;0.37135307267974893;1.3239457661126328;1584.2611378081358;569.171310559828;81.49700016116681;138.7885366191559;8.238146881922;69.69000604375763;0.4470527852254778;48.17316558969087;0.8152870927666092;1.065959660587259;1353.0200265011194;36.270097759008166;7.9925296470852984;20.859999095033636
116;4;946.956323217291;0.573951657460675;463.759070664757;0.43292409615825295;0.33460800708849775;0.9787034256471204;875.4040512512059;611.15395584081;81.74675895608908;147.2124810743375;8.534013679894054;79.51097019579478;0.4659136842112123;48.24160457743514;0.8341023761483356;0.9403622631610559;713.5976587122994;35.76970463477889;7.6495621144129915;19.929999673866302
116;5;877.1785950206472;0.6044161213777989;410.61223439040475;0.3870846852480075;0.331879746358874;0.8225894833149867;1418.5907544834702;626.5774920558318;80.84789735103482;162.22614132640734;8.38661794749794;75.71076505998077;0.4558493419489742;44.91674605499411;0.7563372884494433;0.9521771459862178;1124.1152853757608;38.19485052548892;7.454710244998567;19.65999860925327
116;6;839.851311070404;0.5136239268072651;980.0075809332448;0.48184403146315274;0.3942676845404939;1.2263066158856764;1520.4906629201257;571.030270165668;81.87726215993435;151.1689215102024;7.216742549061398;83.30310212518042;0.45079218524969905;47.97263244440148;0.7679421010472578;1.0915712541411537;1223.010925205732;39.98260234261079;6.869956202999604;20.42111032615813
117;1;932.8932652536001;0.578794685391726;338.9917548666597;0.4228513132493041;0.2918966960642202;0.8792982111186934;1377.671543307092;622.1881313783438;81.52477079499506;124.872560250344;7.822565069762024;69.14239477534827;0.46228967027335527;46.13051750220028;0.7581302602340578;1.0060268442318294;1152.8949419735695;40.196380831593984;6.237269318695872;22.728379163419515
117;2;658.3818333739586;0.6265715049460276;235.33940291182222;0.38295382983073306;0.23187845697162024;0.7339317454257192;689.6404544741384;467.0761595513413;81.53327288315137;102.10918703737241;7.965728169200088;56.71407120576246;0.474571614020103;44.100123525559475;0.403674575816668;0.8993264411090132;560.1820733617085;36.412745569295474;6.254749660241295;18.960001571489304
117;3;346.8654212445209;0.6229315584232586;231.1920749286568;0.3841477372418171;0.20321313009003436;0.6910513072831841;624.518920626019;267.059405249641;82.22376342499294;55.64854360150846;8.573766273606676;38.8862780341173;0.504483011094069;49.9461887383149;0.4557560928165357;0.9412590410702818;524.707876893006;35.43207942446279;7.739238374700105;18.261249045597477
117;4;828.6661699781142;0.5490449280411323;324.790762579412;0.4440090553005795;0.3381699397750744;0.9926172795584381;1239.067300933019;587.9908713678841;80.6431493432527;130.395141566002;8.799816406781686;76.84517387602007;0.4543948130573798;47.72751488893641;0.7561347372081272;1.009781011745548;1086.3386400048475;40.02252154456711;5.884520391486465;24.319911119851337
117;5;703.8975901430005;0.48335525991630407;316.09513352787667;0.5166409526594884;0.28877449483678147;1.2997234064431824;815.6510805753162;498.1885893651127;80.93315993879725;117.63486082224017;8.297481798457516;61.1252583842353;0.4626728864248367;45.49026974596926;0.4498166287531472;1.1303657379640522;670.152488995234;36.65214396084966;6.640962450684196;19.64889114627691
117;6;718.2144012592363;0.49778549277517137;271.15140947208306;0.48804137708889433;0.28752503331204127;1.0517967509534476;1054.993377866339;538.4883278363195;81.1816104835879;84.92758687453866;8.503161041122892;61.061036492176754;0.4591915749768339;44.01566685565386;0.38817263726750667;0.9595166656634969;914.4746708296885;37.62180517495654;6.59958705752239;19.28000191751146
118;1;405.4515881612863;0.6094206597209509;233.60094053699223;0.3813857569238567;0.20945222290226473;0.6898186831479145;651.3523449461513;315.80107246624635;83.0231710305339;36.65330211939314;9.746646978428824;38.83777898479499;0.451674014431525;46.56274333343695;0.5371340745979899;1.1636540816999612;539.3350710265879;35.07424922537193;8.46339101585242;17.57083161414383
118;2;429.16371081658485;0.5485409220482294;273.7269728425538;0.4447271755932699;0.2044828040505711;0.8872049604756883;683.3613055656388;320.47934137864263;82.33837703381423;58.384338784621704;8.686402172944922;43.79926848533393;0.47644109643634963;48.91225727901018;0.7738557705430802;0.8948742530791595;572.0174072015459;38.47425673399171;8.88730096591699;22.381997585555805
118;3;510.29862722902317;0.5216845478092959;234.2397060606756;0.47580909242085523;0.24510383082286505;1.0228325540108607;633.6314260301044;350.82051550882863;82.80765474772834;76.17722649182792;8.449258516394472;50.85240175284205;0.4605817989087331;46.870371942168006;0.5135974805320372;0.944624500449246;521.6854511056388;35.69650697056809;8.727337337018444;19.283751374294194
118;4;344.8889617739127;0.5778151696155436;137.5405532104713;0.4324952898920978;0.21108842824446275;0.8233927113140257;538.5862987106494;248.55388983315228;83.73151212465123;44.43808308356649;8.851275004963874;34.67810393563741;0.46772086657439743;46.33468934655033;0.5860191368237867;1.0996001218251634;464.94067863011014;35.73231902627244;7.892814290068664;17.29999848384504
118;5;602.9858505949918;0.614468431280482;257.1445056601068;0.4042279612294354;0.21843802485793432;0.7440101282850042;630.9269849818842;423.2140851069349;83.18714171355559;84.24244938249636;8.68412399160456;49.42197596823403;0.4627999505058766;47.41723889101091;0.7338424208602092;0.9562604113283827;535.6741492873836;39.23750929657911;7.372523565593897;19.263749846758973
118;6;650.4600124159165;0.565094734821134;259.3753157794237;0.42923858078171806;0.27327310013085604;0.9044797680537624;697.2658343036511;492.87342833328665;81.93240940116725;89.3691555071135;8.636964595294764;55.96878996966312;0.46971873733245983;49.647793832113955;0.720441057840098;0.9275158203402579;605.2149761278406;36.239651920604636;8.659844077301424;22.568887982036227
119;1;488.7607661867912;0.5884729726827016;308.2297497986874;0.42134886017557843;0.20509024147852176;0.8873653475864575;679.7821538607731;305.4927295530226;82.35254285284154;75.16541843044143;8.705526524072207;39.62231482741437;0.46432611511760724;46.825288257401596;0.5394529818797814;0.9297628163260998;629.0646664339453;35.51110255070019;7.847787304657427;20.400831973038997
119;2;653.9621331216059;0.6083378919916249;326.9019093370376;0.398307638406174;0.265116833596213;0.8145083467039587;951.6784591736987;502.9286300863546;82.54425966881419;113.35537221896038;8.172992609433006;58.539404842454246;0.46607846194241853;46.114426947590104;0.6066392850268959;0.9671990417865272;785.9887786011024;35.480018941878136;7.279098490519038;19.231667018174676
119;3;840.0327529787863;0.5383504105372652;311.8842902417314;0.45651046506640325;0.32779587879180383;1.1481439961404825;1178.0913727836087;629.1611748511099;81.64767557622538;162.47988524263388;7.903213829755795;79.71243991615694;0.47774135369582127;49.453205400379005;0.45126944827900856;1.1719965319182466;1039.092376808214;35.44043552484134;6.883067948622922;20.043751750696217
119;4;719.2671365768089;0.5042942509967419;973.7880993032456;0.5020548249994392;0.2777588887299385;1.2499328774034273;1565.5702147601908;571.4916721680823;81.33485631481317;139.69705079171544;8.559527003778701;71.32381790429241;0.467973519497327;46.776561749718965;0.6252802129764627;1.0388230554756162;1346.5602646474447;35.90217297208765;6.362891773495596;20.871000996206472
119;5;710.6063131303615;0.49064547550366133;507.23596406502804;0.5059912021954283;0.29222519874398767;1.2631810645375807;1206.706092810009;510.57926668246466;82.46312379738596;97.45535702778366;8.598037435982944;50.311778349153876;0.44012744285084365;45.87456889148096;0.5258621138445334;0.9971347170777133;881.685474675633;35.43382813203418;7.289921320815388;21.169998554998255
119;6;674.2731214604596;0.6176282210303163;310.7621613458138;0.39206629244878966;0.20962695516093546;0.8487173453262776;721.2509109366447;429.07193874547704;82.45354911216944;74.87778436563237;8.45099254162074;47.14596412870863;0.47635223260663656;45.75827353166829;0.44345178306679217;0.9700840278798006;628.8665424224939;34.71756956191092;8.473170982043932;19.44222213053393
12;1;1155.394359485858;0.5190613868809668;529.2115825968889;0.4659781814071088;0.4629481417868442;1.1820431077369407;2088.9427881974384;1012.7045450265101;75.11920050456975;118.1547454273866;8.482916601517895;84.24370806736917;0.3994714865046493;47.2756557608491;0.8317015238198622;1.0889803040096475;1941.7936588147859;38.55489664253698;6.226040026049693;51.01000069998428
12;2;478.07302706870655;0.5933412328745331;403.52017113035276;0.39538635985139947;0.4165868810817063;0.7973392486299148;826.4089267126296;362.67097425504363;74.5856504602219;91.80608948957078;8.389473150724301;56.62256514317008;0.4148244223358092;47.50374454115668;0.969387409883256;0.9660453461940545;689.8451250384601;40.98609475787105;5.296912226578187;42.40999953243701
12;3;411.1345384367461;0.6148777816744614;282.54638830253333;0.39011619309332524;0.28851809013363444;0.6628900127339047;700.7252429438616;341.5422031247845;79.86251469821892;55.609725699112985;8.971862677780994;32.65756267132402;0.38134615392362403;42.233739543395565;0.6657182814141825;1.1248998704533266;647.351996414606;39.26157965550685;6.475524067582158;30.677661649845067
12;4;1058.2113116893604;0.5752227110203527;1031.8313025938464;0.4071714012210957;0.4064190582999383;0.9926963340572816;1813.5881485359569;827.1461686362778;79.95751232483579;158.1276453137463;7.391282332114503;87.84764250175706;0.46168091663025845;49.37965135654603;0.5763821217148916;0.8897076293824686;1475.2974499493953;38.21865199160978;6.987141748124918;22.778999002470254
12;5;978.5307919794317;0.4825060087236717;675.0910075448046;0.5056337733579341;0.3827333582324846;1.169700756920484;1732.3872433015058;805.3228519822042;79.93865765734523;142.8869401997521;7.6493895698030245;72.22520731151803;0.4328892783334057;44.64790449731934;0.6636482386169555;0.9771090635191939;1491.7328600617416;40.69867565324667;6.819124013505244;25.58633212973161
12;6;872.0049552945559;0.6073832947577109;461.4078538779081;0.3825854466241775;0.35925151583073306;0.7242434053750033;1788.496364070702;782.6388022680644;81.36625853458816;113.03568202956446;7.653015340102879;66.0744349608536;0.4060572956102477;42.70528595909452;0.5935266290566752;1.1131022847353647;1576.720822046201;41.30431097161414;6.5531718466793105;29.610002574879744
12;7;883.6962837119036;0.5000498236037242;363.67607940527006;0.49207467777649017;0.30809529847584094;1.1237361937282109;922.8807543589033;687.6578473375348;79.4296627132973;115.83311205481213;8.739134683032526;64.29568484020695;0.41977233310641393;46.75041023316914;0.7093461833331515;0.8689258796986392;754.5410546322969;39.52409823975441;7.886742879690488;22.4108542487863
120;1;353.6660826554081;0.6306241993818535;144.15175986623825;0.370303588457074;0.19120242713751448;0.6391921613586999;367.38235580087496;262.3157517219474;83.00819755945481;34.65267549459091;9.24184550121645;26.57907402134985;0.5073600856637234;52.43000507413663;0.3213673111773383;0.9360135793477075;328.39342032371826;30.168750780747523;6.755262244454301;19.00335219763138
120;2;754.5517051284315;0.5954402108862387;319.2970210621498;0.40644903361940427;0.3167562116996407;0.8093436669042827;826.6341556802677;620.9002443211123;82.47055214674765;99.81035270879957;8.59791960662087;51.26215768191761;0.4455868450235904;51.22173175027972;0.34374574883820536;0.9352242613678147;690.2545050287488;30.22962815171601;5.562750719750183;23.91346910297779
120;3;312.03916251034315;0.6262219263916128;128.31594731021528;0.3690082418619872;0.18837291404060033;0.6387204361276252;392.6324058351807;239.20770247226577;83.23891067142924;42.09676433659616;9.587566351565279;29.624665848596237;0.5039777049649495;50.906709259242334;0.36860350110130014;0.9234152259642165;330.5894161894492;31.276577042689013;6.849270558143588;18.403471002989523
120;4;938.2431471784361;0.49320175744973904;450.4802440288055;0.5043799344510862;0.3199069944217913;1.1048119407386443;1416.3137675007208;739.8697315887321;82.19668968152676;133.1050292541481;7.822525548930365;65.06981675113093;0.45771312124240593;52.15493868331877;0.25528320652781855;0.9081159872592383;1276.61407648747;29.85497325378008;7.715371688954663;24.128108068438383
120;5;961.3842409358841;0.5622017141826968;871.0459668365531;0.4215925689958233;0.3741587664999117;0.8665927450709332;1868.7691943818688;792.5099633046119;80.70033939639768;158.459132150934;8.09071770022958;74.73211889219854;0.4455103443534883;51.544398376643215;0.2675910992241366;0.9934572432231586;1572.0725321093016;29.144318557915653;6.134564882890762;30.029998972718158
120;6;647.2082836865505;0.5014039657150985;328.03657851363147;0.49604124858792725;0.20821641223877785;1.1576230603987516;741.4149980217512;571.9902467422293;81.72972995605772;104.99336080529287;8.04499702964994;51.776307140468525;0.4688148885512021;47.85951580286143;0.42219293810399544;0.9387898374020469;630.5304621571449;33.20900382206658;7.238158114869951;21.44273611112258
121;1;304.237113932584;0.4661380434651965;156.73759360838366;0.522154051118079;0.3278043009458149;1.3163549363293923;399.49358842469564;245.68249576508214;75.2516177873197;30.614446220278687;9.236662391479351;19.48216140437278;0.4009457930632711;49.19157140729485;0.3202375861315946;1.6577743218499181;317.67501419789;29.35502894136612;6.619964291654393;42.61000158781237
121;2;383.6171321502128;0.4590265982655716;221.7533712492009;0.5362416705915549;0.38240943799288296;1.321052833533831;473.3769791095916;263.81004968608914;74.10691866130789;72.41898162142841;8.681781516763103;25.850461853955654;0.3888558647130884;51.55514347043338;0.3304345403570229;1.4816545580952118;400.28538229815365;29.488289471620337;6.452376848985309;45.53000333595518
121;3;255.87108911960107;0.5053488633139858;129.19930928429795;0.5005697165550478;0.20897427784188602;1.2363450932500002;365.49081688075245;185.7652915446935;82.91060006817261;52.64204286742083;9.262782757359982;38.374988596871546;0.4486488039761013;52.8335280583978;0.28821081388217606;1.3126439667326786;295.7108215107791;30.11694496771694;6.600650057685665;25.56798195059508
121;4;248.58889145889597;0.4998238756326303;98.2904467676988;0.5023356197372549;0.2627908451952125;1.2668784801889947;327.6877005404671;177.91147164807157;82.14241628225966;31.780404981104883;9.821183923336822;24.5347976862707;0.3967915042501028;50.53449161224566;0.504834764584934;1.42780751292152;300.9981921079283;31.100063524898495;7.945478608669925;30.229165716992
121;5;170.8864830969969;0.49408389270606373;153.54361875629357;0.5033074715667545;0.23155946000343053;1.128560945333851;370.20786367236695;146.95387642010456;81.91591611344981;45.93598596649909;9.342937872988507;25.064773345779635;0.4480404218988563;51.189492529616636;0.29295179097686186;0.9892808544455933;307.11716194987383;29.32587528078101;6.723629551433088;27.76683528818455
121;6;326.76727792456904;0.4554901143376884;260.5407115205849;0.54904189957915;0.3797137825284249;1.2822497605231444;503.4307630107043;231.6451687024349;75.99922068061485;78.00806366924435;8.494328151412331;35.72389859285086;0.40606744597963984;49.4300541487551;0.2768675797428366;1.0380959021806193;450.1595726686963;28.870107024628833;5.296888730285173;37.54999929021685
121;7;323.7064506004644;0.479975758600393;229.8202521330984;0.5336831034479055;0.3940069095490908;1.2726186693918213;508.9225067913733;221.9601167424384;75.30373900912876;76.12324268903008;9.088671111291472;29.085785463010044;0.40089086505507376;51.07703743556127;0.332223311210334;1.3066323722463218;436.25779997267944;29.568112499173946;5.3307716309605055;46.1700016849523
122;1;251.84859611852903;0.51980310908357;133.97685900537715;0.49058737947396036;0.18850977105422967;1.157966394381311;327.00041604727005;168.95422738809933;83.03358113655692;31.38461225497646;9.740737855149337;24.315688542340354;0.48618313305386107;50.5523071015644;0.3743575466065534;1.0438371690009367;277.0918711563808;31.225058663772906;5.511387584049948;18.718749550498487
122;2;248.39976761606832;0.5081713789477557;103.81128868780935;0.48807322995242763;0.20179083261810987;1.2682488429119567;325.0978900523145;161.8402659514894;82.8825839236476;31.447627491057098;10.093411065947576;26.33524280719369;0.3922665661605318;45.3630835269996;0.6000359451374491;1.3706878289928186;271.4753555839516;35.3787779815028;5.875233997310198;18.171249698169774
122;3;295.4509392431954;0.5147071141186443;138.91830593200123;0.48600152450388956;0.1873043435084342;1.1179329835606502;336.5479565098344;186.85340818985878;82.57820786917526;49.74840580534673;9.700657393211605;25.359167670352207;0.47869308184146314;50.252848196715505;0.4055754456373723;1.048518780419523;285.80514800357537;30.994567530788082;6.401018666281925;19.053751281556586
122;4;195.86931180054992;0.49751107141563516;98.09862720428761;0.49607207954361304;0.19406005918734903;1.2933059800388091;292.83194162567565;150.7461209064475;83.55901985169662;25.79183550842629;10.245814141776211;25.937701568091917;0.3942412910740516;47.21464674265724;0.5806172697588238;1.5604954259183181;269.6187031981064;33.40271296170745;5.653785270121258;17.939583071259694
122;5;258.486211725955;0.5052908253034196;113.19337561491518;0.48632528926975976;0.1862112769356711;1.2732249427262952;325.5096261418246;171.0683458934057;83.0102275729107;44.25259452023529;10.212991584873459;24.126963982430482;0.43144306162858576;45.212547339691604;0.562800055777796;1.397996639215424;270.2201517228543;33.67515178791022;6.112251470642613;17.821248504589136
122;6;239.21517947136147;0.49353769178597856;124.70176237765196;0.5029439779311761;0.18963191481214764;1.345950526305448;299.656977063419;154.9489430816199;83.69372301143132;25.69226758174868;10.355569606461048;24.55552684677936;0.4240879781826439;50.208548261930844;0.4172311488315463;1.450682442196706;264.7759306932564;32.9779676750096;5.534536834040529;18.521666349199755
123;1;508.6661188209099;0.41923013727010977;298.08789964333397;0.5768072244629846;0.30772115628444646;1.3483300232011681;631.6146138677935;362.36306508101467;82.75542844023103;90.60333729572353;8.192966657549512;40.87423146610369;0.3950999009082812;37.336519518207545;0.7065084962374286;1.3837680023810264;504.67593862237464;37.74691349195625;4.986932223831578;30.969999868377812
123;2;469.05930956498594;0.4128029733176222;277.5711443597164;0.575872385936905;0.29919007939394704;1.4829675926107053;626.0137837436789;328.735671370783;82.30607712891715;61.78769049977829;9.909243033227265;33.67100703713206;0.344213403244393;37.833056629138504;0.6605094271386817;1.5774979796019284;527.0712815304538;34.399052587738446;5.704030812469484;31.327499256017926
123;3;281.19091386909435;0.45680350704797595;226.53449633921988;0.5403653893575122;0.2793730730371899;1.3295787250181461;357.11496131123465;186.66799351004676;82.89220072372211;47.36531577567069;9.647061825873658;19.83967119392298;0.3519630540457478;38.95481131060074;0.740727261285528;1.2934255031581703;311.87442521805633;39.365166785648185;5.139414789917729;36.55749993556066
123;4;328.94505890729204;0.4199197294084879;213.53588628904697;0.5663330264955991;0.27306667229764164;1.421297387050442;412.0856223367935;224.99777815557493;84.26856067080888;56.165046781549215;9.659954312971882;28.11781365380467;0.37159132409903706;37.293092573107316;0.8961867763599011;1.3821575833235449;349.31351695086676;43.46637119326975;5.101008665517606;27.972206965509205
123;5;754.1831637877057;0.4898326924735929;348.0440343837516;0.5171572224097069;0.3256618368151679;1.1691981166260237;1021.5374056692038;533.5981827799613;83.11510331587506;122.60070479454322;8.448345115834803;49.80950628443713;0.3837456410688294;39.40053204625384;0.5886795964891651;1.1339490104095173;851.4112234798383;37.43697337141793;5.146209082045456;31.46566975888912
123;6;533.4241357096848;0.4975738330237287;287.31286786250763;0.4887857165030983;0.2970947093007532;1.0414263609073944;641.0790148495852;424.2663702840306;83.82680935015124;102.23353457307957;8.108535281414815;47.5181542707123;0.3890570333038722;39.493124300011424;0.6341264820210499;1.2393310995497955;538.8895777546807;37.64246428294348;5.942535375121358;26.69755493898072
124;1;196.9131964467292;0.5106641714449082;132.41609314953058;0.48594534959626307;0.18856323561993155;1.0595912583661344;348.4976650599818;144.85796682740093;83.3485910419633;27.634341408049057;9.941561786296422;22.129320019097;0.45971866810743833;38.84121068354536;0.956429936222749;1.09007469258912;295.0629623844758;38.46646953776746;5.823384937647744;17.19457899293037
124;2;204.06274065775503;0.4714545478470145;134.011299021869;0.5168062468720976;0.19365261357107225;1.1664792770115024;343.7904660136356;141.40081194579173;83.57903264016221;33.597325130929406;9.836959183646844;21.55680874561256;0.4256219407562649;38.10641189790331;0.5883951443530713;1.0763861432081245;301.671424940708;33.37316426076195;5.52638641978466;18.733748341698675
124;3;363.0552421926211;0.4421516080330011;187.8932210769288;0.5512076330671735;0.22911418212888152;1.3332831257266882;531.3068908424481;224.23390279602506;83.6021339817102;63.51406845926126;9.239344337229955;35.706328651514056;0.4227766805377817;39.73615586860921;0.7497408267286058;1.089178105178371;429.70735917169833;35.93386871235584;5.796823707766441;18.40999970626818
124;4;236.63012146447048;0.4779595910503398;128.22922828234084;0.5008703051033125;0.18279802706565237;1.1746688047270022;325.3703801055197;169.70951283793684;83.45329172977294;28.92740205400444;9.701343666506894;21.835524619829762;0.40338849302550467;38.16132833363426;0.6212431706906808;1.3447526780112937;279.4533059444775;33.84209481074407;5.3931314237820205;17.763746733526837
124;5;211.60251206413392;0.4875232713571121;131.49722069046138;0.49560618121172506;0.18270020208865476;1.0819814092443378;335.2196559189538;153.0599670423402;83.50415456039902;32.760854544658656;9.513958380554525;19.450818567535883;0.46384794494488596;39.81114892767939;0.789448776453444;1.1536542954022309;296.2279687359498;36.01534341857695;5.831644476579881;17.468745769710843
124;6;326.5266882455429;0.49634232550081014;179.25193775896886;0.503295973301649;0.22694683114250347;1.1394580659575546;414.10592954513885;200.15471962717766;83.60944516710552;80.9961569635137;9.14430432304985;32.491925852653154;0.46021220985966993;38.72300558030748;0.9622276941511535;1.0737285816552484;348.93368567686593;36.697942363782964;5.554796730484419;18.040831989976496
125;1;1300.0081045828472;0.5825934985708157;507.2120847761603;0.42769916888111964;0.4719228483694341;0.9514475782079006;1212.0855070433497;1071.1169273383093;74.75109764196134;187.0005197653927;7.703427260841449;97.9302257239744;0.42021534075871303;50.565956309240505;0.2963769982415247;1.1337357564644435;1063.851903175576;29.339493868595515;5.3498885119928;41.48000382064939
125;2;676.3202576948804;0.5096271670277556;343.8635869057245;0.4991186775669152;0.27515683805890945;1.1719811286913406;764.8044616328319;443.84125723141295;82.82831216431563;109.87131509628114;8.24746917278675;41.67752838501862;0.4045469927162941;46.150784859901314;0.5883321248780196;1.0350883552204255;618.054725487814;33.28117209002153;5.786394163958908;26.88523892834366
125;3;838.179730123228;0.5114256215417669;279.06696195275094;0.4693673348700307;0.2723128458103924;1.0101805813760956;729.565934786754;608.2228104579077;82.78738603659401;113.25214964274431;9.045394522438302;60.68223584343521;0.41323611530257337;50.84887965686152;0.4153252182286362;1.1942729484155696;656.8026186450072;32.42112849173885;5.877764987953934;24.92004461266388
125;4;1346.9691683744468;0.5315667281612748;1489.4611682514906;0.48195866995037745;0.47233295986685875;1.100756307305247;2223.8571071158985;1077.523984022691;76.79703191014201;193.51888509146565;6.913338625287555;81.70143668794222;0.3972676273926854;52.068261366497794;0.3047652883410061;1.223031229499709;1957.0967403584925;28.939674592261493;5.409255060019358;39.018236858234246
125;5;1017.8299932505684;0.5291464075148009;469.7253784549328;0.479303902838784;0.3551762813000192;1.0323584176121157;730.7768741424478;766.9260448182365;81.00295157932989;163.64213419858268;8.317845919755097;68.04036891498319;0.4303013934435866;50.42651636849836;0.3591633371241278;1.023429973077709;628.90244507102;31.40811445337506;5.702901169516199;26.16533986598072
125;6;1365.3079568351923;0.5032785311000237;1101.9357506212568;0.5061620156754094;0.5082293830388472;1.2408253443749437;809.0214955224733;1148.8811613242215;72.62959532389667;185.38612329337982;7.361522765444079;91.44169287545316;0.396937960210427;49.910509671878856;0.5107206421749374;1.2106733764440083;661.2305394836393;31.830860458444405;5.26819054192476;54.720000418274786
126;1;179.90902051404439;0.5164891503649864;111.95107406704479;0.48380601880324414;0.1882086379245835;1.0680878462700834;328.6221661889467;131.40949210448457;83.81682004413962;26.53499608777793;10.294551028634405;22.302352808155053;0.4319698290069529;37.61403328840378;0.6673662864077451;1.1136650279418654;297.3617699980453;37.40099404914319;5.58438708287761;17.25999928606658
126;2;245.10901945736595;0.5198745974004907;150.8865005441169;0.48877573233813554;0.22142972678876938;1.0449072453055148;380.03057079830336;170.95846735748535;83.66354898108246;38.24234902702068;9.314362986287586;31.37171469969779;0.4476133706263406;37.65163168546298;0.6265074992780224;1.0885415812256793;303.8418684976305;36.369555865911735;5.562546850042959;17.14375163782776
126;3;375.8861639329157;0.5346322822170133;177.50927718398012;0.4775891628446047;0.2574168864358185;1.0259904068960166;443.8963425619339;235.39291478212425;83.16120164263496;41.1420226819503;9.602299578648347;31.44341412467748;0.4431553498390951;38.04413396614253;0.6242935373761729;0.968086461223817;426.18132059112605;36.11440519505873;6.465915186908782;17.88000127767663
126;4;486.2619984438433;0.5236364774723331;271.7779413576812;0.47864118707669706;0.2171256199597648;1.029175603630558;685.5351882520144;372.2619290461342;82.51352340392214;57.37306599694157;8.585997177431269;42.3287637186089;0.4464695560054818;38.31379019855393;0.6576268069721468;0.9902878229286121;591.5441947752078;37.04097406526101;5.975821499395284;17.929999403686008
126;5;612.3794749187906;0.575104899624546;264.2242031824101;0.4428369371951525;0.24503019935335263;0.9165582589975164;576.1982072168831;390.92455671490535;83.1534381432683;98.888801939029;8.527519165486522;45.67495581386408;0.43964939315874235;37.49104276613094;0.6407955400586477;1.033442125700275;475.1249656020479;37.34718068867559;6.556060343317561;18.29083463189513
127;1;423.31510022726985;0.6407383345375968;258.1041047928601;0.37222017373643357;0.20980454458875553;0.6602863674492038;666.6938018378148;301.32077969351076;83.17183056360865;51.8436355571707;9.170271594495158;33.535617333708814;0.465260376407308;49.93932543796491;0.5164811154382685;1.0239258767751216;549.6316386697108;33.15081338534064;6.419545081388078;18.462499832180203
127;2;671.8378889459366;0.6375455109006906;243.7198794755321;0.37373005148347616;0.23102773932750542;0.682091566640514;782.1645920473769;449.3450616466612;83.22821553758203;99.85385581317222;8.792157866355787;45.45061820857787;0.4813678271977813;48.02575220154228;0.37863917881671133;0.9502400240436111;637.9553864001196;32.62743867611177;5.97140201330932;19.12238158236946
127;3;908.9155565849002;0.5087824786427062;597.5665039498099;0.48057788322517153;0.3734673264239404;1.0610051131617928;1539.2079704681448;740.1025384229;82.41605304694764;152.70857967924903;7.774497947404182;75.65049147292328;0.4713023363034267;51.46036424462977;0.28738942608597606;0.9528832230369928;1279.9626443517984;30.266078238816185;5.9819685130160485;22.775502094843795
127;4;515.1754773089335;0.6038858247738407;264.2708563263733;0.4108150193566916;0.25583346532701706;0.8368503129664019;694.7412765844111;373.32775861826775;82.24293662464888;72.12939983227932;9.219175752811056;37.32000673693391;0.4403803229393548;48.10122700733178;0.5698633998041264;0.9562630984130479;571.0821590781264;33.8012822042941;5.862879919886696;18.601665718248775
127;5;577.6874599044514;0.5367204857782328;229.4872530973471;0.46102355764808695;0.2635838380866656;0.958288814408598;829.1249812305948;431.1437121879982;82.79611890368824;81.95622793035078;8.760657944910035;47.474524871151864;0.4438577460337592;49.43528274002993;0.4381373827476001;1.0298761821784972;656.5369958204599;32.94623753249763;6.3415589223808695;18.800713718954277
127;6;900.0911077259616;0.6061623456734694;962.0145542731782;0.4116851801238327;0.3057365285853415;0.8268204937368894;1367.3481656087156;712.3579134785828;83.02545053312836;129.79393115211943;7.775446519160377;61.27471536189479;0.4502610445083021;50.036699364343676;0.4680649335759032;0.9091335336208932;1162.379765229616;31.216883255170682;6.127719313473671;22.507512368994636
128;1;556.3326262446654;0.5087462629874265;281.33850784930166;0.49004547194783005;0.24149777861259744;1.0329956485533223;883.8138630529709;355.3022540686296;83.46423500777394;120.07937179506551;8.236258307442988;44.871608997556734;0.460399889010476;39.28987255670746;0.5673769473883427;0.9737672926534379;700.7873745304115;33.54114085214322;5.551549168037449;18.89999917543994
128;2;847.7151791908607;0.5765669200040618;904.5230986042101;0.42167161282496984;0.3365179692618732;0.894590143079093;1499.7509191353054;738.5264727399888;82.5037790860109;139.0979701493379;7.796956409755138;81.69264472471643;0.46074090305310217;38.6441248775229;0.52052715707221;0.8606401938402929;1164.8456876196265;33.01865133899607;5.874424201383603;19.240000714998484
128;3;1053.7590140416007;0.597043462553355;461.16616133756384;0.41032667532817113;0.40803507660510285;0.8394986990389491;1821.6128767759683;813.4392239028493;82.4185741233745;164.36788431801145;7.768859968688998;70.56473194893077;0.42974646605299205;40.56832058338746;0.43479149802253514;1.0548877642479009;1557.920202989012;31.982334672407145;5.235360428500937;25.116709339952862
128;4;1074.7847905213282;0.5399036180793376;982.6391345767354;0.46534309673767144;0.4556063803958286;1.1264719848211344;1984.109031067319;785.5233981869483;81.10248503056465;154.60590088924812;6.9676700529005275;79.91784455610542;0.4477494892809146;39.03342180843451;0.5512474515535984;1.0760410676216854;1774.6864386884374;34.05453350479758;5.325301668738965;33.17000163773762
128;5;962.3383010877947;0.595786030523517;1009.3586669275594;0.419736821259928;0.3790611225839038;0.8931436670876332;1528.5208892091894;692.0836432281473;82.52681346313904;164.12573508243523;7.754408879705929;78.60596878340955;0.4804481004930578;40.07371461643484;0.5879417774220583;1.0225753908876407;1260.558112952124;34.863742623724995;5.639816599344935;20.190000972237087
128;6;932.5542019572623;0.5170751068583387;954.2546953526784;0.49573844278275286;0.3459054065025738;1.103839816573769;1738.3282314561914;724.2322626808524;79.45224721848751;126.65176556591979;7.811869109707707;65.9617908762756;0.4185888758929226;38.98548545097777;0.30195570498324587;0.9614357656421056;1455.1669694904763;29.340136905065656;5.359611739279609;29.19000099641508
129;1;516.4151690515122;0.5497709448583707;255.20034127329632;0.4659909685476233;0.288628952348677;1.0051296554998235;630.9014040605194;341.38035020929595;82.78007341221739;84.60857329769001;8.26118085064185;38.02576120500398;0.40348986494782435;40.170442738348676;0.5491258799581163;1.1144962616310994;507.6887684817077;37.451164065067935;5.667372905469612;23.60000095186685
129;2;720.901828012778;0.5203953437706855;809.5812708615227;0.47169204997336217;0.3165456460513856;0.9623991249171079;806.6058925340877;553.4773925089402;82.8819975317958;94.86453394755041;8.722506972238676;53.2415192998801;0.434108506218567;39.7054251888386;0.6333333412725414;1.008669268283172;632.514841352549;38.19995621418095;5.670473925675424;25.149911400493387
129;3;907.395190748647;0.6412677711173892;809.3624145630405;0.36990216940476356;0.38153679655586453;0.6850414521721249;1962.4490286633888;696.8487836123738;82.80466528257912;168.0932183947582;7.749766869749322;62.721953936914694;0.4328845819693566;38.24586936233793;0.6301669663054521;0.9887677878557561;1614.668372161265;38.77063651709314;5.604665350077251;26.041580690115353
129;4;308.4155571079627;0.5275807898128537;173.874031586796;0.4696058052950853;0.22483622495982317;0.8843378017281005;387.2300974559554;198.5730876954036;82.46766660268796;73.33043731483357;9.008868576291594;33.039894058689114;0.4269634204408229;37.93352434471915;0.6116829824339446;1.204669695434166;345.14166094816625;35.49971605907469;5.51040229920655;22.930002037293402
129;5;621.6470308191927;0.534944595140939;343.95857540931337;0.4699745250858492;0.2669173535269876;0.9800192549790112;659.1083325103293;462.4411740444355;82.7675363994594;86.72656496081468;8.617616013501262;47.44782820597976;0.404072626430171;37.91110768538975;0.8367584098277119;1.0444399599142458;516.6675817484054;42.351412103747705;5.642019039304576;25.570629657088315
129;6;586.3268878402603;0.5260126723101667;329.7761531337659;0.45321010223876146;0.29754243553728743;0.9801617569224137;734.0051591770616;406.61750771858425;82.48253967590269;127.21102341222733;8.115548490109797;45.72103831553449;0.43929743090635426;40.81773357112658;0.6110211689985037;1.0699073541240463;541.9190446133962;38.00620082228629;5.6596638094057345;26.666464726590394
13;1;591.2769246141748;0.5997893622743482;216.60063116319816;0.4131597115415459;0.24909123336968084;0.8478438441189934;616.7490226236462;451.8978752443282;82.25808318815798;102.4336091413211;8.416468633722813;52.44176104315907;0.48822623631590345;49.229333654102604;0.6660971635544098;0.8489985387136683;401.1566719885611;35.37135168389468;8.641590128159875;19.615019842882997
13;2;394.4561268409216;0.492764758441723;171.76326678303724;0.4940835538602813;0.2153552278559954;1.1171569290763195;457.8569942825922;285.5303818202376;82.5667208190909;66.60704668059967;8.063169963701384;44.30991710658646;0.49197527272083247;47.62454505718285;0.8115460861161767;1.1199852285160203;389.8658983019575;41.665703827842215;6.883230866416441;19.743748050487458
13;3;562.0390969934101;0.5108337933331168;245.99454277927813;0.49320201536702885;0.27937904363156396;1.0347447156789151;500.90660973323526;335.11471147977556;80.81388006486199;102.92899707003538;8.034754460576277;48.03445458200739;0.4671633644323605;47.78970642885683;0.6247493569090721;0.9973761878494423;391.2152368757916;41.02732046100536;5.999000850364424;24.589177521353506
13;4;494.27527683397966;0.5489628748294544;206.80376330162656;0.43735280343898797;0.1821770814452343;0.9116992988132144;570.3325861043259;280.86325015811644;83.41000383528403;71.66824191274286;8.254753879239011;47.496448663598045;0.46577816695556784;45.128203216824126;0.6003513484389779;1.0584294403085108;442.8321398725976;37.54250149492497;8.021003615270416;18.631387331437644
13;5;457.40416713029214;0.4551236599381718;274.68193761842826;0.5333012217912003;0.19221738188615187;1.3226327827420372;637.3756723780592;290.79870983876293;82.1597012673091;76.12970115892809;8.426176361860415;51.22825529867754;0.4714478220857579;45.29255357358309;0.527729400071699;1.0974391425469736;525.8232352698953;37.72490870495567;7.073961226171291;18.940553659076194
13;6;623.7128278701375;0.6315539771369602;251.52809572624;0.38581878653287877;0.24011387291813274;0.7881216971141013;600.2064717308835;402.38615506553333;82.42201205406305;105.0937035275667;8.045267220039467;58.65207435383027;0.4914772664359371;44.260714659031414;0.8516282917925397;0.859113840823159;505.83599774655517;40.86337703647162;7.735537230998135;21.479886824792356
130;1;576.1672775643593;0.4437876358057071;345.4294429469652;0.5549643579968111;0.22420960007877672;1.3688662903030056;719.1319710952655;458.55974304793165;82.93956470345692;85.41741656053736;8.35943475231985;38.58181228037967;0.4125321935632366;47.32270157586098;0.38368663130600394;1.1098670713441594;628.7368374073118;32.110278014489616;6.177430921683714;24.777453737189813
130;2;1383.6121794595138;0.4969152573342946;1494.8930087825709;0.5015724356131521;0.4383786411518756;1.2628095026426167;2411.2283769799387;1066.2576592980906;75.42961389329444;182.98443413811873;7.843336395075356;88.236368794846;0.3801078953762832;42.41554630121107;0.48390300610240594;1.4747315595405115;2092.0194928291826;32.65145405521136;5.386209451613535;43.39823707703695
130;3;800.2637364828448;0.5036903867779343;321.1121338927617;0.502370826766149;0.2526809512613134;1.1707268719907609;1038.3512724223554;580.3237522604004;83.21115476185643;101.38575947049065;8.469598689875134;59.27814193877536;0.39081963501392236;47.704330903136444;0.4949689874398154;1.279814119755387;999.3784976373432;33.16306101469188;5.642337400393276;23.542442228288092
130;4;391.26949888515344;0.5791678818336357;297.1059067057014;0.416480337233498;0.2100780627667039;0.8373505834192287;587.0611151385942;248.03005917627866;83.11823258934923;84.79239971133407;8.694419435149713;32.035853758128;0.3809799416809843;48.65306813142697;0.5600370864359495;1.3433486224456836;527.7297908936009;33.4630634481928;6.229816068411238;21.836018423397814
130;5;986.9302022894053;0.5105157389105325;622.5165420439193;0.5032717900284439;0.350015361407914;1.0859340456408202;972.6194838309652;762.57452933318;80.09248142446353;151.0736233427187;9.02068566907586;63.692054772555245;0.4484028977713237;51.32141758503024;0.30879831769496224;1.0102872997835706;765.2235138811192;30.37136914452178;5.723485182957411;30.343216667036916
130;6;434.8753742187865;0.5110162739716375;284.28717497857394;0.48423365014620456;0.18365852132391894;1.0568476084937835;626.4291587924254;332.1313081129038;83.11955907556289;57.106394310297276;8.356363647871818;30.69843595039472;0.43751287938712813;48.81483519834816;0.3986529808241719;0.978493555436094;531.6881216962913;30.753937928269778;6.808824442875985;20.511663392219145
131;1;394.1771969013791;0.5265089120372289;259.13662294398046;0.481757202441203;0.20521112394532307;0.9489863233546608;610.2039512211853;316.20675073366687;82.04073227362237;50.70188013098215;9.339770021924863;26.638470621594323;0.44405373272912807;52.26046250403744;0.36138250045491616;1.0603415128029805;549.2696843607575;32.14663301815047;5.949742618872831;20.41668564843342
131;2;426.20324439656133;0.4221079487245118;257.40415348384346;0.5710773527604573;0.22572002224811163;1.483909465860166;641.7762941822227;328.4791450362312;83.03239720300424;73.54120504782755;9.400911927982614;34.612705364725436;0.4221185374911825;50.2608205346357;0.5472480781144309;1.1772983154435053;577.2897874523287;33.41083612500106;5.952588517372427;19.269999686334017
131;3;1026.1837371852291;0.5340480541596532;907.0723488706687;0.45561716436630756;0.3070199520673171;1.123278022922666;1333.2313214049332;787.5611509897708;83.00337626923479;147.32519250299038;7.973165044583965;74.62402674318955;0.45698117426275764;48.415679695199195;0.42287236632254815;1.0072776842560922;1171.2266273945752;33.42004180874673;5.718980602586149;21.97328036831394
131;4;272.37450461133926;0.6303858170878986;98.86775107758686;0.38010640740644097;0.1726143644220116;0.7311120466179228;345.9684891696085;221.34185516764887;83.13848784861558;25.42376186837164;10.124903296405442;18.78230495981931;0.45048998913433613;50.21216573188247;0.48019633347101154;1.1032312719322657;316.6759437605065;32.74582592857823;6.749829324928439;18.341665515603665
131;5;302.90098366168377;0.5636378721756866;152.76259991594935;0.43903699173760885;0.19592898100680511;0.8500353904588306;502.90830397493954;233.81589793897197;83.90487203870818;32.57474100060417;9.96433557065761;19.2053263466659;0.45756553004135403;50.9985729512591;0.5276113064612911;0.9979568848757795;431.64314304055756;33.44939686971918;6.466670419116816;18.511665697653868
131;6;815.761324565337;0.5308131814859803;460.2582018379412;0.4626075004598496;0.25767099453507025;1.0454453676491804;905.225087641687;635.327002636982;82.67169740818277;106.64835171856248;8.298094095194497;50.7300108623658;0.4105340395755695;47.9332182151498;0.6047921783464196;1.2177198621885676;833.0204718645821;33.33170875954313;5.592598238136126;23.787091267464223
132;1;519.5994887543504;0.5010896340456269;214.960369965552;0.4996129716794366;0.24997446116764055;1.2267348435291066;716.4202818319244;429.27924657744717;82.90319335385166;88.92328024720972;8.431626298496742;44.44032541672823;0.4289882631831718;46.946623641583066;0.5180232398487967;1.1478122356552105;581.8968570164029;33.364924939707834;5.911357881258838;19.20071610134273
132;2;631.9668624513112;0.5765775594166087;273.7588881866062;0.4143849274280862;0.2903354211894391;0.764921581691518;787.6169451586876;463.96086218867754;82.98744066445016;85.40890036284469;8.427535326450142;46.10497338304889;0.4605114400521421;50.94785222330473;0.3401131698809558;0.9920781268198314;654.5273554035023;31.344226974892766;6.469749983285224;23.493499910511154
132;3;495.13269532825507;0.6263116936439129;215.08873403154303;0.3737710983622987;0.21430428029582457;0.65799855161125;627.0263369854442;317.33235283368924;82.77550940221111;63.48284963673894;8.694520763227363;37.57619528391605;0.48227879305757854;47.46930103010658;0.34112120577844685;0.9604408509725937;538.4567828341101;32.137677306072916;6.336114052091637;18.655296245462388
132;4;574.9154153096459;0.4830550629011976;271.7331193404359;0.5050881454888199;0.2824193988824736;1.091681629124807;719.1948428053838;437.6779030709721;82.52069780462709;83.58756507571289;7.9815805770682;43.03379124920507;0.38792322258222767;47.414199253415646;0.34192608885179465;1.3862087447070834;606.3627060819904;31.176406849978097;5.664763177420045;24.106902102818072
132;5;433.59472767192636;0.619162244879782;218.32054317350168;0.40404359814052204;0.22238897118362708;0.7228575703892429;596.2966073654272;306.93003511173197;82.22979177951926;72.41370241822403;8.243768697282226;41.61447380686123;0.4752830060997206;44.2110770669547;0.39911769741537806;0.9976082260257142;495.51528055700624;32.0968465090609;6.405979807059561;18.45321399197797
132;6;660.9866173731732;0.5452787834206078;351.4036540142911;0.45920318586240094;0.3216640662273107;0.9411134089986096;764.7197579051464;555.5743605061225;82.58063647328464;97.40126820797585;7.968031832558559;50.01635192877661;0.3982655827858688;46.89263541248146;0.49267393481401844;1.1298027039433414;635.7832139863267;31.747942740050018;5.430624298375075;27.639538747381543
133;1;791.2156520286106;0.49120310086993485;649.860843292863;0.4944112743207423;0.37080588669202874;1.1839090337731097;1527.2855457714177;657.8222948298705;82.48624261422327;150.78857631742582;7.932002174693861;57.739717991597054;0.4522422076236053;51.58780107346516;0.3448803489350511;0.9960845029133067;1443.624589591577;29.752361484379986;6.653131500793901;24.74622076976628
133;2;592.96909115842;0.5216977991759021;426.0908371060027;0.46446272247278736;0.2596086380361042;0.9985803052068088;721.4977642245233;422.795489304104;81.63970537182834;112.96617728621817;7.953049018677916;47.847760916959494;0.43312026451841085;48.48251670780925;0.31178725227968196;1.0273030787420168;578.9444745404701;30.32818926335603;6.34768509745891;22.574128927319794
133;3;271.32210205005964;0.5836635085810811;169.99777229208902;0.43077944693357484;0.1819755252276764;0.8221296669618315;411.97904338268876;218.45177695490023;82.10566387647278;34.60317936120126;9.276681837777947;25.532432660177466;0.44005407974446803;49.772969455943304;0.383124463494543;0.9656528747177804;380.9571051785317;29.774999635223413;7.1485757945671065;25.181574184188076
133;4;842.5347249629189;0.568391977023533;863.3854057497897;0.4402820176162594;0.349878566722494;0.9338587307373206;1095.3448296903305;707.7932568283861;82.72540527032717;133.34633590672993;7.953080045819622;66.21470411260445;0.45156739829302484;51.796742956549586;0.3358534078933244;0.8862108729954552;949.7684762756785;29.722897706526407;6.49799384606064;25.007331501592166
133;5;583.0399686554259;0.5160426243608591;482.23775416644384;0.47615643154139536;0.3320931304799155;0.9875049155076371;937.9485863426163;393.47233844215464;82.3950958690872;127.25201440341166;7.734098438857659;50.70730014674997;0.44678717230917514;51.53421916014457;0.2938390369296492;1.0459347339659535;839.1514365252904;29.37765198390225;7.146647591106245;27.655000351277923
133;6;1100.3357136295785;0.5550139693027785;831.0104392999285;0.4432448883985352;0.41606961733789694;1.1326477138207252;2014.5904891504824;899.1082426389778;80.86751952116195;142.98079509614448;7.393143513648174;87.43832955806575;0.45496412935912595;51.243723234178404;0.31834514497064087;0.9797778615734316;1736.8367773254056;29.449541064270406;6.942381047525272;29.7375014975212
133;7;826.0174138360239;0.597524462041803;355.1758317816927;0.4123413452214747;0.29938997179804827;0.8381096397107586;759.1098751074942;617.113604882136;83.7084396862746;139.69258025823353;7.99257033947528;56.31951049049671;0.39709386518771905;48.63219837609679;0.4035004541435642;1.154916424510492;661.835450693016;32.033576948811024;5.910094180331729;26.995501496830126
133;8;284.6417860385713;0.5682699692607273;176.76703857873235;0.44074214210862134;0.22783536895495377;0.9877639200243576;398.84357834651536;202.3896514603367;82.95761506420901;43.96404287378238;9.156300792250251;29.717356984194147;0.4498636396693654;51.12275431315519;0.49630332934309174;0.8837258487547116;350.7519164743631;30.675061468197118;7.535949973405328;23.769999084724418
134;1;617.3154775263316;0.5296103811318935;315.2020947815607;0.4753655116941435;0.25558095535760683;0.9842550836235608;741.410578783948;472.381809141761;82.79371718956614;78.80590331718545;9.208510784145572;37.6592833336322;0.336186518923393;42.2937424359037;0.5814780620498343;1.5188859349868995;595.5317599392952;32.728055653660775;6.242435998917104;18.26958292491357
134;2;898.3012656873124;0.6189458397290428;640.0797096621509;0.38901450161438655;0.31121858194668195;0.766844981676933;1277.623267245668;659.9976402758248;83.45824559028956;139.62844343086513;8.19995413002108;70.32983952855803;0.4471094350562457;42.06004719445429;0.5272738283761529;1.0463676917984637;1137.4162600822153;32.716185400261416;5.714856926425555;19.580000927123344
134;3;1026.8239768833766;0.6249768460776157;561.6882967370594;0.3847792264705326;0.3050831801908233;0.8143496962197869;1353.4043704928285;770.2081603137543;83.04254093491656;135.2372175309242;7.774704713416827;69.71628468792862;0.44749581522547965;45.56296239955158;0.496850045874681;0.8571873225587483;1306.736429744511;32.571959669390054;6.3563299223262275;20.581669706022563
134;4;561.9650886934139;0.5251873100183455;301.936922888379;0.4681594980610104;0.2372466441825876;1.0170366551067225;698.3279761309011;420.90617479594107;83.48396532772449;53.79415746695413;9.628845740635452;35.23552250106439;0.3669617104048988;40.71670750284681;0.5331389082008008;1.2042708377164284;563.873550584788;32.4424210416067;6.332714625824289;18.590832626070537
134;5;1116.1553333042186;0.5491854879520939;860.6645689530496;0.43951662640028144;0.39599254755279445;0.9534085309570499;1817.7467107643138;788.5617278395349;83.35987101993913;150.9657787672455;8.044951728355093;82.6134455887577;0.46576316722331496;44.24551976926791;0.47092786409497994;0.9520546111702166;1568.6078767771762;31.6371841217479;5.3747745160191664;21.83649992089995
135;1;257.0414493304347;0.4832764424971381;126.22585515067361;0.5042456002164337;0.20463170545885492;1.25680513661881;336.1294452006185;206.94694101759606;83.25164518145979;34.91015178306249;9.877932567258297;20.48680344977146;0.3818412994041865;38.62934474652844;0.5721924342851528;1.4376925586442715;273.3225816185229;33.93573086981311;5.903762779513198;17.520831016887595
135;2;443.4429274064631;0.625065402254505;218.42925313465446;0.3869816031318034;0.21573053383483679;0.7167715339558548;585.8448037885515;315.582822055344;83.68643806233337;70.38466153604907;8.66051365104002;37.59648230385885;0.4555839581467929;42.09161066334175;0.8157480777365609;1.0157163803773759;501.8010992621065;36.621763188995175;5.227872731632728;19.764462608595878
135;3;225.25362936522637;0.5496533014394034;118.00945489034336;0.45088460071808306;0.20149001577287673;0.9570667574113966;328.4932716430148;169.6813040989745;83.55945331814506;32.798505689173936;9.339049121765807;18.556936340538925;0.4433178914426725;40.228891260721475;0.7421857665208261;1.1181520935417921;288.57895736270405;37.57880085740919;5.607842543263385;18.459999737734623
135;4;239.28601843933785;0.4982114601003316;147.99724805416903;0.5005722669005895;0.2109141115851427;1.0299675111467836;366.71582914894714;169.9404143879999;82.85256995988539;35.35922191625904;8.84151687454936;21.936542480240544;0.46472849608959577;39.36074119762911;0.7070109789633137;0.9305030667895414;305.4762718979768;35.39319609872418;5.484211126913499;20.398888495837564
135;5;417.06645705213845;0.4796345277990086;218.4036933199346;0.5161613503107072;0.264022986213598;1.1242945997498257;559.3774477772992;272.1489825845872;83.45095885586507;64.47252983255737;9.535565827274782;34.78868790754773;0.45239167125146784;42.8140043710152;0.7021842687839461;0.8693725605514915;485.5932037172439;35.309007334199705;5.603084456715075;20.619997463163863
136;1;600.908041283404;0.6482975631204475;328.0085714673614;0.36018788942588953;0.3085494979360153;0.6263864934198683;787.472204708998;480.35436365097286;83.63813664523882;77.27005191189181;8.605360471508597;40.16002231681046;0.4358547746715496;49.04552799496577;0.4046970325949559;1.2800635903621136;709.7080659293821;31.454022338997042;6.189708736363661;26.159165214687878
136;2;1061.9664161978951;0.49357324813389397;601.9368318656901;0.5212542061470935;0.36288739467831116;1.1048504636001248;1855.0045884108542;923.6725191920784;80.6435965766341;154.67283174211508;7.83966869958039;68.10854501965756;0.4109114204773705;50.917757295110945;0.310567015020952;0.9617621852081419;1558.3663755679725;29.01144746562899;5.342152954730638;34.82999742132839
136;3;499.81725975319466;0.6154334537857733;363.7269385119738;0.3985179478974688;0.32836209551768214;0.6824192949894898;771.8236268886902;424.5863346524759;83.76929900848369;92.41697844900884;8.904714921350827;34.78585406116017;0.366743281402117;51.78655863305016;0.40722035813762986;1.4647456217881334;682.4132656153032;31.334917191372245;6.997830745256132;29.945001136644706
136;4;1112.656310265012;0.5324188124047109;537.9114004837924;0.4719083335990129;0.41132001598575146;0.9753733531390147;1565.641750347293;986.2906675028362;80.34184553797674;134.332085484678;7.921782919462678;60.81266135799552;0.4238202782473152;50.99867364740867;0.32685824594110235;0.9659983654822115;1359.0377133375957;29.189618657748607;6.118422897397612;35.75323126702505
136;5;431.3718141493808;0.5613691743913936;275.6401772037332;0.45290738011471326;0.26509185628339876;0.861983488906281;677.6877725589694;314.514088143377;83.24384670871456;49.90031343702735;9.491407740165842;32.45778511947681;0.4551555395031017;50.7791389129107;0.41729024315462615;1.0813899826066367;585.5321000692944;30.440509444361936;6.354450878179376;25.16346886432801
136;6;1110.3298699605684;0.6487343076987573;629.5808645104523;0.3608145328961706;0.40046784694916604;0.6010924247428278;1122.8903213088356;954.6618258629754;77.42683905535502;151.79687929920263;8.608738090115349;54.877633777896605;0.35346419682593017;49.715149034836195;0.5297679150466617;1.2463527303021171;1051.5330750967855;32.77428551900363;5.35546283002098;43.640003112648685
137;1;420.35719040360397;0.6282256567770516;256.15955486232235;0.3808243326999337;0.22980189872084034;0.674836191235555;651.3954310949855;291.8212187145092;83.33030800003625;53.475141211471644;9.324677852340088;27.23907815970313;0.44067648677303944;51.21244049640805;0.31897825155708714;1.0096040175937384;559.0443882467786;29.687389679994556;5.614462770119174;22.60849558699785
137;2;904.8763847255012;0.540024130911721;326.42709990720783;0.45930571824042554;0.3276120606755776;1.0185513177675658;1598.788935375957;683.8200333338085;83.64360432645634;143.11544999914554;7.91028284984811;68.86808521828782;0.46076657751361905;50.54212160887877;0.33184535510244273;1.0971693277632582;1407.6075181712922;31.50854080097161;7.39382706445873;21.884130194166733
137;3;980.1642627024505;0.6357992757812633;387.0330412567372;0.36540258365049394;0.3127584367282111;0.6742238068042032;1306.0063247569044;749.7852328824853;83.19675555596069;146.03660580384286;7.507674935525216;62.792675722236226;0.4582779227814462;50.41714924371484;0.27465106074934087;0.9416438828883069;1151.5923683793062;29.660704491993975;6.555037172454761;22.591109698837872
137;4;984.1245539750412;0.4926974124056016;1055.05922139641;0.5224933637945937;0.3498783958456688;1.3262638176949626;1885.3984825044647;763.7909259315569;82.15878185756914;166.45110013546804;8.103672280283234;68.02974603898112;0.38783627978420354;50.74128591586596;0.3152952828237121;1.3192133189731257;1588.84569862002;30.07624602133853;6.115991402621674;28.18638860466542
137;5;500.86958224684406;0.6443524998080722;269.17381199749974;0.379587432389818;0.2009945999220939;0.6708758430198546;664.8176823775786;374.19399415562845;82.90580041072032;76.61703539555828;9.106152051229014;36.98344384453408;0.44277333398325036;50.41901780325935;0.3467041288703407;1.012119678056616;583.7582250955653;31.230675863763725;5.6987822426880825;22.196385809656967
137;6;1014.8473444708025;0.5485405889917829;992.9023039884249;0.45215131965065997;0.3773645241595506;1.0161914066942475;1840.4217755446828;809.3194800002248;83.26385852783689;179.94279371148852;7.956972910163922;76.93849045185013;0.4524069003204189;51.916834704966256;0.2929371457067537;1.0558443855522655;1543.6863803068936;29.433221881165473;7.024480722892874;25.0991316796667
138;1;428.00344866412115;0.5935240765940315;227.6503894856225;0.4083085422727496;0.18212634612884476;0.7712610803957894;611.2450353352467;304.4581125960581;83.0174308821106;53.80851285165317;8.690095337690313;42.132407759011585;0.46705157385841284;49.44118106198425;0.32309272595120825;0.8991510790940355;521.7959672863249;31.183340052365384;6.288447773462088;21.28809949943993
138;2;298.3472560419521;0.5847476076222353;159.8970668921003;0.4278376656072218;0.18942384435511525;0.8081616407635186;386.17401817607475;185.3525823492239;82.65756031136085;40.8485740828896;9.005908283118165;37.2144569545422;0.4722325521839739;46.0458272056945;0.5031166758926079;0.9330674285703163;328.75341296671763;33.45748831684949;5.641513665234543;18.271664811877738
138;3;288.5787838574486;0.6119261180148504;134.84656776802197;0.39200014479549883;0.20149919772154606;0.6816938507636663;375.39458469886495;206.29244332048702;83.00727078184289;34.797207213194426;8.509867757689442;25.90735978351186;0.47256412253456764;44.51346333031931;0.5360579613638876;1.0643409783172963;333.07084008977586;33.41083612500106;6.343376219143574;18.541664713534935
138;4;266.86096243797584;0.48866924565172865;137.6758027633215;0.5052128023415299;0.20825834036626187;1.1509886790555734;352.44980346700277;192.7625969034867;83.39084581904437;33.077718166877;9.327435914962408;25.451823931661504;0.4494623179295565;47.06117377913438;0.5272271569908492;1.1150592003746922;276.1265733708497;32.97793476107091;6.036072088559456;18.630830084553725
138;5;432.6304085965636;0.6398824747363494;264.9246849339503;0.38337158060493537;0.19173776944367812;0.6894383220640022;571.6508888238677;303.3605134286795;82.2273214453332;74.58031704426705;8.428352268890578;41.693066984412944;0.461397306723178;44.20372315832546;0.42657955407024484;0.8833754203100049;541.9926750634072;32.63478956937067;5.491820448255595;20.6016650470439
138;6;477.4545172754518;0.48855464907709034;253.7813452728195;0.5180154789779489;0.19558104497087897;1.181620214755462;640.74720515795;363.8825640748939;82.30923265286565;93.92955683862398;8.311866951822555;46.07815997978524;0.47447621397226414;46.229912633875145;0.3131728076093291;0.9900372190376825;531.5537421172198;31.57206206790148;6.65083871574998;21.831595871293874
139;1;656.4454357735183;0.5390497321596773;373.35968228656515;0.45516078933765375;0.25883580465551154;0.9296571260170846;794.3124117023452;521.9784986476448;82.89723378646984;113.38818518971566;8.740851694077312;46.30611440702108;0.36011867198076103;44.782373062171516;0.6101346983412892;1.4295358818319832;690.6530737979456;33.68436747282827;5.75377696892449;20.883007314649763
139;2;676.3343298817958;0.4049532654317759;319.3436452463417;0.585781305122471;0.2563744592970298;1.4971717295313836;860.818595975968;479.0543900314413;83.06537289681813;103.99322100666835;8.63173152494179;51.14129372382262;0.35222738435500744;47.7237297072391;0.608459963713692;1.4358684768518257;778.06643605711;33.840438581965984;5.965109636531415;20.35166828030831
139;3;687.3394685847633;0.6206437076746711;332.2744849297664;0.3924628961526308;0.27793961153523294;0.7554803042931094;920.8716803002276;523.5624631729343;83.71090705036684;102.28085201869354;7.822664245219135;54.97632478207674;0.39391986750866315;48.26585654728425;0.5647916534168547;1.2044546561019052;805.4844010333752;32.09376808813889;5.9526965827087865;24.971739968592427
139;4;534.3531357738893;0.5867109740375073;289.7685002939197;0.44082482959702873;0.22319512868596716;0.8891617136204144;771.3162604976083;412.3967230397559;83.09109823253806;82.54085042133582;8.16525196447689;44.528623843280045;0.3895886236278866;47.37941348837623;0.5508532810648945;1.1890994149290526;614.4462165351263;33.36710527467655;5.686198917711517;20.920000333117827
139;5;811.1126349062454;0.48477402543255865;670.1991812983143;0.5111852345896705;0.260319072803229;1.3220949312441308;993.0541552297215;564.697599247906;82.84648021622665;113.5738567404002;7.832301892098537;63.457303586159696;0.36430100625968187;47.625964144553684;0.5732867266667987;1.3215562443393507;730.2174875001213;33.13096418490023;6.059898504998708;20.208887422644967
139;6;758.3112382101175;0.5206656100167435;316.4710859298125;0.48125253926770334;0.2814545969714869;1.1202560017122014;1334.121308832735;577.5849212012484;83.17434129053164;152.54632651203215;8.269762595236534;64.3728367067582;0.4139213852569278;48.54605157432194;0.5527639415896695;1.0692731206177977;1110.75185908997;32.11993387743782;5.690658102876602;24.44501923024321
14;1;1018.3778465147957;0.552605829945588;600.1986619246647;0.43461774293069766;0.3778118746055179;1.0339626025005315;1646.7714504335295;736.814262805014;81.14854601480849;126.54792602018759;8.321806305780429;89.06506358850216;0.4559688921174252;46.75839615863394;1.1431365205043977;0.9705452186374637;1500.3384438746507;42.981838236942366;7.5392717340261;24.71899952971442
14;2;524.1395447768462;0.6345632779507107;258.24559224054406;0.3679990821971575;0.2442151074950771;0.7627555210891043;729.3732576203579;365.58298674998133;82.6524267670858;76.13208512782914;8.568219706089769;52.78052754363012;0.47693266610136203;46.11923160200849;1.1052955275708574;0.8758419691673339;625.4775172499047;43.767869536770085;8.317259935407304;21.13000046932463
14;3;417.0346565307619;0.5231489611452828;222.67946920962072;0.489239570965131;0.22811347215634853;1.148664293680752;636.1519012890752;292.758512251937;81.8012147088355;74.60875422485117;8.43843144816439;52.79168135304382;0.48295758986077714;41.07393984887853;0.638340127751474;0.9293721083923017;516.8385678583793;37.64041803586477;8.272991937034654;19.040000526460485
14;4;795.5449999707422;0.5372863731923673;871.3099943743301;0.47448699251200954;0.2953641266827011;1.061137895314681;725.2950255619867;503.2197299195097;81.3583333320534;121.19405999419313;8.455645290513798;58.49784551169273;0.4723063731255469;44.63787170822525;0.8796680391655965;0.9051125462154015;591.3397858843812;40.856479364303134;8.089846284835028;20.830003755693312
14;5;871.6795062558622;0.6133428044039162;596.6731393262658;0.3879561343097693;0.3215221792487373;0.7373104772622029;813.3757402640928;641.9604493463346;80.91586769104373;115.91538110095925;8.07088076975787;71.43035159643311;0.4663894559108093;39.16300652303297;0.7517738304318593;0.929228863618792;748.4600365808278;41.1792384972433;6.532376522134016;25.17361942874939
14;6;888.0655087096269;0.5323024286466004;867.6756324391547;0.47229529517152663;0.3757867589292339;1.1181484909740227;1514.4239683253309;674.4252830354488;80.44313475957888;128.65727764265696;8.3481526355964;78.82604986764466;0.44251279581988706;46.88481610934985;1.02877901412813;0.9633356086663741;1397.6648344861524;44.86191783950793;7.443997846087077;23.127503837837224
14;7;688.5970641324062;0.5292366518719959;369.05858237872553;0.46786679956952754;0.28811361750426295;1.122828319946271;691.6418384425335;476.5251585763767;80.96463287990316;104.64324436250102;8.418849448153551;54.563834776723304;0.4618764049258519;47.38981958636308;1.2474280068282237;0.8002316721488743;562.9225222537148;44.17551127507964;9.34533419595318;21.383752803516842
14;8;317.62522185139363;0.47832000854213896;175.138752205378;0.5173633050393982;0.22079502067966367;1.2088351084125146;429.4427575424976;216.5796424006092;81.39424546382337;72.34511629855365;8.508659382112176;43.76710431830894;0.4961615993018094;39.42305310454807;1.0221742439759507;1.1220344439319823;375.97779543628394;43.63373165619621;7.435703282430375;19.23374879508722
15;1;252.056019532388;0.49568029940866176;143.58653958872443;0.509500527203868;0.22463303827406456;1.2166716491772327;390.96336430939283;183.57994686560514;80.56109867705393;37.381326634597905;9.73676509755924;44.97739027467378;0.4785535536154192;49.227858706589295;0.6006345293864291;0.861187286527699;339.74537388022384;35.497358663537455;8.16159268751199;25.00999865459201
15;2;225.3192413284043;0.505439328030522;117.61580865386946;0.4861634361268262;0.16097574386596578;1.0568160019884199;327.51283754405443;171.90500082976797;82.17375445541443;33.891717615444065;8.969874673339211;35.59407172870882;0.4724823658260782;49.24240552578426;0.5819118621211029;1.038268045817485;288.2428484142484;39.479095215775004;9.167195338105167;23.301417134961163
15;3;577.2467940554207;0.5098196800128997;236.59130479985492;0.5069444657131378;0.3311933733558159;1.1032344952370428;513.8043237972178;433.59107357087055;79.45768236875482;108.95251044966395;8.61002706152926;56.84050401167641;0.44825580260921244;46.438134290458926;0.8639528514330259;0.9193004461719554;439.5651091128313;39.26155035630745;6.6378092763411685;33.09550607438491
15;4;425.80790055141347;0.48188656703189864;190.67054019767664;0.5195359862911241;0.27630034986965657;1.2020003398034391;450.23077989815397;243.53082060699856;81.94344498179888;74.35922743693573;7.587695089420487;54.66769749251286;0.48296229452206846;46.35898993838058;0.5979446245583349;0.8807332593662714;352.59937886913;39.18389186120539;8.001204982156528;27.239796956462847
15;5;269.7718340568099;0.4994878212223683;158.60071937290073;0.506214483232215;0.23054786757904921;1.2380634005708817;393.1225512076739;206.0735279613431;81.90629342744025;37.18697580688364;8.926939009508295;46.07602368166498;0.4560910347032774;46.560054678562686;0.865890781504542;1.0069462244503742;364.3654144286091;38.577070954572825;9.31556000390136;24.50100101991825
15;6;231.6664605726226;0.5254529959314583;144.1457755170271;0.4885908434994912;0.23828487384828714;1.1728187855783787;367.5691775545059;173.30028212178686;82.78627778315786;40.35707060420255;8.451315974049187;42.31475715367806;0.4856150815642073;48.56320711066839;0.9094884498199449;0.774052232006714;313.5077020639757;38.95560742765991;9.436895845216185;23.2675000321408
15;7;336.3346898946505;0.4856098873850977;192.77302769118623;0.506588805989953;0.2957297155097683;1.1101577371871807;426.1313302351235;252.60210545800402;80.48912297600135;57.21330340273144;7.907385236426547;42.9937832470349;0.45448184782758166;48.91974887404003;0.5189774848571976;1.1407068553891662;334.41260445626096;38.06453822949436;7.887077220638595;29.038811741680437
15;8;335.4311174120146;0.5099430315392012;163.19228599336657;0.4926123185655082;0.21681827631723594;1.1895628109249607;417.10419423176626;188.80045442649435;81.43196700631066;48.4604400162846;8.258674165823262;48.54565130902156;0.49039505312456577;48.93947053445625;0.5633955245694661;0.774307514149462;346.8274958744349;35.062118402402255;9.032074672584729;21.967497448136186
16;1;454.61723330439855;0.4729444809887522;161.26769970988514;0.5081974652820982;0.20289015397455684;1.2360112605046014;385.15495793067095;343.0580976907997;83.02080390684382;57.35613582189801;8.292450678223735;47.892034479794624;0.42356553803056884;48.991065040281626;0.8622952155007283;1.2935693341323489;302.2078812932952;38.84490233418174;7.647620303739211;19.943748914621896
16;2;673.6768140312898;0.6173461999324239;296.6304908043568;0.38281676133418957;0.3198890894281044;0.7590793055343377;690.3426517550097;548.7060712335065;79.95686480706598;131.8274219767654;8.4151571962486;72.173635394574;0.46060036208657634;50.32111894179346;0.7245707443558012;1.0116471497552537;607.8085975207571;37.750491998643604;7.621085955103173;26.540000149729618
16;3;812.845851368847;0.6290378432682943;486.05455431042503;0.37501927389844997;0.320114845685058;0.8663228221814621;871.2445976826284;558.3346526213844;81.75518376435187;160.76407873166661;7.631816494569985;77.35528349251717;0.43549183080015225;46.527516266150556;0.8820409424800321;1.0793231488633237;708.4359816613853;43.00770348619235;7.11906532381864;31.734545424350667
16;4;424.6777982616144;0.45612310930982675;139.55962095472233;0.5227955964887467;0.17306581756579173;1.2693500870718388;378.88828314511585;221.11002139029534;82.59080444257857;38.60482117063789;9.167562866300502;37.14423321089528;0.42012329551227023;48.3156458064128;0.5185563013010444;1.3283540422080728;306.3305102386545;36.97526291690975;7.463420330150849;22.982871701017746
16;5;802.3439422398671;0.4873155593319566;930.6250267650764;0.5092011132060698;0.34905205684192153;1.248653616590652;854.8394791631291;623.4136970968198;79.86115543997576;137.37025877180528;8.363932142359774;76.09660795159232;0.45275385440618526;49.87747539948074;0.7496139440507373;0.8806699823895379;750.8155584436805;39.483206101574766;7.484813544649354;29.350001299982015
16;6;370.3347591337881;0.4894167936158916;152.55175386363885;0.4988014346751395;0.2073198273551281;1.1755296015833763;371.3150616782038;197.95284370970677;81.17081587013568;39.9048537298305;8.543275615807271;45.061562952710105;0.4641739722456814;49.381903002492976;0.5428977363476304;1.01588878361187;328.34092252915906;34.69974979190746;8.493790931070299;23.50066764638107
16;7;986.7341267279761;0.5188520289036938;591.8829680775252;0.4796948326249356;0.3515048158162233;1.123854871737966;775.0786906591092;731.0874662264677;79.96247932891549;132.9687878338662;7.306287271724622;87.93685925792755;0.4471850372091669;48.78226595008634;0.6472257261359653;1.1800440202399383;727.1805084800798;37.40297842625372;6.060294285296961;28.830001277117784
16;8;259.36192109234753;0.4673340515404438;139.60770642059103;0.5174751458992043;0.23493724446989087;1.34038795361149;381.53414391062796;190.05538305466212;81.12649431274173;42.55950611528232;9.382794236815188;49.13742329151617;0.4549945895121869;46.215364187135634;0.7128910049492899;0.9162280607153664;325.78562286883107;34.93767892534794;9.451197060083613;23.217499272380582
17;1;456.88250443550476;0.585501938698755;257.5557151836425;0.4007596665654583;0.21812262029924542;0.8237060628442197;659.2503775395181;317.9542670375059;82.78988441713138;52.70900202253312;8.649784001739848;46.98795236976441;0.4177780416289961;45.24776556471887;0.5825196218167038;1.2447852818252145;552.0484044051153;36.10220930908667;6.892117954433678;17.48458205471261
17;2;465.45170223267684;0.526086892531264;237.31107253678522;0.4792249433412071;0.19046393358707495;1.0825073644496688;620.9873030457672;325.0473055432748;82.08248435111999;56.80180697448448;8.40674600446088;48.94782606366084;0.47290700835052696;48.87210254395702;0.7944239704758599;0.992854900363901;536.5965814766615;35.424596456482654;7.347984707077047;18.463749886301233
17;3;297.6936106763571;0.4837097548244214;117.15357515386319;0.502579525363211;0.2124556706063688;1.2966928934467505;343.54372068363904;184.00245433103362;83.4441548554143;39.402262445699336;9.400682207046406;41.85381385033351;0.45014554278901464;46.01795355362614;0.6518178119915157;1.2023441895049307;275.84964973933177;37.52157405523278;7.958257878654085;17.344581082121138
17;4;293.54265438750645;0.4988834158498141;146.2712260807645;0.497229277652665;0.2157378043609503;1.1710953667784987;379.9520708266617;209.82176745052232;83.3005430690746;36.64904892515561;8.53864302550386;37.97352398669806;0.4592348156750913;44.249936099427295;0.5567817196964283;1.1852978517864303;309.8967193384843;36.099710868846685;7.392743412297538;18.014583001701062
17;5;368.51618689939505;0.5779213660030066;154.62029385942995;0.43735649928710707;0.18807992033770748;0.8808327919172974;407.57702767466185;229.80499229842331;81.64603248457877;64.5031648209119;8.803804271075075;47.84965818385744;0.4886237439883871;48.88291982779404;0.7670369580011647;0.9212132327972508;334.59414870044236;38.0028791406132;8.051224057513112;19.23374950210766
18;1;810.1733450070748;0.5661341341962819;398.3604671417792;0.424887474440246;0.3381605793977608;0.8612581209315447;968.1944980441722;664.7497102588194;80.88167726118334;93.66740931948775;8.364918570170524;63.08976292156526;0.4245197100811826;48.78933800714847;0.43707847312131676;1.0638133794462343;916.1717919149785;32.1828436371198;6.184872757628491;25.798872290825134
18;2;1017.6297781717041;0.5314855288919956;479.51208082163606;0.4769028968969868;0.36296140189928366;1.0294534373133155;1651.3775336690437;767.5906612670815;80.36287792065188;111.14025385217366;7.86438380033467;74.99523300763067;0.41206570900823636;50.145728424259666;0.48021368409543674;1.0370857826300783;1415.6995372929728;38.45801126203973;6.469889836521113;28.74780168800882
18;3;1228.2739528612306;0.5947112204399775;728.4026877606308;0.40010221147271124;0.3851254843708998;0.9711914521167335;1960.6780641625905;993.8474245409147;80.16893739043898;175.95796545521083;8.043616167478689;84.26593069787712;0.42311429016634583;48.513977953532255;0.6177927579049851;1.1227391197327323;1704.023824660786;37.754348557084285;6.594101228864768;30.23666697978847
18;4;1082.6884008662842;0.5228898312422636;491.3802100454353;0.477576797777386;0.3648478589116816;1.1033155964143968;1657.7652793903678;911.5609241709099;81.27825672630539;163.025294310552;7.679593334443471;74.26665981234103;0.4108782651411175;47.09220987570828;0.3487404913290641;1.282027218622128;1511.1508325559457;34.21915975004249;6.236160108195696;32.65000192426301
18;5;1042.919028042578;0.5193434214686553;376.1585536674128;0.48061438676677964;0.32892275165872525;1.0393106397855514;786.4557491160136;745.1074110367081;81.53055587389066;131.3414804302306;8.309240300785197;62.953060129342006;0.4189601097317947;49.50262394397611;0.31041261236068274;1.1721549712983996;728.2014345364881;32.62371464183103;7.475401733202708;23.468667509344574
18;6;1054.28304895042;0.5011436128559191;662.1465955925103;0.5004826033797078;0.35875027074133337;1.1325496412276725;1785.1116526967062;820.2315469077053;80.11212670138949;124.75822999190827;8.190736267129468;80.08539644599541;0.42564373017680235;46.508752271816576;0.4769043256936017;1.1834948583524554;1581.3955898779648;36.72094860910463;7.250358708288949;26.808333061201807
19;1;992.0403697384935;0.5724850459732154;896.9948676123694;0.42716248711759125;0.3633862245960986;0.9111574898085142;1011.9802394499447;751.0240003215284;79.99425641848588;111.82262668521173;8.123803586984051;76.09146606667379;0.41275505633810694;50.012818509430836;0.2981410636508303;1.1413610111009327;944.8226248748615;29.619947538390967;6.967510787771366;28.940004050059414
19;2;698.8584603260539;0.534289545753514;318.85547691520713;0.451728595254021;0.2741523471686869;0.9400450497065919;732.941667768133;545.1420560706434;80.02625604602682;69.89158771801989;8.868363771110216;52.809268476882586;0.4024866763555691;50.03756496056084;0.2990636281146006;1.2358664911482875;657.0750741235461;30.64761114621836;7.32942798406854;24.83984548745473
19;3;871.398915637124;0.5373142171969134;493.9986428417931;0.45080146265789117;0.3151072382227285;0.9540769750364905;1172.9361685753902;712.3053780631909;81.3206452280809;124.89919339983153;7.781907416850892;59.96058440116676;0.3845538916836842;47.45674299732618;0.3633448445809941;1.2156876586719934;1037.7015972867882;30.201299433932114;7.353556021500391;31.008458501000213
19;4;1143.6105275595673;0.5070468194991631;478.20125507971323;0.4799021358134921;0.3723107843666334;1.168283358076449;1662.361044811747;803.4495463687449;79.21337030353332;155.71993018633194;7.787702613875599;75.64484353097845;0.4236544049164295;50.85982871693234;0.3488402419652992;1.2222145612128559;1446.9470130473862;29.895573459174216;7.041682953948088;25.93999671709612
19;5;911.1560638301888;0.5255863419962025;441.062469753596;0.45523234852329003;0.3237455117880448;1.0727996141054381;869.0264419613158;665.2142717906701;81.19661979478207;110.22919386435429;7.502515393653361;57.85263322521464;0.4077490395447708;49.97913662627156;0.36797265054931133;1.161020153063103;821.6683372189232;29.992757283263945;7.81949059216382;30.36307978465443
2;1;1352.9007649339746;0.49257064328101774;1514.7318904646343;0.4950579906327224;0.5303713316510259;1.1809337519624317;2659.8806697238592;1177.6877726565924;69.91720870557126;200.99059538825324;7.035081958347788;105.61194733678275;0.3973139585246584;46.295575850069866;0.7224172975543776;1.245102624487277;2298.7306783195545;36.6094524786433;5.471523393751407;57.79000077253061
2;2;1286.9687199001337;0.5533846178681259;827.5173260465697;0.4352744873277396;0.49007774711542945;0.976432361678979;2617.8335320956376;1079.7193424874072;72.9060973320378;199.1537747797576;7.736357403891763;89.8019902758707;0.4272505426902313;50.30083814342197;0.3855118108057848;1.0343848291358015;2282.8377273033902;31.194520272586516;5.862162880930895;45.4200010640362
2;3;1390.693316613652;0.6096219252295768;927.3324342491599;0.3807217279938973;0.452989738421516;0.7751179109668034;1646.171585977167;1026.7280614863487;78.9996574294189;190.95556647296883;7.592554747278199;91.52050690146282;0.44956002002674617;49.89357093254443;0.3839500035026086;1.018565381151928;1584.1441592783442;30.954869453083933;6.917539140634723;35.56999675857458
2;4;1323.1016230562234;0.6366846931166799;1005.5791385859178;0.3493927401168529;0.5188587117914604;0.7274721345779469;2707.859836816665;1050.6967738239907;73.17004832882232;172.2283782697262;7.355334146229344;87.50713180966349;0.4258839205120531;49.53693369742295;0.4474201700292843;0.9880860317950269;2333.867965601162;31.00337376686891;6.203329616954708;46.94000287735492
2;5;1374.4976414355601;0.6244520074944574;1229.5242526293625;0.3704131620221405;0.5206935764439138;0.8839072309192411;2738.948922569579;1103.3746001091342;72.57027631951772;163.39351466129736;7.540183642484999;95.91433862266949;0.4335342253991239;48.6972115757047;0.5017646086948413;1.0218490209260738;2405.698037784635;33.38432045511013;6.312456814989562;54.75000189897378
2;6;1217.4978113896095;0.5645268152357112;546.2649257048871;0.43160505636297253;0.4825403665264593;1.0398635198820285;2464.0073130291007;939.8986080812427;72.90726452772407;167.96258701299087;7.484178670320526;87.57183920428048;0.43008777163059436;51.34895316865377;0.39319215657486417;0.9503497972886679;2008.471612425843;31.584833410061425;6.209405509729637;47.270002229733244
2;7;1600.3291651904294;0.6349274198725042;818.565677744401;0.36635832493845866;0.5470421325552401;0.7876224816040077;2687.746900090932;1292.19371344385;71.98717334764463;222.76430384356055;6.7844121533416555;100.27072502848586;0.38755972226908847;48.57652842363877;0.8831507868199128;1.3299150452439177;2404.9247421858217;37.16755484314693;5.5329758238753515;56.90000092200112
20;1;718.195627438972;0.49003503216728506;251.78731477113826;0.5146083205680859;0.27984389679354926;1.1407218217185089;604.325847919157;494.9908815090283;81.12270994729492;101.97132695955648;8.330082313488823;66.19538934788066;0.45316109730393345;43.1912274633841;0.6477347574521043;1.0556794844646837;475.38869533181503;41.223964115903925;6.523634735643648;24.936246005771533
20;2;282.23261251675257;0.4928368431419618;120.47498957168617;0.5001805324249227;0.18987405994434747;1.1616394873559925;350.8688455480325;169.8436414583063;81.84885696534407;38.14361784625683;9.318887017162899;33.77559612411898;0.42208028647700147;41.168159914311445;0.9550058246158858;1.2649724329257213;286.32509731049146;43.34428481318474;6.946772013323487;20.830002592060982
20;3;290.8590568358993;0.48111109000833885;130.73849748685257;0.5095393515020539;0.20437391346068814;1.2286613642317235;373.26964112460905;189.00847410127278;82.40528067921957;41.529155446214276;9.863248580025662;40.85810000037557;0.3883187466808309;41.81857831927357;0.9532975832924088;1.466674236739072;307.1932407425382;43.47662811797441;7.925727353815666;22.450670327499225
20;4;608.2961569381632;0.4909021964580099;206.93835410899365;0.5046252789578027;0.29690023302617224;1.0563347164814074;449.8860905487401;313.8626211866407;80.8714211649995;86.0873254113286;9.56799132254217;55.081628704657895;0.38981000651136083;41.46433952476261;1.089318121942547;1.2043438784753107;384.94131106463976;44.78494214974953;5.62061898927107;28.05063214868601
20;5;346.3340100984336;0.4513771109144497;168.1970701358915;0.5392239483707374;0.21946391042065094;1.2976743893937726;377.46901652148796;233.03641215017797;82.15419190359438;48.37693753360105;8.840800153103851;40.81036861396051;0.370357835226161;42.18677542283202;0.8799206273629543;1.264221021685923;303.76711146793116;44.51371655427657;6.387430526388106;23.590673389433938
21;1;504.9821100030317;0.560024073593755;346.5372498128134;0.438182087901722;0.30134606040742734;1.0095022313848958;769.0079107605284;330.65134435487516;82.00891076128133;85.3922385091112;7.835693372410501;54.01281958229758;0.46998911504280144;45.541091822374725;0.9118898023900185;0.8810042413647067;668.992089379755;39.62135154027621;8.174141245854942;22.180999133406004
21;2;464.41807501076255;0.4575333305264157;306.11666579021994;0.5444838547957525;0.23610100438160278;1.4893876002415278;668.5756291180489;299.81835008416414;80.24080281832241;70.18222164994462;8.443365562955368;46.990304885430355;0.4496367565594303;41.002087433401734;0.7638746404137557;0.838545067004787;588.2600947198861;38.4909584637709;7.154072519682657;20.510831313619466
21;3;599.1450822372212;0.4419372195576708;302.95761250254503;0.5537968454398073;0.2501906328999454;1.3720132423532048;824.3068344119076;413.53063142857786;82.52907396951609;99.6626645714527;7.926948546724141;52.823588886465465;0.44472448891608546;44.13531989517138;0.7460329271562876;1.057234665620792;710.8615479816956;41.00612261146067;7.036735142259939;19.47055602952628
21;4;311.91629878292946;0.5522556056787183;205.1846508056389;0.44207702633276824;0.19708373937881565;0.9203897933643771;599.5434828721072;237.7385559186148;81.74553807470127;61.58758160970154;8.46670770553737;36.42736277371344;0.4705028330257162;44.834894101105775;0.8363970103734615;1.0453265622815706;494.7396134522926;40.23679037360563;7.321705300981327;20.289998485243604
21;5;684.4055573893986;0.506669342314901;758.3931637115394;0.4912184473064625;0.31000840720703193;1.213799986044748;843.8324457778668;504.06214727205196;79.2138697189719;106.6760989280786;8.521924297852198;61.64121536821295;0.45678317156898374;45.45870585084727;0.815004226147548;0.9543861945785105;690.1025203183542;38.781370151159315;7.719242402637833;21.921000171024502
21;6;340.20644724084593;0.5013349792421298;199.16437026805266;0.5042985603279074;0.2403766694087571;1.2874890799514493;601.5030383048306;259.0172774207556;82.92013214118184;61.75872914758935;8.413836724244973;37.849985268377765;0.45216129264209504;44.98369994932567;1.0330335174922778;0.9415656265283903;504.68554481138074;40.59438461266607;8.835814076896135;23.91000049463405
22;1;471.69271899424996;0.49038254991954977;275.78408210173615;0.5153819914972325;0.2645233298126896;1.3368687283567424;720.3781250476278;299.61552616891385;81.29753919411354;86.30910926629383;7.617940950430584;46.886052764724546;0.46317772639754123;45.62654984668424;0.7823279019129491;0.9538692647082628;606.7036481365611;37.39925051370729;8.56495946560566;23.181000257573082
22;2;918.2300173918738;0.4536245707740726;445.35545990749705;0.5247080880258468;0.3411014675387101;1.3715960798678275;1069.8921897956309;647.6859361354664;81.18264944336067;143.586934351522;7.296264345984273;73.55562569100768;0.4461344661572583;45.63223787059716;1.1122730882191068;0.9970677366286858;979.4585381090642;43.520495584934395;6.624461597358559;22.651499633036373
22;3;892.2034091944407;0.515905725171574;435.05083363208337;0.47763165443634203;0.3212443890151042;1.1762603486143133;925.0272388418009;614.6253243815573;81.34235794902668;126.10767306211866;8.420875430494421;58.18358384299259;0.43580699232321374;45.45973703620139;0.8618330503357879;0.8637055738764471;807.4586810724326;41.00951702357328;6.721840232146539;23.301001465934053
22;4;396.65780701099925;0.5771962012516876;191.48091290381623;0.42731366551136024;0.1999531738295167;0.9232312506678344;567.6526167364044;276.68276131840315;82.05116056731414;69.015212807155;8.171161375702827;45.3982031886992;0.4769234263427771;47.033859019855846;0.8690486497788836;0.9349806623485712;477.1454610919081;40.56873758911521;7.7642735421415745;19.932380230152567
22;5;985.6238371224345;0.5124600485519529;353.03382129971664;0.4866695008190543;0.32154478072390724;1.230201783689593;861.3383166492301;682.5095516641688;81.8449959585285;138.216658291843;8.671782974598761;72.28142199690653;0.4678475960545749;42.40627798718733;0.894465277650007;0.8294145845357316;757.6399463685734;40.46096984834368;8.215391167186066;21.65999943207052
22;6;498.34618592526135;0.5404099289920782;202.62763943781712;0.44503727975048407;0.31833696404182665;1.1047537278963824;560.2475551869763;362.63704862858754;82.16940710853032;60.88412576524067;7.660002006084933;49.371629886565636;0.4765042921033535;44.501495693863504;1.0021065844474004;0.9763897730214253;494.43582016214714;39.32053996335988;7.331834036115209;24.460001990764844
22;7;712.3183025573152;0.583439183559567;299.54569910602777;0.41340555774944454;0.2804670185398945;0.9754920090634298;725.7108535375367;539.8052392891287;82.52579245684643;88.91416610228609;8.301135561870517;52.47964312546261;0.44028046771085294;44.79425833346193;0.9500707710999612;0.8891571980391264;644.5871652582086;38.59684244441465;7.15302340662747;22.75000046567679
22;8;560.73656423173;0.4558816846060951;324.45923629645597;0.5383160669342635;0.2771119758182661;1.4373301935073095;775.1517388137722;396.38732088807626;82.17616513468185;87.81217687553821;8.336667285643514;51.19284950978405;0.449597553159444;45.546264433661364;0.929420249831483;0.8783491053144966;648.1175536143514;41.54119492322028;6.98562999721625;22.600000324595097
23;1;717.8557152354352;0.4472924581489698;436.0289192706872;0.5490959899269889;0.2792718578244674;1.437445779380753;1027.541394828058;640.7267226108037;82.53476562847226;104.45489636088521;8.20574347100662;59.6772724897548;0.41124206005421987;39.96511608078247;0.5981294193417489;1.2279069498526978;822.8213181999411;38.9242896497959;7.064650554430106;19.671666873682685
23;2;1116.345610837722;0.5294165971543523;392.4020143893987;0.4638861889513666;0.41680047881050974;1.0086151898381162;1551.8559037035216;825.1915902754795;82.60368742301864;170.99763364315146;7.672576572793369;67.40799754239289;0.4558130590958021;42.19832333457173;0.866135117158924;0.9719397813756561;1431.6528727269083;40.456146785173665;7.1866121967860455;21.61000225352763
23;3;1051.7783391767532;0.46919808223476744;959.7150173599453;0.49266109666541347;0.3435451744785595;1.2372642212130924;1555.6441909459545;764.3049431873675;81.05809330686597;132.57020438232496;8.08414384512647;68.73830759016934;0.4348152629838345;44.88355860037704;0.7535416669970306;0.9441325482254898;1337.3613785896239;40.06220280620505;7.082486059796799;21.89000134884999
23;4;560.7179738650194;0.44335764047393394;362.3113746628914;0.5485571263525654;0.24072030844802758;1.3936976733305195;765.4876054314736;440.8094386890327;83.29890585495336;100.6602130470096;8.44672194807579;49.52883769866549;0.38550489233819873;42.33269419915779;0.5112316746268367;1.2955552855383476;645.5529740853291;38.01958000927764;6.385392223770292;19.040556270108617
23;5;356.36288550091064;0.5023082701338876;285.90968010531634;0.4949607148319171;0.19981664733149732;1.0829901137321043;603.0544113864644;276.3847949714366;83.39152901608415;56.9227865979406;8.586934524791696;34.69694971853048;0.36137793981437105;41.80323658673621;0.8381524351917355;1.3610743303964423;518.58374595226;42.65447972347105;6.360313532524807;19.221667200774863
23;6;559.5575874812316;0.5237813907018838;293.3932868119654;0.4642662377499326;0.29894920014391957;1.0073950829052762;787.5688432153847;388.6748538730824;82.83484298927169;81.5726756321479;7.934048790509829;50.28465522024007;0.4199759604591777;45.98465995823482;0.74409577512913;1.1791787360809982;652.0422759661099;40.81358081476254;6.962020656037541;20.968888436798842
24;1;691.8045537100238;0.5161001584991755;334.11967531594763;0.48540370048210035;0.24985089584008396;1.0187626404112917;722.2821630007257;463.086185431536;81.50712321910784;73.80007943407944;8.389274838224612;44.421773875780765;0.33987822438834764;38.30255692604958;0.8463364949508193;1.191063714950076;617.1227491730734;41.69971471031729;5.812158605972445;22.704706885896556
24;2;949.1990208415034;0.5142938521865631;496.81478521441755;0.47158170392249443;0.34823408114998516;0.9760252593093102;1324.2581469073018;744.0264213506225;80.89379284079686;132.20600812851933;7.5843667943013005;72.66715297113957;0.4427360117386375;40.99299200286226;0.7624767338388905;1.1335809266071002;1157.4695729803987;40.69825881342645;6.948796471157319;21.879032512134064
24;3;1101.6989365829945;0.5523725166202129;391.74873125696814;0.45868125506395796;0.38100881465779224;1.0472538085792364;1578.560799907822;867.9456348281918;78.53531100792021;175.2810475404944;7.636512623591821;76.88618225009131;0.4293327534043472;45.06378376567806;1.151321601219157;1.0292532830947454;1433.9156271796994;41.42034590905863;6.188309520046549;22.54000009911022
24;4;571.8834908035914;0.4573823011858728;304.75181298862964;0.5389271536316294;0.267662817262517;1.3910997856659533;770.1965143799587;427.6145871413082;81.3435233937982;87.19530684940877;8.590100782405877;53.693036395041695;0.40562275660214814;39.386283992635306;0.8017645647030716;1.2266626545047337;648.9456121992614;40.99772484333308;5.9171608625591245;22.101970725572084
24;5;941.0937153096468;0.4688708369745882;928.1013966513528;0.5130648869456408;0.3128396064631311;1.4082167582256457;1422.7270144932302;685.8451846027893;80.364576799925;122.58231903783658;7.672660408278457;71.1254394531717;0.38913982041007983;39.06273026459883;0.5687926925665509;1.2463308814935126;1176.5194919983287;38.89033589997782;5.974150559143761;21.753132252019217
24;6;750.7981888174114;0.5184776406890967;348.03861479662044;0.4772685238262152;0.2599641837635883;1.0322686733972632;767.0412183255227;588.7080864494978;80.00802131276751;107.50668142045345;8.139642615033262;51.74409119594345;0.4109556997494232;42.93312721997385;0.7487869344477541;1.0788273077105874;701.224124359333;40.32159434588313;5.470938026469154;21.87909060668671
25;1;337.65979536488993;0.478631531401037;186.35626960505394;0.5215673973353216;0.260400957163702;1.3114971940778661;570.5282530051319;253.9232641395005;79.62262024074376;54.40027595397798;8.590839559080633;41.12884218063575;0.46060926089122356;50.46041805373816;0.7428235698248994;0.9801416845682179;499.43080360562317;36.63569005566643;7.848155156497572;26.103076359082493
25;2;234.40175578517176;0.4848632056707523;196.20429079378758;0.5209373728529179;0.405565328626464;1.190566202219311;459.78916699562114;199.14680202974097;72.06744292942557;50.213861948130436;8.686547557787517;31.72380630686088;0.39668400593930636;47.05100084730253;0.8417190369737036;1.0716339513512816;405.8138730565417;39.73472122481642;6.039254171742046;49.85000093967369
25;3;1345.7141072195802;0.4595543063378371;649.8254903798677;0.5521488000187083;0.4525694678288484;1.3886949973024816;2201.0300331558365;1097.3915607160523;72.28972096042405;143.3000228398716;7.352073664495059;85.00326196934776;0.40130220746225403;47.30449340982506;0.9526850303882608;1.032981243367441;1908.9529861365684;40.304649603944874;6.1049354816748895;53.63000235556729
25;4;759.6917271003912;0.45364652665804817;342.25059089241245;0.5586602750560216;0.4316421492213625;1.474972901987217;1083.020650635086;693.3502956987942;73.4860385699609;106.78831713620374;7.9236583261352544;61.18852600780064;0.40639573537102464;48.637003293193736;1.0652951374798456;0.997670555262463;929.4046801618605;40.48464570213388;6.906105116753759;41.228235452484824
25;5;912.1194668104938;0.5485384395114719;438.5017877366639;0.47772512103507114;0.3997606699490632;1.1981824740142824;935.2523244083369;775.8451334157563;76.83083558593145;143.3733583767241;8.45845114211615;60.76397919112058;0.4453218887793691;45.396544258547024;0.927318489600659;0.9599848469149234;875.1123774837339;39.51669386089177;6.386998130569567;37.56571555469327
25;6;1001.470038763503;0.4621230135748386;419.3202535043178;0.5441256316676208;0.4588793317843478;1.3642522797424077;915.6101573019127;789.3571831789236;72.85223581570777;138.10128137547355;7.843691969006216;67.18727642592738;0.38695095548778596;47.06502497146922;0.935714038756287;1.0466289426869155;817.8498255656076;40.39026931046968;5.436949323043819;51.25000210027338
25;7;735.4841731928676;0.4511364017831795;335.3711738037658;0.5572139828657552;0.4361743674846602;1.411484916707365;1042.1048116491634;590.9987295335055;72.65561149452984;90.46058092164964;8.026712048592634;59.46397683231156;0.42546172825512174;45.87574660485076;0.9706378990679769;1.0584600775480797;844.2116656739596;40.469649024158585;6.709882511105102;48.6800016871343
25;8;502.70026626013384;0.5841566326932474;245.42963874189974;0.40192790752869645;0.4092862843454266;0.8380786654507979;633.9783593960506;391.6750002982298;76.48052843813964;73.5674588595645;7.943570671452718;47.80212886548585;0.41913518239801495;42.97199228940389;0.9592736370826175;1.106133809154046;479.3044670153203;41.22984463136258;5.878863340676278;37.90323391229668
25;9;325.28513225147594;0.47990051638813597;205.2793274033925;0.5170331656979089;0.30695066061484827;1.1434421261881922;606.5112314556916;257.0780002136609;81.47302538245667;42.77864272316393;8.484041750493706;37.161082793038815;0.40767399721120623;41.770861486831585;0.8366829120677863;1.120068813943791;489.89093864369454;40.07538197707202;6.623893703660499;29.813104868020012
25;10;1063.4098596414872;0.45521124255306683;1013.5966259492716;0.5426257278536498;0.3932964253915032;1.1766861854724362;2002.9658106527181;854.4322802970084;79.89814086967965;137.6142172878446;7.624570965060909;67.52982687185592;0.39051042695543275;44.61165677610397;1.051442369200164;0.9955937225912046;1737.5357874641713;41.08212978786536;7.652777881784585;35.585714308179575
25;11;828.5008146396291;0.47747881376072643;385.0219135964787;0.5447574585906558;0.37816228429813037;1.2768905740321392;1314.3582187998823;663.4789855670814;78.99737923205087;98.25343352943699;8.306743661050662;57.514408914969856;0.3956736020732135;45.83329342137619;0.8963327824363426;1.0391536223758484;1146.2894183457834;40.564415819138205;6.120511036807406;34.10000155650777
25;12;519.0693570527129;0.4857469843991023;295.67298109537865;0.5139832341054221;0.41098884753224696;1.3367312536960605;773.6471779334478;437.68648835441536;73.077108748598;100.19400946496665;8.293847641929899;58.043160470090385;0.4397993402863699;48.35802880013219;1.0237365105715108;0.9306958102773326;677.7376677142825;40.002979567759525;6.779353715415769;40.02000071916356
26;1;791.398140935144;0.5224936028891557;336.3662710195055;0.4803038078897066;0.33728832422267907;1.0351743620599692;871.5246945013808;605.5176971783982;83.82271442507296;104.96967809715149;7.769941988398696;65.22780549702165;0.382004494573913;42.11429373840977;0.8584337484731117;1.4881018305116027;778.8969641522626;44.02653048280152;6.47185275905606;24.85943630384699
26;2;906.5671153215684;0.4788511009857333;296.27481403706844;0.5136414121119001;0.28755269809981737;1.1897796854806695;1318.9146171781933;660.6258324856406;82.05248414833537;113.99330811881644;7.715718231339919;77.60175426397802;0.42539879823005544;39.99170956906828;0.8594405836658418;1.2150057338815576;1103.4310669241092;43.84644244235229;5.4028223421676085;23.048274221781863
26;3;908.6372046809436;0.57634799946359;321.01420545047984;0.43765476183227636;0.26958007456939237;0.8969244807453053;1373.994450377298;655.2914134273424;82.71553679144816;140.82827702021393;8.09182047539062;65.32262771216435;0.464109622405109;42.843742852318904;0.6869220454848297;1.1028679340127274;1160.9682119366073;41.305434060517406;6.594173567702101;21.55899873703013
26;4;924.2831119471269;0.5024460506341616;654.4217043255832;0.49738606071453556;0.3401440898630939;1.1613183976757107;1614.8518182920293;717.6777058352305;81.99145364815426;150.99681762625553;7.851814586899556;73.06897613704818;0.450383530529121;39.425936840961114;0.8128952593750775;1.0311087386554103;1421.9153011399403;42.15512669373976;7.467117508404445;21.277886914057508
26;5;389.88851153954914;0.4776003439162559;261.5619091514943;0.5268709810433647;0.1979256387922146;1.3406562297715567;649.383046227504;300.30028433554065;82.01778012389994;65.88865591772084;8.770122622547166;47.12229687031351;0.4669780277530986;41.46106387353613;0.8228514168932398;1.0078425041189027;566.8658161904433;42.10797826688914;7.333838078285182;19.14152769704053
26;6;878.1048312567264;0.547661649964337;408.61566117210316;0.4651245985260907;0.27408371836730616;1.061221168075311;1277.5751244065364;676.8416603817943;82.77894718108676;148.92602020416837;8.225119127530107;64.73525025233596;0.4643954336216259;43.81597559039851;0.9106523282747642;1.0062042695305062;1087.757325351463;41.831943670527245;6.145027452801688;21.58788719611418
27;1;552.5688300502575;0.4918651969946881;364.3087108435754;0.5032755572517003;0.26510350253784837;1.1847907425282513;785.6263420034735;410.4588883170503;82.70463575545037;78.78275164901338;8.218651430833756;47.23370195740483;0.43144380846364005;45.51506238197633;0.8255158604486924;0.9925475226020842;647.3998444080016;40.028741117877374;7.892828964423537;20.530832557378588
27;2;703.2614604607267;0.4517196114779703;339.79809955292495;0.5454592320419632;0.2546655365807704;1.3533015057051776;1196.528005481568;462.5471676652872;83.06920228006302;96.51200257163579;7.928844705677602;53.38819441776596;0.4441089060571815;45.69719753088124;0.8669821335717595;0.9901555724230251;855.261060316337;40.89516186289998;6.877339648785053;20.042055622487755
27;3;911.9720045646692;0.47711112903060093;361.22263433892743;0.5094416055482571;0.2714113555081195;1.3497527166461718;1031.3393113446023;679.541686524461;81.05451586378253;94.46853804350769;8.23769699237009;64.7608132264363;0.4478032428711191;46.90800428390933;0.8121919879890892;0.9251207402146752;842.1298064090498;39.22511333920231;7.07659113548271;19.25055582920153
27;4;795.2802724904402;0.5007470319842006;352.46372295178503;0.5098405994834492;0.2505540910332346;1.2264497039317441;861.9457428080801;559.2931394640458;82.22865232333851;109.02222613885539;8.018958172044428;58.681996521266775;0.43942553231469206;44.48115922626084;0.7857590392095184;1.0262969428778903;725.0326867279537;41.19183763294429;6.470121069702757;19.020417932793816
27;5;483.5159130905969;0.523060868746646;291.00618144137496;0.49291480883177136;0.21819228620630707;1.1736470306680953;660.5785680411504;347.9723565566879;81.77050552212428;73.01343840867418;8.24920244021394;48.59048913955904;0.452302680013147;45.170225381977104;0.8272065234648054;0.9651235345017956;566.1819568316815;40.029938408462726;7.123493835741239;19.551666471899647
28;1;1100.7272575197403;0.5127206725106808;556.1811369021854;0.48225955154967487;0.4254078000502978;1.1560259377912812;2100.7899893070235;825.3813276924878;80.29566983915286;180.73885044765913;7.272537413826602;94.94028342004268;0.44058932951324353;46.70645768940562;0.5317502638557149;1.0638688914392511;1658.159825229969;37.136700154901476;5.80247741493867;29.91583394008429
28;2;985.8345136378614;0.6069401307291301;1028.9754721744678;0.4067685899769958;0.42376309112181737;0.940876768376035;2010.823173572185;755.626420370803;79.54151259225412;174.10869947722412;6.545390747412509;90.38076403344039;0.4533124229751473;44.96181560292178;0.5760401912789;1.0496342706565853;1619.5367933976834;39.08600255186716;5.7982901970548415;26.11249825037704
28;3;1027.0679949002158;0.5360873963605093;963.9694755392193;0.4587220987680403;0.32406367506154654;1.0367232541386617;1571.1776179587011;688.9778940080914;82.59353894800766;125.13860191737984;7.682446809882903;71.81033504901754;0.4355344820238012;45.37666732241488;0.7138938528576468;1.1743636644811843;1214.6908585688723;41.08686208855882;5.995087227700819;21.449531972148467
28;4;951.374996666778;0.4899646111696218;535.990429103782;0.5138900619954764;0.3806280651910867;1.3584940762678106;1798.229942479525;677.467272196267;82.69496946782537;127.02204555989887;6.8450457694137175;82.26863978162221;0.4419613944713383;43.31630772845406;0.6788594008449422;1.1131217743289783;1404.117797115663;40.22643566408082;5.4657556631279665;22.108616701610746
28;5;1065.8706616373995;0.624667039968027;766.9685063515531;0.37791602585878986;0.40313580998570997;0.849146017431327;1736.9847378874733;783.0748683907799;81.83269416593569;168.54358991878803;7.468050673487498;84.60410491175973;0.4575649076779196;46.12202739055006;0.7511994844143299;1.0828671701439037;1424.9144031956916;39.89003125179245;5.889597116695861;22.73383235936642
28;6;1025.5177204566155;0.5390622503526167;969.4504463754174;0.44538854873793166;0.3571991312176977;1.006389863601411;1704.438923229195;753.1065595387583;82.02962661152677;136.53563114260544;7.882397086146377;75.04992617484443;0.4388660026024931;43.25527607051432;0.7910596131705637;1.0624503600403024;1315.4263828141245;40.17145923928309;5.648851302175333;21.342221162332997
29;1;218.36524331117084;0.4718953286753018;124.52977362903883;0.5118240703282356;0.2810936453591054;1.2018468401377114;325.2060837197271;187.81014853700574;83.66480013698224;36.94324598959671;8.547773085825758;25.102058506679146;0.3664524308351218;42.453977661771695;0.9654777014827541;1.3928157517829483;267.8228122586076;45.47906263883316;7.299511938474353;32.3208318372913
29;2;268.84609681920443;0.4685549234338048;124.0658286493371;0.5149514467477774;0.17512383102097087;1.144829244378174;348.8830466743096;190.99042654596673;83.53682027632591;42.31179483124128;8.152439435866462;29.147637467164287;0.44665912997588775;43.88129324726575;0.7627451886658554;1.1234694318333822;253.81935395371346;43.35427542034749;6.420850209197828;23.16200324671912
29;3;307.2489170049723;0.46995182196844065;192.88599782221408;0.526164414489738;0.2537982119008922;1.330399666629302;581.0051734492747;223.3304775291765;82.24017567515094;63.64760686354261;7.964563628961093;37.88549825292895;0.46966715513815466;42.03010156074674;0.9468738197771814;0.9745643280798509;518.5168466516506;42.51167108000132;7.5800647693678425;22.87166751702788
29;4;260.14279034662593;0.519235556092924;132.35906410290173;0.4782789401647305;0.18412892949800683;1.0282063550528602;381.20728536702836;177.64561717244308;83.29281766490422;42.42859284724996;8.738466173173975;29.35155787332718;0.4538921268368023;43.26992717518817;0.8894896085820246;1.095734850884937;316.83660463336594;43.9031497045188;6.2570316475881285;19.511668215255696
29;5;200.03851522310998;0.5068338178135803;132.404164611414;0.49611945275944974;0.1522289761388529;1.074996108755831;308.2671615164913;161.19512159965035;82.88672012236091;35.72175982291656;8.642626736774005;24.26479461649957;0.46154507583764876;45.0420761912629;0.7893346738313665;1.0573911104611902;268.99103168592575;41.45461683096077;6.911949721044656;19.773749048423177
3;1;754.8152717800986;0.4650626118954336;423.926174919693;0.5385769434509164;0.27907867164479;1.3410730623398992;1065.9218525210745;591.7006249140055;81.32685756021387;109.75441543988403;8.272458401082877;50.936335997405074;0.3728145023418022;47.09870211333592;0.5215611094735637;1.2162635351956528;829.8316882367676;35.268391515775704;6.146324155032171;22.652422493063693
3;2;807.3917897562812;0.5865369742926831;868.3216701141156;0.43705679332499947;0.36852553358350404;0.9458102203581736;1527.7967169721967;700.8303184096254;81.95736838591341;120.46077565961546;7.7438349683414165;67.74055391613796;0.42362122480564696;49.49705435946776;0.338410510749045;1.298148462879518;1325.6996518980586;31.411812374005827;6.805344385991717;26.629373595568385
3;3;1131.0339487530962;0.624512592016075;1279.8759687143458;0.3684000906379383;0.4328159060586247;0.739379098313133;2515.831698287531;927.1871574686962;76.0475235032664;155.2666695307653;8.090004914485483;72.0763536561835;0.4067638761006123;48.04310777985583;0.31734890722990516;1.0506546741784903;2258.843949209613;30.749191234978767;5.516015248174963;35.67823216054472
3;4;916.2348894532878;0.5264701912726443;437.5614819891138;0.48902558528074297;0.3654045444249983;1.0022244749222289;1780.49501173334;820.1286472918198;79.61042831788858;149.69549246716363;8.01519219995361;68.17088107711251;0.43226795143163804;46.82685273335459;0.35955785985650557;1.0704997143624104;1509.2398253328931;30.535641583876746;6.73935854632907;26.767333265108313
3;5;1243.0004534536233;0.5221276043189517;636.7223089883635;0.465720975151251;0.4810648668468993;1.0492429158982977;2560.064846986043;1079.5008310402156;74.00817442736343;208.6304640820743;7.342349539331071;87.3520507599099;0.4300575882509042;48.84009946279444;0.6676417442972163;1.0543556931012719;2284.3963260048527;31.143170392544857;5.510604840026304;37.18823459280245
30;1;883.3812607300316;0.5471461745232182;480.3551635299563;0.45480788218801366;0.35400972245760187;1.1243961736144938;1579.098323094769;737.9933722848924;80.84700940203945;139.71127286953265;8.331428133121642;62.80745519562801;0.4256799639442874;45.453924321194734;0.6755800511912896;0.9820561068873297;1401.2950143491157;38.91701815433405;6.8465191582819775;22.800002370451647
30;2;978.417066030813;0.6190670832404472;979.8503625000244;0.3814232125042308;0.38064590063297027;0.9305532828938254;1722.6312238469575;829.3736621979124;81.27851460349984;126.28612780535028;8.592833206481805;65.37359567064892;0.4235156097505029;46.421708815832844;0.824146608478647;0.9240789533692861;1591.4501096208905;37.27247057032102;6.656448320864331;25.15000317528224
30;3;890.1853833408824;0.5392917951900182;373.91909437309033;0.47529139402713677;0.33570419252876255;1.1986765307639444;876.2728436844621;768.9818046385263;79.94315354556277;72.11885406845398;8.868423749727617;53.32560572421222;0.428442079203812;47.16409550459654;0.8450950725092246;1.0248320554765256;773.492231537758;38.8358693354585;6.631559031303654;27.65000346076343
30;4;937.1751611804348;0.47232410901114846;873.6525736771404;0.4967287662538381;0.34735614895379613;1.348346917900839;1513.3252406792733;725.225854772;80.4688340825635;119.34664222213001;8.436184107550183;70.14662469844107;0.43328015957156024;47.6329657828522;0.7462256473684475;1.061095898873969;1295.6425427092895;35.18166796260985;7.137098320505507;21.728889391483435
30;5;1008.3172648317045;0.5245916265107585;413.9639552186681;0.46763481610557506;0.3570315707318206;1.1391961246227607;1278.8856294006152;743.0094828348499;80.88147877320179;146.24687315326537;8.582915996722301;63.15516266684779;0.43004229960675794;45.23393715783451;0.8985636922578847;0.9895164355425878;1044.8872683318666;38.904332670904;6.882473510036119;21.15999974111901
30;6;971.6175711255331;0.5551830622202399;480.40004407201116;0.43558141900251285;0.33661720641202875;1.0878621924111127;1047.3458889367187;749.3688341600663;82.27074567764254;138.66381531902803;8.565840963160557;62.121446070175416;0.42621143063098765;46.52854713320447;1.0885886415118335;0.9681582284829898;923.0213045930243;40.13518473261328;8.04039008327975;22.820003102413562
30;7;1260.095561731932;0.5014344773770949;727.4922812464705;0.4864102024120008;0.4468081510943691;1.2736266192192565;2022.3840933245167;1030.3205553065518;80.62597169608296;152.35747907970332;8.044789743800344;79.55867114502016;0.4402361926701339;48.2336560433041;0.9584375060985987;0.9686104602366561;1726.3849192801008;38.93596194707802;8.24935168899342;28.46000085008795
30;8;1118.2362709316212;0.6001459481195754;672.4520084108245;0.39581887683118616;0.39066296861720373;0.9375822192811313;1802.2099701598202;843.9961089226167;77.6731300706735;171.28908914932185;7.699765109545203;79.09986280938993;0.4553054544415036;50.82068997951426;0.6786311060521196;1.0676472245796729;1500.4805325383627;37.32328336573037;6.726422283473957;25.12000084163957
30;9;1221.8983519032581;0.5059174255659771;537.4323209038062;0.4725435541954499;0.44486375638607123;1.1883934919707577;2040.851982687962;972.3930967331286;79.61868523523414;178.4149041912278;7.277879328200049;92.16370874831865;0.4330974300252779;50.44253735227335;0.49869868227286934;1.1241231264248646;1715.097060714234;32.147196993141;5.675641645979767;31.25000251791657
30;10;875.844008570718;0.5715113043203088;354.26966360060413;0.4384886862405623;0.33143232011474244;1.1043695210706528;770.7542258620851;729.6771644589478;82.77240430605987;132.8068026547073;8.797852591092061;54.186976970399364;0.4242804821393233;48.77074227170067;0.9995119957823535;0.883697791196618;700.5178752387017;38.22827820026866;9.050211441918632;25.35000289056084
30;11;969.9369966033149;0.49764458053905075;1103.8226660243668;0.4808367373469236;0.371821026840634;1.2836707926470572;1524.674961238957;765.0671257367918;78.44686636502874;124.82446229003239;7.771574711991649;71.17492381375165;0.43198805213802993;50.08662244888824;0.9234323239012856;0.9818249552319243;1390.1111729945803;39.017664222742695;7.842513917962844;25.770003968137715
30;12;1075.8221561106009;0.498727895770124;903.8536089824497;0.5023369321277149;0.39161813014516594;1.3710023486833338;1659.7088132665624;794.393169643502;80.9663173919159;161.16239203309485;7.9961088821166735;65.98211439039119;0.4482060635119741;47.9159684132752;0.8798538502806938;0.9116243672334366;1510.2073910779925;37.090891838332354;7.4488346053986785;25.330002134632224
31;1;928.3174667551783;0.533761846013438;406.73062223570827;0.4778698246527402;0.32779854874561015;1.0398718351645821;1356.2753995995354;708.981561181887;81.96585646684467;110.96239437086814;8.476585773021752;61.471009092935574;0.41906706723453957;41.2074143435831;0.8417780252718398;1.0349777095861965;1116.199383832636;40.437094967973486;5.765759091301336;21.102220020380557
31;2;904.6162289192866;0.5155618699768341;593.4578234054803;0.47536303605968006;0.3675610960798469;1.1388906305197608;1372.5824373968144;637.5212952793153;82.85368531735466;140.4102715503665;7.49906252936328;81.1314166591231;0.45717532568651875;38.71344294129029;0.6956300978177551;1.2761574169026597;1059.0633436120045;40.60740051326746;6.618117230401693;21.00650062283723
31;3;989.482115979615;0.5352047350208783;1027.5098880774954;0.46768487999141695;0.3947037774086704;1.0738564297556743;1960.4713758860019;801.3016108136416;80.48466937663287;171.56814654920592;7.577868518290428;86.86933071349769;0.4507596463630344;40.224477371827994;0.7750899924688671;1.0674162768768236;1516.3203383657292;43.40886210913419;6.8452934448054235;23.03833189870262
31;4;1000.120889496279;0.49186627058672905;585.1703854591793;0.497059702207201;0.38919841715842196;1.1752703470304247;1872.7497955789127;786.0799340284301;82.1580582423347;150.2758153599308;7.754124913198897;91.7429570581248;0.4178981307969861;39.87029706147434;0.6699963440503224;1.1771181518306786;1565.6909475117372;40.58033774959561;5.834657702786831;24.067500422552722
31;5;1031.377363345454;0.5231176864334711;430.99087909097716;0.4807835664180078;0.37414921212784497;1.1443935085529289;1638.3232326735813;794.2224915703748;81.04720378132588;151.42327695759582;7.895228220215277;82.36182657018996;0.4486810795501854;44.35382628401368;0.9090465968128082;1.0013251733146733;1413.8667061812564;40.73441523753149;5.790086618916609;22.378998393615298
31;6;847.3240123975286;0.637608592435691;402.92727405583224;0.36904603664081237;0.33155906562815873;0.7577629455455035;1113.7827894159495;620.3123833592463;81.45346957440391;132.43053176273503;8.42857905438564;61.00425051672533;0.4286608059455333;45.24213082771424;0.9569188120864516;1.0438464966323948;837.5732756654477;40.70267268151045;6.26592885509809;20.652220959561937
32;1;1078.5865780485378;0.6018627768346434;629.9743938361885;0.41008035039807733;0.36168981964247526;0.8126962362529487;1791.2329628623309;766.7707117788258;81.37037738170568;157.09292349908787;7.5185604045290635;77.77257052063929;0.44765405224990723;44.90980476339235;0.7996871664847321;1.000646153946322;1327.7813410079457;40.237826501958885;6.659325860681873;22.579998868648982
32;2;474.1817011453802;0.5004609616830471;334.86060962644734;0.5151035933297619;0.2317299971232718;1.1786977122312918;712.3237474357044;322.2871442537451;82.15667778109912;83.09437489203317;8.5311947043215;48.21291857144859;0.43986081578282116;43.69971433627748;0.8738103259641679;1.012452379905927;603.9928603875042;41.299623894290136;6.193955594943247;18.95999672936764
32;3;891.2697656079049;0.482578610312173;464.95584158477016;0.5217669173080931;0.3312756643217295;1.328503191858465;1519.1859590024992;680.4118968046215;79.41579657491877;121.98607490975758;8.122860685650643;61.61426079539948;0.43139110873052217;41.915171954588075;0.8073899354170361;0.9369895994781156;1286.9549302768955;39.84195639439424;5.325384742160094;23.712499334118675
32;4;449.36759353370655;0.6067813751255892;296.67294427962605;0.4122941277411687;0.25895210149806763;0.8901684628115152;685.0191141344945;314.7277225121702;81.2286050781148;68.2427725674589;7.832472953114034;45.527578347815805;0.4495461436604197;45.01091920082671;1.0082107606867516;0.9510305181942834;595.0686281551792;40.57782703486505;7.2258400683075505;22.97749888931167
32;5;376.6248976496439;0.4797767528475022;283.7804268490262;0.5100365896536737;0.24021427463912395;1.2058103375089546;658.8519275402105;272.4448309218124;81.80714802256956;61.68311033025465;8.563494148079592;35.053569830169444;0.4679213628880621;42.2983368362271;1.0234427139524653;1.0405918949562496;592.8931745123085;42.89488293141898;6.6558203016810165;20.969996279754326
32;6;477.4887293695784;0.549425995504063;257.4862212709477;0.46331915738392987;0.17858489814226527;1.0215017698706994;691.6150570033631;343.7497729114055;80.6098693448317;89.25346717425602;8.422100607092355;52.21195782855604;0.4732437689165031;41.72262204985526;0.5519106955073617;1.0300065502549154;577.3907515884445;36.135469404639814;6.423516613654851;18.621665591334803
33;1;588.6451362105793;0.5111971209691771;221.3867619980552;0.48900019412286044;0.28960383521024957;1.0561386382547173;501.29994137459204;395.71291540777924;79.2257188183025;81.48600022012451;8.740669493823749;47.2819065761242;0.4671171535901841;42.96635429710788;0.5351442300792828;1.04401828267777;465.10310500324834;37.98606758551634;6.069708155350401;23.449236860297134
33;2;305.1477474456224;0.519227811084736;194.1737803576444;0.4630127501490369;0.2528060441864717;0.9485585818091224;421.8715474653871;225.95686742118107;82.34841034696112;49.47452679481103;8.738570882403833;37.18880957298653;0.46556744020499286;46.584652242986316;0.6699955679875843;1.0690893993749455;356.9044059939533;40.342782630652906;7.271187538805735;24.04326267087671
33;3;1168.783421116839;0.5631650679041789;577.5152416879606;0.44247676140947145;0.3797747973348408;1.066608424618913;1671.0452235399111;997.5770362926148;79.44786490966501;163.2687299969278;8.494008859974857;67.5938276632047;0.43134926977119376;40.29438922396926;0.8498591315852656;1.0298231615066331;1486.8108881302971;40.44457258138154;6.552432693023097;26.310002609942106
33;4;286.4772496153722;0.5762157386072388;173.4057229218011;0.4268915522279572;0.2557161869091851;0.8671414700378479;394.67667209255524;233.07792474048907;82.8065628556367;42.46264302567585;8.888843229311007;26.32506316182924;0.4511097755750729;44.82735206680108;0.8209229810751375;1.0565883113822319;323.5125893445477;41.40526601211201;5.688990034119088;22.9574963741761
33;5;496.99559026033086;0.5009583971602148;337.70347965928494;0.496287804705012;0.2949549372870332;1.1080846936924391;699.8765037311507;343.4483490161012;81.88736818135263;77.22498759585027;8.28565122945835;45.8412026749176;0.4542126084406327;41.47956672716867;1.1951837941547054;0.9890988807338555;627.0211185259282;44.30879145927754;5.817668165082792;24.887942435238287
33;6;314.893250626235;0.6017122870003214;165.88181435901208;0.40037777230124777;0.2790050221584873;0.6849122789636077;569.8605813163159;227.73042399888658;81.45175851313952;66.1717946790848;8.780692658323794;34.381083583784665;0.42540657406255256;39.90298270713745;0.6730354048003003;1.1070885197412306;483.2506361244584;41.19065098432427;5.284384279268985;23.12426623786675
34;1;943.2193750869799;0.5659618741895445;542.419632806112;0.4480744874092114;0.3392644751034029;0.9975666244870282;1377.4647149480004;645.6503116010834;79.62589251183404;112.18121415963157;7.590088067094091;69.93939888586546;0.45693708559246715;43.58882651372881;0.8298933669324018;0.9248575723658142;1172.1906684767828;41.126237505845104;5.509363012962522;22.072219875507475
34;2;996.8395310338972;0.46899940691031355;405.37980546441827;0.5261268481322925;0.34995180758920624;1.3840163168579258;947.8089924736612;705.0204106795708;81.48646119106705;117.36356929635473;7.97176378219416;80.75261144702988;0.46149757660300805;45.58674716824333;1.0515514367176535;1.0029173558820696;847.708403469867;40.62767365901993;8.097857474201154;22.424723504914184
34;3;975.8087785743858;0.4570067257897826;395.479228576989;0.5326746083652881;0.35934771263422305;1.4223767636873514;1367.822621188545;736.1822310390106;80.64043008103923;137.55142631661792;8.104293367932028;66.04482572169253;0.4573792022110936;41.56796491663224;0.8603285786279442;0.9938541406299941;1244.8227936257554;38.95106108734197;6.827980518229411;23.030000798514553
34;4;1184.7639771772938;0.52652862342239;1019.7064341660458;0.46886369303939857;0.43608506614010134;1.0742648217033548;1856.1925439099473;802.9775375089296;78.90614189611924;196.302271616592;7.2273290144246065;94.99149984020333;0.4631080220669655;45.69183863869799;0.8351104854525606;0.9949510590668499;1497.391245802869;40.22762675191815;6.497866859130686;23.74999984866146
34;5;1064.583463298984;0.4821185766189059;919.8787441335735;0.5039185886144565;0.3702704981989355;1.2369593863993102;1361.9677362891796;771.2971045440142;81.53310442315863;156.98412716570144;8.099883761327664;77.27911750156585;0.45895522529736404;43.34913864824426;0.9547774521553757;0.9963263868901306;1068.7080203005548;43.457267193618534;6.924367873455133;21.64799902083972
34;6;1136.3742316594182;0.483564087612511;549.27687617097;0.5023670211902836;0.37292161656582323;1.378098023105595;1555.768966970591;833.2549630810878;82.24428974548573;144.05089855786684;8.266917828979174;74.18137323567511;0.4543723340206281;44.78114054939676;1.104275566447626;0.8816480428873977;1351.8295008579942;41.20140390326676;6.975668122413069;22.150001976962034
35;1;1046.226970028911;0.5872126498494212;1043.7943422027884;0.4249705304869462;0.35488903611582884;0.930341703472992;1546.11745618481;713.9240233997244;80.88990497599521;153.7970553108427;8.920212498716623;71.11619203416257;0.4227098494211489;38.761267353980216;1.1319619059117745;0.9810345227595603;1353.2338642391157;44.22687471683714;5.426657193666023;21.322222096179875
35;2;1067.7288636147946;0.637988390213174;892.2295282382888;0.3706699412696947;0.4204799169554251;0.7845573606250482;1693.7537334362369;808.6753765733745;78.37110296644894;151.29076725252898;7.519298638355562;90.31360432718486;0.45745720212509705;39.86198017887422;1.1299009798796114;0.9992469184051335;1446.4853966919761;45.15613211843109;5.8918275105269675;23.688999258868336
35;3;1133.0648143090502;0.5498851573970316;912.9686766430345;0.4409332401227966;0.4318186280468533;0.9968783669092132;1877.0406576954117;817.2399846227504;78.42227817066949;175.3653083160406;7.599462689416539;85.43511781530455;0.4616114064393206;38.81544683320138;1.2931053516106183;0.9447002442697235;1526.9278174987633;45.47164303840561;6.391784595743583;23.949999096293173
35;4;1010.507600174047;0.5182872056026605;925.0929508318522;0.47680129228717477;0.37729077029523383;1.0774670966928057;1609.8683358283631;741.3049789295242;78.1906539082855;134.9552075772204;8.439166156234569;79.06177690908358;0.4535313684988622;38.2681076580475;1.1846964481298563;1.0025634527843208;1143.9625114790547;44.14110212064407;5.157554965706208;22.183130774506253
35;5;971.2806029796488;0.5551665076844624;960.2358864025451;0.4415788401967513;0.34943144519305;0.993851978032022;1480.8484020702476;740.1307502068481;80.07409267459471;136.21354558817683;7.973587917812832;76.8868979948352;0.44748285096426466;38.17363917577343;0.8998170559513522;0.9255147354604705;1197.8918431565505;41.47909689280394;5.650361455604751;20.21899984743152
35;6;974.3016652247402;0.564608284332387;948.8554559745455;0.4312162567534304;0.3759862574952044;0.9482931860499635;1328.8256731925283;767.2182725609746;79.57278048199416;143.301596291157;8.50056632087152;80.04983319179154;0.44702341983602517;37.53460222413524;0.8489528646148023;1.0357139198565164;1139.2776194566893;40.53508750141477;5.241608949243071;21.710001193708703
36;1;258.95899872785833;0.4975992107949581;178.74213750058348;0.5038428181698591;0.3025303709311606;1.185459741664141;423.0431768191297;146.01047548835072;80.29697206148015;62.823711494334376;8.932254735204015;38.13117722902833;0.4876527589176517;49.421249431829125;0.7550320713732033;1.1049425977948388;333.23724961478706;37.33413234171444;7.293513871274245;24.919999306818926
36;2;556.8379140871165;0.5159806684718657;219.9595214510507;0.48912391888093254;0.3405253234680455;1.1255378826293316;486.2261430074334;408.43468381478834;77.95865571651646;119.39447553533864;9.331483256434572;58.34233975155032;0.417736136843341;46.27992193306702;0.8865902038280441;1.1501029047170253;426.2367104169545;41.01235015615184;6.827512875122067;33.86727072684111
36;3;243.9556343217444;0.4959367789649663;186.67752956339936;0.5011602574556305;0.30388637918333505;1.1658432791023232;406.9566993899057;164.95329979399656;81.61760193170586;66.79000622642265;9.283387427680362;36.21137375879472;0.4718465550905441;49.71205311119173;0.7787350018730801;1.0967020348106618;319.71177977772305;39.15620807534369;6.651094695074824;25.727499914045467
36;4;326.8566860379864;0.5058127228384055;191.6590700450458;0.5030039117456409;0.3143629078284675;1.1273996126894639;428.7138204076402;203.78792808698753;81.68000408633172;67.12050958001647;8.877144051149617;42.969504331281556;0.4759722427786592;49.34153348204179;0.9198907514032242;1.0237094425950648;334.2819508076265;43.36221496674563;7.1672442393652895;27.572814380902095
36;5;423.3664498694259;0.5022501123322061;182.46319371934197;0.5023706896848124;0.25441727612129966;1.2243295258807592;411.85510968613244;328.9408611315284;80.0296591784599;64.66263750004619;8.520531841143626;57.01659383634423;0.4687406942748188;50.747138861298275;0.7819086084669682;1.0576253275167518;336.13414101962064;37.53991811926922;6.799679712017225;24.518407876194484
36;6;190.98397490803666;0.49886712936597294;172.32297332726392;0.49825308173083604;0.2831236449217045;1.1310550107452604;388.9446834700044;137.07002203834662;81.05599455358985;28.271886544721653;8.851643125614316;33.24669874761064;0.44879379842102013;41.49015896594158;0.5413375369102909;1.1311268154715004;318.60054000168924;37.22688047091389;7.696831427891586;25.589798598125522
36;7;285.4336945017191;0.48303897214628433;196.33986089994377;0.5140451037602619;0.30439853464240885;1.2832910177128072;413.8135315445265;202.4198579933319;80.73519018344672;42.55352251477919;8.568221502922547;39.76012237515816;0.45311583249167314;47.98966376906039;1.1502620200822267;0.9054647259514772;337.6099480429941;44.68860432529674;6.882606362533079;29.220001287798613
36;8;542.5793301816599;0.48188067859810035;193.7764030642611;0.5143367895504316;0.3053963458469024;1.2998831377313047;453.4999219392515;352.346304393127;81.38217386731452;92.07659463642779;8.426881539837233;63.60443033363027;0.44676505330122546;50.28967949626384;1.0144377089355654;0.8888819161500335;327.1875481251862;39.481512592130294;7.160214866011949;26.640001533443865
36;9;395.5465332894205;0.5082426754533055;188.6558381501107;0.49203719488969994;0.3152193618811187;1.15450982770448;448.899113144716;218.8224830934761;80.90831472128917;87.67403052747653;9.275826957730375;47.26689814626839;0.4562606603280704;45.672955271036;0.8430269546108824;1.0550134510261306;341.2411164629757;41.39031202368669;6.844611738271433;27.04281339832557
36;10;210.39213609822866;0.5076900583531878;163.68676020366928;0.4974039234944582;0.22047788823500514;1.1694747242699715;379.94533321801134;154.49737551925753;81.51558160081052;56.7248694956937;8.424538817249013;36.59691812578154;0.46897476078985145;46.27732497957213;1.012985969509343;1.0153715682582969;316.5917827789724;42.37955607945098;7.98099793933211;23.480001025596383
36;11;593.2682388963653;0.5290997594934912;440.9494963266567;0.4802405913671278;0.3277211361704048;1.2249123008398786;823.3376019947806;410.1448303339975;79.17446900044249;168.51525520490137;7.70369908219532;61.13800556982497;0.4516642649560595;47.33572547656906;1.052540263463509;0.9589649154417907;723.6057260032757;42.43304234581442;6.610507759204534;26.942501956821957
36;12;562.6701375657583;0.4875102648523751;530.5279621637442;0.5128111070179471;0.3988623490258025;1.402249089889237;513.1667210300053;319.14497115719746;78.85985310400963;115.95159061242587;8.07058898215817;73.05217401074259;0.4453385946697344;50.964603443043224;0.8567542908326344;1.0541473428379766;427.4693819938378;37.87191909738142;6.9503991971133186;28.990001744204477
37;1;498.82341748725304;0.5818499137327615;282.18818136132614;0.4240601185883183;0.21813279062229773;0.7957122894507649;659.0467031186166;359.16652193289707;81.94354048174444;65.53416051399226;7.9500336114389265;44.05284224726697;0.45188194347350796;39.21564369508583;1.0053137280548718;1.1272791629277956;572.9981875618639;43.459586425352676;5.2042087641617885;20.18243287958196
37;2;567.8775084915205;0.5213485151754861;433.965770769876;0.4773619191090734;0.22887241223177393;1.0686925946381027;665.4215064965102;337.61003271597156;81.9849996800681;114.52467523745366;8.88808672639119;52.596001534207154;0.4675440380644109;41.71801756356583;0.8155469286609871;1.100316091778211;520.0346114039585;40.25984605856104;5.475346342532261;19.672638899995118
37;3;500.0699045728354;0.5005154971120358;257.50284996869163;0.49068137574958487;0.25018467076048856;1.053207876125805;648.5975432194014;302.4661083285576;80.52631350665108;65.6295750486206;8.268063279019943;51.15366982321808;0.4661363746540865;42.07205424775266;0.7667341277658162;1.0813619716597835;529.6324262673288;41.63617359788955;5.7449146886476266;20.488886309865556
37;4;754.8213574991344;0.611856378623102;549.7620714690365;0.40424194041536543;0.26052597799914684;0.8773385999029056;893.5092749977995;589.4082241911091;81.09115145543869;117.88129393320773;8.180929625155411;70.85765089008716;0.4532505256270946;39.23454388458784;0.8797018773684695;1.0434739589334392;755.5115525597082;42.10699248358469;6.148085976421507;20.052752007782278
37;5;1064.9023860275863;0.5017814174942916;976.9292183948693;0.4856179509356536;0.4113574623107104;1.114468198721789;1836.5578402834683;775.8425170781998;80.67045967546787;185.5524728908063;8.073268957466443;82.671709586324;0.4554081848393674;43.46284155397226;0.9267955763129179;0.9449496585996515;1570.5955132487952;43.20258450467407;5.6591892273190245;23.032219765482232
37;6;453.5939805047353;0.5495544479010694;217.88660322880642;0.459895168903004;0.19261571442067577;0.9475636436831544;613.83406664149;255.68547838990992;82.67848549836528;68.23487274114699;8.175196484495642;50.5436455914569;0.45845445166377435;39.43358329285869;1.146815312533957;1.1675702207425256;457.2865758139267;45.404438706388326;6.566862730117383;19.232381471257014
38;1;446.0437625840847;0.5546645977537488;261.2010083719809;0.46111436349693413;0.28462505361750945;0.9957630601528024;704.1841641724079;315.9514398281956;80.4052341761597;66.34106464160568;8.165047592613757;51.62051338217513;0.46947139552838185;39.00848943875851;1.3069486927386966;1.1299511816218004;596.9174673386724;46.57217291557144;5.3039325753302;20.09210943837372
38;2;341.7319357405285;0.527214459016778;231.47891340855224;0.459199319314612;0.19800715048429837;0.9422258461534642;644.2875777465346;255.50263789148875;81.7184465003286;59.44436611749484;8.629939597256355;42.13481703819976;0.475962206578486;38.58110942868769;1.2233467358169015;1.063424644050293;553.4932761926547;44.65730462218022;6.481375426930813;18.659998514497055
38;3;697.0570854578638;0.6163891951082872;298.8027839936322;0.38608786905782555;0.2493384520371217;0.7590661463857233;734.0642600177483;487.95642924454836;81.16707428656659;109.77711071656375;8.18668490266556;56.64882639806112;0.4403395474423861;37.804770585616595;1.1568239786977246;1.1161910895938054;633.1916010880548;44.313037410033715;5.743286967063243;18.678999370052697
38;4;478.4101006721058;0.49052497668607886;348.67247866541004;0.49783913758153375;0.2640741921476302;1.0161691730802658;715.318893022248;368.7670181190785;80.44111808643414;61.158759899690665;8.201406319762228;36.709482249551186;0.4321385955756647;37.292493147060384;1.1202221320993766;0.9770254037746352;658.4176249609092;45.527064792083145;5.140264787224776;23.77999702951867
38;5;974.3203891460787;0.49082486352201976;1086.5856391179416;0.492766454291781;0.38307284563529237;1.3159635905446114;1757.0145413581608;794.2276791857545;80.09247260256885;159.39470953444953;7.907386925067832;75.29961236002451;0.4534103551898536;40.22813873837568;1.1368254760680288;0.9415897276514442;1548.2539353662373;43.00094163277875;6.230801368114246;22.249001206077732
39;1;275.1908586554811;0.48958684791667956;187.35492005903043;0.4995335104749508;0.24033014610570905;1.110902371110416;409.92238940390496;205.93173476851626;81.42623471483802;55.02198184507378;9.485424132387061;34.48933837065568;0.45979643954308164;40.92504195920503;0.8627670844102476;0.9815132480201182;328.002074103341;44.14281828301913;6.446356448981638;24.7187466591948
39;2;1169.2153690287864;0.4915768280822396;543.1951347899462;0.4983895895694631;0.44153774414990565;1.2534390965764404;2057.1709472328175;955.5759460597012;79.12264956674784;139.94348556930387;7.515242619800444;106.25389224681409;0.4408543178788357;39.791093191042634;1.145098157103733;1.0824707829756213;1735.690138323438;41.823280589293645;5.772803994025439;26.170002190849015
39;3;484.0276853910442;0.4998214874733636;282.05703617482095;0.4928757660109301;0.2405758075430969;1.0922192104302788;612.278550287886;294.95692092128706;79.74859838173862;82.26451219926275;8.078271468369696;46.942541996740594;0.45913807519321964;40.41981700326842;1.0754917527533747;0.9138993068021912;552.4604825792933;44.628162656050215;6.553208529812875;21.960552066422423
39;4;957.1190213505921;0.5013086359932131;555.592724815112;0.5118518842084666;0.39011281014065824;1.2726189209063112;1648.3579565353816;780.9985772501268;79.33922526232767;150.02953288424294;7.869957486737795;70.74379974623625;0.4421240765369249;42.20717346904407;1.159137839879304;1.0721681490301476;1407.1364515478874;41.673705089964905;5.841385127963848;31.10571385175726
39;5;734.88582805894;0.5973964826850809;565.2862801413218;0.41624406990308643;0.30131328579003;0.9023728928904452;815.9571993004485;475.33333724529587;78.27373420795274;129.4926914699877;8.288812583051559;55.72465020035902;0.444988173599601;42.423352090162055;0.9170439853880131;1.021899079099085;731.3701276461635;41.90267481473574;6.670309504568454;24.228748734793655
4;1;746.835438715929;0.5355955860988743;471.39803026316525;0.4576480886248247;0.32579241272961307;0.985821216410648;930.8009065319585;559.2091905791606;78.6346351892244;89.53759436913177;9.079502499025937;56.55533474010838;0.40576436134389837;47.39850791058407;0.4833840957201221;1.0630673017328902;821.2952337111022;31.724100633349213;5.788291571059754;23.1404441650365
4;2;802.2242743977397;0.4749289063966662;417.3444530756523;0.5052408721482784;0.3693057707146655;1.2093015426280542;965.1523655663898;604.2069950788251;78.99214055169303;123.84549819775613;8.405953534861736;63.84809170138318;0.41807506753477525;50.06973677662546;0.580360923222692;0.976123387249354;858.6674801861425;31.795561036689197;6.849873798260337;22.74999999713715
4;3;837.82507845579;0.6037561818534811;445.67998907239524;0.39776157033391707;0.3532968267004792;0.8001609071176176;1341.23312412161;619.6200774252911;79.09471346261063;113.53752722235684;8.223727296391706;61.85583539291224;0.42983322768805293;50.15196889832762;0.5898279671023247;1.0326717464632305;1179.9027202579798;31.99211858887617;5.947389056228855;21.64099999564205
4;4;905.0046353134795;0.4995466450448544;474.712029057121;0.4833027924740789;0.37911678319980674;1.1013007394007504;1623.258646909404;691.4973571571961;79.91183664725585;137.26924269541072;8.08899674169548;66.90929126035354;0.41214249621451365;48.415065697157736;0.7729987980069933;0.9236268763137577;1438.3846049831598;34.55692774158137;6.85852342454546;23.368999067184046
4;5;751.4371424278121;0.6045835933555882;492.0060651994521;0.3998618520702394;0.32688129863715415;0.8376308816850001;848.7945364417322;586.4176018395846;82.31032067182308;112.3236497787612;8.052861023923448;68.72233443819323;0.39679921899364595;48.742331895715424;0.35722826599587526;1.265645727640556;847.2380009697011;32.918955684560295;7.138328454751261;31.46000265177271
4;6;796.6527706974044;0.491788813367917;443.66310003142115;0.4899332378333188;0.38435488287809716;1.193242974910696;1637.8671126854322;711.4182553321837;81.67006540539016;140.45084550191766;8.211618994679768;71.84930781951871;0.4128816548050065;50.16270134826716;0.7759410012118826;1.0506309673719358;1388.3634761532157;34.68157439563452;7.03709375122625;23.13999896927028
4;7;692.1838943955875;0.5890958307778322;304.0646560492133;0.4113478756290611;0.25007590831363347;0.7468063846670911;759.8079608310081;533.4763772124859;80.83060610403209;73.27232946627522;8.530575498758822;52.74534167163694;0.4212293904570237;48.88346232198122;0.35172690783478816;1.0291928638973606;636.5996003479918;32.54555009634042;7.77994142478103;21.090000583027066
4;8;1138.720192681123;0.5135070204315665;524.0080108098794;0.4889607019108872;0.4652471066414876;1.2709308943862891;2219.4284843129444;938.9429120468719;79.59749407415465;137.27208220091472;7.752991344677395;90.70744580503568;0.45856332895191243;50.226155080928315;0.7937374418528677;0.8567105209507747;1781.9930036008338;35.09860633076235;5.965125446080777;35.110002664404576
40;1;775.1922973708964;0.5373464785109267;663.5446365182364;0.4585413933253104;0.2526469073747551;1.0964625856773302;903.0374662365393;508.7048563425056;82.17384162154798;144.0355881086386;8.20341025723317;59.81383922940934;0.4103235260109658;46.27313480059021;0.5860222044514207;1.2333257720982385;707.8058819967259;35.98311426711914;6.661016702725095;19.352639923479668
40;2;377.1540157537584;0.5218970400999559;261.59822256594924;0.46918211544185906;0.21266171665535086;0.9687897294217361;678.2193370202398;254.35883159356078;83.32989176622868;68.54845515638257;8.297652989535607;40.076455514159;0.45008049590357657;43.71740540870979;0.5560597175913266;1.1328160588478173;538.4063386112621;37.60952805270284;5.998118299584914;19.22166501807218
40;3;590.4297703640855;0.47397422808434087;312.46315317992514;0.508682162672415;0.27770618236829137;1.1385856752316856;797.936445123266;446.08578757145665;81.3758181480428;106.82406697826029;8.265867276919193;52.6344662977;0.43867479455168557;48.48906533945433;0.6405251155210624;0.9964439714699656;679.2692222155113;38.12468342968842;5.596423310833936;20.932220825460234
40;4;482.7242099703409;0.4268367905652813;292.51972763287876;0.5604580848630601;0.20073608413286587;1.397809702962043;715.6027779782796;288.5777946611643;81.96990092331734;112.15732344449353;8.306346364778726;45.73038868478444;0.4149509242337623;45.9998416602955;0.5754400545944091;1.11722157787682;603.4948469332038;36.42578565304307;5.742077743056445;19.662499422978517
40;5;399.3760052899675;0.4575381550290203;304.21735942683586;0.5380997119688249;0.22750406653564995;1.2601026462147837;702.618953498478;295.69881077944507;83.25999593319519;70.88563683700531;7.911798720979719;43.77323044700757;0.44165833090823464;44.460707801375676;0.691244464459313;1.204324983026035;605.5390101060199;37.74120484382389;6.071593823712161;18.6037502764832
40;6;737.9907866388976;0.46239734853323383;511.0887962512415;0.5391675797860874;0.28223966674200507;1.3045042415962576;748.9549947650785;499.7956004554471;81.61659318500368;138.25299599578773;8.191301276498303;53.594979131711845;0.4391803346044172;43.70688488874323;0.48808190619722536;1.1605765443562914;616.7568531102589;39.67909521144695;5.641119303225746;21.830597031554845
41;1;1001.0678851194882;0.5230492297617464;692.873082514144;0.4708092748926817;0.35608286899697517;0.9518948483084885;2389.6080775331952;758.1082454564864;77.75317293161757;129.90686839521322;8.119864511018877;72.92321896417079;0.4059729879302164;44.0904428078055;0.9874441726925671;1.1437680410567603;2187.8364345459095;41.99750022178831;4.98102442028063;36.44032498351455
41;2;928.141659895366;0.4282991032214794;541.1371582871783;0.5702519510977768;0.35260508224668285;1.4081224006794617;1588.1156748329295;644.5440411649528;81.03666190610757;119.47934284445626;7.624717344709468;70.38186679433176;0.39007451563263473;38.78498471580914;0.8460827057475885;1.3572975710032125;1450.3953488880354;43.27181282100295;5.445923647047175;29.49083190439015
41;3;262.4545997241319;0.48186748154954534;219.31310914413282;0.520716601226645;0.19170938048114775;1.2370960261786639;558.5230775932745;223.03525452641355;79.70771073892216;32.69668992249315;9.252558423338714;31.123106893533766;0.45314890097932337;38.906303808308465;0.8915503001374324;1.1982787237774288;499.11512169341165;41.46726569516173;5.656005151367784;22.34506191045476
41;4;167.05694950106172;0.5347343646066423;120.60137538840705;0.4692221433629825;0.25722440874174846;0.9266210005746361;331.0788904244668;123.05768849514011;80.05946403723219;26.56743364870878;9.52172469879941;23.424171837920966;0.40361327103426964;41.0705231917038;1.0259750110833252;1.1521136734654085;282.34150075330723;43.532009447862684;5.663196771463349;31.208182190930778
41;5;359.9830039180353;0.4563634864221557;290.1635352532973;0.538474704425823;0.20484623034206917;1.3873760246880618;703.767041551975;272.81803861786074;81.64191126014076;55.806326136737056;8.162391339443793;39.893127950674014;0.41280493739179613;42.530522048782736;0.817016481431126;1.1616653380252915;594.8775475543425;42.507332523581;6.021540449576419;21.83959871683039
41;6;826.3670671392446;0.48612745743244334;459.7804474085986;0.5264834646127063;0.3973778719295594;1.2319090603530622;1699.881728136649;636.747172483552;74.35138128024037;112.46333205951949;8.034294728808089;68.55487027815155;0.41004522271611604;44.848985277555606;1.0560247961684899;0.8337109239334929;1502.2446213146563;41.851488336584616;4.926374793633675;38.12666586577669
42;1;208.89868882527765;0.5037068390358646;106.82021816475333;0.47648676143099084;0.19488034183007696;0.9549658426568173;307.5868304926064;162.58317702284418;82.36622814747253;30.578447452213208;9.505462521277138;24.429490463785218;0.39616981695286746;37.15817501306546;1.094612664745956;1.3064556768702533;282.5956727146494;45.485780530127656;5.366365822645101;23.875398305108643
42;2;360.49664178911024;0.5083155769293513;266.808108933344;0.486025099945354;0.22719575052907867;0.9874595380289768;572.3179611587959;224.14351366763552;80.39427387536097;39.922144494465265;8.53193589502695;32.99282029201238;0.44741933169391956;37.17890996105042;1.1721169325934182;0.9834298153283556;503.0172502463872;45.60658927412998;6.875041496812806;22.180620835735695
42;3;971.7101800720425;0.5426219252605826;534.3748663831444;0.4549559571125862;0.34539254942775477;0.942440030822905;1804.3488716875568;729.4664191896238;78.7799701732241;155.08958110184244;7.353110149288408;76.18821005163443;0.4291050128189077;37.732215030132075;1.0533213128055863;1.013591752791923;1680.9827658950062;44.10860604331596;5.323538629213046;30.47000430401488
42;4;691.234590502473;0.437849021552485;522.7965695711387;0.5543822241605894;0.3341871602498768;1.2569156519620082;1073.8550796452455;573.3034844838367;79.5283278535503;92.55082739082519;7.699878580395543;61.75142066639995;0.39767336071439857;36.78184188376367;1.0930529168632328;1.1539433648281174;993.7562584696722;44.741548478711245;6.164338356386848;31.345714149365662
42;5;556.93156092622;0.5363485329127129;333.0571585696005;0.45633676269837387;0.31812184709606844;0.9861576544216966;846.4614160996243;472.4020626614664;78.78664273012537;73.09570868255533;8.189605253158463;46.762305079963184;0.41467034942094727;38.69475774497734;1.1683589758810202;0.9883370491017947;690.8549654288581;44.8413458823134;5.507060964583802;25.948646390603457
42;6;490.891472942371;0.4387573876761353;307.5955555995422;0.5476338219088893;0.2295110880521428;1.3770222499460139;803.4032660404624;393.45013550479337;79.79518708499299;86.8902508549688;9.165723467015752;42.06998961212475;0.36090931234644336;38.14736192530434;0.8958788091925007;1.2549935355542718;670.618171585011;43.066006699302704;6.057917926684313;20.772450680771566
43;1;562.8695958769348;0.5038736206163394;309.06799425151223;0.5119610138541676;0.20790161053121742;1.1954343004806427;760.2941996323309;385.62452723104974;82.78086345379512;91.64981183623605;8.067135240068545;43.3268669203334;0.43577474025362123;40.086159465586775;0.9457157304868624;0.9004002183066525;653.2597080366936;43.94686963382697;5.660953161431448;19.22166562839873
43;2;866.756357544792;0.5508574380367711;375.81141523147335;0.45936012693467193;0.3278299563630905;0.98168212157727;1568.4471303533887;705.4536812224648;82.99365088426352;127.65092505429166;8.09458798000887;65.49722089328993;0.43611435419952826;39.87080240880554;0.9204249821529049;0.9862480003970915;1302.2159095532113;44.84672849439956;5.64868601965064;21.58221981704904
43;3;447.9026196787945;0.5443657250852211;275.64285787003524;0.4517055448841791;0.18652797391822307;0.9254762046179078;654.27747925821;386.77896297006316;83.22487970449464;43.345844697753584;8.878877012792628;38.81890614531716;0.41585904181711675;40.41199187787097;0.9693600827383824;1.0489113611010423;563.4343253398575;42.89774729736606;6.475436228817411;18.481665360893484
43;4;301.9921967221605;0.6071084944645518;202.68215849315374;0.4043779665873773;0.19535213724984693;0.7357274247461953;596.6223893029817;265.26948524283665;82.95574761789598;39.799743392782126;8.480865023405437;32.644410639732406;0.46039817670494954;39.70707506163218;1.0578511936832264;1.125854800589461;511.04933518099597;45.5237748873461;6.572307508293102;22.599834653745862
43;5;551.9319585383172;0.5603528658386915;311.3508501977981;0.4430402811274438;0.2564665517152756;0.9986728844195756;638.8730977506933;421.0297212804116;83.12054688551508;55.18827294234776;9.621566534382449;45.361696474604976;0.4618842294578831;38.38075051646285;1.1337833622110707;1.0868537630883142;576.0501109137605;44.268343300917024;6.364565875141066;20.88972029476959
43;6;591.0539716146196;0.5057262038972449;373.09341045173244;0.49383962999713654;0.2843698137235977;1.0958344882487716;770.0839981349596;443.0750234273107;82.94005842864891;76.8773220475879;7.7866087572125915;53.13547834300097;0.4437465138036882;41.395606141897865;1.0857485197755836;1.0851540185375088;673.4173485669963;45.366762866690294;5.733445753715291;21.936570594811236
44;1;832.5251785410002;0.44411149398395233;1302.4381944458896;0.5555059458230484;0.4262785182484361;1.3807003867812924;1659.3678208594786;697.8184428718049;72.37894057590182;138.22026698008517;6.807970910861141;81.29246424587733;0.4021522718742407;42.37358034852464;1.0226078694465626;1.4471141273608956;1455.7756450298841;43.02030081202022;4.914882617307476;54.45999751266674
44;2;345.2924770864752;0.4940863173922885;129.3533511862381;0.5038544845931913;0.2450382427749314;1.1131550513388764;344.5337378444539;176.33102308622463;82.79052086194307;53.82578343543452;8.792168510722819;27.828870975780468;0.42904540115624185;41.14369775341329;1.0172758406149311;1.1885275322156141;286.0085861851198;45.26346112013637;4.895381615889893;27.069945912074033
44;3;235.37585662251993;0.4892084439306326;173.34794460891592;0.5047751272580463;0.28152308469733806;1.0844295471835452;408.0090686608762;166.4464221552445;82.15956766727525;40.188843257838506;8.344997288072886;36.26891570072633;0.4341704001461944;41.57217678642261;1.009112127396236;1.0560455565059597;331.7065968623784;43.9090622491851;5.776141031165688;30.351274507302396
44;4;225.74690810859937;0.496156662715221;134.58731053919075;0.5021003780697317;0.26162491354958173;1.113900100328601;355.0341053145918;143.89796169812536;82.34759483055878;29.718868231685818;8.59466311002637;34.1909744053104;0.38810344565768334;41.669061483716085;0.9948533221526966;1.4022005095236043;293.5431406461831;43.01059112438315;5.338417236081038;35.634636696063644
44;5;436.5980301716187;0.43261963685135135;223.13899229820882;0.566104492635854;0.3290270436887058;1.4427123005476388;606.3883076694161;349.0887023888088;79.59747596703306;53.65805834046917;8.461824309939193;47.55796758471913;0.40697362197564574;40.685462321076386;0.9617842546263807;1.5195423899516236;532.0061917073224;44.06481362432921;4.837106118111074;38.09823332956665
44;6;177.20973202871062;0.5119628710750099;126.16830060870461;0.49138268623507136;0.24331013118630174;1.0198036023658152;350.5631774627076;144.2716041984097;81.8305172748195;26.624808354539482;9.68975516227148;23.3805757370401;0.39844285440782246;38.96810392523889;1.04283192743944;1.1279481349132374;290.79563562244675;43.41729627231226;5.0745228212420965;31.443105736354106
45;1;597.6261188370468;0.44348653380573616;745.0653492651621;0.5658800617479688;0.29903803840174453;1.371863289135594;695.3130207195036;479.676367970321;84.09475203385196;114.86197231005036;8.022364895218136;51.92056792459819;0.4377684255349276;42.40180928895387;0.7135918517894537;1.0201765096545723;586.9876800162576;42.489234304194405;5.826189467977089;23.134997794881926
45;2;507.62162869807247;0.43713364674517224;247.1056674557253;0.5628125679861646;0.23994053150642844;1.5334963781966353;615.889144845236;330.5068926265617;83.12287455897653;83.46896540292215;8.034219051744545;48.05228695071766;0.4280420725276752;41.50276438348853;0.5536517090991857;1.195433222265888;563.594884331721;36.472496929574056;5.74875698781331;18.810000573236405
45;3;324.23418427416595;0.4254500943370505;157.0083011774069;0.5637324485783868;0.20762616516917565;1.4659198722872921;346.3060270619402;221.83431874350978;83.25996360883829;40.874608963250296;9.112424258967753;28.228157224552586;0.3897539405603292;43.24908533341245;0.9060922340745353;1.4998455656516392;276.9677467868868;40.69873168783693;5.743906423287692;18.660712698901687
45;4;563.8474782829994;0.4677074371603341;240.36004714215247;0.5397263159621802;0.2920463581002261;1.1805684071707305;934.4797450228155;398.9571602380814;83.2993252585762;109.84328598602389;8.752752962960132;48.67399313659266;0.45211581313854654;42.159425819067835;0.7948706101653985;1.1422630337879744;803.803026289582;41.942856369308245;5.638520916622043;20.310002492808138
45;5;480.0542422659399;0.5016749266632708;252.44297935033265;0.49452275887342095;0.25156840096341254;1.0951112110459584;687.5494286202389;386.92397480705154;82.57224283925206;74.08118415727523;8.67248329120711;45.71494070252066;0.43325556350252425;43.280542998933406;0.946382290559323;1.2213412149776424;573.1457110510246;41.012687690463764;5.709971803794337;18.624464155239394
45;6;254.60653072853663;0.44939215311348507;133.18092199366725;0.5390844563977704;0.20985051584375147;1.4054388141190508;373.6766850704157;181.84286451852142;83.13729357376496;36.11869293746418;9.465058404339981;24.987500880920713;0.41958513284978044;43.312001019604345;0.9111608877737433;1.3142154013224912;305.8033792823538;41.73827823061209;5.702438363077461;18.53071299548962
46;1;392.8691499198233;0.4725501214067064;250.73074941138805;0.5090404097781763;0.2945693092692957;1.1383894064586022;599.8195079679386;319.4098817143913;82.94252013078126;38.8159046122709;9.71869842136903;28.399933622591863;0.36081779383859164;38.24623410258796;1.071087330103732;1.5319973210353133;545.8595655036358;45.21968243464646;5.858967818484675;26.699338251554167
46;2;438.2977103318285;0.47471831649788704;340.2692569202421;0.5305921101952527;0.2780759150174307;1.0590381234714443;636.2800554498904;315.95033315241903;82.87329975420099;60.77179840944118;8.099362202813102;34.71424665062435;0.4026035496242375;40.976748925598365;0.9999248180067878;1.1175402660217812;546.9221962864082;44.14818369263687;5.147051561533888;26.010976836802183
46;3;1191.2641231007983;0.5477846021936412;904.0409158126026;0.4466645980481678;0.42733407292069164;0.9698994941899822;2181.0807332194595;876.5103795299522;79.6129099495439;165.52225961398096;6.973616447926491;94.8115699776242;0.4158123842667407;41.441715982962435;0.858416632244953;1.027489728438131;1878.8528426837597;40.708258562121486;5.193971757146933;32.26882095644354
46;4;862.8691963164611;0.5280540502705116;394.95017766563467;0.4680148801554052;0.32805861190985747;0.949946707907095;1441.6205573784498;642.2120750569533;81.23652443534807;105.46052794826892;7.465890063514377;71.33091159937594;0.42975428211872213;42.844402499703556;0.7185968763641553;1.1007605733383854;1162.9424445266384;40.400724169852474;5.166460980861927;22.821617864570843
46;5;647.8911694009487;0.4693195953661655;831.8081444415367;0.5293629435490417;0.23794980842045682;1.277189124291829;712.4557255561064;462.9288918553547;81.88854768569735;127.47631677552248;7.9913539558424835;54.85982187458005;0.42310450279839495;39.57934561060957;0.9106283988122066;1.081231062915462;656.877848753995;43.61060135783218;5.075179643201778;21.900534191599604
46;6;234.60917167861754;0.47836426356014217;173.20889427016172;0.5064798966190348;0.18327457585179163;1.1686628469961486;349.505216635003;177.33823852421028;82.57920104118847;38.66119768331369;9.639979954854565;34.225485019544706;0.45196184634579817;44.897494812480964;0.9846732947035193;1.0262426950207952;296.1893435912359;42.792487995891605;6.586939348776652;20.200999531040697
47;1;327.6439892382608;0.5350846621965264;136.19931995431537;0.4685718412023487;0.3296631484434533;1.035086491766667;414.4087516876518;211.25889196909782;73.19709761371037;40.00632948611709;8.691026570841771;36.70504290672914;0.4026524481077827;40.19808006742954;0.9469426791806973;1.3909402605215706;372.8570589775368;41.991837480345794;5.609169822061127;53.58000143045566
47;2;633.2661736704622;0.5322305225750881;162.07261498182413;0.473202047657006;0.42129575585786116;1.1604481249608212;484.28695587780635;481.6046420410806;62.427745739467525;90.01342466798417;10.062090839328476;63.14138804541708;0.3796013185352637;45.97614682073769;0.9160047512147284;1.3042613141386883;442.3642032558842;41.68123626805349;5.449419754867059;70.17999474029288
47;3;701.4269766221453;0.5232517793032335;227.65158268738412;0.48472686851090524;0.44909918463183063;1.2266705727072729;508.9699060166259;471.91699567209156;63.24730046194473;159.9517985084396;9.547308871905685;66.676045899206;0.4164413300189453;48.65998771772984;0.9308845440782377;1.3443870555511472;416.0934320320571;39.69235186704112;6.250825570173656;69.92999475664199
47;4;475.63158155914493;0.4968216772756807;176.79571642071866;0.5009326086523957;0.4116563164518056;1.2189484598819593;427.04158773612033;363.1697082100582;69.6786259805578;65.36181962363128;9.794729884643099;59.15523214549934;0.4088019782040909;43.58841874370531;0.8845953616320401;1.4739169256355644;421.8031227929786;41.67481333719715;4.597395954321101;65.02999808633207
47;5;590.0036347871282;0.531977842754862;154.35476807129453;0.47550546545948663;0.40310897817872393;1.1831435470274834;441.0182673807678;445.9335614540569;63.47510724581788;95.31935974273338;9.795599591101796;63.475471472517754;0.40741678534609704;46.24291120313966;0.9155299723623179;1.3972518014202404;405.3445316354207;42.08293895663529;5.136733898528154;69.83999482319295
47;6;610.1332829316423;0.538190042034439;200.13301372458605;0.4648923072154119;0.42557377024262266;1.1404679219690714;474.7951577459113;413.1874954985758;63.60221208043001;139.76124502410318;9.948564239252915;61.94192412498125;0.4006330799857485;48.08727143864763;0.9211848538443903;1.2892530488421428;432.2590776503338;41.6908705948047;5.260738190406026;70.33999508345757
48;1;246.4905097150048;0.48286077825945484;126.98445323260529;0.5011231154350267;0.1867120437215999;1.1288194868975585;392.45230733432516;165.9756085397919;82.97296070192637;41.34232030162675;8.529177153483783;29.56885055060447;0.45362930597163276;40.49335516883394;1.0156660395174828;1.0160787639534303;327.1694804245506;43.80308388386746;5.107125366064021;18.443748097764786
48;2;466.1243164717839;0.48774272452913153;302.44191639306734;0.5164553076547225;0.2064568871634737;1.176899035178166;712.9163024010793;331.28456735842855;82.0879978147812;58.24615559201965;8.554817530183184;48.20934510999353;0.41046713796599454;44.07448223134053;0.8987687001495942;1.061868990114891;607.5888175547988;42.26380154962554;5.5241578802097955;19.041665596606084
48;3;942.4856679934835;0.5107261498390069;883.5824646501835;0.5024454114798793;0.27358962889078137;1.1153167364447993;925.6486989639967;684.8966246534945;79.82432263195952;133.9454679099183;7.87863138260281;69.23065403835241;0.42559732443762377;40.84551948574748;0.7697408465688385;1.1125439119816964;781.1852295729285;42.26994217599272;5.14477732070679;21.80769572360331
48;4;914.3134701320407;0.5543421479535454;327.54992438834785;0.4385451586139027;0.3200333556351614;0.8939330410904699;1318.62020250905;621.0391758707316;80.31467144100297;130.72867542610106;8.47052562632269;71.75706336126854;0.43892373698055004;42.766379653161174;0.8854877208027454;1.0709705686956048;960.7781265915127;41.12148986022821;6.4388875938948615;21.830000377627304
48;5;730.4446169061574;0.4702741943336901;410.6507953707523;0.5384299739290145;0.23388064038035014;1.4307445558544944;1051.530950292753;548.2176688570736;82.91696550821955;112.08902993932779;8.975029275984262;57.61232129777506;0.40124736262508603;38.80124568563456;1.0451656318986573;1.1017783138667516;825.7864742485457;44.71420791606414;5.310557221941995;19.779999633673217
48;6;347.89542651449216;0.4848945952246328;151.01899154833004;0.5148529653058042;0.2299284911730446;1.146711603249605;404.40447443430355;235.0937128403371;81.38534755557087;50.2425272158195;8.107114154079582;34.98995824294203;0.4519765101298258;42.21176197633121;1.0561283076814028;0.8754554726912191;334.19317135423904;43.45581759505666;6.87858614660089;22.368887367912592
49;1;213.29789500414972;0.5655978574973727;105.41251417473318;0.4439984109885233;0.1458932619606044;0.9036155102774285;327.17921502958;162.22661054387822;82.22854945453068;33.145753503293946;8.171832003247932;28.194065792138893;0.49330632859857787;38.505816653680476;1.0514689572640932;1.1280457751862094;285.76719911042915;44.1535414592716;5.674991174145225;20.022289905635105
49;2;252.75640115598918;0.5934346245119682;140.99110477998374;0.4117207144452097;0.19901892336530058;0.814915754649516;360.79487416423;163.74645558322635;82.75964285050367;44.55719356857374;9.044799436541043;28.939384488351788;0.46510788587756763;38.56993705891195;0.9315432375883475;1.218359150559155;304.0108390649346;43.960673373279214;5.325075643360485;18.530137986278817
49;3;264.82493213264394;0.5361691588462768;150.45553782762323;0.47231332843425766;0.19884966045771107;0.9441577644133989;424.0529196592589;200.47636114362896;82.52616130919428;46.96352734033546;8.564833933992192;32.35771732062432;0.4780694432152947;39.53434141932667;0.9683931702896698;0.9934521965077728;345.16459770478997;42.69914161466302;5.785951144350837;19.588888328666194
49;4;366.79520531295145;0.5667266475891389;196.40329743026706;0.44163842708778644;0.23694889976406996;0.9330010565112483;605.21879580019;243.03777592399456;83.27464566111266;56.43221915236084;8.787467130967212;39.62681242068981;0.4878806927183099;39.25815661674234;0.9834994773221148;1.0632677327413218;463.5273446380621;43.719133057413686;6.160697403702135;19.86888864394475
49;5;196.0284742006509;0.524001487131268;112.24604516335968;0.4701815129402537;0.16201506375825217;1.0250644475094974;335.63835099103403;135.32043415897047;83.87240322718696;27.939143831164802;9.089336515809595;24.436629359287494;0.47097789648157673;38.590204682864716;1.0973525764094083;1.2108521777678114;282.0491637788253;45.514370865257796;7.443458668801715;19.991666587582362
49;6;223.53615445134866;0.5703018495259058;116.7495447531627;0.44301487989598587;0.17824757130413169;0.8457846732752129;336.33516815600575;135.5548636873616;83.8435552260397;40.16143189944703;8.656161304829439;31.265660435174784;0.4670307642723053;39.590162742513236;1.1831262917682375;1.0307012225243986;279.4565893068455;44.25875027288085;5.849265898573421;18.674464875735996
5;1;1080.8807762277204;0.6174714209911899;1043.7527844823617;0.36116424514865003;0.38102136392424873;0.7203448121371309;1902.3166390929257;828.6899733627956;80.41909938450156;135.13515813090567;8.117885548029824;79.79200894248855;0.4146931760746029;48.19874304056235;0.5963345407213748;1.0537226098481947;1612.481494976988;37.83097890066201;6.193586768971469;30.610381044858965
5;2;695.4931049432813;0.5404506075379528;362.99854831637276;0.46751018282352796;0.330113497467388;0.9046343476149338;897.633055689881;511.5746253691744;83.32321595732766;73.32661864277138;8.812859902521506;53.91137677818489;0.37118356059189334;47.1292608477413;0.5725071852576807;1.370002369550364;772.6594501837637;35.31425844330433;6.316643001936451;25.9824249690849
5;3;1100.6883096549377;0.5137266081856025;1268.4680188066723;0.47313586083593684;0.4151673401136416;1.1206696471629476;1922.8756738469165;772.9148603050085;80.1112550917348;130.02623613970286;7.654610154155987;84.61990275441846;0.4437546742869168;48.77293623517402;0.6708485960104401;0.886551660763535;1677.9218174276868;38.20796672025753;6.500309155481193;27.67833447870204
5;4;666.1445018386271;0.5339918099407677;412.34456839776607;0.4681305347784063;0.31953677410086007;0.967908936706054;847.1737814474967;531.3386274483353;83.19056163069718;78.63026131565806;7.689322039792581;53.36051093010563;0.4045234795342401;49.09603266240209;0.7163195948507544;1.1508236690875961;787.6692589607926;36.06353683970286;6.367107617276303;28.73383674236283
5;5;1046.3598403384149;0.6122285474824269;1074.2526603009815;0.3800686340069212;0.45448949122366444;0.8109127799307132;1923.6607055477423;873.5011829614506;80.81925421715269;180.54677560913365;7.531270330626858;80.82905356301434;0.4506048769981261;49.0397256960482;0.595399067503878;1.124907219639364;1745.1821439749087;37.53811817844696;6.949169600346224;29.15000010909063
5;6;855.6104010797079;0.5321607549887688;411.7902985882784;0.46975309115014613;0.3356635772990687;1.1896743639332141;1037.1420184943154;662.1232385593223;82.23037684655633;97.22033630722036;8.148654626632778;56.322106602981236;0.4445385642173864;46.18548057705358;0.6385486099188108;1.0103589430009539;929.541531706869;33.505356957380066;7.979254205931318;23.990000548960214
5;7;1121.4602217516547;0.5658437026548548;491.3418841574642;0.4496189002426003;0.4130753273780433;1.1598926730884445;1655.988926572301;879.3644722574397;79.00783385229799;139.33096056519838;8.163781034332988;75.88874954463309;0.43831147673520865;50.69756085997849;0.6181890263867827;1.018484227658006;1544.6710275452715;33.8353221432541;6.665267143789104;27.09000222018537
5;8;1175.6946647778307;0.5960568092601605;1293.2963568282355;0.4019045614870444;0.4278761989185201;0.9168717053036598;1865.9840603610908;996.921061211648;79.00816249208457;162.17497435790884;7.639071485787463;82.19422608995993;0.44770986414506664;50.39877905101701;0.6992658706546725;0.9311082749793611;1626.9612374141768;35.34229803744478;6.859340284115007;26.148999662397042
5;9;1132.2729227993761;0.5156918026276053;525.0189545842525;0.4908960164586206;0.37166463333447886;1.1910975432196582;1035.2960797998442;873.5370154977808;81.58638503048445;125.954995867005;7.5749860900362975;87.18259956904332;0.4570130162015753;49.1548230393441;0.5434792798137325;1.0385025257088083;1001.9807868725724;33.615344843064214;6.98232939809996;24.619999074120724
5;10;1193.5234262839801;0.6101266544611793;546.374738654553;0.3978016168754906;0.4028535952628147;0.9402475553795415;1954.038923385374;945.528706324504;78.37862311022306;135.1012321766929;8.039312730150085;79.74299314757862;0.4310037673868783;49.09002282738094;0.6859795057307215;1.0250138945813294;1629.1449756373418;34.92059417032193;6.871376356678613;29.020001299945044
50;1;168.02079538033203;0.514583092210607;136.5111092587994;0.48567120180006357;0.24651233210468765;1.0373999975868153;352.76520703700066;129.14155436707316;81.82003516032329;25.43322990133995;9.140493835907117;27.57252291274779;0.429040800506112;47.01117480181987;0.6298830992898857;1.1379311994725085;299.35616028729527;37.622093021331466;6.218229700834325;30.29727493286604
50;2;436.2413215309862;0.48540220089453184;221.52639820857308;0.517177635242832;0.3681169532625589;1.21385666332691;445.32227490553413;387.37162716246183;73.043244428176;78.46684608921271;9.527997390745629;51.44952441298128;0.3880590613173358;45.20934662974552;1.0595379470466;1.521487103897369;418.882445728381;42.85776688405232;5.170345389797443;51.810000187727425
50;3;369.98634427564633;0.49848179863136477;166.4561370455231;0.5004000548679163;0.2788395718064535;1.137404952327049;371.86773362966466;208.47418089707088;78.22652871830874;53.54332596642898;9.706672032195502;39.443270400086185;0.3937524577135858;43.37586064157173;0.7568637236881677;1.2656463729758929;330.6273621914443;39.297083066025884;5.203635056213094;38.60000183071497
50;4;320.54535542749625;0.4865838894396424;158.2048686254596;0.5039168978750598;0.27876712954981;1.0967921626340325;357.778190923755;169.84894410013297;82.3509753552938;64.44052123262304;9.903139682379413;39.765526201297504;0.42967780306162623;42.66652518103198;0.7368534497862652;1.1173155682663565;280.475269181827;40.820483228404726;4.643119939206033;35.4613874040607
50;5;430.95462904464614;0.4976759157607724;163.6842876223938;0.4985885462713631;0.2608162155998905;1.0917601271780264;411.7041565589294;285.44567706906963;80.09150169149369;61.14598598847988;9.347746506956556;43.9678677087003;0.4241277529879479;46.48343451426219;0.7796277833068023;1.0752081659328332;343.9322533414875;39.221719278928624;5.4525519901422195;30.40727041384842
50;6;350.2132974206813;0.4988028579909038;199.0937970737294;0.5051830097872657;0.333146652319382;1.0994167865824842;425.1192314633588;261.0972824132035;73.01111245589979;81.97340085887468;9.792568013971696;52.90754079974554;0.4096296458511104;42.17660319736567;0.9093888537092488;1.1873785701406456;365.5048054989635;40.0669940024101;4.878367544257062;42.86941373189764
51;1;573.1723911417107;0.5708832333099747;363.013236079449;0.41881216996558907;0.2968791906618021;0.7685754305727829;713.3328916688303;406.0056354338441;80.02396375448517;59.259155986629196;8.481146465357517;51.70520325026432;0.4135206646846967;38.58897736205332;1.1379770269786018;1.1575857421319342;639.3892817523014;44.8362151204035;5.399977279090834;25.936547835307888
51;2;1180.4182552069483;0.49550134678547847;612.5493698693481;0.48871964402692875;0.3913756628472169;1.0950872804264231;2098.074627082072;882.9465718347934;81.5168664968613;173.69001358171815;7.614677381025571;86.15881376825376;0.38308486909021705;38.661726009952964;1.131729357981807;1.162263360076019;1800.164606663968;45.30800303160208;5.315116449525349;29.821550901901563
51;3;1111.290283508172;0.49706057644262946;531.1682390610837;0.5005883367218819;0.3791165795384913;1.0872506828824173;1958.2842945588643;842.8981088621482;79.97191901169403;175.36584114307428;7.911015772738718;74.66795943001969;0.3960073262273479;39.394973123458186;1.1729646076372378;1.0648029809747905;1690.7712792802902;45.796468067737386;5.273528824905205;33.59823701041468
51;4;345.8809564721842;0.47253705516531574;171.699533796822;0.5122396152403608;0.27752862966633096;1.143040040686632;551.1672476978036;255.14600140963236;82.17032449297967;41.80967137733757;7.844758494164665;36.74011742425831;0.4101935218454931;38.97552292878647;1.0818921547541505;1.3609499456949343;464.69606077248153;44.225177973776844;5.883557339244715;28.807273272427032
51;5;1172.131636837934;0.6017442741871882;646.3031876859371;0.3882900538376556;0.3646082794416653;0.7646767115005588;1902.1678070499524;836.5532154853092;79.62947037539429;131.90953313792264;7.832900342507936;84.35792518035392;0.4081364674039569;41.83533984599539;1.1331852249310501;1.1981681580128969;1600.3234174007841;45.298023710986506;5.3031751624042025;28.996670867733478
52;1;1214.2407371877164;0.5944779581143573;1184.6053043316715;0.42125024410761064;0.3818435714792836;1.048402722970191;1757.5145132752023;901.0151021122642;82.29370610567807;187.10671007521668;8.130731284042682;86.26456007748453;0.43179763803774385;43.8353529200567;1.0167757807236515;1.119903598250078;1516.1697600593675;39.27926978002471;6.714567574442694;23.012222525110648
52;2;304.5096514307814;0.4417683221676743;208.3480660773725;0.5372476857020257;0.18006202404450267;1.317001432177382;520.5292802241518;222.94472193638347;83.26482228447892;44.127444155134;8.484076528732423;29.698051161027664;0.4135810848277003;38.735103533847884;0.9742609564913208;1.2050836426821419;462.50004299013847;44.46276846561915;5.178375531889343;19.023748128512747
52;3;798.5296434190365;0.5514250131027103;354.9509553876056;0.4436430960752607;0.27345019381408486;0.874130592502499;1126.787639811726;593.7248325793224;83.09992697555104;101.41227414304059;8.559916238860383;57.321491955040436;0.4133507839640571;37.59987683327817;1.106952149413637;1.1610305105265972;907.9300941438455;44.78237597057021;5.386525930375442;20.5499997493929
52;4;279.45910663395733;0.47971071978693675;115.37599301370848;0.4970994699413719;0.18150096175990252;1.158627461638731;313.0477411183471;199.99771849493732;83.78867850930783;31.90543488588654;10.052817204933646;27.492164273472216;0.3597088664607317;38.052474589879814;1.1352888673804729;1.4999711930393766;263.9632597695679;45.91639448064283;4.948256878825911;24.004291025161557
52;5;796.9588851732448;0.5388695759043867;358.3279158113723;0.4565725915111591;0.26101087299995906;0.9534656028298368;1143.9972877711975;536.6790188266737;81.82479167761832;119.45418281959668;8.156336804494988;65.51660555334918;0.437168115964584;40.785567561203834;0.9149966887926795;1.1797699321517192;943.4033385372746;43.24966820425704;5.356292489946427;21.609465181977917
52;6;545.4023093029537;0.4789134877065787;307.28424900666926;0.5143912593889401;0.22138345799867487;1.1680174806708932;738.2215346733599;370.73010565578915;82.87928858902477;73.0758936051547;8.297070474149619;48.71236556007534;0.4174849354498491;40.35553645265091;1.0116239750645806;1.082752126228797;635.0956583832507;44.26007640213024;5.260255291991436;19.723353090596287
53;1;224.21888840159932;0.5499634887478204;131.53528690362083;0.455489053464674;0.17517592520274886;0.9407922091523885;309.6116755094223;166.77398067538593;82.07456956313304;47.72196326043051;8.399731357897348;30.70940520184427;0.4641829096683247;39.10605331431648;0.9671705603625997;1.015320098364497;288.49455245736675;42.767847186477695;5.889150284393004;21.180995771146662
53;2;243.34553847228264;0.525637970852158;144.5913768990881;0.47269761811362265;0.18916049263885015;0.9651136528830919;383.97970235480017;193.87023512773195;82.86472207859829;62.91854480486051;8.166121201200541;40.685348053880524;0.49194167225452695;40.291519487003264;0.8599485967188895;0.9762342664228063;314.52397035419636;40.50408073264018;6.094409083273429;19.34788880372827
53;3;236.89540879719192;0.6440213783240054;120.48751032148593;0.36958770224111653;0.19580774493769645;0.7659879899519613;346.25415811383806;172.509117197997;80.6263433744734;26.403530694671478;9.24592816273061;30.05301502495829;0.4730902874319007;42.05597781739382;0.8637807764033926;1.0179105743674175;283.1158762593382;41.074664640362904;7.627724162267735;19.829998109717852
53;4;292.2240940552966;0.528183507401177;148.15445971178397;0.4711903304768914;0.19233233524688512;1.0498049702256844;513.2810655433402;182.20397927565193;83.96189174241712;56.46913707551058;8.463581959601937;33.36300860217023;0.5011602917516119;38.88212246789109;0.8738415625256107;1.102206885228284;445.1719762140315;43.05141208285837;5.422474804337887;18.462498948251053
53;5;484.8762677568217;0.46695811679934435;266.52859404573985;0.5263411217967771;0.19885963311859067;1.3183534329169986;641.0062253969552;412.352638682587;82.47872286675816;117.7865030882079;8.197960831834285;56.946433094594255;0.4558809407211219;41.25279121880029;0.842977575501659;1.0630452031370072;555.9155925842092;41.60145707316184;5.152281226623031;19.875157226165882
53;6;343.2360038028851;0.5817053069802991;254.1646492236108;0.4161827071244994;0.1890036295680752;0.8295531109076052;627.8003739463118;251.18891417825864;82.59444993812888;50.99134278304268;8.404985188841106;37.94936197744418;0.45772803292632275;37.82684463287692;0.853328368074082;1.2224618521260633;547.5187374471739;42.134483526765834;5.15414615201237;18.681388493871882
54;1;383.1983290275599;0.46823097716782447;278.02026753980476;0.5184957187611684;0.20960508752935592;1.1744381271102435;590.1678975602027;301.5651585893389;83.40511041930279;51.84545668514724;9.247329334086864;28.269500109698967;0.3401954650366963;38.29210724881063;0.9993380740377944;1.4338695417575473;514.4410246879274;43.57863990844206;6.722166233118086;17.91055451508196
54;2;410.86374168166657;0.5224992962728002;289.49699240143576;0.46387626532725224;0.20204407232967903;0.9593284795189994;660.4739036997822;362.96650170775536;83.140035062805;50.886850685048614;9.483557450309817;35.04174454903222;0.36029013170228813;38.22553650319495;0.9173214468316826;1.2463778292651089;562.3553307894985;43.106871244015636;6.216763693210424;19.63237977011817
54;3;903.3877385444974;0.5927107639878497;335.81943085649954;0.40669723479486;0.2700389881382388;0.8897469536555144;1162.9224228302796;624.4936588129724;81.85715672552939;132.11551794900387;7.672210428584858;73.35926014235767;0.3921661253835286;38.903689888499805;0.9335337257589122;1.2406731898854217;1040.682602819674;42.43001159211187;5.4381062793966155;19.884721916574065
54;4;908.2862461201757;0.5335055250031457;583.0198334114681;0.46682499562412944;0.31124085023567294;1.111532449852231;1306.702118252641;609.0608127866204;81.6832697466301;143.79282442822924;7.549730443848285;78.08471481597067;0.4348632570483943;38.92088040519479;0.8207620955178817;1.2279051409985167;1070.4978758413465;41.44822885943774;5.226659879648478;19.748999908784366
54;5;563.5147245611901;0.4080003579381048;373.6749537380671;0.5842545198216836;0.25058418626723;1.4884717183241596;723.8583784427439;473.5980237059691;82.56935897143907;66.19843687657323;9.06850910150874;43.54459057356144;0.3437332033177985;38.72100571069212;0.8199214767190856;1.3653396114882874;650.5328647807448;41.56070412588529;5.603015331312297;20.059602903940064
55;1;549.349089694195;0.4199115439673662;417.68319701983665;0.5624255856673703;0.3277662937862835;1.483287252034592;728.8854285883114;419.5255865382333;83.00392426687272;95.02272128735882;8.572277484600283;41.14713209299508;0.3469138730089712;43.79202896265234;0.6695971441372557;1.598448590065331;631.8627980925409;41.97177511251393;5.814324474825747;35.31377752717404
55;2;721.0983171246147;0.45588676769649433;414.64095141909587;0.536419856659119;0.31898159617969574;1.4415203918996975;1170.8052337687184;572.6978797279445;83.03980477149402;128.44049608155336;8.311286455572827;57.10774753076993;0.3551239679897058;45.3270381780107;0.5459459631340683;1.5027996862467643;955.2899549244245;34.98318569577916;6.295178939902812;25.869379772524056
55;3;1244.533004827815;0.46186259127304147;1484.7046461181499;0.5314485778241462;0.45784671625040985;1.3562801767526245;2559.210824823998;978.0687152808449;78.32493486714932;176.49976616080698;6.650942196744004;97.7318347146996;0.38859523878034574;45.55544298488584;0.6516355582791047;1.2172366735278615;2304.0596456794524;39.26470104784498;6.489241951145631;37.17274551011544
55;4;866.2270121481897;0.4498747263343137;458.0772937111446;0.5496184635449191;0.33053069427420495;1.3307855744148114;909.8440736595522;644.8209469196249;77.96477802807405;121.59337695818898;7.670058059402808;71.23412418101843;0.3749526130373442;46.09888169225378;0.4944564091205739;1.2137080273565273;845.7341549966579;32.48992050488382;5.349201727155811;34.99999756997582
55;5;616.0666390405573;0.4852073224140579;485.7379715509134;0.5258048074524866;0.33137822003253264;1.2455136607302046;1078.928013666134;500.93909308781025;83.46204399311357;100.0788141931163;7.93152060796342;61.431962515957224;0.4308564380623141;50.06277671644575;0.5229105528712946;1.1184569230886567;1006.796125054558;35.78798095248641;5.608659485333242;24.34732937715983
55;6;1259.688444509946;0.5878197452991989;598.9533792586323;0.41889288271626235;0.4436414163515712;0.8824682936131484;2336.4864988491936;888.872652965528;78.9843692324963;209.8630188436598;7.473247050413942;98.75982310718018;0.4243056592463574;46.600270833884544;0.6902583093917746;0.9789614206540875;2013.0291774269901;37.91545469052591;5.869145229386982;35.939997230384115
56;1;640.2369471231649;0.45357183379806926;260.6819836434898;0.5245124620288462;0.27654051609339786;1.2649958896774298;720.0604079165201;411.84013830370867;82.21695049600177;86.11363624702557;8.401006496970782;51.94520323264365;0.4209052628941995;42.260533410437695;0.77792842861333;1.1969071803404898;567.836170622865;39.70807629944858;5.452654211566791;23.8236664794665
56;2;365.7789674566191;0.45210693593736645;186.47370324036405;0.545230352950767;0.25085820973133494;1.399965413028299;403.5009701378528;193.4158394485591;81.83334771350586;66.2067860900765;7.992912480607048;41.01979836487488;0.37583107683244615;41.74061512413156;0.6466421268491822;1.429000955542525;347.2764168049899;37.77395926162674;5.88656343421895;26.481299053693498
56;3;240.0941771970447;0.48961712305578503;158.04976462901723;0.5080502968855481;0.30797146130405423;1.1555738602591188;401.1403614053034;185.22082716964022;82.4052425167207;52.535810426439554;9.723255567933041;32.06685021346631;0.3973184204195059;41.928462916646154;0.6574944135757704;1.2513760062535126;322.48929404601944;40.501615217031244;6.606752783811669;31.434999090035316
56;4;234.18134852007904;0.4632053280122762;144.3043831569486;0.5356802758860604;0.2086047811054149;1.3006040837436268;355.34998438454255;151.0970342286195;83.63519174095234;41.74571546612235;9.498640184833794;27.602758862819222;0.37758950429894517;44.15353643720849;0.5257700984678378;1.264594876283399;283.80696133289706;41.824557990862196;6.4985892443377375;23.739984829721074
56;5;682.1299606573166;0.4206217504659277;316.8456995629801;0.5631955409837419;0.28702200866869193;1.4846472954558578;772.2675573954801;492.2200094222855;82.71784015918753;128.65773390385448;7.66618149651718;60.39218325389817;0.385522081825147;41.99768479647421;0.7628489455568663;1.3896209604319534;585.5979475109892;41.07735837626652;5.661943582204026;22.972220931975144
57;1;516.3036273543185;0.4386595234978548;384.9692373777115;0.5569644788848027;0.39708225951822695;1.3904104260125514;739.5057609507726;327.22426630391226;73.04063147442918;86.50958222085644;8.683289287185849;58.05546084554257;0.37863553269398414;40.0678309908465;0.9796678634889423;1.427061621851214;682.7696330632789;43.82218209272475;4.832534989251222;53.29999967754776
57;2;391.911689730542;0.4043077980159384;417.9065453672605;0.5816533248922937;0.3827876169424054;1.6789322770508084;773.2030980443659;338.6009535560871;73.72720211465378;98.49398800146682;7.749213793923434;52.618633644319324;0.3616893860898413;37.880540558893486;0.8814695983193751;1.488999446292276;687.515483985432;42.49686169622744;4.972420182981953;53.130000076013836
57;3;319.9869155784625;0.44453438811454954;152.88824686077496;0.5450957618274417;0.3354202422942393;1.4014678889585308;377.4040196793095;265.54661728156714;74.60567845096968;40.641790476729916;9.13466486367067;24.18545650254501;0.35597727042483207;37.77316362294866;1.0489884410839685;1.6372656538422132;336.0990560563416;44.78815054982845;5.480468784280558;42.649995909299285
57;4;246.55102939499918;0.4673562361086525;134.99354093665406;0.5241106182035921;0.31515002224041916;1.3970842083270734;316.67396305317124;191.58359469944898;77.46551194916977;29.165892702704305;10.29685544438672;23.029231337589763;0.35047882546765846;37.654102135316535;1.0260135791186271;1.5413983838471033;291.77029330286865;43.80370329096077;6.012440446628815;42.34999852172071
57;5;231.31062055670344;0.4583703001474236;111.65275843609861;0.5127576444102893;0.2779153716277425;1.3158529216203363;302.18897667419577;162.8974115858459;83.61107352769308;27.90267237410491;9.823578895849169;15.947549114602007;0.3478148553680557;39.92769892094061;0.6962966902561969;1.5475982297646464;273.5391744403279;42.11751913774004;5.329907888838685;29.027495895409725
58;1;800.5109629152289;0.46364806734939895;397.03451996126137;0.5341509198057288;0.4648140809296795;1.3542037911331999;790.9990037329741;584.5833483991471;70.90502095157275;176.36409159506715;7.27983850805884;79.1743581086529;0.4224696504546024;45.869968552764135;0.8698340857483285;1.3681381229603706;702.6846657441473;40.956113705180265;5.718737902685438;59.78000143193148
58;2;242.59719892035014;0.5181880603688809;153.6888463640236;0.4824781939109808;0.19115411612798613;1.1286052802623106;333.0630417203267;153.51935196736477;82.54926230359942;64.69951465383205;7.791349851163984;37.63630155875207;0.48753767585789665;45.9922269824267;0.8045754313020429;1.047550634027925;282.7719794261173;39.92205852630397;7.8050314021929035;19.910997731598407
58;3;1012.1581645680355;0.49486409691254357;540.1430839092052;0.5072437561807065;0.32302763263594036;1.2427464811843558;1501.4330710017855;767.668350484824;82.96069355593058;161.52380440599995;8.703625631821268;64.51414174378688;0.37169617382756714;38.86794777410415;0.7633934805814259;1.5191644709995809;1499.925707202754;42.327571202634516;5.401514853635902;31.561318093610044
58;4;248.5971037062002;0.49264569578128375;158.3216468081737;0.5009233294887213;0.2374756959326734;1.1039395110137662;365.48327634653253;182.88480540111834;82.899309392866;36.14049958029161;7.73334625483499;35.0706245470064;0.46360719091107216;44.7762285613516;0.6628240416731316;1.1004242426589044;300.1887991669617;37.562316642993444;5.960661254735177;25.10342970297575
58;5;310.6926388897728;0.4877949045022003;156.2316134438665;0.5163628895387272;0.3775673000060646;1.2553674798325338;379.1818853484695;223.3724667954305;72.83207582511523;32.70717387241839;9.228559904385598;27.767717575342232;0.40649453899475135;40.543874441732214;0.8613177157284769;1.5499598124816418;367.51973836609534;42.030339805899345;5.36004708633093;51.49000103005981
58;6;399.27805374207014;0.46948910678394484;145.2349312222148;0.531491882702574;0.2088626405695244;1.2932351054060836;353.7118891250051;219.1995250450738;83.3956069885768;38.3558535682775;8.9211133412742;31.197666309220924;0.4120706870571481;39.64865435848953;0.7648186417251479;1.3945694810376477;281.2361841813405;42.66355891506879;6.146816229956783;24.250464763608576
59;1;245.34533537563303;0.4722574624707168;126.48664350332139;0.5175518555257667;0.17638632342434984;1.2797611443672365;339.52945897230614;181.0022800076788;80.9524870256425;33.23245099301647;9.366621733826896;29.64686186515516;0.47336878174754426;38.3408988666237;0.8298600610453264;1.239190871678273;300.0668508082145;41.49150371455338;5.425014788828861;20.330344624309674
59;2;500.975656234851;0.5660007940596418;296.9262078088484;0.43976877576658635;0.23540315454792232;0.8555163679286502;803.581746489853;365.9328532263942;81.43193491783205;66.34382706837572;8.216706404920696;47.436700814808745;0.40431763104716895;37.96854713154192;0.9041505046498821;1.2415867542625612;673.8141125596107;41.21955602556331;6.798082780342489;21.163845156102596
59;3;623.8325594028573;0.42022996967029536;476.6402401192607;0.5692440239780375;0.3411206443698271;1.4635729167387832;1254.8779964126004;512.8350892615128;77.10087043971643;117.16164597410058;7.796273197235192;56.13162719828046;0.35132776880166433;37.82744188310848;1.0725034190252303;1.473901001159586;1130.9856656774944;41.48341480132457;5.0712173568632615;30.620001991788655
59;4;618.730613454451;0.48903589439895145;401.019177481695;0.5048752153548905;0.32401213235495363;1.1888931032990178;917.9218662972488;455.6470284501931;79.59550732387767;90.21026067729144;7.846352094792281;60.47634230663465;0.3612422411824421;37.71438507601742;0.8467157022044469;1.4336007901182573;797.0134855735395;40.571895801988646;5.55205571570359;25.4724990349418
59;5;385.6957373877135;0.44557049448956404;283.6532869381226;0.540777176666611;0.20635267157261944;1.4744136928463307;685.3981347693957;308.9412908897262;81.2435710838811;45.02758416643291;8.838540814257106;34.00339078908907;0.37029141396775633;38.73884382014114;0.8080223641113671;1.4765701559767084;573.0303274231542;40.353848527741974;5.9031814354601355;21.288498850734623
6;1;447.55103749018053;0.4808296662847678;270.81624089929124;0.5217082701175771;0.20891908249631555;1.3570505727247246;696.6277759610228;305.04704859399124;81.75024682710583;78.52013479828688;9.695381127344023;44.44039740840385;0.3665208525140314;43.96976643325969;0.6798002965310208;1.3721765266991226;625.1418143990517;37.60000964582096;5.741389721783885;20.910000889867998
6;2;299.0533936726275;0.47000763089390074;157.1352480427963;0.5157918648450501;0.2275127534761933;1.2095999531653825;376.7630291293416;194.17571743583747;82.17566883677122;41.70558856425348;9.2989890331646;36.201479609228485;0.3996741181592038;44.127067890764735;0.6472461603336328;1.2687106669752972;310.9101260924351;37.23870159905516;5.842649201987606;20.050001025264923
6;3;501.2158443309383;0.5280626354487694;333.258398906355;0.4872811317229581;0.2794063780077872;1.038687647880701;624.9886680908804;367.0302140798919;79.80537013419874;86.5190064253442;8.867984450682266;49.515881074934974;0.4587250581695029;45.94056778476093;0.5190372157474076;0.9665868811798515;522.8907619217996;39.050444878304766;7.269218321081607;24.85667454294911
6;4;691.6845976714535;0.5199274372557201;249.43589685168817;0.49580755259976766;0.29918176542991054;1.0703346959028033;590.8087634248428;510.5761761994216;80.20135255007759;125.82480405427044;7.941487438215703;61.76887111713018;0.4579281783849483;46.64304194442213;0.6168862728040617;1.048022052896095;467.30155667173364;37.79226100674455;6.585267693005532;24.691249616165308
6;5;243.34249743763212;0.5305860606313698;172.76309267274402;0.4791669617277799;0.23184958153513377;1.0576721260345425;454.642078491059;185.51375929582528;81.02393431801495;43.53895553331743;8.291197839461935;34.592669112964046;0.49799874040216735;43.423851501063574;0.6636192353524519;0.9893816736077627;372.0151169964062;37.029725309079815;7.274144515984273;20.890001260495566
6;6;323.3558588895341;0.5543341084885368;143.30573149310032;0.44558080724742494;0.1837008475833496;1.0653789724409903;381.6355085506394;207.00124634447064;80.14243973534968;59.57721655900205;9.401657703649734;34.84252688819229;0.4763262580048942;48.076143708374744;0.7617175499201368;1.087815509610835;319.55618921762164;35.523756923111456;7.9035806099496035;20.0309991486866
60;1;1068.8145944438954;0.5847316454853485;1282.6034227683872;0.416104140846588;0.457818924659208;0.9689104880387382;1192.452267254964;899.1021394350144;72.16460130550436;197.16136279553615;7.093793136468099;76.364327588157;0.39640917629430544;39.63269447397296;0.9662318669550547;1.4802802946620894;927.0822323422738;42.1807356591041;4.970992485008522;52.23999879346347
60;2;632.1674165132703;0.4594002177729849;284.6038089304734;0.5376006711537465;0.2930668266897192;1.3180020282453155;707.3387750475697;492.6463271929634;83.56731371849628;62.54184999821251;8.698017317807064;39.73183168103145;0.40988987579419217;38.63553950556734;0.9100474435454244;1.1542355771736426;700.896463627638;44.597996492171504;5.282267872924077;23.621186258475248
60;3;354.7756696312065;0.5622020911002175;226.0729507324123;0.4276156670457516;0.20961394328880145;0.8027418943604032;571.0777195540978;286.54950712072696;82.25085205512855;46.83994721629893;9.653801264003015;27.11007466021636;0.40619859561578586;39.339496064548;0.8176574011488152;1.2861133970997698;512.2107355944049;41.27959244750114;5.400786824382087;23.169907277836096
60;4;1226.4310510404916;0.6031879985156533;1140.6020222938973;0.3790485017331244;0.381939445102901;0.7354942227561932;1189.6735404861838;952.5397598710049;76.01708628828091;141.35174240310903;7.4984552036650465;87.02888018126545;0.3719045631235632;39.9259577729489;1.0152771219679093;1.2492103667506833;1109.7873687799847;43.88290753064927;5.11293845960751;40.12000155103924
60;5;500.1065397535739;0.4770320313835337;278.9207645724273;0.52517981320644;0.20738546392389168;1.3420050787196458;658.829416867067;379.37004212424324;82.83759652938608;65.84091099645516;9.561331304523991;38.742888993421545;0.4153384887684875;37.976839282161706;1.124421101903105;1.2987356582419076;585.1968403270123;45.09475130861858;5.128738474672233;22.798796363881255
60;6;307.77506485862637;0.636059418386783;140.40204883181394;0.3672457206846644;0.21350378082485505;0.6176257458425729;353.03735661815443;216.9838175234611;82.49567137179275;36.37333284549421;9.085719555002536;25.608124930551064;0.4643588994151294;38.76738287621507;0.7596119924118955;1.0095456587977079;320.1876152279898;44.43380680141223;5.822966970073931;24.39099793458612
61;1;618.3137637081151;0.5510718073461396;319.38602433592354;0.44781206022127973;0.31047692550224526;0.8704216598803007;717.2232762654586;470.3195111887096;82.43668095107714;48.48575958666383;9.619759756472098;30.122598878325295;0.3278140452455326;46.04650358433222;0.43741119582638655;1.4492744837028682;664.2346820229372;34.88565770630787;6.504512549090813;30.282500181993214
61;2;1403.0851623780002;0.5190241787300038;1114.1072603936564;0.48079204707712403;0.5112666350381841;1.0875199696402953;2874.9722356789025;1080.3525242062142;72.61219934152918;203.02902352943332;7.725580650863585;91.2642742971174;0.38967317933126944;46.42172699721352;0.700552487257891;1.1335957583986207;2450.809995468427;36.19096547046176;5.423999282913553;40.2982379727606
61;3;944.6522620831033;0.4884682459703156;1177.6852063484273;0.49235520474135874;0.4074585527443938;1.1464443848606203;1814.273220107898;789.2882552476327;78.99110784865644;131.00149930570083;8.625796088764252;69.84646980979483;0.40620680262242925;50.72288692816201;0.7003692653416964;1.1103689629549796;1579.3885150305596;34.74413877863346;5.611593625247582;28.32999969018759
61;4;639.5315271251474;0.5562911138330036;312.07969999394214;0.44388576819570297;0.3003285411652684;0.9006560903041075;746.5039907914797;503.49526162433983;81.84648568802808;61.76731454635162;9.248952829234208;51.36981866775673;0.43042216732511646;48.73239710709146;0.44645192925459753;1.1391549327614525;664.0025459678134;32.90094510369342;6.21486774955548;21.313889571536606
61;5;683.5985139524724;0.5222167957173247;313.7257960516679;0.46912529635794387;0.3320057266549315;0.9796945131768975;816.3501085286599;501.9403140737969;80.21075379199534;69.71710553693319;8.667057324189877;52.177517984565426;0.4208737337510419;49.55997466742889;0.36556763789209556;1.1244371475494606;676.3692740352889;31.299153732718022;6.1886106906444915;23.843023619999876
61;6;887.8082722232149;0.576038950566129;1020.1531669223741;0.4321529058444215;0.3565176107553986;0.8518027812903277;1754.7419382827802;709.7015473743293;78.9009770116226;148.7509119888152;7.8597427704204925;67.13430280179253;0.3805617197996669;50.111758587434224;0.5951979963762014;1.3383815655578573;1519.3213901712193;35.81641482921658;6.21796249051922;28.560002773169415
62;1;673.9676077537541;0.4952364229960163;349.9505129991457;0.5089887182039978;0.23002703902815277;1.247783565163834;705.5150316168989;480.8314412126009;80.95393237510834;90.72347878364657;8.488796915630807;54.739113223654996;0.4594602209570211;41.917938027775996;1.0779239664844165;0.9820730418978881;608.5750301761151;40.434202191255345;6.794712101736107;21.195970318894148
62;2;419.9974830668871;0.635223641892011;231.35792791305875;0.37680398217368055;0.17497165697282782;0.725197786287623;610.2831415516998;298.33723339114187;81.11888923191995;56.194017393444184;8.626518607268812;42.99673471235605;0.4893414902322808;40.232132091299285;0.91346388016041;0.9296249876330355;522.8912795515055;41.91283716570392;8.013735058515364;18.75166715035515
62;3;365.9457458516524;0.6380106952438632;189.00165927869085;0.3808370398913316;0.17922540250092045;0.711234208592057;596.119265309566;273.30597998871986;82.11439139536782;56.40633849273098;8.925884408934607;39.42677614584899;0.4874998732383042;38.625156698953354;1.1763837962200667;1.0534425858209389;533.6404457629208;43.53929657604485;8.034289165882644;19.403751670967708
62;4;650.367697042364;0.5095909416733201;236.90545622247282;0.4847689330596509;0.22659702763358777;1.0466193180268122;664.3193341393585;437.02815655769353;80.96617522793451;79.7303596240973;9.264796282489563;48.243580882982634;0.46941042480879974;41.142247582542176;0.9052810878426993;1.0368702339730147;569.1241628554363;42.39100761993034;7.2679270873425486;21.80055765094133
62;5;390.24300057183973;0.49558993733491347;159.92655317047888;0.5082904550176092;0.17523325409451018;1.1605869701337963;569.2401302774621;263.6378813479371;81.25720629291168;47.94092798961122;9.193239308013196;37.71794151288075;0.4949909875898363;42.26926850602005;0.8921576619424901;0.9977668521043135;489.25422140547744;40.92110382809136;7.776103834865396;19.332500385351942
62;6;283.27232179701235;0.5164558653918125;124.21734439321648;0.4789940556050208;0.17653808029279724;1.0315606506565387;342.2822976984338;189.68052942192867;82.82856891862126;45.83843440818072;9.720534346048389;33.588115068031136;0.45825702983912414;42.44001511044849;0.9508994213134924;1.1137935736172626;305.6477243918487;42.82819258352823;7.704983742557816;18.288749768077142
63;1;406.2971310263142;0.6068455780540668;289.16614266539864;0.39753183891204025;0.28628458936183027;0.7540073046079576;458.20407811814374;220.06142705475898;82.88773560138883;79.53572031127584;8.864835048201407;49.81689456167886;0.4862849745414066;45.91960695541757;0.6589629631924179;1.1349173904896597;415.76890277130866;37.47425846914759;7.23641260198259;22.079997694993686
63;2;377.5963681741508;0.5853654548705234;140.63921430551218;0.4195734805569644;0.16907799641542465;0.9217435910191396;348.8472096704096;256.39035116077446;81.28339283006616;41.14451170896901;9.104705448000969;43.20835067863416;0.48333920131265873;45.45676236934298;0.656279975543289;0.9550444724702909;313.7792312701934;35.829348471880024;8.523300608733905;18.57166479963262
63;3;312.50521657953277;0.5055277935847076;163.29114607929907;0.4960625992993427;0.18055389612225572;1.1138908330713109;375.61764709128244;206.3773895189369;81.46586284581471;62.60525495027206;8.865923076261353;40.244899323881185;0.4832277317727454;47.73053725501219;0.792670662011088;1.019320778551773;327.0710426939888;39.55709280038776;8.835389249363672;18.331664958258504
63;4;426.27285873610856;0.487116451687983;451.2878240838748;0.5129603267584237;0.2081792580924012;1.2660071040241954;579.3994202876894;321.90697475513053;81.86580804958383;91.7696623006769;8.16354915931704;51.98707357937071;0.4847393775869795;43.647662413589956;0.9125737331156103;1.0525334257586636;501.7480559499899;41.38581112453434;7.437257300234811;18.723747497220145
63;5;737.1897369452818;0.6116219238380581;382.2647565448304;0.38506289718805464;0.31890351195698324;0.7592677324946724;621.8653619231194;479.89596257127084;79.98380951545576;133.28518635711086;7.462780058713066;77.90911545388076;0.45658511499800175;47.14919056419092;0.5679481607933518;1.0976625143781231;514.203507801486;38.73901690846167;6.290994146475751;30.280002647971916
63;6;447.386372293268;0.4797822718150253;216.97866821458686;0.5111166671661712;0.21900787431740587;1.1083344983760774;578.251746316334;328.23828235249573;81.29467426079314;116.81475624789475;8.73082717885898;50.8006089527784;0.4695178010358871;45.422523718035414;0.7257744788591435;1.0176188411325473;462.49130401408183;38.98918407552526;7.640255998691576;18.693748088538396
64;1;888.6224314218307;0.5239414624157273;336.7510300444854;0.48425206988081726;0.3581281471604473;1.109653826107612;1213.7043163207327;535.6379945053709;80.64778227668562;138.8786866439795;7.487611479408572;70.81427402926627;0.44527772516288977;39.33434262176961;0.6920894776019284;1.1777913485569784;1136.4959639734836;38.13399391916605;7.268068714723568;30.060629964662777
64;2;1059.712000463498;0.49326836774193106;1049.5799395267045;0.49980616287659835;0.4430143020314752;1.2942370520694384;1622.4205279364458;672.2438846457754;79.65556698726586;158.96590347334254;7.79689528830154;85.28608882937498;0.41863799207853203;42.299556112889036;0.8070048532782379;1.215957419707965;1423.8002141641527;41.487778491703196;5.81073928915334;22.600001279945037
64;3;1197.499773765919;0.6028187579666446;563.6044206310729;0.3889235559268572;0.4787188032835417;0.853115379508545;2296.7362648349726;862.4148728763463;77.5868060780827;191.78943024235963;7.997157034958174;98.75279790605225;0.44647350664119395;43.09947014293967;0.8922193101799462;1.0215391893181172;1966.9585288491276;39.54384056977289;6.4663535912954115;33.2800031851129
64;4;1306.8038519075408;0.627000822882454;639.5511484507451;0.3706726791630972;0.5034946296263711;0.8024130953485678;2425.812035268751;1015.087696031094;74.03714138096953;175.34612481254916;6.955006763521527;111.01772906744678;0.44606021953692104;45.39635761697539;0.9625069484848904;1.0726548760640178;1841.841104558292;39.951415555623676;6.284291186739156;35.59000023334998
64;5;939.7807188472557;0.5264764455804372;996.0881409012089;0.464743010231088;0.34669512230368843;1.0769402082694117;1959.4223405200248;694.8998684349046;80.19402035533844;148.3775080400793;7.348189847962043;79.48774313566086;0.4632039921092648;44.87642097176809;0.6610689570858149;1.0952601195761773;1624.0840463414397;38.8869131061404;7.270930430959519;21.08000187624847
64;6;805.3424912507173;0.6294966683770206;333.43734905434144;0.37706338410960866;0.299705405231083;0.7710882190662613;1363.304012014682;580.3852489386529;80.03231548945467;141.62807979279432;8.661262132374974;70.85247423682387;0.4645277314426536;40.77754249467486;0.6610485932957261;1.022089883878058;1116.048176165125;38.79198037979208;7.350836338311947;19.879999439794634
64;7;994.0878709430222;0.5090329082210551;700.1997424319218;0.4866641798010398;0.4260909641197566;1.1002110431030943;1737.7324678840491;646.6996875006315;78.57852287122006;132.069544661866;7.8604889161653615;78.48646716138931;0.4519767880996038;43.0015236329628;0.7454809777349755;1.0603552605507893;1474.185985500626;40.43133518912628;7.107155184236874;22.500003038844078
64;8;935.8179494900137;0.5721042332526022;381.3705813649243;0.4375204976695284;0.3791286489736517;1.078322968844772;1516.3952896205406;737.8167003847353;80.423815685022;118.93252810078243;8.59555256453188;75.89569216717092;0.43986853443135543;47.0049532390936;0.8163456242552839;0.9975923185954123;1285.4448498120312;39.715492461895195;7.348915037770379;22.13222219037882
64;9;691.5132262929314;0.5124188431161306;369.7006432724234;0.48842963731639194;0.3306339960107717;1.2094660636081924;904.1219675962966;509.37143033877345;80.03319577613306;122.14113082719916;8.459881558118877;64.53423114937448;0.4685247835363668;45.44856702583505;0.940810499087831;0.9167237440047353;718.9944924275316;39.28160315283307;8.5260019617734;21.728998610477475
65;1;1037.1172470224772;0.6288011695781174;835.221646618521;0.376072247421999;0.3750711814712421;0.8027955128736473;1914.192897214528;773.5071459920433;82.32298780898368;176.78402772515045;7.78241067569758;77.65312396746107;0.43600672563344006;46.13879531061263;0.6279472324278352;1.0276893554108906;1570.7060010715854;40.76510289509753;6.661379803185353;24.36599873270476
65;2;614.7046536148813;0.466246103388997;257.8891756983161;0.5274552146226739;0.23832601326348665;1.2742547698967654;656.1931953271278;475.4054412851072;81.59597279760085;87.99247693144302;8.620440430855412;51.202192815436106;0.4610862180176066;46.37465540402366;0.4888410235937391;1.027661767312582;547.8394418440396;35.874965097662404;6.426150495545549;19.00166690846536
65;3;902.2140684466697;0.5174896403298042;454.4070599770328;0.483892199132826;0.3322362622581449;1.075160154423249;973.0553275353703;596.7551852470864;81.71198117067604;146.74380171551948;7.460010145545369;72.03288453508029;0.42767392550118416;48.77258727449961;0.5920601063171237;1.1253298950348545;807.2641014933964;39.96055826800002;6.5350566645713455;28.322501609508272
65;4;1031.4517995080287;0.5678894828558085;473.0372965894422;0.428703790242107;0.34221558928759743;0.8326940299457128;1179.4606711997947;727.4044328160569;81.53851480357638;128.39187334613368;7.594205212426397;69.00091261806624;0.43493689342160385;45.91799344247645;0.4608261862585602;1.023280511674834;1007.2531555727178;36.11432158174645;5.953289986732073;30.660001068523215
65;5;417.45926454875405;0.477186147366253;230.2873860131533;0.5242543987776428;0.19264123794838292;1.2244529965574007;626.6328959636311;261.2495529609338;82.57278280172635;56.62745453476237;8.93746122769145;38.74166114119105;0.46432436201140687;48.8777445751072;0.907193089976798;0.9182901333645203;529.7777206857664;39.39966303261882;6.601720867351669;18.37166592675384
65;6;1161.5750370803096;0.5227767406411594;1039.8826768040576;0.4629953625576433;0.39171490385625335;1.1069674008246844;2027.3958645006048;856.6586382485567;79.38636815792543;139.4632680730166;6.998558780279102;89.01732428839063;0.43227842781655695;46.49100921418951;0.634181119150409;1.0763016855384537;1765.4916052123765;40.26355535574868;5.672880623171273;32.55454631504978
66;1;1227.1170955575449;0.6439326540962479;976.181841706567;0.37362598364485133;0.4417210466615692;0.7730461865749512;2359.7871838979972;1049.8460507661343;76.92847513600121;194.76197951650047;7.182507499509415;104.23137707590085;0.435567453109525;49.10322891973542;0.6360865231667732;1.0469109171893682;1985.8691168971945;36.917315474735986;6.152311161271833;36.37999979124117
66;2;695.808638173469;0.41357069459613605;475.19534993485996;0.5909965941336647;0.344537204547601;1.5880646709629016;933.5127121461783;608.6106990174353;81.65097388314031;85.028365516545;7.676451458201423;57.960486105563696;0.3651572632621037;42.54457400199449;0.7143767141716338;1.5779190820960916;937.421137837229;38.50202331852994;6.259372893224304;36.92999706384385
66;3;491.65703715584976;0.5259214244695034;359.40600164786775;0.4684532894894726;0.3276729051003624;1.1024256178364633;707.6672421276016;396.62569251661984;78.51747150322045;84.08175488875149;7.717863897131812;49.263004190724565;0.3862462961532385;42.38710244966157;0.7687752437515661;1.4285905936678858;577.300763613134;39.78696660385324;6.443301575233279;40.939999938628645
66;4;1094.8020129482056;0.5280879529264104;616.939684049952;0.47942421445982586;0.4061045885307214;1.017777529275668;2069.7861000537987;892.7271464417296;80.26209695772069;156.41619297438635;8.077799646645719;78.6549988229011;0.3971876771596065;47.19900507876034;0.8454577532806645;0.9133970637304074;1832.2651564516368;39.6873879187697;5.626778934641618;37.16099911936719
66;5;802.2311290534797;0.4839295869593851;491.19475395180615;0.5097683517467623;0.3815307331151318;1.133950960193145;983.8620167097764;612.7339796547628;78.90091199182768;133.7999763865453;7.839377023226198;53.13262515326207;0.4154150181609888;45.13051899997263;0.8434184980480073;1.032697955746787;889.5956782785895;39.05250687021944;5.665803209899164;36.32849789617716
66;6;354.32433026618565;0.4696891215968694;223.00350008919338;0.5271384025995128;0.36919771716756417;1.416119566689664;452.3895519183521;305.09382941470886;72.82416623289825;49.101787496179924;8.314896775295466;34.47479813634513;0.3750196251029307;41.357361903322115;0.9508408671361113;1.4534045882477198;388.0662285644542;41.1057052841177;6.803699627515976;53.51999737082002
67;1;240.4103692663679;0.502860709744001;144.03809840640767;0.5029684929745576;0.19840912608320355;1.1590564086666097;404.47177286444406;173.7911149078674;82.6918844157871;55.606328808974986;8.564751185637038;32.889294943335706;0.4762533543088418;49.27100067898242;0.4391643706339519;0.992055555008929;334.80726748709486;34.422532818953435;6.780000673125046;20.880001099682904
67;2;330.0935229117334;0.46394817685108786;172.1853842940178;0.5336325812426621;0.25285960856620493;1.2629925191583777;435.4234489243035;224.0299579159027;82.7180439563447;50.109082440866814;9.22358104299329;30.423862765411176;0.3698719821032696;49.02205728672737;0.5405581875758795;1.3460494037846709;398.56904947450835;37.250852570597345;6.688067888833683;27.32845679521183
67;3;900.1031543932281;0.634598480957997;607.0668276748406;0.3699403544019535;0.3579296384046062;0.7180123567534438;1817.764920913625;739.8810154166508;80.30315274538087;160.50336239717703;7.322555479182321;66.84246976602577;0.4469927053337249;49.5016479520893;0.6622187320171222;0.94018995298238;1590.773391540567;37.42051485089384;7.125885536407377;31.277277261399632
67;4;441.2251105020984;0.500318791804536;237.133461629234;0.49951847661352816;0.22293703367385911;1.114671108288484;600.9116015952671;276.1104624327512;82.43953957993727;79.67762380416077;8.906166974416202;42.978839085284854;0.4748629396777125;47.786613949615024;0.4725741893139466;0.9552115394907545;519.7376470910899;34.87317856446798;7.178513833013271;19.64375059785654
67;5;252.0787635574872;0.506695482680998;128.82356410006068;0.4972296433339851;0.19252913528278845;1.0883499600963658;323.9597948577375;174.0117514160438;82.0736882233995;47.117037746940625;9.225393341314138;31.239850626227916;0.4750062274938835;49.06366139559618;0.3383826700228246;0.893234104639809;301.8389867538828;33.30096708340484;6.839592581802278;23.4844896245539
67;6;280.8026675111998;0.4536405422926494;164.02113989985926;0.5407239282337815;0.1958833467553687;1.3499090515921215;470.7649399767486;225.2154038107426;82.09154036023313;62.176282873544686;9.106859013979074;36.28501321029273;0.44844189912897936;49.473594114163994;0.44430255999378554;1.0247245603069481;424.3867950697563;37.77438522872224;6.6446302769165735;23.210855967326953
68;1;376.83095450815995;0.40254575773141404;296.3944360173171;0.5865080479129741;0.19719974074823568;1.6014129489387912;654.3503172732743;248.4778136874998;82.94082224476662;59.08661666347146;8.741978227682845;37.70567200488319;0.41262162028989624;48.14061318681461;0.7516248713520945;1.069478435951091;537.7457981729405;37.7494076932174;6.823260718583916;18.692499282671022
68;2;812.6569595880432;0.5853347251033659;282.707692217633;0.4179045734929787;0.2488287952517557;0.87963566457163;864.7348442320468;583.002281055298;82.90159772067287;139.25217433550807;7.766250530910318;62.131876283206786;0.47897328579240733;48.613870080626626;0.5521553491037239;1.062460571427421;727.8155518959873;38.44425476318725;6.6709966325366254;20.71388922394289
68;3;990.5709135786085;0.5982506735755204;486.0401547853443;0.41218224383798363;0.37621174490807285;0.8552111894791932;1760.622737580805;717.172376443463;82.29193938982438;144.3484366831528;8.013743227691153;69.64959058399107;0.4540498505329667;49.11367716463952;0.6512510692562473;0.9874099648242872;1523.9817967819422;37.911322829628936;7.0051718720274465;24.100669038887915
68;4;981.9963189822549;0.568395178345284;442.6409511814889;0.4100619841110831;0.3599855447228207;0.8638448788578929;1577.3896648229731;721.8102537734484;81.82144369193233;128.91486344649726;7.909610078236499;74.53543906333316;0.4371970591023861;49.10429605175274;0.5728881332915501;1.0628946017275809;1327.877410140641;36.816445404896946;7.1554874915190005;28.426668841104593
68;5;526.3374770535734;0.47204585112810415;288.2934723160642;0.5403935428031219;0.20107227626019156;1.284780161600699;728.906118120075;364.35963040461087;83.04392056450641;76.89629964849574;8.321167068713336;50.717897995133136;0.4363232552306494;47.75498602655358;0.8050676034240862;0.936735627538059;596.100022289628;41.051229163832716;7.083337979319472;20.895511678579677
68;6;730.9567418735892;0.5569070951096883;713.0953110052533;0.45086385193108497;0.328231311964197;0.9742757161666685;1347.7691792823427;524.0674631240393;81.30968707707072;128.77554239722602;8.214957864825509;58.70159103792477;0.45611572916370025;50.65735894411472;0.6077786212317168;0.747210301956318;1194.3768139007848;35.28954769151585;7.387622389379718;22.49216271592935
69;1;236.52543096705386;0.49987697272726633;139.7292241221566;0.504866031350313;0.22269765878323772;1.1223056934858375;384.6076866022851;205.34547669428582;82.44503267436507;51.205009918449015;9.040176475720616;36.980289910485276;0.4711543566150931;42.58492671012521;0.970105622792386;0.8536840285769653;324.07901802276143;44.094367211014884;5.506026373825908;20.129997776070926
69;2;431.48945240834865;0.49015311292469443;226.70369355036033;0.5155762679596853;0.25411134523188406;1.2074558378217288;548.9815938278872;300.85379843488795;82.1034255819544;122.4904115347846;8.892715680384507;52.21426176590963;0.39103282761957203;42.09835384361649;0.7273665125407625;1.1161454577128032;441.5567821127668;42.158535063735854;5.579894440715632;22.139999967493296
69;3;182.18991373114787;0.5067329877950212;107.19130365009413;0.4827574380317633;0.1612516115568782;1.2069900542826604;297.4964702635161;112.66469572410664;82.87738528929114;37.84212885272058;10.177220325233474;26.154618491111073;0.4466153078337986;43.20460404246344;0.7408188402309309;1.1785979197015215;252.92396195574756;41.28288043420132;6.157673485501082;20.87999909766963
69;4;305.21132617219234;0.500119611508489;176.09072413348275;0.5063247764435368;0.2649719686492009;1.1416972790457791;393.63878936849176;203.56760669315958;82.08712426784413;84.31579081113907;9.016914528057745;45.812384952003256;0.4762283467266808;41.543744149425926;1.1825260720462234;0.879938204714096;348.24449266673287;43.937196811452594;6.439331302123144;21.3509982086454
69;5;214.82353796838962;0.4811175454699233;151.10421628731984;0.5110333552788439;0.2119112049532107;1.2823302971847075;347.91163378972016;171.2518980493179;82.92642354156914;52.88517934318057;9.592113585406004;31.642464049258088;0.3710430165097229;39.30666046911801;1.0160040675874544;1.4146136136272571;289.6839450193595;43.58554902263417;5.326368024439437;21.28749982581331
7;1;1263.049826875497;0.5293256097013753;737.044256184036;0.4602015269496123;0.4801737797658457;1.137296914333438;2671.872956488023;1074.219327728931;74.64198864063475;153.24210984371393;7.158569631457361;89.3658762452473;0.42919572735815253;50.825451444536974;0.3831322784735019;1.0992456515621738;2373.145100923257;30.23446786603971;6.3708744738329335;41.81000160918295
7;2;1297.3656987837594;0.5561810537215481;1092.9927013101278;0.433301216470504;0.49917609865373724;0.9593089063377013;2206.123912736397;1049.8811544235118;73.78004648613825;188.1874706563852;6.960857512141504;91.35409881952542;0.38808574014578595;51.157168385520166;0.6979805475056602;1.1912690840045865;2102.2483400953593;37.196486028489495;6.4546033108420575;41.94941558434325
7;3;1265.4781865327595;0.5430797266809074;885.762486971052;0.45991489163411386;0.4601452731359098;1.177317140642216;2660.882033679533;1032.080628776885;74.3167203018066;176.84243439403443;6.9764635063855565;96.21201665565599;0.43436842944495224;52.607730464812526;0.32484071926348745;1.152474213803527;2336.079272735904;36.18448886440207;6.250915771278355;45.25000222321591
7;4;974.5869822211964;0.5285146984576444;542.0327180620963;0.4876990891932275;0.3916635585572025;1.0526367368787903;1043.842372845122;793.6597421801347;79.78537933088883;145.19592893648704;8.002308115934259;75.73780840853038;0.4079976892630068;51.24741698307884;0.6043936846021599;1.0720164102506164;998.7489374215078;34.936044534880956;7.480871249816715;35.91499596128867
7;5;1011.0500527058826;0.5888296022667233;340.8653778525321;0.42087539732401874;0.45079677131067974;1.0289758299805845;966.798672163373;818.7838603529267;71.79684397979133;109.92503421943496;8.577952272361697;68.12581754573328;0.4323035483771568;51.319587946142974;0.8559998543233948;0.961487245770995;877.0154549246744;39.77192632873361;7.339958318790461;43.490001069716634
7;6;1256.742544641735;0.4804457764297222;1405.2283878007386;0.5103875337367916;0.4663261860306157;1.308552622250277;2607.2098227062424;1021.8588740341102;73.54695100786222;181.4225037891196;7.161535182842778;93.51550678533414;0.4042410762941884;51.826038373820026;0.36996792322622246;1.2688843458177592;2215.2172222871686;31.821617169552106;6.316505451340814;41.47823763905925
7;7;1072.3579491139533;0.5767635364433664;1231.882883975803;0.41535642695553093;0.43505651333210954;0.9252345941456444;1193.836925394556;895.9344176340778;72.87157684766838;166.07235787656293;7.465778060531443;77.21841845650867;0.38161725758029463;48.46517532243658;0.6835356656338503;1.4703365714204475;1168.9370627426872;34.50248467489895;6.573643548995101;43.47823748609546
7;8;1339.2691901451824;0.5296981647287136;1254.5829718886628;0.46538868924491006;0.4435123679562762;1.1837145365260688;2550.2603760729808;1062.6267389283325;74.71616671886112;177.0612573715719;6.60635070061628;89.86629054908371;0.3897131674232097;50.86793017770021;0.6310512960050977;1.1994833171332464;2304.4487046848503;34.45010819064602;6.988612837196323;43.26000305652634
70;1;1644.7368919899732;0.5673365843174691;700.4730096428564;0.42671592986680307;0.5204245661840674;0.9760171327056151;2656.7651560490604;1405.7915265452143;70.67777155502787;218.76883622099868;7.235642652028796;107.1073761695804;0.42903700026840214;45.441737920598904;0.9801016708145073;1.0619744740151034;2371.268176171132;40.698054016609376;5.154870267851076;55.01000208148221
70;2;1509.3094436582896;0.5125364393119703;588.1643408245183;0.47317831496343926;0.4880770017570519;1.0748039077288647;2464.3234808738557;1216.9107917396066;76.73651487481852;201.12538755534158;7.596315310334282;101.57538836209359;0.43029376672039854;41.79123682382757;1.0386756572378493;0.9784147936477351;2018.9898028026128;41.116492297243006;5.644726001710403;35.949998286004536
70;3;1112.7285041877656;0.5359521533163093;1029.907410589659;0.4751060741437837;0.39876308973352614;1.0324117322580215;2439.261661961187;871.4829598343256;79.83855342494677;144.73038139118714;7.753074759997043;86.51146156663677;0.40740469491126313;39.6148650245229;0.8907239112711567;0.8969651744398659;2134.6554945356233;42.425861375726384;5.391406590498363;35.31999702682629
70;4;1562.5873586200378;0.5739613710872536;725.6734233576256;0.42636331043338954;0.5184026783590512;0.8891713985997617;2631.0350902904265;1282.6714500645173;67.93415075533356;207.21627700642134;7.60366014406055;102.29354584990827;0.3761843400757096;46.3205332683136;0.9235543036858076;1.1445529672078676;2294.739983955903;41.92672999163327;4.98274639745112;59.27000147505884
70;5;1373.4264483890881;0.6162596145451347;922.5021863127103;0.38739667784674514;0.42324526531201184;0.8277626648930455;2123.24332424695;1062.1696052018672;74.44092914251156;204.2511901591164;7.749630594052973;95.90336571096957;0.37933946506515626;38.840166032165925;0.9440130396873191;1.2617343931675387;1802.0793047639197;41.7073093989691;5.2510257860912315;41.350000282292875
70;6;1522.7047755773865;0.5604378014035771;1398.6158464648395;0.44722598141072667;0.5160941847554292;0.9617573156915328;2653.1714568675256;1267.0761181320452;72.12781971223683;159.20118118789276;7.689644173060715;101.43374061519032;0.43074826127966614;49.1176270872761;0.8384167221501161;0.8895090713814844;2280.611733428822;39.77172580194365;5.235291170062901;52.93000126671306
71;1;847.9706033281233;0.6020887144049604;933.1728564870626;0.4139943878672449;0.31493833863176485;0.8653325596640156;878.81734573218;628.5921954078866;80.59284985540113;109.71110121125639;8.193096525100346;68.73942305611251;0.43277939753657757;45.173591933275524;0.9424856821872164;0.9925312924860922;723.3732616675801;40.89421556290186;6.750186306168179;21.392222127979334
71;2;1137.9786212781953;0.46597710480302057;737.6992294155665;0.5231692247082992;0.39534949907041633;1.181817632090615;1657.1594471570947;929.0838860157979;81.43365868688149;146.5504545369385;8.027595007614696;81.56869682280696;0.4051693131339954;46.66649927879453;1.202032332344878;0.9238179584614195;1461.337701246473;45.34503844439815;6.131597612437636;27.132499565495365
71;3;1129.7216252617222;0.6280432677285469;398.5467056130323;0.3677486897906977;0.39844455118838945;0.7319692046281188;1683.1936917429016;872.5079629421531;80.73120730884165;182.29323819049205;7.453425414180247;81.51501902180841;0.4560357393318995;49.07851350206294;0.9550774044361583;0.9869642597294237;1313.9877355563558;43.828711413042804;6.78702682460883;22.179001418778128
71;4;938.4740040687129;0.5010306495730962;321.88052751951983;0.49654825585416035;0.3208773671725574;1.1296907781046681;1332.1555657069903;700.2331115815764;81.29157079951787;118.00253318613866;8.237037278486957;71.30708175598173;0.42862296790349136;45.67190226492833;0.8566236975970011;0.9256550566043005;1170.978125278182;42.94591314011621;6.60651473465188;20.969001077681504
71;5;1020.7077521766851;0.5938094295959573;950.9418232201249;0.41450769672673127;0.3824494948317353;0.941619664792402;1140.7194201436025;771.1159273469145;82.14256265983732;167.09894477135418;9.01321230310391;81.47063640758296;0.42234368408309925;45.66542946016956;0.9415475848922782;0.9103411465786447;1053.669422636815;43.515990203126165;6.573892959095995;23.60888823270532
71;6;1231.746662256239;0.5141055192604234;601.0248205266665;0.4811591486936491;0.4338976192592998;1.1026361606531216;1968.9236779857142;862.3493567547074;79.84604877715852;177.88315661208796;7.790793088610039;84.19768476851084;0.45676378186760436;46.291169128858925;0.8973431795497998;0.8482442766652859;1595.7720704773058;45.10955763046376;5.77182364315579;26.309770630543213
71;7;783.3187687488232;0.6001636374099667;936.9895248254501;0.4136099758946779;0.28375002599673016;0.9033953808908232;852.5667772504966;599.5981440513991;81.86948598508907;122.80517547512223;8.386909745688596;60.87733787218015;0.4236309687630825;40.44749385801543;0.8561635277380816;1.1079044290758495;819.3875066640886;43.05964368320597;5.936166635066838;19.920001154096493
72;1;1266.2183701042954;0.6190113335118329;567.605562227594;0.38375235447859335;0.42344671087237823;0.7183023932436848;2266.5348954380484;1017.9043719242827;79.37593307304678;205.11512437375376;8.007913614514264;90.97714863335499;0.4345962220099369;39.92670621545967;1.083033558075356;0.9697519959073162;1896.2594188786409;43.05579455166423;5.308852822106207;33.7800024479237
72;2;1336.9349440581493;0.6134701675313542;519.930489578742;0.3784234366671284;0.3937907317753673;0.7993343597456353;1253.172355993584;969.5850468992456;79.3649939000482;182.21756194525517;7.898223897044718;82.37045227783463;0.4149796163586786;41.99351165702074;1.0667875788566725;0.9927329269266028;1181.0308953679871;42.65612858957246;5.592497448112845;34.778237367979074
72;3;1251.5140138714912;0.6574705120390526;465.6549523439454;0.3285368232035419;0.4088053516453617;0.6162706526413658;1774.774817916993;960.981296946173;78.99676005278793;169.34200984651844;8.471925315692733;77.79507976762446;0.41476345170479284;42.8918372859295;1.0914128243117802;0.8740396687862781;1619.0062035595574;41.88016699178537;5.424766083768193;33.39823670845485
72;4;1104.651046609581;0.49791369979292566;817.6611121568161;0.48269132094342593;0.36859233694997584;1.1600951476570225;1325.2168353303555;928.4063176475523;79.80287352037871;161.3204665983959;8.49482138829041;65.14298451398665;0.4096170211455517;41.80515409592154;1.0652573097213458;0.9199603550480708;1251.5586031195808;43.04701549275732;5.586126681222541;32.11823673417101
72;5;1382.6885466637746;0.5292059069153978;541.1079540010043;0.47007317681625815;0.3997662027113505;1.0457637932042976;2193.8657798309305;1120.647738938408;80.07036722489303;198.51429568479412;7.85755163715844;89.2153469609464;0.4165134746082262;41.35937880373558;1.0596814406828219;0.8967673285783154;1915.3543289210395;43.497839155065485;5.552334539835582;34.88764811828045
72;6;1481.0361059971547;0.6204073626312987;557.4613878816062;0.3702012427001324;0.44114968832311585;0.8590658925014228;2244.1057931284995;1217.9461557186648;80.27438983918707;211.3422597584143;7.883829354487894;88.845879648389;0.43762917452712247;41.3599054088885;1.1184077446657255;0.9587938660186123;1898.1472034817793;43.299183708308945;5.609856004560907;33.478237769561304
72;7;1098.4909691182413;0.5227829427834728;1266.090571523942;0.45960875932701745;0.38924478836027343;1.0770385614477591;1875.3541904957433;848.7997071247946;79.66638748798087;123.67565745470894;7.888566869513813;75.97021354900093;0.4118667647039827;41.14769257304126;1.1321162230497057;0.8849125304487622;1640.413516566062;42.303423631238026;5.552516194592032;33.62131524858054
73;1;234.61510898761364;0.578313633260695;151.4605081682809;0.41293300890834;0.21123484871980464;0.7829513826188412;370.90414911043723;183.44758936917432;81.92263794859115;38.907308255977824;8.04090036937444;33.73713152855623;0.45506155942269744;50.492658140418115;0.5244245316456141;1.021821573678495;322.25132613049203;33.87815909724623;7.358365700772227;25.74724053320638
73;2;300.8486791331748;0.5348391404085868;193.90812734004612;0.4597538669373541;0.3312809741106069;0.9258599582081333;454.7032215507297;180.9769776697199;79.97914192890167;57.24503113140239;7.835087904546806;35.01408535526154;0.43150612858406007;50.686670869296236;0.7059351328584751;0.8625497243730368;377.329933178742;37.74709296173021;5.571016104757504;34.60923649327643
73;3;241.42444275375058;0.5374618243693999;123.09827314570548;0.4535770423639531;0.16083394044313082;0.8820358788721637;340.72273906907765;210.72067008145518;82.28511263411676;37.37813980175194;8.254626184275601;29.468006580171725;0.4588918466242028;49.85777085186394;0.3769178317671401;0.9968484316050279;299.89919235886157;33.18333676562941;6.429940329852416;22.55439207605445
73;4;314.4744703888905;0.5069605874054866;169.42098075289545;0.4867025553318587;0.29407814421869716;1.0383391019943922;405.04996141865536;207.05090448846437;81.85907191749767;39.839952194387095;7.771654491726544;25.84303251044378;0.41628918712033736;49.52802469291455;0.614719397622587;0.9690328313919128;336.0669128212324;38.080424002718395;5.698353302632055;33.5493696391494
73;5;316.00528085358985;0.5697175232983216;146.50267654971012;0.41834770658010756;0.21849756726444042;0.8297162744232089;370.6971427731449;225.23767778006624;82.72311198294035;47.816478511745444;7.53752706983456;40.47636472227145;0.4819128143627582;48.75045693112835;0.5295471553972181;0.936487858587582;306.88060849192857;34.808920099679874;8.450159902444938;23.860906978861834
73;6;342.2134039499934;0.5332655442989256;192.55770576821655;0.4682196350745098;0.3073935919873864;0.9195443313902877;451.3746093355891;244.12065464776714;81.80769574844967;67.1523942441241;7.957720202048373;43.71001879073636;0.43924298152897917;50.97099815245481;0.628294674225117;0.9071011702131722;367.3793968559926;38.852762350403324;7.97182298641247;31.67999932004812
73;7;293.26026953949685;0.5949860631552342;204.54152738580126;0.39498178023292185;0.3078047669866997;0.7146196270962781;471.66358018102716;221.16362889841227;80.8857139157801;59.81306326893909;7.5945908417254575;43.536398828367254;0.451170126854623;49.562241602187974;0.7526522128805232;0.9230297414734804;397.2523809683207;37.140859572315506;5.637887649402056;30.42307718739808
73;8;247.37604911396696;0.5856470440261335;167.52622384491744;0.41569341829180434;0.21878571281257966;0.7808718045303185;409.7864191167975;207.5408282384623;81.82799403685887;41.339982325101865;8.021623262389422;31.304175654743272;0.43061485830969515;50.54589551324224;0.5424143327726351;0.8945571691100332;335.3095554054866;36.38123368440862;7.491768384328967;30.38454067885225
74;1;607.2118618365561;0.6247207034428465;309.1118806845778;0.37935616384494647;0.31511759413363216;0.6531915803168964;763.3093979075999;442.2974423952331;79.75041271164093;88.17339630073685;9.29012316555203;48.09745724402981;0.40861390167041445;39.75265530251227;0.7288279295979201;0.919262870243387;668.4575402920302;40.383139239419386;5.447357516349823;32.20501803377832
74;2;420.85279602016686;0.6305738512017107;160.17805504160012;0.3729219895547155;0.2631268912088968;0.6129011058633339;551.3295328892783;330.73407402261347;83.62942038943979;46.15807794538446;10.228842299375767;39.60732878439671;0.3974916625120237;39.1342783602996;1.022793115874886;1.215933487745452;500.7263768126939;43.367404973251844;7.884992616694434;30.638333827236607
74;3;309.9691341816972;0.6029882909731348;196.37896287623528;0.39460081438034345;0.2672692423047705;0.7192053588825691;515.630419655632;293.1367910909681;83.03460312846383;40.83666051508189;10.32800491414052;27.292581750091852;0.3770035183382953;40.62008383801997;0.7577271520450144;1.5495981979384579;521.8277563542473;42.68123562309931;6.866855680671817;26.70941705614237
74;4;586.1317415079936;0.6066068542909617;325.1512662280687;0.3924287997182355;0.3324500782560183;0.6939009422180289;652.8174609616062;397.8634788208435;80.84117724762098;73.01055250066071;8.333604477724071;50.071519060481855;0.4578411393666857;45.52086692032334;1.1239479328230262;0.9180188452009385;626.2925614067997;41.90839841414755;5.948567269497571;29.910350054784086
74;5;355.7250896454141;0.6338900189004226;161.9143469282572;0.37302668296077557;0.2769453265728298;0.6372365879110611;532.8772528281954;310.78307204960237;83.64674184717552;45.2027343970679;10.158569166313919;23.706789572528752;0.38394291110664547;40.41887492618868;0.9286962550710287;1.2674313475991181;469.33168585614;42.93200571498617;7.352963447032395;29.346664940978208
74;6;389.00700911687204;0.6195471189204969;190.39653538022907;0.3733166655076815;0.1741806608079492;0.6880365376525972;569.1803106541539;303.9046809211832;83.56997027232683;42.04709300385523;10.123873063918689;29.72016949138902;0.36951369296066905;39.73024286277853;0.8932913818556024;1.4272819756083368;490.199901249814;43.73413683029351;7.569785874261968;23.02266534790203
75;1;618.4538470788008;0.6242890249577279;221.40683363235715;0.37115016095033443;0.27105440610105885;0.7722473862150074;695.6544946951327;466.99959654904154;81.8811990451135;118.56414228416537;8.107117696747336;50.5410982310139;0.4843876925510477;48.73967539106685;0.34829550157027467;0.9995607034474393;584.8174658082423;32.42294156946154;6.733706967810961;20.080004432921104
75;2;1009.8617175668786;0.5030092958019813;556.1873465976095;0.4913570008595165;0.4732000215815595;1.2250950996088175;1848.5168017867652;778.1906040264058;81.25123867808558;169.05587457920785;7.474399879643624;85.92349875207444;0.44786791231960343;46.72107791862352;0.6051688282519052;0.9493748791262284;1597.0543164938126;34.96340937387311;6.681707024410873;22.950002966083733
75;3;502.2837511987215;0.5011861579751405;385.22753825428293;0.49732301170627236;0.23695546655599894;1.1952917250631039;639.2426895235192;401.09032505733757;81.96414559372674;91.23432196002392;8.112404200722915;48.288127465319725;0.48598764760752877;49.13247011473595;0.34906405948406494;1.0504795511157314;557.3311984949693;31.88999345080298;7.260583115312999;19.273748623795413
75;4;1129.0525832067115;0.6175615405391358;549.6770156504181;0.37831470050130966;0.3873285965270227;0.8214650761856854;1568.5165635731146;799.5088120034817;80.93943450675467;186.32257244091062;7.734621067279949;81.5397521425269;0.4465338526460056;50.280478018140876;0.766195192641652;0.9272702377831906;1444.863490832814;35.86856889986305;6.757580531411693;23.200000112486297
75;5;477.80530262555544;0.4849494752742443;259.39046252033734;0.5066065484588242;0.22623105053383807;1.1688140823028;611.595073185668;366.4029851128928;81.48305162291719;71.39424391271007;9.048283657951268;46.948601608523134;0.45092308271107995;47.489555361056276;0.440852741364753;1.14161342950769;534.8438256648215;33.457409739537866;6.8968842498370275;18.694582691321738
75;6;965.5169550473942;0.6013725222759497;465.8274032038435;0.4111672468729452;0.37270207238102165;0.850610978285876;1326.9940757256738;734.6147642228931;81.32864840817012;152.73593113418525;7.270818996333553;76.74856817325164;0.44956154552620364;48.747127785851944;0.6916870943030067;1.0525400957489242;1306.0886420621737;35.49765447588749;6.950232989296901;23.167333309318774
76;1;855.207277478761;0.4790978586624348;251.9819795470907;0.5179193872464477;0.31036420742734594;1.2715787175570556;670.0770503597807;607.9466879843599;82.03186428459486;153.7840117240151;8.281960422127744;69.63697750241884;0.39795053257406754;45.220948765170945;0.78634160161104;1.3910888896682392;584.117061115653;40.900158772003785;5.784826813455334;20.230000352741115
76;2;861.8830949209957;0.4568606910872727;618.7817843047806;0.5464089783889574;0.3455545644969698;1.3142527994694726;808.2367317479806;648.3742687023687;79.6569412702803;145.29775080279975;7.543159516731213;68.36210368690173;0.42821202766426153;44.021681858653025;0.8792564781419051;1.16200418211984;620.4883811365914;43.2022263890277;5.622624883675297;30.048870016370138
76;3;824.0374145201928;0.5947784854344977;522.6182687963098;0.39518589364399676;0.2799784673183634;0.9046395506627454;1054.1494702511254;562.1865207239532;82.84194474468345;144.8882609733501;7.7658393030662305;63.729701842969426;0.39440789549563815;45.92591025729524;0.8702479941363993;1.2532225708845448;1005.3269621398395;41.3191685226536;7.368117732142212;19.99000236956675
76;4;876.9726445480353;0.485140560898114;784.1005125175096;0.5173941239794739;0.3662207819314367;1.190509937010299;1348.0542400107256;672.063574959101;79.55643725838492;185.56497536272542;8.04123624366779;74.99613932123638;0.4494811415572963;44.85196674699357;0.6794090710334961;1.0395522914965052;1122.3230380303112;40.54290800157661;5.804938460107149;24.359203776673176
76;5;1162.471607422353;0.4797736268065572;553.1272638362946;0.5269815128266828;0.38791218658093074;1.3709771687544199;2069.7720358487654;799.8738451205141;78.49325979695594;144.07625211053673;7.512777386454635;74.82577974761665;0.4046404467276615;47.196623669861495;0.7917661998923596;1.1267390078420723;1686.0598002717193;39.8496646538369;5.818483916818791;33.52127112280466
76;6;861.1818258605249;0.6087058628470006;517.5943972494009;0.3939620800552099;0.3683698983667305;0.8177609348084335;797.19518639423;625.2422185404544;82.23552434842094;147.04312761618502;7.460502148584164;72.97382347297057;0.4337201824999933;45.49075428689264;0.7065807309326615;1.284846371544479;652.3223314035238;42.21602820931652;5.722109173099177;21.540002443219013
77;1;1217.6471367835518;0.4856432954130336;1105.8482423329988;0.4988206911182011;0.4354667518341684;1.1574359475197147;2367.8942960937243;995.7931102492598;79.47783300000742;216.29755980694327;7.041847979279136;93.11747573976898;0.40768818727247863;41.69480605800486;0.7414596358457181;1.3939703300625328;2114.9603778805995;39.56862094104055;6.301657123174317;34.77999740056299
77;2;1114.8542821262868;0.5415195344767275;927.7616077834786;0.4497774039398858;0.3572467883849436;1.0895987524472774;1525.8679776828815;850.4001268983043;82.08203079587338;165.0115264085677;8.112490600282568;83.57366641124628;0.4619208680346486;47.06353937258758;0.8073307444306382;1.0432590692037438;1258.9396848109727;38.998514957882364;7.006752707405361;19.89000075782165
77;3;922.4350154058473;0.6101642071677119;410.6560475807954;0.3972781263943933;0.34693593010644674;0.9633513339404459;1088.1230637758238;712.9481088595355;81.75543159991302;144.04490305742468;8.594733911043068;63.214770613804646;0.43983997936202895;45.69982762782235;0.8764793166078911;0.920713568595504;1008.8271588258103;37.15444684992453;6.924841392571684;21.422222236854125
77;4;1141.0443973619936;0.5751142181550402;1210.9027136574568;0.42641019856676704;0.402600287285444;0.9774385795921804;2083.469263587207;800.9972398185533;78.88365110774888;173.96245398219332;7.548600118728701;87.6445583123972;0.435590467335444;44.87146946044935;0.959887015057272;0.988656032111334;1791.7364128515815;40.16485022432178;5.659080825387225;33.469997486221594
77;5;1016.1341183329174;0.5444580506102342;582.9080066655804;0.4475342737630418;0.3928715545564028;1.0142963513042835;1839.311056841146;811.2837368313964;82.34754850546416;189.32685897587714;7.3413919592469;80.29860765006875;0.4599534743026899;45.25513108600877;0.746305777947705;0.9555425506369462;1613.1636906268407;39.13890769502289;7.991202339690767;21.801669424496303
77;6;688.7264752510325;0.445708129135715;419.84536520943055;0.5610327779935728;0.26381707096186596;1.3438845318526744;978.1748975241406;479.36275679951126;82.91697728291032;85.98419064448842;8.18891292532584;49.74731729743118;0.4236445664792381;46.18165531211541;0.8460166116429781;0.9799378068076198;795.3085053554288;39.5150397368913;5.725457944804026;18.749999954279282
77;7;1124.9515932594952;0.5160064607674962;834.6984956609444;0.48531984212071705;0.42636220567432753;1.099440919726383;1600.5946469386733;815.7583529864609;80.16219064330248;149.61959615251254;7.053237235970655;80.19831509667729;0.4343085948529572;46.985789574843494;0.7401083046725592;1.0212870086957602;1308.8915117563224;39.887336438343645;6.512967708038828;22.70166837475097
78;1;494.4859363512083;0.5316837540339633;269.3506404503101;0.4685682458193136;0.24047296722254496;0.9772687532482168;805.1656003727711;405.9466403739541;82.385766857572;78.96722648117866;7.9656429964163875;48.79247708085489;0.4410228348213473;49.08712127917361;0.6613547947048604;1.0738700113614392;645.678644731181;34.82680169938798;6.812353234040301;19.084584206355085
78;2;943.9250433380075;0.5600635806500006;383.57703129480075;0.431065870384503;0.3508623123540479;0.9374474165833362;1295.4249347856926;715.1055253232663;81.79213394638114;132.09942209394592;7.906090842484479;71.30287446958026;0.44293964877785913;50.11996721402102;0.711121231090495;1.0599426408040729;1011.8711501918036;35.26829865177622;6.716404633399309;21.040002308236325
78;3;950.4592329257933;0.567928566581011;983.5861381136859;0.43630272064276454;0.3464964017820269;1.0053610487517766;1575.9418562393146;712.896232185837;81.36052316989557;157.7404996484293;7.582559032121455;78.37358663565539;0.4534952947344751;50.24866363455027;0.5706870810328271;1.0984729801417155;1293.0993896301575;34.85905388088118;6.819983668029937;22.443333290420387
78;4;976.4015385096302;0.5194383289214466;364.8915652075887;0.47160808492003525;0.41666715903881313;1.0742275525934875;1593.337917980323;745.2836887611461;81.72463173645389;178.7288799024942;7.42521668575495;83.93619662725332;0.4712800107131268;48.47681119566647;0.7224756336238088;1.0554388079238395;1288.9544481687926;36.21351908182621;7.889593260371165;22.440954064565858
78;5;824.3887476271224;0.6314141705659285;861.912809700034;0.3795384057580344;0.29398616070451616;0.840035483426412;1186.1071127628288;625.0858435530597;81.78794280973104;141.83822681778565;8.085799668781721;66.93525391494795;0.4597396227732794;48.31381043526189;0.47495733035359805;1.075804568119197;998.1986725489438;34.33352926760776;7.258018727269252;19.253749601835967
78;6;964.3834316511616;0.5600815374577798;979.7159923914223;0.44187389902494933;0.35821540726583573;1.0954780584648753;1341.1894719890863;764.8017740728027;81.53419431638403;178.27151183485955;7.718521182207776;76.31274447324604;0.42495530051362507;51.63771892246845;0.4471588586803691;1.2207246326139427;1136.4696082148228;34.11476106577523;5.674883099879514;21.798749544849123
78;7;654.2844493652999;0.5508072359482039;222.7095641369606;0.45647287661305985;0.23679439923143078;1.021621121345878;681.1336196231666;436.26576690457773;81.92673766529282;110.11916109162263;7.655670385366957;58.95369160815414;0.47878635122553787;49.55155689958965;0.4831701572162844;1.0531800479820326;557.0635334067098;33.43826668914632;6.929564895238432;18.873750657370145
79;1;1369.5745335542586;0.5535116339749917;1068.9617656006333;0.44447929589215995;0.4827220629009918;1.056953606315233;2718.34091767676;1070.2238863814027;73.62715533105447;211.92120992045716;7.632586173755491;101.77404957878956;0.4113540840889003;45.94528945079834;0.9807552800275215;1.4646431589121023;2314.4837121021633;42.4984124110989;4.935604116821695;38.52800141542271
79;2;1223.7853309530585;0.5353161360303094;1022.2230180586307;0.46048848471169757;0.43130904261990416;1.151301566862338;2072.217696448844;941.1051773007779;82.6987431889314;179.55581363406444;6.480873108323472;96.10435878870597;0.41208181960949863;43.77238114419716;0.6958927075245935;1.3988759898852592;1753.4104599024954;40.818560985725696;4.990006034530969;33.05310766676203
79;3;573.6409442474145;0.504994708433746;356.6114688979766;0.5005086417166374;0.33096300836750553;1.0900046114457929;716.9996792025917;383.32779204073427;81.83190098099624;123.67009563251563;7.6421336486009865;66.47935353542586;0.42888370267185283;46.14194533081323;0.9274086170135738;1.094429676350012;608.8989202547023;42.88870916704168;6.122359556014502;31.850001065424063
79;4;1308.8016765473526;0.511821565129326;1345.8189719443983;0.49131082922532754;0.4658822417396072;1.2643720502602194;2215.432447490329;1018.4543458575391;80.26894631413782;226.6809553623457;6.730778212888623;99.53707203368668;0.39745033109180045;47.81507534278343;0.7232310129264886;1.3535786623690185;1822.6705345419014;42.20163424407577;6.2009458337007235;34.5374115362363
79;5;1263.34115716169;0.49765888991509627;1463.5226424060832;0.5034145917286622;0.4946428212468436;1.2261205302680667;2128.454497504712;1039.8733995504786;72.63384730808478;226.56084498167252;7.013843419719453;89.04138634006532;0.4024893721680375;49.0093361211275;0.8432534785756765;1.378876325974751;1730.2654348402234;41.101989541369484;4.848191995234678;47.06000176557577
79;6;1343.9583484847174;0.512148055606875;1418.5202735178275;0.47984934808385316;0.486234104829458;1.1714296938947641;2161.1598901856564;1059.6512033261515;72.40931067585277;182.9706937011927;7.0609334547148945;99.96999365180676;0.3922642708391591;46.74724960213828;0.8686457405117519;1.4240644257653707;1944.9239932424387;40.42416340588935;4.8467899762515305;45.110001926336736
8;1;788.8288779889027;0.5034363506562386;464.11781742300553;0.47607086396729337;0.3325073099207501;1.133596793585625;927.8048912423553;601.0808213607182;78.43923561204359;117.77424367533592;8.734421887510694;70.33507168575497;0.4279907096904689;49.10023012066685;0.33583336754566934;1.0400904245988645;796.4034666225883;30.345020121718594;7.271093351880606;23.11099979089527
8;2;1117.439761527759;0.6058748032694525;683.04275099315;0.391660104633596;0.395492571664118;0.8310710385071476;2397.3414152993155;863.3051815204833;78.39358981283605;158.91624863528267;7.697196818577806;80.67569722692309;0.4181046733882591;51.05435880078527;0.5036747669130268;1.0857295904651436;2151.713209837538;32.86369277520255;6.336985347230224;38.21499740912276
8;3;938.5672984505696;0.6138707361075564;539.2418773388592;0.38474197646875463;0.3814125915122525;0.7595452414304895;1303.5037874863162;687.7101665165965;78.98414884118199;116.90086658605064;8.517250937947729;73.83631159246451;0.3993517579980457;50.42168995549056;0.41309650867424597;1.0257090112536877;1057.3651973124697;33.04425812397212;6.153494245714575;32.93999950772157
8;4;914.3866802444776;0.5200446240565841;1038.2204027021369;0.49450006680333414;0.37693868661899965;1.0500624739412814;1695.3826061051502;741.745646303109;79.66649439339471;121.28903366060496;8.038606237593514;79.05543549620491;0.41839816566173477;48.746564940837196;0.42693371609807135;1.0067636463689937;1575.0523003314247;33.96383193440479;7.069165784566394;27.174168331447753
8;5;780.02436245986;0.49087246132997386;499.2760573557191;0.5022306303335761;0.32562186796582643;1.1791989976577941;937.8488400389125;555.8016869402808;81.05235975672899;74.66434569270491;8.524363369842495;62.43162861427925;0.43464689384320876;50.16778199228949;0.6608142442937021;1.0350751151064388;776.5957054654417;33.73273040148599;6.772352836167838;23.082222735604418
8;6;969.1343270952244;0.576305019985;754.1873323624012;0.4381797943825991;0.3970788645049744;1.0032190596075243;2193.9579388919014;742.5402218359859;80.51510713639308;155.40664083438082;7.968943749777748;81.1574033740502;0.4398371302313852;50.4950427160293;0.302864700945703;1.0959795473724974;1934.3546992246024;30.53321467968522;7.183752045484142;31.60000067019904
8;7;794.688971295422;0.4676503557614229;829.1521089372167;0.5253229970642296;0.3460753251641395;1.360491002259629;1553.8814652553056;606.885119226629;81.33440592790977;104.75560273758802;7.926630097689709;70.62529239533285;0.4300784369581026;49.79846709924288;0.33578843829268423;1.0629611965157972;1387.8354317154185;32.54522450763116;7.345550628166904;23.26273704708584
8;8;745.3373740534239;0.6128191659150057;386.22483897175044;0.39552661884133883;0.2869733542017071;0.7493636744563117;819.3873064201829;560.0276324494827;80.41357700163918;73.11410963155294;8.903776765550042;66.78407371806479;0.4091453298007076;50.80350532959848;0.4137345807347435;1.067309340147972;711.9856852275116;30.4627960953943;6.796897979916853;29.325833335247726
80;1;1335.343450980137;0.5617047922402775;695.1579115200698;0.44236133335037353;0.43500526517598476;1.0067927381401496;2544.7605057794835;1053.3505975135054;73.66813065799903;206.91430294577316;7.085487996506654;96.59702178443747;0.39548284787304844;41.562974283224364;0.8283695244274544;1.330540681761433;2154.3754771879253;39.13628627016291;4.952519713216509;43.530002285880244
80;2;777.8257771867867;0.5294738768270938;343.65048155686475;0.46141599988754384;0.2691238308849451;1.1159533440880183;1042.7293536109253;523.6122060318004;82.96043438533208;113.94852030925341;7.991850267821389;61.786241981253276;0.38867260660922776;43.60424162920625;0.7332461482518079;1.4231294064919076;925.5247656192638;40.339797827563714;7.298919502692866;23.288757801012924
80;3;255.49085862361073;0.46569475801480414;133.98381431789056;0.5285389079855882;0.2825051899813155;1.3072894094733754;363.89186005817106;240.50606667493307;84.10758326638357;36.78270079040808;9.748934954221122;27.34213647491223;0.40626868559635126;41.393891256940215;0.7600328665731965;1.4286271457194497;283.2407607340121;43.800404979884476;7.229502479456927;28.459999082316784
80;4;655.5350083909019;0.4657041591776251;757.7037643025252;0.5350914701826059;0.32441462201595206;1.2189773437398406;785.9402368255064;403.5969739899169;82.15200719509002;112.62118757263873;7.570055113568511;65.95821428693922;0.45149614396727833;48.490689106032086;0.614146936645011;0.9500057569342262;637.3486752014927;37.21635235728565;5.933773579746536;23.987886429327467
80;5;1331.0469540204465;0.49211902592095025;1168.5416424481145;0.5114553045653109;0.38388268038731;1.3129485464115147;2260.3481840485106;1046.0569376993744;78.91081089632392;200.17061411477903;8.60899652018963;82.9742848890209;0.38344099529027953;46.80107548107339;0.8643703389639223;1.3925660127437538;2093.903012749867;40.86701101025051;5.343349712811388;36.361663578039305
80;6;1432.0184940633649;0.5239645214185776;683.7380048512717;0.48058267361196216;0.4585052425469282;1.1170837964292168;2694.933896611883;1037.413731908528;73.19494553324833;163.96139039757963;7.303250384872337;99.08779557622867;0.40386647987153185;42.75439898415245;0.8448994238444745;1.3661689123864518;2280.4505795709238;40.27237979590032;4.834774480033701;45.45000216253971
81;1;353.8932418042974;0.4990132649614641;219.76260479263053;0.5025383421471299;0.23987961459546672;1.1518209472519443;554.2445650792807;223.6227441519129;82.84652084855557;85.1974180812887;8.750878173101235;36.830004952676354;0.4602680315216179;43.578508932905784;0.6752824737513113;1.0801130007304043;468.5462501735121;41.363372956836095;6.212113174757283;23.918654460918166
81;2;384.37239605105873;0.44894883398490054;263.8745745383468;0.5449219439097586;0.20237113123570755;1.516967230501894;571.4642421285499;239.7213278769914;83.37115508886764;63.265514246693385;8.709812895270945;37.08989484142361;0.3940678094069404;40.51935642642879;0.6125357742271569;1.2459162098704715;510.9185752631859;38.43469002753884;6.197351365893261;18.933470201193803
81;3;262.53404675596306;0.4724371426769058;134.3587435647898;0.5112930530437768;0.21420381207431796;1.278439605107477;386.2499988752853;188.10169703055337;84.32954384160352;43.49722050736918;8.856655519029182;31.46908181850032;0.37733993925273934;39.740832238065614;0.7608579867491001;1.328538174160289;315.0279100194829;39.25590153139412;6.677115527481711;18.733352593593974
81;4;381.80952957320443;0.4633864757935517;115.51383297710012;0.5182887609910807;0.18435011479297778;1.3049107483038602;344.69606947395624;298.46386176534446;83.73792837017352;50.415749568293656;9.982506225931148;41.62766069031181;0.4510786444229361;40.88522966290086;0.8699346584704221;1.1932845825536866;272.8403906448234;42.391854269197005;6.266406514194117;18.70374954931779
81;5;489.0863635451104;0.47073425859586576;156.00510777512855;0.51683452456973;0.2222210998628626;1.3511581049890986;415.6162850991497;334.19072364261615;84.20629481901264;82.03739856032597;9.60302421286083;53.6063383295839;0.37539532608709114;40.85753154995949;0.9003954323414918;1.3699918194268668;325.6905062990955;39.320902769982325;5.13101623067943;22.87257048399955
81;6;629.2108904223463;0.5191423301077013;262.22585375792886;0.49732224193520136;0.3129642621227837;1.0849026490035962;578.5639996863456;467.18246363341973;80.35262737556691;147.76288443089976;7.224266381544734;70.97301917198259;0.4328590393055762;42.647605165181396;0.5821087031791761;1.2350947702569621;458.19607414976434;37.12186394754568;5.312981979780155;32.022271458394314
82;1;1174.4505991244544;0.5264480624282722;849.3260510752532;0.45698359154394375;0.43425776628827434;1.048898051804879;2011.5134861490876;768.811333822011;79.4746970884499;148.81999030466554;6.7057550948846405;89.25201764090812;0.415982463395412;48.13935825199083;0.5337729464816079;1.1968359412272138;1629.298231957903;37.213203978737674;5.750491829373135;33.02000062078928
82;2;955.2031059681159;0.5097228216881738;774.8412057738304;0.48442777700893846;0.34471275573916954;1.0287097783856542;1486.6431016910358;715.8427054905816;81.99993969271047;133.66962087323947;7.6827901296376355;76.36363918152367;0.4368280187637481;47.25645765388904;0.6345559958702646;1.0711035316425663;1235.3483428852978;38.95613617894904;7.155179740481104;25.089373908880575
82;3;582.9155458084456;0.4373100302266537;257.4671242759046;0.5597303939090439;0.2826952192229546;1.393644748325841;602.0137410928567;417.63779950448014;81.98795778282388;87.51946121660183;7.188650515708425;58.468515234413516;0.3856290722789906;47.77004512582704;0.5889059471192052;1.3482252025071866;534.2173413000907;38.705770393389464;6.126262318447896;27.397598471708516
82;4;1178.7418436359612;0.5100557464057498;576.3298546078927;0.4787574069084698;0.36455569142575933;1.1574262410897358;1823.1395088986317;766.812209504633;80.62023876744766;159.814724151281;7.675843160873053;86.05141006413852;0.3745202520030367;46.73442662654959;0.6793682231030088;1.3053127586051558;1720.1233702756354;38.02112678442049;6.458560061578201;33.81152560667875
82;5;689.687347798151;0.527177433242534;288.540079222733;0.47016953453557986;0.30485776371739187;1.0618150113960574;772.8158248185445;502.38536739204113;82.5468042631509;103.0729496272835;7.487922130840866;67.74936847883981;0.42429734143793196;47.264464671486444;0.5208464533724142;1.2135959031971177;649.5707051264028;36.51783095614841;7.165781317609129;25.03091326495524
82;6;972.6441675249723;0.46498092819003767;873.2416829422369;0.5316763277571737;0.35619971118658966;1.1974264451101668;1793.0116693217697;728.2639623223207;82.59789925917286;147.94462671200674;7.844489476614083;84.12937583217989;0.4118191304337496;49.16005190885973;0.7099105343370176;1.1569425517856022;1631.5761659751981;37.880673586710486;6.097777582516628;33.06499977612307
82;7;1009.2283663418981;0.5576094496294481;650.5120834550297;0.44999468203428694;0.36804069787025867;0.9738244291019165;1642.3272693551514;800.840221361532;82.23392571356653;173.65310494337996;7.321857843360773;76.25104705167682;0.4360726086477187;49.817256899349246;0.7000989082326095;1.1655383482619497;1426.610217074617;39.96193830885624;7.217272221418214;28.210000202985416
83;1;639.4842997948354;0.5949383712387485;369.0488699436501;0.4101554523481832;0.3148399342975734;0.7965575721922952;597.9691064618519;399.21976971851296;80.50201053177824;105.24547875191945;7.470104016136057;64.65524763138491;0.47569155576314304;48.54199611822653;0.6669543701955017;1.0529182083666813;508.0190720999703;38.37852462100935;7.280066845518859;25.2373308678942
83;2;998.889818090112;0.5152279557118891;837.4801778933515;0.4771493784888817;0.40055215562392976;1.063962586012568;1242.3196175521336;784.4958592177733;80.92742742710729;160.016331828091;7.240142095631115;76.525923270972;0.44954153102273664;49.0144704795449;0.736066342099729;1.154130799994152;1160.6083635438235;40.357568412936004;6.580318594139029;31.290002762857092
83;3;516.8685234341801;0.6468554970550001;258.23674770137825;0.3668637213971561;0.2623908858752734;0.7599743989653738;679.4931662030998;358.4794460862752;82.02531878835208;89.77165782937789;7.742225339048325;51.681066307502526;0.46058876893146083;46.68692388081877;0.6965854753742475;1.1039555936302172;567.444225008932;37.949097050580214;7.440293357013468;23.3906675130962
83;4;650.1495042747047;0.6439573437358023;234.4813415020807;0.3706156287273066;0.29389562336051034;0.7628912488515884;619.4803723353504;464.81393122633233;79.7474967095461;115.52901520008882;7.771608098697514;56.848410343373615;0.4905827807107748;48.85203787447147;0.6315654405054514;1.0776311835610828;519.8267397431455;35.89232151935319;6.7099317926883915;24.727331947805897
83;5;1102.2296351241944;0.5300889241209239;483.3070782134078;0.46566956995580966;0.40692105552463476;1.1139544090286175;1183.4817804815805;840.2482415972117;80.93355499738675;184.32576598193566;7.336353422593156;74.56268776602711;0.4507435183674404;50.4945669385977;0.7430938792448107;1.0246687120447469;1156.1648517434767;41.312365213729855;6.984672110084662;27.095667774188414
83;6;676.9814818080937;0.5557879189481393;296.662061915111;0.4569120289959128;0.30551516765825154;1.1791997851041187;728.7620228838911;389.3249102565816;80.84058572226527;118.4555037676188;8.493270249582945;51.527267025981054;0.4658324833028587;47.30231190315585;0.9854277971429691;0.9297537638125999;644.8953288632549;37.321974016777375;8.210242217840248;25.93000229631737
83;7;596.1005338969401;0.6361243741168239;232.7518284147547;0.36400149394174425;0.28123607515265553;0.6429061164778189;623.5627051563742;479.8518899131554;81.68441894529313;118.6108635657016;8.072457507702367;63.51230915623388;0.4592330972675679;47.47669552088896;0.5753995267007783;0.9571509888793411;538.3901399254538;36.31449945806247;6.86358897133653;24.668581672278975
83;8;495.3314414793151;0.6284002324828426;218.0207954349922;0.36123963863388836;0.2440321581027739;0.7347892625200264;569.4725378304979;268.98730852641836;80.6762514840844;71.46829678768127;7.966341543070875;53.218052123356095;0.47416191778006395;48.48854682529224;0.6388844270401363;1.0648658064955148;549.1435666181676;36.45161627696775;7.285137772462632;22.27733320906329
83;9;964.3664015490994;0.571074340283322;236.66594817898428;0.4309569668782031;0.38662728854475004;1.0862558735938617;668.7369405274909;655.5022591989155;78.61459142988113;128.10283986062169;8.1890443642229;65.16975917077791;0.47066455783983185;51.082072927002564;0.9252845970916657;1.035668246314274;585.7359919444161;38.85436807655335;6.779724427538787;26.76066774620098
83;10;799.1721448791692;0.625309460041085;552.6639893416176;0.38875028785718424;0.3146968954359163;0.7728926972484867;655.6468989727578;484.20150927908037;79.80284462077422;110.7638235859088;7.946110497307481;56.77010466820705;0.44668850049804526;49.173192582862605;0.6300594132558988;1.0961968926511902;570.3505359696412;37.43579657824266;7.037596723717113;23.56774934930879
83;11;1008.2411158058778;0.5033354263455282;369.8946865543408;0.501355284768558;0.4040857080362729;1.105284480917306;1588.6388808418676;782.4274384511132;77.29554180609367;137.44764814469656;7.261801866531246;76.80608465901308;0.4311704811156309;48.10412076402862;1.0998023078966788;0.9509541625281246;1443.06863345789;41.79668970594276;5.321352011405741;34.93000061038335
84;1;981.7013694646754;0.6217766397534656;477.96698502492734;0.37661148783861753;0.36321117984735773;0.7555747562033426;1134.5500643638911;733.4901178448475;79.03585720477035;133.72720474921053;8.59271845649914;66.8264127169789;0.4354805435564155;50.090149864491764;0.3174862030274609;0.8827054952702318;1082.7243717593135;29.543547234823535;5.910801816092042;26.208332143582133
84;2;731.7449028868391;0.6324097349534877;286.1515235289028;0.36787790272303095;0.29159687258335754;0.5983988179144881;732.4792963766438;509.48024962783194;81.0525773522045;84.38372685820444;8.375805954839894;48.40367195831011;0.4379393036553328;49.63970132435035;0.3185042887983228;0.9827245416708703;717.205227676189;30.365286010487324;6.8281172703218695;24.31232448628152
84;3;1106.1365150172567;0.4903840933914435;808.5581377129296;0.5049672252053958;0.36420684378469004;1.1863782818956012;1881.3461122133747;857.2478885484991;79.79948274513086;146.1703760102083;7.720244138710603;72.44722966979033;0.40989682602684346;50.55607797903381;0.33129127548308857;1.1337979513352376;1624.4527143445819;29.927801066220596;6.8895450165266565;31.35500201100703
84;4;1269.9120672296597;0.516020282431195;1031.1767649746191;0.5060518967178935;0.4849736042715292;1.1114758890094905;2455.8859830952024;1168.86243614215;71.80063514464388;140.15689431546338;7.8895159115452484;81.2015253801485;0.35230812584175475;47.30497504639946;0.5993302553842179;1.325541003435462;2229.9574478192667;34.73340936737554;5.085938667083959;53.74999893984907
84;5;1380.1533208086005;0.5152752624261331;628.2562274063408;0.48719914362132366;0.4895120857637194;1.134683296497481;2578.398315452212;1190.5095649087389;72.93302841241741;190.3089809047901;7.346352670013923;83.56285869836417;0.42965649588052;46.72560498137463;0.4405904916927919;1.1096734476197647;2076.338168805416;31.85028387122957;5.795674982297561;47.14000249092162
84;6;1446.5728833268738;0.6134039327704183;1263.5416907610927;0.38552044929724216;0.4910893332478478;0.7979776357846601;2518.3697968648985;1126.3152355931659;72.81597521862369;193.82637772947862;7.194547427975886;90.83197765649878;0.430138893034812;51.36292473394714;0.3635486054693148;1.0481403149879556;2049.2252477428633;31.097986317111317;5.561223660604878;40.54000093269059
84;7;1230.0234848548832;0.53611765785338;517.6881667933714;0.46225590453087884;0.40854827822046474;0.9905146885475762;1140.8650387920984;919.0994688856741;76.97492501129706;128.93339140431388;7.750983156449682;79.16405119553356;0.39392278771218286;50.72542690545931;0.4538352522698546;1.1646612021476495;1065.068511532072;35.844838472145504;6.103978941021747;37.29999866293249
85;1;1095.0390934094378;0.5209348554245782;517.0267119356848;0.46919951554348205;0.33596373396795876;0.9717185479560286;1020.5066118209401;732.2634709970588;82.49840001915645;144.86441068503146;7.691520038817166;68.39631217239976;0.41189861825304325;40.59472577844895;1.0319005433672437;1.0537352064871708;948.3550325148092;43.332287251015075;5.64698798002367;30.141539874685897
85;2;968.3810437229497;0.4951940396835092;503.0655369062019;0.5096950984280166;0.34785008852157034;1.1247329216017117;1050.686041041335;767.7331984473827;82.04113479575823;121.14599222308384;7.995106812165741;66.0634201750233;0.4162177142877868;40.355548088186445;1.0298915389630647;1.0751984819610698;990.6969623316726;43.37920753243595;5.842773710470706;32.89500193033985
85;3;725.4276460262143;0.4592464491007946;298.05190252025426;0.5249679052616364;0.2978923606481555;1.149916224301995;762.1997950221556;479.55652459610116;82.48099470978086;89.49193224002205;8.117497785603554;55.31152436276591;0.43063695929546936;43.29386195903496;0.909073207477677;1.0720943285047508;699.1372042028484;43.061981275448;5.475877837827282;23.782637125280157
85;4;632.2716469639099;0.46994149625020837;310.089171505283;0.5317851095277745;0.28906882487503344;1.3149007166218525;746.2799314580686;500.5594703075055;81.69970509617482;82.74658900412791;9.568690111155075;50.794165093786724;0.38266261545354874;39.81790598166769;1.0617220257429572;1.4385399478344478;649.4492072388969;45.201028740423155;5.0555146867579355;33.37874684884107
85;5;488.6410068395156;0.4450837476660453;268.36771079488716;0.552443239835859;0.31072847229333095;1.3876458538815735;647.2348073798219;367.5564196973621;82.18870465037904;35.01248219499435;9.712227274558668;32.62453620791114;0.3536674707011884;38.07322984600247;1.0675569933529148;1.5763082692124188;565.2237091338886;45.96832826935748;5.331634471053072;34.790831246029654
85;6;965.7175434521364;0.4314926801483823;640.4843384083883;0.5567142310510387;0.35411256610638425;1.4026065500813107;1133.2516346360312;754.832308137611;76.01328494373455;123.77622601465563;8.444354128543328;62.83121951907345;0.3689244955403448;38.963811637459685;1.0781819160794184;1.3535065325185454;1045.15313160551;44.307373483663476;5.746874848830844;42.00999847673689
86;1;458.906096549098;0.48617185929749296;152.06213845173326;0.5187015520615662;0.21070405402796552;1.1379653468849755;375.03861322825884;301.76403909829565;82.26297372524877;65.51470478721367;8.577879678343127;50.024077787223675;0.4791756887106159;47.53991686266216;0.9717023060819509;0.9061080280033259;310.18367178754096;39.09016858618469;6.983226755495833;19.979554602631183
86;2;551.1350523247153;0.511711768199144;179.7046899824558;0.49338312082712626;0.189092126563681;1.0806201103266528;422.5408059282734;333.99920261449324;82.44079006453545;92.14211094681305;7.550653944599419;55.135685040700785;0.4828134371982257;46.94808387531132;0.768690831209869;0.8475444538251969;341.6205902811788;39.85811101681533;7.0570833203372905;19.682380563055023
86;3;349.47066129882273;0.5289703754565681;128.93763457572214;0.47403170700885405;0.16858033281690546;1.0309536333292753;354.127142702957;274.9756094908197;82.72580702463661;45.24003346770308;8.642010007175188;45.81779083293514;0.48862779410540563;47.65584330953986;0.7803395661640116;1.1119286091469447;273.1766301808728;36.77992783662512;6.836681578095897;18.043749296875188
86;4;275.28921402350915;0.49725927765399647;166.1640594796978;0.5112724644035225;0.18670432655228486;1.0990012400418208;383.82439054943376;176.7241866102293;82.28652571848684;56.902903869051876;8.162000729661493;42.971987154841514;0.47611432295934075;48.97383987447907;0.7752990572764692;1.0856868944540712;314.9150230777747;36.01371609415502;7.765038004083317;18.55960362573527
86;5;218.7133496375439;0.518018211049709;111.51129269976634;0.4819520864385247;0.1528337173143836;1.0427132625001228;305.84048824378357;165.27524173853675;82.78032663102599;29.61997700139743;8.485776589094877;36.281934243938714;0.49219773080451956;49.021242100356936;0.791558578834709;0.9812791367156949;269.4259305296628;37.87049856359166;8.044410208912428;21.84428819085919
86;6;220.71206742647468;0.49104387291363305;137.88104152866256;0.4996207099562037;0.1905134759183487;1.11004582127046;349.1154411937683;154.15772721610873;81.66482026375175;37.54792622510847;8.25266487449276;41.81670979038009;0.5024938973275819;48.54928360077284;0.7881552098218825;1.0032773343878227;287.5114677872931;36.987590286625334;7.317260269016262;18.46237962199387
87;1;1092.0675134877827;0.48818686311626824;1025.9812803809002;0.5014580636718292;0.3438683833139956;1.1286023628142305;1506.2114440215016;813.8735075586785;81.65346628339458;131.00839733679138;7.757967896317302;73.7891179005295;0.3882000522943156;42.782609535529836;0.8235913937473468;1.1918314358621915;1344.7619750781623;44.02718375823701;5.354418228205852;34.310000546789844
87;2;1166.8803001686601;0.5059816259857561;473.8163412922705;0.5061416789693841;0.46358709127341086;1.1016150899235122;1026.2903967879756;832.4841541299545;81.12750150170953;115.22478727889472;8.481641404282717;68.05409553494708;0.432494821380335;42.519894608731256;0.7942732434445514;1.0286245835289103;1027.8605652539895;41.2409084682432;5.554626474680904;26.117333351334068
87;3;1261.9700746294704;0.598192639106769;471.38071206868744;0.41284838945429553;0.48580869042965247;0.766074441073926;2200.845967584628;881.3718483964602;79.81221529575002;146.14281631151226;7.935593418337735;73.10594001368608;0.4288634899661974;42.90076171849746;0.8077412344808669;1.0339606222272522;1909.739057847937;39.0394371324953;5.600447533277148;28.400000367943225
87;4;914.5456591541815;0.45068789516446245;963.2250430828076;0.5383138700098103;0.33584943218915286;1.2936003007935541;943.2825871573782;664.7952342083101;83.5690037318332;120.14820785786391;8.0006160050189;69.66976563565518;0.4354436108418259;43.836545160109694;0.6100842632189489;1.1599211829313711;898.9824486326754;42.49329420795772;5.8452344613645835;26.53296615105899
87;5;1176.7560034558376;0.6074245393721498;1134.9277215036427;0.3903149075753216;0.41860044385810313;0.7809851807914588;1818.8175351065793;931.6316873409514;75.52870324877084;159.93585564216076;7.932942534819513;68.16128640422612;0.3825682195990227;44.40546854856849;0.8811341599193026;1.349160224662558;1695.6081351395353;42.67193346059246;5.234637805451337;38.95499945632087
87;6;996.1261824719226;0.5351568111611266;986.8519097987042;0.4664662556059271;0.4116870453636175;1.0117720236582983;1232.0420151983017;789.3802971745438;82.71872245627054;127.17150571147789;8.320292682218417;65.47899387764032;0.4252606447547431;40.715605591190574;0.9490515717397667;1.1438157389020416;1115.9888173605627;44.91113383115138;5.606122644000723;28.87937553899229
88;1;726.2516508263144;0.599420070826797;433.56636551837596;0.40106168844424017;0.2579594766040326;0.7663673516007036;719.667894700964;516.0553410048669;81.63669573446646;103.00654640925461;9.336183939387832;54.39058196251255;0.4410279893287663;50.99221038870821;0.33785104574547087;0.9969596188971462;642.0724407598043;31.379874995540753;6.411600804891275;20.313750858006383
88;2;830.139519024986;0.514913937049426;976.118582805795;0.4662912712719599;0.3651832941469128;1.1502154190456164;1429.078685357334;665.2690620537745;80.96031008649105;123.12871230088355;7.915546134551549;72.09778682080771;0.44325068085091524;50.89124255537319;0.2639765871315869;0.9448025732079024;1275.0689198996715;29.392712052176776;6.644388378117655;22.637885020887502
88;3;703.8944417987702;0.5907292421377623;334.9216448093799;0.4227592052126601;0.3181687110414954;0.8991277750427423;795.2086804246381;520.4563971254671;81.1512406146864;109.68471009019484;8.659438163711323;51.51717033637908;0.46264551081037963;50.68107758820786;0.34728424884211073;1.0025009815352122;675.5726998461099;30.3854058706464;6.97070740727124;21.67888855525731
88;4;902.8842788997324;0.5944892370916461;1013.2065543417384;0.39393767946909114;0.3853497209276835;0.8934282473396513;1693.864401157722;746.6475751797129;79.51380458771322;142.68576867087262;8.30235142938366;76.81876081846404;0.4492220856719309;51.77821896460678;0.29225455866383926;0.9023639634748493;1467.2279015501842;29.072854364320833;6.844574883489265;25.195832847273447
88;5;676.7874381078357;0.48982549354574945;323.31341340962445;0.5087898887122899;0.3074383063126588;1.2716711990063791;837.7823284968146;484.2430933859622;82.97183013465764;88.73049641760994;8.813997133684564;57.13446501076414;0.43125328679279656;50.79058941721614;0.32546970310020656;0.8971286796874877;716.7086787950789;30.96798575900574;6.635340642481937;20.161112229613977
88;6;932.6214724104893;0.6168025015266049;321.7278631578828;0.38880579286474365;0.34501856269912773;0.757259282126872;1056.2273180046575;666.005310769707;81.04806736593427;135.39749894777682;8.716471229928274;75.22387529991211;0.4440847561880223;50.88070159126359;0.33694214676918477;0.9236751093951854;865.2040588495444;31.788508842729833;6.7927938932123375;21.75972172389425
88;7;1019.0292141045384;0.5323859439508122;949.5292540753026;0.46367782608895214;0.3593717455475253;1.1404447935664888;1707.7792456982604;799.917164555864;79.26652484801286;144.15740339863385;8.341334470195843;74.77882109823688;0.4494720370175375;52.1333322911907;0.28137400092923026;0.8099442116574943;1337.696687975252;29.05828746182496;6.799147959147551;23.31229089740107
89;1;822.5825720452231;0.45844994927369465;1022.3683809016894;0.5301594579519836;0.2830611246574323;1.3503541621406876;1119.5265579116412;593.547486095211;82.90923357064976;115.03237539173062;8.061648802389493;65.20224389012148;0.3639958263848837;42.42805450389977;0.5972981863120886;1.184309657329212;878.7161964510666;35.190643507271375;6.6443942387598804;19.788890578193836
89;2;909.6941785030087;0.5101689809138504;326.02950651689065;0.4788171635132677;0.35801625323903424;1.1497005208881441;1245.0914282036997;738.5436857089335;81.54917063176146;171.3553154657384;7.18445133358845;78.82819965149788;0.4520090287082629;46.82455765182782;0.3873936237291562;1.1713172654932198;978.5215844517022;35.201946126287886;7.061655165923151;23.20874904946751
89;3;862.6153175329803;0.5087208372789563;899.0631522313062;0.5000424717927786;0.35688527889261495;1.1530183724885237;1455.3053658266017;765.2794521850217;83.37451643839921;159.74777648245853;7.824751452213835;75.02515353203054;0.45124031096204803;49.396782003211094;0.3304702482241194;0.9640414566194134;1104.9393669017286;33.05305696542451;7.025432624109825;20.800001626484892
89;4;949.3489739162562;0.5200839583369496;1009.2528518892058;0.4714093084834369;0.41800181577509454;1.115762628194714;1547.9357748528473;723.2055706757291;81.53464206231975;154.10333002596812;7.645963259817238;77.87557481149808;0.45865396885269655;49.14425087604485;0.3283249449438931;0.9887581679874063;1229.7997316763262;31.531426144885994;6.859049865544451;21.740001420850145
89;5;864.4259850513077;0.5571870786546042;1007.6662101735204;0.44889130091884216;0.2980028152853229;0.9719333737304422;1275.0045945311915;610.8259383129126;81.3533457732273;129.7991173382841;7.372977864996233;74.34835499046558;0.4314131375382022;49.14161021385372;0.4453997436549073;1.1281431539047773;1116.6176383624475;34.98129865732375;6.455453508116271;23.237838095608335
89;6;805.3746396364375;0.41340432828971724;1018.3579032513775;0.5757444294172602;0.26593001987680404;1.5307642816361469;1248.267858197878;574.1835038899156;83.249257879728;106.83508628278376;8.672639455608383;59.745036123823816;0.3566805486244072;45.342058756062855;0.6218324425140641;1.3409441332172969;978.1619092548956;35.66388820192081;6.986310425881702;20.948513597779755
9;1;1295.3065243404735;0.6033392789185387;1502.8445595489393;0.4104489825614212;0.5087278159905287;0.9400907724164376;2636.5839531759843;1178.765691916299;72.64193877263696;169.66345896541827;7.03607649271574;93.32060524509583;0.40648358680218083;50.34554936008571;0.7698777402214972;1.3765057749508895;2295.2863990460573;35.96573770727508;6.836681518511008;52.75000019045507
9;2;890.9631784963146;0.4815222351363353;1023.4574248068492;0.5314707497834168;0.3467340301189326;1.2190817016487887;1509.0229475269166;604.7486651796554;81.43165389557805;130.58621223205506;8.064968083341576;65.6768772960883;0.3820887257729693;46.09234037598216;0.6318634795892685;1.3524171366470221;1380.339942093471;37.40760284953714;6.834966417710041;32.230832906584375
9;3;461.78588869066886;0.4308234724992076;258.5901378106494;0.5658612854411683;0.24309364214583062;1.3861577323088714;637.6566830220106;346.4520016483145;81.78882804986121;70.97191488668992;8.881687350727558;54.44871712759273;0.41938327269058845;46.041581367319026;0.6446862325174594;1.1679067037054096;581.909566434729;37.27471361004506;7.346384401173301;21.440001369346756
9;4;1058.8400690472033;0.47468099005474085;1139.753513021938;0.5188331733404987;0.4859450774508373;1.3767542841716993;2723.289384961821;898.1795886143814;76.15237135125645;172.30758671105536;7.5574576973148275;86.21709873381594;0.39637004769228007;42.75658141678068;0.9381416291064929;1.2496132483740532;2419.528417116389;41.13110727140545;6.865862207071713;37.9299995765057
9;5;499.4944432908591;0.4818690266728378;326.8892346323185;0.5269388796903528;0.3399242575696755;1.205895853306889;723.3895878583155;371.79679483719104;79.15841702213675;79.05355813012801;8.145749857187054;59.18949208095052;0.43432689134809466;47.505709059994985;0.7295142841070528;1.1839279936008278;634.6610186730663;38.943214857231375;7.401427442203108;32.8010031988387
9;6;412.415407927524;0.4756653197446228;240.98266469919693;0.5108498693557887;0.2539205006605709;1.171262737237434;659.2728080987399;300.8311180920931;80.31694544019439;65.5437912420149;8.089016553808145;49.70130520209996;0.4670167761365535;47.45322580239019;0.38227710710618773;1.1063911673228022;548.4158988435981;32.41420637288082;7.561573618293508;23.785374496468563
90;1;877.8804132787878;0.5292822810786223;513.5978588919933;0.4629262454621976;0.3674257128709169;1.0000168084870575;1259.5238063828767;658.9247157454519;78.48307252900294;164.13721694262824;7.1214629362480215;73.55698360300896;0.4455004049120916;40.24001332104255;1.1364600037502877;1.066924803712284;1037.6051178271614;42.69326125175924;5.808409921464903;29.870001497235066
90;2;563.30261911258;0.6357921595459124;249.72689787754047;0.3778750709182259;0.1854574022940531;0.7190035141917208;639.0469974688542;376.3631746872278;80.40225685203256;89.99623703721586;8.57922827509955;47.79538668574382;0.45198273682609064;38.27573847704559;0.5731365484588425;0.9716970338583474;562.4669158838467;38.578023193225945;5.411671954234807;22.824120442214397
90;3;801.2314641438554;0.6465565896264982;673.1829443049179;0.3703554249501563;0.33229408352656425;0.7877992197998508;744.3392627735047;577.1096280087844;78.22179630345845;104.55815601408895;7.345333561651768;76.68426694353276;0.45927999650004286;39.634225064398244;1.080878233695284;0.9284910444345589;653.9743919302127;42.52685568835182;5.982733901658815;26.5872726154862
90;4;445.72284056898445;0.6352977644227576;263.40602672753647;0.3953912607419982;0.20190172070428566;0.863904831412945;642.5278692463638;294.38769341547845;82.31216530160933;74.4928988414223;8.065954797444004;38.84460157276476;0.4608386063292679;38.77186968458928;0.6215213210550004;0.9537280010677647;565.9294195411115;38.52319301755295;6.171681221719126;19.092501037106228
90;5;639.396181891974;0.5734937501133206;305.6167227947204;0.4449594865762231;0.19158132543424766;0.9572427047181037;673.6321773031586;434.6794045834363;80.57472516275108;94.67404712059327;7.939046109084803;60.70370014978557;0.47368135083250634;38.76396434924951;0.5008851583253665;0.9391007372290348;619.94996146248;36.77247935870823;6.906309456044107;21.512285879709015
90;6;943.8830156883498;0.6404828763218354;580.9626380987547;0.37229312443834867;0.3521240877141021;0.708125272245295;754.6488092884221;542.5004416294327;78.46731841813512;162.95284334614314;6.966137589148627;72.32206296427591;0.46458046256875024;39.558443301608854;1.0342638259652732;1.0302405168937019;634.1833993722278;42.86828739604564;6.036613905931095;31.47000328202205
91;1;1230.466402672518;0.6057242329035988;961.1064684887658;0.4118381933568661;0.4380633583140404;0.9567399462833714;2004.1095868060252;1032.0510386976339;78.21561338276655;177.08844277111882;7.027696975726464;86.42479505922908;0.4278401341240528;47.254160691101966;1.038046847237678;1.0304031722307034;1703.2843965288423;43.75069829494077;5.338352097964504;33.50000206160365
91;2;896.6076552091315;0.4990500803838387;771.7274864200431;0.4949190778110259;0.2726020110235612;1.2425778071198645;774.8290188049449;610.1739444531526;81.20311231092911;133.88662860298717;8.533597759917734;59.22004953840705;0.42127149124640906;38.705629223849265;0.8516121750014832;1.1859418523203715;675.9803162026772;41.6571578384933;5.719723633512142;23.73138795066092
91;3;752.1221428605838;0.5540110813980573;313.99352837053635;0.45687172415117944;0.2852863218628514;0.9860523667087356;697.1571105792618;471.342081163896;82.23813841772558;98.03969165481485;8.425516328790803;45.0163884491096;0.42660990561567774;44.47054832492306;0.8511227933594293;1.0163390546275173;649.1053719068909;42.288955948621926;5.379499350197452;23.996077111807654
91;4;1232.365253994773;0.5363373467121461;1043.3064439260725;0.4634545186626252;0.39972987882802713;1.0782773025842392;2112.9778236389907;905.2419714483742;79.14688380863191;151.4776682933067;7.138955508579777;86.99579384545675;0.4177326968207492;41.49245382417937;1.0552180430622333;1.0756992236272191;1811.286983721526;43.501384219962866;5.401186065651621;31.981668652830773
91;5;1227.6587891308461;0.5266545503917421;879.8040423534784;0.4814728573637684;0.45253744119101463;1.1415710007699105;2097.866164217082;924.615074624851;77.69048068654934;189.8918732552251;7.041722569596394;77.87289412086781;0.41535532110665707;44.186438298568426;1.2446363495253914;1.130117890071156;1858.5405447839098;44.17262888736072;5.780402721845516;37.116665718807546
91;6;970.6891377521558;0.4964635419949981;912.382228785037;0.5096560230806434;0.3019970114416705;1.2689657545967632;1347.6512055702376;728.9904422216001;80.30142797392921;140.5024627608492;7.071073518713766;71.01052213414428;0.45244580090128644;41.30458188073625;0.7985341131676429;1.1047370751747532;1011.6988387492393;41.236072955775256;5.354749737574917;21.867102628091835
92;1;1150.9220926482617;0.5333463986872711;1311.6329371937172;0.46833557375655366;0.47272271156869394;1.0995892138262846;2052.2704611499976;893.9819880041908;78.5081956086535;163.6490405703461;7.277031720125328;81.93338129268193;0.4338437862668605;42.437812004840495;1.208080595405032;0.9908714916516935;1744.6382098744534;43.7512115499748;5.468970119597075;33.67000457278264
92;2;894.75213449533;0.5193265925823031;686.4335200403019;0.4716306449567706;0.34697860612558956;1.185080891277392;1608.0976595855361;670.6193419252527;79.39533299710182;123.25882473140148;8.468259302221853;64.19160066292804;0.42121739109479345;37.781135285689956;0.9792527058234738;1.0716213284990226;1326.8778914461807;43.23901990548412;5.511614093123696;26.747333774649004
92;3;880.4078566978792;0.5979738970986596;736.6501387654642;0.4081107721542911;0.35726435946254725;0.7693348153224313;1112.4739212987488;642.5584467456683;80.3465595409477;99.50269649498289;8.509815715249966;58.70444302724633;0.41732074780278355;37.87818037840953;1.1534717433890238;1.1243855193039831;1061.118212550333;45.69528310456146;5.3356961284289754;25.568885384133374
92;4;1191.8342336566086;0.5976094488975024;585.2293751435161;0.3984130978632436;0.4565236177268751;0.9895758667863803;2183.178393422514;968.2532880653849;77.26091658626083;152.1867697992735;7.350185867163692;93.52158447688797;0.4379535751658164;42.21931490251592;1.15878967944786;0.9498346258077447;1769.2474899090357;43.01309473407754;6.2330358342989625;33.50571666910411
92;5;1269.8465414133652;0.49386395440125375;612.2489944180456;0.5033661256303839;0.4998540478198379;1.2593816264924838;2356.050688132347;1060.8385907182428;77.15076011244842;150.86187521814878;8.044232806850857;82.45559612098863;0.43549254156935313;41.519845786559316;1.1751064304743;1.0678054328922142;1905.5312931460837;43.44642329978011;5.243893956878441;34.36000407049903
92;6;836.5553216819058;0.45229255789417466;439.80145762275635;0.5493939984690589;0.33148687844936403;1.3575489213139633;1520.8857133256006;653.0346972929284;80.0607034898933;103.37117542023603;7.625745701405655;55.52319691042191;0.4048735820322424;37.71953911959158;1.039067514584223;1.1493075363607095;1316.9964127375167;43.35941217147665;5.22062277637912;25.25463437591912
93;1;571.1898471214766;0.5719845087234872;264.0447722149467;0.41638990999156106;0.2856365808947748;0.7689453502060893;666.1767346139096;389.7833206669586;83.31045872883176;71.78659279765992;8.601367243998341;41.31408711569711;0.4318541023797283;40.28796598603755;0.8863404016491052;0.9067315290689488;558.393573912121;42.21932512930741;6.688594565431109;23.88337082500517
93;2;421.09663508667387;0.6230547877572588;276.48801650868035;0.39191836922953066;0.2009077991114742;0.7449916080915631;668.3074020974756;318.85506499734413;83.5383675815718;66.1391001161118;8.797260305041007;43.176283005539474;0.42600741786313256;38.819671847728465;0.9399882830474064;1.1288338201865025;571.4948975554163;43.486563814144866;7.308496994202505;19.841665676995486
93;3;589.6965258699876;0.6311910284728753;278.4049318493073;0.3860681363354351;0.26013859192920347;0.672632338505143;749.527106235999;466.20054064269533;81.73770946847213;98.02843565079698;8.231762948078323;50.68981766227898;0.3892930078720022;38.2034835993488;0.8385925902445149;1.1714594065956332;645.5861515413484;42.16224170417382;5.5348030515537925;22.951798634858473
93;4;457.30897813992834;0.5649779644055009;250.70101604537155;0.45490605886131374;0.21056546204307358;0.8804669696372363;657.3122655563249;337.57521764279693;83.54685460281969;88.74467355757525;8.508542269849737;49.84777991009873;0.46778735348494704;38.53370108527085;0.87372458194456;1.1111166147065594;539.8476340148181;43.07681691628255;7.160298295278977;20.400001076066566
93;5;427.77446322253456;0.6089452783161807;287.47891660461124;0.39929193971771537;0.19754163267114136;0.744121086908656;664.7594862691413;352.43229684999807;82.63305862637631;61.90159062890607;9.241293464698714;37.050612519648226;0.38755824180670245;39.52099547134617;0.9113467734626685;1.2486371371459122;574.3111618278199;42.82652459744581;6.675830090884628;21.660787828883908
93;6;930.9846327038686;0.5998532274281146;488.5001505196262;0.40102827455590184;0.34632398877850135;0.7293152771430563;1093.138575555573;724.7800704422164;81.65968086946452;134.26649503984405;8.301088638428254;63.10096991876391;0.41712427097036403;37.265016578048126;0.9627536913730846;1.1736996377839626;1001.8090125875937;44.21555316230014;5.32555202423429;29.360001997701588
93;7;589.0557303065643;0.6200034292525821;260.9716311042974;0.38368077204038636;0.30298819356808726;0.6945105839766512;661.2372924912986;412.7704571037294;79.72501502123721;74.85636969193015;8.6848836904864;48.79468885560978;0.4490680511476141;38.76956311516642;1.1786537021846284;1.0380506858240803;578.8356522630837;44.40793026184267;6.008257977878631;25.762811789623484
93;8;453.29302920419616;0.6328949920569804;256.06327385109415;0.38241875322349517;0.1787256555318751;0.6587640621875234;625.8722903153904;306.58516853907474;82.5799141975643;72.82665080249309;9.42544618224206;38.810265801207656;0.42550236351990245;38.95911349527742;0.6034352178372415;1.024960927224706;535.7964274809327;39.49784514784786;6.352172372276307;20.24337974666606
94;1;1359.5718644517099;0.5209055953534409;1291.0748413921203;0.4692223079922688;0.4906076580715608;1.2683437007070109;2176.9790413588134;1033.935601433547;76.28548060559805;205.64801606682693;7.72134363147783;81.69202307834777;0.45618104586928565;49.880634797971894;1.160829905272418;0.9259257146246918;1683.609891997961;43.58533298612171;5.923096986180261;35.75823470795672
94;2;362.8593223339603;0.5762042100913508;204.20106417859682;0.4383210179856659;0.4163297890269714;1.0399425544730685;431.17975420054046;319.799857331289;72.67388110851199;85.8141234442101;8.220997324129282;46.76230946188872;0.42284738442534875;49.05564882886142;1.12653368035069;1.0677370539057411;363.71235035176966;42.29525162552336;5.561351298384582;48.97000030767504
94;3;1273.478720926768;0.5384316884023588;1190.2151131657147;0.47589807373650955;0.4704041768791709;1.0916672068937872;1130.3778796749177;924.61266074154;78.00306495956845;209.31086015497877;8.215693970047607;82.60219058103907;0.45079704582485985;45.17696622043485;1.1517281868492217;1.0276219899211294;1009.2186285731325;42.97367453297453;5.9065500190187;32.348236041656385
94;4;528.5537140528802;0.5219588208563557;298.69994184857575;0.4739802040263262;0.3549750877491189;1.0877355758980003;557.3893542381353;332.8615003081766;79.16109657639936;144.76651236517299;8.473423335255724;49.604585395456084;0.45387361238923946;46.233276024536025;1.0325083788751785;0.9799623503809188;493.2214900372296;40.62258858327554;5.537077993802349;32.317272845275994
94;5;959.2780784891975;0.6222224350093917;402.07807720150663;0.39195158546362496;0.40623343097295556;0.8855651306308776;1015.1816739042807;724.3482183928177;78.66945096341155;186.3490333919;7.811659415021193;68.28811275506455;0.455979752123233;49.448993202648644;1.1892429778387466;0.9081151502662128;842.8187841585028;41.94798197982869;7.109107367447984;30.92000062577899
94;6;306.2441608182126;0.5436054542131308;183.99825476188877;0.4522999187307191;0.4521843871110744;1.0261096201730435;425.6854737880941;226.14231106200583;66.71297698149911;61.49412840447882;8.876900784085423;42.34544337579395;0.40287366890761506;48.393450439960056;0.8828238557267647;1.2341688894458809;392.9027543375874;41.457785928052836;6.029135958365997;65.70999993508404
94;7;1307.9981772622095;0.5171104071052092;725.9603019642699;0.48470762839139564;0.4831727420261506;1.2838336155858034;772.1620098049716;1001.7587028330505;69.02605380443734;140.57585328363353;7.330955788603356;70.53486825520731;0.4041926945828756;49.21046448007488;0.8319724795759873;1.3182926064435647;679.6787276350703;38.03133430529592;5.349086230068543;65.44999880143318
94;8;960.4402865388514;0.5313072678957712;800.4898874094212;0.46803498982314956;0.41293430805957554;1.2346206605795325;1034.836263224554;700.3804162528063;79.48741625712762;167.02407753366708;8.02966078334606;82.79385505681914;0.45090920741576723;47.01796411504138;1.0302345188864888;0.962256568299621;819.634952319247;40.95795646772432;7.39031654429235;29.68823619803114
94;9;303.8145874963252;0.6241829063597273;193.54093126011674;0.37666614495767703;0.4310114056602598;0.6841850625743895;454.7935828007012;245.97309572291343;73.02747265592589;38.08357093855133;9.11534436624071;35.39181308890521;0.4259228888227784;46.964985936889576;1.038851036189257;1.1886564875424783;396.4213263426646;42.671476784295145;5.925195424651222;54.839999503417445
94;10;397.742892234068;0.5577825255605198;250.0687201477485;0.4424735585009058;0.4586753468350001;0.9628518145914793;607.2687993598971;267.98435926177075;70.18507032731337;140.4102513658359;8.250574864439153;50.09851018600881;0.4156318790714542;46.17571567389328;0.8650502759086394;1.2776016993768973;545.098728663104;40.50135994720749;5.129646073025699;61.03000031523486
94;11;1337.4492730336615;0.5053318129059167;958.8481639130137;0.4910717082716251;0.5072958923618559;1.2553266969497947;1298.915954746101;1035.7862912644703;70.46659877488445;191.83128087798477;7.804801926498045;88.81860873268775;0.4019467973743274;49.09076614209278;0.8549832210231182;1.1068357717760735;1054.3656597572015;40.58569942411432;6.060284877530908;58.38000028032203
94;12;685.7430647713941;0.5002769332468688;277.36165263730265;0.5011936232525284;0.3817703620644771;1.2491761435735034;555.2400365514833;458.1370119452611;78.4656750398853;142.87964404992556;8.42671364429981;61.16833277764624;0.4644959952846;47.80342226993689;1.1677407592046605;0.902190369831715;473.0324622296547;41.41286172959645;5.989617981961143;27.842501574167354
94;13;272.21084184569327;0.6372921606292535;156.06277373168723;0.3704750123368181;0.32218837489793833;0.8240540042029604;396.27438116538724;244.56633309072083;80.41729526320206;41.00494703856688;8.797700687024621;42.26564520036391;0.45529068167310427;43.24643801259846;0.9938371591906615;1.0514248149316154;327.45870741710314;38.753769025965696;5.7029324551718785;28.71727389286215
95;1;636.0057214157086;0.5185328342498156;628.4967396463263;0.4858823318959723;0.2682094386939158;1.2049381484736108;778.9377832826951;445.8136953822557;81.6471712393225;122.98349260053395;8.273281989703815;61.89982712538165;0.3700291352116984;46.16282134390159;0.6596217763198026;1.3755345194712556;668.8925953820976;35.80381957505326;5.7942440601527;21.100002441645696
95;2;708.8305194535035;0.4650259579701648;363.43054045040924;0.5344813842115099;0.30012102529678514;1.3908837626304573;1179.938976867094;569.3276629794385;82.09568787738338;131.9036692760012;8.548787794226854;56.01358705057207;0.3728891137599631;44.93729677308684;0.6360359576349339;1.2819633991864134;985.4921765330087;36.13311499119081;5.767720544625516;20.060001361755127
95;3;869.2864350321271;0.5570821392086196;818.4046344530007;0.4332603240702073;0.33068133093848784;0.9458437562090848;1292.8853186392862;582.0031094453259;81.79359858125098;150.73604562531236;7.560244383985677;67.35859448333154;0.3862744579162555;45.02797288562307;0.6525270673695965;1.168535072883078;1101.2428582798912;36.40124053154714;5.856951944263579;22.027888770261676
95;4;654.5932633521178;0.4898569732761158;867.8095389139453;0.5076322266572535;0.34184309741504654;1.14631607237948;1143.9103097402337;476.20733088473173;81.66237199022798;133.56437715859968;8.102878164370319;65.51392386644461;0.4546980658527874;49.12973217952813;0.36839525940266016;1.1967890933101182;903.7730252136749;32.79853471403801;5.860281974154787;24.71091154274106
95;5;756.0923172180322;0.4871593640404349;629.9826528128056;0.5196926454360855;0.3331303337890975;1.3389547942319622;1598.9185937298234;563.4701961559032;81.80643348481141;146.7433423290824;7.605028838872537;66.06058105976075;0.3959784184760465;43.10230392194071;0.6598693512092799;1.2503087621306124;1266.9640357782787;36.25870820544255;5.628661981448161;20.560000335088468
95;6;1070.9547500845063;0.5465819356781327;373.48227991465586;0.45251527740271946;0.32427439908923406;1.0362555944361094;1669.1357924045346;701.5511532423761;80.53820313280625;162.26994114732392;6.906433698866342;72.50237486771799;0.4547740978129674;45.71162870855989;0.40123078495659237;1.0153949806009468;1176.2266838824044;36.12314718533716;6.407980059268304;23.56562818665873
96;1;738.0091579598266;0.5777030627445109;321.16900180896846;0.4374116040090443;0.354281669859496;0.9206735044676612;924.5679321332723;542.678543956959;80.95389688296798;113.94376034419697;8.78251707372044;60.834015171211064;0.4432882545205632;42.32886510925957;0.4785048110240187;1.1808800075827686;713.8662471543543;35.693319540914324;5.864415506459513;24.690627974381922
96;2;580.7035335896433;0.45831996125964486;270.91464131537083;0.5173317016533004;0.3295737264259412;1.3083810022722329;779.6857478139594;553.7003248024398;81.64681302750085;126.49102806994098;8.880177774729782;57.536987456387955;0.412596989179407;44.40875023225378;0.5140109846639467;1.2102493225939137;674.5500129759378;35.2153283325999;5.927957005760517;20.590002360822574
96;3;669.2348540461492;0.4792676584585016;694.6683474719608;0.5088983119819966;0.2747668084218216;1.2028251784827382;959.4027723830161;545.0377158700247;81.02842750149553;85.99105070147108;8.223046069448683;56.64087091279789;0.43600450438772126;44.594768561433554;0.4028692930531223;1.1020037876651707;733.9134833333701;36.451445627277664;6.3564903122337775;22.188999791541008
96;4;988.7414847415362;0.5169497039178341;556.818838414123;0.48025938385884254;0.4672604824187547;1.1480331478375845;2098.3285994063963;779.0116658271414;80.81697322716914;159.07228513023819;8.21119843131357;66.51036859063618;0.42209362827326863;44.95226294789187;0.6106338700798384;1.121398053596125;1825.4546267422859;39.69105007263011;5.233717477134517;34.33499925233002
96;5;867.2772154272993;0.5088731149147745;377.89192942370704;0.47324272448914056;0.4571744201481112;1.1728806902589815;1692.0099880637833;678.9243107625543;80.81605067768902;175.5962433911764;7.948119506368754;70.12613497762328;0.43128253173383435;46.349386729944335;0.5338821780027323;1.22357138410457;1402.6054485501088;37.07243650107548;5.711931960237489;26.470288622265446
96;6;736.5797150721509;0.5148068883638752;394.4259177504069;0.4761449944175351;0.40588858594323435;1.2203045610052672;1293.8104239014015;556.6645661835765;80.92724574376126;157.9971639748311;8.879737569266235;61.21161642806621;0.39987144036351585;42.7083206746082;0.617079471323451;1.3175471396732272;1117.91220307727;36.28205394413081;5.754836173415181;21.56000178473197
97;1;616.3741730088182;0.4918497038751725;663.4193693745054;0.5027887306284458;0.3255464634305938;1.2973900513050276;1041.3878629985074;436.99523209640495;82.82967478105203;109.88934665655044;7.990913306278166;58.75714012417804;0.36727174535361073;48.29649102152268;0.47739358423215256;1.3953514263741997;939.6504665221921;34.46930914646639;6.143030212817676;20.590001042545627
97;2;628.1919016481517;0.5156074791420098;414.0343684486277;0.4765507850205455;0.33226641181621985;1.165676724954363;1319.6010279454172;488.9108554998196;81.51953157723888;129.94192677654178;8.357863163468918;56.2441592616711;0.4019875962265032;45.991111526911574;0.5711197816126713;1.2912469022237576;1037.2253240654566;35.83469320425113;6.241809108661527;21.700001651688318
97;3;697.6048243636606;0.5222732892006076;810.7541541001544;0.47347523803889713;0.3034745065240098;1.0180087248357923;1369.405134160909;495.59660367251723;82.00887270779603;122.11183336933995;8.306861489505014;63.50284434429583;0.42353151783349113;48.237515761855356;0.5216794944092836;1.2565153237006053;1111.8764081063068;36.02900111717558;6.048872170815642;22.83799817507052
97;4;765.5978296139292;0.446300482335665;784.1525529767174;0.5549473552811236;0.3431754387285122;1.3766079327599894;1698.0053376384426;564.6775955099508;82.31236571940558;130.46205430322317;8.240800055905687;64.97057474345034;0.386508458978625;48.337966062388304;0.5934554618189124;1.201622137737309;1416.9041448230212;39.5607812915846;6.483278501222627;24.39726306286518
97;5;591.7813357844954;0.5149299702221074;924.3484554836766;0.4960167857670178;0.3109217716436564;1.2258300713592347;1058.6367620344527;436.9562412594489;82.1544918776621;111.2641102995982;8.16904386558864;60.31485169777588;0.41337028830042205;47.23822473299791;0.48814871027629797;1.1717260019837492;839.3044355589016;35.7262668099808;6.359104564152964;20.13000095796715
97;6;876.5324162702315;0.5461126933592092;437.6758414646354;0.4610414347201193;0.4050528589528208;1.030040810725961;1865.8885209639423;652.1421856364597;81.4217369884289;129.27167714812788;8.371208668877358;70.75160580059509;0.43897597162617785;48.96391012016877;0.41583741773800553;1.0936922687335393;1381.4408870374107;33.01207477007223;6.165200456630503;24.026222502571837
98;1;546.1673683875797;0.5372799399429561;373.7823147784352;0.47283167215863603;0.2977089960426562;1.1445288591302258;614.30510919645;399.34660480431745;78.22485625024052;88.17181688375719;8.55266175420845;54.03441687801706;0.4480805869434971;43.041944155651706;0.8608233462641972;1.0381484772834588;621.0112881849146;43.38212633730404;6.517262626707259;25.610000153830548
98;2;967.6106707123505;0.5443939901799344;459.32007081608316;0.4626473786015742;0.3395603444833453;1.0638617257707534;922.586169760474;656.9935767645879;77.91411279011847;108.7355771794825;8.741397032459796;62.41065849223175;0.4104310649545252;42.451790506399995;1.1550008920877226;1.1582568524452055;838.5003963561634;42.42141175017729;5.5809578700469755;35.06823362169974
98;3;611.1668072961292;0.5236942964592664;381.65252681392064;0.4745895035404274;0.33832676407756457;1.1971818717746128;643.0850457544682;442.632607620858;79.32685803641742;107.96978436978316;8.196589014824806;61.90229686416249;0.4485422056864398;43.211210678057995;1.1363346240187113;1.045100278534046;590.6908123638068;42.37923102783146;6.457084718036228;30.39035145566425
98;4;569.2673150771243;0.4987532414551459;254.78364082095774;0.5131552912236471;0.21601422608998377;1.2157389128608873;645.4238833179359;444.33640056106384;78.96439105842119;88.31512881212055;8.047195084502873;62.93905656437063;0.46176629000289615;39.02557141710324;0.8243210865901992;1.1012364305176523;519.2801262471353;39.65960357890044;6.55477348204355;21.73391654551645
98;5;632.2392508163742;0.6341414763085482;404.7002606499427;0.359386092585468;0.3586982137728102;0.6164478566240138;785.7084483044217;421.153119205958;76.57149425596707;113.75781242237694;8.344178697773637;56.4942660852165;0.4383309401305449;43.08145976022337;0.9376985477446911;1.0133744711649135;645.2987810975375;40.48982639217561;5.454115855921489;35.271505823697815
98;6;835.7686516850846;0.48646724644113176;351.29286070451946;0.49879825440631737;0.33293183730159553;1.163732228806223;1130.0991471582815;669.3578048011004;81.38946003633872;130.00462163850264;8.21956008016743;63.86834975062918;0.4434133200434433;40.42309976884584;1.0826340318578378;0.9723639464723636;997.8522277094511;43.480466279644716;6.667182037605197;23.68333173527539
98;7;459.51812201379033;0.5317480839080566;325.9066030970334;0.4858654066807701;0.27821001678294005;1.0723067733442218;688.7777501931721;337.4781489320001;78.45828604313766;72.63117458737156;8.599132596292026;49.970742927527446;0.4225425554588085;40.15195475491636;1.213841971378626;1.0181232286517576;584.7289749717967;45.67836914073084;6.498812320496636;23.547613710926647
98;8;1132.3479331565518;0.49754783676182585;1126.1425795853022;0.5044533691838562;0.40612482514776;1.1910168259678893;1805.3876874768955;835.817388734564;76.20458070744843;174.41586129494956;8.173296002172986;85.63608162723207;0.44237590137468785;42.48802166943516;1.2273042295423913;1.002233152148433;1528.6419392463113;43.84095216107014;5.9424319754731805;34.97999696370874
99;1;211.41057506329665;0.4815670696509027;124.00145233348226;0.506927136365948;0.22099022643567198;1.2321984070316634;324.1236903980414;147.17541929775547;83.37166213850269;27.028621416689404;10.083651665946793;24.076191008494515;0.383324623631387;37.7344256040984;1.03945481239838;1.38401214181215;250.16165970108005;44.454738505840226;5.561569364341539;24.103482901358845
99;2;325.6944193033797;0.4787597187663831;214.43987271670713;0.5209882957733752;0.21587662639527788;1.3023158498052945;538.4887541125371;238.02591124735238;81.98446594098185;54.440456262652404;9.86309090764194;27.954220578399894;0.38053792730760017;38.18600774703149;0.9473061973928918;1.3676988441095648;448.136220271669;43.02661055311211;4.986590716469033;22.539093309992776
99;3;1118.40182251736;0.5025772878910124;795.5858918007643;0.500704868950434;0.456253066188852;1.2088413285419533;2539.913385047123;922.2642688942112;73.1539084181963;167.90186905233725;8.244649759767313;85.61149949709453;0.41246434729918596;39.235917404350175;0.9894279162217794;1.3271741633515524;2233.9049636238888;42.59375551758344;5.24364724161794;43.129999641627506
99;4;276.53530944085355;0.48288063696279865;125.69727742417093;0.5029765423122509;0.2772395895818227;1.2758506205205844;372.6239755432081;208.03429990883214;83.2474995465867;28.446748369905418;10.01732820083307;27.03514742789957;0.3894356236897143;39.9285381955704;1.0875086717134232;1.5370679240258722;277.44919662474626;45.63764847356199;6.566341385329742;30.862832529594076
99;5;316.6859456285884;0.4814356458941324;191.5767882190852;0.5202732276003704;0.32645231286638887;1.1310620484628466;431.8310385435159;244.4665469357936;78.21865547101001;41.83933469184055;9.968552177075852;30.583286819912164;0.38276347865496996;37.378905197275756;1.0268099475314725;1.300584221576636;402.6273109264774;44.33123423034963;5.303769186327927;37.99999783428142
99;6;580.8559657259995;0.4884411385037564;365.5199162143976;0.5162076632120413;0.36517641585202193;1.2507865119174715;850.9736840605535;486.70526955220697;71.58595622529914;116.76021063856753;9.71928543159566;44.01362629830574;0.39239256617566176;38.16818254073173;0.9973315190558096;1.3956420743546403;737.7342614431122;43.75890078200499;5.306744224567929;48.90000113085493
140;1;221.53653168374603;0.6470997329709113;115.06570159018545;0.36547673480596304;0.2062605865887066;0.6597259114991486;362.1021528273248;186.96144674106;82.86779083792825;24.38390941572235;10.045462191715146;26.020645624308152;0.45531684280727286;39.944406380559556;0.8512916772157721;1.0074226374570372;322.6634997284273;40.53278164454338;7.082936712600852;23.19999715111034
140;2;499.3167054508834;0.5131628839745445;329.8567964360715;0.4876833070003797;0.2659337022341114;1.0835276649479277;798.0527642705018;410.1627994736957;83.68608318715886;57.742166249974424;9.290591203562023;34.602231509354674;0.4160937185050846;39.62216546474261;0.8549175792390875;1.0777956540313953;704.259981576055;41.40793461117902;5.726770102505526;21.869996995787073
140;3;934.4349877734517;0.5216819260185449;706.2524312347205;0.47800218821375123;0.3520181997662473;1.065775665440722;2005.370266687626;682.4359043859158;81.3416555975114;101.16011602880886;8.319603205989234;58.36028881702786;0.38590972117683664;40.499455339219686;0.7848916558827536;1.049944570432955;1599.3116388974395;40.99567344664567;5.550997155778724;23.05819925231804
140;4;583.0281020527899;0.534006218095675;357.9556811097794;0.46766016361780205;0.20353965488039522;1.0438943958408067;832.1447977502156;447.231410732604;81.87940094804159;57.91088587356249;8.81831129500705;30.05015815517061;0.41449803058820445;40.33491109000023;0.7742088270248573;1.0753284769778046;730.8607261159291;41.12747668319369;5.502406979168029;21.700997330518547
140;5;333.56289802393417;0.643388059278484;146.67285217481177;0.36143709237080857;0.2051070891049666;0.7293171379645106;467.9303663324094;261.5005859507576;83.66145082285108;28.47659055891544;9.889557755614272;21.918169454310632;0.44649547167804526;39.99769393503806;0.8750829375796851;1.0783618332053044;407.3280789049563;40.31863119619729;6.637991455353771;22.07999725583159
141;1;408.6070124436867;0.4893798250844202;277.09514474676365;0.5108888057465046;0.3190291481865418;1.194179752616522;829.0104472393645;336.1056253975568;76.4995479134734;35.416433689174546;9.516269228407456;27.474652543735278;0.38998635426301836;38.70498510313248;0.7821703883097775;1.3946260352126405;688.0534487041315;40.38756809812408;5.297949876113166;37.781997135447845
141;2;372.11984109113024;0.4793529993408147;297.26731717733264;0.5160870481540102;0.3176941161395064;1.2606516597660993;454.09553367332364;249.67977886907298;77.31085742470027;58.339420363241324;9.746630567447674;25.58904361593176;0.3999318325600774;42.12075939467342;0.7758266089224947;1.2318447756822986;413.13378686010515;42.75006186483965;5.140292930509311;35.079996182366266
141;3;572.1755008086003;0.4322752770491201;336.12034739648306;0.5595020140354989;0.35258868358409434;1.35492332699898;902.0917922951386;472.3330737062742;73.23717894368502;62.28564173009789;9.398828293322742;34.12793610451143;0.37627848338775316;39.3244798844294;0.8058357212083022;1.6875804417875373;717.4765694551066;41.62295082286826;5.088429041186939;47.45999957846062
141;4;686.5295366765595;0.5911508297647705;285.20629463086624;0.4082778533830911;0.3590437238239804;0.7949075111549583;600.3906372684389;523.3744788143803;73.31757012836016;78.63002401212145;9.440170276478712;39.463814053614044;0.40748724582294565;42.45424317264474;0.886549171218895;1.249319800191046;544.9598994378359;41.03306578394239;5.218074571847596;39.65333546233574
141;5;438.111706143347;0.45597129373641315;165.98149816133667;0.5423766298209115;0.3151953181092322;1.2638174367647816;408.2589017157206;258.9608860471164;75.39089609338698;44.16395776771316;9.609196357126454;30.517946469317422;0.3320751672894442;42.87953822233494;0.6944727267402794;1.521206651015749;362.2390532745483;42.07951028121058;5.307902841449586;39.2099978970757
142;1;364.5853128073436;0.5417755716079744;123.82430384775354;0.46470513892018944;0.33020971479455424;1.016522504882253;426.06185621856434;271.45873484326466;74.90198715789872;92.41662686134677;9.596368810651708;36.685066405484555;0.4127247995763581;49.67278513536726;0.9214542014277165;1.4066151362367245;352.1050314387354;40.95244699744409;5.578387151725991;56.02999949753793
142;2;176.92184351151406;0.5608044277474123;86.63071293062752;0.44443508489427747;0.17952334562709363;0.9135929709988352;271.2733594582116;114.46568029455908;84.70499309038445;25.1601145304116;10.106779601706263;16.941279584703146;0.427717410382284;40.74936797902281;0.7485205443102383;1.2671498544279691;261.4252508446493;40.609221937977225;5.030066958902438;24.02940988056569
142;3;160.41422186911498;0.573193711675605;90.85978084770382;0.4348112202388818;0.30742695381952495;0.9136331035104209;253.95999570699266;108.40771929391006;82.31818313627225;28.741305281102584;10.074307696147379;19.279338567472415;0.39506373056514216;45.56022894852276;0.7114014387446599;1.3911036100829544;240.56955696634304;40.275362701514595;5.119504876270866;34.26199845348139
142;4;177.72937569162548;0.5052562447420906;126.61899368657514;0.47995353441674876;0.18364235706250087;1.1090830939034817;318.39544176642426;143.1039573027838;80.91264684120897;24.1300910050049;9.873791352061616;17.678707140385054;0.3771786330162362;46.52804627915335;0.6385266278525445;1.6443038277954545;268.9615537081118;38.87113602401598;5.561903566450489;23.200000527577185
142;5;220.22708439865437;0.5355124165733929;114.8340935397408;0.4619970692710604;0.22642243060098724;0.9693240328874362;394.0438642949056;161.69278449697768;83.53753551113087;30.006641495661555;10.233070420399399;20.955783429885905;0.41697054135283745;42.85273034006426;0.8155755028435607;1.2643557445719338;385.58189709094404;41.54389515736628;5.2003249489295165;27.076408083099967
143;1;1067.6879306312364;0.5084878673580071;712.7635978081344;0.5025325837228982;0.35256273696347995;1.1117946877734928;2240.440290524701;813.271590156748;83.04247335534754;132.85522860159747;8.01005069074608;85.64469850152011;0.40718207324294986;43.34267649130315;0.6426717475789664;1.2011957213782818;1919.1614764718224;40.20917799058383;5.4470512575489485;35.792901195114126
143;2;403.5149302349135;0.40192640170440747;361.4857702650606;0.5911222481268882;0.21142918437268876;1.5988885101378587;834.4382071719251;294.6123574079944;84.55934237164892;57.779270141499495;10.201056323387796;22.974908015007685;0.3222544936154357;41.31617384113644;0.6048645332656206;1.5014841671396277;733.5754951285251;36.51755748687401;5.209899938745775;22.18272549020825
143;3;265.90311336523365;0.45795561581609234;205.3775008145242;0.5397549921406489;0.27888843202154656;1.2477271423183132;502.44282037096576;178.55991665084002;83.60017425627431;51.23284848391181;10.103189699850535;17.46417516495214;0.38777088308771956;45.25793485832201;0.5747111004745542;1.2531402120621722;426.9497043204433;38.3127432523784;5.231720399768699;27.80307491553269
143;4;409.83717448370726;0.4053375109747239;351.2166504482135;0.577151686805571;0.32584288243373694;1.5144130724972504;810.1012142979096;336.1358763336349;83.08883641404276;97.84806327186271;8.878768039202074;28.148120848844474;0.37340285249768096;47.275564171949604;0.6725742429313102;1.4181339999486926;727.990343193234;37.905785488232176;5.407464186211311;30.137596066538162
143;5;995.9472957797774;0.4342689698859246;575.5599270472618;0.5671151908718997;0.3727925815686614;1.3797694738601594;2196.4024988229885;828.9300924883896;82.96730167716622;155.74129903440334;9.342908103792551;86.67434886622343;0.36868483177533806;40.97171385512782;0.8740112042344438;1.6823689023943649;1742.5694051343366;42.4729627204945;5.464480188052967;30.740832999043054
144;1;685.8582805335086;0.583127010822383;1052.7113676226572;0.42571794563383863;0.34368674908517405;1.003627281652317;1780.832341816197;502.6197458402917;83.09903849770221;133.85412682168496;8.69834335334191;60.105705184033674;0.45230675049169633;40.14934754254627;0.9177818827040903;1.0424370558831313;1542.254434837791;40.91033058153161;5.698556545616963;31.51000149855835
144;2;1316.178994055716;0.5830059528283252;807.6228514886761;0.41394616163090925;0.4057690933196389;0.9608592624452292;2383.2391574929843;1014.3376261674765;82.66652507391214;133.00971939865425;8.272694557914093;112.994580913819;0.4575865759405546;39.310401660370154;0.9564612150040733;1.1436030176502532;1842.4858935857328;41.02862290838785;5.842345605847369;32.35571433481086
144;3;871.4236886390264;0.47867106008959515;1233.527594400456;0.5387334368163227;0.36411882100169707;1.3995985753936018;1727.4930704027481;632.6709688975254;81.46578634218734;129.67255262649974;8.617257721489313;77.03303468086213;0.433260334409193;40.95835925917099;1.0158574251362602;1.0862338533673639;1574.1727336600577;42.97989182011047;6.3540991131521;32.370999145323545
144;4;1050.9692428781836;0.5956629998955294;1286.5699249527859;0.41052479000509956;0.364907183706794;0.8115708419396015;2447.3961693619053;787.3907761700502;76.69088522082217;156.48318080114944;8.35267082469311;95.12042973894098;0.4070037832670519;40.61004150719702;0.9885579319338526;1.2044745259173666;1975.3303463941131;42.65879322758778;5.384388493388729;35.1761236094397
144;5;981.5234674402325;0.48703892477491517;1240.7519117174925;0.4992700498311845;0.3613729095414686;1.2014697088541229;1760.5578678037648;725.1270576367298;82.4283676543778;112.770298585248;9.432559024302947;70.6092193753068;0.40498592988880316;41.58914735384757;0.6833382776626613;1.1279991835659937;1591.340432831682;40.114460589253035;5.288482518710435;36.224998190913894
144;6;732.1722403994921;0.4633286541074474;672.2557615337172;0.5278058186572233;0.3165104204394202;1.31014758784977;1741.9095829207245;564.0092386970122;84.21859127661986;89.7650181952269;9.027881998823329;43.069326793575726;0.4397193461157126;42.17384890840911;0.7160325057460735;0.9585925104977019;1642.814272428577;42.51429415016084;6.522531782379409;29.032879849203333
145;1;306.0980097844304;0.4315433562729563;293.9041755854923;0.5554657507148643;0.28530568843111487;1.416086336683681;499.7448445637258;215.6649888702084;81.90004411230031;56.77657215454838;8.506801531665621;23.899659794269606;0.39395030805637776;41.73567301511066;0.709875303281485;1.3273655967632885;421.05119646853024;40.524697083315566;6.123145439054453;33.15750124651188
145;2;334.1394628352326;0.4847751144366057;116.737241169286;0.49686005823002055;0.2731746940395225;1.1447302849772252;330.3072947277753;262.6530294561786;77.41118013212241;25.83123223760921;10.651834884269613;13.359519944150067;0.29992361146000224;41.9560535455808;0.8623655736697373;1.8172054563830085;300.06429309846555;43.31006196848683;5.094700966818122;32.68283109704272
145;3;399.1269137732993;0.6409695912681073;170.14048390995714;0.3565994242681208;0.4128806690709925;0.5718752271546655;447.99490495130465;314.0625697614637;69.9532333342882;36.14960183829257;10.209164824808546;23.55088778587803;0.4162457022146991;48.768152372234475;0.8511574152527476;1.5165931285723664;421.5322864820028;38.331699074809165;4.730835694805084;66.92999722492489
145;4;329.7061388378694;0.5404794082941337;167.95814522085234;0.447808308559239;0.3837397817103216;0.9146837841388361;448.53617401582926;259.0834733897099;71.9642047534283;31.763421336119006;10.371314306242173;26.55056929625201;0.3667530839915492;50.00881326441763;0.9669987771533346;1.644923507234176;431.73187465588455;41.261748429330964;4.952244892468409;58.67999801228711
145;5;182.86519021583305;0.47798918072320673;181.6175042676941;0.49446062529003476;0.21354979963354193;1.1470740309740322;353.78353544895015;161.46692461743802;83.60375444482887;25.238087744381264;10.42572136463719;12.093093357638411;0.4071223865350904;41.52209355344838;0.6699575318684445;1.2595101552894015;315.73272678814305;38.05661405628432;5.135504593383737;25.408155069606117
145;6;300.7432998275958;0.444116449066777;300.92619759747225;0.5514999003651505;0.31248702167725223;1.3814047946516967;519.0649515298222;203.64071350947611;77.7542024622828;101.11084893778302;9.693231800073958;28.51324206507018;0.37672941052438597;42.789306710676996;0.9919681845953356;1.4112333069875078;395.73820707815213;40.833635083703484;5.569044876112438;36.01923646609412
146;1;202.4721770713613;0.5121621739518919;106.47954874170772;0.47957568919120114;0.19477303473230953;0.9921675058276466;308.4654742497607;153.61047414692248;84.9246379881487;24.42371644926336;8.951971917481403;13.246961179155358;0.39221533249001767;40.788265064844936;0.6681099611588425;1.4869635134552712;255.32688340224615;42.521884716396606;6.632102923182534;24.305397969097626
146;2;192.58595669476708;0.6322177421358873;95.34932409001769;0.38104544326182876;0.24722665221556944;0.6390622445426537;312.7309772440014;157.76026903482148;83.5531691000293;22.84867944744829;10.139318896544696;12.48421122534632;0.40720868181820113;41.03666613860578;0.67625619548761;1.3159057273926364;314.5396719593821;39.60140259852912;5.168186117890411;28.494866893167856
146;3;353.6565753120498;0.44588528407879785;254.94400939142741;0.5385977625130276;0.27809421800976175;1.2968142490690557;782.687791470791;268.8187169506987;84.2724086998734;28.741663586327753;10.467471939082643;15.814685742374568;0.31441436166664405;37.611104226713834;0.9057160988136584;1.7545278411666616;678.7327735599023;43.272589630503354;5.323933503150948;28.166670509117502
146;4;177.83984404687763;0.5174770168724853;130.68920347689482;0.4723645437108354;0.21113338258894795;0.9745863839085863;327.52213590878114;129.38975828464396;83.37522543455727;21.935925525059577;9.640605301488131;18.144684957204877;0.335729836003814;38.92365262877689;0.6065847724076924;1.5882252817433706;296.7072602653488;42.08514392174429;6.069345585456399;25.944831689637017
146;5;274.47706207976745;0.5517489848783133;117.25086058647892;0.4288739060039568;0.24663037306820568;0.8225139893593156;447.3674478924567;196.84713341083858;83.93668456345117;32.009619624096516;10.243189053946928;14.061440032609003;0.39013632466008064;41.09034702701466;0.9968082329898769;1.3611471150376655;377.63226318781517;44.51667268390669;5.249326297785206;29.337270425784016
146;6;280.1491248932784;0.45576185000258135;237.36665227318537;0.5334945574725596;0.2440223025875493;1.250798900200622;738.611403664056;231.00577143392576;83.78305473638756;34.851073490311016;10.038571984551002;14.98256204835394;0.36716650988651217;40.94524778567938;0.7710579677063168;1.4368619777284966;643.274486073148;42.58394535465143;6.258088808239784;26.242668383713962
147;1;743.0065373560814;0.607206569838968;451.6097011280779;0.4069797980972995;0.36068809544969355;0.8688373507700126;1936.7530084971725;548.7597830570724;82.52150314368771;129.37146371566996;8.450521690969982;79.12222909836896;0.431609240579227;41.15079641181206;0.5072020043873373;1.132582934048038;1744.6407163780875;34.76784832823566;5.509523817395232;30.654001609116293
147;2;591.6188901051894;0.5813805024483577;688.9425411819516;0.43286493318203145;0.36843766498755903;0.994232677717292;1377.0265147154435;414.5071569795814;83.72125929329327;140.34307787543182;8.490262473471462;74.71826226673974;0.43957917209621455;44.70130064199584;0.631289230670477;1.1197444723438732;1305.2095854839508;34.76747592264434;5.308891645268882;29.75666562619814
147;3;699.1452213445439;0.49976480802984447;983.4791285139581;0.49552633441765453;0.3750813518237684;1.2954334909119238;1823.7873077991403;542.9480050251021;83.41625809854222;157.1048672728528;8.408026828604543;71.42766896401736;0.4271736977107095;42.70328345693813;0.624476151968322;1.1631239471185142;1600.7869796732564;41.65604029021087;5.461138271026297;31.087333882158795
147;4;896.2927788464664;0.46396072231798596;955.1621912546215;0.5244168600830383;0.3638868194793387;1.3507773019370115;2093.170397508757;704.9172461130975;82.957586614203;134.43007003523368;7.965146802966472;83.90266260263793;0.4380843565210434;41.06855967646257;0.7379604012416966;1.067564893621769;1828.4488717696668;38.691144720197;5.628759660999123;28.38250086366975
147;5;690.8514205299695;0.48804943910964604;1063.9550006621755;0.5189635058151536;0.3755888138331383;1.3311310012707933;1692.3477238687065;504.4654028141868;79.61433049073815;114.61183071642743;8.825850893372358;79.5547352023075;0.40750138415423676;40.5915430881502;0.9219937519364555;1.167457876698509;1529.4037912222536;42.67062679966899;5.442021210548306;34.92399659805596
148;1;918.5017881178168;0.5522102313145172;478.39260327604205;0.45451976113335424;0.3272568964616326;0.8459096802135309;1797.4696017418537;676.6658643551616;83.00041643146608;109.56327519331144;9.479130814959563;57.81454994540197;0.3768557301525336;37.67888261984347;1.1026427458883221;1.2246167765864324;1551.5667563343634;45.06632754622767;5.385706702855851;26.21122056807271
148;2;629.2027268017594;0.6082090509983863;270.5292717945406;0.3934600067419808;0.27972844921082074;0.6619401230372948;818.6307734589265;448.0995459116103;82.77288020492274;36.66150654237886;9.892396591462656;22.574576092029705;0.354438219169292;37.797695099918556;1.1115392543626885;1.4364062171047847;715.1510675827172;43.88758259866856;5.278563666015464;25.97958003816492
148;3;421.47002805913996;0.5982760436589688;268.21830147607335;0.3935194794562085;0.2628536653501734;0.7192736981358723;706.1231158791398;313.7000747911496;82.76749938469575;37.49283760088813;10.175764221644359;21.908511724540492;0.3493176330595393;38.27836545081683;0.8750416840194966;1.4614073053074668;675.4134004766265;43.4830289710432;5.976915735853495;31.804235064112515
148;4;471.19757078931127;0.6448194607850286;163.74204400816652;0.35524847568253354;0.38473810425010585;0.5917625907862981;441.0419852949796;348.57327372647865;71.94139634662554;30.622754659319927;10.342158249734165;22.372326579542346;0.37398000337744874;44.934318278059514;0.9487053252492739;1.6184109796185293;455.6202131176987;42.541135613441696;5.798972246253976;59.72999796844948
148;5;538.9094473441878;0.6184480127677021;273.9516198703088;0.39110457933874593;0.19914572916803233;0.6486488350150985;820.5313794419394;440.8882548909699;84.05470311911891;51.45870888673267;9.404719766697726;31.53182065624351;0.39038976257326774;37.19100872818097;0.8707890751605022;1.3804224557095282;704.4604394514217;43.774707689938815;5.255650530727548;23.09958366732181
148;6;448.1012282641756;0.6124786530497771;273.7948793275396;0.38743366385954825;0.2317885961677119;0.7784120578626408;779.1602990767063;355.2830263456318;83.09226222878456;41.39373705552602;10.131894631508437;26.339010823038322;0.3989213667776786;38.08844718088769;1.1317036903249467;1.1899498280403136;647.8911541598413;45.43653586568973;5.3654407482797755;27.011761879844
149;1;270.3759849880223;0.5047571820323514;120.94328176987936;0.4837011075328697;0.24455858920009454;1.141200729907008;349.7920715600808;224.32560126245505;84.20944490086593;25.28971879982266;10.406423863934275;15.159931155368316;0.3347326009204462;40.3239006388454;0.8697933462501662;1.7778769796716585;313.4506392493065;42.85117642474185;6.2568773904486;26.41028842445996
149;2;227.72265635377477;0.6310075594383519;105.9300270258917;0.3768001509602929;0.1617412763563179;0.6698731002438798;345.9512314611086;190.0714835268829;84.05426566179912;26.406357714667514;9.6493691958151;15.005134914031526;0.36642105821916304;40.954758435902164;0.6757682885747723;1.5602209044939384;288.50344321651505;39.19456664946631;6.321277940662833;20.033749598487077
149;3;290.7665031395676;0.6167072125210601;127.32935145157361;0.3864117562656877;0.17211475549903213;0.6580026170925831;382.6122848930965;251.12428641364372;84.12100568296415;25.487597113809116;10.297936815027708;16.69651185317559;0.39065178812146134;40.38737828292838;0.7328246918720706;1.4391401790004759;357.86610776953387;39.57459466732562;6.060470062634198;21.43999887839425
149;4;265.7597364227039;0.5853655872482871;106.12810815592916;0.42292607999927206;0.1809454828419197;0.8651352528069746;347.0201619435741;220.616905903995;84.54619982932498;21.820228943766665;9.823590698293176;15.065886112171823;0.3156861611160049;40.04430274175965;0.7834252845816573;1.7724971144416943;323.80489611457244;40.52218488603873;5.701033734935436;22.272725880159182
149;5;265.8932538326686;0.532053292787321;109.96751805568015;0.4593735514372916;0.17287227889391615;1.0431011070744431;349.592061503151;233.50400155823627;85.36966787538806;24.584197264887358;10.569438020625517;17.22039098796694;0.32154881173600897;41.133614535481634;0.6573980864298251;1.7254959765215054;311.05093074494073;39.67867679833294;5.685503343381493;21.45750068274538
149;6;179.69038048379412;0.6266327031525357;121.13905805664133;0.38050768436016225;0.22761398648275846;0.6167888255690452;321.3480566851197;144.21571503386474;83.26111404612125;20.570682529251616;10.2835642287168;15.673242896878344;0.3937017245908955;39.062768626793584;0.7351823822111245;1.4161084442512477;284.51820228549;41.24770286612369;4.913188364513218;28.126161876608062
150;1;595.6289446540516;0.44736473532118;313.8628887451056;0.5396657263225212;0.31883165353359216;1.30810922171488;982.2039261466864;542.1378194600767;81.20261970590886;43.916312187309586;10.148608658707802;29.045028543385133;0.32197286960755234;46.1495471842929;0.6144653883018669;1.7149825970994437;891.5882633621385;37.5347544724324;6.441801844781721;30.99783151427429
150;2;779.4506115700393;0.6160773287372036;453.75503119426924;0.3805942616432982;0.3022200349592265;0.6635679665245099;1563.0496495381358;627.4088317828259;83.48641780841035;81.648867253354;8.719009007100881;41.935047813750025;0.39169728176188207;42.699436788160334;0.5881414163666786;1.2879136993355738;1432.852876773156;36.73892133490956;6.1516394393062495;25.640666299041232
150;3;1049.1937939279132;0.6081482859235294;539.6149085945455;0.39087825288960026;0.35052104644256715;0.682982126440758;2029.4434884700975;757.4927479532638;81.76442973611798;118.3990261548063;9.69578466210857;71.18165420581535;0.3820486424095212;43.40860958831761;0.6071032481117933;1.1988744078180726;1736.37294201494;37.78840285434283;5.527120061504627;31.25131337924508
150;4;884.5009070734602;0.5092097194873683;395.51972964676673;0.4887577590250452;0.31582822383159653;1.0473473564019251;1545.775276216691;718.8102185713286;84.26820636193457;70.64705037540934;9.479484996789106;50.49341375487806;0.3114389026873704;41.585202088033036;0.4924927351976662;1.71826005199848;1279.7756762022605;37.709687607247545;6.465357600294332;25.95157612624697
150;5;527.2415230828173;0.6217618375732457;284.399660175461;0.3769586381417287;0.2654600527427596;0.6230938387992788;754.6080291865834;410.3099722133229;82.2853470839763;34.17255310392759;10.160003681140841;31.155013834263965;0.3799910223795355;44.00190623875815;0.6050890790308527;1.2546050509626416;710.5341631516707;35.990049690722934;5.470803852667621;26.04528866216443
150;6;586.4219493676067;0.6261207527278997;285.598431949097;0.3639787853151702;0.2707963633865692;0.6154344898239055;783.8766925160472;447.5935548914307;83.60655051559546;31.770544879109377;10.255420440797128;21.301697925681548;0.35176648981348213;42.028736341535;0.7100262703926917;1.6985476724876987;722.3520548549991;39.12211495233046;7.115681319138815;29.823075054001027
151;1;602.1331960636923;0.5172586975340215;816.1523662852637;0.4851294156117501;0.30554451673590494;1.045987688908191;822.1645443308125;496.0910362843842;83.628951208008;87.90362313221318;9.595136629485122;29.909728442006077;0.282676705162791;40.77325421792128;0.5574648167538642;1.6410932008348496;737.6260653060314;38.32345323899336;5.5363404357886585;29.716575063901487
151;2;1046.221315167113;0.583265726503412;1039.3654554246984;0.4030008896449571;0.369366126539444;0.8958518087259651;1829.1823530202535;811.5488977171086;81.49813620429146;146.78025004593772;8.73463237036629;58.11846615459692;0.41381768039551475;42.10475838281263;0.7223322660511491;0.9260925411750324;1607.7127330887422;40.04452368460579;5.466527908772702;31.2723867943814
151;3;1033.718483570353;0.589872885791701;912.8176310674588;0.42158432369028753;0.384713212706313;0.8592144860796196;1786.3181182390256;780.3550734191999;82.32236543723685;143.9637635003338;8.263529640386203;67.47890545002835;0.3966138437072053;42.36515910228881;0.6727416985273339;1.0224122402075304;1534.530852596417;41.023392489411165;5.564772122159678;27.87250285086694
151;4;1168.9453772817144;0.4844262631706039;1301.9695152429317;0.5173019940837859;0.3915474770492529;1.2441059439624864;2045.2704569287293;971.6502728254902;81.48461503603963;161.8315398956331;8.35348585077325;76.2656634186092;0.4084532391028221;38.36895062156705;0.921736550375353;1.0317015500805788;1730.439239401364;44.47646143939092;5.381426031722643;32.370002678318954
151;5;1068.6033426445154;0.4785243853482723;1262.2961142058055;0.5294276820168219;0.38458410427313955;1.325234316704537;2128.3748451180695;869.6354056813747;82.25255438248628;165.91242607029253;8.377981590200708;66.60574283280937;0.42081209527645436;42.02215711577195;0.8688791538917868;0.8941898954025171;1711.8477073652416;40.52708937729976;5.707784168657031;35.13571595512358
151;6;480.2608085227673;0.5294307375628542;787.8044159429595;0.4666308396203715;0.2593001531521936;1.0518065556770422;821.4074023418536;381.5900682834201;83.03061021361364;85.75647233051983;8.998866302370285;34.41905952607871;0.3976834863897082;45.37917570074727;0.5298777400162171;1.089621587866435;692.8943205844952;36.966233194069844;5.486941129049869;22.87999727781656
152;1;375.2677588221526;0.5466826258486995;311.6230741133081;0.4452117213818743;0.2477262457265172;0.9751276335142424;738.1657804352403;308.2222825847575;84.13705055982946;41.868448079580375;9.148635490115403;25.451435710950623;0.40438956409841714;45.11881490828464;0.9731909917789523;1.0711958176931913;634.2380540185328;43.75319372001298;5.71650435175678;24.38162369194767
152;2;960.4705778826237;0.4139251236143474;1038.2577005130627;0.5786046935045932;0.32890839341993783;1.5738046311413727;2001.0939670894927;708.2581880913623;84.28006945426883;117.17657383657134;8.453335186072783;51.42075601684318;0.3770269543083485;41.871676159212676;0.7924249770922817;1.2072023695685508;1766.626108837266;40.86229816618123;5.903476601299778;24.40833138567296
152;3;1116.3161111087943;0.482702226191141;1052.2217282675128;0.513011493816815;0.39002336870314186;1.2147696815391442;2117.169294845387;783.6562195489685;83.84670433399793;161.71047734818336;7.511501756059582;88.95966832899887;0.42003901131782884;42.50798346031685;0.6119435520776562;0.9571143256250714;1971.5030959341009;40.594561949505135;5.945692768433515;28.214723680910048
152;4;748.813952344381;0.4430170270024602;972.8848912436118;0.5500604520844875;0.29037958385666796;1.4568848840972939;1608.383962837467;544.0263413246543;84.50035088139049;103.39343906766231;8.982848409898017;50.185603410428385;0.39761635922573824;42.63276171021045;0.7220322405261987;1.1771543915822476;1453.9901964259311;40.739457491294495;6.0432203670892495;21.519720640642323
152;5;1055.0381850555757;0.4261230819574966;1090.3245099387232;0.5771495331201871;0.34487238211144194;1.4580649479417445;1773.476433835856;790.0967179644399;83.7630501850116;140.45607790935023;8.097569011790075;81.46575791678875;0.33744073288606713;38.83336641765927;0.6509719361469952;1.5533074504349473;1438.5236158915704;39.49229002004651;5.5054642271327365;25.508332939307916
152;6;1043.633101746441;0.5559276471901702;1047.4111257810835;0.4424358587321275;0.37159166359409523;0.887515345062597;2038.7376125064388;792.0211463403366;82.11525674075105;121.18657639344285;8.655076851755924;63.041607970952185;0.3945785430386881;41.93924781802794;0.64755196659783;1.0898548518108362;1782.0260250541437;39.6946278901325;5.35332468715911;31.16000154844294
153;1;157.48210160517158;0.5572121232136059;88.41985963549995;0.45659126189426674;0.26299808218397636;0.9340674977223972;317.34556518802987;134.82963745243111;83.3776190653223;24.633015823753208;9.170211447277294;17.413398321562926;0.3808919325766245;40.2216373697039;1.048197588915753;1.2741407365187052;275.3759605675555;42.783753680165184;6.275066430274444;30.380998872226304
153;2;187.575699774387;0.5159815653727234;128.0446968765603;0.48182134883363226;0.2363823472086334;1.085867402194692;332.3791194685931;146.1540455707443;79.55483960498833;23.511212360955252;10.066178281221903;18.065752997619114;0.39505514767075584;39.74533345569061;0.9827068779164108;1.2154742007512318;347.5857455612172;38.95019955947528;5.014187707122997;31.779996734847785
153;3;268.4046780867838;0.472888533020029;143.2995703195408;0.5207895534879956;0.31338057492890725;1.2408758937810562;425.3387050115101;214.58507234406807;82.5460125131643;42.44895850182376;9.86168832536804;26.607719230606484;0.37475595669400585;37.01056592756308;1.0170065951809244;1.3757229508947975;343.7346108059051;45.38230646939811;5.339224205624897;32.129997458672385
153;4;205.2772069501415;0.5261655332591374;126.13771486094319;0.48056775503012733;0.33778746116994696;0.9620288204586774;347.3367869491986;162.38497333609322;82.13575305043646;29.863536675976906;9.267903269534482;17.770467111718094;0.4069560531353684;38.94003135657081;1.031146926113932;1.121852260021763;297.32627587846036;44.509358860761395;4.936259474868795;32.74999766044866
153;5;188.8506077950059;0.5140249831665262;107.13046557902533;0.4839589357475928;0.3060956376591688;1.0690328968471927;319.5086163274772;147.04991220352622;80.56745084161693;24.575442881400367;10.122542882295386;19.095586203686537;0.3876671509757751;38.00312681396363;0.9981896870117868;1.08914022706463;280.59819651193;45.87639575437951;4.851819572327707;32.109996838033474
153;6;156.24911997603775;0.541592806634755;92.52472160618716;0.4663218708696157;0.24074049963113098;0.9587300113762194;293.92839695019916;123.41551806371062;83.56746321955217;23.982733150249736;8.96021408344558;16.999093545277393;0.36561045019242555;39.67397638805192;1.0553012232827783;1.377037379558736;277.92270921535624;42.893442398876935;5.136458404651604;29.27999638134945
154;1;1053.5181132338485;0.4161306669281399;1082.9570537447294;0.5731899429935238;0.35919789671662505;1.5507652707190511;1992.6325533050854;839.343447551524;83.10089769307552;146.47163808828188;7.888070276089699;95.317904355444;0.3661832802052594;42.97341273913828;0.7861656946713396;1.4353607318576826;1736.2427603522408;41.901475341407675;5.793890824714581;33.74866808623108
154;2;991.5645571865647;0.40564993929265525;1058.180192976246;0.5916460257567705;0.3508320996076458;1.6148230084746227;1827.0991093670275;857.6797134601854;83.80057545922453;131.0839565942519;8.786319910432669;68.34494560730086;0.34006451639989005;38.923133934563445;0.6773291934276692;1.4677695855746387;1625.5401562268578;40.173839884133834;5.295053604896868;30.223334685682456
154;3;765.1512715370852;0.4244404792503678;1017.2985131231676;0.5672873667103101;0.32102899316301986;1.481424994802533;1612.1726121207362;558.2277697194836;83.63289369901345;84.24024478579585;9.26658596914278;39.42909335151952;0.3180531368792291;39.391838414772025;0.8005955726083989;1.4166336848334695;1346.8736206509245;42.65682494219572;6.801123881244733;26.50009880529655
154;4;848.8242326471664;0.4800372257085118;957.7910488261238;0.5157452428129279;0.34021975099713536;1.2439872612735432;1901.059953427837;671.7775493304534;84.13478290084012;119.03823301461391;9.487654358167227;51.38487795895704;0.30658162804492156;41.452443849664185;0.8213671998968382;1.6072905644867788;1513.5273912534187;42.420608976196874;5.6340152054757615;28.493078828505944
154;5;976.6422785827968;0.4151130848158299;1065.3521203077062;0.5777236027095379;0.35037507603928925;1.492099111603043;2060.0114569658126;753.5808667459039;84.24268884990538;131.02814734272192;8.844620657714353;51.6569553637495;0.3214450020185426;43.08363178113233;0.8325228605854262;1.6644377496315366;1904.8008766597573;41.949536035127885;5.43770451559791;30.820836292041285
154;6;927.876092013219;0.4751886186928204;736.2202338213505;0.5282255854079984;0.3631702640446443;1.1459105721916278;1727.193417307882;666.2091598892475;83.62906277834308;133.79637557804065;8.6592368706353;62.59716327739711;0.4023056548288402;41.390342021454074;0.6974838668339425;0.9561121595800885;1530.2459757899787;40.29406396640184;5.470325750134177;31.720002598631616
155;1;399.01168855361016;0.43646575674286814;276.96480787668037;0.5694615111716638;0.3201636496329064;1.4078242836231183;622.395804324184;258.59010521956196;82.58590619326988;79.68726369835153;8.625646854595534;27.672800788865842;0.39315046745223414;42.789965151491934;0.7724196091145373;1.1672241127153484;585.7858892111478;42.64491858181113;5.0968624722143625;34.0992355822075
155;2;410.4232750234069;0.41868084837175046;391.5936174558428;0.5796208543342423;0.3227067781840146;1.420947876401895;768.9035124975229;299.7961590673932;83.09324512585214;66.8913233718927;8.724452809602644;30.12222979588129;0.3724481957767839;38.851634075041154;0.9204425796601957;1.1435299436107906;724.698191118953;42.157704486048715;5.298604715071243;29.9827494118122
155;3;301.8895212751635;0.4251311578223149;247.3631887657196;0.566522668440932;0.29706104350880336;1.4465593998060704;469.2025416813693;249.97006329084238;82.45559718952921;44.239182527475165;9.27365698503384;18.98198038522639;0.3489380892499308;40.955949961258824;0.9429069660610206;1.2706047645261211;369.9985314700368;42.28679213407876;6.220296353356644;35.5910682335753
155;4;371.1396415670736;0.4375027889652129;377.20950369466743;0.5469016804877762;0.2980830045097474;1.3845161149577663;751.8996066994713;281.55094710657545;83.13661689159497;78.43571778634849;8.722291442907084;23.59947549905477;0.3862427089307616;42.53600791786817;0.7596263002668125;1.0028022245558863;679.8322121953431;41.21897183888733;5.466451745867491;30.458327142809978
155;5;554.846301420376;0.41137384668817945;492.9958887150447;0.5837212716592142;0.3342881911780389;1.4696578812663617;865.4059470607992;360.7729645152217;82.87871747210876;91.51344777487486;8.379584178459417;46.09490761685259;0.36682911994059675;39.26574156972142;0.8564695349210603;1.2070507879683023;795.1087679025015;42.131454886429836;5.17320201193068;30.87533373563953
156;1;467.05241023964743;0.5295278768149495;448.71062091854554;0.47399581877260194;0.2730869302717699;1.0343548032062668;837.4150439901529;382.97124489473646;82.42684010247835;69.4060602120993;8.616637072760188;39.16526788537017;0.37492096442116607;46.77338715095681;0.653079086025493;1.0282957920327573;660.3914785535347;37.34453106007333;5.4427075626349195;30.395002159300237
156;2;429.0135246480559;0.5421379572060976;282.4591042846669;0.4697084077196196;0.28059757306261796;0.9906036605658493;690.7368507473731;345.8443488026566;84.22812682846877;50.396118006866566;9.057432338280876;22.582056574900747;0.3320742994718365;46.10464860044412;0.47442724579680023;1.5255493312310986;634.4518496625384;40.25211665022441;5.323778391489439;30.255002613812334
156;3;291.5000232882848;0.5433435894727036;156.33032120666883;0.4533518164613253;0.23884881862204402;0.9752854509148214;363.2001716687064;247.06466224480727;83.79931177150546;25.604481288090565;10.08494761230327;21.442156709152204;0.3907562105084532;45.118596286244035;0.6380849669955839;1.354380107136953;337.52246256065985;39.46193710906278;6.570556498535296;28.33383309892811
156;4;339.48864531110763;0.4818270035528024;341.9871270054323;0.5032541286569436;0.22383412507069253;1.1965965179449647;638.1721619086585;272.4142336584524;83.01288514773563;68.59049836212355;8.939879583149139;28.353017564171193;0.40553947601651835;48.61025369973805;0.5741331923179394;1.0956237707646428;593.2535610780438;35.71208601268258;5.505951691599673;25.960667279489943
156;5;263.14617903729743;0.47116964940645123;254.37245639146286;0.5157900253737223;0.2266263029163554;1.2848733189949095;453.72979194744147;201.70319575333212;83.00409153745144;47.2547337976791;9.15872599790983;26.863657097773054;0.42258158156388126;44.93093657203278;0.7297310108247792;1.1516715519724399;396.1078309327363;39.192404093341445;7.306610153874347;25.82899913267769
156;6;323.2977956498755;0.5295844216791694;198.33133539715328;0.46819518752388434;0.22469145087009618;1.0415283049006212;522.8690441060209;236.86674625666265;83.70989670048046;26.824566623214288;9.702507028523156;27.27044782067399;0.38435649393427407;42.947582616510424;0.6248245079098806;1.3605937403942208;471.50446274680735;38.999978409162914;5.86713779035812;25.909264495633455
157;1;1284.9497633100339;0.5258447841602597;1263.7325185795912;0.4712408182598;0.4460666266865352;1.0554057444889122;2405.4656650521492;1035.6416063526128;75.49531739862918;170.64582274437583;8.033295826426283;127.64114296939142;0.3877795234998409;42.62643865560295;0.8398980866457084;1.1010635250750471;2062.4514234034195;42.4852113884309;5.02856300454962;43.749999810610724
157;2;1208.2576692418709;0.4158713390746081;1255.3810044593438;0.5936212317392195;0.37541965108495745;1.6880358236347472;2342.3621010766633;939.7601641894955;77.82368425127389;164.55617025903476;8.580127076846162;104.53247650246028;0.33129585572787656;38.8899317950859;0.877860947304226;1.7325347027108966;1989.6993221198954;43.07390357768252;6.242686972808527;40.21999824485834
157;3;323.2978299917936;0.42945315917276794;338.6755317590539;0.5483190180195519;0.27073199741554593;1.4005868935562489;664.8208205232794;223.48957316314502;82.3894278306534;56.1286107375586;9.362128662085729;26.27198332470836;0.4023796760638125;43.039502604709455;0.7760376235434362;1.147129622845821;641.8222118473655;41.26462010648025;5.3175336953149515;27.18500029684957
157;4;385.82283859214493;0.43860013158644284;362.41406362351813;0.5492600002090791;0.27016023194606026;1.432098229091309;891.6742135780786;311.8849592831636;83.20256254854749;78.10337413732235;8.93825363691044;24.870837346625787;0.4279650542783128;45.34834739248119;0.7293621261929344;1.2135991316220425;708.4480284485719;41.22778685673422;5.520709368931858;25.046820707608163
157;5;1090.0470260491165;0.49103013407694135;1017.7084499172951;0.5193616854994706;0.35003480437750134;1.1979412510829912;2028.1169362464495;820.9861340429244;80.52198550536964;156.21725655757814;7.985887773823228;110.60884581816227;0.38203015500006077;38.31948598375946;1.115631914543862;1.1621707585045071;1909.313714196681;44.8364576669151;5.097277363135396;33.28863746821257
157;6;1224.702004071278;0.44009686250977353;1390.7131738478868;0.5667776547677421;0.3943260502548405;1.5135674393336143;2235.30761595908;886.6188179991519;80.20928787807365;146.91400120669317;7.873611077018414;127.81653461428733;0.38454502076129143;39.03936113490274;1.1413306951052062;1.1396365864613143;1901.2823978592373;43.97435536251698;5.124553730400447;38.075646456164144
158;1;469.23253899071017;0.5830049418184325;238.94930277344065;0.4141974340874331;0.25469816080921354;0.7705161091105308;697.4852194803627;400.0202438877682;84.1046936097226;29.849508321935403;9.949944157569265;21.172318328034976;0.3160340038894076;38.1697682563729;0.867536014394712;1.6623056378991223;663.9476258284564;42.52026088961344;6.057487105942653;25.460654398928572
158;2;303.2654898058873;0.6217262239693855;125.52277439165371;0.38706053656749306;0.23600800059568283;0.6594495176638074;336.85598929744896;236.5997911559047;83.49636442222013;24.84634357846498;10.074393580659343;18.610167455165836;0.4137523047958037;39.075338516462104;0.8341905352702378;1.274697391307709;317.6515933542067;42.43732065931691;6.166970900707669;24.84426540206809
158;3;431.0394353919842;0.5460371968070338;245.66227994930628;0.4551799519837211;0.280135473934264;0.8659315229742659;659.1351756114907;294.7558760635562;82.8293135433578;49.027687515366466;9.427081738965562;26.151514930648258;0.4277678872258053;38.78222639288497;0.8405403552275504;1.1994299368210017;615.3950277815358;42.83176609768113;5.2990361044854986;25.378108949548572
158;4;375.7680713583843;0.6300878460122488;171.45258252253137;0.3801563980729376;0.22653466364663205;0.6502533638049506;625.5182862789472;297.64550509199137;81.58251390879681;27.631187953871976;9.833524293555913;18.068502714424287;0.41412768240272796;41.63094192938226;0.8402604917936976;1.1948092762721059;587.4823685521507;42.00979182759693;6.263939888325122;24.716101816337805
158;5;425.51776344792546;0.6163532731882986;247.3828895892356;0.37635830790303276;0.23106333058920878;0.6521053616931374;638.370148168168;303.59662465680884;81.80709470138898;33.62998535392049;9.969558579526174;21.329148519165653;0.3998425817881893;42.20476127472063;0.7683866693266956;1.155981069169508;568.802921666783;40.1089619715862;5.96987487887265;25.197860160386032
158;6;874.3816167373033;0.4940465655054364;361.5374708779854;0.5177084507428347;0.31054890891350473;1.1295312157458435;1727.829802899929;694.8289191711807;83.40780160948648;83.6459170201933;8.908405641795753;57.984175199836024;0.3895461953686061;38.37328190934114;1.069870839776354;1.015260777359151;1481.149847731829;45.58735611359553;6.166605668081432;24.715079450765757
159;1;374.5529634714534;0.6428156645902373;233.3136298331254;0.3576518927613403;0.29574032364185543;0.598986882820513;808.1165801732853;286.29169197492524;84.07078051216618;42.88720161997776;9.115576854214783;30.718856868254882;0.43879861422694577;39.93038911221706;0.6988377521037087;1.1648490579785962;648.1982368686183;40.148101246822364;5.571191391252307;27.018913748506588
159;2;350.9914937924096;0.6286466028634368;158.41206780403303;0.3684781733293507;0.1993905115059051;0.687163049461349;628.42146764289;285.616022134456;83.83230288571636;32.18238569480121;9.54131380796514;21.208514756973603;0.403476164670912;40.3863633593035;0.6001820455382202;1.199984592595127;562.9161928174334;39.18238270554596;7.0149535657966;24.230291108440767
159;3;331.75436778594553;0.4882900202308074;149.6768915008761;0.5131396921919306;0.23419366652485316;1.116752855660437;374.8578648670211;253.9396472533234;84.26353635785556;31.51624898758957;9.52908716579516;16.503882610162776;0.34604433279494146;39.71880202908629;0.6419635433169516;1.3788478395521946;347.4908469963063;40.46154140950593;6.275470768233244;26.225108335298568
159;4;271.07049664751054;0.6271639365853218;129.38563621309441;0.37608806252839777;0.24945933874463438;0.6358413589451212;401.96130554510455;223.39393097193505;82.73997212763086;34.747914226167694;9.422712251169406;14.709748806432284;0.4087653569638547;46.81965812431028;0.538761686579235;1.0864638912662055;367.6842638756869;38.50672081109597;5.418237941115358;26.487080999960725
159;5;471.24235864085216;0.5967397813506448;234.15147905131084;0.4028473072211267;0.25488508076523403;0.7541136190488684;685.4538295146929;322.5713338484249;84.64462788717692;43.628654730016976;9.641642232304575;23.468186133897934;0.3519280321052262;39.4048358368857;0.9413565580217335;1.6889241636826935;598.8729812813012;43.43028197462617;5.679920560049352;23.51763975594148
159;6;445.4342047625923;0.6317091287744582;269.0052474437268;0.3701346025781134;0.2741572757640368;0.6576437030473203;803.8672155250989;318.226608554498;83.55718141107464;66.03385336495235;8.785592733121478;24.74087996265787;0.41716735960082163;40.68429894393692;0.845751700852034;1.0773587154659878;696.4513885102916;41.515509351394655;6.297994714760472;27.343445277398907
160;1;742.5110442791537;0.46119522521445305;899.2091236864586;0.5464069040094247;0.30954963661525925;1.3393284805043526;974.8573179481375;545.8431519649696;81.8789495349266;110.05561991500777;8.823125591189894;50.640461334336116;0.36081454215621106;40.1719739941658;1.1692393316433582;1.158158796185928;862.0855740442972;45.20688876317064;5.1285077759956;31.917500728844974
160;2;687.4360515024719;0.5314834371525461;346.1163446289362;0.47202456189789227;0.27274483666845184;1.0411761829226882;804.8269311217913;546.1223415815041;82.42287674980092;60.44247767687033;10.108666086223344;34.47997872481118;0.3849095790198506;39.95617920738928;0.8018595979866422;1.1490366515159542;703.0853636263984;42.599362812858345;5.59082637801742;24.413345636193416
160;3;310.27615190458744;0.6039470515237025;160.29339454317855;0.39566364827495965;0.2088190239973823;0.7553022456352646;382.0409682635593;273.4409709765876;83.93123593028338;24.8258738180981;10.174427341391096;21.18101694710712;0.42544762576237033;42.846514667766726;0.7484304474532237;1.2503638595309097;382.24310437243037;40.52666983535574;6.287109894587158;23.983649836626185
160;4;1037.295575713189;0.4560595828229414;1056.8635012079;0.5463109268638439;0.34550818005288064;1.3146158745809908;2017.072013988186;840.78188260251;79.44075873626868;125.30767965321067;8.306817948107412;72.03472072179262;0.3727416157855157;38.091591549310564;1.0435081370019892;1.1585784549717604;1695.0850956407442;44.01368477144975;5.582610547922749;32.899418772725205
160;5;846.3952038012275;0.5060006703662898;589.9765445675544;0.48803394019066415;0.32681288141358694;1.1606545756450495;1089.0577898588485;613.5899432297724;80.5482540612045;101.18689791660108;9.158726667975362;54.864098829890146;0.3734208163040257;38.58798259363902;1.139838213343478;1.0457595376705888;982.9085870700103;43.411706274529514;5.272087134345593;31.522501288647028
160;6;474.052513872306;0.525541201156547;281.9153020761824;0.4627489406378833;0.22508721776167762;1.1209216404976658;688.6277534816895;367.27777577022266;82.67746018477875;34.32108859646669;9.56814218659592;30.436566351799375;0.39908018074526885;38.84575842458563;0.8944719433632397;1.3650437087601432;613.3399143481694;43.441988511666544;7.212891072706204;24.715491767993107
161;1;329.7553213241668;0.5361766311678253;215.79055478145645;0.46610754362498774;0.23404430569892998;1.119750976701626;438.91614378285567;294.1013245350786;81.45156452083941;46.7306660870336;9.570017501629229;22.41475253490173;0.3867923361425369;43.94896613717992;0.7763750284805093;1.3261171798787261;413.6739968642796;39.71821330827505;5.793293133840975;32.884000746581385
161;2;519.9868941010205;0.48833537318656284;398.1524291860247;0.4997986245959559;0.3395855200511466;1.0218524323365448;820.5549746000693;372.19185811904003;73.83641331890122;93.91848801975446;8.155875621081034;38.0803369143974;0.3414889316857274;38.05646246271847;0.9033829205670352;1.5981983661173593;736.0815540230466;41.83515987095007;5.6160312967912125;41.9500012258824
161;3;352.1179657889017;0.4441701830379432;324.2517557518598;0.5575229559194295;0.29522872630994645;1.4805750482378153;710.2905387210791;258.79898067742494;81.13134432864858;61.24404257908983;9.348916409492613;23.300592373716928;0.3738230406213552;41.41186057150802;1.0268006754652286;1.1728340603982539;584.5454345686862;44.19018954222134;5.1865149419036545;36.48170373798498
161;4;414.67384306119345;0.4683243388360159;351.43524960296185;0.5219116973744142;0.2506963036055184;1.3136529916663788;732.0253401563588;334.6292259169568;81.05553119181182;55.72050087524416;9.266996297616398;23.33370262220155;0.37354849004795376;39.032311901922306;0.7098052531214886;1.1450106385057928;697.1727629909943;40.949237447756026;5.168337539988388;32.574237022711316
161;5;399.9196910483017;0.5467160912649071;205.25480528632673;0.45048720041554485;0.25220144892010016;0.9850304701495903;506.1167597199012;331.43648457258524;81.1655494128277;30.580338384151506;9.418604410235853;20.773562521790513;0.3670657831171517;40.624432146474;0.8158033673817979;1.18347622754659;456.9555782322186;38.98844198658298;6.306346554402987;35.072235292752595
161;6;368.01555125155903;0.5458856076126345;187.75261569736656;0.4596986385923163;0.24565953798564094;1.0773483913721205;462.0310184747316;294.9438441910664;80.85230661685688;29.802550356160246;9.839575231518028;18.84284859499106;0.37206392016332207;42.942536876550136;0.8278481243161444;1.206447181334587;407.7405144930412;39.30429267763297;6.282775876988788;35.02223509963799
161;7;349.0453245858649;0.438305322004132;289.36984442113715;0.5589068473117534;0.2617687071514578;1.3780512250714687;638.3654961726743;276.1248241086889;83.04550468107962;68.5163822768725;8.959751312671214;19.224433198792276;0.34905279771799774;38.26949451694759;0.7680230519359192;1.4829028693705664;574.4501609427424;40.97973929415958;6.196706899712166;31.275772998874473
161;8;448.8486108958379;0.4196774360670711;436.6686175544921;0.5837416206448719;0.38735522845205933;1.6290520354453366;913.8616939538916;358.48584550538794;74.1241255011448;123.66063674547608;8.302618086376645;34.80759741781936;0.3931397143584945;39.78385198713588;1.0927186174817154;1.0942704024497036;798.850739480284;42.592301087250796;4.950279052717808;42.49000001569786
161;9;518.8135349234875;0.47218411635224133;343.05972023267316;0.5324270629430783;0.37344775954484527;1.355444508304926;872.8042833244523;330.5290572389749;75.1166207889733;65.8631826433526;8.84821193780514;41.17251289626668;0.3668848830077248;40.73856319077289;1.1119493227276882;1.199897813533511;743.8103480705801;42.166081807408844;4.821102251407067;42.89000221797472
162;1;989.9750690332781;0.508041507121597;955.394501217191;0.4908543776941778;0.3311700414622462;1.1256417010259832;1651.3926900528618;736.4587361330679;83.02181830387242;122.26519868475276;8.457989043709857;69.69031458305223;0.3982002498811735;42.75159549624967;0.6187156467111606;1.0988687349114288;1384.377350567096;41.00904402203958;5.518163460427429;24.771538147195628
162;2;591.1249234947533;0.464038600176019;878.6479986343825;0.5358344490182653;0.29967002542379423;1.3111863379639246;1368.6127500831756;468.17756802486576;83.27149431534757;79.94007873721375;9.356287237007631;46.706235321624966;0.36152054578886655;40.405792501731746;0.7380258375052778;1.2062859289580155;1191.7312565895243;41.912785640122955;6.786417281762611;24.37348466299334
162;3;349.92466793577756;0.47526643688718123;289.1447457075618;0.5163477317456309;0.2381717507855626;1.1710954776790246;609.374883046548;245.9210160124291;83.61645207565729;47.27154898908506;9.68259255326312;15.183306596877683;0.38530440168207475;41.94552918505564;0.5264678998161693;1.1712962110801208;557.4315416139888;38.610937709864366;5.605105932069723;24.596414685403783
162;4;405.52992126326865;0.5116712934854425;380.3215851877375;0.494106765660118;0.18734104213672712;1.0810168910513103;773.6652992408983;285.7062538174714;83.80212449031904;82.73393984087942;9.406067282369083;21.60375745654018;0.37818262021737376;41.901812334583035;0.4800305352848639;1.2070323576761446;689.0161901487154;34.059872303945106;6.070247838614942;24.70497307274156
162;5;419.5083793820098;0.5262738539905245;280.3613952083681;0.47332068168168634;0.23606990894708133;0.9359740650552427;638.4072506693032;283.5384887151451;83.39761047211194;85.77603365217158;9.42555807450333;21.435373492600274;0.40432123443056994;41.07470528024463;0.5033823578825765;1.155983686987841;591.0708495563567;37.500375432292934;5.482920098417748;24.332801022653726
162;6;497.0739863312956;0.5307840535216264;356.4933608648881;0.4751549716294741;0.26748385385900564;1.0665544818934618;820.8360320646378;381.38684771631364;83.66251506354948;86.84950006409012;8.857477640273313;36.99467924238015;0.4013854641296972;41.0590882473189;0.5824967603765154;1.0408477364917708;707.0495965695663;39.886122792435245;5.457478540742298;26.83022448871826
163;1;253.05102723564977;0.5179213416830366;130.67287332842832;0.48016242067225307;0.2700542540923724;1.1067217388046815;343.19205728060496;217.37627684224788;80.54136725883158;30.171673002253346;9.183065083355547;20.31566785085746;0.4017525299736088;38.06259003431897;1.0906158185098596;1.5527051269950447;303.03290697104626;45.2696646208363;5.919689937967375;39.6986382614179
163;2;215.74289553302415;0.5419818257280806;99.25324584124428;0.47180211954744056;0.252345590699415;1.0620510866450457;346.0586947940378;164.49132519339247;82.90115026096832;30.987256200206847;9.242200752622086;23.08384404778434;0.4015943336579724;38.90079976204625;1.0403155014736207;1.3353045874866494;314.60018561837876;45.00366466128169;5.878139089046184;32.03000126776101
163;3;245.74120062313096;0.5066462766427662;115.25698654713469;0.4797753359069596;0.25718135624016486;1.1057522180110968;378.3925596541485;195.28850840482625;82.21470052672046;29.56486512135793;8.95879725491202;22.662401809420803;0.3879137621483373;40.609689147917905;1.0436907634148722;1.4767557416696413;317.3826762835833;43.93870759008808;6.189898780376993;37.896671045033
163;4;282.3079876345124;0.5222796392992303;100.91898920095412;0.4709064799472076;0.24204892970313968;1.0718372560008465;310.02289402039474;185.2916912826036;84.0175271501615;24.922306516620644;9.3957980246146;15.91259705587839;0.3699870248242012;38.20097633380879;1.0611692805970936;1.5809933477194371;290.12072048921016;45.34169129329387;5.057091918300987;30.009538005093226
163;5;314.39139681749003;0.4947312165835062;111.2415096439734;0.48520046915308435;0.2651851265856217;1.1741394989881395;322.2800403492332;213.2445930955602;83.86140668788168;25.795275663913603;9.261248545671727;18.79673651884084;0.38059161338316544;38.90895029058604;1.026221803430039;1.5921029756259204;283.8682393744642;44.810023506209475;6.043470255966725;31.810002900769312
163;6;352.9302269753108;0.4790057045246219;172.71643508363042;0.5146600705300792;0.3516098888535834;1.1919017697724605;431.5937904759321;309.95708753903114;76.27680175612551;35.85070849293376;8.589579219252967;22.578729515043403;0.39976442721547994;37.81176636757879;1.1045512623945113;1.4629002893184477;347.75207069448976;44.176617976538466;5.934988872001495;41.26000071691464
164;1;366.81948214714635;0.6291655428285258;205.9051958023919;0.37071091749320567;0.2575442109680051;0.6052370036742303;649.8605043716524;301.39449384693614;83.14159601062102;39.247848462993964;9.958530764737793;17.442310411476903;0.38235131448532905;42.80183493318019;0.7161456174692976;1.3048590741027777;622.9512770110124;40.87577094252836;5.362532420985569;30.966667194065266
164;2;657.4242702090742;0.5157627928863515;388.92920712547874;0.4866747128985239;0.30210247614008223;1.0483951917401155;788.250922058667;533.8370893048022;83.96601448671969;51.493352522425454;10.24785153262967;24.92369553288685;0.3231901323112531;39.70184080518326;0.6519620168337725;1.6603388738555793;697.4398080433222;40.71173464967548;5.192579734168891;30.912832281431395
164;3;823.3230299986286;0.43059769230941997;513.6194562161529;0.5686737815859021;0.33653340561459094;1.5221879276236625;988.5837292528942;671.7368448201757;80.83661977506853;71.66772640355053;9.705331999730669;37.956325250687506;0.3668657521273764;40.51229280626243;0.9812895976467949;1.374331599878012;917.5709405228472;43.23255737631787;5.0611221119086345;38.4904109593366
164;4;262.38589562616164;0.6285775325927342;117.72827887536218;0.3776262113819123;0.26091915731227205;0.6509386356342781;377.8838543059066;202.2957291964819;81.83959515749976;30.131813378160732;9.723474788031519;18.017586484545845;0.36852844169615856;42.10273859244589;0.7403208409988895;1.22649888582719;311.2568641570405;41.048382278366724;5.799258227043557;35.169996906735044
164;5;907.4706447247805;0.42830918863142936;497.51714516099327;0.5624136711517719;0.3282791636960685;1.343521226850865;1750.8508299819866;675.4137149728328;84.02276708239269;84.94451858844133;9.756974433640407;35.52416415257888;0.33238260647598494;41.76669618424897;0.6655205248430822;1.6837096749389802;1572.4329711223045;41.73627813396859;6.426207231264334;30.97583637273765
164;6;824.4226940469545;0.5052234261420014;646.4651184079443;0.502044593468398;0.39434862074017607;1.2103687476354306;834.9474663640096;690.8908449626556;81.06595132910064;95.20714837533333;8.40937677953586;43.945851956170856;0.38284632576497357;43.51207877950223;0.7736710971162073;1.6048927729428015;753.7131586964897;40.67072694657266;6.115351884133082;38.58800085203991
165;1;1318.205594027936;0.6464354254289217;569.9563359816921;0.34373183878072633;0.4389918656857156;0.5829064613207066;2072.137521637002;1074.6606555055055;73.9740952134447;161.31308737783485;9.116369835797073;51.4998207961716;0.34733414713808286;44.658089073873256;1.08578690722203;1.0980361668257563;1791.2820520053804;42.10092228930678;5.012374896928875;46.00000056352976
165;2;1276.274268598655;0.6316586148375125;1447.428045766788;0.3765271072222455;0.5070383076883297;0.7554311601604541;2528.0379427564335;1193.7069256764357;71.9400685630626;151.02688289513029;8.547448728554002;61.45718862005652;0.3657874136558196;45.11964430589236;0.8189373427169383;1.5093791850149467;2175.7088275255114;38.4236334086866;5.210950112700882;54.72000163065189
165;3;1094.2037941945134;0.547237409548864;883.8569024809872;0.4394659139316506;0.44159315374101865;0.920073682640547;1769.9433333254108;924.3674326936799;73.90753944902906;140.39884840557156;8.894531529750589;47.9417619615849;0.36651063395834443;42.58236927095155;1.0808990907318619;1.1338087616516281;1686.5595744980244;40.535007039142144;5.061680422266529;48.86000179952952
165;4;1417.1326316650352;0.5033220092952728;1267.5154477073033;0.49421492043284265;0.48899692321868565;1.1158001939986628;2176.3384364403737;1262.9182049824046;73.6413928532787;183.6421103221318;8.172182661471995;58.83859662490773;0.34108890832160504;41.86746680358517;0.9860457341817898;1.2833729688014928;1971.662401842581;42.60697396953025;4.788396182329334;54.14000106720868
165;5;1080.8192727493235;0.6374561967598944;681.2089198313085;0.3568169416167221;0.4062033051647463;0.5940150005815924;1873.392707409843;874.6616521406424;74.31282223929794;125.68213234491213;10.000216224323617;40.719304065907316;0.36037166548609967;43.080458175712735;0.9173620726098328;1.6138945634185893;1716.94476841523;41.79548676068293;5.058989645224585;44.599999928032524
165;6;1255.5326299783255;0.5018796304036998;993.5153073066186;0.4923300951779126;0.44280467757138553;1.2645941212407013;2420.197082198426;1087.9102266190828;73.11383767291495;171.2554921437132;8.024339047689967;53.784225953071655;0.3521453428234156;40.79411894058316;0.9645024781018776;1.4807435239874531;2230.3259849441097;42.744578641197315;4.722730659994116;52.4399989854856
165;7;1378.4733680323773;0.6455855216754329;792.4101229152574;0.3477825107194985;0.4867756859743929;0.595643500187817;2399.606158592488;1184.38789756083;73.23355445648575;139.89864006689973;8.34903345032351;50.55889288177086;0.3557694151310503;42.248852030787326;0.8772870603598755;1.4318993563833757;2079.6855864601607;41.92468373193537;4.712823051759426;49.77000131912368
166;1;371.0921568479213;0.4279299241409113;225.17625026036995;0.5663632329921074;0.32554979425299607;1.5332774022594147;686.9414865494997;276.1307130943044;82.46093410891358;46.80404822643806;8.71638818512062;20.57195912376002;0.3385683547644355;39.966391848748984;0.8142605657157198;1.5686170314307477;635.2099564772946;43.89524070089237;5.04581715405238;35.69199993790426
166;2;542.723444901751;0.41978647827453996;494.0433414298388;0.5727960375271336;0.3392052561928313;1.510017724656166;985.9696592481782;444.1088024992413;84.17197353125755;87.59082662357497;9.577372849694928;31.380594524805456;0.33987473808236374;40.70120480600183;0.8213104240382448;1.6064778152963768;902.213327045769;43.42333739419557;5.256398782637435;29.60704458631494
166;3;1086.9814119688253;0.5269984898229139;866.2702932843716;0.47672889241366184;0.37963677509821275;0.9898616709408431;1963.7231362805987;861.5427551668924;82.67617977326357;156.42745649359412;7.500756375525831;76.93525490728123;0.43245659022904065;38.08135824071598;1.1399982105133166;0.9088375875168165;1763.0735907495216;44.678490983857166;5.522888010127516;32.08571608327909
166;4;229.12496054517413;0.4619272150068954;207.82643485452533;0.527365390615043;0.23602696719474472;1.349885534428208;380.7336696096405;163.70591093968062;83.73949462669052;38.74362769875997;9.78724501465324;16.513995767635624;0.424288775332563;42.57005180341573;0.6176394364857036;1.1643978600002627;343.6668941453192;41.37189492480913;5.322025633097926;26.881310166803587
166;5;1085.042911674721;0.5416841962776294;1352.0215888322682;0.47161759961986993;0.40641190375534864;1.0645306533283538;2178.1309419543018;819.0436177561744;82.49933813146714;144.92399704868564;7.762866205236336;76.22889571356536;0.4060021531592053;40.3216342478069;1.0218337756411033;1.033417037094683;1784.9386518046451;44.95446341236438;5.431384848680711;34.07000022521578
166;6;787.2745864238714;0.4148816696544536;891.4073993064333;0.5736574831646613;0.3590496578421793;1.5723615927641332;1903.9538695645908;640.8484953551744;84.42982687613465;112.02969271632129;8.413842905385202;40.45704455928102;0.31463488684185953;39.23755713316855;0.7934392835209231;1.5604160649291896;1624.0862727594422;44.30215828783327;5.6880150664099025;31.865001346259078
167;1;995.2743516999326;0.557934380337177;756.8053461364973;0.4443716615546906;0.3518621581276627;0.8377827179871027;2070.7003415427675;784.6844426242726;82.09911067831989;132.3045044992582;8.18659285630942;49.1191843124664;0.4097161884704065;44.66591239340031;0.6949242766636136;1.0361293022189098;1834.8051507643866;40.347129620615306;5.430158976787238;31.767386785795747
167;2;563.6005996641727;0.47178393199768687;377.8210461843586;0.5284016186420455;0.3211935052003046;1.1446377236613656;1042.8870741425872;421.715413681082;83.88067638169022;83.33202108820392;8.781764356591662;36.7736950276581;0.41752350470529087;41.33866451471487;0.7950096534060961;0.9185681516575076;961.817367339887;41.23826782957376;5.6128359507505;27.978334201814178
167;3;443.18193683473334;0.45524119441286076;510.2572664398991;0.5452113368269705;0.3518520821974371;1.4697943703242509;874.3153046086275;320.55038879170536;81.09360608511231;74.18925438598046;8.746975385177018;34.210708384902254;0.42246438081216015;40.74243707641778;0.8777579841178142;0.9156087488410403;794.6294287709383;42.30881343126528;5.288056592522063;36.90000086659125
167;4;242.45077686837604;0.49254121615001767;175.75696642381914;0.5026340856737258;0.2901916210447364;1.059858035580128;429.7347783927359;175.5690220961431;83.27335555333461;45.06720805944103;9.310388687332328;16.414211829693045;0.40618598634765213;43.23482920408041;0.6340804232729046;1.0191247937379497;362.64066624728997;39.3697449930101;5.563129212320336;29.563846633074
167;5;376.2287629943535;0.47401162989501133;610.7059172104101;0.5314620241205955;0.348033510703416;1.3532684503722496;870.6921541789866;307.0331747572325;82.1590765669227;69.2933148040708;9.380031430474084;31.435497456280356;0.40471854211277647;38.553495609906;0.8891682151384762;0.9202073569162575;800.2496334193752;43.28825962674751;5.35544078552137;32.650001231634874
167;6;955.7859981630836;0.492405157022046;1116.452508203185;0.518015695341469;0.4102604907178631;1.40778406249267;1714.6992865149232;729.1535764887551;77.86657977137801;142.1145304206739;8.465943674766562;62.48434658213056;0.4328408197825644;42.155281978954775;0.9828067050632023;0.8987226426661467;1391.8429544213507;40.55702040501815;5.767270196860993;38.650000217289
168;1;589.7357007346606;0.41648283399741437;653.5293846751731;0.5726884013687713;0.20843328263042796;1.4913663237047243;776.5900829568693;435.910797134701;84.14040472144664;97.81795950306241;8.776574033377933;38.94941155079868;0.3846303176684432;41.430482726893906;0.9159624925803604;1.2240515229748483;697.3594074624292;43.209438783145394;5.547338396654284;22.949909187706584
168;2;595.8568611219358;0.5054363935558173;415.9186791360896;0.48261032552678035;0.3238691452579056;1.0309926538860417;852.8021753499114;438.9198392592075;84.21751116954924;92.42290491559314;8.957221522320802;33.807254780876534;0.4121051511659639;39.82601736426993;0.8091621616969685;0.9106272023613622;832.6136795240577;43.54648246084045;5.314534739843517;28.482501046232994
168;3;860.4881551341495;0.4712457648092732;611.2114076147125;0.5187637049029519;0.34758936338058505;1.2734077885810529;1857.6600108517332;660.5115491959391;83.72057623249351;120.57279804233957;7.822052878365291;70.18269617839061;0.46104200562211445;40.66452219907765;0.7426765869124314;1.0646779427549884;1665.2974555897893;42.73945978354774;5.969112768264661;21.931221282182722
168;4;330.54133972009583;0.6316873700550909;171.0982566307178;0.3682034844721322;0.24185126895667175;0.6424524680901555;464.73778891918687;245.71068242322912;83.72163077254982;40.665181102427965;8.932474549934732;26.004082632277402;0.43054322776078935;40.57802950224549;0.8670049504385254;1.1494061332760042;362.8688128222272;44.07276752742882;6.672462382303113;25.257583717757452
168;5;745.3480563051486;0.5009606311339657;802.1674881272047;0.4924122923114469;0.33118038011985057;1.1202379157153082;1647.2268686344087;598.6665407449693;84.33091143698162;122.562917424067;8.130628882933351;42.80909580280723;0.40625482463323953;42.47604485474134;0.6332815087890237;0.9430234062384195;1465.655357570399;40.53546035049315;5.409899600449451;28.165833456348018
168;6;669.9573636465861;0.3976821317147137;952.7962086213051;0.5985401961553696;0.2798083507705244;1.6216294546838559;939.7278531735869;554.2184972557435;84.11217783294015;90.83266682018187;10.064413096220422;25.994393394734058;0.31880830450413444;37.82414571492786;0.935749370841227;1.594650595422093;915.7556674296101;43.47342756111441;5.27616247488663;25.833166046581503
168;7;289.87198118705413;0.4370098131209438;216.99234625038716;0.5414416198938481;0.176967465051113;1.3830465347111862;397.5708853832548;203.1445134339884;84.61162436320393;35.954846207685634;10.493233997869416;19.74894451792338;0.34678877854233064;44.5728462270924;0.6356791478808348;1.6312872973804613;365.7182223802875;40.31556858250587;5.447592409150093;23.855576191997283
169;1;549.2420265449502;0.6381163013952529;298.35579322957625;0.361202709734286;0.30604639002437467;0.6213743519437012;800.9166887960092;477.5493486437725;79.48214901588642;39.55414991207374;10.108818464838324;24.865932873660114;0.3722005282017452;42.24577125693677;0.7344112413190382;1.6838751097265063;716.7224911721928;41.35498157254601;6.650879250519743;36.85446683469387
169;2;1026.9365265750857;0.5289400194108302;614.9398018164877;0.4653163564801656;0.4040109694994775;0.9601696181422055;2016.1124740702646;867.1349115881526;75.58753594318138;112.06873206709034;9.04802651661165;40.74397969814623;0.3250535145625124;41.70391686396023;0.9381580808765726;1.5628715465926326;1738.6891206766659;42.03966329820804;5.23357182883054;40.280000476066476
169;3;1262.1185509139402;0.6719227806181288;601.1007693242803;0.32902355250069226;0.507340349261941;0.5687372972831585;2009.5477189171258;1075.3299812951186;72.12157371478571;160.62060586834687;7.852358388378495;56.208192243257095;0.36339409011701723;42.12341241511325;1.0050179633728658;1.3126046951171204;1749.6780080609935;41.17332728638235;5.031515309991365;56.340000736700716
169;4;603.4994876235367;0.610154376041892;279.111414866422;0.3821371043738394;0.3263760745620396;0.6546525454978007;799.2002965664733;454.9775508140452;77.79169794557411;55.97898698583711;9.98601809641847;25.93216061267615;0.34879811891454565;45.821468870944386;0.895393699045611;1.4374010769136003;736.9930273086189;40.88155282197605;5.628839693194067;39.07864672201712
169;5;913.0240881364522;0.6127273111318025;429.6016406596466;0.3826891321200374;0.47478874729256676;0.6775153252444357;1033.1011183633968;798.5287035748179;67.42978084545317;94.25016777764274;8.595907851006034;47.55087087131338;0.38058011164683286;47.551048483455546;0.8593785097197738;1.458235950543348;843.2368982052401;41.16945408028766;4.9460535804617045;66.4399978020244
169;6;653.3785185936167;0.5813003253591879;310.86276496739436;0.41888676193974517;0.36689081952998676;0.7703578718118143;925.803033097071;548.9983708497126;78.64033940547861;42.24819290464261;10.177863491403759;22.239082120132302;0.3623593563978568;44.39358918339615;0.9393052669194174;1.1146035990114993;816.3430333937492;41.63970119574378;5.116015999786349;38.90764630492018
169;7;1297.7935546679778;0.562414046376066;661.3456418235297;0.4433121103255315;0.48644273441830443;0.8368378449394478;2041.086247026261;1118.248425887514;71.22432300704017;125.17496174122121;8.490678932535223;49.37685644736789;0.3434427337492803;46.25065421634889;0.950557129086015;1.414708683341432;1714.9105887087487;40.96293839049483;4.753806844055825;58.29000099091585
170;1;418.6216326274184;0.3841161670584524;438.6415252873435;0.5887761129122893;0.31953673906946045;1.613770107911888;959.2993812583812;272.0141873539645;83.07955316763918;89.46646262810435;9.769468849503875;26.008455087829756;0.36507576146116333;43.41403294423636;0.585634304893923;1.4042071796215274;878.9599981719318;39.784639153377;5.865040462576955;30.11843245702258
170;2;474.70692592763686;0.45181354531327655;482.1789071393785;0.5604728111273164;0.32659629135298474;1.4040710232430091;909.6454291517545;383.75750285576197;83.16787222877572;90.10121170037091;8.4471409888325;33.24725934280573;0.4182654639129146;39.63050422441815;0.7652389179276995;1.022710777045859;778.0313765750199;40.38647961977236;5.559991962778787;31.701002499697147
170;3;927.8794647708937;0.5936310708645057;1216.9884795175708;0.4115192595160556;0.37145843360437975;0.9822225075169706;1571.6519094469884;720.7324052544848;78.43217026007966;131.17212272952636;8.091055417292425;57.76053454289601;0.4227079958766102;43.49725061269906;0.7900411253815883;1.095022965917166;1393.359503605093;39.15985560565657;5.235631669742586;39.795711509440174
170;4;1206.661913004212;0.5658168273500371;1220.521806327539;0.43878272421193476;0.3724372777293877;1.079958715716161;1872.0701268174325;1004.34512657409;82.57860690880669;147.71823493652278;8.246256185537238;71.17488490740968;0.4428477881878577;40.88061142672006;0.6259294396713205;0.8910863190285554;1804.449414979716;37.895319828656;5.806441530860767;31.91571721005931
170;5;436.60350960418987;0.47507344716790256;885.6711624715339;0.5170465762728873;0.28160181653298066;1.2180956005244608;940.5645426240702;332.83833616028534;82.78794565197019;121.13859792094529;8.823693929032606;37.03492025138197;0.41573817118499506;45.100637805613204;0.6911310379506932;1.0034407192404151;827.8278651726604;39.44880586536313;5.798326608891477;29.566501879899505
170;6;959.4765488937722;0.630323089855404;831.5266798863869;0.37120014494413023;0.3982939878508758;0.7871114505446598;2050.1080408549237;816.0984676171097;72.55206628728982;160.92928517367395;7.895079616435996;75.68496864719651;0.4232265185812261;39.847078351659526;0.9325589815603668;1.1151576209879084;1849.216408635685;42.8261475826666;5.296026227945311;42.7399974430314
171;1;183.1394017920806;0.5534398959185819;114.55529591158027;0.45065747718982097;0.2159176233226779;0.88880342846716;349.99381086952314;186.59547926445;83.84168780767273;23.484915610672207;10.65910278617869;14.775874058022541;0.37281575952106183;39.22162634583013;0.8085039561229895;1.400776299524;302.2445446970086;41.69783519296615;5.251232746273017;30.049996941196397
171;2;278.80679594522627;0.5350983350033333;132.49234864725676;0.47005308954769626;0.2549702501109635;1.068820019100754;392.3012740716997;250.13457484366336;82.06312494069724;27.999454861126054;10.21168786652968;16.958761053726015;0.40762351099198546;38.351981992458875;0.8237259515420925;1.1444070953081245;381.8925857955652;40.80371329500122;5.534718525049213;31.29000115964612
171;3;320.1570733262169;0.5401392622830851;223.07181708431833;0.4678271614661903;0.26612312672102656;0.8668873960561996;717.2025576164259;217.7140800450874;82.3370549324117;37.07814330651304;9.756284715218728;17.993983816487937;0.38989675077601355;40.8396441306278;0.7149629027844729;1.1510016240646623;647.3937769497046;39.89593681630382;5.324450341392593;30.09375063100757
171;4;382.0161081813497;0.629426972299632;188.84873030978832;0.3717165044876947;0.28019631934173683;0.5918425958428214;631.1095274055748;309.13466876925264;82.05235786324093;28.10576165355333;9.784719744093527;13.848154698382517;0.3681371559389109;38.437126863677975;0.6720277421642615;1.153356191002116;592.6881003395596;40.78675452195635;5.438449803616905;30.410097885618207
171;5;163.57731954796208;0.5734814871274989;72.97711164876961;0.43111685000342304;0.1819951679326057;0.8139761845709533;315.7670479962551;131.49068934340983;83.6361471881928;21.965364752755942;10.19512971553932;13.94743290695002;0.4213910951516482;40.719865619059604;0.6864979975924037;1.1545568983822265;296.415166061938;40.20702821074818;5.033083534264254;29.06999692247905
171;6;379.0986600122038;0.5130075055101638;291.2954011418549;0.4962344835444959;0.2706491002931082;1.0426591930445295;815.526888433324;326.0015649621201;83.75155809276555;34.38686893422325;9.450493331141645;20.700741093187176;0.42605710568058563;43.70807834549018;0.6248310043133182;1.057658590958382;746.6821591107268;39.69666198974362;5.534382481376265;25.389998596483665
172;1;346.95068715844087;0.520063274708785;315.69861423597666;0.48799542034283516;0.3415856859093699;0.980195414007923;755.2471102611512;240.84514215389862;83.14839070892616;37.97688694188925;9.766011602433773;21.573263910395344;0.3544923367320215;37.980832830071755;0.7534432827999593;1.2921460465335914;726.6666144192862;42.04806030667798;5.078990987476476;35.196997158701635
172;2;302.5703521085313;0.4356060972142485;316.03326971211567;0.543849795742212;0.3187058567323991;1.3572799835252187;651.1528188283211;253.40199320587587;83.71589802516823;31.59395560314866;10.452770279611762;17.489502509647647;0.33191078661647855;39.23937638958646;0.8175754222426981;1.6827881374175058;641.6600609873383;42.494810358259826;5.34611389529418;31.668194268829712
172;3;293.7806057946744;0.5403527252354349;194.77798600398677;0.45732737015661057;0.2948419623262746;0.859912414094318;424.1222498085079;247.21465029321075;83.97794141591578;30.545621331339248;10.869480412022396;13.932286895854473;0.3324212637585354;38.37450088590692;0.6842976495343336;1.4778277138341451;405.8356479429431;40.41727691132306;5.294855642794313;31.862775454083636
172;4;201.5378152539268;0.6368809352122339;137.57707652236834;0.36376013052637635;0.25252086978861293;0.5847731682585462;392.4801870657188;188.4424103727859;76.40397302711733;27.627312761208305;10.495346453914953;16.00962262822439;0.35755687372426714;42.031546573579845;0.733594447607567;1.2387549844365906;337.4263335423993;39.16293096341637;5.0679109339196815;42.1299995660671
172;5;189.18842446379537;0.5311258825919128;152.07220389606763;0.4598963795322153;0.24537746373551733;0.9794203224137831;377.72409097209226;165.7450627393911;82.61229283567765;27.23298983133982;9.314396929914022;15.067656557695743;0.4089091896742458;41.719276254099306;0.8256613684404406;1.1087967886587633;324.5582357495437;40.05934496969675;5.479421336263484;31.050052289692015
172;6;185.29542574704323;0.5326363267125398;154.24300679802843;0.46028262405625286;0.27352768164828406;1.0537741447629887;364.08311942471585;159.89134489339162;83.28087675719877;27.470710727771753;9.136134867833226;18.780877766191775;0.4254709905397822;39.72274389469032;0.7935263927250874;1.1094853974746683;325.8365978315798;39.31807893611426;5.517482862299554;30.63393940586465
173;1;243.39002875710761;0.591363230349878;111.2485734522609;0.40911227206383877;0.17340908731474486;0.7363282110447897;313.69010547174514;192.8835311859009;84.15321299867153;22.689117496997937;9.32985793319161;13.717394208943245;0.3219827483281368;40.16004575564603;0.7311993689465787;1.7746898360252485;247.0831383493833;42.41685940948589;4.814061599310685;24.974488648678776
173;2;205.05377614238648;0.6091195745672606;96.36476944997774;0.39598968256500194;0.16215844134096494;0.6820711411133328;319.69439267357416;150.2807416160735;84.05094907824336;22.155671276253088;10.7242014481919;14.684204263195689;0.3878993418734221;44.261425634544764;0.7415536515101125;1.3674218295764018;291.63449131191425;41.34216223422314;5.250153534805858;22.647495962723564
173;3;187.35339511020916;0.6274545048572607;92.17008133265699;0.3846403563010029;0.18288562417943552;0.6558929715470475;299.26902102199665;159.69466884154875;83.29958280443961;21.83166182859697;10.66146406578034;12.986256642127582;0.4008737771956081;41.718494241714225;0.6902900654982095;1.1967851698786056;270.33892797960505;40.89611526043448;4.847075599177349;26.29175961404214
173;4;274.00654591023493;0.5218791356356379;107.20385512769268;0.4736984105512933;0.23128001928142516;1.0305684507240869;338.3056889564307;217.03710785490205;85.12075836212445;24.678792119354636;10.63020315304196;14.921733640350862;0.31764489964073955;40.59574951997359;0.8241085216054062;1.7805858774177707;316.97662253731056;42.30552861281379;5.413584710134983;28.238427519624388
173;5;265.70087705893957;0.5319228045871046;197.79144114743212;0.46687508925160415;0.2281621851188047;0.8929872385947687;403.43909133545475;191.06185125430278;84.16630304155993;32.01571530221256;9.50047728107056;16.551229364936503;0.42261277076585474;42.740025206960794;0.6476516311490628;1.3169403625373333;385.07872310376945;41.22526819908284;5.383366525546046;25.096001973559332
174;1;856.2519411964479;0.5779059986831028;429.0492074088872;0.409948429112447;0.34213142133215174;0.7653875668365556;1054.6788148399858;760.4026681560551;73.16551782850911;96.41283733209355;8.520397288625036;39.10733181310275;0.369343076256543;39.43997121790506;0.9326599782926476;1.4539487863106957;931.3038552416642;43.501344992413635;5.254621320577397;41.609999494851344
174;2;819.597028977758;0.5490108070719222;513.4603979392932;0.45425973952725296;0.34176323507671313;0.8876207475094339;1044.2556428417417;634.8172654100156;76.08836096844895;111.50995189425839;9.05273878920202;36.783681978754466;0.3412101761990287;41.985636613155904;1.0406265851476209;1.232393153533384;932.9683233404132;42.011788883308164;4.962442214022039;38.02197032640503
174;3;318.68123510804276;0.6382475512838988;157.3763588152236;0.3602613734660645;0.31964117446834;0.5739343427787192;502.11352896200765;256.9109517908059;75.71075654694465;33.89149422970879;9.866550104775374;16.97780872770696;0.38640617379190695;43.172044038029256;0.9455416259218636;1.3334427837124818;423.13192399082567;41.18519483847116;4.996193581123113;39.98322108074602
174;4;312.8311168319125;0.6391418245425677;142.92151623968041;0.3630201598142135;0.3089851487799951;0.6324011868058262;428.53486677260736;284.83898915261767;74.66649324065817;33.774524719959366;10.467396371571013;25.920329081044304;0.3773058844859049;44.68499802324882;1.093599143971258;1.3140836427008795;373.3182641743381;41.543397579772424;5.157132515089785;42.050001581073495
174;5;407.09484009667375;0.5839329483437237;221.21641749875195;0.4173058700234855;0.2808005126567654;0.7546599425336785;675.5936960178246;374.85774888204674;76.25802879812449;32.04973582548231;10.394240195484008;19.032009308738015;0.3662185065513561;43.99471866971015;1.0649735321681584;1.2015874447826576;599.9004507920666;40.9571882942444;5.18122390897456;38.69187175882935
174;6;982.8515495586679;0.47610098435483755;562.17092025398;0.5187064035403407;0.36438343882904795;1.2114039932020926;2005.3945067784819;781.0420663556018;77.97559706354795;152.4931877493236;7.326222609799256;53.63204518257928;0.3840653255215149;37.44965580763714;1.0300603325191369;1.186487232222122;1696.3367209941894;44.55191607139876;5.725096819746116;37.10623380699666
175;1;302.8392251574969;0.6351976136032103;138.9994828664707;0.3667562048236256;0.3151990901498571;0.6253391376993185;424.2603540431509;243.98263420438704;73.23458977946733;72.92450909476021;10.596209704481543;25.49217552141335;0.4053849106562253;49.90236388253723;0.6955393274963874;1.4088241008337166;387.6891610797861;37.752745199959584;4.732840690068751;46.500004414284334
175;2;414.41135076026353;0.6206345342772107;211.4211801866761;0.3694433015299457;0.2502166248795321;0.6116583676672135;664.7430134198744;328.7036101183645;82.28629991183068;34.05980506427305;10.547138893799698;17.468473084747806;0.39978633147637127;42.51572271605232;0.5908941999631487;1.3094804046806894;639.4097413043733;40.32946310786974;5.406872205626387;32.48193931777705
175;3;392.1027572574717;0.6191127653490548;176.12431702083484;0.37864958115699193;0.3159699386726354;0.6465220660949582;506.7411536020218;314.5260225549427;82.1036508845424;33.309720655328945;10.031003795153422;23.32985757933768;0.4109840702548102;42.83376930379054;0.591524980865051;1.2823298949299307;449.57881613645395;38.30019396401822;5.21539489014479;33.15000026293517
175;4;1017.0599104415576;0.44272657213966105;577.134342733204;0.5488347077970871;0.4081653887732592;1.286084882870737;1941.899757179047;773.5809042389794;76.5948307944762;106.1221029075752;8.138189175692444;45.718408868764065;0.3558295189931077;39.01731746289539;1.0458197528022053;1.187554142366948;1730.7123552281305;40.55150551829088;4.9673441412507024;36.7242351586465
175;5;798.023527583693;0.43644174097192795;641.4476331911993;0.5468142631354148;0.34504890897903073;1.3033349692733225;1172.9752334902712;706.140712297269;82.42418680374445;116.81807952744389;9.606192422049235;36.69867018931259;0.32059548633391033;38.28906257901661;0.8018212288209517;1.7136621081570025;1003.9213104473055;38.485801712726015;5.251057483620912;40.511997872795135
176;1;849.0545983635722;0.4970130718406208;572.4618522850175;0.49879800789648393;0.34690335409723305;1.2614941129240749;1687.6295718579618;698.0758944133681;75.96715512052796;123.28364760377703;9.39102247965465;28.800447519221738;0.3721370680846812;47.12136355275396;0.38614239591599;1.0308578251684728;1456.7016061685217;33.58165745735815;5.1240132510043574;34.249125144476615
176;2;1084.0979114969264;0.5202148742830658;908.0420354053891;0.47741622284172763;0.38693595450416673;1.093450376757206;1907.9752585668027;892.7941961777927;75.05985309824368;142.30687351812546;7.905403690166759;55.5827799951953;0.3892632757116736;43.29286577343925;0.5567613783654755;1.0928073996955916;1567.2791735630674;35.05442919288127;5.132601808359438;40.14571469979172
176;3;1226.6354124572522;0.5141562484316825;1019.5030130947688;0.487012088959342;0.4228470946572955;1.090809655191197;2286.002375095586;1026.9797720366003;75.41643953812684;150.8616248462931;8.047310091266722;82.78367245848173;0.40531163661397884;42.342817276326365;0.8894664995931051;0.9310706961216395;1840.9112325516485;39.55310541190577;4.748280820451455;42.169998263590514
176;4;776.7180133776709;0.46563323082814817;1237.4492727215804;0.5269377961797325;0.3716699069237705;1.4258977653420266;1099.739925004413;579.4720203919267;79.44934160342957;112.83713688862552;8.645980633322594;40.47217869460716;0.4054111517790425;39.301408041346264;0.7723250570015843;1.0165223920518365;1067.1473857458475;39.00850118520914;5.0868780930448185;38.459998199059726
176;5;1231.0264964213818;0.6214452778191092;900.6628142517534;0.38580527975539675;0.38737118405824994;0.8412240153674061;2125.981145250804;934.4328765036151;73.99251830106837;158.752128977481;7.829618643335706;66.20002388030409;0.4190239537753177;45.24616547115744;0.8813071985483514;0.8667901576397266;1818.226467112946;41.15349028106438;5.171353885709842;41.649996764140205
176;6;1243.8937047032246;0.4969782925381423;659.0064708110871;0.5064616411540348;0.414315168966297;1.2725180846264998;2168.7705893719776;985.3464393043588;73.96124951669523;158.1827166898513;8.15475855626747;71.19866123134909;0.39593424198812927;43.88070754536659;0.8992460214170953;0.907149204326137;1816.553193340883;40.89598909105204;5.200219897341224;42.409996907196756
177;1;871.1666310726192;0.5148139793321618;672.3762593848186;0.49443977305611886;0.36042108804822753;1.1144335194685329;1180.8108222403196;778.4570851910685;82.45949182639984;110.98230439118731;8.983388879691127;36.82034699340693;0.31380818414250955;40.61715496371111;0.8327750111541884;1.7881929335340396;1113.0148857858837;42.04818345904168;5.180502023735792;32.954997485017536
177;2;1205.4427355791195;0.4951019170730034;1155.6524799174358;0.4885387563920718;0.39826294380762806;1.1986169927216694;2420.867622470477;926.5007904248513;74.84766137572045;140.55990394495035;7.447310224200318;71.24381325350116;0.3427260956813757;40.529166780921805;0.6954523595351162;1.6269359410481008;2016.7137568378685;39.438607989918026;5.396822443831934;37.039996840684324
177;3;1360.3857318253877;0.5948686402036566;1246.9993722425786;0.41418190564027163;0.4046695775385876;0.8371847220188954;2373.0512363045505;1103.8739446558834;73.23551647771359;159.1747501965677;7.94989893695891;89.2633804105843;0.36420234594240847;39.13271148416131;0.7092634462531023;1.412972036798742;2023.7260024076584;38.626030313287345;5.225658195090614;45.00999963305731
177;4;856.8825098292438;0.40949762046244786;1038.4911807061567;0.5927621689093119;0.3625131062307305;1.5684862005125246;1641.6787390802097;708.8644299100977;82.94458229750282;102.5295304246309;8.480916461496825;32.23895584932774;0.328020711227574;42.03877392082755;0.8135019332101726;1.4519215771823992;1526.5988627830416;41.08559275479808;5.268605732790911;31.242335003831737
177;5;987.60274992111;0.514091954738397;1085.3351546411484;0.4638198116762666;0.38501522561633084;1.077868467326037;2111.5530167049237;815.048039566682;79.58340271057708;141.82103611928054;7.892118355154484;56.65501655656416;0.3740387940604867;41.59325402554068;0.7758291868781036;1.0944456981205808;1725.9189847872976;41.43967876124638;5.317453979145735;33.900000769223276
177;6;1264.2903139277423;0.5929221775453893;1401.769942169953;0.4183722323541631;0.438198958617086;0.9347824337013574;2279.705636686057;1064.5769582414925;73.5007080788854;174.38000677777484;7.723049279244907;76.84281662398948;0.3566387783555189;40.79215858619802;0.8472465935901653;1.075887460862246;1921.20020264825;42.47310679310945;5.119796820941197;46.310000666362924
178;1;876.7805410338708;0.6553726073254929;572.3106458389067;0.3505371890595547;0.44573850836052664;0.6049620696171205;1058.0712833825037;832.8149508101559;72.01277125195274;61.07913760235477;10.18717953468595;38.21792839588791;0.34751750337375314;41.41590034209478;0.8304218200639845;1.5813293123672494;949.081623645046;39.552600941230814;4.745970941227471;63.370001790596845
178;2;1211.0250402838988;0.6220476505201005;652.2442140746741;0.38373629509894064;0.469912945506116;0.667871458213141;1971.586589274273;1090.476367341679;71.48752761797795;92.147151845426;10.856216267159757;46.852267917830204;0.3437920839381486;41.222667024912276;0.8806375454682066;1.7002023535509851;1869.0723433196595;41.56603739064502;4.604868658653927;64.3900029864473
178;3;1382.0334537962544;0.5425946821039201;689.0768956673866;0.4489240441079365;0.4929126864325689;0.9579734298148558;2285.213834966813;1267.4234886026356;71.05799849592307;133.0434056733772;8.540295709563832;65.61292177363663;0.32437230188762917;42.66405007405383;0.8991737170816094;1.386968727459693;2023.1501977653038;38.677019854490176;4.596097497414451;59.070000993867005
178;4;1249.5258900881374;0.5219430401891308;678.8757192348525;0.4693165801604704;0.49749554716637995;1.1912762797263319;2145.665532168669;1104.3384727651114;72.34000281606122;112.09078295337473;8.052146172937888;59.05127934998501;0.3692351778338796;46.14638786360963;0.9361270229829108;1.372024783028602;1939.822142750163;39.17092722584522;5.119597923588863;59.60000058867243
178;5;961.0756542933568;0.5737216426434167;620.7541885278096;0.4335780383111752;0.45038144209318154;0.8155985465077448;1159.6758930870317;885.2564122512414;71.63624626936708;48.352276283821055;10.520595098574029;41.11445509511048;0.3198834453260506;41.22958191558297;0.7878324528350524;1.6022387546342989;1102.1297163346371;39.564044606678614;4.637125287074094;61.02000447226475
178;6;1008.0205869730221;0.6501942013937942;417.1340181395719;0.36152390287148123;0.44297397059108695;0.577265869534878;994.8579689421521;846.4481007176925;72.32577721275209;58.22581629021858;10.310853818620487;37.98666185291928;0.36991272557006355;46.53019611814232;0.8083803790908536;1.7793013947056797;886.0160381556885;40.332572519324216;4.671543215474241;61.66000010932057
179;1;503.7647435814355;0.6118397147472955;197.68822757026538;0.3994136249011375;0.3076619898707019;0.7213750889221102;598.9363103368468;455.4014549850766;73.21480028583042;37.780449682689856;9.910632945934545;23.080287707497043;0.3305810632453527;42.63354831917416;0.7921126679079393;1.3744154595280147;593.8901650887202;39.55759232902121;6.047133886185119;51.23000060627458
179;2;650.9688630940964;0.6214907611652161;329.81795935361384;0.37846310708289616;0.38201819285915944;0.7045254834445237;848.7122576325039;536.0232238063167;72.83621437345899;55.74512235599442;9.675429583430448;29.22197304267683;0.3598202043335595;41.36942711083068;0.8456661826233391;1.1027131746785892;773.5949113365489;41.53951128186045;5.040055798159814;52.28999839959539
179;3;1067.4206356253512;0.5124454154283933;680.1784136862542;0.48376786978613057;0.4337916726316006;1.0237567734689426;1675.8478330275154;979.9855134330235;72.20961720535597;139.0640109530798;7.7469618813181045;47.04211506962893;0.34834898108302165;42.205792547703375;0.8537346477172307;1.4482562433422874;1661.0419612406708;40.97932400162982;4.86037378736413;55.479999995971454
179;4;1353.7135643355855;0.5169146320484215;1006.3568961952947;0.493605470339657;0.4661738440369265;1.3564304955641222;2213.1197142739616;1168.438322466287;71.84933972990903;146.39436528817726;8.597859090570823;46.464672603629985;0.3521434773772484;45.293697337639045;0.839204680613334;1.2801356621402282;2053.2809629607636;42.359642219165146;4.763782758865104;54.04999711455123
179;5;891.5121314831715;0.5005090265945707;1106.8754167003933;0.5053505357143114;0.40629733648082467;1.2126468477466756;1056.074911032641;711.641671725272;72.22751330341107;124.51878741121828;8.692406677606893;39.756966631246286;0.3563110046953759;40.61867080408814;0.9034653601681302;1.1309492856985621;983.7321450968178;40.67807196652045;5.03513202884499;53.90999835356809
179;6;597.34878032245;0.5688022358213646;308.40846809151816;0.43641551712976895;0.39419003779737344;0.8189228085203862;724.2598779706698;529.6562453522986;71.73722153476177;41.936613719528395;10.550746537678688;26.043528127751056;0.3218770707543854;45.43218350114198;0.8867746285516952;1.4202457118628393;712.5173017981996;39.11149674973428;4.8143695587142545;60.71999844928729
180;1;932.6124738625252;0.45420078220260407;1353.3904864437789;0.5379023189881594;0.36890327150283553;1.3212071414977817;2269.8858053294853;835.2790741923641;80.01364958997355;128.79803139420642;7.3289292014309;76.93674301356134;0.38991938102331297;41.987365377187714;0.6859006997118827;1.0042741275862064;1911.1513652519463;39.32749699374585;5.247452176222667;35.91794760238826
180;2;622.5611729108425;0.42928810124589234;484.4547928705347;0.5637052898386676;0.3051463495978713;1.3594127254717163;1032.1082788103083;445.31903649823136;82.63342387471693;104.72781690439322;8.621633983814824;28.61524256984869;0.38643615833579903;43.37100461555272;0.6144989824774055;1.1896397899709845;917.1965090537619;38.75649809197911;5.35860874035738;31.7840014326358
180;3;362.29658336005144;0.4290365891162955;413.00347517783774;0.5641612014605928;0.29826583425214137;1.4443596262976222;812.2457740122346;300.7904018771207;82.24638684187961;59.33452035604153;9.155097931943933;17.915138980395486;0.36945794874800325;40.758651055828736;0.5964160934484329;1.1725929616189346;767.4497126380261;40.43641512364577;5.326555874924773;32.34519429569403
180;4;1128.312584205103;0.4682204516630727;1204.3217281966654;0.5426546796935361;0.44479308701075865;1.1851424588537893;2429.096766042687;992.7756876412448;72.2935695456883;154.03765798069753;7.7021736436662245;62.616565014829064;0.35168049119488254;41.970326576615854;0.8031268396944329;1.2045753138980275;2167.3372823357236;37.887102809837174;4.904770177784678;45.95000115712819
180;5;1002.0699061465349;0.501726176589873;848.9729150309311;0.5083622414235546;0.36671082742914124;1.2566658096772831;1841.607728227923;827.7097623139307;77.14694636763636;119.57125515700021;7.860268577356004;55.9073285060855;0.35162207653248695;43.746936992589475;0.7222476770621633;1.1802645958329934;1621.223906172014;39.12124517802245;4.93612401400015;38.89564817700681
180;6;1086.5548329331643;0.41472891844689175;672.125724110072;0.5879384470469443;0.37937860073815266;1.5080372620315308;2337.5491080291836;848.679357513126;78.8561870525649;132.07766263195072;7.727500560557068;62.68021716156123;0.34248438082734445;42.2166505585226;0.7933256168614595;1.52854809595418;2076.338516308544;42.043412856292036;5.423796536617866;38.59102510615197
181;1;320.87436128861873;0.5299210589170482;134.0295834448955;0.4725402144796187;0.27415198847484684;0.9406715930201525;411.14442436701245;252.39575925544796;84.27278228057796;40.949187061977184;8.914543880940421;20.493503561914196;0.3567053056836833;45.63029595346091;0.6488224617929044;1.4847364985682352;369.5082535758861;40.606574032834956;5.329745739007351;30.32810627846444
181;2;283.62841380710984;0.5591568553553499;203.36070105128735;0.4506196652148684;0.21097067164014707;0.9675127276116219;389.7462597270769;211.26290377618835;84.13571802645387;44.39923474293168;8.957300749441838;24.121701662110848;0.4343851176195572;41.734207890006395;0.6052412205971756;1.2668564447919612;336.9211654110816;39.02743364151152;5.568588786054428;23.3954884694716
181;3;660.7529951326883;0.4467716235926881;476.4563683642724;0.5406067758635901;0.30326373105245463;1.3559423826771915;952.0993807715981;502.53992317213465;80.68711500597735;120.48197300503443;8.60151760201521;47.0951418155521;0.4063824721672917;46.19798519468771;0.7002492307091716;1.3250596317207874;757.6111278793267;39.3488364189523;5.306067016728322;32.177272225811286
181;4;347.36861486424726;0.41433102605200434;172.81250072792784;0.5724055379323844;0.2367328346144534;1.4704119298627225;419.8017239125108;277.7313696904686;84.35889530516612;46.35991522754144;8.994656609760632;21.854983453891446;0.337237854507288;45.33377873289462;0.7279528732476487;1.5766563131656994;319.40854007192587;40.72077518111776;5.515482281936365;23.712624897946917
181;5;370.6879324995839;0.45293718424989104;352.6165317281914;0.5390997929588052;0.26652535060776655;1.3040849294479142;904.4641698813191;297.04307172455503;83.41155113889619;63.94183448935165;9.404136604852585;33.62612307927181;0.42135623403418343;44.36772634462565;0.5979652858139466;1.1272859534526432;726.6724235977216;38.54662875321664;5.764070481920056;25.695832803392204
181;6;472.2214735227848;0.5689521608134098;301.3544313223696;0.4410565176517909;0.27898246329497267;0.8552086492879212;660.7246377713651;274.84523157880966;82.75677851304829;89.00900207629584;9.612232000302038;35.37868212507943;0.40548826065333016;43.73268251876581;0.6663660812859868;1.2283813208866932;597.6860723006824;39.116582566642286;5.200727098270565;25.992599197014055
182;1;782.7587574748313;0.5316274068580283;470.32036414954496;0.4645001656644673;0.3060635402365113;1.0920380930143538;1366.3978209293907;545.5419903965109;83.82574543066258;111.09896988697605;8.796930408887224;50.86112232141567;0.365650287133392;42.460255279465954;0.7198118720316841;1.1435405300994796;1257.1059078195347;41.61391217100504;5.607153109539961;26.0926677900283
182;2;1136.2774063636803;0.5063114837289047;1078.6838232332716;0.4901261723988849;0.37179757588967904;1.0757632703403768;2091.863618465997;928.6403259751849;77.1753105726043;133.1773267593853;8.541041550928382;61.94521307616185;0.3138525960885812;42.503641036242755;1.0025817800552381;1.4170406739910988;1845.2023558702351;43.55838336734766;5.278153832383469;35.14999691192134
182;3;1345.0726673909737;0.4821605965120784;1250.8271104399835;0.507353571113625;0.4129146132243908;1.2904496491111297;2402.5047979081496;1092.8325745206603;75.73113318018324;182.11029639375028;8.412042314014885;97.90964918311094;0.3724230651513002;40.45816791551589;0.9052066145150742;1.539074703993751;2230.482896947303;43.66642541571996;5.6759287702575785;38.41177578451371
182;4;844.4225753213863;0.5729511565304722;769.1272320169317;0.425357223128498;0.3372012808638283;0.8310225475906999;1584.4043626537639;694.112647443948;79.925445353881;117.08280047205608;9.34604655367971;40.06074946303518;0.3201529720020782;41.85034493307031;0.8326432492424171;1.7718323724079184;1373.397236505108;42.5763670021279;5.371904450999123;29.986244867324068
182;5;1102.326863904773;0.5306474547349116;1110.2663149389944;0.4609012614412505;0.3702500760964227;1.0240962667755484;2053.1018337423284;896.4525432561948;80.87758491140154;157.61954061961822;8.100380390503188;73.39740236353049;0.3916786954682383;40.8459045342012;1.1246905546222907;1.2430418376520294;1789.47527916886;45.50155918725407;5.582810239802072;33.216667641381356
182;6;1220.832154703752;0.4517088558202967;1252.6968314032426;0.5580413142946317;0.39404169964205743;1.3632647110719134;2249.798628036483;1025.5160062764774;76.58413828780425;157.551434029698;7.988544502928814;105.07869161128428;0.34372124364458345;38.93852416637818;1.019514210710398;1.5766636474809226;1876.2124305029204;43.71208080067225;5.01110450885355;35.74099466129825
183;1;756.8518885787921;0.5011284550691615;492.6768654147805;0.4994354441705922;0.30933097594447045;1.0870958883057582;1061.5972399092734;593.5003833002169;83.41172651317906;82.96804785494515;9.351608905269014;41.85587262262716;0.3795239413398162;44.34094588678744;0.6159237706596817;1.1179440102378444;950.3372133991065;39.822056476580514;5.604695011160849;29.203837707305325
183;2;1379.3823965804693;0.44683264510689047;1171.6378682513466;0.5645896935869584;0.4015865530938442;1.4844044695918712;2367.9219097022087;1053.9948856957858;77.57930967742655;167.12528843979456;7.9032281106178575;104.28313222300474;0.3308847087883682;41.48572288703653;0.7290284373309737;1.6219584273995509;1902.3472858881908;40.42776395914248;5.589660419133196;37.881245127593814
183;3;1426.483596314589;0.4655412504182606;1405.3027783517368;0.5316694455318778;0.4843186100572661;1.4399581238642307;2363.726923096455;1138.2174273098233;76.90964001700722;161.08336710588955;7.429406756684158;123.59013147933142;0.4014627768741939;48.17997316338746;0.9587858899556795;1.2205590012958316;2230.841340376437;40.43982471041377;5.02231347911805;46.430001043910195
183;4;1425.2875258961162;0.5030289209639335;1398.665175893245;0.4937276528951031;0.4660480574400701;1.2045505104166996;2589.9910219919766;1212.6254008062374;76.87540224646582;197.13993895080307;7.93218165974868;129.32469381807636;0.341377682007093;42.44410362818155;0.8062111716461977;1.555363350350145;2354.229835886992;42.2511079721638;5.099294750155595;51.890000888003435
183;5;1015.56788662851;0.45325523348177627;954.333523594054;0.5419287650352894;0.3353091773564204;1.3072288953073266;1953.047855785451;774.6130800655799;83.81378962443291;116.5188794847008;8.764840301843003;62.5772005020751;0.3792665629231701;44.13370176789276;0.7133603670425528;1.2724074477132696;1782.2976964556112;40.45634994592061;5.417358955621231;26.97388187128724
183;6;1223.147254673671;0.46413058989747874;1134.6146828352128;0.5220312674043966;0.39344402436151177;1.312576520097203;2389.027264020164;943.0742149429367;82.99038490425549;151.61312748747213;8.044010209836296;93.2456922748031;0.33989256637038656;40.400333056132084;0.5684190270510997;1.6749364652961425;2098.6482390318024;39.5382673176244;5.37925529045714;36.3417745047389
184;1;384.0790927732236;0.6386793338350966;148.975098139746;0.36223990090428354;0.3698022233132853;0.5939962257751326;398.4763945714057;334.68761634476584;72.88653885825435;31.172598347257075;10.050010769561988;28.65387621409246;0.39427772157171437;45.192629106474385;0.8827195467050046;1.5118790694208324;382.4553217425054;36.984043551793704;4.955465461451206;59.20999719728833
184;2;386.8677871962856;0.6545824348525612;156.70900068706567;0.34861429546405803;0.33221263719290073;0.5516878749008332;402.2416453762487;331.4821718229082;74.16263754865138;28.52350798015063;10.120517779303494;27.565714681994887;0.39330816049523876;41.74773795477247;0.8536443378197799;1.5236949303610319;403.6641883718769;40.99552726634711;6.101858914216179;50.000000962905
184;3;774.2207048838361;0.6583408367227086;331.4100392616518;0.353833302560385;0.4398107046170256;0.5961715254311671;964.9821113843777;621.9086902414261;72.61241460244182;53.207977481557634;9.28720364949751;51.289498262127346;0.3524926071100303;40.166036901211726;0.8927859105111756;1.553199181923173;877.9153521044527;42.06501255682553;6.135818616414307;60.240000683512214
184;4;494.7354498934277;0.6413668685404338;152.29199021765365;0.36147476563384234;0.3569608234600726;0.5912830192246136;452.8977242627217;429.81908894124535;73.83854662547596;35.792138738122645;9.536493146089413;28.60366842282244;0.3551586919733648;42.333798075766914;0.7716286284681426;1.5759244186713983;402.7685353484643;40.4328975963115;5.776409163040057;55.23999800405932
184;5;619.7178896516235;0.6614501705259178;320.47057735219784;0.33356548899977023;0.439331063614191;0.5744137530373752;835.4837478205646;509.84186259742785;70.9510554611362;42.54860976461408;9.199557217402129;37.046982073843864;0.34260823779804084;41.86738449914041;0.8256383375560188;1.618777720728975;777.2688090018497;41.10850481131492;6.59619968228751;63.60000144231899
184;6;475.4661925280333;0.6550820997002755;171.01575726324847;0.34329720190189905;0.388902953688972;0.5470938411737958;450.0050484385593;390.0855544475858;72.4429931873783;34.31668483743758;9.591416974167391;32.40611779353085;0.38152578422404987;43.465051180997015;0.8509704831123348;1.5186487745903745;432.35915741685676;40.466175287001455;5.9448601582186935;54.129999779250056
185;1;346.858261632846;0.5423881277943392;275.7490961072387;0.4565124078120992;0.23738772307071002;0.9846575761611039;608.8077284432289;270.3982983642347;83.41918010042413;42.41292812401367;9.477860848759297;20.925616688340952;0.42213758575632276;44.58715722279872;0.7729951820529095;1.1124625883864447;593.1510298348466;39.70976431112277;5.8916778712475395;23.56409287762057
185;2;303.90251423903806;0.6294879254136515;107.47787720169373;0.36945093707578686;0.16750082371483116;0.5961847021312746;379.3476944683722;261.8274681300933;83.6153660151724;25.132523737715665;10.204548408221568;16.61390376797065;0.416182457211861;40.42674829190869;0.7602203600799043;1.080330697640524;348.49951653570207;38.23652752533928;6.695617285559238;22.90572913028301
185;3;345.68144832832445;0.47861155492973173;215.242978751777;0.5041716180787211;0.243350122985118;1.2035768172429426;539.1313095092279;269.46547859520064;84.3014444025769;46.81144733961553;9.254847519098533;18.846323657576313;0.32735776321507304;41.27813671547186;0.7285936053528763;1.3401866631526007;473.34793744128916;41.90710028227582;5.904924888927752;24.259999394410034
185;4;429.0791791272688;0.5195496206569008;324.17096470592134;0.48488222012990284;0.1929930983571603;1.1390524658923016;752.2684995189283;358.7281397080135;84.29209551466937;36.613926564546546;9.261782694590107;21.95054276163529;0.33171617539166726;41.31970984844053;0.849852475897331;1.5423971893447648;614.408085139485;42.89897686286778;5.862753797135465;22.00166497876788
185;5;324.13042143118446;0.47578409021188806;162.69889700187227;0.5099187411020043;0.17129123241552058;1.2197673952523052;388.14630726664;278.0618789330846;84.18567080913085;29.45711977540183;9.845575496523992;18.996947478891478;0.31102549331295387;41.259014765736914;0.591817864957936;1.4948545290241548;333.33824952661865;39.462443376441456;5.771628022247503;21.730000431695977
185;6;257.7536766177899;0.6176174296635814;105.2999966678546;0.3881669121074022;0.15735533548178732;0.7315847125577388;382.78695944932673;197.20902826674947;84.47334027034061;20.85499033008949;10.218848962453233;18.162942698516726;0.4292797833626764;46.14774975687471;0.7560293889004452;1.2959058792953948;328.0608842048782;36.68715986162318;6.419383562315597;20.54899921178398
186;1;567.9712013059893;0.472444877483302;358.76505817770885;0.530321347509111;0.4336814808844061;1.3031737428130066;893.4228502197595;482.32835623113556;72.64097736979824;66.87720061387668;8.121189757494177;45.19720934218427;0.38253008923723214;46.230239541946474;0.7555655176666218;1.4783580672169092;748.2639085794633;40.91510870572459;5.337095030155375;56.389998810525974
186;2;475.3234023960413;0.575292667095126;293.49061504890744;0.41392239022947125;0.3478579927391609;0.7829925635588009;851.1340313336087;361.68859959263716;75.91552367682799;38.179987521277106;9.28954106246054;24.13579219796429;0.37405029141342455;40.99328134355993;0.7642960941671018;1.2779433390841848;747.3984009502964;40.409269933114466;5.935236982800405;41.31999795616277
186;3;231.03918782473158;0.5693649197091672;156.89864960142367;0.4181082938080705;0.2839225739464904;0.7721049345706881;395.74211746579306;206.9081251363857;77.30580982372769;29.777648026122186;9.296752429273736;15.304204256505345;0.4157663485642806;44.56452172070736;0.7749428484198451;1.2590367278295096;346.96642389515307;38.275619208671436;6.232927020530314;37.41183201021258
186;4;322.2874352232198;0.5231314096082865;199.29567471045212;0.49379648264235;0.45620212880510913;1.0940980971904395;484.7920612529813;252.8301916025395;73.14868915207109;47.41584092507678;8.834938018183204;27.541417589865254;0.3960836042758653;46.288439758672844;0.7906940335522227;1.1598911711637003;444.79571874953035;39.33337580472243;4.920739513800584;57.41999875144621
186;5;595.9031382766268;0.4275680003384622;300.37344750475177;0.5710988944308398;0.35440798245518124;1.4864681316081043;802.7326469555777;471.02736464105016;74.00366057560706;61.37251253391415;9.729955545866925;25.5219175950388;0.36099107535666053;41.12026969667611;0.8372618621353025;1.4185243216205705;707.7139914491304;42.147776360032985;5.019839188033811;54.62999865174627
186;6;171.2802254646397;0.595326133074625;141.4362118557128;0.4201023178394564;0.2514043749396168;0.857061452651364;431.3965769444382;151.52072864060972;77.89854009817141;28.04716586349559;9.539477405770539;12.762546047820075;0.4062655050581762;42.21433240095845;0.9408377003106284;1.129392131630998;354.4934213336525;41.60744911014805;5.622626693701213;34.847998963281945
187;1;711.8643809797593;0.4208517443022003;760.5697122227643;0.5802163249438034;0.34088313204836285;1.614407577275798;1876.387334701916;573.4726085406127;81.72341012501954;91.33525080758629;8.711598469232344;47.69574150268366;0.374925020416036;46.08275686659439;0.7159145919790143;1.4816133721220597;1679.9016452636515;39.418349911055806;5.804054670802965;36.06274797383427
187;2;291.825438121421;0.44098810524150844;201.29166070964752;0.5487571736182311;0.3010796288505244;1.3318720456086863;353.9009261495038;254.71261454049989;83.33899522030175;39.54406725731886;8.942229158060394;15.722221172996871;0.3342697649712725;45.41958439955963;0.6078209538167618;1.4767179834373303;332.74692102455896;40.47775067725388;5.574130394788851;33.677083441949456
187;3;333.1898857374641;0.4538907817862624;113.04358361335366;0.5330247687279547;0.2963292130578738;1.2375713794001857;345.79285150023765;235.1605381346104;82.86075941303598;28.922913578003037;9.239344189229499;14.916146607403096;0.35590696067629757;39.55424076243582;0.7049427193934971;1.5732273049556236;281.35467890119475;42.036949957433514;5.479178127741737;34.60999798629686
187;4;494.93738606364684;0.39989330896534037;428.93235417641137;0.585511181130884;0.3384227797421479;1.66550251052975;1741.6721772187925;366.11003244010817;80.31587148783677;96.08183566052423;8.427227505795022;29.42118236429563;0.3902053002032792;45.014694993877136;0.9727064494161775;1.3672176980435287;1472.2134694775234;42.11444381177694;6.443201545460051;37.09270403589693
187;5;328.76782114690604;0.4297200240494243;230.59215044330466;0.5544769497958385;0.37276106225151323;1.4530149620235366;537.3717861171158;238.24341100855025;76.45746701307296;53.70155986334369;9.438231427549129;19.953158639984498;0.3972952093396492;41.67683701723874;0.7936031480444791;1.5499355805571688;392.4525188018972;41.935373495051174;5.665284498533785;43.559999136803384
187;6;477.3130622190734;0.417366190485182;384.0953366181339;0.5703801898708792;0.31338348034357355;1.5258014980942654;785.5706144930889;323.2167955494343;79.36092788460233;88.05801880701634;9.523540639953673;20.3400391291156;0.35892641844743367;43.74821910229543;0.6274368071604364;1.4408152778047814;667.7328084234114;41.71056600271932;6.420152761784458;38.091999358878404
187;7;169.92955326661536;0.5294250254947285;142.33783298819336;0.4792537097755997;0.2686652005919901;0.9734528089828038;366.39191612818655;147.32441622993937;82.16176808410447;28.51708646505267;8.91714698884761;11.954285143769328;0.3952395848248505;47.898703844857565;0.8108828912101582;1.1817909946858873;331.75445929989553;39.72422873970472;5.360623186156702;35.03363437836072
188;1;665.3347471993279;0.5537014984761143;731.2370860611139;0.44521844969912433;0.3445225876152569;1.0629522852692017;1229.9252926395366;599.9228173640164;82.05817617933799;101.81048141911756;8.570012209716081;39.902153734120766;0.38227679773048884;39.1048689606766;1.1146600264398356;1.0925468735866688;1095.0121467028046;45.50718249585143;5.4157979099972495;34.68999849989802
188;2;439.4774786541169;0.4961697744531787;398.52333979222595;0.5015437349743889;0.2699111181679156;1.2807998031146426;804.0294904948724;338.03617450111994;82.73287162236262;69.8551586895881;9.465359115052843;24.732455825995036;0.3839454167247346;41.74255673379191;1.1015516926011868;1.1448467651427916;699.6064217296586;42.820091411678206;5.504678966579335;30.4000005217643
188;3;997.516530727379;0.45785856918110374;1303.8530593925943;0.5515604138246196;0.40019761984708163;1.445607432848864;1844.136619656111;876.3045575535804;81.6698561763365;157.40811996865432;8.381029728652804;60.346336667575905;0.4057574294460582;38.34881119877098;1.0829171696596367;1.1378888404026095;1566.980257407968;44.16324653257743;5.9074975323269605;33.05000221739123
188;4;593.7585938461692;0.5164037100032531;383.4500823667811;0.48039217927919403;0.2788143459804356;1.237593065426003;846.0481282482033;460.34975418942014;83.12603326489234;95.97657273665035;9.797183179209796;30.982456803275767;0.37228849556168564;42.12889924154004;0.8855154855445339;1.021973915801903;703.4762008891362;41.10709238178897;5.665222043512926;29.465834024979277
188;5;856.9072874617954;0.5432528708418559;1051.3523858009562;0.4655600824668327;0.36209554547113404;1.0527828054191828;1424.4087800626671;661.8510845288251;81.62640174669814;99.88260807977812;8.76221604156806;40.610611648423;0.39627293613106224;39.08529676642462;1.0944671874009293;1.0410949292586924;1280.4158973885228;44.85616325556016;5.613260020750863;34.08940982981648
188;6;877.8058307697033;0.5450730674050319;1203.4875973162862;0.452280462934143;0.3498341989756494;0.9673064988004857;1883.3891928013202;695.770928164964;81.83116451694004;112.00801846298907;8.652536266183528;43.453807218425965;0.38151099253154397;44.76842941212728;1.0717366369961638;1.1786996050886343;1634.3907751375434;45.07151550285558;5.443675221017916;34.450245047786105
188;7;397.27901913959204;0.476365909052887;318.42503094156854;0.5050725986020083;0.23737718459885732;1.2010685889953072;681.8758219086652;326.22142818276535;83.25792572433694;47.21008626708547;9.813600091741312;23.462855631442093;0.3720615243212456;41.21912339204387;1.121236422362123;1.3672637773180736;632.0694667513078;44.1369378539847;5.991606851626162;29.950001501533656
189;1;269.2864108464001;0.6420206397973497;105.11712513851188;0.3588525903559043;0.2640307990375338;0.5721337819313951;355.3334758419219;246.4852625772106;83.19179129707538;28.226016533568064;10.455899738942323;18.07634841851898;0.4139931140213679;42.196777624187874;0.6142148394518179;1.2029520321480631;306.5996013450824;38.170408550570414;5.946491347322381;33.08000004867989
189;2;402.7610843079443;0.6455520583593952;130.56869353707296;0.3567937798977271;0.2721682164522857;0.5893949136897355;444.09819710729676;389.79536337837635;78.94874369347642;54.4495044573725;10.18448609722918;24.68753462208221;0.4071308964286899;44.694464820437155;0.9706683671873081;1.0639716628716698;414.99311303732213;42.632353001791756;6.774359313015205;37.18999623765943
189;3;381.2904186334152;0.6511054757909033;203.1124355785283;0.3555418248484943;0.29665617053202054;0.6592270606937608;678.2962603113323;361.97611604154486;76.97056558687916;33.54793605716321;9.851943343096472;20.398603399653002;0.4060019996323977;43.83704671392729;0.7541415948762542;1.2397014857525142;591.3652628582348;39.69440401354992;6.3391921442714905;40.08749908639234
189;4;276.669911799855;0.6216201940739741;114.28835004260682;0.37221541892460813;0.25095135966658405;0.6623323413736973;366.8236469036058;254.81509199861625;82.62775367554872;25.756667842430062;10.505953219864375;20.44291601462369;0.407359158604161;44.77429991909748;0.7800179371950268;1.311391480754656;317.95598081859237;43.678766940409886;6.658750035676472;32.51999967654815
189;5;320.24644914934004;0.6315386757830328;162.42295474916705;0.3759363825675246;0.2476734883085388;0.7172860052069358;416.8342539398954;320.75289088009634;78.26583655685526;30.19405249502825;10.217396833075046;17.814183794827976;0.40078610065984654;37.83616885648954;1.1075387351810668;1.2725746956362205;368.92313873540684;40.740151553975686;6.075062356822115;40.5387496784875
189;6;316.8498810533358;0.6321552917475934;120.99058950663833;0.3769070178446462;0.2475576387639184;0.6408916331010636;407.5611519743701;259.76186943397545;81.8598300228286;33.13961454914735;10.250564109956015;23.478965742084398;0.4128290687418925;39.996938832568226;0.6382513739117696;1.5102829570220613;359.82275352479206;36.91369570673019;6.257718093939632;36.589998112279105
190;1;579.505179405785;0.6598469990015045;285.2033723813682;0.3373455301732938;0.3768693592382084;0.5473357646411192;874.8698144954707;490.390438201234;72.80239628051831;53.98601400041357;8.51973243930861;32.10769720691946;0.4325448463602805;48.65126123891873;0.5918845422223006;1.2626878170507956;762.2858319432278;37.37676595559827;5.390232245713534;40.62000121515577
190;2;642.4883449680206;0.6264781506008196;256.0302510204233;0.37369235153648656;0.39248123371972565;0.6525003923105872;644.866895244833;509.1208516906973;75.71436660989009;75.80937239471527;9.792284258060528;34.64999158599271;0.4231111205404907;42.3464518276129;0.8620369304971409;1.4531338129747084;537.4756207023468;40.137677401331324;5.77494684610113;39.03000060834719
190;3;555.7593353902906;0.6432259564859512;336.0614370778409;0.3593278037989514;0.3180304788236992;0.7259949153504118;923.6072660424323;483.45184037619276;77.27371586844033;54.907737860893214;9.020734094473188;32.2906083869015;0.36101959064099554;43.53552986534125;0.7923063714323242;1.2579636866664305;800.1127693132589;40.78552111093543;6.081644874015858;37.503633731606755
190;4;503.2521719097303;0.6436491472572768;221.06505556641366;0.3452336737750841;0.25920253669813287;0.5598702665836972;686.1170215189231;411.98997845122545;83.7765261805071;33.90508480775292;9.545849706644855;19.624015603648424;0.39476407557923293;44.64768787604058;0.6106413406761736;1.2790115360055503;649.539049660302;39.51114352076842;6.31042307958931;29.955833849948036
190;5;449.2591811082042;0.6456456930471006;157.82349576409894;0.352923396511394;0.2553327181684445;0.5760310537955803;542.5342007407744;368.34531833511625;82.62048556007105;41.41242626873291;9.455529661741867;22.932688014574133;0.392744915006778;42.91913417835832;0.6450668316317574;1.337877901791159;446.27132752638573;39.93357554590499;6.181393089006895;31.244773840121457
190;6;491.4861891976424;0.6684719931101111;228.53672542954024;0.345583359224709;0.3186885685210757;0.5725891152089472;741.4682562007542;397.8529590606453;80.80017742455036;37.81567427253766;9.61938920011863;22.67255588617879;0.4052372890545146;46.65013434521439;0.6121983116113904;1.2485420503593194;606.386734730876;37.310350647380936;6.080673956607619;33.188749853654215
191;1;308.59382138905573;0.43513691728610304;190.86393213949967;0.5585844272825935;0.2800346965493872;1.3908793945463453;530.9582101005243;244.26384969075696;84.65595508180157;43.772805176857126;9.11349257189925;17.46982188080614;0.39848491304508427;46.24775153310314;0.46352892608398405;1.361699744227447;520.7824273208553;37.29528257310248;5.7272029259816035;27.95000195054003
191;2;616.1923887552136;0.5676386452984169;387.38264639319823;0.42903941194733286;0.34731084833159703;0.793560210044741;795.5479571327464;477.28408889272583;75.3115007441801;105.26364686706204;8.480933801698011;35.52611263029043;0.3956353969668136;42.307529525223536;0.627871558919948;1.334739271702164;742.948135619173;38.28659900755646;5.448917503854212;38.28999673205273
191;3;302.92049512559805;0.42829911060967674;210.8155313918736;0.5532204443156898;0.24151542859523378;1.3296470557589233;399.3995634673927;226.19188601267854;83.27935206944295;43.88671350135298;9.75872060919476;13.28063148516036;0.37527138747334843;44.948916978810296;0.6875020935449128;1.3669645687148775;367.38526940529283;39.82926031573539;5.2760356092408385;27.64150168187265
191;4;505.30744078177827;0.453557332485313;594.6029778519871;0.5449275978861241;0.30661746209085355;1.2260904290287264;893.06269303842;375.7243686793043;81.20997218441882;90.46961746111758;8.136939248931112;34.94941395684315;0.40812365558800956;42.124781073890475;0.49482940807228454;1.2108568170859646;748.8326357589312;39.26088512261901;6.1617458784984445;33.80924967133859
191;5;447.01295281325145;0.38665583149324534;330.83904550085504;0.5943225470164666;0.2711035641314315;1.6432452128539958;792.7082309128797;306.12109124339645;84.44527969061757;54.01551372951158;9.87805531320806;17.106313751541613;0.3337758274667872;43.344999323085005;0.6044372715292553;1.5565138188085503;686.0342205893526;40.18625081101298;5.2563567872327726;25.78257253672062
191;6;505.63045551537004;0.44941982351315607;425.1637861561827;0.5499733036797849;0.3174353012460028;1.3412360621619355;835.3264862499518;360.0819997344609;82.30815040788293;77.83065076448855;8.610241089426363;32.390069746660366;0.3795975687623909;44.58865656767838;0.6653563857253828;1.230054754347173;714.7152380343451;39.582216463734845;5.3211965174681835;34.69052624502956
192;1;160.34401339067995;0.555710569303841;83.6563728645553;0.4444444896050643;0.23434674723613097;0.8693347914480057;262.13065895009805;117.77837732732722;83.40576238997238;20.540238264108872;10.219092964228132;11.069732549772478;0.40677149241532945;37.31140115106395;1.1258782569533137;1.2503771391870995;267.10164662786957;45.216207858720765;5.1202151400066205;27.709996693852236
192;2;207.2224324064501;0.572505625627188;82.11229659493495;0.4352043213179068;0.3092987112316944;0.8440594627016007;300.56656033111796;142.94994046719748;82.52892822211062;23.65035253407497;8.901260156959383;15.122373079444278;0.41532463404190045;37.885393471063146;1.071226345715194;1.2566933010935957;270.37861258270163;43.84233473042387;5.313460653454861;34.03999839961935
192;3;157.00417267810533;0.5237222866910307;119.2038102619765;0.4622413822749521;0.2652718341398252;0.9687455547125745;316.34600319797613;149.1784435324985;82.28008623656864;22.6534750808365;9.833583948802165;10.86468577670516;0.397884734178789;36.25061958515164;1.1308560195653288;1.2621812457810118;286.6953807666805;45.84072107774075;5.098604508127255;30.320000140146234
192;4;273.7463684653233;0.5101147917478965;124.07073922042929;0.48551212928361615;0.32934063689336057;1.1045844726745877;403.4938563256148;208.47905871338622;81.8844256162715;35.16474674740364;9.900790298659622;16.529228452995437;0.3978207972949853;36.4173064255727;1.1024006596016782;1.0409851249135826;361.388152606283;46.14876791845813;5.184890645124651;33.582746836451484
192;5;157.7598348936949;0.5388577033330416;88.38502860906392;0.4508049363164496;0.2979498532901275;0.9157165717876097;326.82879867518676;132.34009644813133;82.3221863571567;26.17700510694273;10.406071965569408;14.832300178618606;0.40585617602463436;37.94861633296644;1.0751915507918945;1.191111072134254;274.7462755973576;46.31934026749487;4.990116858275507;31.713996129294866
193;1;786.1209435864747;0.546727001425775;428.45392258794504;0.44268088759024665;0.3619610267017982;0.8894891721966235;1904.3980203912993;739.3324307016835;76.14481788314563;79.11702274283728;9.80639250379183;50.371337390735775;0.3952140948065739;43.29335769507874;0.8821777629892787;1.7367457397422288;1710.901821291905;42.40520983163436;5.615979555561652;37.99000030685009
193;2;987.5171496717599;0.5387549869444856;458.31615938306146;0.4479279887106688;0.34628075574267564;0.9082492849214157;1836.823514012112;782.0227662374825;82.76205226018095;89.54213471341939;9.549846291737486;50.88902325262702;0.3568104183559869;38.21642975482899;1.0421452391446229;1.5552021620757268;1642.3933505731734;45.93724468605841;5.71494206697031;32.64566839397398
193;3;879.815658911363;0.5198990308827219;546.7418245156802;0.4815183860584411;0.326269985899762;1.0460337421811639;1928.2723749343882;742.0004568387932;82.70380981431194;96.83848739975619;8.44638945229656;38.821373482753295;0.3845882634313908;41.04151423220372;0.7265541990647449;1.266957214002084;1713.1959734984694;41.00181421240637;5.211164363679311;31.77541890008433
193;4;468.91294507373726;0.6365749085235425;245.93992697360562;0.35554991472958936;0.2769069361293447;0.5935627813470488;749.4724581685551;399.42149798318655;80.77175305946012;31.457707086670506;9.432417758895896;22.023115833490227;0.37831521609955976;38.55848442010327;0.8829216178506851;1.4017424736185102;715.6285642766975;42.196011766907596;6.155311768457096;36.98777635748224
193;5;1031.7119096350102;0.5084071491965931;898.4388207717805;0.4967848784958471;0.38881584023436405;1.205136701879673;1945.4986097850426;859.1593197472836;81.95018313246233;119.97663401926364;8.374510453962351;74.3895832546896;0.4100322623096854;41.6862689551179;0.9868821173050262;1.0420437798826427;1769.9965281277753;42.39678264426831;5.615424228705616;30.490004508870648
193;6;404.2179802446415;0.6607629569401949;201.061631300573;0.34515940913602094;0.26197097459815;0.5714941339142146;680.2120245529451;360.4463818073458;78.79417000965643;32.29695527498754;9.855681844425227;14.5466748682289;0.3890896143443088;38.50231199310315;0.9134161379544115;1.200619387180399;633.0586382006647;42.56142891364161;5.203051383820337;37.28777659590685
193;7;1025.9492036552265;0.5427623345826958;531.6967658713122;0.46725493931944634;0.352839098512985;0.9783735488168581;1929.5413709362283;866.9766934350207;82.07020385743063;83.04511982298645;9.962646514672887;43.25260616844797;0.3380920419485511;38.092892821770384;0.9010929990593953;1.6230471367421533;1728.0625462875757;43.2344154822007;5.1225823276120055;34.7399968658854
194;1;996.5960058456934;0.42320027362489676;998.6534434565802;0.5721758517720248;0.3449932747777499;1.4871215375327609;1921.587635606147;782.3984257227982;84.35503673854845;138.72261536370323;8.266342081899538;77.26821814286815;0.35474068977866197;43.86790880768129;0.6023310996688493;1.5015192516274822;1746.067622745901;40.56566710455515;5.740165775666607;33.156668834999145
194;2;943.832304639115;0.44712427042523395;1013.5329452348692;0.5505843583962975;0.3463575985892129;1.3494582861178;1763.2399120180576;736.3022995678657;84.14041956008246;148.77163764819784;9.015536901550682;63.104162731820495;0.34027727464446905;44.20821327318316;0.752392195442616;1.4727826248727134;1526.2800679138716;42.972139692581344;6.186781998887887;26.84000063422794
194;3;432.48012397409053;0.5246904623137606;339.7927907069349;0.48348133176912145;0.24657990557360043;1.0775545952326715;660.7139315396739;257.7654930023135;83.74111116765847;88.54312414497628;9.257554035193467;25.35907153718859;0.41256106922001057;47.71240974847554;0.6790602253277166;0.9856675589540691;570.2360262598861;36.38427350946593;5.375673514999855;21.21999890515086
194;4;947.8675775819753;0.5182716676885;1021.349511962859;0.47897570313840665;0.36748310778940735;1.1879637205324018;2117.024633189124;800.5904451189585;83.5418474350978;171.67011175391573;8.080978629043738;84.47716728131452;0.42522466125390823;44.261118735365166;0.6017902980634524;1.0485732456400378;1669.5121068715337;38.49087482916079;5.529680902520106;30.990004282514377
194;5;930.6133797435078;0.5081951634165175;1035.1588944593846;0.48088969583965524;0.3723773289460923;1.2402602289997524;1831.8503954819594;755.634766754677;83.8914211412069;166.90613939125183;7.964176235129591;73.9779210142571;0.4319912832446319;42.03087637906823;0.5392314057930659;1.0414466824144077;1517.6182813695061;40.1424962329276;5.973383662024623;28.524001607720965
194;6;581.1114161118943;0.42799657646724626;959.2755797712856;0.5575789907998646;0.2983552213839858;1.508204388370198;1716.2076014603588;453.9407367088854;84.49835501046965;80.38787367199794;8.969891404477316;38.37746589023151;0.40514490635712636;41.88043501422544;0.6086011758239298;1.2028405800815096;1349.1150320808097;41.650783697272054;5.826084198790527;22.771664837191018
195;1;150.30350740579755;0.5202413134894016;156.56639115541333;0.48525798811262283;0.2441274605513368;0.9761626697005001;383.4273986166866;139.12236350844987;82.29232704595297;26.14039565660846;9.16687370205863;13.48423683333214;0.4089477038488772;39.83550649737119;0.752758784961623;1.279662299665893;339.3794595209849;39.316797447585046;4.80301178468946;33.52749865297334
195;2;171.06099695440744;0.5174485803494393;127.62708351994246;0.48908399482147263;0.2527612708393925;1.0302177183128234;332.91352235633616;141.20790898929;82.15979742744406;26.32333391281696;9.046666510633191;8.795666489494662;0.3667431338907579;43.04865854227937;0.8167153389244228;1.292961354100082;294.3798891368417;41.86993770715805;4.996565990269515;31.690000565753916
195;3;169.7031115976307;0.5399533353912618;106.23183895937869;0.47308116449187243;0.3142884335508099;0.9960905669374843;314.49205039639605;146.05109818989754;81.9445718337579;22.62168870086232;9.214087550068717;14.28473482818266;0.35992823534120544;41.911018479754745;0.7126658832237712;1.5063994104049245;304.7306849201386;41.04931460345583;5.026174906652266;36.14199870490748
195;4;169.81077247718068;0.5068552313492865;120.20187697005214;0.48729324446950867;0.24983441494330674;1.0467040074987695;345.57146052430244;135.8830794612971;83.57672431153838;27.85792759138807;9.007500473611906;11.058384119620692;0.4095740994714017;42.75169538109606;0.6172130929242878;1.3447149933651665;340.79664334022544;39.48826171243153;5.464971328461925;32.49227172581956
195;5;238.9361761233597;0.5730218564094085;113.70075799541512;0.4224962201503356;0.279358161826372;0.7839428196182124;348.76957147909974;208.71973874241436;83.45904928269042;31.02687765435499;9.514682845622014;11.221439065482292;0.38610522298847777;39.92809466439288;0.6631305194495504;1.383045214533685;304.94627669425006;41.190229394083325;5.675667117169778;32.317998624863904
195;6;231.23450710550867;0.4982208422226966;99.94571728806872;0.4796342368805032;0.3068770366762175;1.135668811111648;318.9464130979361;163.12595894287568;80.71753812264613;22.590417948086404;9.71768034147819;12.243988241557458;0.346383422981942;41.42195214308195;0.7268840839432742;1.4702948376667093;314.6140809460271;40.62392414580728;5.053901577975804;37.02000114399029
196;1;439.25404511281204;0.5161829807332512;204.18282979633676;0.4941890978708332;0.4355248777012346;1.1212188911303484;461.4872016306932;304.8946405382634;64.93339639726479;81.69141410249622;8.847501821027299;36.82481522030952;0.4093940219266248;43.711429345568774;0.9228044851714734;1.255178070669139;407.7537837141691;41.970353124652874;5.705455072268517;69.30999687568828
196;2;908.6642316512539;0.4551217204754592;897.0956705327835;0.5413695054776614;0.4369156253341713;1.455203000290068;785.6090181355372;703.4273015695597;63.94916316548202;114.78020555383844;8.56880152365048;56.463124385209156;0.39779703122436016;40.93700984130897;0.9097717281423076;1.5205368857136627;682.7230374281388;42.042011421925125;5.4668239454731005;69.80999566344393
196;3;466.22563782285243;0.6330710248777427;209.2546057909308;0.3611898407152594;0.4506542434025287;0.7059142456938093;488.08333627296923;395.4142668788941;65.50401784792518;52.533981262190046;8.850189058943307;31.819073459016607;0.39146402136843633;48.852110817298104;0.8936256466785207;1.3381396948066617;446.2249963974227;41.139497946972654;5.470165160665813;67.579998437607
196;4;586.5193741883814;0.5148975760160347;209.3651683312286;0.49018601288306046;0.43788675842790953;1.1813126941983327;442.4233647464015;365.7838349145145;64.83330387203004;70.70784154740501;9.826090381408777;36.82785458530979;0.4054408093569441;45.40587313696101;0.8069548987462931;1.3644698832447923;365.5266515827419;37.83529527994544;5.215391048935734;69.90999459494329
196;5;583.7432339504453;0.49004089539901563;194.47755116154806;0.5044893507524613;0.43510919602269915;1.1658578013794627;468.6642782352397;405.82232820523427;63.26553909464523;75.98180541361589;9.252682506556237;37.168545376265044;0.42384368920313215;48.20507742858165;0.8168272012134449;1.3414340748626787;440.9268449920031;38.0801862362691;5.370213884898779;70.27999445356703
196;6;538.446876252493;0.507189744945926;215.12762499211374;0.5008746017166513;0.4537592281263123;1.1429245557527865;450.1694272653669;483.8760833729091;63.794231071914076;79.34121565936866;8.465526222246215;43.18820777308063;0.42233065907788064;47.55901183341644;0.9342703742191754;1.2564432156859526;426.2503123370882;41.90460017092489;5.6130926604387525;70.32999456262331
197;1;739.2226143192117;0.6410506050099714;463.1523427183945;0.35865690477614676;0.3255436860469018;0.6573784928959749;877.0427498068783;600.3046823392123;81.64357832644934;59.321390252205305;9.880189479117933;36.32538579709539;0.34656162698601306;38.69727543058982;1.0266001338981918;1.1175250928699467;829.2356643858157;41.96221186660308;4.983231581375924;35.66574792784243
197;2;347.0920540594499;0.6252863917055927;320.21894377161783;0.3816471713661702;0.3096675678575485;0.6692083210170472;747.7140708565571;306.30799415139523;77.19745892699513;41.07137228884477;10.325150134968485;15.738067523279303;0.38487275283968186;39.71101570794682;1.0316857636279082;1.2949422300679907;657.9604876274987;44.94828718648511;5.330808588399238;38.53999844021258
197;3;459.6209970726227;0.6400971027180584;206.51219514088777;0.3660603216260239;0.2579456620005193;0.6515141076420615;653.3988336166768;369.4772365076353;80.23917157809296;31.56598927870913;9.93203700081948;17.04037060438182;0.3714111920233617;38.694408579539015;1.161039873197556;1.1576361336019487;610.4641234040912;43.172245537578455;5.126814532435191;34.79874735846878
197;4;410.5287805748344;0.5910510411496681;238.34947155799182;0.41204717793345175;0.24700346472196347;0.7558316693714418;827.2359577901568;325.0508497239178;81.01709544833074;35.469905427239;9.82838445792283;19.094613549535456;0.35502498284139955;38.91378983719354;0.8745647538761391;1.2640439846022389;728.3305056555472;42.29381069652927;5.413846353810813;36.33899922885145
197;5;435.4645005531212;0.6462248026404054;251.38312443580236;0.3594022464977561;0.3092407435909897;0.6797539374819018;724.5366184405925;335.613783852475;77.9920247661251;83.57922717755268;10.01856028338246;19.65181463590047;0.40985729303348045;44.19194094018577;0.7829630786151722;1.4173196049674042;665.3467852504207;42.070470099286446;5.204827946083592;40.42113374090181
197;6;411.5348441092722;0.6478530357734117;225.93692294274229;0.35285759141577133;0.27785745181255256;0.5672025878996685;620.3691744847885;334.87567215771264;80.57676859441274;32.040561814919705;9.541666232744696;17.588510232246268;0.3752001757217541;39.058177255246356;0.7925902378489564;1.2810406566124128;616.2084638551568;42.6535643180688;5.373347048090645;36.42270171758762
198;1;314.66430332907197;0.5332888249060718;133.3761066566477;0.4543990557694569;0.29717095841838115;0.9937429773063682;388.2614347481683;228.86370256458105;74.02789038083293;26.845888502711514;9.714833356417115;11.680298733941408;0.39547181495916944;41.03674618162168;0.9897290018531223;1.561539124284918;400.0186103246071;44.40237861020385;4.697694407071659;50.45000103408038
198;2;320.157048932929;0.5798801237358338;175.89612888993162;0.4327632990348469;0.35981276944971513;0.8621382105834091;487.71310880562964;297.5398423674656;73.10641183372626;35.381079764199654;9.167211293326796;14.954529438759016;0.381303345862886;38.15496916602865;0.9507729265178364;1.4078734162524065;424.39359553444984;42.03277996537676;4.725326181203857;54.769997735422415
198;3;617.8155683989409;0.5121312186109087;201.76530777325638;0.47892650059033476;0.42181261166640893;1.0900483908248404;506.9666960726248;454.57671224079814;71.44146470708701;63.43197041083702;9.453938014998245;26.224591699193432;0.4098156772655762;40.35599676306231;0.9218333752605241;1.49469191394435;471.19899025092616;44.43339289975733;4.726766978536972;65.02999577746813
198;4;396.78485247649616;0.5760199430638329;172.8083885418646;0.4255834963405302;0.43429406739960386;0.8684739369597109;477.3237325243385;329.2011213581263;71.27148942502775;42.39354316684099;8.675017552560236;20.018883590834065;0.4248591211274368;40.51819045973748;0.9350377253878901;1.3755234192502204;420.2073188957258;44.11986257012569;4.963029059621936;66.21999499595152
198;5;370.30165236055944;0.6605728226966844;169.95078181773388;0.3444459175094056;0.4209909134723616;0.5889895919978857;429.59651433562595;268.1200023106171;73.03519115399322;43.25684507860894;9.081675051444716;23.519557252221247;0.44824942570077725;49.83886570022261;0.8699238314161629;1.4168528577259074;364.4565066133338;39.79436649539403;4.8878477329078125;56.659997366756926
198;6;508.42952765904874;0.6041085039812252;191.31357986197963;0.39775821348376306;0.41614009284673664;0.8104627479961262;489.00462771981876;431.52320406975764;71.18629326933237;47.7289768383642;8.451008983315926;22.483050155362335;0.4036873646189427;41.03078845184197;0.9290393723999466;1.5101215660921203;442.68391009301945;43.0672677391567;4.920004686590994;64.80999508127357
199;1;472.1955576845154;0.5297684937698528;304.7878307310667;0.47124300847715395;0.34982983201935325;1.000287807124293;547.7285445555985;316.4565873529209;81.11836830281783;95.69121940883251;8.727647947955028;27.5745504148081;0.4260709030747914;38.74855811083558;1.051556540870892;1.0734103017844305;508.7166738903019;43.497176689568605;5.4895008754146675;33.8900007543302
199;2;361.97608723371945;0.6023719643627978;185.3636769704269;0.40497117833928364;0.35860392105532995;0.7714417428872199;546.3840755013831;257.64118431074644;82.62264906717486;36.92834056080429;10.069845223426972;18.292175086869285;0.4314871781512755;38.874760451672515;1.0818304868662691;0.9760191044445946;484.7594499398732;44.02650855456307;5.794815066852356;33.90874753118882
199;3;199.45781023322445;0.6425989030725917;164.74154491901484;0.36398704018070394;0.28716601410481263;0.6124994596046324;373.1589380385833;167.92047484925195;82.44155157055975;27.40499251353427;10.154124681209476;14.762830463436943;0.42630498247684445;45.18588372219993;0.9611081101820715;1.1821865367185977;368.2130576950343;43.75693013442424;5.5285860351961995;34.093750048931966
199;4;359.4822234132726;0.5147582434972283;245.5181970736746;0.49626473479100225;0.3057690460322414;1.07005700269734;484.9099775110293;206.81385689480976;81.08787053094255;66.49293683742113;9.682496087857132;28.178821495588924;0.4152069376680552;37.06983814015198;0.8298585841506642;1.2146476852210322;460.57990809192603;44.8495014874946;5.5601465184007655;23.76000015259495
199;5;379.5863726604823;0.5315423060541434;211.42383112536638;0.4807733689122464;0.32416649343338994;0.9637023279530488;554.2518797367493;253.16068349973014;81.83447510444978;74.93629527856623;8.636652002446654;20.970438684910746;0.442405769992661;40.1709685721552;1.092064829735642;1.1436049479157016;493.4597567581282;45.24589108723022;5.523794636264269;34.00577580589489
199;6;248.2316357483058;0.5393475594820568;153.26476104960952;0.46820971660854005;0.3113470691454205;0.9513005380277648;403.9672761252392;185.40392938646727;83.44847461119208;32.15621485257801;9.68174238006272;12.849208860656205;0.4177616964406633;39.34192804316496;0.885154478762693;1.344618960190374;392.5987354909097;44.93078804339145;5.709576786515471;34.62999680520307
200;1;517.4914586780473;0.5270910086262566;324.3606021583048;0.46075582150093797;0.23483224171925862;0.96560070810626;782.9666237441736;384.86693449752937;83.65458300772865;40.68732965075115;10.235724307620423;27.21765258269525;0.3570090482647361;40.667516832497;0.5150506991085432;1.4846674690774628;704.3306673008063;33.8694281209258;6.6410396186988;24.859997560851184
200;2;587.7066932808829;0.5076973634738153;526.0066133376691;0.4825756823437871;0.2695207104050011;1.1635310287118004;1226.9089773384742;470.0510040533146;83.83193604995955;68.44403852107105;9.13390370387804;24.958005707572823;0.36399073995441517;43.40711053211575;0.5707385074318474;1.3915373168082228;1126.6746716849636;36.80191206065786;5.804396568004805;24.04079855175684
200;3;945.5995588431355;0.544296061301022;580.4014173558004;0.4507341983666656;0.3449208539187642;0.8726539694436994;1768.7535968;671.2011430664138;79.55616855502517;97.56538345313824;9.216672823642964;54.300498409339944;0.38208060404158856;42.43977598826148;0.6324280987988943;1.0854799127234884;1467.6809991547061;39.02163239366299;5.281265255056321;35.230301930143604
200;4;465.37522795642826;0.5420655078701669;279.32770060735913;0.4634692216365736;0.2265767955419246;1.0605255791535881;767.187829776919;399.5488856774526;83.66712972720543;39.77488370084492;10.17735408153861;18.056322795578485;0.3816396099539576;44.30673403607507;0.519938166240372;1.2283339200147503;656.3738284847469;38.84647076635529;5.93491436229993;23.87399858905446
200;5;835.0785689331352;0.5195809166656962;956.7263394034044;0.47822920794453094;0.3314139543441839;1.0646285620098785;1491.9155592561312;636.2978227729508;81.8544509362001;100.26104426669956;9.106016609351318;44.39668197530652;0.3843159529133717;47.47830630818648;0.6897800185045496;1.1323702501789588;1466.138634155253;38.523395928070386;5.818047584387881;29.010002085721627
200;6;536.7746513324113;0.45683461146002985;465.41218823650007;0.537887194554156;0.25590246763465374;1.3555214995676503;1023.8946550583902;430.3702195237141;83.18420074836233;79.02419780668814;9.324030112726959;29.21774996258671;0.3953785601488405;43.316433234753546;0.7349097353272578;1.324015022656116;950.1937466284729;40.01769752046874;5.871378547808754;24.781000766645562
201;1;698.1722444939903;0.6146161870860319;324.4733443818211;0.3811757842512584;0.32950671814296983;0.6608274108318659;907.7465891238857;525.8935885697534;73.97927837620642;62.34900186877004;9.86979341831836;37.70751435961998;0.3986084121136973;40.14844615098067;0.855379159451235;1.4733622358240115;801.9360112452904;41.89698391974749;5.23426360622513;38.3799984669908
201;2;519.1328958734259;0.6545883701819206;227.76766994915096;0.34225087348571975;0.32830235978575006;0.6045218669346075;745.4543452035623;451.09868621223984;76.4609930706997;44.61152083683537;10.092958069651058;38.60553500343277;0.37138822988719766;39.56019300515843;0.8599887809739569;0.9918340337399251;690.2615175224233;40.55381739228679;5.991878285716312;40.93999999889393
201;3;299.47429896316146;0.655347056904514;208.25991611398152;0.3453766258821297;0.2758383607511866;0.6265545814763778;664.7720144735341;292.04738102441024;79.73951310454018;32.59080543984666;9.292420349909733;17.915640241534533;0.40016531513161874;37.85763369103762;1.1050597341070485;1.1218783081184212;645.0619868295165;42.728796824544844;5.61201926959232;32.639999234004456
201;4;442.8724714940783;0.6502308734733718;153.57730152894143;0.3502254144404649;0.30120286140722785;0.7314205210585991;480.30813243663187;384.35633588305956;79.57252936994851;30.485242842331264;9.85424187444747;29.993189481540263;0.4115699560680283;41.01216682899195;1.11574212058673;0.9659547431950773;444.85868189389066;42.06065502492346;6.546176271119002;39.440000743827426
201;5;482.29486749328737;0.6714084983617252;270.10898358118914;0.34856129563464794;0.3341595621896417;0.61282238173298;523.6242779182454;378.6639390440351;75.24415591383745;87.20218314494461;9.247669564983743;34.63675034097654;0.418254756116973;38.42355126598173;0.6466492889269386;0.9833500847496714;482.6719838187278;41.25414724390956;5.569987773398712;40.08999933230698
201;6;383.3001634686287;0.6117696884285784;199.70252119389525;0.39724145288810586;0.3267235754904717;0.7529562840038763;453.8714241812128;263.866224956821;75.27017274099777;126.06537693351926;9.657814521871378;25.44236469264216;0.4014394322993127;39.63498352829684;0.8369479252407918;0.9873615062649489;381.3202144192587;41.489709640846314;5.475958196375812;36.299996963858604
202;1;614.5866250536368;0.6491672354464408;269.73329551051137;0.3485150548731241;0.36811710072341985;0.5955170108523895;792.685132832585;602.9328639128767;72.54577490908912;50.436902923185826;9.966903711426017;36.45934831179009;0.3638600061201363;42.435068502829616;0.9055286720711458;1.1397601711268153;726.4318191154599;40.10473937279167;6.338215820580237;47.20999948351092
202;2;950.3223585124865;0.599993943719947;481.4919554368921;0.40228015757597974;0.35173221962021783;0.7770853692903708;906.4740520281235;840.6786126668021;73.94965962896373;66.57893009279563;9.510168735912078;40.81230026214661;0.3601541074412599;46.07073662419882;1.03751796639835;1.108865173726108;888.3481671376735;41.07161612036276;6.088028025503232;40.01099827773926
202;3;523.5148704284348;0.6467480075025975;196.17977831995645;0.3391470795266972;0.38958665226085126;0.5752320343011316;507.77629908186486;479.83729665589345;71.63668195970428;34.82318023632984;9.931410017221665;25.3567469840269;0.361685122640625;42.966928811654775;0.8796289403188172;1.301788560387978;477.60994964202035;38.809396693282224;6.170652941507842;54.88999861233843
202;4;816.8839493415197;0.5732243677480389;531.116969692252;0.4298658800924012;0.3488219050423049;0.9810737551263429;1042.3737461082358;711.2581985066088;75.7631723690279;72.83420273093776;9.784941880899911;33.90450300497533;0.36261660635259396;40.352386459951504;0.6717903545087266;1.129108651627445;956.9964946410244;37.001173557968954;5.411858928215177;38.42024293217186
202;5;678.7623131112545;0.6460166943386239;280.0772470268215;0.34429941722996715;0.32824920547994013;0.598723193151662;871.4789762940433;528.7540772107401;73.3164265173312;48.11738626096867;9.54229065104422;30.058035307087522;0.34860566391120434;39.80439632724194;0.9860606909083262;1.1832387707578713;770.4318415922629;40.46289761412763;6.129882313891761;42.120000518631024
202;6;1130.4176035412495;0.4767152771225298;638.3207049557714;0.5239377117108067;0.4209347862581765;1.3988948758187012;2211.7934311869603;947.0413777566441;72.91114173045293;128.26404105129143;8.567361838983071;52.53706938695936;0.3215020293335275;40.55183609014256;0.8706135646455775;1.2525978653745258;1940.370651637321;40.08415883233396;5.415235877941164;48.800001323254676
203;1;202.3848051772524;0.5202466363382569;118.06583484499528;0.47520784183309495;0.2987559241016163;0.9444639107802493;343.32365824197996;134.7059070798054;79.97335777453804;29.756265414213956;9.734902084956058;14.662056320258177;0.39078389963605614;39.11392351400204;0.7148590572818163;1.2807446478679065;326.64073286963577;39.3719967372115;5.2746013240494865;34.9699970332821
203;2;365.39229004037486;0.4742837767685205;176.4168415492005;0.5067778997642075;0.36278163754023274;1.212173524432621;495.1586865276614;240.7961642017889;75.82305903209823;37.68865542543832;9.819925388923595;22.367770183925128;0.36465866151031784;41.123255855082924;0.8000915523258415;1.5271924994081925;426.43947968344304;39.78838836273892;5.468596911368162;41.099999002758224
203;3;235.44807561174466;0.431636485385702;181.19660262351212;0.5479308279039729;0.3349487713395202;1.3555577956110192;364.0338287810297;191.82972719387948;82.27248918810338;33.24756486495313;10.312090465789131;15.530485201463467;0.3564476499016979;40.3951067374232;0.8418433147381057;1.34303071620585;291.1647803774195;41.119875904762495;5.39067860714873;30.911664008189895
203;4;190.1207980015289;0.48201955309624167;171.7273744837721;0.4925015879850948;0.266564809964782;1.1439362222580014;342.57880452755643;137.125581918292;84.60821712324282;33.185192075998266;9.670430576511777;15.74786805944849;0.3970173491423241;40.37322532788938;0.5384580993822482;1.1370811015063103;282.61057825425195;38.567808657601944;5.08123890851025;29.359263716483238
203;5;203.21998328411541;0.4770245130638561;145.62687656102378;0.5185180872685414;0.27501954451638577;1.2549105981595952;361.0035967286593;155.1468451286967;84.5991073077354;33.83654539167903;9.507076620383259;12.289845125686826;0.3625196830249174;41.703942356019;0.7093193333693222;1.1740817645058543;314.3206962601432;40.62429858064084;5.045697649107462;28.739998077420342
203;6;294.5823755228992;0.430912405742634;220.56784220229417;0.5640389007699024;0.3171180040395834;1.5246452865019888;404.65852616250993;217.62073369550671;82.89649909171088;52.0337511143541;9.388695454516284;21.94983327837997;0.3561422236441323;38.05482258802302;0.7186279320082578;1.1403505202933113;365.7545411829246;39.94575785118321;5.226871376107772;31.634937559426103
204;1;325.5899007055921;0.5687044838235843;141.7519895572094;0.429548419106085;0.3007165133719521;0.8033973450186047;401.48986818972435;288.28508535950385;76.16300931171219;26.29237158213973;10.263947531175184;19.33304397834046;0.32830232767826006;43.7936210650394;0.8341950992130382;1.651507035892509;370.63174618577045;40.73273136880432;5.416817827123946;41.62000037395959
204;2;264.68277846250004;0.63908806386772;103.67318311742027;0.3688761503512205;0.2910096742032142;0.5954849742185169;361.54103641839225;227.7478724941596;81.79810509984105;24.831044327994217;10.079084940446094;14.681745974260862;0.38314628641036225;39.61887949728765;0.636122498206938;1.2294115905834333;331.7911163836432;39.78958047823328;6.129553358727481;33.03999795202596
204;3;314.4089139418278;0.5550236604417844;168.48006438558778;0.45391688653943996;0.3000513753442886;0.9069493705754575;488.8280482224434;265.210648313711;82.1324525980716;31.9251278652049;9.929651235040335;14.652591250161423;0.36464931718554;42.11001394090693;0.7758911785388968;1.2694232086744361;458.1743249264072;40.710452867558615;5.507081181953792;32.57999958300249
204;4;468.9414000174353;0.4504610111153125;356.9895107871138;0.5520016514352414;0.33415850203354475;1.328272047883686;825.7935593353279;427.49310120095186;79.81433578531428;72.40438561840286;8.344405328570895;25.35761240415732;0.35200049225894986;43.323168391814484;1.065999246929544;1.1526661947695478;761.5387129845122;41.26043673596044;5.456396949885539;34.5299965429883
204;5;747.4976525352836;0.4739455255703604;430.07743774833875;0.5206896755637281;0.35810204125010936;1.3686852023390583;864.5077894350235;598.3345785750479;73.36190917883997;91.65598442996287;9.049079058337234;35.042383156574545;0.3411451083777795;47.05903693274709;0.812745357335049;1.4047086777116287;783.1098679463862;37.67385028752117;5.49059056483167;41.26999910525475
205;1;395.9309240639774;0.6121443864760168;125.4635470301493;0.37083989864452005;0.2873753028190766;0.6276160698481352;400.358882031881;318.9687766472828;79.041058715259;28.099669422081046;10.032932878442852;17.73144948722007;0.3554973031347761;46.11004061955869;0.6554678915092603;1.535197664885799;383.0816121093239;40.950421731723566;5.783826226845306;39.260000258365615
205;2;446.78424181196084;0.5417901881457822;273.79690716135127;0.45105381128117966;0.21766088656322577;0.940199159770415;811.5903513540202;363.69664477036395;83.8856455412587;41.603315302225575;9.522909823233537;24.742229756891398;0.3780608840946561;39.291269088182325;0.6452896034560751;1.2867060507567738;681.6710428599348;40.92361882444027;5.905420527886393;28.259999960860622
205;3;390.77338356249805;0.5917701040207923;176.1414658517259;0.40315201714702786;0.20611089425601292;0.7310226188720689;440.4468374031193;327.12090804856814;84.1704630663584;29.45174886541075;9.587760827215751;16.90197780929548;0.3651073979517952;45.36132267626261;0.5777629231559386;1.0792525818054093;459.6914312004526;35.61634828718056;6.875338043813721;27.34583404299232
205;4;614.6514910252104;0.624236733068359;245.81595803242467;0.37310322141664554;0.3305707512943471;0.6753745665223263;740.7830817648478;457.0245201451975;81.38326907688402;58.6679223555982;10.127376495690942;34.198644451357474;0.41905527432594847;47.77533993485556;0.6153650726677456;1.1240639866703428;643.5471240053276;38.96784402997037;6.25181590826386;32.4399991299637
205;5;543.5241640148828;0.5050822543711271;294.0526061778099;0.47974718478247297;0.31454399584220566;1.0376722833616414;842.9492080660264;504.08099159455725;80.0092217268819;48.223739918735184;9.897459902323664;29.9613903443439;0.34177380116720874;41.733345968151184;0.7350412957036017;1.599756721941205;758.5010366070586;40.888014366574836;5.426538800031743;39.161997388136705
205;6;346.89698406492556;0.5674946414978251;118.87274062798144;0.4277049869181501;0.2288940303750597;0.7931457984624082;432.9494370219402;293.9231671388978;83.67425459562348;28.649248335050956;9.624277968970889;17.37529736207914;0.37561293925830586;46.53140489284122;0.7014232929637587;1.2295464000054153;362.6276329690403;39.31415889379212;5.656794797116228;28.547272602138975
205;7;248.85264455328502;0.6052652175115341;111.22941276564376;0.4128460475188907;0.22831598451966886;0.7895913799145376;335.8512444231859;208.16232262917924;83.77674368705452;24.62342396899244;9.9318005641786;15.646475715247592;0.3966685858326008;42.02769020084457;0.6389830857140779;1.1316461432201603;332.1405250110355;35.90189004453059;6.706396972282016;28.456159973710943
206;1;291.2947040653417;0.6581662821192878;172.64124586135702;0.3494974353655777;0.29452251196377516;0.5890565262025339;438.6342085144716;237.18081306255976;81.525569866187;40.48427360228749;8.661465339747263;24.602870948942595;0.4104311856329195;38.28688472093275;0.7104325417597945;0.9818798742519674;357.11717507493427;41.80159128050631;5.66373042203938;33.75182938510935
206;2;389.31781336753863;0.6465043779536995;129.5261772535354;0.343065975617343;0.3073547113651451;0.5526467853790629;430.4015057113882;335.79004232662953;80.317000747242;37.4865742363919;9.609178684899867;21.20395145441506;0.3842254476068071;37.83586255478456;0.8517441126982394;1.3621888634912136;409.355254107059;41.6592689424488;6.100526523549834;34.76083161872447
206;3;564.8727332090482;0.6432753009561286;140.8309269751302;0.35200897449502283;0.3569004802424745;0.6028520139765332;381.51400120042626;447.96514986566297;72.38378737990985;65.29485239872814;9.764091191081242;27.559095403801955;0.3797391363630728;40.35678491168617;0.8384579287108136;1.6144717930131407;355.28836778141203;40.293987013235885;5.655309840200353;57.659999053147764
206;4;335.9617554111995;0.6688701618672787;121.02372241774829;0.33718990993328884;0.2890355227671179;0.5147422941105686;378.8326966164147;301.81938945993886;75.52967908423916;34.20089118433631;9.860456750323435;21.587761745608987;0.412324531947463;40.18945887405765;0.9896937977804795;1.3457235128079759;358.02205927603745;43.49868495755668;6.125961596875649;44.910003365569644
206;5;459.94505140934035;0.6522402848255082;217.81064512327887;0.3564558958681134;0.38326424238073864;0.5816303847436406;474.2247233046037;277.94675271093587;72.44214404865602;60.232946638830754;8.327606682050927;38.32212838655152;0.3725893459987728;46.75371230837241;0.6350893536072717;1.3418966469851206;441.124254915597;36.71640080635962;4.930760081797569;54.95000052993842
206;6;426.5783025781688;0.6672422790591247;168.79559171492144;0.3416181449511741;0.31358089629330743;0.5958088277797498;470.2155482606193;384.3179006699518;75.8533037218747;46.13498200413154;9.85889636976191;29.01977443665639;0.39788323149001337;37.89167226409042;0.9609930030267653;1.0929930572002329;434.4105453985976;41.382660972966534;6.282663110277228;38.30999850535868
206;7;585.9140800581051;0.6521477691503682;275.354049861601;0.3409425000837113;0.3032794217077861;0.5801568664107598;716.6578001921756;376.2199304763835;74.19814072397034;51.90091556470733;9.549582736257499;33.00454919324153;0.38341376122147447;39.36749549773197;0.9164722864239911;1.0655584473426003;678.6247081298592;41.335803409240526;5.428275406372098;41.089999298249666
207;1;1024.3027657885839;0.5739949578509251;859.6388245924592;0.45430805038337707;0.35185441728450245;0.9600488832469777;2057.55521386584;865.4721700951906;76.69090607466575;168.6158487073218;9.058070145757023;45.526196010175596;0.3281994777578649;40.52211096180121;1.0708236444824106;1.289041153206668;1762.4743282515376;42.29212312524694;5.443838270897671;37.25357669654291
207;2;1196.6689105529108;0.6257656053566528;1289.21578736059;0.3793746575537542;0.4396857468311034;0.7856786880024464;2146.4158372783218;979.925118671358;73.36027725239997;176.17156484577066;9.267836504881252;60.2581825471287;0.3607077539287778;44.190317530661204;0.9573653736268619;1.1292300306472909;1923.607760353624;42.09673138715822;5.736107091018953;41.209998109934084
207;3;1180.7297018817655;0.527821920670359;631.6117767855247;0.476440402898142;0.4796488644817167;1.0937179289931727;2046.1548455583682;959.1986091711605;73.49812905077279;155.2164022916537;7.518565485322416;62.15374940082896;0.4239652795970263;39.76164011477373;0.9899611357293892;1.0680435687567453;1778.3447281642716;41.784113089038;4.945516435705549;45.1700026039697
207;4;897.793897734285;0.5286349423072949;331.99995450523505;0.49143705119925946;0.411946364231802;1.06524834767229;1005.6806506286509;628.4675031638351;75.93024742318167;76.67480146622042;8.446547941770334;37.1739104387222;0.3652365668679691;41.91507498218922;1.101079219664363;1.3043491798523577;863.4350770238591;43.7089396664439;5.796646470331784;38.86000035121052
207;5;1264.8738529084453;0.6086865557532533;788.3639953438555;0.38524730170823884;0.4583619310745074;0.7232660550732579;2079.618800361823;1037.9107993132864;73.72175550017205;158.5937001532037;8.564328399800532;62.397084453958044;0.3339658740093283;42.48046192178176;0.8322998513943984;1.217283236917022;2141.906657547502;41.01573469903426;4.954337314430458;41.89000161640738
207;6;926.057063175885;0.554730540140084;551.4381436830731;0.4545050937724135;0.3603373695384738;1.1149649974581393;1089.2818237611073;765.758536413605;79.34993405892605;141.78238549432712;9.13432776128433;40.457064999702354;0.3614067886203617;41.72319245941329;1.013555033417597;1.18380306379978;1013.5615914428312;43.66824623839579;5.173926191570163;36.06756662339758
208;1;330.8915276208138;0.46048442275308976;206.72823403321175;0.5235561436504512;0.3397840607755913;1.2948583429659526;513.2244475858288;290.9612969120489;82.20346552369186;29.907730098140195;10.51831118598633;17.95456580798284;0.34729811495336027;37.2496747474376;0.9007058069219316;1.6014198858171524;464.1943902474509;42.4506764505253;5.005711796132874;35.03000002765519
208;2;491.64452296599205;0.4932287524194611;319.703824972856;0.49722128874557836;0.3440264790848888;1.0880800504391208;885.9375288829909;404.55804486172053;75.83332494226701;52.92837512175982;9.344005202719417;35.30926158460534;0.41368351130474984;39.48076771014427;1.000009013012865;1.0272839371302285;815.9308591746409;44.99515183733704;6.526971691937381;40.009997846575125
208;3;1081.4853090157362;0.5111077495123403;479.49204122787;0.4895389262556527;0.3244712328332487;1.0867184104278307;893.5144027301292;818.1448923525671;74.93717432345291;150.2240150706861;9.005476017220246;61.31570120068458;0.41438759996946045;39.801184402086385;0.807338921545516;1.0070608167127408;791.0896963393877;43.01795761139122;5.490277492563531;37.03971421764315
208;4;205.78548155984623;0.5357101651729297;104.57279860970677;0.47124689903449696;0.30008367045509043;1.0165531083656758;343.6340318147284;157.55552046323007;80.31291169827378;24.153967674833666;10.054538242489684;18.304006386639667;0.3620052615703571;43.031269727728265;0.9900957101054909;1.2369646900066955;329.33385818292874;42.31846194201998;5.2590920786633975;33.069997600967184
208;5;465.45981860927577;0.47483170382198026;326.505608274767;0.5192232940317731;0.30710909437507355;1.3143262071829187;449.65830180179614;335.00079397802773;81.01936603779319;84.53279788680426;8.789910972103467;44.66378285562592;0.4228413661882754;40.576141262504215;1.0627874261507408;0.8967642330397423;405.28695931729504;45.650944839658905;6.6905105418525315;34.50099901117242
208;6;1093.8915108196782;0.5272728182407548;441.94026447722587;0.4763085020770198;0.3167841894571244;1.0605886225033245;956.4493514340357;869.5621213040499;78.21911689378017;117.0814811568116;8.722330585477826;52.85658617047337;0.4152123896260327;37.77041112234757;0.8061428283536045;1.0890317204808264;825.2326078085866;41.68350978285782;6.115938509167232;35.13399855185707
209;1;583.35287937391;0.4208300240092776;400.50076949203816;0.5897304227864469;0.31951387854156943;1.4763883332833858;916.3616463657651;412.71684334888266;82.99384619494245;79.65870492300651;8.995884379449114;39.0583312864439;0.38120781845204227;40.58336323327281;0.6611367065910778;1.148404061620927;824.8407306787502;38.50191971358109;5.729783623569824;29.685836091432343
209;2;588.1873297294511;0.39765828273028575;335.2697949026288;0.5953752881324231;0.3194463846278802;1.5860293361408802;876.0541684746551;434.5885614630144;83.75963935894703;67.80872828194146;8.832867024023257;30.210999763582645;0.3591217958162654;44.82404190093626;0.4899858600974648;1.354833992432244;783.7577767349344;40.161091844426785;6.018867807996917;27.418207043121633
209;3;494.3571477329487;0.4635962547640045;384.42722674824813;0.5343700708189761;0.27574872438431247;1.3685139601600396;791.7998574346357;379.02373292307936;83.87828604677887;71.30781525076397;9.149181747083656;31.69742419323482;0.37094887832393036;45.212972355525366;0.4955317190136527;1.1980683378011945;644.8509499233551;36.6871558924191;5.69465235329996;24.555764361802616
209;4;399.7218773412784;0.4595383081675672;298.51955956675;0.5432734649916251;0.2953524213874557;1.2219231673201303;798.5213830520256;316.54225350932103;83.55356311301544;58.12884068276631;8.983821761410034;24.675595527677817;0.3939673065444576;47.257191241549826;0.5961051762426237;1.047036014622548;673.9709806459833;35.309255874054;6.645958954325402;28.690610648033775
209;5;401.0246574061359;0.4754341570451048;302.8352872536882;0.5375973539682392;0.2826531345361256;1.2747040327771408;750.4494464626533;333.80980580184803;84.5877485862585;41.56110979870769;9.453345067194599;21.75156232189544;0.3909851365371739;42.46452968386212;0.49292347504962286;1.3239848425596303;688.7772465493108;35.5264852485661;5.963857344712548;26.76887638981504
209;6;481.016187389883;0.5211072181006206;323.6977749051901;0.481026866088095;0.29041414388061865;1.041749065731231;833.3572107276706;378.69399223701475;83.406198474945;55.63391628358533;9.379853502363733;26.909754117383795;0.40165639697484956;44.01304909580068;0.5861617100806229;1.2168312321337131;711.555384914144;35.76884141417189;6.129479560826866;26.822128547382757
210;1;771.8343773188241;0.6547485036003781;373.8470054106168;0.33320757101483434;0.36436910538047124;0.577676993044651;932.5221767826492;640.8957131026306;77.76943283186456;87.14825407178678;9.622673213517242;35.9072870760748;0.34171592744368623;42.77260303724758;0.9975199319049642;1.2571574726654784;831.8142111120475;43.203069316417505;5.34686316216588;39.71333398446285
210;2;1324.1147258186343;0.6454680159757626;711.9185677619865;0.3562807281878519;0.4484611246800938;0.6700194578634103;2017.0422140891492;1124.8385354559725;73.3880507472307;189.5053870404973;8.37164052002788;56.985684247796335;0.35520549128876966;38.52734044954738;0.901852676659605;1.379355278347679;1876.0469458800656;42.34058291954795;5.18388156637335;51.50000042085857
210;3;986.701933090315;0.6514102068665373;603.2016539867993;0.3406773514017022;0.4448787322857776;0.566196333083075;1968.3589207232508;914.1978543266065;77.03851443438143;101.28702752908866;8.17481045863369;47.152946970290415;0.3678840890611888;41.421356030571054;1.0226868970360508;1.5041222737934097;1749.3715900763748;42.37665029609927;5.547729895348561;46.030001530840515
210;4;1126.9917166401099;0.6453364503009876;870.144693373044;0.36849743219423825;0.4394262052136996;0.7633357756627884;1010.4670913245083;1085.8151119465315;72.84920345910969;162.06419016124954;8.456945281456985;64.56401673878446;0.36198412036940303;38.89961476460312;0.9311376714405896;1.5149837040802812;885.2154273220902;42.03140039552538;6.51102629719471;58.14000076780699
210;5;931.8610277750399;0.44507614505315046;413.7799967365951;0.5582303793809832;0.3715188254673942;1.3439409730252527;882.3684487827973;857.2913892046658;74.48811143691677;85.16708536053613;8.15807073323909;50.63463402081323;0.36857251588975004;39.92678847791677;0.8381356957017089;1.5700628323040953;834.5498688194165;41.322329249180186;5.168459723164092;45.57999997376197
210;6;1076.8656072506792;0.4636739513310555;570.1171757374002;0.5456948567171501;0.43683023003871446;1.442970573454225;1807.7678771745277;944.487104184413;74.08465084285486;120.77018384853517;8.51274586191824;57.531776852315886;0.35840065182128983;36.89995568862264;0.9669180863649032;1.5663103979671262;1866.6144519300735;43.18730589185767;4.953996473412584;50.07000127191681
211;1;367.1418321019427;0.5532840130265263;203.31625193504394;0.44524842805118503;0.25475066468707785;0.8709560459155183;574.5901046344551;300.61080790283154;83.17615365637832;39.13890037346884;10.208579448730546;16.40240331186463;0.40186004147465826;40.08205310332722;0.5720967486314543;1.219150670539589;498.5404486368188;36.51883563107959;6.322099535166933;30.048076915718504
211;2;382.9936944054178;0.47729271839622245;318.66115488196186;0.5121578426479371;0.3356309766256662;1.3334612767271425;693.2269275920619;300.90477652787115;75.35171974001233;58.11233776011429;8.6060065197013;25.429090226307515;0.4048557883244662;38.67048681962818;0.8350479211348824;1.0330264427833107;704.0735543285415;40.98008278824081;5.1629792075982035;38.75999674743583
211;3;804.4075012300167;0.5212980698431973;441.3289623292076;0.4711932230560266;0.4096844923073696;1.0173061870989422;797.1932719218293;656.7035865287119;72.77160874037621;87.65712951337375;8.814782063080651;45.10652071427774;0.42514553732120564;38.81243235904968;0.7439845930324768;1.1252162946248674;694.7565952480601;42.11049108136295;5.660891836891896;45.85000121132937
211;4;372.69184607974535;0.502727839521581;354.2027864290437;0.4931688039197299;0.32052184850989823;1.2610088784661897;434.72917763676196;244.7725630791474;80.54392078307268;57.90840214933561;9.325163112350134;25.810701681595635;0.42291486974892417;40.77539392485881;0.6740719221075853;1.096594845063167;369.04493054164044;41.303942822533756;5.481154348075643;35.329998760047516
211;5;318.61517351678185;0.4534536562629664;299.3923561439262;0.5351096927521058;0.31064003580233107;1.4903531434489714;431.04882696616653;213.20715451329397;80.19622299249497;36.58286656235253;9.818415277192814;29.51097377766147;0.4299539287651218;39.04567389240051;0.7689185123413984;1.0500891076116985;380.79015861710513;38.63974970840558;5.278700530639189;33.021001514596854
211;6;259.9029872748434;0.5295386685858268;179.86663342264106;0.4784495534647737;0.2290598811664275;1.0978667208743937;362.20738586772694;206.1378572087945;84.71008038367448;34.656517073353;10.199439591978381;15.444451321468355;0.4194628599412081;39.59497893631491;0.5005448398005953;1.2406269549810303;326.0713686365181;35.28362760128168;5.599909711439168;26.370262747116502
212;1;241.74846988286467;0.6367745499520684;94.31102117035977;0.3777873626737127;0.29032918885325165;0.6492094163048555;314.9055512974913;199.10408933005766;83.34949732276614;22.95569853623897;10.570959090582198;16.44460597073429;0.3943214946947742;41.91647312787457;0.6828925130889364;1.2586940853313904;325.5637081515773;39.299418279242076;5.320456195522803;30.230095209563306
212;2;282.0092248658843;0.6372974862274622;104.4013897607772;0.36936188357032906;0.18793169119041983;0.6160201978274782;345.82208669057223;232.4266352556416;83.26005575597983;23.096923885347845;10.476282686871699;20.55479892838001;0.4219103211231395;39.78838708606823;0.6711879171080064;1.3967708297319903;332.05936334987;40.29704238757839;6.512235106571867;23.16548881191992
212;3;503.08955556281524;0.5751674755285952;278.4072650601791;0.42361125505311636;0.2535628966450967;0.812327002920335;719.9699868119128;361.05947690376985;82.89549542790144;46.913516828686134;10.06099068661487;23.973528541198494;0.3948340419703967;42.92459146156743;0.6837409562106549;1.1791195476805154;628.9605742077022;38.47204241931073;5.4542209679797775;26.217596627697834
212;4;278.4003556814577;0.6437981440372491;113.22767360227735;0.36234307668778204;0.1818310619315191;0.6703890671473218;326.2195128983124;243.8076699399132;84.14256742646603;23.94229957600034;10.34127315760653;18.50194399921247;0.38058676764668115;40.5933284622391;0.6248756154886658;1.4760907934859053;324.378022236848;38.503214005762196;6.430711604901619;27.220996844967594
212;5;303.5281762632531;0.6395415459015672;115.82446431473026;0.3740073569128932;0.16500869272403385;0.6341951352207554;367.8035357828796;245.68569571847374;83.64128923789399;24.44536160370807;10.424898067178994;19.52263421523778;0.3529931693000736;43.4421951672914;0.6135495389006183;1.4669955716656222;322.41223281242515;38.371340604249426;6.337575296036581;23.36463236691583
212;6;701.6088806224734;0.5487843963936155;312.81800508885726;0.44967977659509056;0.30171231774663476;0.8730461709542573;794.7784980665915;521.6118382236248;83.87067342047894;58.73543608976238;10.514110658704261;31.77016188157182;0.3769059858502444;40.91076252188621;0.5419609291798071;1.1931967637732634;705.5824474751566;37.99495784700213;5.624375686952629;26.016248464310564
213;1;190.76412619783687;0.6393224876571552;99.73648806124422;0.368582567317721;0.28180177819966257;0.5923569060235487;336.42043400797616;155.77532929976695;83.28244610086051;26.083795540505733;9.528189273332478;15.566040296468254;0.4052321303107942;43.52692542978537;0.627238697424625;1.1718217632987586;327.3017330386969;37.50301933021523;5.256298499144467;33.119999414490984
213;2;192.87461536816372;0.5101148350983213;88.00601016292856;0.48040767062171597;0.2770743408016284;1.103147122999192;295.05718195729276;152.32028100291814;83.39488898960501;25.442721978474378;9.34037078407844;16.180217337979666;0.34435359355000567;44.5789382890066;0.5351745130328286;1.5196511277160303;265.12040166704196;38.23107083270134;5.746569183170036;28.9508290358071
213;3;166.42530243943693;0.5254131693426665;104.53981080980353;0.47674613396385496;0.21417400453828697;1.0010996237793528;324.76776765082815;132.04920283410618;83.85079183469729;26.031909714259665;8.95183216086682;13.070182986960369;0.3868309560131987;39.547948575851755;0.5557391863468857;1.3491957287346954;259.73909221033693;39.44146022792789;5.101880493439947;26.681537444606032
213;4;250.0998339405364;0.4967301746338634;107.78833419383135;0.4818204126365951;0.2576898308227268;1.1100098550286817;285.1466071021594;195.4344675439184;84.09990212860644;23.92195800439872;9.910332086935828;15.74835617264579;0.3293527082493254;43.51845837353742;0.6135212786258151;1.5236193322159535;263.2360873832956;41.04307086118204;5.593402305986844;26.939997243768165
213;5;404.149455587607;0.43496298902548525;301.46404487635596;0.5528129549444012;0.28859943655163617;1.3045026039447931;747.1527708376151;282.762753007417;83.7985278633357;44.73218903985697;8.968597184090491;25.092022989299192;0.3869168900219651;39.632280505322306;0.5641903915202454;1.3480516492266137;650.8263485901479;41.35451085036031;5.578285099420682;27.027739555556597
213;6;212.482347478702;0.4861048098272793;117.44408326391249;0.5032606997837217;0.24320507018516285;1.1085876841670528;322.2401040425591;167.85061411498447;83.28110114612691;24.758644873320087;9.739586672772765;17.194150412854537;0.40691527085973805;40.37784070828814;0.509204463510384;1.3416280148567858;248.85727770407394;38.447458894166736;5.788218819015655;30.558172904340655
213;7;195.5248437355342;0.5226722840657311;87.7364147917789;0.4741282586064106;0.26293188353463554;0.993820899644351;380.5505669025548;152.8862997766921;83.87866867589219;25.92912902933144;9.596157201314954;14.864907398988944;0.3559730660329165;40.85227183671261;0.6677657289181469;1.3805105382549792;361.1211436768648;38.38569192786155;5.7511523382466745;34.50999861648683
214;1;465.5465828813964;0.497295017959726;315.03241814257444;0.4974313150086935;0.3384992487149085;1.0563266655445798;785.0069411043519;352.89006927453164;76.75375259617745;61.529178774947155;9.190336554377712;27.530226008305206;0.3744534200519178;40.558832861024506;0.9183004662247483;1.5153665378781462;719.5840018405515;41.9895664173222;6.016478594669735;38.11363461613914
214;2;514.3727615174889;0.548698957517836;377.22137933102874;0.452088068474492;0.3541376365596246;0.9321747309786735;786.3297518360959;375.1545913868179;79.44492815175468;61.32027638633687;8.601419862792484;25.354421394595498;0.3655598176523162;38.24066511164542;0.9682135538032857;1.530430931375205;706.7088902069402;42.874528994665425;4.874861271259846;37.854882643038366
214;3;663.7072287335554;0.452083676374469;369.29693066772097;0.5441046065360481;0.37213529074176144;1.281685050858956;981.6726394240366;543.9487845938108;73.66273335397493;88.90844252095584;8.941909218473004;39.1833229806877;0.3621252667293015;38.05348616038123;1.007664931715517;1.5114520492810402;868.0323025423531;44.514426753532256;4.877116426476302;44.44000086394497
214;4;424.8057496910239;0.48846199462285667;174.59165398899256;0.5142986387565418;0.3878747903506464;1.1477594884382485;441.5066860978141;332.29787820877436;71.11722699946935;51.8501794943793;9.502330905622268;19.6657889979726;0.35453257818067313;46.15687834077007;0.924458636480356;1.4609149000887178;431.84257010333835;43.67752702937801;4.774000224588782;58.66999919312921
214;5;393.3780673900824;0.5862483293199988;280.39809290759075;0.4168261620531482;0.30459516808060877;0.732848760385469;726.4178720922972;356.3696882159361;81.24004501524476;46.4906811820588;9.85780720886579;22.666669988505834;0.31244350213937727;37.794285576582006;0.8848017365610774;1.3897577824253826;687.9802444118404;42.40699093623653;5.106668594403424;36.74083012423238
214;6;700.6314433154303;0.5204152952053147;721.8776249600933;0.47670030627086857;0.41334108742035197;1.0281431408309065;808.8408497980589;577.1750792082397;72.09646747259066;103.45253412472076;9.082956240945766;47.29068044881594;0.3875554342243358;48.41606860687335;0.9003421901615184;1.3471042160755302;688.1257925905358;38.43406305963479;4.9134395691383626;55.940001831474426
215;1;606.7999843017819;0.6262039719047424;258.51776625788193;0.37086638048320264;0.3147158301728963;0.6107929885296667;723.3449356627639;460.4436376217039;76.3340002236168;44.97746508417441;9.97782786905382;21.594902841794696;0.3706624207274031;41.875420125345435;0.697162365757682;1.53730165971236;685.6268215973198;40.726722684492444;5.276482211341013;41.09499945821264
215;2;794.5053706207962;0.6426028546493713;498.23294512341715;0.35809555281502764;0.324983273462791;0.6464158217854051;1371.8356746695176;678.1348150638838;82.78419502044912;105.83258537071114;8.724480931707753;37.65312623455364;0.3664657845241052;38.47228061461781;0.6981861173231755;1.303676087047747;1327.8994800904607;40.93666184041187;5.505687395469739;30.22542245975832
215;3;1287.2851755588367;0.545366075128993;544.8713862263094;0.44217768064000296;0.429748653221206;0.9103715735195247;2186.1769092644886;1128.0972529832009;75.92662210016628;124.75241664737892;9.551165233159528;68.28631412103105;0.3830849555842471;38.656818902410095;1.0380728645375787;1.112252663103928;1949.8164231622607;40.93553456078834;5.181589699307669;46.68000117078825
215;4;1257.8021819698258;0.5888843803662813;1288.8672891038889;0.4296749309777231;0.4395863979305104;0.8222959313867959;2093.1752472909143;1051.9308327929807;79.26713621283048;137.68172520658916;8.31546030919561;74.92259721188685;0.3897739578303326;40.41587802513957;1.0761173212214818;0.9325818807081049;1891.4213337344213;43.03892645035382;5.128682091458755;38.02500078628472
215;5;690.555765509701;0.5095480948313611;507.20502381091285;0.49372911051372614;0.31512120169257574;1.1080092289177559;1174.5193965512944;550.009484666035;83.58948090646119;78.18442549358568;9.499054488862038;40.806581997873245;0.37076644982664947;40.071390016472584;0.9010575904793469;1.242660502513993;1069.2122405405362;41.99150883227465;6.023641695384375;30.673080856069113
215;6;237.7459776522259;0.6496803335716131;160.4109145594067;0.35955692349399127;0.33869078419445037;0.6363421749109561;407.4566623805381;213.5494271428001;75.9692889226505;33.81671064886202;9.704009217980373;22.805710953911042;0.4216989540971274;40.2884497777175;0.9446019822792812;1.2492194461143367;371.0060321454524;41.748605480830605;5.594510050687184;42.0699998891836
215;7;1052.8168824900724;0.5128161364849041;676.720730818238;0.48015752380185955;0.42960491652790056;1.159326802645244;2223.66369546185;850.2929873825434;74.26524448705095;103.56624949743808;8.641432708279533;51.80094501776405;0.345110630948712;38.520178116002796;1.008869309385468;1.7034429047481994;1972.9995981220336;43.22251494130908;5.974008228954849;45.53000206450222
215;8;577.4518037863465;0.5438904634261034;351.02460059774137;0.4656396983208267;0.2752762373412245;0.9805103698062535;873.8731898145389;460.7638910005222;83.36113664480213;90.43652221774114;9.401124561748052;27.763058709697802;0.3956207950332232;40.641566003252656;0.8246827215084203;1.1759868004861074;787.344527608528;42.3862651884697;6.187187436359707;25.53683312036528
215;9;319.2857388940729;0.5299363078360148;171.50544787828693;0.46706496001005976;0.36073689209393356;0.9423863546820613;467.44215970655523;266.97037133995093;74.75188816845179;38.7688953284314;9.993434500945396;18.626968656514084;0.35909794025204483;47.38626674502452;0.9782081696117505;1.3472077223233883;422.2057947643147;40.528606991946546;5.077042393457296;53.67999998902619
216;1;450.67366558394696;0.44544330684080724;345.62564886186067;0.5488926726825571;0.2803175640411934;1.2409759013508763;858.4490459473319;353.8057850460676;83.88309717497485;72.72725503137082;9.094944025821091;29.162634323199146;0.3391255891710994;39.730959537013995;0.6089729422797786;1.3389148068180667;768.9007769372188;40.9334438117679;5.396154661740286;26.243180322307495
216;2;496.4599925243305;0.39920667748910027;336.78703323994233;0.5836366221520592;0.19191278082054297;1.5401072156294804;758.3290138679483;383.7263818249181;84.51596999154982;56.9805413494139;9.257442358603619;25.8768069969347;0.3322615389308284;40.02398984188462;0.5833374750158691;1.5526158922357334;642.4024863907002;36.58800913437078;5.867120960627551;23.37578911385118
216;3;320.9737425245387;0.4739160494286122;236.44618646235077;0.5299932098047054;0.21505808228054357;1.2708818352967421;439.33595650774777;243.7838694935417;84.49805472723416;48.62768969122027;9.11146472824754;18.588052386427687;0.3398739133349165;42.017157920428126;0.5870910369968165;1.4489465023234016;429.81051328930334;39.39708860848875;5.938575939217775;24.86176170530723
216;4;563.6857348516734;0.5270370798021748;319.2989328352875;0.4814167217040262;0.28146862827490626;0.987008701330683;818.1461700636438;451.95420060211706;84.45150780474282;65.1831272513814;9.48513551472588;33.36451155667671;0.32256717024133197;40.35733401731345;0.7112245269776309;1.5467238665136063;733.2258333087748;41.88966136677472;5.323002235593505;24.98986368902949
216;5;312.8529396871535;0.44582441588321403;195.47615229919379;0.5440140522329344;0.23279972924555406;1.3098159538702554;435.0532150049362;216.86272659179212;84.12661677532941;45.31031359133165;9.128741761452522;20.800066439233937;0.4080567406150118;41.36233085592201;0.58886175578537;1.2289584776451894;368.576918844627;37.7677163293529;5.585934837344099;23.873204931852403
216;6;230.4473527622986;0.5605042579017993;133.86527244630904;0.4367043100050636;0.20755900230326915;0.8585726825519826;342.94334060434613;174.89777745431323;83.77891678820446;31.58486411919148;9.316231940291562;15.718698247144465;0.40484681739130446;45.60668429275874;0.5275698162714585;1.1424760280524846;318.5188464076112;34.85537120769515;5.622257036128131;25.385204659718138
217;1;622.304470757178;0.6108888024552219;295.41609602645025;0.39004519699695367;0.2779143919139382;0.6789029063186608;790.6764292814269;499.2970199368909;82.79803097918382;57.918005187438304;10.637170770688432;34.727893646863265;0.3168460746727603;38.956558188844774;0.6483683368731147;1.684862442258924;682.9649879640598;37.824129593668424;6.407980128398814;28.297909235461198
217;2;524.4992678064442;0.5208198460105891;357.38035111385415;0.4807305615929547;0.2964188323668329;1.0553850304403138;819.2090000625749;434.1472480353776;79.26968365143517;79.67580792292706;9.817339146478519;34.30336349875593;0.3346230394982683;45.59434318379792;0.655137012096678;1.6106475534183493;703.2883582993672;36.72067921300175;5.848210383816159;24.062500453040524
217;3;679.357064745633;0.6262600591389313;281.0731950302754;0.3834427991823556;0.36261445033147444;0.6990046224897295;519.6423241297026;479.09188618220304;76.26740224951845;117.62267994822245;8.483027885828362;41.04997906795799;0.4019678788742077;45.78274728117061;0.6460412451726072;1.3431021683883138;476.91564899182544;36.379495201346636;6.1058008101151415;31.985712737109843
217;4;395.84765545834824;0.5331799028026594;263.3151212581301;0.46016306764698545;0.21452055234626108;0.938096850617738;665.656873579761;332.63914602263276;84.25138637805304;40.05736942924611;9.828669432134868;22.222505922925993;0.37796098830832314;40.89388973016544;0.4630122161636854;1.327501022142669;585.5774872924882;34.868238149447755;6.5388731960444515;22.27099613046724
217;5;814.4778152030168;0.5025516079245573;900.8903846193201;0.4887330426529286;0.31940117675394053;1.0566566858873263;1749.4107945553644;625.5396606569028;76.47901492595521;108.23640499417556;9.334033209554082;47.39042234454451;0.37110464741018684;43.54859161029276;0.6673894176534307;1.4714168290638117;1564.503010527849;38.28509997213864;5.951015516767925;25.980001123108813
217;6;527.3279809634522;0.5038462711195958;413.98017111562035;0.5003801175828034;0.2861995965681731;1.127515825331815;853.4737464209184;405.8735975343536;82.81999355712061;62.454977632292206;9.3820314683231;30.923885609233714;0.4094946928324939;43.1509666871934;0.6406437251265037;1.2790599269970757;749.4004186178073;38.63945236184107;5.513675272491686;25.07250034712979
218;1;594.1161918260141;0.6552333421338769;252.60935278265097;0.34600912384674115;0.4447969706700359;0.5828102098049577;600.6513097192593;498.3095561567636;65.04516294624206;56.68691534266551;9.65312069735119;33.04519409276245;0.40286224764461104;40.74493617939311;0.9017789202103527;1.4022647815434834;534.0364085155534;41.018297052133875;5.5908615937820185;67.85999805403496
218;2;616.9094337814241;0.6617394431673624;238.8717990373542;0.33886908952573047;0.4450947558707044;0.5568232923343078;619.7620834228843;500.3620228979122;70.48174268471678;65.08261657481117;9.626585435510178;35.09361479154835;0.4050421694118544;39.79860224947802;0.9155606996265567;1.358053753383436;492.7453819094634;41.495511020756815;6.330987996129145;61.8700002037704
218;3;612.2016984239824;0.6632412726712711;175.80413793615975;0.3396139588842392;0.3938331506752513;0.5552748259475642;474.8350984840773;433.7896995552303;71.67290011892398;89.19269710812638;10.032279707823921;32.05764038486069;0.39824650311137844;47.602727600630324;0.7239382343247677;1.2725899205902589;472.9815284964604;37.852355687929666;5.916785013467333;58.23999920667571
218;4;460.8547624265646;0.5706554367502592;204.0384437809801;0.43383542119702334;0.4265272158130488;1.0240444409431062;579.5306438934646;362.8116199482091;64.22924547530997;88.37894760385636;8.652205979018749;47.044678813744746;0.4000922321112275;48.96890230908729;0.9160047512147284;1.297229501038033;488.9091033144653;41.90560765501757;6.832758056504994;68.26999888836197
218;5;660.8206683395665;0.6491901720940549;347.95480921652563;0.34575789342856783;0.4090194295174572;0.6058123569346195;1113.9368691512777;505.9628674164009;69.78244337759635;43.62046856906136;9.835719348514576;36.39694198958534;0.38088047323471635;41.70367347390981;0.9150196730421922;1.196217857728578;1058.396716852143;40.92069995015837;6.413600100971208;58.72999910943792
218;6;544.3860740707223;0.6491775361875161;171.32844999438413;0.34558570688090906;0.384587008485488;0.5532577214405981;454.37673255422254;463.1819981409191;72.11428452972949;33.42415073973532;9.713896861689513;26.43791535756726;0.38015482872574274;40.00721115020869;0.8213239195596819;1.456702363129009;456.2492709014848;38.656917395646545;5.931915216640957;58.74999770897305
218;7;419.6629021462041;0.6537542133364944;154.21588804503355;0.35033393603443536;0.35716339233967637;0.567518456325881;448.5783448228902;369.83121343148065;72.95056085177015;30.906631931048146;10.26383616560441;22.41038263569119;0.3851721996694838;44.94998673677713;0.8175495250664155;1.301086798056364;435.01637023976446;40.43276515519573;5.811023335524639;57.38999859507031
218;8;636.0390652725505;0.642887241633999;274.82953946164014;0.35721608287988627;0.394456224301967;0.5759857479949436;767.3046081043045;568.8979776806891;69.54129139134788;42.31051723584589;10.178286635591652;30.484152680212123;0.37618737698582266;40.689853038304406;0.8862696403004849;1.4529048145741923;732.4109182608134;42.72629272028853;5.581687858292229;65.61999945730054
218;9;540.2278389066777;0.527946749497189;257.36335797115134;0.4661135145887234;0.4352286422751256;1.0398988862568779;472.0196649013063;442.9874780855472;64.43266948920588;48.04830148766945;9.351347728024443;36.350213939138584;0.400956674842364;40.326533723885326;0.9451654535159397;1.4206360388283577;415.07561913497733;42.41800685443201;6.017736154404256;68.58999739937445
219;1;372.20876238399086;0.5337885598791676;253.15354806205;0.449706424801209;0.23251581061130666;0.872224566561354;730.3832839448222;267.6739271533993;84.39575429379694;54.65905010213468;8.930572150597136;34.78012855084028;0.38073668023955387;44.637912324564404;0.5351439968064543;1.463323900299662;639.3388965216744;39.65816295021721;5.731259334262239;21.441111469690053
219;2;294.47667425547166;0.6010469703034553;144.66968515910347;0.4004874370180595;0.24296047295745488;0.7272318118654544;420.00020099245216;220.6585394472869;83.8597243900332;40.65874797006122;9.43844826309646;29.564479040209818;0.4793719217220263;43.2696631786179;0.6071993753857355;1.1534871112280012;385.5847539426843;35.820908670086894;5.581142108744489;20.189997744148265
219;3;331.25853906917246;0.5318622361356887;212.79906401280164;0.46604491631777223;0.22169339964547952;0.9575615784687445;743.9768030944317;258.2867584940353;84.72806601856783;36.23271251197699;10.106322644544152;22.217950499269037;0.33187763642186174;40.38929001961661;0.6008983718150005;1.449140998993929;611.1543025864893;37.74875820648197;5.896751049503507;19.68083149640357
219;4;295.23252308056954;0.5647741826426311;175.84123181004117;0.43187295636149114;0.26425789901027996;0.8255297185298575;552.7739742069539;221.0032054332046;83.27871142338712;42.40118943697198;9.086100006573426;22.63415262545112;0.4559921762055523;41.42100988283423;0.6953158232707988;1.2603416242160566;463.3418262655658;36.23632160182778;5.884354106878546;20.417887361124404
219;5;224.47440716098288;0.5510016461225234;127.31785666846086;0.45040588976372514;0.22222664604661202;0.8929975661786184;381.44343473886875;161.21533577613837;83.51199777299884;32.91876103017633;9.262517975392774;22.912149835021797;0.45487945666296875;48.0192877701599;0.6992970778791477;1.2180444820086738;317.43995148938865;35.94992461425915;5.463314571813663;19.86972229714364
219;6;286.84045551722943;0.5487401235447533;165.52402861978757;0.43861225162888007;0.21516649774350516;0.8510120395483101;397.28695603967617;222.84187638361595;84.17587123568057;34.5353557388717;9.436170714081541;27.743063897216086;0.42924710043678665;47.426938449218135;0.7245852964674329;1.3683248217478023;342.56399222143546;35.594505092757174;6.905702209423579;20.789997739532872
220;1;370.8763771808052;0.623715194420472;159.91943559075233;0.37892116633964307;0.20126645835687956;0.6913169056821497;440.84224889857927;322.7933177901399;84.31127029367396;24.041726403783706;10.507855732224801;28.07618262239828;0.4159933769288405;48.23601523658099;0.5591691551457746;1.3805680580217254;453.21819309011363;34.474646849006746;6.422915250908929;23.01999868825958
220;2;405.65178392838146;0.6183069553291752;195.55984972459308;0.38204297689564226;0.21163909505618198;0.6470391419736548;620.8471371948766;332.2718322150226;83.56215363350844;27.219006992784216;10.717302202895716;22.396005577975135;0.4209818765762929;41.4974645533521;0.605149109172192;1.2654857943167015;580.624798419597;36.80406833292353;6.212334538133592;23.25329724294795
220;3;621.7790266516674;0.5427564931241277;348.8271719753265;0.46263994739969283;0.2688928878869993;0.9777454639334319;771.794787230035;422.5042600084805;84.37252490371026;40.49999841520894;10.210404673266208;23.471686803127437;0.38817950214115454;41.14040298881196;0.47191186917508204;1.3137346116414748;741.419632319428;35.5165789225588;5.506285490784953;23.632800015745477
220;4;831.6907618275778;0.5374133193505366;522.1552484672962;0.4614926914161533;0.32719539656834684;0.9610799634268232;1812.7543532694485;645.612084577938;82.99329587471469;94.77418803298802;8.960830806820384;41.004303643562984;0.40380733756041914;40.098811535772114;0.5012149605366211;1.1860226130345934;1525.910951478852;34.6189736071932;5.619432396448719;24.700555874151497
220;5;583.672093921147;0.5097180706166342;344.7989560852708;0.4781983923673033;0.25808207312513654;1.0127113484294334;956.0382199198774;481.73847266647624;84.50113794700277;33.08341712184107;10.52649539215704;22.681897984883342;0.31245806324207126;40.35144255109969;0.5623284170948101;1.5975569254852227;834.8123629922179;37.07120820437617;5.752350628224826;23.63166328389613
220;6;361.2473684896024;0.5628538384913822;135.40754648208028;0.42779161109480934;0.1738959478446283;0.8671450354198489;421.3006164820295;323.74481795248846;84.15990305742446;26.574903741966324;9.886734433840326;21.802662215383265;0.3988251186785197;43.68346435615466;0.5285164865356292;1.3973201212852726;362.50819150736015;33.73809594205747;6.650781187819635;22.95372573228914
221;1;716.3308439254132;0.6329899334058505;324.8524021056973;0.3631498516622059;0.36030487081220586;0.6208133246677499;922.3285552510753;587.8980589322176;75.20022550255628;43.67513289716866;9.916511084049342;34.59747411625716;0.3610900216517257;37.6395055856927;1.1130140813429032;1.4060803635378243;816.0547259943338;44.52787886130869;4.890495616827937;42.25999876869906
221;2;472.9360961261061;0.6372716073043341;261.9419923733668;0.3624929230600349;0.323967732432213;0.5722621602490621;737.7998743516765;325.9530715399769;75.22283828572878;46.130581274050634;9.90069586008621;29.77595593312558;0.3873573939856783;41.86436311662821;0.9606926280027546;1.3790613408427512;646.8941725811859;44.024764021269185;4.93265621694623;41.49000081059833
221;3;456.1433073880032;0.6263664154882872;184.78991563310672;0.3675613658732728;0.33345233188140133;0.6212070612302182;495.48678924360786;342.68421445072437;74.49048779670045;38.18344741660817;9.9043684459655;27.248614076977866;0.4067078371139036;36.980672167723924;0.9829089103861266;1.3926330899507113;449.2494327949984;45.19939570102803;5.712118242737451;52.17999822055413
221;4;646.8093901440227;0.5782607749096268;377.38674113256116;0.4214466308990236;0.34325020255422095;0.8316799465426354;874.071326736339;504.2473602418606;75.52683460351251;112.65234176898333;9.836756549379567;46.85449504222148;0.38881422115488085;37.41169624016816;1.0753081644000289;1.1469276068293872;768.4427395878089;45.85314244561781;5.2927761440876475;43.40999955660707
221;5;294.52888779136777;0.5075891389187516;277.67740284783434;0.4968540664955258;0.30588980241516683;1.2263993435292035;437.07562285691534;226.4227682538887;81.27878943446524;39.91020586112214;9.613036595319256;28.664586133338375;0.4265792050682623;37.08944858510421;1.100123702350263;1.193346742702446;378.4265318730726;45.93416377996255;5.126735847986694;31.13176574550567
221;6;372.0550991203696;0.5281699553751136;147.89253849236573;0.46092037635847655;0.30746034617827994;1.0262131322224495;525.8606775593604;292.89107877157505;77.48664315242567;35.31198153797605;9.988006008958648;26.446335293272362;0.4051917180411814;39.70398446818984;0.8460616537136906;1.4008414747875433;403.7701353628104;44.29118713175993;5.33718409632532;44.530004159625925
222;1;274.8116122606581;0.46966662843913065;167.79749907687992;0.5246179352322413;0.3182760018832196;1.2918717754925568;423.38351632486285;232.59408584247717;83.06588767079046;52.18839634961222;9.595235440758454;29.65126864040511;0.3970380973344574;44.908028887857476;0.5748696569016348;1.4805046448978902;379.3277659130915;39.936438225973504;5.349413118520155;34.14833442492168
222;2;323.87129716521207;0.46346494825255646;143.95435682808952;0.5158500973372698;0.3100003920963175;1.2724700001366382;374.2465108783924;252.12476568831582;82.2783154738921;41.36073297311911;9.470748291944467;25.723266543269425;0.37605651299591986;40.39288153102318;0.9190499164988097;1.6717828549839862;311.02453081220824;42.59583657722475;5.410473612093888;37.61000098459063
222;3;239.4811283094305;0.49193853047769065;141.9163662322886;0.5084722282577403;0.3111104593179011;1.2748409841814003;379.35537887029454;205.5987035841962;83.33015663092355;38.54178892562328;10.128018279377683;30.646114497841072;0.3946116230679669;38.735779712063085;1.068033073588871;1.5093607646894294;332.45410137062987;43.244092437258416;6.432285567799612;35.02283325762961
222;4;256.83042431383103;0.46543470425280836;144.62127187569502;0.5220404117197739;0.2742958556240397;1.250866939244833;400.92382907874185;187.05543443228783;83.32039511008323;35.900681085342214;9.545225655730846;26.57759401217679;0.39092936308680953;45.0681219042818;0.5607914414570703;1.3950582983675548;328.66005859594657;41.841741692129766;5.856480336672027;31.410001988240356
222;5;263.8441858256906;0.46109963157167977;169.66854041013775;0.5216002223645237;0.3108834110798055;1.2422291373220347;488.9372649273217;216.66173497659648;82.30278327000713;38.561549220698815;9.756034597605467;30.55510331962141;0.39883698154741515;39.13448431871379;0.7609978677688192;1.4416234956202387;415.1899760360231;40.713504298983175;6.652924526546982;32.70283347408557
222;6;631.0110629174642;0.4463578919075466;271.86615631171605;0.5433773371897715;0.3365341941193431;1.4053947360332355;1364.95940204903;433.35849671608196;84.11157920973231;81.96658553210193;9.247469325268224;38.240084298369375;0.3780212211388857;46.633984276710926;0.7437874004362528;1.474443791481691;1264.2825752723663;42.575121260236436;5.750578913413539;31.742834230182613
223;1;1101.2396415708306;0.5964689610966868;950.3350552031219;0.40126373818221617;0.39621131236950236;0.880588086557762;1852.510431014856;815.0417232193108;82.43801061105755;154.15149007264984;9.028847714355644;67.78017564414846;0.4085663531662813;42.009863073748306;0.9913179897393527;1.1931213484218408;1616.079943772449;41.067528326707716;6.9476133767854;31.550002021540205
223;2;1189.6268831127788;0.4951086898153871;1101.754824444584;0.5025833840026068;0.4144662607336462;1.2810448043820943;2233.4225179554546;916.9102586433152;81.47995413306667;181.60803522163752;8.87280893446062;75.29869663401934;0.42308347275613867;45.05897765408926;1.0539469887038104;1.1821590768210868;1930.3519878195198;43.47740329585427;6.763146321170471;33.47744681167877
223;3;1305.2661919167222;0.5530765016336684;1399.6950035967852;0.4559389018240742;0.41622293785078796;1.0523955529830133;2328.7384290847713;1011.4430687569918;76.66315477085072;182.2135048683014;8.477974233113496;94.36226428024963;0.44324843752172227;47.8938535211621;0.8603836110791991;1.070236983068785;1961.9560504696385;37.77158401001394;7.034661121190302;35.02999894765407
223;4;1184.922372447825;0.5580412839087969;1112.595345944534;0.4284216579104837;0.3946747941596189;0.927719109634459;2087.930063533762;934.2370824737924;81.12397177615108;137.4649540685241;8.551541059715863;81.98612031474606;0.42033639577659593;40.62458635755058;0.9966915659641948;1.1631453931684237;1835.064339905247;40.26445354759941;7.102714654367232;33.090835149643716
223;5;987.1037520655177;0.6141105779218895;807.3830990317626;0.40693476946437174;0.34502663840006953;0.8443125254940541;1733.324330836942;779.1839402911714;81.87674622952011;159.61573387760643;8.957781211967145;68.49778676402933;0.4187134962354883;43.1840227147329;0.5638791018445619;1.1635551904480044;1519.0551133375009;40.10530894717916;6.791525805394531;29.75000246372938
223;6;977.1876901434157;0.5536012770799212;1047.8892045482319;0.44141377058576237;0.3406803860007259;0.9139434400336014;1702.1945387518695;775.0315136143504;79.48909098310808;139.47375667308305;8.847771676078239;61.79851769284;0.41189856195618807;46.33471035525796;0.784636118531716;1.1218679299852183;1553.1678319456578;38.276697980807384;5.8514625453242575;30.18000231839125
223;7;1092.7239306226356;0.5357452247931306;1113.882224182254;0.46864801933224715;0.3878151372872221;1.0792248586720874;2199.324506439107;872.3158075450074;80.61304364985618;172.76058901341122;8.672029075836821;79.81688871950006;0.4237234203883224;44.75348052348379;0.6100270839581454;1.1454187152549595;1830.642477330556;38.93718289068059;5.366523900406293;31.78000381893917
223;8;1198.3804420293286;0.4889544146206785;1112.160997253436;0.5225584954527366;0.4022688948064137;1.333979150653283;2052.252595938036;923.2164627552994;81.5260752137825;128.65291188037654;8.480481374060497;76.25185598989029;0.4357660751413938;40.62770962548093;0.5574432959334463;1.2022094753830235;1859.2529185527983;40.81225044756466;6.464153326290738;34.30583441181775
224;1;390.8139794652514;0.6219489997063348;155.07288840820388;0.36991595177498415;0.38055736330856577;0.6753145214453753;541.4685062663095;291.22383148809377;75.53488810896346;58.82761692036729;8.577406722183849;37.48798403391378;0.39435217326384797;48.04705046823325;0.8259818553816274;1.372828701516365;377.0711990662047;43.501651192328026;6.249320906819883;54.66999848461257
224;2;327.8548608346897;0.6479390643757026;128.17463709177696;0.3547343851919471;0.24362020900574405;0.6168928740529037;415.2398140871853;263.51658665264017;83.60304961628037;63.83237225900647;8.574178023772735;27.36053072252597;0.35600322789360667;41.50361184773569;0.8224929551748119;1.2766910354116585;390.9158193905116;42.56408801253123;5.714120426253302;34.76999922205271
224;3;492.3961951731641;0.5660577810070884;345.8836315581017;0.42759183846496235;0.3190513981448671;0.8689476398596624;871.6770441208646;347.25936953247003;77.46217629210416;96.17553940677998;8.263927867130224;40.92702897966168;0.38951137913295414;48.39831117676023;1.001652902579393;0.9560995996533884;723.8106389591593;41.40080066597389;6.746620416854941;35.974884041130956
224;4;268.65984097373797;0.6264513849810429;157.24640572204027;0.3659305083586503;0.22386419788365014;0.6503234597293575;449.6871228432304;217.61219256019598;82.74829603351517;47.46953476220901;8.272253039718867;29.19825972808482;0.4138588549004904;44.25763210492744;0.9357529578549572;1.1687788894102653;352.5740923766508;43.874932412305455;7.154569600236643;30.44000207397835
224;5;372.17701811625165;0.6532791455318125;271.5264810689932;0.34876978171272277;0.30727521980973393;0.5746380591488687;860.9360182147117;318.25628728022747;79.39145840707764;68.11825929705341;8.535813268195442;31.87674244598969;0.4235784654887127;46.496486796842845;0.6825947187681742;1.0954843675719688;671.6815990849176;43.16597257015295;5.578097502293816;33.480997979794
224;6;578.0959255769064;0.5726020694572471;327.5526696210474;0.42649449045638815;0.32457264050548784;0.864625632782443;797.9450461944548;426.25153670575645;79.8180247964434;108.22370674249619;8.579434631087691;41.98460405470032;0.37669787085897943;42.8712667108512;1.0127561863621117;1.303473523133233;700.7103451866877;43.322324232029835;5.849149172713566;33.9112481236522
225;1;1042.4643802457945;0.4972875997750247;1079.6792518814011;0.49596501152539557;0.38685078941796236;1.1380101870571624;1633.455002566475;832.3268387698548;81.41975590063993;155.1153044517665;8.208452501863757;64.1969701497194;0.398792339853582;43.310358244063416;0.4540817372149585;1.114553528787824;1548.3643468183384;31.14821231169506;6.449008268004526;30.170836596341914
225;2;727.2605091687911;0.6163142529800354;433.48036194057886;0.3993837646473673;0.3284041929246809;0.7858922027027854;1068.9243876678372;592.1760240197532;82.13688249147675;99.65371127845525;8.310090102192333;48.307878797865406;0.39681028452984196;50.56279874747853;0.6688736125473308;1.145361965134424;922.7341042775446;35.12004543019094;7.093971220339986;25.780668461633628
225;3;999.0684449010968;0.6120631949035016;457.3125080538403;0.3789001830595036;0.3567177901801928;0.809146890305702;1626.0645298904462;797.9793268595989;81.18199954800104;150.69842558602454;8.066942818746506;54.163066254904756;0.38891200030789597;46.4570658282483;0.6074621759006053;1.440999936562067;1426.9726869772971;38.05800256495732;7.484508126734825;28.717790056862267
225;4;565.6309264453902;0.6385779558791959;424.67866215172563;0.3669115583687273;0.3128262768991296;0.6855776875887204;1138.0431758072395;448.2978267331882;81.85104613727808;100.31662876585543;8.40862346874989;45.10072756300776;0.39887901665975073;39.37293752858273;0.9415891193663996;0.9208804665539144;1024.0603545069791;41.36032183702767;6.389383557314404;29.16000275674128
225;5;748.2887060121698;0.6285576007130327;439.4204017543052;0.36562379473431805;0.31253645818066017;0.7472904435825786;1501.548517857746;557.7379139136851;83.00706287809355;123.98319046847524;8.827329645994315;44.90978253028451;0.32626752112433705;49.68318405847372;0.4274251797732474;1.330162316675649;1288.2657503260168;34.40082661673274;6.548569191219435;25.561538251468477
225;6;979.8547272260757;0.6414969810518447;530.8520685027394;0.3545292392554263;0.4038633809388591;0.7023222716015156;2101.7640018127076;781.76710098638;79.78373792593082;140.31944858102028;8.174167789205722;72.34955305735842;0.45521101193302166;48.66962215321977;0.41868780903164426;0.8479402001725944;1807.0701077482775;30.330151154795068;7.751153812129216;27.63000131064533
226;1;428.61766967521277;0.4368981139476623;243.62547098769136;0.5500023208660672;0.2353088441498314;1.272744688582922;659.7491650170482;287.1257404188465;82.44690381879856;50.660313696236884;9.17616941647735;25.68837488986975;0.3944511590465922;44.297044733830695;0.893639249700824;1.4507687916679344;597.503921385259;42.26500173773252;5.6388764197338865;28.52156351937082
226;2;627.4895544099277;0.49125743890111795;327.38490160286204;0.5068424200754658;0.34421724128513076;1.2396160584031906;933.1446445223401;501.9045357956911;81.48850435484236;83.90688888822763;8.420544111219066;51.00466240970955;0.3937252070549343;45.0681319018789;0.7972884973373848;1.2180374029521923;818.824664236101;44.31925297459537;5.772777320440537;33.06983257502279
226;3;498.7949476713118;0.47370695039758315;358.741598735076;0.5167596753618523;0.3161562330743962;1.2434342884232006;971.7794463195592;424.1501239969379;81.65499011705835;76.70033506720542;9.270817314486937;33.32479600267438;0.3607608358728828;48.40040531547981;0.5946149592435286;1.3147136814721814;830.1617954807218;41.68322339988763;7.126308603355013;34.850830494937426
226;4;366.38225727221504;0.4449957842510351;155.7341816592785;0.5321218204813322;0.23587436686780844;1.308705306700427;423.7042844872614;270.04930426435766;83.55448972515285;37.2379955006008;9.648424268114068;21.898598694308358;0.3712418478240434;39.414778817224466;0.9633773700010217;1.5263189815979694;376.5717733956839;43.36943589771743;5.405589436583876;30.239999147427863
226;5;367.4188272550249;0.6535258060440243;206.4839098819449;0.34652734031571764;0.28892459195681464;0.5990070603303003;709.5658036225001;277.4795912527884;81.42191290016748;64.21359419719258;9.212516858700646;32.4352096092644;0.4183574736382819;45.21806581979259;0.873771986341348;1.1463692940960124;496.1965135930407;45.167867486685765;6.412079686933099;33.51666763679347
226;6;247.84542325417556;0.621127764602848;126.07011680258894;0.3888747980753005;0.22608203845129402;0.647096325695731;435.2488227849724;196.706599464258;82.10070348848798;34.31111597029444;9.249783524620291;21.430176758456312;0.3856162228877158;39.757210037912834;0.86158397671737;1.1682728569356027;354.2536752434485;43.94208078814329;5.27000375840105;30.147274052040466
226;7;255.6056829371902;0.5035859218316641;133.78320686798043;0.4768803392826977;0.27917871847533976;0.9588244702235202;418.72954078584235;198.20394298822544;81.32691501281438;34.89378661230619;9.251044016241595;26.462649572576044;0.3941572412074207;43.72828060365441;1.0875130975266645;1.19753929954047;347.16248262787644;44.71262838900213;5.703682393498291;33.15176742368533
226;8;319.4859073019317;0.4888508469513421;125.79754785389619;0.5045016404671302;0.26337656809758525;1.0910330393447376;409.93263223298794;240.94781468029447;83.01887790310165;40.85263970410081;9.243251846028034;24.2234299728381;0.3669935947576932;39.40950864422421;0.7955265016013919;1.1980527883369938;354.8493708746256;44.62610961292453;6.259570202068569;29.144213044152636
227;1;373.9636292885797;0.44515738634321633;194.78187124813377;0.5389706433194668;0.2614560813750648;1.3037035866950109;766.7543798157503;297.0985308525796;83.64638786926318;50.1258958937764;8.760073725260646;28.554635903914026;0.385003596847038;46.30831064520028;0.6897553184133013;1.2378970325647192;576.3647082956323;41.345420997399906;5.865992643404043;23.594999089100885
227;2;332.26178965444836;0.4450299896057739;146.47765050274768;0.5383746367676182;0.22495555608443885;1.4058287639943494;410.01010070348826;245.15752727880758;83.98330405398293;36.15187152087585;9.30363871453718;21.563917241071067;0.370984881642508;44.908295833073666;0.9327584129939743;1.5328500945150867;382.9293316263102;43.661133781280256;5.9622670922834615;21.276388351052823
227;3;341.83299862081554;0.5215332712886837;133.59506460097836;0.47060784285645646;0.1930389713678395;1.0349846700964749;388.7604219575355;279.75849921501384;83.87821585208103;31.694916405464582;9.664295593811651;19.61552526603091;0.33259307149281364;41.530846620035426;0.7180751005253941;1.4515121330054164;372.559085518744;43.52685747156056;5.587146671309176;23.635696842459453
227;4;363.4797725095409;0.4657156743106784;172.4671120421377;0.5415977092645631;0.21764301511749745;1.359754637624397;418.6981848774512;257.68771347714267;83.78876564157514;52.03275425779635;9.497119231762044;24.447814953103283;0.39470649954911224;45.25614858502176;0.8031412361412997;1.2899202495450814;365.46017936748956;43.72809255744944;5.372713176659001;25.119023031365337
227;5;296.94690019260196;0.4768066604305573;118.67103805224433;0.508258559822529;0.1721528307621353;1.2227321870627943;357.2341328778033;257.34143715276883;84.30647547132085;31.486020798591053;9.56623323105711;17.65918546318439;0.32539183954189915;37.9473342685003;0.8521850172550595;1.3644248262870053;327.98108692219483;44.907437797889095;6.32960622343176;22.956388982017256
227;6;247.24316654720505;0.4706814685024105;146.00642681666932;0.5177587696956578;0.23125476568286488;1.2653579345759887;377.295558162581;239.57769355829112;84.45584188303745;34.162631094565114;9.399618357211876;24.32705435167339;0.3493278079072437;39.66838982871233;0.8694728397753596;1.4151086750889303;330.4512103650822;42.23530493441767;6.18643932046218;22.85272987200434
227;7;221.37504461170712;0.5123069970928175;130.61727387159962;0.49056898078396133;0.19077924230434834;1.0419211609085195;354.01897473825045;154.23126925675226;84.59686010024448;33.72089841775161;8.999990518378542;27.19626355698832;0.4326413983621181;47.761013651190666;0.46604858534188337;1.3152446873713226;316.7392317138805;39.293707526711906;5.673298326186878;22.730001119746376
228;1;378.7767631443472;0.4799008952743308;167.7872887355861;0.5037581052265906;0.20413258122317474;1.1595999999584614;441.7603648407114;295.2930207732998;84.6724360080446;48.898381312828214;9.130818305811827;27.763482783342493;0.3872806198590386;45.30680975512226;1.0326004405175242;1.3732871284668238;378.91944191167;42.82349138668263;5.339398197271151;21.681666787064888
228;2;407.29186867904167;0.5869884392143089;255.6180060113562;0.41527703845925;0.22309633788507865;0.7895482026715014;771.8113790705169;361.54297445900323;84.5729173511647;37.77479624916221;9.861320031937597;27.47842779276836;0.34842776965849226;43.76603221445719;1.0296102517344814;1.4760088380286838;659.8342052952817;43.92241153578373;5.812992932095625;24.44639130046325
228;3;397.43730719025706;0.6121915263035815;256.7604632949369;0.3903483548419637;0.21903891540874793;0.7047371723894489;728.0926002853303;308.28480525804815;83.67025413934874;45.7459494151221;9.353446325973414;27.780551616965198;0.33804819199005737;43.787847346830304;0.861124245601675;1.3621422459624437;638.2226050170935;42.73877573957;5.81757718326253;22.73000009421639
228;4;604.4725398961045;0.39930543799869284;362.7549797139021;0.5860376200716807;0.2584565844913588;1.5463514427651932;1354.1059050688907;518.7344604353385;82.71785866845501;83.02689706351057;8.045430643431978;43.60280766184512;0.37630397217127765;44.76420973855073;0.8479153374089633;1.39525195948973;1176.275382901855;38.915604957822644;5.831807104522302;26.075500792468233
228;5;606.1091479001852;0.6417638941065494;295.2195389485462;0.37009317226604055;0.2650524343288638;0.7004352253516954;701.5440952407444;449.21722463153077;84.06102622703258;83.60519848056758;8.482033022136156;41.964605076622824;0.38344761046015136;41.82463335424709;0.6162172533950411;1.2107840192774488;620.6903781799821;39.76450162611642;6.5625317730483825;22.470000565916457
229;1;593.7785397323636;0.5365359565455746;307.64244394411475;0.47887555481529775;0.2528765555284837;1.097352155574342;1177.9583739390869;454.85336806296954;83.30134240596767;74.60487917209115;9.919978055619628;46.819514409333905;0.41190439295205794;41.74498447962816;1.1023672315182074;1.2386470400028429;982.0869708407829;44.407069818808466;7.04549433506711;19.328888831806502
229;2;596.3968740332415;0.574419443126321;283.3214448409011;0.4346102795545905;0.2588266265745379;0.953383987436053;1147.713372804987;420.54071794354235;82.63451179609262;79.75560322667724;9.115654380381265;47.11105986942477;0.4039418532263933;39.74898723369039;0.765395775466641;1.0604130780484682;1000.3737964151404;42.31821959376072;5.649222010613391;18.90999898105429
229;3;455.17179332321103;0.5304375076712554;227.28200497056838;0.46224647350980014;0.26145859139427646;0.9876388347664581;817.755995208548;386.7156457444546;83.79265605058444;83.11844732733587;9.020238263034582;35.43728738774822;0.4278293712486006;43.798779592635015;0.8429564103962989;1.0638702701451743;660.5087696131982;43.263566636963986;6.078591581273544;20.110001336714788
229;4;558.0833042035839;0.5207504810770787;340.0447350866166;0.47223229189229216;0.24260909370873984;1.0093421992027205;775.1500908656745;447.5815065718091;84.3457914009108;71.119801661299;9.681947953512704;40.77767170325259;0.320955933059605;40.4421213201266;1.0645690331958046;1.4733596457530678;692.485323959076;41.73535300457674;5.858581080603618;19.000000208286462
229;5;533.5675381306474;0.5642039699929497;270.93403198541654;0.4433334863747584;0.32135264164709115;0.9989765306364563;813.4836361528011;488.4651813592203;82.88076903159103;98.22571419692461;9.731665094527171;47.27904852694236;0.4213370746047272;42.57895036150336;1.1621890009759217;1.121654404586233;694.3802790290048;44.37728686498327;6.048570762751959;20.750002230339465
230;1;668.1740857527528;0.6086143963073654;347.1974474203622;0.39111794391359134;0.30702887465632006;0.8809393671076632;1226.2023740294576;535.9279374107739;77.57792885182995;71.34968303326453;9.97217930560367;46.733048190267624;0.41039206224105973;46.949264224444995;0.5524595341493295;1.362396550661962;1077.8735312419658;35.16679522439191;7.190386196151993;31.899582418442584
230;2;745.4369506987563;0.5037856135059802;464.7421051149246;0.4855547759492103;0.3416977236248183;1.154909408546183;1395.5593681618432;601.5284383419867;81.34182125484442;129.07565507294166;9.350280255850357;53.663426897783225;0.4225188515078908;43.067178655722586;1.0712391280576394;1.2090856528659288;1225.9131311378928;37.82986910999772;7.111759228287113;23.569999049077957
230;3;910.0744106031035;0.5083311795489207;1018.4095645139762;0.492659223581364;0.3675903514572571;1.1922424079141374;1590.2697939591005;760.7873854352819;82.18207686318665;119.64792868599346;8.998283027575239;60.69652064966968;0.40596503190289235;48.850910778402294;0.416376952286255;1.1914127999116426;1511.4751685773438;32.75875101734884;5.488637493660399;25.549554486076225
230;4;824.2469011737512;0.5421403614731934;1008.5615708556975;0.46770704175524014;0.3268455775426948;1.050345881902885;1013.38096745229;637.6061266945256;81.56047281435946;116.10470309581689;9.047405213740323;50.530752997840615;0.41265311296769597;45.96497678934512;0.7240091365264886;1.1983222717191553;921.1237148713876;35.50595519339846;5.936738523023685;25.699998928254555
230;5;1111.553180990812;0.5083900703177141;939.2182568406415;0.4991311273660305;0.4084830432645147;1.150499033469377;1212.7034907722855;866.6502443442643;76.54242111080555;157.16720387474234;8.097929550084075;64.48088282614441;0.41346052307823844;44.32393223542334;0.34944127686038606;1.0669082124879374;1087.975273716188;32.9439097494373;6.010135882875985;34.14577591580128
230;6;710.3372037747521;0.45690142761781316;625.796064451546;0.5301942477705507;0.2618208106039954;1.3232298288822366;845.5389423455026;531.8977723632081;83.08041906565717;82.7027664273468;9.865604003853528;40.53180525585954;0.37982865620326156;47.8110257372408;0.47763154699265414;1.3707949572607419;774.0456359128027;34.80396363402476;5.584593638396711;22.421334570482628
230;7;766.582017509316;0.4485458547337842;561.8403285275663;0.535683314538104;0.2194219703555321;1.3282140764971269;983.3776980007019;525.9485591103564;83.44398415750993;90.71657240411568;8.671843507871346;41.7330309473615;0.3736376419823006;48.55529876520684;0.4179846529325902;1.350197791644932;897.6296586167449;34.73018679754088;5.469876707008246;22.962664851426503
231;1;366.70897784023407;0.5384324659962264;259.9126420084023;0.4623593541123017;0.2402673272518417;1.006910396531794;601.7104120864653;274.09260198637867;83.32151638441017;56.200776349807704;9.528102997567936;31.748283824111304;0.38494498054805404;42.60279018546156;0.6975847849352033;1.2555345971465441;535.922391014586;41.07616346436837;6.03230385110468;30.83727216777379
231;2;242.939736673195;0.590239387678713;131.65224064540996;0.42392691602695876;0.18202087725671037;0.8299482875301774;374.0782843232535;197.64830486658312;82.42682958430878;28.76331947904539;9.313844948054719;28.309879714675866;0.4139819679507817;45.7477754458404;0.6782253057317194;1.2920147650895166;318.71684545001483;40.048313041019036;5.844672463213833;23.820373296809194
231;3;631.5724232363364;0.5603340981144123;446.11194366724305;0.4541473888151473;0.35207138288796946;0.8932257336400001;899.0587604349016;512.2002251421908;73.9206738937408;110.34967421492696;9.321839289223295;49.657107937435796;0.37695158092975484;41.00854197628794;0.8211490460147168;1.1755888176159093;821.821263253419;39.527495117821964;5.347996810976681;40.03999924572694
231;4;282.84757952057305;0.5571695314184615;134.39372453105312;0.4283316040217312;0.20919335488693702;0.8531266470168841;418.9362969854766;237.76523481559698;82.76343190940638;36.71066886731242;9.481431547832061;30.749253982039814;0.3993200333555275;39.81723978812125;0.4848214581008684;1.217524593803767;371.0606045355057;35.55048847764568;5.781198201883635;28.226022266530673
231;5;539.1532609320175;0.5468605516381628;361.4133773578684;0.4608860266189007;0.30670861881232325;0.9821833805385993;766.560065294815;438.10594230097826;77.85785559081566;72.37379543476247;9.089524228011838;42.61980987298259;0.3669298562757479;40.93832249321246;0.9342529027445774;1.3245100837711743;693.0369050390714;41.17303220911522;6.021217961748735;36.63974819320243
231;6;296.9657998444991;0.6012153645736599;156.20154858847707;0.4032806811340978;0.22980456540957012;0.7903936392304213;449.37803188530745;274.8523894001323;82.71993121968865;33.68629828869133;9.837972552773659;30.46092657459667;0.427877842786016;41.20644868861724;0.6839557819733376;1.2449443370751268;406.25568277375555;40.93569005231766;5.68508612448853;26.60422128295376
231;7;198.38270996194754;0.5779301172752755;159.61071971920535;0.42899198196918953;0.19793919469223095;0.9052359322140031;396.11619886416645;193.58112523816635;80.68194843041576;29.45054060219968;8.858510139483178;30.898562615295873;0.4043448383310339;48.11220199646719;1.1138437476084897;1.1862493000986774;330.6077001690992;41.29032900982997;5.706508518208445;29.303104625130075
231;8;593.9497164139495;0.5882270354372147;376.97514507967674;0.4252646403280554;0.4026912247263412;0.903941494472678;873.7947255480125;514.4978178640231;71.64030974800626;86.32923059771115;9.42934864478135;52.03793375996277;0.38059902995882916;47.601995667797;0.8372172449805785;1.2897635258376399;712.7617670753307;39.03669301813389;5.3490982562745515;42.90000044185047
232;1;327.80898910476424;0.5535957445773987;204.08107365904553;0.4426954390097889;0.22309527609533825;0.8969273458845769;632.3963229112878;247.82315350783222;84.69414373802857;43.10409386966249;8.764241155698052;33.3327783847494;0.46392188168647164;44.745065889425256;0.671901423863665;1.1789239434679377;525.4783002987189;37.9145095405897;7.134975349935393;21.49099756353972
232;2;424.5177403429097;0.5312934026247222;320.85058850784486;0.4700775838447826;0.26489374454084574;1.0691052918985287;685.801292559089;304.872470187179;84.44996658038247;61.47700350456832;8.97932854042389;32.48820589828355;0.4372241462597616;45.462988602275615;0.36083104375927577;0.9985158469298696;578.1077623079544;35.55375183056589;6.146458520998545;23.2922237587119
232;3;279.56764423181494;0.5818681019943942;145.65695123947233;0.4313314448252861;0.1877253581311737;0.935106900971027;405.1698303626259;210.2334141276061;83.13086354854309;38.800381977653124;9.255572960210644;31.924772130652844;0.44182397989332906;44.23453596798616;0.6124922345466441;1.134254468497831;343.824756402436;34.8207757490126;7.381411733690684;20.897385990701228
232;4;289.51674027748993;0.521029442821582;222.79769552189387;0.489439333496067;0.20667297952221664;1.2091971884609096;392.17250890389437;216.85736777540598;84.1154348223789;53.16215312211379;9.1170391128892;27.988522075363502;0.4340542505966849;49.691195647415256;0.7559179456394645;1.081104902289979;366.8083446053476;38.432665275238534;6.03826774332327;21.168496922252835
232;5;983.1104362345366;0.5864632117138874;1016.0549937109827;0.42203878437238085;0.41191625000705534;0.9736269442551668;893.5723564899695;720.0102193230508;76.22748394144438;112.01673629195726;7.990713805674491;57.91402137775582;0.4455510380318816;37.82831851696497;0.9654072352858928;1.0747723354914331;759.8858411695524;38.80680288565193;5.672927303329463;33.544524399846175
232;6;588.1376338307614;0.5702072625725749;860.7760833142906;0.44680249003566225;0.28873173312269396;0.8831037134989675;756.3111886773358;454.00947588305445;82.46429999535971;81.4324000570986;9.005443882962393;42.00678626788968;0.44421117430136997;45.39521266405613;0.3387212899098298;0.9975455871142549;675.7996983763428;31.73235422171864;6.089993554521925;26.8366674228934
232;7;365.3663509385017;0.5790007967230202;214.59470529445898;0.4256773194094277;0.22498522032125326;0.8163689181852144;543.562615459018;278.7261612590391;84.30106215768492;49.085259872617954;9.575673611021788;34.267525105083024;0.46292380776546166;47.6114916469059;0.5262525627237628;1.103063799318132;486.5836765714931;35.133165712249756;6.237026206318724;19.468889658633383
233;1;756.1768009633865;0.47347172570513124;378.7004731470751;0.5242889501159222;0.2563446360343971;1.2204959731038998;1117.3171491093715;629.0420593210976;83.25058842143284;97.0442056582045;8.462771994932464;41.39272234793608;0.41863861006798353;47.11461576935059;0.3468534218110909;1.0881276834965314;1007.3485956443935;31.520766538108095;7.245783046735731;21.86888855011884
233;2;850.7369493148951;0.5328903093833387;985.3446258031214;0.45853782122784553;0.3876004776686592;1.0763421024520707;2201.1279113349456;853.6387303811396;82.70353871856632;123.19191947800711;9.029248174418973;57.84423416673401;0.3920215786171121;42.18063678508847;0.336552468320627;1.335785342983185;1958.3727078011916;31.85053576384525;5.322984215500551;28.053333698704037
233;3;683.3314935259467;0.45531713112041244;434.6249904386908;0.527588950040737;0.3400002351328937;1.2748067621228114;1692.6382811227043;651.8985002034568;84.05957572812646;107.80671010036913;8.29718342800099;56.75577751690375;0.4061943024117476;47.71679951020846;0.5422900857963378;1.1298764322775114;1575.9591358133073;32.157359804890795;6.641574927571241;20.688999840618965
233;4;939.5447094622738;0.4653115969131855;1186.541671966529;0.5225212880912425;0.42624563133906895;1.2327100127060497;2016.8703706710073;843.6776573692491;75.29120001288241;140.9581206891581;7.933115361113286;57.95116959125988;0.3784627452490802;43.188597902738074;0.3941934713189408;1.2775217069367915;1950.6426928894964;33.228990971215204;5.801416067611197;33.09999951008974
233;5;641.6068536897722;0.5814409910269982;381.8989347148025;0.42578609640160425;0.3014735094519635;0.8979027956188022;1402.6542803893421;530.9673009265643;84.07792730954175;71.81245750716127;8.922332746493632;37.20724279284673;0.3631484359027287;44.07085921501252;0.47188844482819303;1.1415873224775757;1181.7062212771573;32.66247554754783;5.710885793496012;21.58899946968286
233;6;861.1788271088939;0.4615646248761185;724.5422409990351;0.5335844793384934;0.33459445665152837;1.280820061876515;1734.4401665816144;788.6729422538258;84.07853814137849;128.82807857068985;8.934240985286726;49.91340512836104;0.3565074587476266;48.61805034664282;0.3694609387767096;1.3164258740706256;1642.494674147117;33.39412728440811;5.553097376465104;24.89937149686577
233;7;657.4002177846683;0.4574764146790154;346.6507034375858;0.5432558764525334;0.2818872909558036;1.2868515380773868;1120.3056096060054;539.3718751187192;83.3222519808307;72.43645375662065;8.592647297099825;39.00341128325285;0.3971563625562174;47.80250634661174;0.38035275611943425;1.1112108639891998;907.0875957774174;32.13345558987873;6.350956994059645;20.769998967666126
233;8;788.7513261340205;0.49381532027205116;476.75076053306043;0.49923566634661426;0.3420740824102883;1.1030018183403798;1812.969336021867;690.8102602693706;82.76897511818214;126.02356217716923;8.662453774827089;53.518397957248524;0.42598162566108455;48.42319165138071;0.46268800158459067;1.1716920929492292;1589.461970931414;31.644061271313944;6.712748863821202;24.25899817566236
234;1;452.9789090448345;0.6331321293320805;161.37874535052728;0.3758783824682088;0.2879404181067483;0.6981120416512584;530.8054667603326;328.9460669439084;83.69418055247311;48.231231428700745;9.624755725211326;40.30881508523542;0.4653967617522924;47.12624854548668;0.4803978560755933;1.049489043640776;410.01453787863306;36.075802041550475;6.516390503397384;25.060878694643904
234;2;482.54113929513215;0.6483719595989911;271.85942229671406;0.35488936436943097;0.18871677824829716;0.6682495457383462;711.7942186859908;329.3702370185716;83.9385556478934;75.559573959322;9.143049661082767;30.785549869496798;0.40139141958018165;44.74363562399338;0.415216754333774;1.0062848321511746;656.33433012739;32.96603910569067;6.241542071749101;24.056059737571164
234;3;781.9011323501077;0.5638250265243848;323.52964645772596;0.43142841860208403;0.3160500798581002;0.9442638705732981;878.5443025720323;609.6933755806938;83.84995367971767;90.48166364124778;9.003847222229634;35.46774298358672;0.3638930837922819;39.07172157798408;0.8054710458087995;1.0893365417750607;836.205602255024;40.375149449419446;5.543291818749754;30.323215775793834
234;4;391.5161940164225;0.6461401095126379;192.65529450667395;0.3671233655135022;0.2452852336474624;0.6856788229464694;453.69342921857043;330.11141052830897;83.99208527711475;43.012039601487466;9.688832465356775;27.929724895737124;0.43589987065934815;49.86822401785561;0.7713709394957772;1.0720222756887348;381.22928604639134;40.78756686393766;7.167465092432205;23.843785120646256
234;5;453.88102187793646;0.5968992174378699;300.16600041703464;0.40517536271099946;0.2953664597328196;0.835916648034814;845.8995007209392;354.55595179173906;84.09832307064478;55.74891835829122;9.8379975479316;25.44394146077285;0.3556760511776784;45.08801012884956;0.6367267153757674;1.345550228940396;781.1658996914808;37.9008812453639;5.817312359722592;26.79333576085415
234;6;572.9567160141199;0.5551549313754807;392.17635008134135;0.4476245664753884;0.2824240644781579;0.8684962789121804;834.4568584799486;437.84993930555106;83.81776696646583;68.68905778806419;9.087072952774136;33.46982564757866;0.4056202113791308;45.174394219901636;0.5196148326334523;1.0019026540903513;759.7797392569964;33.051726905107024;6.77722950491198;24.970000790862102
234;7;395.4465527310763;0.5636215215814556;224.360201759821;0.44023123507423406;0.26187563860186835;0.9524648157965507;639.5041987491263;293.86056358082215;83.39688588459865;53.74557317789493;9.200660621690881;29.554884596358303;0.4482978810794609;44.771895857749264;0.4063289996985086;0.9934875732519071;552.6304185568151;34.18517146949592;7.011282827424291;24.361764669593523
234;8;413.5546426707894;0.42797837132382;258.12011048868;0.5493313904725684;0.24689100332114258;1.4598970882348392;455.54533185802865;279.1250340979086;83.94667553517812;68.91288411701865;9.499067233521481;32.78337918400549;0.4018560566849926;41.09239951938112;0.7000610559893217;1.1675080363264154;398.60965963837276;38.773727308045494;6.55592350724453;24.68168969519346
235;1;534.0939841457783;0.5223292066895983;518.877202391003;0.46987704691754306;0.2539121417041303;1.0299847677556861;866.660631001191;349.69406840205016;83.7638468941048;67.48422639364436;9.232585978476806;35.66394341160646;0.43617402804498207;47.89619578582005;0.3489938143196355;0.9468533217037212;705.8857635459758;32.10432946323446;6.276052959465153;20.139998663242576
235;2;605.2220360470378;0.5175750996487318;407.92896104497987;0.4828787046058045;0.24001668234653517;1.0194621822315026;791.8450520935928;442.6399276158747;83.57902474108685;92.22044122529586;9.028702170094956;32.84016875599879;0.31669798461897547;44.90700059540253;0.5768735321372904;1.3442044016973336;693.1089805519819;34.999340291551164;6.236274279397612;19.810000392883865
235;3;585.605361766309;0.5068902025960719;624.9936786560947;0.49650919203644484;0.29901717190878346;1.09846811651811;963.2552104889666;510.507049817429;84.8023790205434;73.67457047317963;9.437497414697214;35.33087868545607;0.356823566237751;43.99285196080053;0.44174731331579226;1.14655091230875;828.3186206545556;33.56266924254239;5.924848233492071;20.948887778454086
235;4;496.05317811920963;0.5274404779383165;365.2523135853819;0.46299091480339805;0.2826230252697378;1.0645643710927002;828.8204399177516;379.07061657605294;84.47116092274082;76.7060021598053;9.500530870713519;30.12744166147759;0.3928171510313571;46.72391503715976;0.3595186728043155;1.001352555551614;706.3021188426114;31.733618207693418;6.327117833642764;23.198432154239235
235;5;685.4214583152832;0.4603513650065473;914.7220467474367;0.5228984212355564;0.30920256778790395;1.3010004644289765;1181.4140080509003;486.71161239401687;84.1775814247834;108.00275434290857;8.750829148251778;39.33032197551588;0.4043440465694004;47.973958680831835;0.32781216937022006;0.9682009625242598;1085.187836314603;31.33974477868615;6.64243386457618;21.309999351144246
235;6;845.0250774118882;0.6162561154949208;668.631443752905;0.3871040075539899;0.3307651915288263;0.7750860307637149;1601.501260325603;652.9329738624589;83.6157909953472;114.18723680320501;8.830335468221348;57.358855727384956;0.42840252633190135;49.22115834361537;0.2752631928659165;1.0084472373383697;1520.6020188454993;30.426665204383657;6.4437121867907505;22.87849952513804
236;1;312.29557391360146;0.5810603249788996;134.92762956213585;0.41856069819751;0.16701594514020435;0.7443704457934505;394.62417151678244;254.39625948545617;84.07407727968956;31.344467231851258;9.884905003671028;19.687066476294603;0.4058186152417737;48.24949092890476;0.4776916725050386;1.075284830739663;357.6050093414585;32.805087051195954;6.525125913007187;24.241788193716875
236;2;874.5829901137091;0.6067521453978151;983.9905170205989;0.38922175288715527;0.32998189855319937;0.6911103000100528;1758.520961620251;672.9563536719635;83.49210924481821;122.3720379084528;8.908990464986646;35.84896220467911;0.3450201711840473;40.08694121616583;0.46414690401906133;1.0638190555442413;1511.5169314105806;40.08991556537581;5.196890191089269;28.75054186220384
236;3;533.3612064402461;0.5387025784617289;278.9639821040141;0.4494745475110157;0.2641026677097666;0.8740029323628468;826.291131622238;427.6405897768046;84.37060691058451;41.82522253739184;10.152516092795686;24.62228292241962;0.3392782008408019;47.02303478950367;0.4646811517520168;1.332274066346248;773.798558777022;34.001798397730624;6.094349435660425;23.977064432851808
236;4;1120.8026211041913;0.5174777181292094;1248.3286242543147;0.48196437067226866;0.38047330458815154;1.0920920120478645;1983.5745870325095;946.9869460755181;79.39418611003302;139.70475718474694;8.853244400096036;66.9867913056946;0.37687517729011893;41.11583321595669;0.5838698616225959;1.029427350627557;1701.126325043273;37.491087806034656;6.3844446828755474;33.18583335997309
236;5;464.34239342427594;0.5226375399200434;312.8176265591475;0.47162521876178515;0.2523850922392849;0.9656437771541935;797.0743096030845;373.0830933959744;83.10807390815715;97.68404467826994;9.306999374706384;22.848703287463845;0.37779121992814124;45.34238021328382;0.415246579513022;1.0012622884505125;680.7465229169147;33.27890882028961;6.330031152019834;24.812761021123286
236;6;1061.3298618518475;0.6020836359517078;1444.5499056292401;0.399876756143713;0.4923575522309732;0.7981526011293593;2449.047647808057;964.9510240721924;71.95659635444564;170.79011206740034;8.440060862482339;64.88574453607652;0.40668441952736273;47.9550025827614;0.5238034029157228;1.1453162056961554;2159.4024090518956;34.298178826196185;5.240950122450618;47.91000186441029
237;1;355.07550566052174;0.5580939821208714;227.71554752070003;0.45552826344951153;0.1718865234677666;1.0086466658636408;553.5024619119523;299.5074695076124;84.17743597164944;35.34427599222393;9.659004386795612;17.408422054650234;0.4021280582700434;44.20235203770145;0.6067068672156221;1.0724908025706243;502.30824698965523;36.538545142467285;6.72352477668053;22.33012056366026
237;2;556.1337365006304;0.5663469580635597;377.6515196338852;0.42106822973465785;0.30408036077394834;0.9333489547202055;916.0916317080824;457.2125210538589;81.7111847068466;115.51767600850611;8.758090380056565;29.170422749018346;0.41213368024176184;45.74022058834988;0.7640401381119473;0.92360080699449;890.8076889602802;38.223373889541;6.622507526375615;29.420003149243374
237;3;704.8789302604365;0.4716338390289642;413.0747375388499;0.5116977983823314;0.2713362122145387;1.1886944315623436;797.5644727840404;556.3603002244764;82.92347438931458;116.09857498371157;8.993368594168542;40.931202772056565;0.41489652110458153;43.83535403355216;0.6160289068019058;0.9853066915997857;788.7947185407807;33.575608211972146;6.604720834476466;26.28190617075868
237;4;440.9359658902771;0.5556300450285178;303.2684897561688;0.42878867558207173;0.25284592652891996;0.8058610541425842;689.6523444215283;352.1800473002736;84.31016457282547;52.0917262728074;9.107842798986661;26.064006195684343;0.38620685548694594;47.20619826164909;0.5003569771159269;1.0171350904989822;608.2557950759809;36.702783379367155;6.425313411929708;24.210818454768614
237;5;687.9552242753911;0.42145813136932403;359.69084588317264;0.5669392357553845;0.20641486256754366;1.496794106906734;907.4736001750174;510.87048653754465;84.32680030495831;82.70463517987265;9.132868189884995;28.241582541696474;0.37908748416440724;44.03117080020935;0.7732480150684259;1.071587777728928;819.5067107078344;43.43993695567592;5.84674630819002;23.17882130044463
237;6;837.1199470468601;0.5877989706873626;638.268180405928;0.41455098869049783;0.3796774194653122;0.9097629317277468;1632.1942332322164;643.4325292622377;83.81694124493328;128.6891238810253;8.349338967348654;47.12556333228002;0.4244011652264834;50.15648879080864;0.3910918102360811;0.9498683120680549;1381.1219061761442;35.52061640015464;5.950971256905226;25.71907824349822
238;1;613.1375238804336;0.5923682548620821;312.84662529608727;0.4021124111088385;0.25437717361127726;0.8106585232080793;760.7576471517149;443.40001566559494;81.76859951047379;94.66989628067766;8.753850998741;37.75242424413487;0.4220599331276274;43.95585187957215;0.6801325388165539;0.9809721673237384;627.7587813454513;37.50264046344626;6.443400867300068;25.07833148124973
238;2;418.1103182494483;0.5830628483124994;294.4394091733568;0.415783846685264;0.2726372181615944;0.8936486777725056;729.7505569792962;334.2864955373776;83.83911769957825;73.93843812548042;8.922563729553117;30.316279840066013;0.4061736752176873;44.39134856096369;0.6915960995514442;1.0889105706434223;698.2767183593648;40.33358341095284;5.253250958202948;24.93591432828139
238;3;454.24918867634676;0.6115841090228994;331.50241004371475;0.400606385111141;0.1900583137748631;0.7875998340038931;696.5760719800247;335.0618109846786;84.64062827423919;106.26871284846045;8.810870964995756;27.91055148452321;0.43511515429025716;41.77857216444104;0.6032908344905132;1.1318600338560025;662.0690736551292;41.43355480248174;5.958920015774653;22.195107494184132
238;4;522.6565342358804;0.5473570406022623;341.96014891895817;0.46575332685279297;0.20602904378441284;0.9515410021720089;753.832511693798;384.64561940670615;84.06005353806509;77.8178956813997;9.548161778804337;26.733402254673656;0.34062349931212466;40.38971989141029;0.6307989182464211;1.1344784630438205;655.4997692231664;39.528744607566516;5.564287064150522;23.387496942044677
238;5;384.4930312787382;0.5382850715221399;273.03343636396187;0.4427044181325113;0.16613096560557067;0.8721664692736707;650.3132816167717;273.93014405663564;85.17494693013572;52.791560216664166;9.454584419837442;20.24743930054958;0.35972275140154736;39.83732419522928;0.5703693215501007;1.2316448389007744;556.1627016479969;42.69842412404947;6.763626200609304;22.14749899837914
238;6;612.8902891018116;0.523208277754459;769.783808479843;0.47362492119913224;0.28866999688525674;1.0434743117323262;897.4245077080532;501.34710554895884;84.78576762927177;76.24796512697394;9.33040041020205;31.007377479810394;0.3274076069375559;43.546184691885315;0.8385414369510445;1.1047880015166731;821.7991578781989;42.57742764655969;5.518182121225525;23.91211124491633
238;7;684.002086047623;0.5354152195648942;318.31750209980413;0.46272667724851846;0.30932740545937754;0.9958076704208526;853.5026891271732;487.55459168434754;81.35682306565991;87.09883828583303;9.008883642134794;40.866386031021094;0.42305294063648785;44.7393860348918;0.5744871336283199;0.97421586914876;740.4787753721353;39.801320117295454;6.2985046406528635;26.268872239800235
238;8;462.3573565744028;0.43202383557769286;444.4960094153255;0.5585523157291564;0.20228048577700158;1.4768140846681523;691.1842412015935;316.4711443038786;84.97590584214353;95.1012197593173;9.516295760528049;23.948085293393788;0.36261071321084726;44.00799639691449;0.5522641483284836;1.0453963925234497;611.7722498289703;39.93762424350706;5.7321768386120215;20.838748276310138
239;1;272.87569295633716;0.6394099273577175;117.20731763492392;0.37146136272927216;0.16849174923497653;0.6900008330377219;375.00768503058663;222.04684103543568;83.61427597661155;25.527076535085715;9.689444501815947;22.069961801855865;0.42163222071248607;44.20754188438161;0.7262521612106342;0.9843336255325333;318.44470388051036;36.48583269304305;6.770204177602615;19.720416505176587
239;2;311.34055829887785;0.61409462761491;132.96840217548436;0.37593754336825425;0.1981231291435594;0.6827211166259716;407.3103233214269;260.30933218892216;83.43816150073285;47.22105769365965;9.007448365903196;27.497031370397167;0.44610470048517814;45.71317748923925;0.5050244651615301;1.0655514861140087;366.4309614282106;33.33799163271446;7.283357141452057;20.740000168099513
239;3;369.9359436808396;0.5224012262904476;194.04182381440907;0.45824829318950955;0.2582612670143222;0.9022058060842899;622.3419055772039;321.80946456491887;84.88395180966681;49.447981655584734;9.427163283521173;28.356002904445297;0.379033167639354;39.61704733096552;0.8809015826377892;1.1724498224736875;550.6721767354371;41.332909444335115;6.651524238328071;23.60552695926075
239;4;313.52763759544723;0.5908462372521867;109.33259995522658;0.40217788417550876;0.1973777205778493;0.7819987836655378;368.9284111166989;246.02247403583263;84.03429749637883;34.826677437710394;8.843724065659844;23.275561470196354;0.45906494876484544;41.478129161886486;0.675046251402463;1.1167787298464737;315.8124667425757;41.16009442672326;7.529239311295551;19.950000465913675
239;5;275.05190937033666;0.5714811665246406;140.03323184099702;0.4339503095321044;0.19751294915340878;0.9050031883407806;393.50923920305956;217.7359548846469;83.81643543175238;36.95695271838202;9.064710645271244;24.92849310426303;0.43467165742736485;47.38850222707613;0.6664435074176341;1.0637112924448673;312.766020134206;36.86302300705445;5.768686300457091;23.797869579839798
239;6;305.52695393103687;0.567409399572648;281.18229488246686;0.44458328354623383;0.31552075556059717;0.8922124732096529;523.1800897778862;231.265338550262;82.19993029951178;40.97391608223107;8.669847246185922;23.190078166553675;0.4110302827408889;45.77094968066676;0.5104703719097307;0.9184110456714362;457.4113800800385;32.88239211351804;6.666436754052443;26.62657646587346
239;7;281.399236748623;0.5779826861084058;130.21987361309152;0.4187593912583172;0.19504937332469885;0.8062277465804216;388.4821750231716;222.30768915404096;84.23769888862822;29.250866015829708;9.43328419746566;17.708935108819954;0.4381295943905809;46.410765068327066;0.5753305771124705;1.0964353150557316;314.3660738098466;32.46334768449187;6.786539422043368;19.44999837537948
239;8;406.84656585434027;0.5566086556474248;195.7909779672444;0.4335165325993332;0.2429936666138444;0.830313628079188;498.09284555829146;289.8724537206301;84.84996520419637;68.30992929631213;9.191592603466047;21.21692762261073;0.39657476927193847;45.289332382470555;0.39299461803729513;1.0898038829324377;407.8694218604222;32.948566224686466;6.562839946193128;22.379999484678986
239;9;387.3769496185622;0.47847437348614397;227.92053952153398;0.5216850193295999;0.2193588105556697;1.1406767658805863;557.0881971627313;328.0308653800876;84.63811360861239;69.01479967950083;8.762155193447843;25.046081304986316;0.42580478946360784;45.0865792646345;0.784061702129026;1.043746174920667;481.1254446191531;41.23417550731762;6.334788071855814;23.52124869007501
240;1;945.0315857468222;0.47188104464430447;1000.2870508797739;0.5280238488525415;0.32724765957304186;1.1672298726465764;1869.6424215596842;733.5191713440477;84.42043820235718;157.7679808749969;8.633508416831415;60.00697994469107;0.3996802478375642;43.10759637599689;0.6801748915474558;1.1094761960018944;1406.375398676525;35.32839558774143;6.220333078540604;22.318890209413656
240;2;886.7378010513127;0.46639581123456625;920.2008894733424;0.5258996084836193;0.3394277296772312;1.3891224099483663;1659.639800097331;670.2419496333117;84.2096889969227;142.292807662804;9.11553648250211;53.44752262737267;0.3741851019767499;48.70969443461408;0.3625266660195161;1.08553507747977;1426.091092319628;32.577208967776414;6.176858969720916;24.07166518485367
240;3;803.8082765489495;0.41746864966128655;1040.595811662407;0.5748766849763359;0.261816692243701;1.5392948190453426;876.9740944977192;611.2882185492638;84.14433372712347;87.54302072196124;9.1455681723844;43.66566592377081;0.3379606992598591;43.5433984979286;0.599450204521797;1.2269006221262702;842.2252316440191;33.808459022976734;5.717896138054748;24.144701136716236
240;4;909.3375146523492;0.4545617643999646;1037.940079230501;0.5558787235810722;0.3105634169969729;1.4061542217331267;1562.1518893661435;715.5724962489445;83.85554400629364;122.77498191626083;9.578207657591149;53.769727679673316;0.31900160175160286;40.1018458352309;0.6193248707817541;1.4794651227461517;1619.987937180495;36.50871255447773;5.734695976301863;22.46333395979708
240;5;886.8190069917188;0.4490692651531203;1064.4336306976338;0.5610921819952696;0.34322529529025525;1.3979204402441205;1516.467311018724;699.9678923876627;83.88506594272155;119.57292624278749;8.930117643062388;52.50897360735976;0.3442389048899886;46.09696528775726;0.5309261253411633;1.3611838316085987;1339.0624915492435;33.89522481549005;5.622215664833238;23.9687489618703
240;6;861.0080180581094;0.45871811778092664;1022.5910226190053;0.5379172158728384;0.3252405916634018;1.334575161886294;1699.8624192449436;716.6503431221587;83.48361625368744;108.5863742455492;9.422248889458263;51.533587923177336;0.3213083267000345;44.600617876493146;0.5603358151848135;1.3053194866281315;1341.2550689873356;35.274262426256826;5.679716513534931;23.55568266448595
240;7;784.1493092450025;0.5888418637532801;1029.6598510569067;0.4123684171780074;0.3388785882649228;0.7983005721185912;1715.5466202220348;596.4381236047491;83.57669104858958;139.72421818354604;8.829152085200057;52.77054687330975;0.39117195063401655;49.423201092378115;0.5413072684509208;1.0022654127764323;1389.4033758307844;32.29309819224849;5.64773500350898;23.038887287873465
241;1;1366.4376538327997;0.5159565280730384;1063.9075491449964;0.48819183774482267;0.4877923603836448;1.1936029242493718;2438.4541126472523;1056.8389317252963;72.46867037284308;187.86394423669338;7.578335925365608;85.97845729887284;0.3942302810513716;50.11834735978495;0.6731010632342386;1.1477051364460242;2049.6073022294527;36.482416149057876;5.109343606077638;45.720001607939906
241;2;677.6765136961283;0.42631455266969426;986.5679764766329;0.5782354179061209;0.34283933225000246;1.5883780709571365;1868.443123478587;636.2721265805504;83.4766305914269;97.02576230829027;8.539695776876691;53.03589257424048;0.33977967460846714;38.672311630750016;0.8144160869801947;1.241877401147215;1561.0171130543695;42.40602934180525;6.0172036697452524;32.149999816446055
241;3;1186.1090672892;0.48752167776640265;1257.300177063381;0.5134176553256136;0.38229085092201687;1.2382884527052098;1981.450228533289;931.6758790289351;82.48175774979667;156.58593026483229;8.110922272387137;74.67405785875415;0.41287174629557627;48.65813795898854;0.578484482699032;1.001739362254135;1701.103089785621;33.63433978286404;6.200392174815421;28.2699999823602
241;4;905.9980655670843;0.47493462760111155;1048.9759777215313;0.5316735678305912;0.3568094125094309;1.419925208209193;1992.4707075139422;755.0797392074674;83.85531899425533;142.86941955931604;8.72720550478682;66.78701350410348;0.3845493675370736;44.74796398627565;0.5131888870655402;1.2178210588813627;1731.667845110464;39.462360609024714;5.969994656198426;29.997502930419504
241;5;1012.8822298698049;0.4780729397689235;810.6327381377914;0.5129720680302445;0.36849599722010284;1.2332208107719673;2029.9829719348045;735.9796374366866;81.39303054695073;159.65070708111347;8.809556564228714;59.98170236128138;0.3888326331285895;39.10331024974481;0.7413725683847902;1.0220982643352585;1803.214255913329;39.0383419998084;5.722381897181662;31.17000326682269
241;6;1201.9552470853594;0.46308217479970554;1295.385912195179;0.5236459776983496;0.3890278492020592;1.2501184198547173;2503.1126045670753;978.0727370435692;73.05707669817353;158.83520957148855;9.024849191796951;68.96652397063602;0.3499605026122202;41.65820140844811;0.686828812877696;1.143941767499177;2211.644516781493;36.84635334428419;5.563953992470221;40.349999923472325
241;7;594.195025973103;0.4679895895911836;372.371114149384;0.5288159749522702;0.28965413815630425;1.3412141429203197;863.3616466037926;414.8182291223654;81.7096032072001;79.4886073611018;8.563173424112826;44.43037327670585;0.4370192648143156;46.34683536908109;0.6421663341216918;0.8935980230282321;762.0257159367524;34.01473077857968;6.832755178315699;26.72000035667089
241;8;1156.3842719498666;0.4885241869480692;679.861203303673;0.4921778709225728;0.40538923045741654;1.1881524962510697;1844.434259437746;973.9560465862195;80.57992037667424;158.26805258211016;8.425030216910956;71.14901626123732;0.4320736221261379;45.90947343634411;0.7034485185165716;0.9195288919370809;1605.4085637187914;34.830623929056614;7.055683244054879;27.450002108292423
242;1;1048.4782503105018;0.5193878318398993;1312.5520726118984;0.47623333141235435;0.40226477953591944;1.1605251801991712;1966.0890871549827;833.3481521973023;80.46087501722151;181.94750467997116;7.99936742407873;69.01133145831638;0.4184408061972229;43.71254156590165;0.41444205263374995;1.0632125048650962;1726.8768558827642;31.513784612778405;6.738620333620911;34.05823373159271
242;2;457.5932100819404;0.4490309279372389;264.4074131448218;0.5649293470747416;0.3493137900676202;1.436823857445795;695.0625087884767;375.1169548077643;81.85193469289142;98.63506453879984;7.742233135993716;40.797162079730924;0.39692811710214104;49.55996192847442;0.5323822614167416;1.023555202300184;600.7566544057413;31.07942353092169;6.1478150889678425;33.96277992294075
242;3;890.8496162369993;0.5166059094947294;853.799896740049;0.47762659719876427;0.3998827551589689;1.0419354425077483;1714.0960321959542;791.4194485579739;80.86567345242187;171.43479627206077;7.65084369313009;57.05298948457397;0.4016668303474015;48.367107470777555;0.5530329497147907;1.1374451082731527;1458.9548828953305;30.5999091596906;6.807020250788479;34.259999463712
242;4;601.471301128855;0.41450217912918746;369.21057329009176;0.5779120857482885;0.27886743937341363;1.4772749633278874;927.1569387537033;488.58971385189136;83.88064241934937;102.65734025230272;8.735899580535104;38.24517044594223;0.34757316209231687;48.04147859275456;0.39218551119081063;1.3178981974825186;823.474911486853;33.11796644966572;7.029599783726256;27.226161618674766
242;5;718.2342920744436;0.4149405154621631;1054.107715376108;0.5758432255888913;0.3224482887919986;1.5282136298478532;1750.4409782365383;566.5902323746703;76.4930622543565;115.75702819491252;7.529217531892653;42.503502851759045;0.39900694254447744;47.12743564265533;0.4859149539216023;1.4531315805708982;1478.6679675312712;34.86662643720323;7.4555991543996;33.914067368984085
242;6;578.720305352725;0.42377809478529593;316.4294761327416;0.5745902290863637;0.34385326403132915;1.474312878584435;637.5851658012745;405.5501291254622;75.56229379563177;79.936646606568;9.37544358893307;33.05328515355206;0.38759775055678986;45.25065317260076;0.4961998418733606;1.3186796413821513;526.678382639914;34.412898282848154;5.963844558551524;37.77902718016491
242;7;673.4716351977896;0.43287959874541293;408.8282556929158;0.5585082153738253;0.3121876106304066;1.4529222179890728;839.6734605410052;529.0922717121663;83.0586948863434;116.39450715863542;8.878336502435298;47.89108595717647;0.37932416168330185;47.72894223906458;0.36518755105571904;1.520329573099711;731.173352049799;31.900600200437342;7.180194689008523;30.400001995389715
243;1;374.85194631015975;0.528653759930268;346.7157289128725;0.4699577130106474;0.23159064712103514;1.082806302052769;780.015193680048;310.83828504646476;82.70881623673958;83.29481001490208;8.714748460196962;43.30504611149367;0.43088466421647814;44.617582544204716;0.9321748808060696;1.075838152825461;680.3978386575396;41.22672945745657;6.4875844337185145;25.089998586398295
243;2;512.9481072978077;0.5455374982170896;375.24308040205227;0.4654546025693774;0.2736505079410392;1.0473599402287592;897.9668010782957;431.3581760434019;82.92367437219356;86.19522410234127;8.732332974224533;43.15305691111702;0.42853069957603007;44.38427971212503;0.7049588054921975;1.1624886534786842;742.5474205788009;40.0852455817315;6.0296997134349;23.404001787017773
243;3;394.43807301906486;0.5214847423286693;333.04340402656925;0.46754450871582626;0.28093677647726006;1.1221624054238364;792.171244806792;297.17582708468274;82.86080320570076;58.80276167934052;8.837819247612924;37.348776365410565;0.41599928437525213;45.52742677992267;0.4741770785795387;1.2367434182229728;712.4446900309209;36.25244397400101;6.486810695142087;24.68162415507486
243;4;458.65074145756125;0.4294343543472813;362.7173858682279;0.5584359924033234;0.27976194042736025;1.43738285170626;920.816132920002;368.55881672767083;83.7490075898844;92.32506268610612;9.263769198118753;33.79673438085075;0.360103711957739;46.66522573638069;0.7927547782173479;1.4713931355121346;818.7383023308721;39.73961224502643;6.035395746512788;24.488833276851402
243;5;461.7778878272864;0.5277091597466096;445.2584245743237;0.4717955708238466;0.24663862041099877;1.1479801979662758;726.8212780530005;343.9791887133573;83.0754273060338;110.98231079705928;8.7647712483952;41.515589715269364;0.46102286063599585;43.62163880238787;0.690861866829977;1.0704184363751807;605.3619140018341;39.71302845338259;6.718492987187524;25.148625461663432
243;6;481.5175091025914;0.5116278573587494;361.5196070827533;0.49043207480349993;0.2673866053939971;1.0613301119611542;843.8808883971132;323.9451035486945;82.11197332761034;80.0746974732057;8.826533485874458;43.12437989378031;0.3994496417844541;44.50106391641014;0.5327506865340313;1.054304271940335;693.6331056047696;39.69445748012348;6.2207316803384005;23.640863177270706
244;1;611.6329198751647;0.5161779207691488;167.04793614417235;0.4805304203513855;0.4149263712661429;1.2197208246080087;429.6629975179449;414.92617916570316;66.39656285606003;80.2311613381992;9.744422545338164;44.98683283506274;0.4059553853209502;44.97589173047233;0.8051165424384703;1.4444266669529788;408.41284946963935;38.572486957504836;6.712976664310656;70.25999530309326
244;2;351.17965917739684;0.4912726806904345;157.87336596906766;0.5089708730666628;0.3406712813968186;1.3177685844861626;452.74603837461973;286.5073887760255;74.8210015380625;33.3878967680061;9.364349604220417;22.675916547087233;0.40149176605956677;43.016988666423444;0.4666900123058293;1.5471981365506502;424.8648511087532;33.26714148780937;5.561118282072215;52.04000349703583
244;3;425.56738853256866;0.4370082403715076;306.13046765081003;0.5606968668977541;0.3221253572771829;1.430800535411528;1126.295510021873;306.16983489275697;81.444696851303;88.20358264156954;8.169368144817742;30.7688845681331;0.404073072524227;42.771056885284;0.4107613753134776;1.3721807412723859;1003.380653957067;36.449126126652416;6.90289383313212;32.757917510659276
244;4;399.15080135330226;0.43118286524069405;251.79488206957623;0.56508019030472;0.3420304451888752;1.499947624456478;671.067069409626;324.20199609981603;82.20553230416328;70.97816886507084;7.91835699121645;30.537799627790015;0.40661339537690033;43.64722916501866;0.42129615301593776;1.3150505421697196;538.2768181872736;33.12764406457496;7.890146985178934;36.79499484911176
244;5;410.4880592201005;0.48451809390891365;182.2690870932208;0.513812977707045;0.3367071390423103;1.3346320328807304;594.8610995907516;294.914066078159;76.63631335319609;31.405936571116026;8.9493846378231;25.861205660949437;0.40750570267481495;44.95090246963473;0.5601068636516622;1.650336973235319;417.93107403330083;35.66523748032184;6.542069529675888;43.2000012506108
244;6;377.2122654879307;0.45543366332063057;440.63046382543575;0.5315738205191678;0.34895893055885124;1.3438494007424089;605.9405890846386;319.1585068742933;77.07982559101967;86.4258242103239;7.7671960703377705;36.96091919981213;0.3840843009761198;45.33716204803576;0.5359535255586751;1.420792226988404;501.59763330732136;36.934432072774094;6.062593064084326;35.669998703720424
245;1;430.85197985955557;0.4235256455973426;431.1824223706265;0.5694671881126714;0.2934856996166027;1.5210242428462533;831.6442018211236;337.56534677194975;82.08944351289242;64.8747930329087;8.755616461741939;36.07350630369201;0.3880848995964032;45.16296826502031;0.7613024296127618;1.2826494724762763;703.2996905828436;41.98536304574065;5.60995935064747;30.887274818016657
245;2;442.680052915053;0.3969643981509022;360.6757116541581;0.5966619644494815;0.2523341764733244;1.567506147980211;744.8506649333493;336.15658454187326;84.34439299392496;72.96777780210834;8.771515670292723;28.624440405198396;0.32983986908681173;47.6811064241081;0.7680732971677561;1.5539899542862015;643.604687060077;41.9500612312185;5.888617873466487;24.79000091560574
245;3;204.46670926089624;0.4918625464967147;140.01452850421302;0.4982812505729824;0.23229805817864843;1.123138215027818;357.1319856683052;155.7701352463214;82.5818471385536;33.10076926670999;9.45315831973167;27.553259489214874;0.42129613398643423;47.92420610964894;0.7031266132623021;1.1326497335316446;321.9998579481769;38.039163788847276;5.625934459479141;23.782639039019173
245;4;240.66441066002542;0.498429975658431;156.82800637706433;0.48649295339939896;0.2621765333064882;1.1220318356797652;459.99557590415867;172.36608631217428;82.50522385925174;36.971711831829765;8.961331686517985;27.464698500362555;0.46716366273511495;48.01075782626434;0.9209501690791606;0.996608769204097;383.92197408984094;40.36711762878894;6.9177160016579275;26.78499727044293
245;5;279.9031683033092;0.4666292116223094;270.96948005342006;0.528800710315219;0.2628166383478749;1.34990206319815;461.62192965602526;221.82322531385086;83.80074324050437;44.5335014578608;9.122301775086866;29.62797254457699;0.43499357392303767;39.736040057016176;0.9922036169684479;1.0455428005838696;397.1669999905816;41.609138998798535;7.179171254496741;23.98166515194691
245;6;626.888166156413;0.5520178143766296;543.0305640569393;0.45106153521168796;0.3387286966341117;0.8986783360097691;1375.8993003106737;481.63123641152447;82.03165848215032;131.1669387853387;8.54257076091733;51.96204811287119;0.4144451182814596;40.95956540955288;0.7117186382100923;1.027255937157117;1311.6543515331132;42.52473633516743;5.839367955332034;28.260000836036202
245;7;341.55094179060075;0.44951809779021573;316.80561020977785;0.5484345253023764;0.2812108529250915;1.2496137455594238;610.4159628236778;245.0324792064951;82.38020607528357;61.62468639889081;8.577234309828969;30.137282129874215;0.40395950375195155;39.944157014009996;0.7653398231471226;1.213813068657838;520.8997327414977;41.47810970836668;6.474521512590711;28.743939806698403
245;8;227.49934683977733;0.5025960402719786;158.62071942004536;0.48985212649578425;0.22468857742440865;1.0581560307830191;384.3828066638257;142.38532785933126;82.4547473700607;38.12660802297456;9.310895292716342;25.261366403498492;0.408939186325199;46.192983609690906;1.1659304002793416;1.2434681238826688;326.9701550595631;43.957982531051584;5.633741795137843;24.237485587443686
246;1;231.32981083969588;0.47870963135785677;180.8951793401646;0.5117865683930072;0.228445044764302;1.2847917639442723;360.7916927392169;163.7291464248095;83.8704095247898;46.60082730768193;9.038345132905508;25.264874046507703;0.4124026778973773;44.84196936891858;0.6191637794972232;1.1445157375205268;312.5000591859091;36.97276376297608;5.662638955987593;23.872164094071525
246;2;417.3110869399747;0.39068131303848913;489.04558472129725;0.5905603639086583;0.20621646399419982;1.5752644320570857;857.0582298229797;303.39932123791164;84.41437301810545;50.974732195058316;9.856380150145778;29.57543131529966;0.35123623333047393;44.167966764073284;0.5529896544961097;1.4977315264617477;783.956113844809;42.38818093864523;7.017170702116828;23.48162584845846
246;3;467.9265463944319;0.4262390650740201;411.22861211264564;0.5752237333946326;0.2768698502945836;1.5083296818304248;872.8046560592186;333.8812621169364;83.62607404764464;84.43579941893974;8.563318464815161;40.65720760648433;0.4067302482672465;40.29355320813028;0.7230703956585941;1.1517719569441054;767.6582010962867;39.84794662506741;5.554881037349805;25.461905041742646
246;4;347.04648728122345;0.3911151515356071;332.2475746625955;0.5910362186446498;0.25383699808214194;1.5877155508877985;704.2093548586374;258.60535122886137;84.75500749952988;52.763437721749405;9.208614929975573;27.952623883619072;0.3342004534043454;41.53000845446547;0.8624008664704945;1.5403597194343157;658.4530815876368;43.34526536139704;6.542498839056128;24.681383798933062
246;5;274.18406316087726;0.43417597253044826;170.90619571999662;0.5528236409896444;0.2634835324858751;1.3270473792643591;409.38688343021;230.87743586653457;84.44758251047953;34.82812424776179;10.018483549335686;23.423491571886892;0.35641277175245856;38.06872124581159;0.875091850653102;1.5681934645650701;323.21253510347236;43.38390481255843;7.223509128849775;24.279998232294588
247;1;950.6825289514186;0.5229040601378838;515.8000127217196;0.4774531066369744;0.37356932048314007;1.0800421468016537;1963.5210144164294;837.9113590985371;74.30838728115536;110.80739901648798;8.843802998232492;47.889218347517634;0.3393338791863716;40.67906153456125;0.6669453505051419;1.6096408586762427;1582.65865998939;40.123137104710835;5.192923960140976;38.769411480629074
247;2;1100.4888594778174;0.5296348207984064;1418.9884079008418;0.44868385167568564;0.5024403306646332;1.111301055109336;2211.3768484229718;951.9497458234041;72.37960489480973;161.14395286682594;7.845643854014725;68.68231765311744;0.3889823880796034;49.92439499501497;0.7821472055440998;1.2991293942621547;1707.6902107168207;39.28458996541164;5.644005441246057;54.5600000743255
247;3;747.977878766106;0.6437827086642386;420.19545222627414;0.3481408533566459;0.3323520697842885;0.5787846741280527;945.2937330692996;653.2612309119072;76.6570242458196;46.32543004013087;10.004934218536166;36.983362586372564;0.3355219964554577;39.95754654456376;0.9176497593790033;1.5067422552110121;944.8157029462564;41.64436605780644;5.639831132454005;39.499997882385735
247;4;1030.7083203131485;0.49255396397924595;626.1361567266907;0.5036936311374182;0.4504317561898685;1.3406439246983937;2221.3730340531292;855.2636825221828;76.55526318762351;96.40881377615095;8.099388870685361;65.93562309979328;0.327358969818767;47.700293757351815;0.8771721091676996;1.49643579235879;1919.8405705881357;39.59038733180372;6.040286968091703;41.539999799014915
247;5;742.0969362965444;0.6108388067027346;465.1477853876593;0.385849038263765;0.3298471940165903;0.7625572472489123;1683.738163690978;584.8096188376771;79.50459777597821;62.90233461537644;9.75010816800928;45.874918680331746;0.3586946985281193;41.30026091002258;0.7046622571938351;1.3523556716288108;1591.4170645243316;39.20608312703812;6.551064380615;30.875835573105856
247;6;1077.7356555704346;0.5357011586757637;637.027770229993;0.4675436302918948;0.42468780883191654;1.1132069135334421;1974.1283802495489;909.9972928447007;76.58547058166727;96.19638111758027;8.36215160031476;56.439107452915174;0.3357411611597956;39.79032092066512;0.7833369369394538;1.5847113917247464;1721.32249485803;42.87968666075741;5.75147651496159;44.03000095482086
247;7;1246.837302832428;0.47416420363328354;1398.8136414770488;0.5267335448455042;0.5071252570369963;1.2797177987814692;2416.0528360216017;1128.5300518752892;73.8820587376734;158.52580625781397;7.7837665050033955;79.00225923604313;0.3561996861856194;44.4859220743437;0.780867447537373;1.4129126386457045;2051.470696286967;39.703910584216395;5.377268329798585;51.4300009696912
247;8;701.0720411027786;0.5780291025413379;316.7104022013544;0.4202730774200655;0.329139961844342;0.795961464393448;863.4166959113006;571.9259744162357;77.14271571613574;46.68389487699357;10.099820827288006;41.37439441214435;0.3798116353750938;45.5179983979268;1.1465841857271988;1.3213697914798914;793.6898715180589;40.69324043463362;5.769700009979639;35.39850066150341
248;1;1151.2206788962144;0.47791127014897405;736.6590315376619;0.5166126475785082;0.4513063230625585;1.1370278023736922;2273.826488099945;890.5053629352906;76.4551693156381;143.9449314587984;7.888774830206919;86.48676066467017;0.3801329846916983;47.486753518973586;0.8711809058716217;1.0822788962601582;1812.2320547487946;39.61704192583445;5.462712795042581;36.0799977952032
248;2;940.2861453817181;0.44819505905666435;1052.5259102857976;0.5495122073636037;0.3534098108864714;1.6023797994714046;2126.0920189930657;741.4161938160134;83.2430725597859;127.82541948282628;7.49162841642588;86.05310393453799;0.3557196879007929;44.21558816766334;0.7150083670006532;1.502040319927285;1828.568751223249;38.18001540907001;6.357541695518801;29.51000189546461
248;3;1140.971943426362;0.45846959720674546;627.2273176472896;0.5313163811080489;0.40229838510096255;1.4017957559870626;2203.7122937517256;836.4730208331805;80.9359857102816;167.72686495070647;7.354749251618921;84.22928175148725;0.42163818527819397;48.98323865444026;0.7183607315054961;1.178533731928609;1809.9069713999122;35.776715827269925;7.105735685505136;35.650000087681136
248;4;1003.9178399769299;0.49408620860302904;1221.912721340508;0.5087225017687804;0.35313274239990533;1.1750762504534775;2035.6565941765691;767.1878004301328;83.10118155016531;170.1654791814258;7.433676479436233;86.63891052034326;0.41017938183077585;43.17833871606459;0.5739376385451732;1.2599133117904717;1684.380032388748;37.85819286411464;6.521268975745688;33.20777989854881
248;5;871.7149638777915;0.4575175020476074;484.39122012917926;0.5498530469476236;0.3391087319093354;1.3616432446945628;1706.1720388721128;702.1993637449334;82.36354333524149;127.91497211453294;7.910784310336738;59.486147494551375;0.39304541912736934;50.08933505432396;0.6413614199906402;1.2289658206786709;1571.6085556044343;37.425524006932235;6.59817471636863;29.68000190370523
248;6;1120.0753099136334;0.46259226500076295;1068.6741567895215;0.5392560035624331;0.3685234965362166;1.3315963654709422;2304.367689144364;942.3142571804595;78.86603420089537;156.7130167655494;7.779483021134146;77.56616176406168;0.3472753492113016;42.94667097832556;0.7902112352158164;1.6052382296336518;1933.1922820504344;40.668790305117966;6.846971434680498;35.15399816554778
248;7;1022.8892414810076;0.4454245188573542;713.330977079632;0.5665360890023396;0.35348905777392375;1.374417585897389;1748.7172081301944;670.3425538955098;82.7751000062973;110.16479196035479;8.11319567967317;65.90337945672553;0.34847696879420276;50.51720090830313;0.6675891916001143;1.305846363485581;1731.1468847819344;37.199130227029556;5.9276863855022555;29.123335457500545
249;1;211.14040216479236;0.6219530013320651;102.98987889018191;0.3835731007206802;0.18194182236730463;0.7634529839242529;306.64032699085817;176.06230277943408;83.99371168243434;26.267953910415983;8.853385199929596;22.840486089725665;0.4694614162932226;45.912463260907586;0.5852118573352736;1.174842068750352;258.3164852135445;37.11188665644113;5.967979945142389;18.179999980605125
249;2;194.148439269624;0.5056059623579805;90.57687920881364;0.47782883542014654;0.1618405586433843;1.1471162146033351;312.0129221635465;139.2625234722269;83.62430382817551;26.29694208912166;9.767788158966944;30.72510273078195;0.4466001698459254;44.6452364135214;0.8278309522597533;1.4373016399257363;283.94658281137436;38.522731411320166;5.853193055901059;19.400000011154958
249;3;236.74215749475522;0.5020429349473171;117.96157143026294;0.4965189004631147;0.1819578635932531;1.2167911846387445;338.7505851682342;182.571200382019;84.8551370066765;44.11639850128761;10.096711646696972;25.630682817959727;0.3878921469305959;38.499503685498546;0.5418885664597021;1.5057898891580694;265.7203745019799;36.184206772741845;6.274188180798792;19.090000341530637
249;4;203.34194752017603;0.6257761997671185;99.75450939425029;0.38020845838101264;0.14718150775119188;0.7298508097981456;329.48064762030583;152.24017555492986;83.91765544136616;25.120138005104245;9.842690695990658;22.471131014919493;0.43676250600537025;40.00584680944768;0.6218081483162369;1.218482132029016;288.53229048940824;36.18931714285764;5.927298493494156;21.01670724436476
249;5;313.4934575760953;0.6018546133562378;123.7552640048353;0.3907707223939631;0.18900133451695542;0.7893701117134818;520.242615747818;238.75252250031176;84.2159780943071;34.47426236818271;9.287129370848282;31.13971893248078;0.3834758850476013;43.96970446892044;0.5697987753242647;1.6300647696500423;384.4896575149325;39.62233347957418;6.321225452190017;18.720832506546884
249;6;267.5384789017846;0.5884800666213416;174.37214920214498;0.41966047605518125;0.2268370357555374;0.8213685306379999;442.05778310141517;200.56128781916107;83.83105931261375;41.438759122601795;8.59732735252242;32.61262649165492;0.46417816184733246;47.22923907208098;0.43559855593990604;1.2930004407246145;371.33273756408016;37.12196418799258;6.265903783230346;19.383749326859746
250;1;263.62560188572303;0.6579186105441339;134.08020937009198;0.3357786910581593;0.3020296492019819;0.5715375524664559;406.8280220057163;213.09913398762964;75.9418508856471;31.33800366049088;9.94068274742754;24.956384601721076;0.4118144392457742;48.84706006414641;0.8496218998662428;1.3064269666696513;327.380368051071;39.219033446258834;6.268933805031379;45.49000031878762
250;2;416.7345411959346;0.6078207776671729;146.35511324807237;0.39603603147146305;0.3010653661462696;0.702419922178791;404.39608826099845;351.2640607405016;80.77912574808663;33.2372580267825;10.235622997026512;20.35381618691373;0.374209744105752;43.16143932086944;0.7140656070638252;1.585896686753121;383.608341200731;39.45310267065567;5.560855270114026;29.60083011183182
250;3;455.8659829671157;0.6524279310225842;210.30340135110677;0.3442543452035395;0.33669891054405776;0.5836080862708393;614.1786470902927;392.1571161677275;75.72699147683801;44.83768882587943;9.28853815139636;29.14854986288037;0.416572668705047;44.99646731332308;0.6847103903734826;1.4643283108500589;515.0328130620661;40.31248323761562;6.929459146455896;41.449999500859256
250;4;270.18510159455263;0.6472793356692038;111.17908889666505;0.34809578546829695;0.24746823885908856;0.6274821890164496;345.1965009061629;250.0853839173769;83.97859418087495;30.719035236399566;9.640300275926442;20.080911294892044;0.3697751417126503;44.544934486661205;0.7659959170157202;1.457251548104503;303.44044382082944;40.10730564293334;7.615176755278837;27.671536449280406
250;5;394.6148681947774;0.6453873684607739;238.9393100690232;0.3604000835552499;0.30455455766452194;0.6355708633758506;617.0609718951173;342.9233208057825;79.89160765544074;38.38674373838843;8.696596261313937;33.49355719231838;0.3988190657197487;42.86529720894981;0.8357583440389681;1.3228564364986437;573.2931475848645;40.93865405429446;6.067991197691916;37.70823537139219
250;6;286.0840440018136;0.6395490205960019;109.24239899233088;0.3670869955863762;0.2757437797596418;0.6245951066357076;366.9467987090842;255.20278442971255;83.43376154269369;26.92429599047419;10.614493455387018;19.833911199132586;0.35194060586369624;48.19936647192528;0.975136620109685;1.6277054237298845;320.95907598470376;40.62231043582747;6.602859123552985;30.28083105491409
250;7;237.175897329425;0.6308437090861978;144.57545766806936;0.3524829776162419;0.22659724250974644;0.6171747886460887;379.2461949815297;190.03122727261817;82.03757996841703;33.2892454335421;9.664444205734192;20.740586495576245;0.39378419749685195;43.926302352556725;0.7888469385511353;1.2284377279718455;342.73725367630686;39.939906763612065;7.474496679858287;31.91926694633039
251;1;281.27778147915427;0.49516750493983946;173.6922971625658;0.5042749558249882;0.32318074516534934;1.117128398995776;458.63886232393736;197.4436286473792;76.00628829600534;34.62471135241582;9.34868776761543;25.402194098681456;0.41490833851980313;47.31266834899533;0.5715733246156706;1.4027765261431435;418.47765676519913;42.37517801774116;6.2178436263638535;42.578750873069886
251;2;263.45468070096933;0.5157621574677924;148.95334982524844;0.48206067066211505;0.29933440134403627;1.1745420024490114;460.0409079294525;212.18082060820376;78.48808846750697;33.103940343233226;9.185324214639706;22.84314118670274;0.41824629284947945;40.27045810822142;0.904429307525121;1.176915169142975;366.82537607887105;45.431915412345944;5.583141735265125;37.670000094053194
251;3;297.91768240419447;0.48797740977201676;127.22308790253105;0.4980383117073702;0.2750769273871315;1.174508082300514;436.07929415384007;248.1156648824217;80.32413228609941;31.796617944045952;9.942619736249803;21.63824934752654;0.3692688994317562;44.86779627642122;1.041114449761426;1.5104425661464083;404.34643955391687;45.068742245007726;5.593585338102801;36.52999717891018
251;4;261.19704757172576;0.6421708006639573;105.5651298741513;0.36425145902850414;0.27923023940671876;0.6500146090783905;407.14336453314036;231.05970265353088;81.73898622698074;25.714460439493973;10.500203577189863;19.13593114798426;0.4234058345322576;39.789397996071244;0.9953743611051077;1.2593126038677176;337.76219485680105;42.436865038713705;7.111289338726602;33.87259777343236
251;5;384.93194742061206;0.6531483818085877;128.16114369521844;0.35286925057965846;0.3455223149757468;0.5727937765479275;414.2320916203769;280.1682586091102;72.50764475366148;29.422072218086946;9.980302649042732;22.624679253555147;0.38827277633546076;41.18145632339148;1.0058146421285281;1.4803960463352381;371.18761502880676;42.853913197326854;6.129808638120817;60.07999745338137
252;1;291.40070621165495;0.6471599580648941;141.47977891576767;0.3590438375858684;0.2179478660594103;0.6713275867848632;403.30807863573216;238.97968461783637;82.74744249029897;27.590412141072115;9.987314101276082;19.60885218813581;0.45381283040987386;46.92384538235629;0.6307469037093145;1.120866623820068;376.76872576114346;44.70604341575757;6.328661405437465;28.281764636682645
252;2;439.79134393831805;0.5930399145397186;247.0910933809017;0.38640201880127956;0.22552440001124172;0.7632598059333908;670.364485073876;382.09379230868285;82.3303145472658;31.551391173458175;10.462029926829775;23.793667152589215;0.3854046598446659;38.679272546373014;0.7824802822671499;1.4105678105645103;604.2289135560201;44.394449090361974;6.267516401691053;26.26618479745051
252;3;566.1108481948887;0.5897973408032192;279.48672864325914;0.41906040342219336;0.32285116374580025;0.7842615041727578;827.3618699203461;505.7336421915955;82.97669538530414;34.094937842194824;10.036517498734007;19.52783857522425;0.3134033550520238;37.6911653545345;0.9412833804791191;1.6965737091695947;704.8884998802331;44.42324357452672;5.210758672557501;32.97538120424527
252;4;465.4774833937146;0.5771807706663339;278.8799725679541;0.41621280245222325;0.3017218456750676;0.7775470171591905;716.9337103401199;418.01571855229355;82.59999088696739;48.82970319767765;8.850389736217727;25.440900506018654;0.3886283482363333;40.44129714103745;1.0141303963863275;1.2379180158142196;615.9105645842848;44.373846127750724;6.202348355356918;34.67275030454574
252;5;452.7606576406826;0.6277793982358604;130.92433745689348;0.37687685068407006;0.24188327154679531;0.6750643324885973;584.5759764650094;388.10928749084735;83.24556707532342;27.250016855156044;10.068485375065976;21.0128851659841;0.3570613797358545;39.81284557599745;0.8755093909062862;1.489231245624982;513.2492499156735;43.80135315178335;6.348595023035533;25.034872462282465
252;6;927.543968427759;0.6249742554868196;465.9662611442391;0.37851027232346496;0.40932446877763234;0.6203059061789695;965.861204794367;727.5461420398648;73.73366155802509;119.82304303726725;8.695960035308431;40.26246224570552;0.3743734665322184;45.893686978934525;0.7206891651083531;1.3744570620971408;784.6417419368322;41.02923987208178;5.158650985919863;42.72000107390585
252;7;526.3553244353291;0.6131730370444771;232.00794599771854;0.38852799691459583;0.24500610306312554;0.7232903780204388;727.7864075500447;469.34950419399246;84.3446653833742;33.41853743162333;10.183982528722488;20.47941681764822;0.3205728095701974;43.91788495673136;1.0670246980452034;1.5552334031541701;654.7064523700578;44.872045994964346;5.500192606181126;25.05354516117862
253;1;304.77277398163454;0.6070534585788443;122.1135418777597;0.38819916945525423;0.25269031985424867;0.7420351814898399;428.85463408024765;251.20058157341654;84.7051473691822;25.83184091390955;10.173493658917533;25.448248722376434;0.3257009394521227;44.65996243419186;0.6928143714429309;1.480524056544694;348.33521282185933;41.04475658529937;6.767232644678257;26.404092032749464
253;2;384.82770583561137;0.5075518219708942;256.02142498132497;0.4931689134327236;0.2314195518940862;1.0327323206372732;689.8055849651728;302.72515889373955;84.23769641484155;34.01713933699386;9.49321772400485;19.869292166243103;0.3719795637140635;39.219648747566744;0.8138844976463712;1.3468361226868522;610.8453994424509;42.1626813007123;6.245720466148537;24.346056776909162
253;3;396.0964070395571;0.49117688269022447;345.9873345137012;0.5001447251644733;0.2853162018765981;1.0447598910588989;864.1588503669046;328.3397139140309;82.8447387492187;41.39180576451719;9.071238918056583;28.929270463298334;0.37126731001465396;46.566516838671745;0.5800181903664781;1.2342741942958428;815.9900914067198;33.834000414233074;5.541132495708398;24.56663412170821
253;4;461.3573415067321;0.4699196079611492;310.7974760645087;0.5274238859273837;0.2902432763721956;1.2049201521336523;790.7538075015141;393.6540962742383;84.79715416220219;42.311015446418054;9.653186198940084;29.744887565382612;0.3158956728128779;42.53075090021464;0.7713356535497462;1.3765577447732746;736.5564385617733;40.894552997919206;5.739068995520953;24.714833973133363
253;5;621.9554309361154;0.5220186542381025;356.4654135649334;0.47776127327992174;0.28694379447508717;1.03767780965596;1153.081410494624;515.7218517453266;81.53982981501723;48.803294728102756;9.466877006014618;32.9918348940153;0.32444566169352357;44.59255589881937;0.6235649233002492;1.730035590466293;1193.4473933326612;37.72571862320515;5.832088075648193;23.244001131395226
254;1;548.1140859305075;0.5408778638060979;592.4451666403907;0.45206726673744557;0.3021681246861766;0.930057892638088;866.1211167721658;407.19744031436824;83.72829750216312;92.59100206909824;8.874814245292633;37.299045516364835;0.41207000052921366;48.03516297727682;0.43825678697669423;1.143084322901773;777.7250923755638;31.95264564753125;5.676904638183203;29.278000511167733
254;2;501.3205476458041;0.3918379068601849;448.65456464311245;0.5953041769222677;0.2831156877368049;1.6041414872486983;904.8190101860273;393.76318125398296;82.9837186811429;100.80802352415749;8.758813580084034;34.08129178886614;0.3439182376315124;46.09731926724456;0.4620514325192038;1.5004167589675055;791.7748307858863;33.227897929762506;6.07079851625408;30.070834974728683
254;3;310.65749960684036;0.4260625641495548;273.1177400839738;0.5622656776264353;0.2847295301688152;1.4532788220743607;498.1890501292303;218.51252109702259;83.6550907062797;73.6133725094545;8.974540929367949;30.202914110393746;0.3780570808365404;47.35705410692363;0.5087244166428085;1.1704539189679617;399.0750741647221;34.91138891262263;5.586730659714949;25.882283202769127
254;4;184.85141208911915;0.4983431101519219;119.3510751271795;0.4858255625369902;0.26550346054538654;1.2864428984275065;374.25246650843866;126.39581385035781;83.13811050638861;25.802947601727464;9.2010400808775;21.378964334082767;0.38111615112333097;48.7101655351737;0.5181844543822125;1.3814025765283657;333.7322091365429;33.385438468365784;6.600276539051407;26.860109230893663
254;5;218.16069277498843;0.4689553142252955;230.71747590725823;0.5167277731692808;0.24538772727258873;1.2885259074972533;377.59469645357035;162.2281876727132;83.13170676062228;48.20716781440566;9.163651269865278;20.33970766505798;0.4122075406612572;49.85337585487059;0.4374403575045028;1.1523654233727838;312.9700274424467;36.17586353668322;5.947606281114277;25.047204744379325
254;6;384.8151669616883;0.3919689937691509;377.94008417992137;0.5856078118398446;0.2719182474860494;1.611919499391226;752.6162614041884;281.0445542895652;83.77929657054047;55.00271966733633;9.47631688037544;26.59422139438217;0.337170287493914;45.10715928870689;0.744354319323208;1.3976483383692717;677.6009830270064;33.56467231993766;5.585532868198411;25.021600029111873
254;7;264.7625168614883;0.40938543074086164;214.86886983828248;0.5683367202816129;0.23082507419782078;1.556279785089326;371.3658085661373;216.92107823248728;84.45803288077545;43.729532043301326;9.232094105884018;18.412297990093172;0.32536120558693427;44.10154215664576;0.763151444744486;1.4170885768467754;312.3575115246889;39.28514787615234;5.318285635778017;24.619336136287128
255;1;206.68048429757465;0.5169950716097016;129.53576211016534;0.4814507553120995;0.31717310023163586;1.069712771131139;338.7874462152899;192.80359720278403;82.64023376281867;27.458475051499768;9.369965781624352;19.27010742529047;0.3433490993091286;42.67736535656402;0.5740051879363294;1.540231142155021;311.7152068243794;36.41514849216907;5.0526537476032845;33.840999177810524
255;2;206.22449817912155;0.5150332580944255;154.97578932116826;0.48591609324114726;0.2545033826330967;1.1215229178381687;391.69713035056225;198.45551644280096;83.42159751746522;31.94833375254329;10.094019305906203;22.13954490269174;0.38101349393238193;42.72958412978589;0.391044628672821;1.281157336003037;363.5140939432476;34.91205815025945;5.600652548042943;30.498749799862047
255;3;193.75362326183816;0.4971773018793564;138.05602897184116;0.49334638949013965;0.2518794457782488;1.1004483275789732;362.2856747239684;148.09229225145666;83.56559552904382;30.90448160746801;9.067444707633998;18.862949220458734;0.3731302102452422;47.779042485817286;0.49365265612414844;1.1513792536237317;332.2128821034271;35.32483570538213;5.19230715987529;30.74176304160868
255;4;195.3862863922725;0.46081248461520824;133.00896638248;0.525107000401978;0.21215017178059917;1.2348189244257612;355.5460195500775;167.1010376076794;83.9146277251635;25.97766756367832;9.276100396387525;21.10710362995042;0.35027405388290306;45.02579586131513;0.37782548565869567;1.3946386708320002;308.32174743117787;33.287244257124435;5.641336780102057;23.659999920545943
255;5;290.3593780897044;0.46282556220805476;133.93471328167243;0.5147105822384354;0.28695106010634247;1.2448705798066633;325.34605055987805;233.4496632333487;84.00451041895158;30.4937757479142;9.946886526571841;19.62944753082747;0.32599820589261697;46.205821668894494;0.45068079178487075;1.4698073911784948;264.722137213716;40.195678065032396;5.500900278586511;30.931763816645898
255;6;255.19751692465144;0.44364262645501407;186.7425174274415;0.5340477829027872;0.23224390092253366;1.3502933601487;367.51492731192144;201.43525648424503;83.54546617201353;30.787586429300354;9.51947463567012;17.85385206847923;0.3418667712646105;48.8970682026316;0.47138926015763943;1.4861536666578865;355.07561631863723;33.69670724747544;5.871771881457811;26.938887511165866
255;7;207.0280957537677;0.5185340882513438;130.35832116903939;0.4838847638442894;0.2640732654015162;0.9797002926248924;373.4043042332363;154.83539733419266;77.1297512661074;31.22170540217969;9.541743805404455;23.103283338244378;0.40737253554710273;40.05793717665704;0.4366047786906907;1.20454145538824;351.5576687181158;37.99853700769547;6.122796204152389;32.0699988363709
255;8;254.0892423420342;0.5420651500540983;129.65275125967452;0.46467646504531823;0.33118099804124407;1.030469815579232;331.2298727446076;183.12679612123353;77.46134430313806;30.315560875087034;9.54946208483319;23.607802824301594;0.41200504096087626;48.59285163841371;0.9667113362581224;1.1190120498349199;306.31684107791676;38.767822727221464;8.263933941490523;43.99000251496179
256;1;448.50262845977073;0.4216275608777372;318.6931607802165;0.5679075529264123;0.30219885172485694;1.4229133458373033;771.0934519151048;377.82838887181674;83.91882484984001;46.200855563411295;8.962399062293944;24.55987745804793;0.31555647174524515;40.8049855877113;0.633676795163893;1.4425012265591437;687.6927122966636;38.60570075597561;6.118537739698847;25.9448736808665
256;2;446.80380478140194;0.4150231718309335;314.69925663579596;0.5612033650939675;0.28312048188869754;1.4803209090466591;798.8264471047488;326.64491519502695;83.69626325738663;47.09218889894751;8.926119319442956;26.14394291974258;0.3254220883534481;43.44978262476337;0.43164562385752836;1.5122342602121521;708.1569936715873;33.170926129150665;6.028050925209612;24.71899944457713
256;3;358.85197577701916;0.45222499139669103;238.40607237446247;0.539896430786068;0.2856734489032635;1.401203553015877;646.9641983492152;333.63073670688436;83.51677770875527;33.40806931879948;9.571179063097945;21.144266306260434;0.31263431876564385;48.328538596226245;0.6132361089926428;1.560276421785047;619.5603505630947;36.62061306099465;5.998018410870072;26.33999862952546
256;4;248.462823896488;0.47976581450733313;193.18544226724345;0.5161366241367608;0.18468604951213785;1.2465070631153554;395.0323258543685;197.81018138482708;84.13272297371581;30.970820273253874;9.415790426808098;18.822798630138358;0.3064397526876833;46.34451960849868;0.6486581588972615;1.5160276600245555;358.92381610630997;34.547346442129104;5.725112066597061;22.897496775139974
256;5;340.20027770655025;0.4217220823708867;302.7804407236223;0.5728774194644903;0.20441044864717303;1.5340173524963532;602.4902473234661;279.445397241012;84.59692480251888;38.72276420103065;9.385218634991821;24.22833728243934;0.2884892340346941;42.20981519508631;0.6170085800457678;1.507328704782566;540.597569068075;35.285373501576814;6.711594687580121;22.75650079007304
256;6;330.7182935871743;0.41302670456998763;170.07594689605375;0.5728139853805263;0.2061874958641533;1.4975122856015342;397.87422366772813;275.2625130310638;84.28009255172474;34.563371078217045;9.62552459704314;18.026564853040863;0.30773911692636147;46.758492634614626;0.6132969778328425;1.5990509396199177;361.665886808118;36.1256006914547;5.2679896473868455;22.51868352244398
256;7;396.42089781095484;0.4003536385466657;382.45752242337295;0.5784994592223741;0.2254328231604056;1.6088891207092306;825.601482390436;331.23032849802155;83.61250024160466;42.86150613111435;9.624724893450127;24.690051083934808;0.3161779033657905;46.54140613386339;0.5950607693711163;1.4942335532314948;734.7456363933966;36.30513025806092;6.0205665159876105;22.51100115404756
257;1;674.2306452404337;0.5520816804430682;456.36150125080553;0.45485403081386655;0.3228397249881717;0.9429873749432289;1570.2150196054831;484.00403239735397;83.77820280195989;105.25894256076215;8.247125132114624;55.045176689097374;0.35113317866606936;41.14870284252582;0.636641387935016;1.337478430018819;1604.8950474802964;36.35202924926447;5.588640232282529;28.57999981193138
257;2;623.413810488379;0.5457395141318032;419.0394675200382;0.4578155851482421;0.3272279306703467;0.9096591759513378;1621.3470590902175;493.626354678376;78.95438663785738;91.50043071333384;8.561672400670014;41.71874239933156;0.3963838342519564;44.49222718398503;0.8041441107094139;1.1535782486906434;1428.103218642982;37.332401243073015;5.566321851359382;34.56666513672929
257;3;663.2409460156543;0.40341970907388247;407.6572499481537;0.5932184482548927;0.29227568616123967;1.5767558124867151;910.395879961018;466.4920086447578;83.40831440551752;75.96784618104778;8.480852943856842;32.12467519665858;0.3440478255472179;44.13474406015849;0.5456676768322946;1.322699705644493;809.5474357210836;33.781147957725686;5.8458672950865;26.988002427280936
257;4;464.3073451627745;0.38623370678639835;975.9499968626097;0.6048889240268372;0.31289221353565894;1.7494220718944655;982.624840844055;375.2679348759108;83.2219598426287;75.18185034265147;8.586141315226904;31.825399444755238;0.3377086697141648;40.909356416576486;0.5134733075591983;1.3074921288023358;878.3080267107775;35.99387887066312;6.199277275568696;29.5508337931158
257;5;723.9250555800386;0.5228564547560268;596.9812386497238;0.47848003437178266;0.36604956086474344;1.0965056524481298;1802.005831757008;564.3421187084192;82.14065779224387;76.41149302526303;9.37736992119418;33.039776970728205;0.3329281116128177;43.703711315970246;0.5445073308610299;1.6315556263847513;1547.022331106763;36.411727242846595;5.47780087207309;32.590000573104035
257;6;666.7354098690712;0.4231920954467362;499.5761654971931;0.5795501433708464;0.3289350528152428;1.621485287527836;1220.5003232370855;535.6482500916791;78.87828163434772;101.00275558484351;8.499345716339517;35.686196835050424;0.3465358977030523;38.876851965404;0.9451411901911427;1.5949456713406218;1174.8671585591585;43.38375381270192;5.231731974827886;39.18999749750329
257;7;710.1592722039796;0.4427058662477868;791.4619516729352;0.5669713947908455;0.3390969478179432;1.3954640219019807;1587.4255589384527;502.69954517119567;82.2364375532389;80.63938459004534;8.721853576640047;38.881639990694595;0.3340299225993957;44.3499296540923;0.5051654872895934;1.3634854779060026;1440.6528229214218;33.29194016530024;5.292623765677135;29.84100044643831
258;1;964.3931254635852;0.6504958936152806;663.8649705246848;0.3511064063523971;0.4067533600938297;0.583759193850195;1629.0496723899287;839.8292935776814;75.30419363683595;135.0209710905909;8.42916423925374;50.73341291675718;0.3456723868507933;39.31681502113644;0.7977426103934009;1.2780530286117484;1476.1054362732411;39.65907078780959;5.803861839910978;42.88000065979274
258;2;446.026225017979;0.5930048764352412;254.8737301790058;0.39474601668008774;0.2957240531217283;0.6985308613791708;650.7618066373623;387.77912744495467;84.20474276774432;30.662196819706292;10.283541567881922;24.09885430199079;0.35518759661526544;42.56349739708232;0.7926602511116243;1.5270391026334307;651.9618264861114;41.99043761786499;6.385030505337503;27.269763487760994
258;3;290.30211038582075;0.6517497502020134;153.55741547828077;0.3424987791354519;0.3451181765842049;0.5700219618956494;406.90986268371586;245.7390977389549;75.18252500192038;33.13068755881541;9.921399837086668;24.822445489672415;0.3888804185624376;48.043010677451804;0.7645932889339305;1.3263497753021176;381.40658198499216;39.542442780186526;5.493412312809945;51.079999723481684
258;4;378.15394522050445;0.6275729610378131;118.32566982009395;0.36937995962234055;0.3097052447359838;0.6249556478922017;449.32278248286934;354.3539875129561;78.31382028156197;30.220145730311845;9.953657058244442;19.148450451581574;0.3946334265398648;38.63663653385277;0.8310172004904122;1.6007408690997391;370.997031132687;42.87086220958641;5.802806901051193;35.34777416310739
258;5;394.96056915023274;0.6142672675995972;228.48736510759997;0.3853150204937205;0.27949097100704523;0.6824681994710858;779.5332210595585;340.9469560398;84.48176883724462;35.24068208776473;9.382093444022122;23.34289649124369;0.3685275219949676;43.680476330294155;0.7362513897400259;1.3969400404222396;699.689326405624;42.510419653202774;7.852980519930517;25.14022153141082
258;6;555.4562150323162;0.5842092225575802;291.22812369697124;0.41749877879902075;0.2786292467856938;0.7757759781222672;771.126287283284;444.28697114525477;84.47136374785148;39.25114650757683;9.203024672903114;24.874685634652483;0.3237529632789965;42.23694524602882;0.8012773470406936;1.5016443523460545;689.1496691854294;42.89379969104129;5.4540360609755805;26.22465613381974
258;7;942.4911374249317;0.5469708851978509;470.35285260181286;0.4613932301877661;0.4803479377784185;0.9047777647239169;772.2128195784529;833.3526452723451;71.75715512798527;113.19164582244744;8.999228057404766;50.74255764373743;0.3503171088786351;40.96156883770746;0.7906313202429619;1.1679851849176308;739.9608543216142;38.22000940852165;5.568242976225206;50.13000088776576
259;1;904.8257555957156;0.5161347011342066;917.1232926064938;0.4825923584764503;0.3334334438423022;1.1932997429158625;1842.3493966307278;643.7983200713559;80.67101174799849;98.20458024091393;9.37101985813692;38.30850877578747;0.3570129972579958;43.906217969246384;1.046756416711351;1.1948954606309123;1614.3943338812437;41.00110254804343;5.529332192340983;33.40005076200901
259;2;1004.1100039302655;0.43858895573311907;1099.0833819368017;0.5526806582761352;0.36783324077498347;1.4885625477370794;1114.2201271013741;877.45635600176;75.12870084695355;132.13825786302448;9.156341685616177;48.644409337536494;0.36153997002822147;45.254484696762546;0.7492966980459971;1.4109271719334244;1072.6723953943788;37.97511141009752;6.024149412980196;36.90571051164206
259;3;961.0029961200337;0.5265871895990264;686.2477117343271;0.4837809233750203;0.3690996173181268;1.100442447835407;1949.2592434012183;819.2210467587003;76.31551814557001;108.21839556721604;8.788965559764934;40.645862495478475;0.334375641489671;38.08488139783697;0.9818468062655138;1.3255292816953783;1702.5373020165478;42.44674881531475;5.306994465164125;39.65399547354318
259;4;844.3812132242816;0.5127105279496109;711.9192973664013;0.48296001895482654;0.3520699239831647;1.0788936315812192;1860.4366292036739;706.8248220441816;77.65766908497635;105.88414635838183;9.334435052387146;45.54599258493879;0.35548999866096354;39.93613184806052;0.6375538855638494;1.2834197170870683;1687.6163796460796;38.56032638715298;5.328138298415002;34.709998559411005
259;5;1016.5805141077321;0.4218328545957523;1003.7124542861554;0.5651350249240483;0.3363467654183846;1.5941554883427456;1907.7029603807105;701.2955963153503;79.42758382937879;106.88224171456177;8.39442138316623;46.667307828802436;0.3737416222798575;43.74236865639471;1.1089927790088816;1.2085955780850428;1582.835226719115;43.15389695739691;5.673781723590726;30.80238418503153
260;1;738.8253052631875;0.4390870051454987;564.2637546918105;0.5607273121962663;0.3358429873518133;1.4903229682164976;1490.899881227276;611.9024699188553;83.4805075824333;87.76038180125877;8.918098653922023;33.604449410995336;0.31851911323514437;44.95868312500786;0.6681525903636926;1.5408283040793884;1462.4031180660863;38.712184166675705;5.668473701078651;30.66176510465536
260;2;446.2716132821268;0.6029129890134287;362.7443654776136;0.403603006805013;0.2772618731154558;0.7941211578508117;755.488163650578;405.39824553042456;76.2284160432634;84.84183012379212;9.712323183689293;27.62528809287815;0.3799663222297528;46.13636735586085;0.3330781271971957;1.2385525175542773;673.1795165530497;29.61900415556141;5.856445240478614;36.673748836022824
260;3;678.1310902718647;0.4860381346445884;460.642333702252;0.4974445800348456;0.3286653321911233;1.0988228274343477;1561.0752368011101;546.9371348448313;83.11321745657835;61.57702410070204;8.923338531446902;31.991764519949683;0.3189682840027455;48.877183316604714;0.6729623436591851;1.3630260586916734;1501.986276085295;40.49552346382415;6.565374348034141;31.2100008849626
260;4;821.9584426762619;0.508160784348849;743.141983822273;0.46317732626021324;0.3287533719102428;1.0664393961596135;1695.7464466138063;660.5753783813134;82.50566362957422;117.99248511981483;8.73834251055863;46.59335546023761;0.33600064858880396;44.6819766325975;0.9123133976593525;1.3414865194732086;1416.3683959005762;40.80681118980117;6.362435020394227;30.78121461491925
260;5;931.7554834029702;0.623842424848997;454.7131390479207;0.3808479474888595;0.4304106213066642;0.67526842408583;971.0309339849207;744.4956229082064;75.47414401550411;103.97030401091301;8.619274466901425;50.393024246135546;0.35985209573976873;42.53703250887151;0.8048930271664193;1.1705786303771573;864.3827547562105;40.359377838144766;5.542690363671948;44.400001672788875
260;6;479.43415671969916;0.5660685902902043;249.1450206986896;0.4290832533197434;0.3565522302532916;0.880092381121734;639.6073424710567;401.9751090091071;75.61573095731711;100.59878469314128;8.831852091192282;33.958833751384425;0.4109173901820866;44.701219239705864;0.5767409866623648;1.2519698387528368;518.0758619657134;40.88333114084141;6.126698275199573;37.99799883768788
260;7;817.0327712405675;0.4940793158482599;675.7359074201131;0.49869412926289547;0.3360742320290006;1.1959978867150522;1733.8805407481195;680.2870597152769;76.62423141691133;104.22613821140669;9.135615993681412;33.27485152222307;0.31881520819748554;39.74159077359523;0.7039273722961855;1.6783457672152866;1506.9655169837338;38.41467762264854;5.234946231981937;30.41593082160647
261;1;232.7590282882917;0.4851293425833201;114.97315993755373;0.49703940551444903;0.2743277783776862;1.0773426324471413;380.4706030202864;179.99759032627387;83.41943171870098;26.45116032876186;9.199317435081797;16.485507220648856;0.3667360583111155;42.13385617353501;0.527375305914051;1.327954903406247;314.29035496600414;38.001171455583496;5.399601712185281;31.009999559311645
261;2;201.31279514336495;0.49631577560391643;154.1007181976237;0.48893385864139477;0.2559104070883194;1.1381098021367988;367.79442982284183;153.8234639259009;81.86031841144646;28.365087704268877;9.10714446069524;19.964656554068867;0.3960918993378582;43.86989933704078;0.743182002092288;1.278560318351812;353.0943093269926;40.237150504807026;6.874075683363119;27.58727293329813
261;3;236.4077967496626;0.47608736454501843;129.37324003048371;0.5209790368974261;0.20778417668055582;1.1400754121328596;372.3750692523192;200.87161676691608;82.96096385622702;31.51060417556749;9.363956649310728;23.040978001930753;0.4088897686933931;42.82761912102834;1.030980349552599;1.1202921373410326;314.63918441323386;39.63080431035755;7.029795672382073;29.810831825419115
261;4;309.9685035319649;0.4493737851268096;183.4106837106641;0.5471174037118856;0.3073254320267085;1.2928485062192328;454.9109173881759;284.1084885480796;82.28182583509441;57.07934409222272;8.82520857917875;30.159950919898808;0.39962430862807385;41.97508801086175;0.6444394367259727;1.3874334286746572;417.6217041688674;41.68048335903431;5.259445397840741;36.419997659055284
261;5;202.2270792615895;0.5111303215143942;136.6957628116593;0.4810859615781761;0.21191631214911869;1.0652070078343294;369.6228001274274;175.6336880272267;81.91193050189212;27.469218413042633;9.287868880393006;20.180491530219026;0.3834612211562804;40.61116520601329;0.6248600477304668;1.2699234904033767;326.6407773292189;41.87366186483307;5.35554450788087;30.643104674208544
261;6;215.60830850646207;0.48583920265370956;170.97407054132796;0.5128766495861247;0.2868380409979298;1.137535642172021;416.04108649349723;185.8233318408841;81.07428377078689;33.59254853022058;8.349454900595575;20.658781643651846;0.3700796884095787;41.165081522974;1.0055868425081749;1.1296041876233247;352.50481977662355;44.97717522628457;6.578031216237514;36.73874982730475
261;7;283.9467918095937;0.4493852627170756;128.59251225590333;0.5407496661846739;0.3181572464823999;1.3390320987415278;417.6975409947201;245.74981554826255;82.89233837719789;33.40061945574051;9.489671737801295;18.93661647797899;0.3759603272956093;47.39446541378363;0.7546256444804397;1.4870401085166989;351.3979248581246;42.30910025861472;5.202504942039809;31.771763076585298
262;1;393.0369756907181;0.4175827602698016;316.3131592846529;0.5851907265509598;0.2537029895969637;1.5133436533377258;680.4441451767651;321.6993774864322;83.19500826849381;53.88232811826548;9.28207755285678;22.12976511577536;0.3244565807618471;45.251706838405255;0.5924113557182832;1.404181968222541;645.7482499597108;37.75545854061095;6.066947736712112;24.03522215974564
262;2;512.7678277862489;0.439376825441504;413.37319633706056;0.555771008776726;0.26629363082495217;1.4518354256012154;930.5132307442714;416.3049684508325;83.09007147367421;87.54891060563503;9.217928289142787;27.41300230992304;0.3073253457593459;41.760815009359575;0.5530188820213161;1.4622532506754269;795.2190083055445;38.15334321290553;5.4757522024249;23.505222058814702
262;3;624.0281967787466;0.4854001886147373;338.3072227959629;0.499681032465744;0.28459801067090296;1.0718573686991297;884.6702905315235;466.94984788989234;81.41655587454521;115.75318352617334;8.738377410365771;42.12056477745682;0.39786663457626714;45.75782890321513;0.7586637338735724;1.1437507412127745;773.614671180292;37.96588992646963;6.104605299914002;29.761667600864115
262;4;321.60629018428335;0.39457889425887716;384.84790330678567;0.5963642351929499;0.20971799396203314;1.6192411256692543;828.5058602473913;263.0180342624643;84.18183875090074;48.35469417768269;9.620267558035989;23.27206731555356;0.3517828847594787;43.499965880720055;0.5741442268575679;1.3834148792453749;706.7690807815676;35.823159568522826;5.455155697852699;22.00999534371574
262;5;253.6314254593103;0.4580160837999136;181.65165167875406;0.5248114277649717;0.22074434027680068;1.228823780189076;374.86298377592124;182.74838757538407;83.83157276690137;35.924229121093866;9.651055742920502;23.383323907392167;0.35758307495465913;42.99897767572903;0.4314322565288898;1.2218067862975006;314.8804314763463;35.40639900921114;5.881719870079783;29.404543734166285
262;6;235.69363777622675;0.45220609350396124;199.11746711253986;0.5286889154276121;0.20027543499919573;1.3911429439962115;360.7247585823975;163.4795153777057;83.21498358417466;48.790174253439744;10.069750561519497;22.21081446407853;0.4158222759953391;46.13928441992329;0.3803049786664727;1.0316846439303176;291.14996738372434;33.72143711336557;6.5179250033716025;24.166441242164552
262;7;491.8392192950928;0.3981169725123507;385.97889567385374;0.5912033308030463;0.23134708711599358;1.5604344316359944;847.187072018932;348.12525887014846;83.94080592114757;76.44621289922404;9.307331628245883;25.096747740630068;0.3413701119612898;46.794878079479815;0.5530282682864284;1.2044252975913576;731.239474945617;36.516435452330285;5.340878831034562;22.970997169269086
263;1;764.9163916289447;0.542204446934466;395.5137316207336;0.45565906599065237;0.31685706965011845;0.9103402531244846;1435.427164627922;555.4867091391998;83.94991662305667;83.95862057742481;9.12609623320409;46.12795524651196;0.3901018260725506;41.74045660265484;0.9479794963184938;1.3586943594973968;1163.305657862664;41.44199002084321;5.557190679442228;24.086962246171588
263;2;497.1592279255727;0.6351857575899469;305.81330743580645;0.3795495275046898;0.2671860737506486;0.6307304529650987;754.5118207959548;375.7017207029096;84.61767929089427;55.39347767056418;9.677409965645403;28.413056200204938;0.38653576912157983;39.53004278279925;0.755295526545508;1.0769938101141883;649.2981223092099;42.08611577138887;5.44409418879847;24.509834265091214
263;3;397.54493770095576;0.6397068882628462;238.65384447755432;0.36352426585083314;0.24555249884467314;0.6085192892356456;784.9984455204436;349.05858904110755;83.62398341963693;43.85725986080026;9.538597896749692;29.175929903150596;0.43241260354050304;45.00977355511773;0.7684254998758279;1.0202713308129083;668.9927818687643;37.475293888091294;6.098625882819602;21.94066532074015
263;4;672.4409847937562;0.6105601226195727;368.9420085730159;0.4041591983721656;0.30152143757358085;0.6793136025045363;967.1159744256406;484.55669057546146;83.20354271857643;71.51385958380341;8.63663337766025;39.70448550904539;0.4121723586788473;47.92716578660643;0.6939396933957798;0.9353681613681375;862.8105867780187;38.11400150839884;5.545195384457111;25.429999296421716
263;5;780.4933445996654;0.5176257492993583;498.51047136179346;0.47666740284797593;0.30208581064601336;1.010170670716051;1465.4880216345005;643.8474596138553;84.16958725557961;101.15278946265391;8.924541404788663;38.90368592313885;0.33022645460745986;39.75880123118463;0.6587414962504724;1.5058355786123383;1345.9093762688797;41.51176740169676;6.0413898425754615;24.05504128972034
263;6;807.2348788380821;0.5099116173200179;715.5162192934617;0.4820701399517149;0.34198234299883734;1.1246770015464072;1830.871600015696;688.7639844558352;83.7282809530933;106.3348127006775;8.882245526411385;42.923373542312106;0.33853313438624055;38.03335760669546;0.695130128712444;1.496510589633382;1608.7805617224906;41.96900130022077;5.399401147534631;25.683165175345444
264;1;609.3707793268318;0.3954679568871719;461.90221963928934;0.5913087291864673;0.2769245208832023;1.6181174617748344;1225.4077764435651;457.80395514906377;84.68095544775873;96.16584435747562;8.707741779666756;35.370970758915284;0.338964744656741;42.53300542179795;0.5700049740340912;1.2974869714649526;1191.6800516089315;35.30146492889387;5.639454459930765;20.401667413857048
264;2;818.1492895580873;0.5910664571155857;637.3515390142788;0.4217599635834047;0.35660276530316926;0.9622846704264587;1901.930085018423;740.7157583459049;82.33801472897362;122.06789146876795;7.726986029246251;53.560222373077394;0.38832538460756927;39.22566435344315;0.6461348469000179;0.9690514746947712;1684.3916160045765;39.10464887465427;5.436269394708853;25.743165469652666
264;3;1164.954236564875;0.5294909612647739;1140.4962290320777;0.4558546414462784;0.4202511544028395;1.0637311140278445;2199.7824769393346;842.1774529025403;75.742687686243;160.39132376754893;8.312386168713342;75.44024866824468;0.41573103729527;42.29548582842399;0.6081501201591389;1.0663041927881047;1821.8141983943506;38.80900474669002;5.487128459398525;35.10623544928685
264;4;965.8225511494397;0.46041079287464876;1059.010051324963;0.5346808868245854;0.3935403184156532;1.480345420431902;1982.0020720052346;722.7143346848134;83.36802434103852;159.20183313370518;7.457842303642536;81.50914234224634;0.4164170068802855;48.07827334025698;0.6306339207098552;1.061783017158933;1745.8554045768244;38.60898998565281;6.0457836501348;27.230000576089605
264;5;981.1456893547178;0.47177496706710365;1098.1689754574784;0.5200934615448071;0.35519839818446036;1.2875911357231289;1942.477904456578;752.0261447692508;83.91273469289673;122.8482158415508;8.53838009853071;53.91608156062885;0.3792374698531441;46.887278089617254;0.5228854576170969;1.0015708376847225;1722.1941416004636;34.76891893052298;5.360033006604611;23.27066397840583
264;6;815.3761948134455;0.5045244030227114;973.0118035099872;0.5011277433418443;0.34391777869794127;1.3180071972814427;1694.768612439548;589.4709263076775;83.35859400666124;111.08661140254686;9.053356307535596;44.99410922234367;0.3880399471860616;48.05500104581243;0.40292720608402793;0.9327910377677066;1537.8159958901094;36.475723537417956;6.461357848915051;21.89899883030905
265;1;900.7677320976978;0.5505081816066141;870.161006553338;0.4513882848565288;0.38245708334252576;1.0383620099414157;1382.9210152147282;733.7486676494881;74.80556096895853;132.04609635083295;8.311938525398817;41.37927068839223;0.35116693345005034;44.762088912498776;0.47547989275308356;1.29090164450226;1359.8225197848128;35.57619518768181;6.1911263691468665;42.49000106934152
265;2;877.6482997729114;0.5298331191283554;928.6193541043907;0.47439645370241634;0.35477952259542833;1.052399287799333;1737.4474332926734;700.8654440614376;82.50027466389;121.29682104465533;8.508039061516689;37.419998218251756;0.33529302687078727;44.83085560397141;0.5021017904973366;1.3725676505488134;1569.6263908783192;38.82407365122674;5.224190784879582;30.574467897678502
265;3;687.6714087657124;0.5417319024564629;418.0816660655102;0.457134116125459;0.3086025417303192;1.0583057015612558;859.1343263257611;516.9105309004743;81.7251449144826;89.39660874638984;9.076550803538876;27.59270227303393;0.34054104699069304;46.51265084182683;0.6994728675983436;1.2824818068494594;736.7797837312021;40.50776649370183;5.718783926574341;31.3210001501887
265;4;815.3505031175478;0.5373407581048422;791.2592081527553;0.4729767434337804;0.337143637517654;1.0145468638774244;1430.3016755141566;640.0767120946341;79.37633238012376;67.6370797411473;10.392375303413068;33.88997389610847;0.31562529199246997;43.34511802916705;0.5979385579288743;1.6375473753504837;1385.1594637821697;36.390928120399245;5.563679935708863;31.999998322060748
265;5;529.1782343803319;0.5488196741444455;330.136268493421;0.4508864975400995;0.26688676456614424;1.0344073403401586;700.7977409602397;441.15533394510646;82.31921069090295;79.50449708156404;9.442779246664786;30.394343525021505;0.3893807155196021;40.84037405650788;0.5393618334400252;1.108636269332907;651.9875839823884;37.15020700366964;6.637264437466464;28.109998580339152
265;6;929.1879741246886;0.5124929184922067;841.1855242044517;0.4800807788021055;0.3528722631580849;1.1079701948484786;1958.1164375946173;687.8393127277283;82.60386446506597;134.02150436315384;9.119437956828097;47.30467080456076;0.3622082179149627;44.33119722424042;0.580412946924596;1.1510623044538633;1722.7126987908089;37.44925805875803;5.718252257478964;33.09879557310594
265;7;1194.604453011037;0.45929312109551934;1047.3258941415336;0.5543001014899237;0.43811567663921996;1.63068425947512;2235.7391719670622;1129.7219188951522;73.3563061008876;140.0277513679284;8.859075906027387;68.26390440179301;0.3675853346393448;48.126855243652344;0.9898066506936065;1.0051907660183264;2049.320811640684;40.197783718937295;5.479567748189063;50.38999997691814
266;1;1016.9849837088491;0.4988473382032998;1163.9979215193523;0.4842473412697965;0.3664910849873628;1.0995909571542462;2032.5423754233132;753.3021472318359;75.76181784379436;159.179507720952;7.416604780645367;67.81278563624706;0.3904853950200573;40.33470038538216;0.6411172336150288;1.1408395649312586;1799.6759181577793;39.706254123123564;5.6449813511402605;33.58904552636281
266;2;661.4099073259937;0.42214025560347485;1057.3747823426502;0.5765491788665897;0.36753175557381973;1.572655690091468;1779.1180756959127;507.13929534868083;75.61718761096495;125.1898782051987;9.34816707026977;34.92642855076673;0.3501127272283977;42.930003218109164;0.7571380460151573;1.275439282492781;1413.0370608792714;38.206066411819954;5.1665265952049495;33.840002663946954
266;3;1029.8020947921327;0.5625705978899189;1031.731157647085;0.4398656819067088;0.37677736449821625;0.9742086414497383;2038.542392813194;838.6289532032072;82.09363332452051;162.85570235925047;7.733905135126472;77.7547565339681;0.4196022521222019;38.373049160070444;0.9081578588406775;0.9014086494483022;1767.7603133916723;41.56012384606037;5.369874453217006;28.740002699130173
266;4;725.478749774044;0.44635317397962965;980.2995649328237;0.5654716755739149;0.3137207931400634;1.4115679566435964;1638.4050778088995;561.9229465550017;83.412193408725;78.37142882971798;9.079724946617755;36.3964346735434;0.3555074568461691;37.87988466267364;0.6698038942143456;1.1766438410672826;1571.7655981083146;41.225156752303526;5.456909322180197;28.942502423849998
266;5;998.5497910476709;0.4655268199463448;630.0425785355194;0.5270974705453675;0.39064723674187873;1.3350999272031945;1553.7907930155554;683.3294812972999;74.19527223024127;159.88867897620722;8.155272279404546;58.82089401872549;0.42232885596419406;50.05436884862608;0.5507030793097699;1.0370304195884088;1286.8401964178402;35.15574817600219;5.631723336098353;41.23999929600749
266;6;878.1851935759362;0.4234973218298564;935.5517290134683;0.5774299402762607;0.37820302285008844;1.574491534255514;1930.4182306675264;701.6991067860469;74.71843107152445;111.45017454491251;9.07169326070945;46.205970349567245;0.3280705126171258;42.384222514052055;0.7157190455090078;1.6405873969395655;1602.220866707351;40.95419111114439;5.508401363273151;35.95999918645469
266;7;938.7817054627142;0.45712892247258097;973.4960251658315;0.5397757873350021;0.3486000864996711;1.4744328054643976;1779.542578911635;717.3441269011505;82.36160428031398;153.47702247935658;8.173929836021966;53.632231947269474;0.3967258459098259;45.45548526976853;0.4165049889569633;0.9883629244948307;1490.0389647834945;39.51364694321302;6.648680356993513;30.660002653294484
267;1;678.2437460222714;0.6046107483725716;309.97997829705054;0.3889288153149009;0.25212709730651683;0.7590889279217271;825.6421160978498;535.7535664349085;83.88508280152959;80.69267196374048;8.7541433752813;34.410140663220666;0.37539530901582213;44.631310556699006;0.5503333046659068;1.1696673609488666;732.034391592184;39.94123948232322;5.462131822292647;25.096569917562473
267;2;855.3795548399701;0.5147695409641816;600.8094774179579;0.4890393547528482;0.2974436839552326;1.226463372846801;1631.8104474502397;668.4307919146916;83.11730006326455;128.4888417264871;8.89192611658518;42.63290553388646;0.3975129849047378;49.669737181357696;0.550255749826665;0.9426077440762368;1427.1359494341823;35.75270582439201;6.6594280513454205;22.93850092193118
267;3;973.808962765374;0.526221024980072;977.9390166606054;0.46905166683562355;0.3331364276285113;1.0193412602828253;1915.3366202047107;748.4160635779871;78.76031924849559;116.32993795981606;8.286260237829943;48.07437119027598;0.40668137641741064;45.2257998635942;0.3891869081478002;1.0273744861994556;1747.095796212633;33.1659712263305;5.3533191570903975;26.30829151482958
267;4;749.1638949121557;0.4760719465120447;472.09227549985974;0.5150088278293979;0.29593491591341253;1.230379283541871;1407.310881114988;550.1637903762177;82.54564245835098;87.84010766983002;8.940895509456912;40.38819758892992;0.39492831740809264;50.154217171198646;0.5331113449829696;1.0414111887757573;1280.7784486545231;37.64110464398163;5.790614861375283;23.047696889573654
267;5;987.9631190601474;0.41871051611218874;1029.8821112201877;0.564485521349501;0.3291155902353451;1.5684321941012385;1650.2399017814596;725.5242738218352;83.53796328856393;123.94178630987608;8.95298953234824;49.481748728139046;0.37536189793453034;42.626356138384004;0.4491879743635454;1.076979731435338;1506.5913332037871;37.59111618522671;5.561119805211308;22.172498334402448
267;6;846.9612198475654;0.47828716843481034;967.1982497908205;0.5144318189482356;0.3097659338493178;1.2133940634983664;1554.6429200047153;659.1970522199762;82.81665618658919;104.69374682224245;8.932500081508596;44.79708208207917;0.37073305023084435;45.45279371881917;0.5758145119319658;1.0414945654599053;1407.302754819419;39.61381164228158;5.653228592451535;25.559999576228705
267;7;944.0430633464507;0.4939322978569489;1160.9997379596273;0.48958807183748093;0.38558148528897973;1.275259408855837;1952.9886431605942;793.5664271259677;80.61994775798613;162.1660399616091;7.574771348455445;76.55404963669388;0.4421498655197926;45.39730188898696;0.8129352807704475;0.9951470318618548;1778.6830692494416;41.39989849996046;5.892002589395934;24.861901681725048
268;1;861.4076605120732;0.48292883471983783;998.0622622968883;0.5235020361342816;0.3273279089727841;1.1789524320349283;1822.220700752936;713.1701375133385;83.91539001231534;119.02791660523299;8.54290924229217;41.61456330925922;0.39758178776898034;45.5448475580059;0.7953732186584764;0.9901776377816824;1504.8954207395973;40.50470320500585;6.418928947319652;22.584512894808487
268;2;1022.1734834733544;0.5574432618310374;1104.9257618123102;0.43367599522542916;0.41881952117952737;1.1154574821432426;2263.2929450054016;776.9982887021879;79.85569890281776;141.8250542967391;7.382007888464534;82.58980193125092;0.3980964212369358;44.49741567762802;0.8716774508941256;1.2647208034363606;2000.6939154099437;37.54619156671571;6.176633633334329;30.498335196651688
268;3;942.0973257289086;0.4898887313122303;985.4497829953882;0.5102415692154117;0.3397521840295479;1.27347307273832;1859.6260863882146;726.9522963151996;82.9837944589934;104.15441544879877;8.540281393443946;49.749840578490875;0.3695899072039131;44.7051785557463;0.4939179864745418;0.9888415916283095;1583.6318699353287;37.48586072652452;5.3141776994930305;22.880763900098955
268;4;969.2798441514766;0.48980692850372515;1061.9395199591536;0.4884613570319685;0.37942222680887466;1.25191728872042;1982.5544915925511;809.4111443388902;80.5030889077223;156.39058116999652;8.11716924469361;49.95411158448768;0.39703505020866475;47.180559485252125;0.4842626190311293;1.0023573259604066;1693.094390952176;38.05263210011614;5.957486557591445;27.00000242739385
268;5;954.6669575142824;0.5265159075192419;819.0978572682424;0.46859439733983277;0.3656236818789002;1.1355192911913778;1853.1434106931833;804.8076299306646;82.62646508298556;141.26860891075188;8.642042220965235;55.04083429889454;0.4087851930133731;41.12001932763206;0.7726830637166405;1.071729899085187;1701.5797093687852;40.3452633984649;6.068286890636814;23.77999761053288
268;6;856.9934846262009;0.4819155905766492;963.3683262631401;0.5145315411934758;0.3161958252445261;1.2774386576118435;1781.652548479376;671.7874084324316;83.78362117782203;104.69087518504111;8.794786250356292;42.899664995123196;0.3852874999135088;46.294963089143394;0.7898415422767916;0.9601107887373266;1661.4162111487226;39.1077378247508;5.833120453791719;21.415781728650963
269;1;503.5274095865579;0.6409110428437085;213.08886044383854;0.3658276191607928;0.26766309391402954;0.7340866834477663;634.2586503700738;402.3280600798942;81.07574221317854;32.34809408795961;9.776249456084159;25.081039118294097;0.34612969359102413;44.85221416647411;1.164208168253973;1.3672103238586875;638.3549427217198;45.03160446756181;6.371176012256861;34.299999826712636
269;2;530.7705795399077;0.6428794466137983;265.39301624175584;0.35783530671852937;0.282614264414758;0.6197168602269048;793.6464260742068;422.466086736035;80.5900059647495;34.33367562658923;9.7550560713055;27.429204900427457;0.3292578042873147;38.60258132577712;1.1055081886445308;1.5180088645371013;752.8042540661077;43.86874451878255;6.6898673022493655;35.013632965494466
269;3;647.8684290736694;0.5384268737535405;445.82726399337866;0.46825721802221437;0.28450693034897756;1.12720585071914;922.6119192904666;501.36614948077727;79.90192694426692;60.00140430645781;9.466808819973336;36.70577627774563;0.35809327788248363;38.857434538692466;1.0317175269742014;1.1379125503086724;867.8951209880659;44.43907739563691;5.629851632831187;34.60441172551245
269;4;1248.3738147358326;0.45506615990817556;1004.710012440143;0.5461549458795046;0.4683024069589529;1.5149897508625865;2228.846965845679;1088.0669852128012;72.50209811793741;157.50371237654;7.840264901122136;59.28297368591943;0.3093712757841609;41.78296747008759;1.0221752887031017;1.4374817362064527;2009.4672755653964;44.89318456938275;4.875370287798992;56.72999941298638
269;5;851.9630972353057;0.642238497492172;482.07586582453354;0.3637252706102558;0.4708093474801396;0.657013987771931;1091.200584470111;727.3707217861802;71.43344533318567;143.86064115428113;8.242806278609114;44.31035864330573;0.3099859005672913;46.47236881004349;0.947694703764927;1.185514757658373;970.403058252442;40.75911698104342;5.150334979249016;60.18000068586198
269;6;662.9914480540003;0.5380041456109893;392.562907479206;0.46751169127759323;0.3870855355653032;1.1790190329416113;1005.9699534424389;507.9120041877601;74.8887112826046;62.03793049015583;9.409111132657062;34.622140517733655;0.3517162399491778;39.20572001076873;1.0590080019212946;1.3323355774188628;867.8954458119096;42.27023976971075;5.029694833508735;46.66000120192419
269;7;393.49833522921915;0.5795850433850464;233.6090689395022;0.41614803906967107;0.27941038023361636;0.783534104416404;685.9194286164874;401.3948921971161;80.65298696972083;40.48665835752493;9.717033900990023;23.192999977518415;0.347211976539974;44.03397059072535;1.1013061230205852;1.1482678365913026;635.5014818872038;43.25841747119097;6.090380802856396;36.79941087304449
270;1;1024.4729324013022;0.46485507421818484;1023.9826224135061;0.5249954007700522;0.3790580278817531;1.2910242968028791;1945.7865569956277;863.1979243785327;81.98897606001945;165.3763852152212;7.913295761435979;63.497718807913664;0.35773332726843066;39.10609749374191;0.5407694939827171;1.236771653235451;1859.969163167092;37.9916775687573;7.29744245724234;31.420001270696886
270;2;959.5660390043399;0.610395371244923;1073.1228493674594;0.39901783895805076;0.37304312879287993;0.7903820878312608;1954.1875844547376;736.4628523552849;82.08434882172622;133.26517132689648;7.91452185655787;58.71987832810004;0.39728904597089615;45.83833989096127;0.5733534819760583;1.0160455603937655;1820.7080503151553;30.594624526325152;5.851432148560769;27.15000018325191
270;3;927.4933981211726;0.6197385203733868;1016.269579246292;0.3889883466883016;0.3413441428492787;0.7850494161556437;1807.7572605585215;704.4554961835196;84.1761107259711;132.76954351898493;8.095883811031952;62.17883840851296;0.4059271353392442;47.084277857113385;0.8186114224834504;1.2029137775271188;1624.192004508686;39.94448919111962;6.919338760065401;23.655168285507308
270;4;778.3207028908015;0.476902147963316;990.6175586729996;0.5350404877456835;0.2547329498251936;1.3979476798088057;1494.2814604187015;543.3645531890809;83.98139045367186;105.77913398102035;9.006759501171196;42.7381379963597;0.3883611354239612;46.72252881754334;0.6107194850632982;1.1107781825321776;1287.2019001540225;35.358270050177715;6.100323024100019;21.711000197688705
270;5;485.9749749775227;0.4536131788249984;432.1083506198926;0.5528654938048345;0.33366835209566476;1.3128786677500486;926.3014299900041;400.8025365081072;82.19839534200682;69.73532717367317;9.075490161595592;36.026399432013534;0.40310434705485265;41.30645868384235;0.7111643278581498;1.045351839785185;802.2020191584779;39.710233240212304;5.6032567488547045;28.14749960514993
270;6;966.1834307575901;0.5605929411496079;860.1403914147138;0.444211471624261;0.41596896019552587;0.993499502005923;2039.4655131821744;757.9188290562918;74.59407384670006;135.34555981084446;7.579747324669371;52.2477035772605;0.42681584709553205;41.73163315715256;0.7395269041016568;1.0197353254375947;1668.7690143636296;40.75820164133858;5.718483830204465;34.921248563413165
270;7;942.4584289930989;0.44833272362992427;883.9728126304144;0.5526339608929018;0.361102213966735;1.443795448339108;1894.3976628987073;732.826444791673;82.92353954667897;130.92711906039543;8.083618793615896;59.91319261080435;0.3918660891040154;39.110330631020325;0.842566814476985;1.30439782184111;1637.8816165369344;40.48142700812177;5.773576295249049;30.284545685036523
271;1;579.437479320297;0.611058073111668;247.56334946885238;0.39300477799599737;0.31512024317225457;0.688102885557952;709.5540085398342;493.9662297850775;79.5097557453891;59.700186982896454;9.860397583644824;23.358923520650393;0.34754189381727296;40.56172183427199;0.6831400681009139;1.5903855073480486;642.4547403224246;39.95674662121435;6.1462276981541875;35.55999778529187
271;2;496.5151491957903;0.5645671986129134;258.8001669732176;0.41941573080637856;0.3717532503985494;0.7824874099152056;795.358974461238;427.0929525823771;75.34112297436133;62.56401495883094;9.076989197515005;38.124279728087956;0.4268489081959148;48.50240108185801;1.1125235195850305;1.1034054584386959;683.3852846098251;41.4828458480007;6.822956242964029;38.39000029846591
271;3;337.31909770568996;0.5914680508295634;138.66220429859138;0.39366797820872734;0.1940007411470153;0.7410182400771888;431.4467797190553;325.75952154475516;84.10580861037971;26.761327223715515;10.29025070300227;20.106249508659317;0.32804861807994484;41.06590108260502;0.9719454996391663;1.4075668359172875;400.12484165282416;44.61498203329165;6.706432811704432;26.312510270482807
271;4;382.8962048724523;0.6406564727193783;160.60157301214886;0.3708294391707106;0.2685116936550026;0.6793845438633719;483.590237978901;333.8506317848347;83.8604525042053;33.316615501479184;9.801395616365554;22.936908954227942;0.38919050744777467;46.03355788739992;0.5330065731281092;1.3209409670349175;402.8920442359977;38.82786259653011;6.373088658618208;26.97495814258639
271;5;357.01821563949096;0.6314463871425751;152.31298544543787;0.3608864282018587;0.2069689762104187;0.6126096681861927;451.1188433438469;283.27619895873545;81.55135463891175;28.87083909265521;9.72516618333137;25.032055351072355;0.40789520841813576;49.19165792655155;0.9741660155230892;1.1961863497494682;399.06906410232403;41.74416267686638;6.274699438802231;32.08393834033347
271;6;431.6336203423169;0.6178623773586998;189.67552648321288;0.37275975097912856;0.3145587537460062;0.6898439640157749;632.7934524098494;338.00960626415474;79.2068025514605;40.10511246718581;10.049492472182699;30.09149098368465;0.37825768251226544;47.16843665986537;1.0493781437282212;1.1731978745823362;599.6777778822857;43.200550535406876;6.39067128397549;34.81666841902733
272;1;848.4257550583392;0.4525943953028022;419.2825880627762;0.5451855756859938;0.2594557038649156;1.342245997595909;1717.1679601875805;633.2189164702847;83.90725753212108;116.48367647024688;8.582667957601235;54.43707873106983;0.3387012863987087;46.21798369408809;1.1151797839602031;1.3398361382168162;1662.6648253709375;45.550368870317335;6.7004359768407635;21.260999663458982
272;2;787.6559175432704;0.45122408644162926;767.5889207454816;0.5281908652567214;0.254909235369582;1.4485871645263748;1495.7705292136347;633.8843301625553;84.38385262467864;95.93901140702718;9.056063688083038;46.32845112427328;0.3398437800745699;43.61395866291242;0.5606646009367562;1.2656370103434884;1275.10125028108;36.32023568141618;5.772401403496184;20.010000461968513
272;3;419.5787392397106;0.5404021405043214;256.57877921772206;0.44747921855726164;0.21392609664448473;0.8855626483158009;689.6561215397528;342.7528287723919;83.71401337896371;39.458530495593024;9.326489829531239;28.116279263403936;0.38667773605128153;46.542816807006254;0.5929165569888304;1.1526677425878975;604.0247609917976;36.50859279838211;6.808606076185669;19.8700000045235
272;4;721.6972755992964;0.435854599451257;436.6423378860621;0.5489580098943754;0.27642212986236436;1.3834536717233474;1426.9562420742138;632.7192503819405;83.41179742930764;90.01411417241435;8.61424598393055;46.670185484797926;0.29246260950830616;45.19068675678238;0.5916631301709657;1.4800643389407007;1073.497181802017;39.65915847946575;6.016549745472467;19.470000825136363
272;5;481.4000010787424;0.628271089340244;183.2166428166561;0.37147962948201524;0.22930631325324075;0.7209325757329484;549.0411867512208;350.88745350155915;83.1949407132023;45.57562197378928;9.321139109790602;28.64456255802462;0.3836689600305394;46.89000096144123;0.6151275001584888;1.3535304737785234;450.1469430347768;38.926844800784494;5.7828837868455985;23.23333393032674
273;1;576.3793686778592;0.5692657919345089;323.9380896234421;0.4381374787844296;0.3106010936085157;0.9033017156331922;907.1903623397214;506.8598215079447;75.5988761349825;65.6877273574844;9.287324581128809;32.96385720879428;0.34209889840687424;46.859674107348205;0.9176787236729359;1.3977806216626243;792.776078609466;38.489458282107975;5.600776353391752;32.96999863479059
273;2;1008.0391296846287;0.4402538689371408;643.2129132603167;0.5551123353619384;0.4531488154260083;1.5435700076965926;2094.624418020368;929.930521310488;72.39412702563298;169.819691143268;7.566121077095277;66.34087099432392;0.36245416314565604;37.77680039115488;1.0392758568685323;1.274287820077567;1873.5128157009358;43.72527007397185;6.235199250678129;51.750000152137055
273;3;446.7782226819625;0.6408626793986477;205.63432391251115;0.3608193454835918;0.393487261421038;0.648162585508618;535.8430750238389;399.37142712045255;73.07425888040876;54.75252839802881;9.565466290762982;28.15640195045334;0.4097442694095297;50.068711250097955;0.618310829548087;1.413301221729907;488.3654299068492;35.03394840184175;5.844885462619427;53.38999941122321
273;4;822.9829561269108;0.5533709588584077;469.14440152207396;0.4532543558899398;0.41279392654006025;1.0097068815918888;1164.4618084317524;630.0343900070993;74.80523989499025;95.77473856934077;8.271807202437618;52.07966935776741;0.4414367682727663;47.304218850586494;0.7522214586008934;1.1623860468044889;1001.8240005369998;38.2446597266833;6.213139737499949;38.295000419630085
273;5;1212.7780889713454;0.43262294144496694;1321.6518654862898;0.5597193024500859;0.4529345721166604;1.423883906371704;2200.997817183859;1015.4521294278413;74.469605992168;153.9916443679751;8.945821276472667;68.94016967759863;0.35837719502169746;44.82668270163209;0.5035979115071261;1.2656479454823713;1990.2552110128618;35.067686734880446;5.682485130050368;52.11999925947995
273;6;487.52010924530435;0.5537166757424147;396.316569710398;0.44933023726720167;0.26644136687723635;1.0799292954587592;865.07285687975;399.1506039882307;81.19585746707114;62.0273065394678;8.993797893133335;34.04827499453629;0.36620918740739095;43.08747058290418;1.0073156756635937;1.1833775827891937;760.6034837039864;40.88806549941826;6.101154016415976;31.080001425144033
273;7;616.9666647386017;0.5487873420944918;366.3782367239035;0.4569423450127957;0.29584909126731945;1.0581653559057322;919.9496882884935;525.752587407801;78.91074066016326;65.09358226675346;9.376951805593427;41.02653370657288;0.37931269802573814;39.46095359187883;0.7807914072821963;1.0778281485311851;799.2128274048956;40.90914589513134;6.847907208822322;32.58999837225288
274;1;181.8509377924421;0.493214590125326;110.19242427172108;0.4990567786805146;0.2672288723555991;1.1773990364217404;328.5960205269889;138.08931578241464;82.82587806591587;24.487414329205297;9.74227275470605;30.074511582334956;0.378919319638845;44.86270035641363;1.0732525112244837;1.2498709566383515;326.3421331492632;44.916941920181564;6.041442147296653;30.559996583272387
274;2;291.5943189333599;0.4715724407697312;188.6320651044338;0.5352067989155417;0.29141982158507046;1.2914983345255764;555.2675413294025;221.29774072673987;82.36012733979356;48.36225802506516;8.532291530108626;35.453359584260134;0.4012135410354165;49.887915281110644;0.6419470940215899;1.111334335641658;433.0191236304713;38.42813625886475;6.534180313832528;30.002206126954338
274;3;366.0262873961085;0.4517342573731724;608.2592064736633;0.5454635216255819;0.2668543680333394;1.3661285184486696;825.6329690003507;276.6908450666912;82.81565854608802;66.07792948830743;9.448891632539056;33.538233828030755;0.3816560794767132;40.30498748003618;1.0511125626086866;1.3178201393840154;697.1311809999886;43.92353396510141;7.229628886539996;26.023668598729586
274;4;361.69037974361527;0.4398460096766902;207.13740018848344;0.5701755722386047;0.264940202478775;1.4352756782899243;461.4972127238028;233.29238232260502;82.74147570865554;74.95680036748242;9.500633694077504;37.64605695879659;0.36632335374759395;44.65731196916882;0.8967180041475775;1.5368861301656582;461.61061841470723;39.11084419864538;6.808229007640867;25.47399909895541
274;5;213.6594941204016;0.48437587793506437;145.43087519994208;0.5078604142952027;0.29990978696797926;1.0881379896843;382.3750486536246;158.3576767148012;82.25767309874873;44.42875326564083;9.213322766934619;24.264729837854563;0.4056038715156733;44.242779681414326;0.8617235562543246;1.2093352970678102;326.46496669011395;40.60063954846494;6.306974022331743;27.811499049194385
275;1;620.859006142143;0.5670647750822432;390.330335763645;0.4108386852844916;0.3370951477548107;0.8635427662652063;1397.2416724475456;521.1828267115532;82.49102427224551;82.69701667002457;8.725273160118672;41.85024630164359;0.3910138612385511;43.79210464378586;0.32710904846189875;1.222895395168437;1260.2278220504488;30.356879819713512;8.04540402042122;31.187498419692112
275;2;437.7653080115013;0.5633097829947045;304.78814533729695;0.42791302767526435;0.2986065764682546;0.8646786310927919;827.7855155644934;390.64813835231837;82.39842659039658;55.37882457370503;9.704691108946541;34.202285825815686;0.41190843344314887;42.29182666228944;0.363062586666508;1.0747829929390342;770.3635537764916;30.85858910464256;7.572639694982401;31.766668582155457
275;3;800.931231281214;0.6017182278956699;482.5396071315557;0.38685180412490205;0.37934094766390847;0.73597732079497;1539.7768060633725;662.5423632239201;74.10330749617017;112.73958167189522;8.37469219450405;49.32988882844833;0.41400951354538323;43.69344355169069;0.5341559009414975;1.268507009424135;1464.5053811523255;32.76881248771447;7.553226528484492;41.0400010701974
275;4;479.9187347082676;0.6389388159197086;313.87575979032596;0.3681816299209616;0.3007896596204095;0.723117193062595;802.5405090131052;419.305300147684;82.17366975289087;69.37522404128816;9.871454641203668;34.75630046328598;0.3875735739229508;45.65872919898034;0.45158530550744025;1.156169108127164;711.2183669334138;32.947355268981006;7.195513253978644;30.62363865352146
275;5;791.7618312552939;0.4814671707708216;449.87616625818765;0.5114553520379311;0.3665248762104772;1.2934971029150981;1510.2345381107411;681.3259782327457;75.46215360890437;86.28019580823309;9.37645769560766;43.05114898337282;0.36189613592314457;46.111372511888575;0.7908829489477172;1.4434677636603257;1388.6300861300272;34.89829689634767;7.119476729563626;38.619998942018526
275;6;457.6530505580517;0.63421949967456;281.31003133076763;0.3706247556057954;0.29028014174644784;0.7591742622482406;1097.5792540822422;391.9613976179894;83.22498779602341;42.59086021304156;9.415414749164924;30.64708346330122;0.43147465337446833;43.309328865011835;0.4495254911602718;1.2751432042499307;991.7624228762362;30.120049655038613;7.664012060426582;26.860002100178576
275;7;710.7302675120376;0.4967941468673086;358.63170554754623;0.508570366126264;0.34190904127929095;1.1376683505119904;921.9446786232597;589.782723688642;76.85907874617074;56.194661433024194;9.501129937298327;36.22264268455001;0.33324892093629893;47.316810469747544;0.6066657865760592;1.5157480760956201;776.8994502044648;36.16493260916844;7.584822683107465;36.353997733971255
276;1;618.1032634980153;0.6309607535393408;346.352600780148;0.37267383966777634;0.37402755799113;0.6509842181055525;845.4932817887762;485.4148500110059;76.38425488764702;70.54549139648324;10.065385888607755;46.75880445782328;0.38721421698669056;45.950157603053846;0.4373576414018631;1.3668930339507364;748.81610969289;30.565511759546684;6.771360117088299;46.65999972273872
276;2;1258.2329612549083;0.6370748679148781;610.42414407466;0.3595039852855455;0.4791655009597253;0.6862474496623795;2061.584826594846;977.3504446615667;74.12316379409464;190.87180713510898;8.293871611013918;78.42258029439586;0.45420954923920936;43.11391795082165;0.9160506270039854;1.0643169436331696;1627.4332509874573;36.67141972399543;6.286857436835561;46.83000256721445
276;3;772.5303739344804;0.6507677818075946;347.3012154795517;0.3409529389624887;0.3638365353082112;0.6168527743305501;802.1633463192992;502.24052011532535;74.82920004036055;84.20873722916002;9.960983795281702;32.40281770839657;0.38413486484950327;47.24026252159514;0.599672541875575;1.3279604200493969;768.38071335587;37.301633333945226;6.662668832625597;52.03000001582872
276;4;1255.9958470521171;0.6437236819849691;1234.134793490548;0.37107119231380253;0.46463293805018446;0.6567639164425038;1997.6227615015432;954.6698002777765;75.14268646682281;208.6211648759768;9.124704264300405;79.19897540112133;0.43236789825031763;41.686334538942305;0.42307613625984436;1.0124514839361898;1638.2291503869797;37.605937004175196;5.678624782524201;39.66000170787217
276;5;839.6571277594256;0.5201650791395873;416.1548750264584;0.46873025258711193;0.40865485962476966;1.134343095453689;1377.4171896796722;626.4347568000208;75.32721871368369;130.94868558676467;9.030486286012037;45.54803986371616;0.35929146951673957;45.234294072144635;0.5179822622281545;1.2382275540007466;1247.8340028426917;34.30042548639806;6.950076244055039;52.28000154097292
276;6;1208.473329519461;0.5847108798370939;1375.0869524026843;0.42815904893616163;0.5136429297916066;0.9405010545083059;2262.3007950419797;926.6816002051424;72.38090314421515;181.50483958638821;8.098926562702848;73.07933827477297;0.4154358316291027;42.27234694782842;0.5506650497489405;1.2243244963593236;1795.6165114862151;36.3561169996175;5.644855581995963;57.16000012130443
276;7;1172.0787912147928;0.6753369007407948;1197.5599663605417;0.3275536645677754;0.4650997861286003;0.5578614785607077;1986.5970042291708;977.6210554532468;76.41709151082145;206.7254371809065;8.558209006693357;72.54569572393432;0.4169684796912437;40.94414566256878;0.7475345653253129;1.0239212584465365;1724.9625584183023;37.22811060936425;6.984440153007137;43.380000932691566
276;8;676.2023846799751;0.5468247746422071;425.49115515627767;0.4533089454856615;0.37689810670302415;0.9458147442006144;1175.176577194409;493.14189847474404;76.76953818112435;86.12785672036;9.614743120238968;49.378276464667586;0.395475439328027;44.00411804530291;0.36812134798123997;1.2437166761035636;1022.8144143884806;31.974479529601798;6.495530348812947;38.53999790792444
277;1;727.1019429112739;0.5039233513597298;410.6529405547914;0.49913962976049847;0.31467799788291456;1.2457032646077977;1571.3996117879867;563.3455387236789;83.27159901884171;108.53939720825541;8.37602682212998;48.30806115929138;0.3660081882345304;38.63795953479383;0.7695006567967028;1.5055405437914617;1425.9736917625207;43.04433294981605;6.868269167478173;24.361132466921013
277;2;794.7280577305651;0.4050150511553325;472.14133352868316;0.5897232437589638;0.280177879285838;1.5493874830337613;1432.288994009477;703.2788446929903;84.1649681636296;89.22529057738303;8.346103989986002;48.36513574730526;0.33855753809732386;43.630494456348984;0.9053247258667302;1.473208290323223;1195.8555356424006;44.73969941299996;5.999125860728302;22.00999942194809
277;3;410.122854981243;0.43493988769691383;272.3922813912215;0.5719988002820713;0.3040185520297838;1.3516927286002722;810.0586944425074;355.0812537616351;83.42196377163232;62.54329113623498;8.661804614009906;37.686402742143436;0.35976484696163324;39.54039088249555;0.8944795809511017;1.256608818327309;761.3768072652513;45.46259810954566;5.720180216384865;22.327999272593214
277;4;818.3928278548851;0.4772247554248798;459.4930582663089;0.5183493936971724;0.34346784687901616;1.2389277863471122;1655.0690371740056;661.4883240147032;83.9247201274283;114.20649796685811;8.876453538149736;48.7811608328708;0.39043268494871475;39.67604681426878;1.0968153869962605;1.0001795255464017;1431.520302260591;45.13270994960447;6.534019180460555;23.438997858726715
277;5;926.594178592183;0.5701572532715571;550.0577831287264;0.4387829747402516;0.351567212392643;0.9942406712071895;1687.090206638678;762.3019545409628;83.35609280859751;143.2892646628568;8.418942363736791;55.740704195309455;0.38115499139727715;46.49579586997186;0.6334754105761963;1.1614928486223826;1371.713829191922;37.16413379459335;5.510267285957526;25.96937245941427
277;6;836.9390658097007;0.4660188518411869;408.30738541835785;0.5315483640173098;0.24893489253116063;1.3956207060523322;1204.8884304296942;728.8905165382163;84.47531136671762;115.14065363657086;8.592326775523002;41.07353269213306;0.3228569543350236;42.09458508513425;0.9835381203536524;1.4777999519951173;1052.7978163060513;43.3824720536129;5.50928030115823;21.65066661250026
278;1;395.83103331515673;0.6530647484120177;155.67984102238998;0.34781318109221404;0.32656158784381395;0.5709118698035336;503.56340079751504;334.3239511286426;76.27905666316718;35.025540771623106;9.875262352698067;23.77021573940941;0.43777681516457356;38.748021963107476;0.7809551533555182;1.168872725836472;446.5828694495841;41.69431869890731;6.320124583432473;38.299996874064824
278;2;441.81566849646185;0.627798780949189;194.4677977145705;0.3672273690287445;0.31192436450066174;0.6382700773030341;553.9929166938601;378.02754460607974;79.11380351384;33.79861440389484;9.142050822489802;20.897879293586858;0.3540175229938805;45.58465027029055;0.5881237192553485;1.548653138874148;494.5298296856543;33.90221555930414;7.001128434442944;36.31999575389178
278;3;420.75782870966316;0.6200289234941231;234.06202243601513;0.37756131651509256;0.33367419965677436;0.6410722685468819;776.5049359533093;356.3504136931172;76.66503280580477;38.237813426051744;9.264492362825594;25.076081138685762;0.41147974168060975;42.09476790962843;0.7979579335496106;1.1585072850914626;689.5104069890825;41.40782492207586;7.580909632998062;38.00141129447179
278;4;433.8614366871133;0.5896362967445796;260.1812795129029;0.4150112816031658;0.3167003579517472;0.8147698096203485;813.2486370416912;389.8998708791153;77.24425889066637;35.9905740602141;9.375742412658841;23.06689861827736;0.40499985945882727;48.193730575431836;0.7269948562040508;1.2048971313646877;736.9050746311462;38.69049307779219;7.149855596207996;38.06363396078923
278;5;270.76065113930815;0.6515339211639477;118.93552717793904;0.35431562967460883;0.2524846428043737;0.6841181130197469;408.0997185375142;258.1897024371181;81.74238864734752;34.082764197149174;8.551038811496765;25.327794428306763;0.41975815217871926;47.45419466676671;0.5684240702322996;1.0960664080103475;340.36513409574457;37.46932961248819;8.26666945973328;30.867272750313678
278;6;291.6270708136737;0.6121626575119934;135.44364702714253;0.39605845191389366;0.29553602993592465;0.6848871700904071;473.9262989696348;234.57057992316618;78.54259847654048;31.60492975714216;9.210018077031894;24.420891738769036;0.3675700700855851;48.41477676956633;0.9930449218674269;1.4600188522060122;397.12619797925095;41.476578722186076;6.423216591179584;33.039999122281905
278;7;766.7275233944342;0.5470036137499302;428.8777833097117;0.4527583668079567;0.3369901319540486;1.0271129385793085;997.0081931776867;621.8606876292484;76.56378014940731;70.35147029249309;8.900840535260198;45.2178649435728;0.38236524069063804;44.972950479213694;0.5551749147697169;1.1308326006439362;908.0897013052312;41.559378950631036;6.899300196461201;42.869999487799845
279;1;415.2326164110247;0.4252681061909355;268.5214023323674;0.5624932608010663;0.2482240246033127;1.3561824939485483;755.6206487391236;345.06840231903783;82.6461976131155;57.06328853871138;9.73754575082075;28.99605882437953;0.37697215408038276;44.13639548654452;1.0213132871553388;1.5322985619900908;670.703441064642;45.45491434215948;6.204705612190092;27.94000005163607
279;2;541.2484533102416;0.4532456933180945;301.61543189566765;0.5498950511208532;0.24686069676952424;1.380146399272946;826.0195527842101;459.98658404522604;82.26474877874996;70.84840551472001;9.21205209826071;41.32753128020296;0.36656251131156664;40.89578854601702;0.835199062974351;1.6843786100552232;752.1275566056948;41.85216859975942;6.1851711313026225;28.49999925470263
279;3;836.3916698696775;0.6089657990450177;313.43838780526045;0.38326580780264874;0.2934657525809012;0.7535794462047984;865.664349710625;652.3044833724864;83.49488417926693;103.50340324415296;8.908414417631555;53.176151817911084;0.36240580153576674;45.04954298040231;0.5643852122952207;1.4929075139232268;743.0987715345302;38.97689186567356;6.485422452958879;28.16866712362342
279;4;881.7266309743447;0.50574581070814;378.9879289367367;0.4913270868676561;0.30186645472805124;1.2061225256083912;1368.3835519960855;721.1570082363316;83.55096470132686;104.72074209406743;8.769463335077791;62.39402568348802;0.32401666294737164;45.050588765228255;1.0411656577104538;1.5830128414696631;1339.7528489142746;45.25194643551233;5.867368764778368;27.315427957242193
279;5;475.72305230719206;0.44123594165671176;181.42257651218534;0.5521825345076953;0.2924857844045254;1.4010535250902716;595.3600099198526;349.4956508081034;79.34215182290012;55.33976355946103;8.276399366287054;32.20985537441779;0.37785016630929236;46.485747848720536;0.6135876403087305;1.527088326799539;439.71405668150663;41.38251833027866;6.850146954611303;38.020832168887836
279;6;628.7757641788428;0.5250606794885337;317.95208259945844;0.47353467845430847;0.28562018210970597;1.0835307764070528;879.802498306051;509.29473197789395;82.69877631792046;98.21446490470633;8.790999036084004;38.58256577676793;0.35140118703842355;47.16152443532297;0.897902810711369;1.496520821301119;759.0136721930073;41.48075848590127;6.129588839745188;28.39066552518259
279;7;578.5312155550397;0.4579243958441143;328.017364940423;0.545684523151761;0.2756436427545868;1.4308157682471132;887.7519842986752;497.3678814290184;82.43894276906013;76.148400500586;8.604180057307012;36.9082721697629;0.3344521943520813;37.68114201992005;0.6762048879029138;1.5291849305213359;771.9055566041137;43.77452733263278;7.006081678132352;28.069999163819695
280;1;460.8700521902715;0.6386125915639339;198.47593249425205;0.35777451790042447;0.3405295245028616;0.6841794876571495;570.7942956645232;391.9311731195194;75.80672863282203;58.873894708245864;9.074578134740117;33.632212003119704;0.3892761366005304;43.700783004072605;0.7545458134876993;1.440788727233159;450.400325309274;40.59564780934144;7.193806986013371;38.279997931369024
280;2;742.2815962311936;0.4169997036458042;716.1658709429098;0.5716929557297727;0.3545160224366713;1.5457321999329527;1716.4693968631195;652.1970332370198;79.15564800210534;111.57136291008266;9.396341245457995;39.31750968954816;0.3222091389764977;44.74084907215906;0.9061529387131799;1.533876977454148;1495.0346363281305;42.74648821433663;5.70550612005941;37.02000043513471
280;3;763.7908385305516;0.6422402188560931;326.98456969144775;0.34094036768256164;0.3473008432736871;0.5853913942827728;875.6617768520603;562.9852189595852;78.93647091846334;87.84627889217647;9.308769261235863;46.52030425324488;0.3606106387786619;48.7942188352204;1.0386818376016802;1.2529503846469938;742.6468558167048;41.47776202575837;6.677886321425927;36.96999718858594
280;4;984.7186245334;0.5129590511347718;707.1153441258706;0.49856827405237414;0.39515529303298197;1.139578606563158;1981.2640073231635;894.7801098538771;73.99566773062185;129.74294738022274;8.403410849149807;61.241936679496234;0.39110900983118957;39.47248320176346;1.0924765814915398;1.305764724244596;1630.312224923265;43.300317172537;5.722310283162152;41.99000220280083
280;5;385.15490249004694;0.5245581828900324;314.7822149175116;0.46701627868699935;0.27428479016393387;1.1059457869348217;756.8242605423542;315.9857767542181;80.49184581989354;53.99055211137992;9.75439138680997;31.252293963191878;0.38653843630654305;45.10121298583017;0.6167718640716171;1.3146072441677992;704.4433817966742;38.97252492047043;6.288967825188209;33.1300006909033
280;6;709.490700870213;0.4304562801424083;527.3985613733656;0.5719208708811188;0.3543090822044046;1.3755557129344511;1490.7770399975582;607.0448514995504;73.79899738293052;112.88566489257893;8.986413401227807;45.23661059607345;0.35584828113078165;38.17285222940197;1.0499731510077601;1.1654399893436533;1397.7450968997039;42.81208715891805;6.549351216478982;41.22999739898303
280;7;823.7865300368445;0.43294939634158053;512.0453055152732;0.5679837971926279;0.31588299314423973;1.3938657507636278;1050.7847924869477;635.0133929389016;76.10339732416887;117.58698656337519;9.363157295005177;45.874874419961664;0.3735374631661302;39.32636558108634;1.0488400656550478;1.3366141348161849;887.1601797734422;42.264306342191645;5.768204315522457;38.08999527477427
281;1;309.74730083874533;0.514040441131709;205.43649103348017;0.4927426219114813;0.24223827108209942;1.1864631013709868;404.7053493990017;213.84464003299922;83.80266986755142;38.49479827710254;8.617955738511256;22.625697908434084;0.3545359797694816;45.99394167026935;0.7223210473191223;1.1757407562568907;365.6087942857913;37.87791398853574;5.979078644671463;30.08810674063004
281;2;696.3678982703408;0.4492101205763009;402.233009549666;0.5497732467301908;0.3243850633431442;1.3832877275607114;888.1405258891598;518.8545829325814;82.73837025107542;112.44679982521447;8.677779026137404;38.77243254414505;0.4061904349382789;48.151722641501046;0.8334654437843415;1.23260968390442;751.1132480888955;38.88694704684091;7.206814860323617;32.10000023946186
281;3;542.1433563597606;0.5277764639197123;426.9420371716113;0.48097690397812803;0.3453840675118245;1.1346652863539395;753.7807251774425;482.43842621869373;76.0061085343081;97.51524445637433;8.421153795806218;41.53226457452287;0.3870699645315593;37.77989964284616;0.9386917724972509;1.0691206136563003;683.9720512748379;40.65261608974795;5.497821531281242;37.30083034404555
281;4;617.0265321699261;0.4111014068919347;432.9616523875824;0.5690127049963833;0.33203571922371666;1.5025481492301227;915.0329910689932;601.2098196889232;80.95179972398452;96.28224571458473;9.163184569097346;31.53260894008631;0.3157796476924626;39.91336681393343;0.8445602844912783;1.6603330087573542;764.3715151644464;42.111097536923516;5.526519096019066;35.28999661759381
281;5;372.6772155134596;0.4724598029404197;394.2415422969841;0.5357081517948981;0.32563535877837835;1.3227424467488489;877.1639631294473;342.98728348723364;80.61217612064266;57.387964996145165;9.213963537502359;30.942563091975117;0.3902112313658026;46.79286576545123;1.1220015771202194;1.063806481948037;728.6819802441129;42.2184547542508;5.67366481125625;34.899997448185474
281;6;456.07608075407035;0.4288584350549538;176.09663217252256;0.5579722705341483;0.2943452764974655;1.3665340255462908;527.2464546979047;329.90874593612745;84.01541806361844;37.087304848519075;9.554219637095645;23.441292404221628;0.335709970787857;43.15930896240307;0.7999206248095813;1.6381903647506477;466.8672324693487;40.60471079827766;6.5390138351491425;35.609999891054244
281;7;499.51570907636676;0.4563699357419593;421.7828005866979;0.5303550539024886;0.3079457675403384;1.375500831653949;937.5287271095417;381.7560464310964;83.08300223356184;52.83592398396191;9.593233661062438;31.147235442417916;0.32921800546193575;48.622170836087975;0.8308868520395634;1.3389776888623677;758.2779381487434;36.57233156569116;7.130270527438035;32.24010003716875
281;8;583.1816124093336;0.4409856472807395;481.1556088503961;0.5542444786736086;0.317313690917721;1.4212534703853492;877.8669100747812;488.06904609283794;81.91681739473376;76.5720622721991;9.260984289286457;28.223218397710227;0.2907923435404598;43.486498141557504;1.0006249270227;1.6221852036100772;786.6438671118444;41.81514593044732;6.609187646568256;35.102750588082564
282;1;305.93161173516;0.5575447919925755;168.30894623597212;0.4487311218971095;0.2680077532728482;0.9284123652402241;457.9783502537787;279.88362884766843;78.20987126259239;33.26048182136853;9.542739129283401;22.951069530795593;0.36569056051780136;42.76277825312083;0.964577058658926;1.2892426467396894;438.3007172934659;43.39997483583528;6.849151863886309;37.92000020922591
282;2;421.1239487022742;0.570357661101009;306.91559707105813;0.4287156794701648;0.24089826899941388;0.8365863207543345;741.9749288059652;358.54713618399836;81.98923994097419;62.68024030858432;9.721998037358773;34.10766244217677;0.35138476629840043;44.87311874896942;1.1527387600458223;1.2844048652723858;685.7553362894192;44.27585324352586;6.2929379773546685;32.05166644920956
282;3;509.35789662496586;0.6263749366472814;230.3527832650982;0.3699546910125192;0.4442868582382961;0.6626870544358381;539.3744723833623;426.4740511419103;65.27593753592777;96.1384439112181;8.084103644969934;48.69908811364306;0.4058794972003716;46.477210978517945;0.9625507016296162;1.122421244979286;509.5084231445784;42.07666161379036;6.1461628357402684;65.2899983158734
282;4;363.1045127113968;0.6383680733609681;115.88787473032879;0.3540729318572979;0.2596134300120949;0.550154290449195;433.5743571874412;309.69006311665277;75.38100997753322;32.32067959026799;10.012847130672023;24.02010131732013;0.3631932509163592;45.404597605443875;1.1462354585639678;1.3302870770346433;383.95111997591414;43.75936033619963;6.696366688970672;37.039997521748695
282;5;437.5736426266386;0.5273914632189229;336.4996796269094;0.4457432008485222;0.295034388080336;0.9487079006251997;748.6973863553086;390.3119083998169;77.0673761557777;52.68689839753476;9.754679620757074;35.796263031412934;0.33655476908264;39.97601595491086;0.5840925186286554;1.2365202434811677;709.6848016976123;44.386864554569755;6.228204043611643;31.889999521752017
282;6;564.3937812498925;0.6524054979219115;287.5183113744383;0.36927490317167677;0.4326437493448193;0.6693396429736221;791.9733604819822;472.2597875572018;66.91624531724041;96.97264059676525;8.745537531246725;45.43454056565998;0.361224263268563;41.67285746728393;0.7873198896621811;1.3146693370342306;725.715881169596;41.14742440421715;6.877518415020425;60.80999876019177
283;1;377.6458835414237;0.5147117864413787;310.1935327753765;0.46912183678444164;0.2759785552919334;1.0904344762369036;692.2114427468923;322.30992279180845;81.27941101522616;43.923395868745374;9.70173459460605;24.151739516789696;0.3326155044272573;43.650324671545285;1.0768912104043507;1.498090185820743;591.0609017654862;43.06701814574794;6.492811962863833;30.630832510113986
283;2;498.564745684501;0.5458092466176359;340.4961309677012;0.46343618830500116;0.270605615736804;1.1223116371629192;827.7597680984019;409.1748049004579;78.59265819200395;56.5265996546916;9.89252973816146;27.357770986982423;0.3789689149708483;43.551904809301234;0.9992492250391727;1.1992031101331522;719.0497211765355;36.51832034831912;6.793390573198506;30.330001174726025
283;3;629.8934045598565;0.45376026330237734;882.950680393564;0.5424771275880558;0.3258876358030012;1.4619203101635705;861.7868863880861;414.8737257501014;80.45301258062334;105.28788042428212;8.92289834996934;33.77136648908939;0.3762253952934947;49.42678337205834;0.48410957836260127;1.1502672480911105;803.6441905492959;36.82649698528567;6.073091189302731;31.49083383916316
283;4;821.2974925784223;0.45882646296016233;1047.451674154145;0.556515239916768;0.36844336076088324;1.4423775909708314;1665.4806203520536;722.5301175299255;79.30150182859487;95.80416742574462;9.022016451399255;49.82020372959457;0.38340242343721376;47.14931962611901;1.0152167678989006;1.1640953152253302;1469.3893380740003;38.086810126565716;5.9503023008772855;32.14237897593024
283;5;494.14324935068083;0.5397471123889341;296.3961789408761;0.4603232882147428;0.2912443385321777;1.0258891003381567;801.9600592342945;458.58701362397625;81.24348951969927;89.71608282165174;10.016457405028179;31.782512850317506;0.4271260570668241;43.75789159097887;0.5266111615015441;1.1379497669487924;684.19763164668;33.781058370486534;5.790962097118946;30.30454712966256
284;1;954.963704969458;0.5183279693557752;1068.0400024855883;0.47828138823717564;0.35523791742190824;1.2684278247669123;1899.3332839309269;810.9417543011435;81.99386405591916;119.21124917462822;8.65000972840876;63.80138573858367;0.37930591860613155;39.58808818053008;0.4911014753031609;1.2203430402660178;1663.1001425412896;36.8918993024117;6.847222085424477;34.39774645080947
284;2;927.3690463069595;0.5058803613672462;1007.9322149906801;0.489135410113799;0.3356763567079809;1.1663113749414389;1618.8191602168322;728.1976083610061;81.85773811717273;117.13134024517807;8.82297946192071;55.78429428783633;0.3656171349460162;38.53874050701827;0.8793783700154413;1.101116987153675;1619.4839850415274;40.63436471937064;5.93866204823504;27.994547141359156
284;3;400.0420245765007;0.6436468551283082;370.90746865985255;0.36543246594344303;0.2874059041295951;0.5939446724366586;846.8021225937146;341.99762518573993;79.82530463837527;88.37617979292669;8.93636265919194;23.542811874744125;0.37000150346180083;41.824582078510566;0.48063833402569367;1.1139566886632521;723.4258122001131;34.44643506715583;6.067012086581106;31.08083464062679
284;4;500.5440219449493;0.5052414169093487;581.0530576448703;0.48847418719067653;0.29734408538150053;1.2483734783416995;873.823394917089;437.25730387930446;78.58651907195197;98.49813870907428;8.86164332832565;32.60212053852191;0.3953761728430711;44.104333821205216;0.54085185903873;1.1978930890632733;756.6677552183736;35.15834078754092;7.041599973315687;35.69777899736923
284;5;760.7781804151922;0.38780140883038244;1053.543426859475;0.6026947245711696;0.32294566434552097;1.8177693582654995;1797.6610945334705;620.6926008354817;81.6228954657863;94.14885164587537;9.695415728947449;43.44695794475734;0.34412089872412865;45.61205506208632;0.6029615093625919;1.4932977893077202;1574.7522564064639;36.85480169606414;5.369816044305009;32.640001639629396
284;6;454.1355109739709;0.4249237608887046;349.3689040784014;0.5545151318002861;0.3577319181299105;1.5049860500515377;783.8604213356093;390.6277573853191;74.08640433374867;59.76038106673828;9.048208628423334;25.814767947966896;0.3324707491442399;46.300158787834604;0.6911240970666942;1.217453666987018;706.9668257931803;40.26672131722626;5.806394178731557;49.670000596576365
285;1;612.9376350265147;0.4917881351257394;403.9431305011723;0.4903949310709835;0.337031201269135;1.1161068994061443;846.8748095447321;435.27399241952577;76.10123122683348;105.86946741372171;8.287482176102394;35.109978120094645;0.34681816761084555;40.21749318191825;0.6007367940463786;1.5614692440392404;752.1298151101986;40.94672685279887;5.962230431774077;34.661997909162636
285;2;558.2316787984303;0.4770648662749229;374.4019139487614;0.5295442544221953;0.22487398820534144;1.2971496570292407;818.2780680892482;383.8027318997928;83.36464410932729;72.6090549323335;8.739888121431715;33.86643658393096;0.28934781966800033;45.66263619397686;0.8578509921025125;1.678794337218951;748.5010582002668;42.79061635509902;5.531045916999637;23.90074134622919
285;3;262.55433968584924;0.4735800112217446;156.29186741174942;0.5179833644906792;0.19562006661206477;1.2272815825032273;414.2997963921326;220.13245247484534;83.90735118517173;31.403926988040695;9.416621479784673;19.51664785018131;0.30226764745014145;43.33668637295117;0.960421531840431;1.4927398002895669;365.2045901732363;45.38160158170363;5.830725695515106;23.530734456680207
285;4;320.9542265084685;0.4173866071653443;281.5153781422471;0.5633708443979267;0.17205675760758565;1.4968284961559122;693.5360541840454;266.4024560061295;83.8654277497582;39.87345664819249;9.338571333521983;27.38027905161007;0.3417558267671451;47.245151443408496;0.7874394801468327;1.508283047093559;598.247074844186;41.97942869800794;6.185064042047337;20.019998734533978
285;5;547.8005072139107;0.46870108299728513;396.3279156578121;0.5117716699294608;0.20508957354825122;1.191412295213616;863.3535608494103;443.9995494097817;82.91349403308912;80.77332466253966;8.86602745934566;31.169626576274702;0.29481268347653566;45.93347117135548;0.9790991061363363;1.4762317741999633;762.3552269792438;44.04074937344629;6.898364899069332;21.130998588797
285;6;600.3333694827273;0.4200949818148878;634.4994911133226;0.5748495459286771;0.3425805396472537;1.6233894024661901;1602.3753349533915;550.0028156236483;79.19931236569022;102.1896355260506;7.842453834409167;55.92077207040347;0.39175630757438024;40.4422451523932;0.7284513076017195;1.3268798655622334;1337.7997231869895;39.14484938194332;5.862355904053085;31.879998234909973
286;1;399.340291222383;0.5350247524790572;270.151278915077;0.4693273842246516;0.1883335954768536;1.0251792047995938;724.6341249377398;353.3399303949399;81.46862002461565;34.196967020511295;9.849647453429897;25.39157450648838;0.3586613440299016;46.01713276159171;1.0301843516261513;1.3305176146272424;633.2232576715783;34.4170791587505;6.827439641130935;19.409999615115833
286;2;392.5759231611664;0.5451467583128234;284.0105784066824;0.4601369519898525;0.1984910218203058;0.9828035927605172;698.3778185635267;308.6911564886544;84.0255136344864;47.30148603495928;9.350275974489747;28.570928225451897;0.38198911677496256;44.59977965554617;0.5970954065865212;1.3755010714281901;597.9307413051049;34.3240397907557;6.185510361932006;19.34972065671636
286;3;604.1610684246806;0.4206739934073949;511.38724058003265;0.5613213239110677;0.21096992543794976;1.5213166502110884;870.8653859452529;500.34938008166813;81.85631638922273;78.66569725471253;9.509272570906825;43.19675348961455;0.32121844550020834;44.38569362419596;1.0144492328401105;1.3561006933311952;823.4559490177251;45.061935262381205;6.338584931160087;19.880000043501994
286;4;776.7899952215771;0.43539485043233817;1047.4005625004943;0.5641705147527704;0.33582389395616663;1.5207989496075571;1830.7393980142278;583.0016273201967;82.30381650913674;128.9438670718651;8.309685677503964;72.0050812219349;0.3429591195566959;47.32424641582296;1.0738144732446309;1.2455873035228777;1571.6961574310765;45.44253483094454;6.29916903727674;21.972332594481554
286;5;796.7183703347031;0.43740609072282277;853.2301261102624;0.5594104967756206;0.24204694411622169;1.4334487881536166;872.7259989638171;559.8214673055171;84.58651282861425;81.12216110939792;8.834628486792232;44.251751916000075;0.34999136141330034;47.18812336295446;0.662442037824054;1.2203382232761064;738.2792843978494;42.34343059157223;5.916321458515453;20.60083282493292
286;6;571.8636775599788;0.46931295094501235;946.5392945511554;0.5305941006374197;0.27801108538506375;1.3180407914174395;974.2850379166343;457.0967131552916;82.81687608481066;72.91644699279733;9.655085143052426;41.19647312803177;0.3774086980140833;49.20846049813893;1.0228347026408562;1.180238989059286;874.9740290405991;37.472305112180905;6.209499065774994;19.969721476238405
286;7;710.5295934910778;0.4104748278020358;846.31615145721;0.5743360289770091;0.26903670624303716;1.5345158919449728;1578.194266986443;616.2049716277238;82.24711086568752;86.50054933508616;9.600103230987825;44.023170213106006;0.3321524916826926;40.924918580805176;0.905760760060131;1.410920469977946;1311.218638245955;36.02017874786908;6.688488839906314;20.899999737333218
287;1;558.5727055309123;0.6538151553903525;255.08861768629922;0.3494196638070432;0.3151378092637003;0.5597513379010519;752.2057471292993;483.7436506201975;75.44146935840804;33.61055708818462;10.15186087630714;25.608770951552586;0.34827170927604034;40.769185653131316;1.0369681952502587;1.5233376892557717;737.3013827423958;44.733959631727636;5.628099129858203;46.870004264028964
287;2;636.5521032678458;0.6350268802877599;298.7669505307026;0.36540443055291794;0.32366350519861037;0.6136016149296879;881.011148783049;536.5789393626326;75.88877039913595;35.20834272003022;9.760759426482595;22.720238636353045;0.31875174576622356;38.9935140327312;1.057655817969894;1.547009708290521;806.6176067539609;45.62413915720545;5.323696801690644;39.42000102146055
287;3;619.9571699186552;0.5312095669340031;460.35999609315166;0.4594435610374713;0.3334417556249376;0.9310749758985882;1423.2977140652854;522.9604063231468;79.01105343885688;76.1555484291694;8.572860835695966;36.45087287562359;0.3543053556310776;36.778937636597334;1.0952080920153717;1.493564126054158;1347.2087322183238;45.71234798886827;5.481421911412145;36.83620388983923
287;4;384.48038860898254;0.6800404752335869;173.28136122280284;0.32132157406079165;0.2820467304950059;0.5280940559624605;455.65683720244124;294.7193280422846;79.72742402878325;33.55894012221349;9.695034420878425;20.54479510562922;0.4241136716079068;38.92312950365102;1.051226397219148;1.0533472988309136;425.72418166692097;43.32895630452677;5.322953271827217;35.623468298428236
287;5;640.6895741562583;0.664998602282447;358.6782369370267;0.36545611732611916;0.3021604440093543;0.6553662099096419;875.0176408537715;481.4370241998934;80.36596061392007;54.21743845351996;9.297784193375326;34.2838562420819;0.38802687232000077;37.336584993946275;1.2031548332477866;0.9448729584894322;757.2949627861018;43.53458989239788;5.562408383530018;31.79000050924337
287;6;488.7589551700206;0.5568976462942872;336.08056123140653;0.4514513984550061;0.31764265202868447;0.8426306869772182;1013.4103696261883;429.2705565495562;74.39193863462147;55.34675321519204;9.53791043801854;34.4838510884657;0.40912860356151376;39.79935832398558;1.0799895917192408;1.165560927274464;923.7010952913566;45.17178809522106;5.231506831409373;37.84363093279286
288;1;509.6699304202422;0.6329920412501241;286.6478917447288;0.3671828119651649;0.302558757848159;0.5990343392767576;787.3002013786041;445.2745287312327;80.24883583631498;55.959836361648414;9.86456338190873;36.630033690903744;0.409642575800367;47.65073805941004;0.6507894754109635;1.1951255379373487;722.486475104846;39.441521579996895;5.381306451704745;30.441541646806172
288;2;327.4942835066268;0.6298986067128316;132.09276924904373;0.3689288343965249;0.22582043803334084;0.6277558220494729;395.4342602385505;269.99077816632513;84.05694406329648;26.496587238342112;10.3334507494472;19.9098733486796;0.4411054990800072;47.653505761793255;0.6402367115981972;1.1663027098458487;361.62873007233395;38.8227921492244;6.13812049012926;24.628438161077696
288;3;338.1815427147179;0.6023314793363714;115.97942980267275;0.38736860048783955;0.27791094316704185;0.6980796784032327;350.87649071062;341.6745303080565;84.53969207148185;25.995987220664283;10.438665948530456;19.502921393928837;0.34663962275047766;42.15682677674615;0.7753047782254403;1.609669743183404;321.4685236286377;41.47440770334067;6.073530972514695;30.143075656838082
288;4;386.35456330338195;0.6506209115869592;145.44894603913488;0.34863991936543165;0.18487059118279434;0.6070054671645285;470.2881667136385;324.55625920472403;83.79086290481462;31.461841289011836;9.821644488280768;21.51187452488532;0.42839097460710834;43.19825853027174;0.5976092809704479;1.1734333664533676;379.80476818259666;41.46278893531944;5.595140609404764;25.208001276995493
288;5;620.1891986718758;0.6222308574503685;235.22378422524565;0.3866934437126037;0.27105368545578135;0.7385592180202036;841.0405612366296;542.4510483794456;84.72185020292258;44.54150394115855;10.443102012308737;30.100158325048795;0.3597060629391937;41.83612058823018;0.7443310055937373;1.4945358312419592;686.8275022769035;42.22834681490814;5.455271053858685;24.285425682165183
288;6;689.4058854167024;0.6169151170264096;331.2996751745291;0.39850692965251466;0.2779133918090871;0.7411042911144801;793.9059794498291;594.6220585865825;84.02607299849517;62.58552201119869;10.093372268101108;36.882012908763556;0.3441015448907107;45.01089608096762;0.7508507706305485;1.51843689279074;771.419044917509;40.94596623377904;5.592211711370671;25.333962554153203
289;1;373.59521307726413;0.5449731246907962;345.1534714181634;0.46718945960997726;0.27173823439401873;1.0124737767324883;715.5623748387006;326.9885581084068;82.44333672095898;50.675757341102496;9.498650623501241;28.831421353703234;0.3683155394869165;47.25824988394211;0.6047121825336539;1.0852331776059212;627.0388251816341;38.00733690088588;6.129772135424588;31.998009743890336
289;2;884.1097954525051;0.5238721790520995;582.9720363287266;0.47475802533168426;0.43732091108308446;1.197685892537527;1045.6479264870409;783.092256809578;73.64128719171804;93.99491880965698;8.555292215165082;63.593697471101386;0.3211462282784959;41.63698800557724;0.9182078362547924;1.6827029218685292;863.9052690382457;43.2854411414186;4.84736363917291;56.14999682846521
289;3;1076.888335774247;0.4874196867160277;1160.237571702204;0.5151239231980702;0.35820403804318823;1.1500656428463054;1867.100212985756;845.7225313047711;76.42022883917868;129.70507937865827;8.768948410969656;53.518014398558115;0.33311864321191265;44.57955345128095;0.9288909560054504;1.7031314081644706;1749.322238990061;43.15577742853429;5.0182331482394495;38.61363158526075
289;4;895.6229105023097;0.5400596147642215;454.63261428302934;0.45617407082607797;0.3557512007040095;0.9368034691525281;900.0717563121017;685.2370854247555;75.5007877221678;104.72050899741109;9.492266717593779;56.915659833988634;0.37016964556035903;42.1782371132283;0.7345150665233698;1.6609622206957422;799.7925507311018;40.58296217193494;5.379313074549339;38.986247267866545
289;5;516.1707040506955;0.5235715291318359;344.8406207379555;0.4685545304264139;0.30379096369956704;1.0876386152360413;874.8413342663625;430.22172671217027;82.55356193430133;76.67286944699163;9.059598097956046;31.940364340130365;0.3129790672455059;42.089888833913875;0.6844981397487732;1.5266010842039401;762.7175833746342;40.51840558389158;5.545787738066299;34.54999886962595
289;6;1003.4957254676729;0.5087256849317661;1010.0228835444944;0.48719794975205294;0.35218119333510145;1.0866921237873979;1644.3327989560196;709.262140898074;83.78748372641874;98.13178936608386;8.936603780788055;56.466014948704085;0.3221778894880837;43.63984741672151;0.6294267008796239;1.4939915416587144;1441.69390503;40.86235005630665;5.311170337998074;29.35012603369082
289;7;970.884153237751;0.5185819030131925;964.7465904357769;0.48572735890208973;0.34217078737090445;1.0932720817906498;1890.8797446820258;756.3565852417619;84.02938876578533;115.43767332652115;9.033316413953841;57.44558191501799;0.3187506285879379;41.44818315124655;0.7239511213279936;1.5511326651269155;1618.0435512628817;40.61345678997413;5.30665588453862;29.626668243974954
289;8;824.9116729865713;0.4662474740991568;495.8680704913735;0.5528895501110491;0.4030816361585818;1.3965483117428013;969.2495493938148;602.4459189394331;77.08606394993286;100.77496675557157;8.822592500587364;56.61244032721278;0.345282001523948;42.894152771095314;1.0028009432412452;1.412821755547856;761.3310878153286;41.00562794567833;5.136076133513951;43.65999992985164
290;1;609.740866881262;0.6011341353628055;379.7260827092668;0.4048326820961505;0.43867290302126266;0.7275230592616123;964.4340781085602;602.9561256093474;72.4863601214467;63.95807761060388;9.330250979236823;47.61053444023749;0.3517634650200977;48.750387898748535;0.7900068668416625;1.5391966985097187;821.1609656402044;41.360560508702605;4.840451037510721;58.849998599070084
290;2;685.9291879160382;0.5775780761640373;552.3641047139072;0.4324407371768717;0.3448452932756289;0.8474772991499229;940.0323834818964;609.109427370167;75.84629310384322;100.41624083690596;9.047839292743513;38.999866910205846;0.32056262433391197;39.00586382383016;0.9664604895716719;1.6836291758087076;827.8631837545051;43.77037283316035;5.2416230030843325;43.400005022001864
290;3;775.3618905805447;0.5483834749779725;664.2868761328172;0.4614464945415818;0.3541240990534393;1.0079185137167808;1739.07209360765;725.1811056857758;75.64453423009911;76.1058195455119;9.824166291993699;40.66212764153424;0.3288924894368849;37.58655031229774;0.9782783261371573;1.7994446661643273;1486.6905732115813;43.77288167190697;4.853493634974859;41.55999936602629
290;4;469.45051328302196;0.639832179681441;227.97093773615995;0.3530545225535192;0.3125295242066901;0.5730885074289899;718.8387545917232;410.3526644909208;76.40651505223956;47.18576098329628;9.777278638168154;41.60425032850659;0.3769059347865719;41.114446618137684;0.8264555652177529;1.6345654680181727;669.1535926274294;42.53547889303367;5.314726906746177;42.76000345515247
290;5;460.5152773425527;0.6395040348468566;201.89770665767293;0.36212543974412187;0.3846081583698102;0.585201948427106;474.82523446883766;409.67613519979636;74.32777024068918;72.14491353846319;9.91631989571835;41.73131735418043;0.3966158094899444;47.52505600691689;0.7768541160566309;1.3576013547153771;447.3937813253779;39.72449826935575;5.239051646931941;47.57000103708917
291;1;266.369212278245;0.6200202250561031;96.54220558855418;0.37656079781423474;0.2713033192354517;0.6438984153604502;362.0028411489217;270.23316299627606;83.38469150746673;23.766216145869294;10.599031311665522;25.486243634732393;0.34233986390402615;40.83731772544686;0.641062227485374;1.4985701850232005;331.47905302577607;40.398396479865106;5.224545157035906;34.839997883284845
291;2;482.46893753376094;0.44607028602140375;293.8896471093128;0.5408265422116125;0.20050957645031084;1.3328964273744914;702.1257035175108;365.00726907279517;84.08668699837874;29.597254644898793;10.12029824060671;25.91065959819014;0.2962483166339792;40.603726643160684;0.751404993762474;1.7933700746512067;629.2820323682373;42.27130526759839;6.368224509360999;28.861763222449454
291;3;418.36324516293934;0.44173866355989583;256.66806011844847;0.5511699341114102;0.27179778403590266;1.3115755573782797;728.5741075673417;336.85683220312006;83.95681664912821;34.973204958689195;10.140457486692789;26.03973869480229;0.30726836006861974;39.600848396263686;0.7807717342735205;1.5639348263272776;699.0620583906585;40.98553033600059;6.458576570766889;26.981834001047254
291;4;605.5085787050608;0.41816946983426895;336.8374865446999;0.5706968164932763;0.3186689120032589;1.361284982853532;898.1514673496771;439.86005368090156;83.50743282343603;60.37675350391777;9.104478362865766;40.8002935964947;0.33382525936697577;43.424378959296895;0.8057576514357053;1.5275722518930008;773.557696360651;41.33508174520557;5.086747993348602;29.69083527591926
291;5;244.99045015351294;0.6276018203297093;93.13606629539422;0.3726887327127798;0.25199857781684326;0.633319713731637;362.05666994177955;204.01582930407392;82.8049258913975;25.278569183899357;10.30853470863689;20.711006968142485;0.3558019984963011;43.949340924862824;0.6260465813520052;1.3699305799957557;333.800711249763;40.057113505478654;6.445246227572488;31.017269431164593
291;6;173.98552668897065;0.5625694574410185;93.39441613457235;0.44353734233847747;0.2593767117304685;0.9100407288820827;351.5367033771761;146.9500347530149;83.01879576554492;22.8763303719905;10.348513896738034;20.914153669439767;0.3955955340197616;40.695644660121516;0.5361259666223324;1.2162248782804888;321.1972559022648;37.31280007484014;5.249211264877607;28.680573436709597
291;7;633.6815779999945;0.5051672349967284;358.7371935290861;0.5045031511829;0.2883035706722046;1.1198011608748593;837.6008496683437;495.62541671081766;83.38098266265591;64.59149323935274;9.298800752373742;39.652012591276744;0.400544154144412;46.44267707430696;0.773094354098895;1.0055135250680813;753.7924470748819;39.54370358706919;5.335445488070981;27.26266754240311
292;1;305.6587783754457;0.5679757080511737;128.49394129667232;0.4302885730689179;0.16223387646692625;0.8421873896305194;454.2856421254703;284.42566081738505;83.9985255359902;28.01428611969688;10.12677084315751;29.78944372814192;0.4042336776198763;44.26049593989017;0.6566757417393737;1.2848119639734006;381.91931569418756;36.62063940165469;6.284832530686938;22.664392964918793
292;2;1141.0843384787017;0.5547718557716599;568.2128301550216;0.4712660669758543;0.38142905574045444;0.9903445760036883;1944.024409051167;757.9766127243732;76.23766136081127;133.80809184891135;7.97412671648127;86.76648681784356;0.39809783204011046;46.48429205243603;0.8707136890995331;1.2833413686968203;1616.7318128187894;40.28366939015206;5.397910874187376;31.583079068772086
292;3;653.5510494862277;0.45751254696400045;365.9611234638826;0.5528127212927377;0.28957235798319586;1.418296015647824;822.9246863108231;510.4365920052691;84.39522342167271;79.12018523746372;9.822183701627646;45.31305597994752;0.37113180877515317;42.201160790296264;0.7371190866829557;1.2726064346141532;706.9546282288406;40.66769041620793;5.688762320833709;23.82999895467032
292;4;336.11552880620707;0.47655800086485295;130.1051338237583;0.504301041774321;0.15719761005360522;1.1785958214791008;548.8383217655655;256.71643564531036;84.4251046742118;33.55033388741915;10.014724953623595;28.773849755483617;0.39246539378702056;40.73875255981252;0.6264914022917799;1.249162282689358;469.90742421476307;41.17036513511588;5.511549607160741;23.301614765788464
292;5;810.5570819960028;0.5277411321056529;382.3513600534033;0.46848618100618816;0.29511412750474775;0.9533614390345959;1104.8225643153555;598.5796119291263;81.52068916787368;101.77857041054789;9.375559100996064;55.64279205899875;0.3830705557297923;46.19511617585462;0.5270735293308586;1.246564514967856;1003.1614516602735;37.45819152012154;5.487967453074069;23.978748017783968
292;6;986.2990647205514;0.5148523210152234;765.6484540512677;0.4887304082128179;0.33750124064392995;1.0201833337409314;1783.4605255341185;728.0930502681409;83.59632639387986;124.32349015100654;8.305856468120878;90.43298971250755;0.3386019010366064;44.960140036566855;0.707959457888366;1.4559473734449464;1573.8991649110653;36.4144834038842;5.576329645603027;28.031389245075037
292;7;475.24039851639367;0.47276472514833723;282.5684335682516;0.5228214558206635;0.2649632494362784;1.1434904351809;1336.8219401690599;421.1403453115651;83.83547931972264;47.727690454430174;9.536824861739237;37.74517533793572;0.41985908422715335;46.29083697782879;0.4348490206472295;1.0972257144481379;1147.8304420766945;34.38727505775917;5.801855698972241;22.149999637967902
292;8;770.6287491401249;0.5610674330765284;309.4378690820884;0.43077794562940674;0.3056448169949752;0.984473047927047;828.6168151001132;604.1095119759015;81.89850336292373;119.38499175307443;8.433766764815612;57.57352614829361;0.44429430299008155;48.13942211365076;0.7479387508328488;1.058110677320164;618.4592696676762;39.11249570240668;5.46039079317521;23.558831334357933
293;1;460.1699996825692;0.5426116447138986;244.96325708228625;0.46637472452960393;0.23585201302443026;1.026254777127214;673.4898217295902;392.8285307636432;83.66273832455839;42.58029272624816;10.415929699135622;30.294409795719908;0.37196367807318664;42.906398850128795;0.6341102265134124;1.2070957886216223;625.5639453212167;40.66135386873479;5.994941856406223;24.890888851104148
293;2;589.6717658407035;0.5984002882944863;267.2208933194123;0.39653890662402236;0.20334641174253748;0.7521968441340253;743.9976330799227;473.9001003291621;84.09277440767941;30.60348853316759;10.830045257688253;28.055466638227536;0.308640341015174;38.00996405047158;0.7361187723061863;1.6906846713244474;622.454123943852;39.178880078566976;5.679164937343195;24.459997303528844
293;3;642.5062849843171;0.511065384539448;395.54721479152016;0.49034937745095675;0.24347133377484684;1.095061379694888;835.4310989412444;526.2130663073249;84.34321591103043;76.01034103074886;10.325625062314236;50.03548982385365;0.3932047096959635;43.088112463433866;0.7876388278273333;1.1047019577120563;807.3961127665217;42.07789309216877;5.366630582343189;23.390602488842692
293;4;810.0364420365241;0.550285680491821;436.1545852386696;0.4475183408400236;0.31350767118349065;0.8715634789992028;1023.5237428825653;608.057973090671;83.3140930045788;73.62973776809663;9.63257972928904;55.28406945979988;0.39783702041033786;40.31198201663045;0.6402185526967547;1.1627903653593668;959.1891286411691;40.976413333602984;5.479746291169252;25.677070416704872
293;5;767.4882712763206;0.507057433851492;410.1105855031292;0.49288481172029863;0.3139538679461131;1.1116571506813175;1340.0842705233931;569.3120854462009;83.52019298588239;86.60664987798526;9.101822687492152;56.94242110200942;0.39284353574037545;44.28822690447072;0.7590163612379754;1.2447253783099113;1171.444918661875;41.19391047927768;5.405310021363645;24.810001386473118
294;1;311.99168138553;0.6384237485177142;119.78970783634419;0.37274631302106975;0.1957367123540673;0.6910880379349027;399.86032672041773;264.4192560622767;83.41662716016629;25.24359273810731;10.014406745453982;24.126727299452927;0.4403668857691075;44.58076491645876;0.7303511996905496;1.0463674890256933;352.9056462640519;40.49922920163865;6.21797961930143;22.88749965755944
294;2;536.6307253048295;0.5364387546936574;325.7955213396776;0.46221990880080693;0.19536925760898652;0.95163835272684;685.8574671912913;433.4180520120719;83.46049194737233;44.80199582112749;10.348987383782987;27.32797025361969;0.36183607750074587;40.791313669895644;0.7397617347699028;1.1591413248841307;634.2099333824069;41.88774110163848;6.008841963633321;22.950085347534877
294;3;471.26578524891374;0.4613703085515153;344.10090409699353;0.5358953212258948;0.2437481651081113;1.385688093669907;780.4007242570282;378.9068182242319;80.4305701078963;58.53589731318392;9.74571443564561;31.19403201235838;0.40401651822603574;44.11608637041716;0.7669074531629151;1.135949011080997;688.2681577641596;40.978521612537534;5.852544488329424;26.35799964035285
294;4;810.4808775671823;0.5299690012037985;706.4440858464814;0.4683111195138096;0.28097519232600343;1.0344176942065892;887.4842662644296;563.1569226588033;82.92438039282192;92.51881803890532;9.0885710502534;40.75343062499642;0.38807066765627674;39.337726734964775;0.8915992617936361;1.1205770215251583;712.5672930226289;44.96754595860939;5.644882022923479;26.56454572522503
294;5;974.1716074724047;0.5143883103842609;607.5724243238075;0.4818290317568281;0.3490661736383446;1.251347594957149;1916.5341992370732;725.4046679244718;77.07046008852136;126.47302093650244;9.450352661496447;67.22897169349685;0.3980845182670623;47.05004323293366;1.1156541231548995;1.0547204322917623;1724.5909996742175;43.5202086955674;5.485565445605473;30.81307841952055
295;1;475.2458564103025;0.6044510412961424;247.86994217999407;0.39238843683566776;0.3283807042138882;0.6855074073641776;783.4567138481038;388.63149041761176;74.7488505334301;48.22237669781549;9.842092084020624;44.14529296390823;0.3567154829974507;41.79818522829769;0.7195274013382265;1.3443678152933836;755.3276147185254;38.15563656440361;5.968117317348254;37.65941055808355
295;2;477.27502783659236;0.594045979699301;261.77305569412744;0.41322993477942804;0.30830823550727826;0.7902720741940928;818.337409242769;372.4292375140296;81.57555687514298;53.85280271447433;8.614719126675862;47.42176663076962;0.3910264651687821;41.221872351293584;0.6415474404132658;1.0989025148807072;711.7710839489779;39.32391880157201;5.747239151748369;31.996667185487176
295;3;473.4242276410473;0.6059064430889858;245.7492750197189;0.3996411823856818;0.23331527148232936;0.7207164248990471;712.2221346099938;389.0372549411509;83.516290699734;30.323144975070658;10.110310935037502;26.277408613142285;0.30062289569631;44.215896689886584;0.6446611320713156;1.6082650992320842;653.4693990900532;41.31388573714837;6.021507370510856;30.455833316278337
295;4;290.6540096432718;0.6392239701404646;172.67233881991294;0.3559049444979829;0.3128049281932692;0.6143956657711562;456.4621740969157;249.16662264675313;78.09828313370605;34.29901221935621;8.620794520821867;30.904154865628346;0.4124763462847397;47.07650134358459;0.7357380475775641;1.177048712264936;382.036689160576;39.23194334726691;5.926287700166119;34.534772348516775
295;5;376.9042818894721;0.5376083013287843;255.6731505913;0.4503741345283472;0.2717588462272349;0.9435891264682014;704.2093329040566;344.0881054052477;82.05059201540247;38.86450941765081;9.59235063410861;33.8603408033314;0.32848780141613304;48.29983569169057;0.5929776996849291;1.2846783151858412;672.2803402619699;36.5076585326778;7.1075325901303055;32.802272472211456
295;6;444.44477315230915;0.6389318314626609;211.81541957062873;0.36948780753512317;0.31024049387484276;0.6093503979316225;529.1403147168398;338.3696826830366;78.8161139737661;49.38049530943694;9.696902316728641;38.123965425402055;0.4210866339400283;44.07269022580816;0.6157898956849152;1.1105530188452708;445.33271544779774;39.399907456154516;5.264539292788938;33.884665092296075
295;7;328.7832925842709;0.552675838101943;172.00997156206355;0.43301791703707504;0.30413494338606906;0.8153634787539715;481.5374863480027;276.24788944839105;77.97189809091306;34.67454049536678;9.367291754234651;29.656809320014613;0.38351658817795115;39.83525222246439;1.0787937526997775;1.4249740612599826;430.57316024881106;41.67266614557528;5.673916177339361;33.16666693748846
296;1;325.93179190937144;0.5080131616998309;235.21675282426776;0.47738265250347495;0.39620170442793345;1.1096132106860628;1349.2798126327464;268.3335836922673;73.17370757927661;40.880096036220564;9.224662546822087;44.18316060750251;0.37924124459968506;47.98860875376999;0.9551267176823427;1.5200284696938635;1175.7337746851656;44.09636707390804;6.177072784740091;45.58000217528965
296;2;283.199915851562;0.5089083767552606;159.0836053489582;0.4909345476471168;0.22469803309004632;1.1099706227554251;440.0385974825114;243.31851773839765;83.84703749605873;31.900136910438803;8.957282124798741;24.390052325294004;0.4237788127027724;41.99538338941542;0.5891535556094085;1.251096879006102;383.4990643979048;39.28021901011476;6.6423287761721035;24.83999882052467
296;3;493.2167277652349;0.604550725566241;275.1220912789871;0.40159627378363527;0.21879621952298667;0.6867114906442986;721.215517947334;422.8819580116965;84.0170380611095;45.157234261902076;10.055210926417452;25.89563234998223;0.3596831429630388;42.168916214608274;0.6020862452709295;1.3016455077738944;594.7907949937471;40.95415767282091;5.512544208624605;24.73764083403168
296;4;257.21172621558947;0.6138801651399876;141.1552262219079;0.3854466525499789;0.25423777529828584;0.6824388051177843;417.54575787425324;255.97950662168503;82.22273160715538;24.145709180586934;10.29130565244903;26.584398759308304;0.3693478605462057;44.68587856292695;0.6427580590108177;1.3857823871427497;359.4424543251322;39.47214806373105;6.136715691647446;30.15394043942586
296;5;216.04378100812679;0.6337951044566563;128.11452263155977;0.37242761170345573;0.2336724553841071;0.6214030147426676;396.1836958198943;209.33158560712803;81.68721939780511;25.34410934017737;10.173158432363158;23.32838135952627;0.3673280785274954;44.09092537710314;0.6260701300046096;1.4143303686240842;360.6477714376339;36.15396614048291;5.406995457426158;37.86999813004606
296;6;296.89314518947396;0.5478911343747017;119.43450078530682;0.45229024293212217;0.1850597945089601;0.8996283605801657;419.1798343756953;279.734776887326;84.05615319496684;27.001835308621484;10.132589778778197;18.796197959641063;0.30010842118767905;42.40914698014991;0.5239767059239553;1.5745110744113533;381.1784781806336;39.69680957438611;6.068945156534963;23.812991528282026
296;7;394.45547774905367;0.5915073185492106;153.10693556408987;0.41484522308768046;0.24038885479164965;0.7527798353976138;557.3017394049824;355.631698277912;83.84852624475621;29.57325591222315;9.298201843592295;21.349356286339656;0.304896836871197;42.35190848220325;0.5667447804605112;1.803156987063018;523.4286992022305;41.74813116367504;6.146213896528002;27.099967048844736
296;8;376.1290637436089;0.515031882314012;210.2253441715801;0.4635865435863685;0.26745608718212377;1.0082970793254087;631.3384611929728;307.8023550709879;82.63427244477492;37.36519844781502;8.812132318003107;24.645048184773174;0.34811998448014164;43.88187580663996;0.8209869327673665;1.4440471599250588;558.1830831057823;40.63674473007827;6.721624466886467;33.282272524821956
297;1;469.7263256247529;0.5044592433358904;323.7425090816357;0.49383510495662536;0.20751984328131448;1.1756244510465683;683.5580630901156;362.9399978934791;84.69638560410402;48.34805485834775;9.995328887340516;24.01521321433478;0.2931205364798977;43.788280486172006;0.5745506820763812;1.7376318938000535;611.3553241330745;36.30557932024451;6.7290461818316585;21.370001433651005
297;2;527.9696401745031;0.5026217144414141;337.2715124302581;0.498608602406431;0.26761595698880536;1.160929058175716;764.4190860004996;490.44176658257726;84.0955893978712;53.59891132090218;9.74860137245404;31.902870854387988;0.3190771953314102;48.324268677515185;0.47465355169124784;1.5619462820005054;673.4253921357611;35.71681464116612;5.796659938824104;21.460002206651613
297;3;704.3220205216244;0.5229667588245214;799.6744875547222;0.47987291014533384;0.28628239588878707;1.0779626021889965;923.1700829203389;561.0926411195046;82.85951774380213;97.98743774184321;9.950108119602262;43.01768942570556;0.3714959427613613;42.79778150790606;0.7107160176406461;1.2639959222622001;938.4013400180053;40.30354099636003;5.5307040247502774;24.15929359812062
297;4;824.4715685836189;0.4024575469820897;909.0380178324128;0.5804820263068993;0.2693282240174801;1.610026192824999;1472.8675695128813;668.3108286465175;84.39896183089778;73.91201602945253;8.95651467388182;46.453235126752745;0.3260120086544827;45.78524619403195;0.6636360687571057;1.537407022793942;1242.298731751723;36.62028658070276;5.717793914697805;22.2187491643703
297;5;835.5144211185411;0.513416185469729;478.36194400786025;0.4879078635613516;0.2936070062829679;1.084199195083587;1116.8906785081358;615.4178374274611;83.17779092863668;101.78092752681344;8.756596706130505;53.774062467336854;0.3787859070772485;49.88163321901619;0.3626531817091832;1.0361228725984284;1065.5775057903966;33.69236231653385;6.050498300694918;22.140416335379133
298;1;660.9910930480002;0.5244837806574058;330.5950089734145;0.47706484825838874;0.2891908878465991;1.0448763434956134;1187.1664695488114;487.6617365925308;84.38691412501105;96.64660051942765;8.931820184588009;35.738407102437534;0.38619318295725763;38.35601764875264;0.9590380417167117;1.1350623270733058;1106.5376177246487;45.83470621766669;6.2481825877951565;21.220435737288177
298;2;466.73020609686705;0.5274593370075064;266.8314539159069;0.4782098330268203;0.2382087422380239;1.0786625340539295;690.6635507691498;348.2588840387141;83.90988035420263;59.40345558603434;9.633188126948605;30.508419697264006;0.39037667383880353;40.072088722324374;0.6805156906265927;1.1257683497707982;575.4416299686876;40.430433541195974;5.5712157854868725;22.022470354246558
298;3;251.226585698161;0.5358871529336;169.097298717386;0.4701144512298803;0.1731541897359109;0.9928126624481558;386.3373712530255;208.70458967765057;84.75723751466603;29.96352655002842;9.308542153156408;18.396818515504506;0.4325792883826711;44.75343400016996;0.7832078522970367;1.1143238077208961;357.77104634199304;37.54056509503916;5.899571213336204;20.620832609387026
298;4;249.42489688815965;0.5224238048220923;129.35323051081937;0.47300703027031715;0.18200334048553335;0.9688043320190037;385.8477594451368;205.67822800818016;84.57054245525762;33.82403742886948;9.884894582422278;21.80022699704853;0.42840198315940897;44.51646088175523;0.7587554851227167;1.2064540995641422;360.2898450861854;38.129770606647725;6.173644206040489;19.869998768714872
298;5;408.00909488244287;0.5613659063381651;283.07046722407654;0.4378384049456958;0.27071423151961926;0.8724338674862294;739.3957501152374;331.14514754998135;84.58648575299321;50.76447531623482;8.607647543638162;32.51093935844511;0.4306440027340971;44.62794063317204;0.7033219183777258;1.1539787800916135;639.277150505413;38.404636780706355;5.558842316744542;21.830905099401217
298;6;324.7237678096997;0.4854994961897298;226.43434969826626;0.516667530425832;0.19578846203311465;1.1640612487754518;616.8418350908858;245.54129562559493;85.19387563143772;71.17055964289217;9.845343370251335;21.45713846648483;0.4073458065334522;47.80485654921138;0.7787535147583996;1.2099802929511903;602.1570407992691;39.076275881822866;5.601660750794913;19.379720115005156
298;7;253.88113900549794;0.559592347056486;129.0963170895664;0.4495928353670218;0.1547289018307556;0.9296361497965632;389.19932659870824;196.7810041370576;84.2610194688159;29.94852062430758;9.959853199981108;21.412577725945358;0.447248995122974;45.08080760929804;0.7486044528438733;1.0498991376130382;335.6371060649593;40.12919447180268;6.57293830640202;18.623750196688924
299;1;909.3624962884562;0.42503160615455116;573.4899369024496;0.5637955945942275;0.37312108192228494;1.4868098397204133;1764.891337353635;810.7067064584642;76.88001566078162;86.13759853949017;9.301392456418318;54.03296770070113;0.3448052296805589;39.81606953665466;0.9428062242252113;1.453288042620948;1579.5640521947976;41.82330210550254;5.265113847760634;40.22208085352032
299;2;396.33233583722176;0.6229845566934885;211.885577901995;0.3784877946867069;0.23199519453902692;0.722621004776877;677.5317913468091;354.5153747338164;80.27480840819419;36.342335483163694;9.619268078984556;18.18545579054255;0.34951691640979193;40.29089006171798;1.0613985126357781;1.2023307493257445;660.8736685844343;42.77938487016203;6.0904420688061345;32.003610442366664
299;3;896.3450082405702;0.5271013826412227;598.4175968157133;0.4677109500464431;0.3894819435282609;0.9465856869374861;2004.6852828986625;806.2434419977965;76.60592406266426;108.77170211867589;8.273226687850912;56.73986733071083;0.36062698269025584;43.310654276176024;0.9770913512342482;1.245060471939386;1885.3903324547462;42.28327102791046;5.243952778391363;38.2174978604973
299;4;523.0932517793864;0.5791502050733549;278.0409024821506;0.42501103048765276;0.3010562206879081;0.8777265915665566;851.5844566399686;441.3278699849275;79.42849174009612;48.38033889697408;9.691338750265514;27.92757217129881;0.38447234459487634;43.86642619147281;0.7263028874321704;1.307804160191319;757.7757329519757;40.38503478072762;5.435783857049696;31.858637745186403
299;5;490.263901209314;0.479496615317669;229.2741811797351;0.5019564602859679;0.25518616794275517;1.1175718614354;842.1653760628337;399.4127368134599;83.94768648832742;40.91513277934615;9.77264618288101;19.88841715714315;0.3525423177067812;42.75686225108829;0.7045749323528985;1.2703352053319856;709.2437743069559;41.44227584214761;5.185045018719514;30.298753019838813
299;6;1319.0539287681406;0.6273079960926533;747.8334175562269;0.38870762634997985;0.4515267528101532;0.7865353367892391;2480.1945764937973;1086.037631317879;74.2648678225467;199.5637299552848;7.705008177042102;81.16759719673223;0.3574026086704962;39.76348162477983;1.028264075203771;1.3184918288133798;1994.5960898596593;42.99723665942822;4.963572855220256;45.500002424603515
300;1;478.9132218477057;0.530508865772319;350.47710245226875;0.4768643554654246;0.2663910078644156;1.0602385308591347;866.2490834912841;396.3035150853816;81.70282451803372;55.8575299562625;9.709445940249195;28.804672425526327;0.3972092663784965;40.95459196206681;1.069132850283508;1.1874579493555482;768.9896455072858;40.14705181030978;5.772874827141247;27.220084598794656
300;2;560.6261175796791;0.5312300343285074;378.922185051868;0.46186251504331655;0.2890052473711551;0.9206066908805163;770.4633689912811;446.13320896636236;81.72834303469402;88.0742184166969;8.867110028288362;36.72336908582848;0.3829679997421953;43.79409875372493;0.8468512791578182;1.1585710232340576;731.011548217512;40.4986130435807;5.390719269744466;23.96634733262334
300;3;362.0764708418849;0.5635942565638627;256.81508171300777;0.43670570946844844;0.24197290116448716;0.9064283686086395;626.910031823138;311.95229715540154;82.52276650853167;35.98738142535315;9.749796583637684;23.12305682821469;0.39922803997335055;47.55080551653563;0.7316311670047118;1.1722688896457378;575.4542640549812;36.01853377335172;6.484159531527318;26.909036932065863
300;4;881.657214527062;0.46939632538273857;531.7546407015783;0.5313270065292715;0.3381225480285071;1.2923129577894545;1712.1060969097591;692.6430198263542;78.21560053254726;103.02712342931551;8.241919507415124;48.4674159347459;0.38783356032472555;40.77914990573985;0.9814269878941525;1.1808756997375416;1584.2777097301798;42.02131598380387;5.425698764834352;27.340001237374228
300;5;339.21188099363457;0.6424727755377194;194.04594739195815;0.3583119356316196;0.3625582703536914;0.6004760794952503;525.7098767024522;271.27289012507606;75.56062454915109;46.573080813666905;9.681235244469896;33.83627546206401;0.4385152197313546;48.08396477500348;0.472575622450814;1.222270400162662;480.8315779825964;33.830380605457684;5.450314558705831;39.36799975003103
300;6;622.3942448166858;0.5192675709531067;282.76424927774644;0.4807556591732498;0.23118582447645597;1.0076478254117647;704.409108528683;489.8918791041887;83.7254027578736;62.49427466845135;9.486137077828944;35.18950984839606;0.313176604180447;44.51962258846288;0.5813243355627115;1.53147285739196;636.5899400111673;36.27347576771927;5.560651780225429;21.07027621196529
301;1;763.2238633874483;0.6443460682008287;488.99874340168316;0.364033764802425;0.3987765530423836;0.5787533877997049;1324.8757850924785;660.2743011121352;76.62989953023482;125.05471144355748;8.629659924204207;38.77824479392042;0.37639211483309565;45.436740696214414;0.9129959889982727;1.1262681739569966;1193.1627545621766;41.5388244515279;5.179202447001738;40.56691386579888
301;2;811.0722444240495;0.6412896254484249;362.3187125266556;0.3649357499246776;0.3347912153911403;0.5772479319561186;991.0946819976353;675.9913374767895;80.33843621189547;80.88686990436734;9.186345831792503;31.90616509846991;0.34388948652769796;40.81120003344352;0.9920697161334777;1.1746598847576728;874.9363807192021;42.60018882428796;4.933296860456508;34.41452458327431
301;3;891.2799034967298;0.5994331696997556;373.42540705900035;0.4160098359100612;0.4092114396362019;0.8091866568791654;943.9748478173711;813.4011179873642;76.30452814782456;82.78955426312594;9.813279827976324;41.743146892469774;0.3769383940903014;41.51989461913578;0.9233329193432114;1.4068928918348191;905.8228697326414;41.08432059566264;5.404310842196019;45.70000039111128
301;4;836.5113444529386;0.5527294238354421;552.2297475175582;0.436253395616991;0.40099016309989316;0.9439947390451747;1973.6678467682564;769.5400322519547;76.5834571544756;84.42199993930235;8.270036962822163;39.97615800083823;0.350907360993846;44.96122522885831;1.0998624187923687;1.4612140433709397;1719.6277521599227;43.50389202264651;5.571913314680855;43.310000438923204
301;5;494.6967641241807;0.6460285741421815;277.2936050897026;0.3398083420485125;0.27868266316670354;0.5619407426276649;860.7932300200877;457.5802076832358;78.44601856360333;37.158376976538946;9.926533082342566;18.801713962748266;0.34041371152759986;41.56174582273982;0.9703500951855856;1.2344305833812574;768.2944399890808;40.63149653288217;5.178947558713161;38.201248603264865
301;6;803.3347019225781;0.5610710971095982;411.72312368441055;0.44112988630259004;0.4033583992971743;0.8982785945623641;1591.3821710949962;729.1089584292333;76.07651701556102;54.59525736882149;8.896328999610349;30.847059342762023;0.33918177537891786;41.93015935092009;1.0503851253710856;1.4739635565243225;1404.8453625154796;43.19362745674156;5.143641418322424;45.110000340637946
301;7;824.195955911099;0.6226036139396741;438.23414410267173;0.37380071382963254;0.4355145408035934;0.6736135886329896;1105.7399872552044;730.7556701858717;73.12127598260903;61.01454176823796;8.706417656823294;38.219976422205775;0.34619793326848886;40.074987289831526;0.84655672398338;1.4159919677648387;994.2232973108108;43.70821963593956;5.066345622783881;59.069998632600054
302;1;193.7693703875515;0.5478518873650533;117.22470700385395;0.457091251590459;0.311990615419808;0.92619434813811;344.1700499325272;143.0171739843587;78.47553591315898;25.109804897324032;10.295091216644117;13.51097402156047;0.38744111601606945;40.77342640283572;0.6285687800448667;1.1546432713042811;311.4780422616989;41.33675395209795;5.124671100777817;38.05999816746432
302;2;231.05327993027728;0.5141108165175068;134.29746271068922;0.47341484782070437;0.2877623447687087;1.140046013210535;362.26134831167576;153.19368949098168;82.5293283416876;26.49453185213513;10.197842024055511;18.9978180369926;0.37448813830540795;42.32803885142638;0.9557853908849385;1.4061821553950529;334.7225751771306;43.656023587900194;5.478997697300607;37.780830579727414
302;3;229.99063135676758;0.5183482437848498;99.17430723158111;0.4803402074446473;0.29161782076218473;1.1580415831984945;298.20463891925533;150.6269870715457;79.49448458973349;24.900398842419794;10.654653380013691;18.202318485740708;0.36232186986060244;38.12216570754729;0.7770822370616223;1.4408465682177822;286.40545166666993;38.80843590783662;5.253083884758061;40.03999978981261
302;4;293.8807542213226;0.5248974110230611;100.18692048626097;0.4660392356239154;0.29197188338357993;1.1596362291399873;340.79742925336143;190.8375857263796;75.67969018109243;31.53561269505461;10.530664046163231;23.104634475449004;0.396484716944908;41.28855584151219;0.6153582030635119;1.5743328465702582;283.47468729478675;37.84990751000367;5.508636819875273;41.54999884518834
302;5;218.32903804411916;0.5162124308951445;134.5225001431053;0.47296960928365395;0.3013982335588317;1.1055631573291436;356.41230119673935;177.2441537826344;81.40959216579546;24.850351384469796;10.531696216429458;15.836042713699399;0.3582428214827315;38.61537394642058;0.8876933148530591;1.3492696972617395;322.4177627210411;42.237737452284875;5.394339447756536;38.31999748780763
303;1;550.6659231416033;0.6332020648377217;264.49146228931477;0.36807406336620774;0.323603062281327;0.6081569605482144;785.7483564640434;513.1887131697641;82.00135213834548;48.16219520337118;10.467151854908955;22.986684025684927;0.3707971050641581;45.24321863700232;1.047820623965119;1.6148385891298522;770.3061259232132;44.362687445395494;5.421754433899711;39.96999989043533
303;2;478.11407306552775;0.605088309927072;272.99022792513387;0.3807377341055577;0.3106437988501064;0.7659360909134565;734.722567029912;412.9804562874847;82.17808352201251;33.668125326995366;10.233013198298515;24.708584468318108;0.4134489334951763;44.158923877759555;0.6866179363107138;1.346688830757109;727.9531700359471;39.99739036154701;5.620072209183534;38.72999753455648
303;3;428.55544168252055;0.6093477650164897;268.8698079389914;0.3857746627371284;0.31102514532639497;0.7182339062447722;720.2514453275174;401.05177568866515;78.55228061322416;33.13247263988469;10.271131680818584;20.184377898323316;0.3704935626323329;39.10138764965877;0.4162752255750694;1.2673110167435286;705.1258596140187;33.811936504480464;6.0575269563975676;38.17823454700394
303;4;579.5895519607518;0.6181512668200809;305.4604264746741;0.37408239630157886;0.34818496127882853;0.6915643966799437;867.9743498975345;535.3646797282042;74.04201905104804;41.97172290941375;10.507119219600874;30.65540798908913;0.42018503171158256;47.833334306984355;1.0623045615993678;1.3387369505337958;803.8753812464245;42.53693846668128;6.840985701086053;42.75999964320615
303;5;540.597691987217;0.618683200542446;243.053418914264;0.3715678192794654;0.3362949907470705;0.6271691681251628;765.5899297260196;451.85962509929413;80.38934301539548;40.97240675413966;10.334094803057555;22.234744873871332;0.40385760713430957;43.0579441752962;0.7314683596887093;1.3636144005965811;666.8789668489981;40.37288905292851;6.032103858691156;39.4699984211908
304;1;230.31287742440475;0.4503157572366885;196.7891310453682;0.5356173479462696;0.24453061997577927;1.2447202859809852;457.2211129850068;167.58147208573945;83.86173388479351;33.14621424125412;10.10355489173662;22.518668809570322;0.3755262175809102;46.930483336567434;0.586219270127447;1.3610636213314593;432.6154316266794;36.99360920859266;5.211563106772173;24.56214416290487
304;2;362.82593313734935;0.4539004057439516;270.35031498029144;0.5343787354583756;0.2571339345964804;1.2232989883739993;668.7678268330451;286.65508833766785;84.17276626381083;36.75661709244705;10.321945032488918;20.300337121350815;0.3867476678449374;42.935078025408316;0.7025881348297733;1.3031129265286743;642.8925025569514;40.87226741698906;5.831942062157707;24.41372301613517
304;3;502.0042342328255;0.4793724642777971;345.6396130448257;0.5214272392302274;0.2794504033115654;1.2366642101742769;1438.5135836082306;419.0810010737052;84.0383924486649;65.12835064118048;9.020627949611075;30.158204795045304;0.38288987550604436;39.128970800556814;0.7189733316137827;1.1579407300452051;1306.3592888346432;41.61527589146011;5.518568507586901;26.988003150702536
304;4;496.2913575721396;0.5122301572973064;371.8155832133487;0.5011179171990421;0.29229462131354916;1.082026427456479;880.6184833121405;403.51211210329495;83.28191223790313;55.45785611480236;8.936240336992432;27.861073046489466;0.2991325838988731;41.258861454591916;0.6538840756421722;1.696513643894624;797.1313976376947;37.93559173072186;5.7155004766479625;26.133558238895958
304;5;287.71583384086983;0.47713714301714616;246.8193007884645;0.5157032713771579;0.27112771613969894;1.1682839048009375;715.3209958392453;215.46241841334816;84.11786709415765;38.837939787765904;9.42022933323611;21.52989621489257;0.40423781079811055;37.33435458480661;0.6908346425835243;1.2860573511325892;685.146603821027;42.404151675053356;6.155473366275401;25.36445260482991
304;6;423.5087090136487;0.45585339633003225;289.59541465972103;0.5370622869057161;0.27487487952651246;1.302966157617066;769.9001620712443;308.4963185252208;83.89257470136485;50.178776228728154;9.698353873993895;27.903946054303443;0.3844048655171262;43.02883131780568;0.5359187392090073;1.2179553054534384;660.3375357329891;37.89199275178547;6.7189385239296655;23.934221833425465
304;7;358.5208939952287;0.49521909425469623;294.6370782754346;0.5122985736616763;0.27115791327526;1.1382523356707799;744.2515373588899;291.54508972721294;84.14531091401382;54.65467679227082;9.7507582176281;26.177468858159486;0.3834200446696592;43.19939099336563;0.9018379162567739;1.3017828137927585;665.0071227360146;43.035670399504;5.727720709327491;25.477337576904148
305;1;1114.4835424168862;0.6049387856975724;481.9021522304785;0.3997586145118964;0.4580252427155031;0.8059603703016657;986.9564581181368;992.0225258338214;72.63111809280166;137.25018600873543;8.620924263518194;54.036512604015776;0.3816988457570282;43.994292378677756;0.5839781610116919;1.3807734021495783;851.897737010075;36.54302907836144;5.813819706997412;47.96000135069702
305;2;604.2358598106078;0.5341327477921387;390.7623084322437;0.4721743716498395;0.2930908250281339;0.9962077503922468;789.424982900235;488.02968299407786;84.04787207515442;62.45756483420153;9.092338596356312;30.347466926579113;0.38269326739751547;43.262474019146566;0.7723784339647586;1.1893514716143532;749.9513055598743;40.21487440357061;6.127779252349891;24.51998249475944
305;3;362.9281603363561;0.568479051256305;223.63819286345503;0.43182464216182753;0.22918064424620663;0.7999592665269604;688.2746016925522;336.1825169765161;84.67063295590918;37.96186743092855;10.329449258723194;19.75561464339736;0.40874167856502597;45.06646204020537;0.6712215833721514;1.2304152227384324;648.5532268455188;41.07325492503639;5.5496395602179955;25.649563860475023
305;4;609.3733798873695;0.6202006341101123;285.0766466745194;0.38899143241415707;0.3018685534111388;0.6963855245882424;851.0929654949937;461.14275747796114;83.31457768915166;65.04244881801057;9.250047076619943;27.818434382965165;0.39042770383218534;38.495251168405375;1.1044284741171386;1.05606069612768;758.0551808640233;43.227127282482776;5.555857969147541;25.020877764595134
305;5;850.8586053168107;0.47594782015439485;573.4934483653858;0.5133582668522993;0.3274772965492814;1.2086807002978484;1121.2298509231657;721.8491723290348;82.52675994636084;108.47493123136414;8.781172354137576;41.50148835432797;0.3175095180618341;44.277740846971405;0.7064092248833223;1.5193403512584456;1049.2330857065888;42.68787841087269;5.513410300846053;30.106668449951798
305;6;380.31133950360703;0.5279817277865053;263.97574772369876;0.47437332356328427;0.2788381020900019;0.9763774540092529;814.1164873534507;343.23597555996565;84.03488393394153;40.20131827166914;9.720369020183792;24.615867998021745;0.4054245733348187;48.0287436924025;0.8774985486309836;1.1975365114115746;742.300262497667;40.26608366961748;5.640160390837101;25.099839897842283
306;1;269.95675926254694;0.64270218386246;142.15136929922429;0.36338238943543355;0.3101969005543799;0.6334609486549293;356.2388450058123;192.08373991279845;77.9110833625392;31.654198272289232;9.323920610408999;15.638768125997597;0.35964786387234754;42.31765187300998;0.9751780464028059;1.241862776411426;319.87899088531566;43.0295585038467;5.3925808505726565;44.870002148381836
306;3;343.6548609318392;0.6385973926513374;96.6781835798877;0.36930851739423814;0.24178789727203562;0.6411559295990612;370.12095753420886;292.7587634486004;83.52639424008507;24.6866837637744;10.807806596685785;23.68292800710957;0.4018836239645879;41.761323672873765;0.8718445644794595;1.0624229328790507;318.37071556268967;41.26360045280781;6.607207457812552;31.249999579914093
306;4;225.9224817416352;0.6311143042842873;83.68868996384364;0.3688692615038259;0.2129417359020633;0.6146465949645169;289.47548997170287;206.60870049456716;83.73431461756587;22.517764289306925;10.503149615817888;14.530760592361457;0.4042564809155022;44.094686363114;0.6865287178175261;1.157613133304194;277.9799310187358;40.02647530478642;6.642738368240401;26.909996816678234
306;5;192.08063162224778;0.635635996883827;98.31645814281221;0.3578718612703616;0.25167486304127634;0.6105188860459559;335.83428965110494;149.24727418261858;84.05556611140376;20.32457120350659;10.49819447982707;14.982688804319618;0.40868272412454376;38.12632193147925;0.9570037659895101;1.2790965638899774;295.66839240178217;45.182010236468265;5.273475555054639;33.69999885017007
