ech;total.beta.carotene;ratio.beta.natif;trans.alpha.carotene;ratio.alpha.natif;C18.3;ratio.alpha.beta;total.carotene;trans.beta.carotene;tlip.MS;X9.cis.beta.carotene;C18.2;X13.cis.beta.carotene;C20.0;C18.1n9;C14.0;C18.1n7;total.trans.carotene.natif;C16.0;C18.0;eau
1;374.4699986818699;0.46046131008623625;231.7161646311136;0.5345127497529697;0.3743645501013589;1.2756257422464352;442.2123185352178;272.12628262372607;74.07549064340523;63.33907319882496;8.776459454369657;41.19021628408067;0.3902429224185513;46.07885163170066;0.7649683016702257;1.2828894861579807;398.66244093380084;36.72639580406199;6.302979063439288;53.69909749732911
2;1363.7127203599405;0.5880240174425818;981.3593779178475;0.404117641342112;0.5060819435007208;0.9101927702273482;2503.206965757563;1095.756981726938;73.20824657010523;188.2069600612221;7.361157531699182;94.02835416845937;0.42159859443607084;49.23565882735092;0.531058119140239;1.0840361042898132;2188.3821318426785;33.1284178113573;6.072770454409469;49.234286646172066
3;970.4952706392775;0.5449419947591576;729.2815209451264;0.45975607756916964;0.38537790451176324;1.0155459543663465;1890.022025300037;823.8695158248726;78.59007043892913;148.76156343590054;7.892768004638891;69.2552350813498;0.41310502858612075;48.06116328976171;0.44090402632124714;1.1379844159434687;1641.602288136437;31.821641420236382;6.143529435110845;29.783119221417515
4;833.8604283856082;0.5391003221658475;446.6095416947875;0.4542571238780757;0.3567588737268671;1.0181494426507682;1290.79289217506;655.5985958339498;80.13022651327299;115.93859617906554;8.293278366751787;66.64912285364274;0.4194110932486036;49.256241241198374;0.5881506751184432;1.0247086739524824;1119.0555150262658;33.16417431347419;6.670570865866716;25.2125560116843
5;1006.8128169695531;0.5637748718130509;742.9638813116937;0.4359983643807344;0.38514617990227284;0.9922254364476297;1504.2109864237887;787.5493763297459;80.80747676130603;125.7447549112197;7.937175394206636;73.3843527922408;0.43033364561718945;48.77633648367021;0.6336871276848848;1.0609475394817511;1332.821372470037;35.61737752338388;6.768438353262565;27.302398014970777
6;417.7005382487277;0.5139579231671775;221.11910147766253;0.4908894313767596;0.2384284014214483;1.1331206613581906;520.9109706079644;294.8906936582397;80.849835400253;72.61428432241242;8.91611626541971;43.56030420180897;0.4428622009391246;45.363406543774296;0.648051121781452;1.1221155518281607;436.302594216508;37.37248322701945;6.769375010632085;21.904821080571583
7;1184.9875538774957;0.5416047710537502;936.2989730056311;0.4566405964385886;0.45335631859279707;1.09662966013684;1987.6033840107784;968.6305930073637;74.43195916420643;162.24363713591376;7.36372687278386;85.17447918320237;0.40844032948584336;51.03956238725604;0.5688627461291719;1.176899604970419;1796.980011976926;34.88720295720537;6.721998120261595;42.078861828678555
8;881.0509566394549;0.5488591896351542;649.1828982605299;0.4510291315618402;0.35526257144409595;1.0083185351807253;1478.63853134243;669.8870595191606;79.84986481026593;115.35263643168761;8.288898733061217;73.11261426288432;0.42219413719648907;50.0734551193675;0.42409254043723077;1.0524522339786744;1298.9132119671244;32.18634607993684;6.8661615273909415;28.58886985341555
9;769.8009186321739;0.49131672050438047;748.7529224199819;0.5107338233621078;0.36305755398939593;1.21654051351502;1481.535894107298;616.7956433813224;78.58169242194397;114.68775369456024;7.962492672515817;68.09234928094055;0.4176115500737778;46.69916456375879;0.6827267454413265;1.2394603374335007;1310.023540367885;37.189430444729155;7.14114926749378;33.48953528969986
10;679.167546444049;0.5365442508220895;690.2698379918257;0.4729640137602525;0.32293475392526305;1.0373001408741254;1100.3636742910792;500.4130728026188;82.6824106440157;96.73387852740572;8.925084385420996;63.257376687645184;0.4066194682295263;44.32978593936834;0.5567093548272923;1.2083176773659603;996.5336108630942;36.16269594684853;6.671825690229613;21.22008116178065
11;836.8061465654846;0.5471455327246395;615.9148296378843;0.453921111808099;0.3456907109493144;1.1113536698762416;1475.9829195418513;603.141391598465;80.88123253606283;126.26972727214418;8.155721554219811;74.2001065493082;0.43971210351973467;49.942357567832374;0.4767048635398576;1.0999338205431497;1262.163290058088;33.45423803309893;6.990677375449857;23.53617884826994
12;833.8636096666518;0.5560631770764887;535.3263407788006;0.43413514761879013;0.3749360491201688;0.9503784370259628;1410.4899240172854;688.5261989472028;78.60849384186815;113.63627717342077;8.182439193582303;66.2809722137427;0.4165774123492012;45.785198841647194;0.7156729125484249;1.0041100539989565;1225.3261381367836;39.792615416019984;6.606379544029999;32.06912140544775
13;520.5274033804859;0.5398380709922957;227.8953728953014;0.4594863487553205;0.2263889735177932;1.0036998779239301;563.9045594754571;341.09851393445905;82.27173353812783;87.4768832485323;8.206765086523228;50.360485174643124;0.4793446881577266;46.55417609826349;0.6803502744804791;0.9968903964596291;442.78819667589306;39.032527201515755;7.39238731956343;20.499962205005026
14;690.1330435928044;0.550100791962325;495.1224780123355;0.4514781153369022;0.2939652696626928;1.02420533864751;898.3094924349255;488.4832531356514;81.33480020214154;102.50548059646648;8.391330623271049;62.715307319497356;0.46938822214543363;43.93126683013002;0.9770744137945612;0.9369628038473155;789.8774379530369;42.38712555523843;7.872097717238467;21.82970364329794
15;331.7042571754655;0.5016649513202635;168.39700022682575;0.5020188583277654;0.24681040482748043;1.161165652558442;410.8048198472361;231.6729014801088;81.34370520949152;54.725321495842984;8.556084538456936;46.50123486237142;0.4711046292240513;48.03123370736755;0.6877745135312554;0.924437732984891;347.4082408874643;38.01015388886933;8.454926253306965;25.927691132784574
16;598.0740557700161;0.5172962583614104;362.2724776132776;0.4742502029261042;0.26984673139208437;1.1273986898519655;588.5497332405619;426.7147791279553;81.18057523407612;92.66948301896903;8.38790956275621;61.599705003940905;0.4448610599753485;48.55154432422927;0.7050114518901536;1.088215565239464;507.1131978794803;37.887746747626416;7.667660966739012;25.76241696069767
17;376.417331726288;0.5344206735814522;182.58237656289708;0.4634299824419297;0.20497198983826942;1.050966895887287;482.26209995404963;253.32615733215198;82.65261983546381;50.013057037756894;8.759931901965214;44.72255489086285;0.4577378304864032;46.65413551790467;0.6705160163963344;1.1092990912555454;401.79710073200704;36.6301939660524;7.528465601995092;18.10824910538874
18;1039.327925649882;0.5392846248491822;522.6600991715674;0.46009439512230293;0.35646139116328074;1.0228464812982023;1468.2637961798157;817.1812796970231;80.72240531230996;133.3151055599272;8.075414740057003;73.27600716912525;0.4191969690509132;48.42543841274023;0.4451903907508479;1.1435525550136714;1309.4405018065227;35.326504409536994;6.701797395450288;27.951723908905304
19;923.4128674182855;0.5353443940838016;525.8225424405357;0.4529654058732572;0.32974042122843844;1.0092724973466969;1089.8491125133062;695.4270505229555;80.3502295581818;114.51250637074989;8.012858556494823;64.47175914018325;0.4062398137677121;49.66921836210435;0.3354724857722071;1.1952299750394346;981.642929310301;30.071437772195917;7.302333667890442;28.218276908052978
20;449.18349276564413;0.48125245453800913;175.62724521491242;0.5136354863647206;0.23809120272908163;1.177006355836281;431.16388833240535;280.1484060810852;81.68049213209049;63.22167263939146;9.18420187726468;47.344216558198724;0.4047455944398576;41.96581612891275;0.90505538293318;1.2511782108581422;351.52309118348313;43.46870715021784;6.680836723688396;23.97164489269034
21;484.17892844403156;0.5032924251522651;353.0589521484682;0.4956761370174034;0.25585108561393005;1.215430322223367;717.7948902075483;340.8030510798399;81.44305458066248;80.876589069313;8.268079368287426;48.290879460749586;0.4572996096258521;44.325966508704425;0.8510386873288915;0.9530103928964596;609.6069017772273;39.788496292156466;7.706951781385473;21.380564271242317
22;679.4761053035381;0.5161624866033221;315.9172105856438;0.4785579755905035;0.2905353874149894;1.194466765207929;775.6748293261224;477.4935885592878;81.82375847655027;100.10575706524968;8.059478741351228;56.16862625076786;0.457034065031127;45.125085027689096;0.9251931966594474;0.9153667373090933;676.9433517266558;40.30219348633358;7.420176680549666;22.566985474975418
23;727.1030186828453;0.48589240647463244;454.9600487667007;0.5022378924130307;0.29651727783949683;1.1945680100666436;1048.5253915851429;556.0153906012004;82.62030403644435;107.8630682772433;8.15502819205063;55.055670043292174;0.41145486245760066;42.861264793310006;0.7185476814075676;1.163297938578272;901.3357609200287;40.15504663144764;6.840245870557598;20.40046373062377
24;834.4129843441951;0.5045828843592516;467.2625027039894;0.490821203978673;0.3032600665228496;1.1456044875981168;1097.5109761690935;629.5376833006576;80.44205809571928;116.42857373513199;8.002093010305888;61.75627935686142;0.4029442110488306;40.95691236196631;0.8132465036210407;1.1509531280601257;955.8661963150157;40.6713290869994;6.051919007558059;22.14298884690314
25;713.7922078401947;0.48508230122762025;392.73586195852414;0.5210588395506458;0.3953063978533837;1.2592899809075464;1044.8996829490732;583.6969769535558;75.81089068897067;98.25378836808397;8.127895746433447;56.20918973578711;0.4146265275925269;46.27800535106453;0.9336384511208378;1.0282622566701287;900.9612075722622;40.04092254710661;6.540639964144273;40.477424151089735
26;799.8131526135097;0.5175667913088723;379.7090941927058;0.486830270352979;0.2844290906524172;1.1141790539680871;1184.373958497157;602.7090989406578;82.56315271966623;120.93379283072109;8.070756172017678;65.51311845547694;0.44221165118548716;41.60878707744879;0.8251992303611441;1.1418551684517846;1019.9724476158043;42.545575936137894;6.5691386180695135;21.912335178311867
27;689.3196961313381;0.4889007676468212;341.7598698257176;0.5121863606314283;0.251985354373256;1.257588339895888;907.203593935775;491.9626477055064;82.16550234895173;90.35979136233729;8.130670748227963;54.531039052486584;0.4430168339439559;45.55432976100097;0.8235311089367731;0.979848862523894;727.2010709386047;40.274158472277335;7.08807493082706;19.67910568275227
28;1026.065524136435;0.5515736835150976;803.5892444077708;0.4474908128144848;0.385699595438026;1.0579426529344211;1820.407397405684;747.272390366198;81.49800193745041;152.0145697439259;7.282644750028268;83.17567556178783;0.44463808987732384;44.95642530071012;0.6738004677370163;1.0910510218483676;1439.4743433870008;39.599581825080634;5.766676486948914;23.943755730986663
29;250.9283125410167;0.4872942895968103;141.24896576298116;0.5054676648979862;0.20927471878356566;1.1560556429907758;388.9137501453662;188.19435827684848;83.12426677514483;44.21060007090942;8.409173812120258;29.150309343319826;0.43964318372472305;43.335475167247054;0.8707841984678364;1.1287950946084617;325.19732983665267;43.34055513493231;6.893881657134561;23.527983972943435
30;1015.9105877575703;0.5360821235323302;658.4553118782843;0.45732520660292875;0.3740475912429306;1.1656396845899304;1486.511933015225;807.4833526408155;80.48275926245874;138.6023929029873;8.24713304362584;68.2580123252687;0.43335710146951256;47.89211626870593;0.8347304314754372;0.9906054669613217;1297.7156185821598;37.66581833279448;7.2656220006665535;25.215742870374015
31;950.2063461488902;0.539520166744507;574.4644787207787;0.46130117432830975;0.36416168619142547;1.0550076160948123;1552.3641717584658;724.7365460388158;81.66049045981612;142.84507275845036;7.938574834745879;77.43013176843274;0.4370403425961329;41.60193147165061;0.8080766447513407;1.100140204190571;1251.4523325281352;41.07846387650211;6.186640490551664;22.040962052941726
32;624.586544225792;0.5368144120511696;377.95507290783434;0.4721001226357841;0.26707445922782225;1.0728962850889792;1009.7047946631004;450.0653465304301;81.09807903053994;96.89212056214137;8.165113917131197;53.398809315671436;0.45160287537137256;43.25942819019449;0.8440752663354192;0.9952861827893021;830.6802809880463;40.164597693594516;6.413973863571439;21.30360928208935
33;526.8237325458298;0.5454127371209778;278.34446683062635;0.4530078058192643;0.2919768038477113;0.9552406812294413;709.7717449199854;403.917252812842;81.19461393750957;80.01478038541238;8.654739392215932;43.101982205474485;0.44912713694077144;42.675882877528444;0.7906901849470459;1.0492844259027778;623.7671238537388;40.946355208877435;6.114061810941684;24.12870119806618
34;1050.2648928051597;0.49736321575724124;638.6901202196848;0.4970042077918218;0.371306862705282;1.2488803227067609;1411.170929296654;749.0637597422827;80.73938664145065;144.07225118546074;7.876712636991954;77.19813777200535;0.45870824096525437;44.094276072490565;0.9393228143889271;0.9657590929537093;1197.1084387556373;40.93187835016841;6.805517310065329;22.51249083756657
35;1033.8517527218653;0.5688580325131894;947.1961400488425;0.43102835018613234;0.38498267568359923;0.9552316152970075;1589.4090430679328;764.7488977155326;79.25346886299799;149.15391338932776;8.15871570356794;80.47723704539372;0.4483026828807864;38.56917390400199;1.0814057676830025;0.9814622989226208;1301.2965087536916;43.501656064756105;5.626632445081768;22.178892044497974
36;382.57081070711;0.5011590859720932;237.14672886792258;0.5007191156456364;0.3059101265213046;1.20782876257158;464.8668213042947;253.88109107036544;80.43453916711641;81.04659082271537;8.688850109943264;48.944686351334646;0.4577384460718874;47.96016735174285;0.882791781774081;1.036837753547629;378.49232292047026;40.32305421615827;7.0721012236009715;27.04259264575987
37;640.0147590971775;0.5444843616731244;453.0391158654343;0.4569764122834999;0.2602815047241822;0.976163867087087;886.161155792881;436.69648043944085;81.48249171628925;102.89284172753793;8.25592978066126;58.645919945426705;0.458779253053707;40.856114039637184;0.9234845917828366;1.077491844106901;734.3431444759302;42.678270296075056;5.799767954866598;20.443551888994026
38;587.5126547201323;0.5359236184173825;445.34816471150333;0.4594014287485373;0.27582353878437044;1.0058375632633734;910.97388726342;444.4810408538131;80.76486913041158;91.22320218196089;8.218093067473145;52.48265028560233;0.4542644200629544;38.583000267699774;1.1888334030841456;1.0456364093383956;798.0547809893056;44.814104274529456;5.779932224932656;20.692021111703973
39;724.0877524969688;0.5159380564301154;426.69721919604626;0.4837789640333794;0.32277395874587994;1.1263104983827783;1108.7374085520878;542.5593032489854;79.58208842672097;111.35044079357422;8.247541658069313;62.83084451216113;0.4493802165503326;41.15329554254444;1.0319077639069345;1.0143901131854327;950.9318548400246;42.834128286612724;6.256812721070451;25.63675270060343
40;560.4778475646577;0.47999834013712644;390.9053159291778;0.5123551746762595;0.24224910396815305;1.194375763517306;757.7283291036468;382.2036135672633;82.2876735962226;106.78401108676132;8.19606281432412;49.270559884128694;0.432478067702107;45.44117331652813;0.5895622438024595;1.1407848179458613;625.212025495497;37.59390190963739;5.951724863856383;19.933895416338107
41;590.8451942162213;0.48507352049900204;387.31145133262635;0.5159930232697693;0.29330764045636376;1.1905032267970623;1211.8290816787483;443.05174012406763;79.09171702571011;79.48666550118799;8.452591841019725;51.05006045313047;0.41260997261405935;41.70529364166087;0.9373489112100882;1.1411390452102659;1086.1350957916104;42.43790150766355;5.449010872228172;29.90844426198289
42;546.6938558429157;0.49459988056118864;345.2420795369205;0.4959701045427973;0.27488145619749976;1.084160161306403;901.3289041873819;425.89146542169993;79.94177164412103;79.6878266628117;8.407619311027043;47.36570602765332;0.4076578639912473;37.61554359304888;1.0795569353469523;1.116791865745786;803.6375140565974;44.64164615131682;5.882377199387652;25.76547244426665
43;553.7511166626031;0.54538072465647;307.9414477492842;0.46071409389749607;0.2430746739168752;0.9888045706817271;831.433049072094;434.5385668956894;83.00262449576887;72.41865332849984;8.488273424645087;46.46409656937981;0.44229617603946453;39.97539757870936;1.018813978508005;1.0389036936700118;713.2377895985859;44.475037746757664;6.0758990911748265;20.785279391611322
44;375.4580304264873;0.47802423765807595;348.172348947858;0.5206205191024905;0.2978003223575491;1.1924501647576282;620.6493696352541;279.64235939976965;80.18410286292192;57.03943810000877;8.448563215315648;41.75329477490896;0.40981466586963805;41.06868043639865;1.0080775569460412;1.2902297084118224;531.6392993422224;43.78092086706105;5.139408573299544;36.17619894900459
45;454.66503051446017;0.45414079863750817;295.86054439740775;0.544293101590982;0.2500116683307898;1.3420663286592103;608.8690085566917;333.2902631506745;83.24774197887668;76.54145162616435;8.676550477406275;41.26290780331708;0.42675349135229723;42.65093814057674;0.8042915972436067;1.2322124912767014;518.3837379596376;40.72571420199825;5.728297327095322;19.67848178509286
46;627.9667534580796;0.495131824882509;482.50135642026095;0.4983591397241798;0.29154371556492065;1.0938542838858503;986.7936327011413;465.7249666388802;81.85550049946;89.4513341737997;8.314816841053341;53.056994790723515;0.41400905983208086;41.33099032232381;0.9238878917058924;1.1475436077949779;847.9407068909455;42.81332303549684;5.504761851667642;24.98371460533517
47;556.3509398014639;0.526259421023305;176.20116930668715;0.47797185644959234;0.4067328589677162;1.160794186385546;458.42010440748055;397.8452158074935;65.93801485365472;98.40232950883478;9.639886666178958;58.5158507657251;0.40259115669965473;45.458802665231616;0.9191903603854019;1.3666684010182255;415.1202377240352;41.46900808401292;5.384047198392854;66.4833298200622
48;607.9590012888272;0.49847343168991026;367.0380909305477;0.501975322069725;0.24176684116073519;1.148737409785849;800.9288226559179;431.0845596866429;81.58371094224341;87.76569606413551;8.419215853776052;51.89469876682267;0.4303068963517855;41.53212403350815;0.9451595411031203;1.0397826702172657;639.4502166244292;42.93805716347245;5.734015254903059;20.545332799531213
49;252.87317704295563;0.5593719375169884;137.04300735485495;0.44714454563200273;0.186828896768345;0.9110898677727169;398.2032206333831;173.39375017351003;83.08415962142799;41.53321154919597;8.719071720897903;30.80337830271118;0.477062168527272;39.008103195673236;1.0358972851069785;1.1074463758811115;326.6626222673144;44.05093510712769;6.03990665548897;19.446056054640536
50;345.9936238466314;0.49692162582130367;174.24609963907972;0.5018228909740834;0.2943664757737971;1.1127717816058862;394.0927990863738;240.22987766816868;78.09056630158256;60.833885006159875;9.569769577025985;42.51770873925977;0.412381253572953;44.48715749429949;0.8120258094711615;1.2174944967809342;339.79638270489977;39.981023246858854;5.261041603408363;38.24089141685253
51;876.5787046333899;0.5275452971781174;464.946713298528;0.4617299639584832;0.3419016684311013;0.9717260292137627;1444.6053736115045;644.7099066051454;80.6625088262829;116.40684304533636;7.936899691158881;66.72600381063;0.40218856985034235;39.49130785404927;1.1315496744565694;1.188754037378115;1239.068929173965;45.09277758090126;5.435071011034061;29.432055977556928
52;656.5167221912817;0.514194179463774;421.48208060473326;0.47836739112106136;0.24987518034940126;1.0866075487982556;933.3496661456642;470.8485832675617;82.8585356902765;92.8469899473382;8.613491422535624;52.500873096741564;0.4121819041174444;39.89398531515288;1.0266497363110572;1.2080851671464516;788.1770256472408;43.6584255505407;5.474045616245209;21.320513283458677
53;304.1327002143462;0.549411628184134;177.57697951755492;0.4519147555362635;0.19005662678547441;0.9782675610062883;470.3222001441113;229.81647752293543;82.43344992725149;60.38183695112061;8.479718117017638;38.284428659148624;0.47399735579230146;39.902551489713645;0.8768412399310389;1.0661964799410126;405.7901175527193;41.855657540377806;5.890030952151243;19.562987892146932
54;633.850155987018;0.504989384073945;372.006295589455;0.48802974686581874;0.2487026369000353;1.1247035456922296;888.82494415713;474.3368311205312;82.53098618514127;88.96781732480045;8.604267351667712;51.65996203812419;0.3742496364977411;38.61264395127846;0.8981753637730712;1.3028330626789764;767.7019397838383;42.42489114597852;5.84134228333718;19.447251802899725
55;876.1604178908862;0.4767604494974121;643.2995731796287;0.5207683623107172;0.36835748947911634;1.2899758915741797;1464.026678892651;667.4874790866643;80.79664252653333;138.58303225411404;7.76822197578288;71.23543735710341;0.38679129835417303;46.23940656135549;0.5958006561556787;1.2716018868232046;1292.7953093624374;37.0688363340057;5.904291967958371;32.27387116455555
56;432.48428019084486;0.4558245942538849;213.27110684655995;0.5353337857469928;0.2661993953805788;1.3211573084328665;530.4638562479398;286.7587697145626;82.56171452527364;75.05193642670369;8.656399245372368;42.605358785540446;0.39143326925404875;42.41616653697962;0.6741368026125973;1.306299995770376;421.4013580635521;40.177113429047054;6.021300651227834;25.690434076978306
57;341.2127765230051;0.4426456491768838;240.48206579569992;0.5441163656436838;0.34167110252460664;1.43674954439386;501.79516368036303;257.1705686853723;76.4900195033831;56.542785155172474;9.137520457003168;34.767266288919735;0.3589191740088743;38.660667245789156;0.9264872344534221;1.5284646671194906;454.33872816964976;43.405683353496286;5.325554458396246;44.09149801599826
58;502.30568712360963;0.48777165528304206;258.44244028479085;0.5121084952712397;0.30048357770031137;1.2296829414720416;620.6453612125156;355.20464134882644;79.2569948362768;84.96515627931444;8.276305581923147;45.8934683071269;0.4273126528505063;42.61648344514472;0.787793899459759;1.3299677940276784;572.3878456812361;40.910326466346724;6.0654681215895225;35.34936879229735
59;474.91598037110117;0.4786189230178339;316.9451111702496;0.5144434094583784;0.2566549852539345;1.2524314450360037;800.2618405882808;364.871708367101;80.06487415818995;70.39515377584343;8.412898849006435;45.53898459479362;0.39210956734931524;38.11802335548653;0.8922504102072505;1.3729699146390772;694.9820884084027;41.02404377423438;5.749910415439667;23.77503793157547
60;681.6783893735106;0.5537689004407534;558.8675030215685;0.44213241911171913;0.2938880640815627;0.9641299096604782;778.7348459713394;537.865265544569;79.88885354476481;91.68485770918433;8.598519630244958;49.09768800577381;0.4106832665019106;39.04631832923567;0.9322078213220341;1.246353492120967;692.5602093165506;43.5782983732428;5.286448514444727;31.056814696546905
61;862.8315835783422;0.535518515360486;709.5228590076653;0.4610205470729718;0.3696756653100703;0.9727565665254249;1454.0107949425299;675.8495689525038;79.16636743881813;110.45860241564968;8.62448156999075;60.31916373989204;0.39259194134584274;48.59920797861039;0.5409250853248114;1.2158688084875398;1259.021067116041;34.30621260350518;6.026924397995191;28.77127563494122
62;463.96564268058495;0.5483512507553228;215.22657566284389;0.45644719732521516;0.1937654100871327;0.9871637498101102;581.2932000989032;323.8035369866703;81.53986057364392;62.80559278195182;9.036628311397562;42.78537692429243;0.47649333777756103;41.10445966950656;0.9860183023272625;1.0189285458410755;504.8554773572173;42.004439994092344;7.598625165149979;19.795532824097904
63;451.20794729244267;0.5460432456417273;273.937958648917;0.4537179683134995;0.23033452104438348;0.9872085105988923;493.69757723449646;302.1450645688946;81.46354718385041;87.52584864603324;8.53210332822547;52.32782375837068;0.4772823668746132;45.887713879264844;0.7190349955858167;1.0461829037968429;422.51034075017475;38.662451974989445;7.660601650913718;21.113470947769212
64;979.9089238203032;0.5551731677282226;596.6981106308698;0.4442305752194474;0.39617889097119857;1.0328275395473216;1671.0721357773882;694.9508204062538;79.02101854446354;147.56988184388354;7.9068939539269945;81.68083307583997;0.4493945858931979;43.47097042876757;0.7976194712227371;1.0644404622502501;1398.6503735324231;39.58048364733921;7.048143526107065;25.427984424312687
65;860.7536783701868;0.5300648806933566;548.4542069500872;0.467228868792482;0.3120341980141845;1.0527208107535766;1229.4884752901762;615.163399424964;81.52143459008145;122.66715038767093;7.898847745415885;66.27468322760423;0.44271775873363306;47.095464203484845;0.6185081262874109;1.0330922247226892;1038.055337646647;38.729694371812315;6.30841307342621;25.546063426834206
66;777.6567071924559;0.5108552391074254;523.6535218967077;0.4915678060123483;0.37846069918715836;1.171897421922132;1251.1674678089507;644.2728996352317;78.1806826174681;117.19834279648474;7.801482716668339;62.9528815807829;0.39576555549139886;44.62029855890776;0.7931592665924594;1.24215336677971;1101.7530136070397;39.175317578371;6.158544566964363;40.209915196679674
67;407.4522646903525;0.5103436973885448;242.21141266740335;0.490668912800078;0.23675798146100516;1.1154985674259004;675.5494131886877;302.17328431665976;82.05297488018043;75.86495301194415;8.724884506253677;40.10988839942969;0.44857151800773526;49.01976256286238;0.48286678492625174;1.0252441860355819;595.0188562361499;35.84040518617328;6.876115131683039;24.304138557671962
68;736.5582275973716;0.5305798801655628;418.19533625385014;0.46965237401487103;0.28525490230921224;1.0765267599358126;1155.628810218586;526.4816364147265;82.38490178146222;112.8789888623919;8.16128449967661;58.907011161412015;0.445880133352001;48.89746690908364;0.6567942746099031;0.9776982505707927;984.6495655303206;37.87703459104652;7.020979513894363;22.553566796852575
69;274.0479322494265;0.4956000460850788;160.16383234868272;0.5041115738128285;0.2229887578348823;1.1921558323641428;394.52723477038006;198.7366951191516;82.48787827100477;69.74770409205476;9.34382811896047;38.56080383375347;0.4312147710609735;41.74765784294981;0.9273642230395515;1.0885958448665287;331.29763995547364;43.011705708607764;5.801858725321041;21.157698975138512
70;1454.24890373709;0.5610806606636191;894.2227028653682;0.4393310481108146;0.47750113101685626;0.9603206919794736;2494.6333617148343;1184.3504085862626;73.62595657747919;189.215542253493;7.6046612722557265;99.13747971239648;0.4088345880534326;43.521027692784166;0.9359142174744594;1.038858478976599;2150.3907492763356;41.2743621470208;5.2766777022775155;46.63833340306297
71;1012.8454338740715;0.5578883318251388;697.179355372489;0.4443910542193515;0.3613866994501276;0.9794944829748234;1359.076560816997;766.2115120143479;81.12962629610387;146.33494342619858;8.157438480397827;75.66798281499766;0.4321922646599643;45.57065706087218;0.950181915535059;0.9564940599430022;1162.6436890752573;43.52843858246499;6.365315530740736;23.073054886754193
72;1274.5048566318126;0.5800374178864764;676.5017185305214;0.4104695877337282;0.40354225866254606;0.8965529714915983;1847.5749525905935;1009.1815193141601;79.65024358547466;178.78962509454865;8.07183315381461;81.47387219301959;0.41999510357975595;41.49774086285668;1.0880995256233439;0.928136953101994;1628.8243099849497;42.819936017198835;5.51813568202833;33.72313062785013
73;286.2772130900596;0.5551489200278479;168.62700286944667;0.4387761267151062;0.2562386933179182;0.8592422948917029;409.36272781943234;210.0323663966902;81.66131001414203;48.68654371667872;7.87671629074015;35.38615174631895;0.44558618785091914;50.049339594188275;0.5843631586461637;0.9389285625540925;342.79616327638206;36.25909856676645;6.826164295075329;29.101095363355867
74;444.81627205144997;0.6197211396215955;223.85517452316137;0.38094185266111635;0.27151496554734944;0.6674120188074144;597.5240624827443;346.45325655007395;82.41205426611131;55.90475244379784;9.743836181170833;36.415974317153;0.3990678043257889;40.862833701687066;0.9092139612112463;1.2162544540559483;546.1393036619542;42.5010534658663;6.845087067418;28.63874154347027
75;783.829026120677;0.5553946694706966;406.28609997647476;0.4426531115582004;0.32791193561341664;1.0055873912768816;1115.086616414979;591.1345144953422;81.47461964246129;131.5511810518672;7.95794091644644;64.99827439545162;0.4608769555602448;48.51839743157924;0.5335439029359428;1.020139816121534;1004.1664898928057;34.01666291823767;6.880115813013409;21.227612022654508
76;906.9589774584771;0.5173928476226463;541.3673677085644;0.4829753293567947;0.34306668435362947;1.1449531847104042;1124.580785768768;652.6145193384585;80.8026619505534;153.44239643160202;7.767579170105296;70.75408759568559;0.4180687044198197;45.451314264144486;0.785600345957977;1.20957555225928;945.1062623496064;41.338359091402516;6.02018349654966;24.948225013562478
77;1032.2561455030177;0.5312305565322798;784.6600684129551;0.4665961876995112;0.37504294125765697;1.0922066309118514;1640.4907432062282;780.9347760632888;81.0893804193171;160.60672700400102;7.69731638998241;76.82781587448491;0.4375637339484979;45.393174070261686;0.8167982008863947;1.04333805230192;1413.1181917296508;39.203959549061004;6.588851434438887;24.687936519283845
78;829.7611971097461;0.5602024534511906;580.8205344706861;0.44077572902323714;0.32049925822845937;0.9930627763448546;1211.1857876790261;629.3407815963776;81.7874186431015;139.6807039814737;7.762785827590532;69.22954640138457;0.45317415193703575;49.63366422581877;0.581560726671749;1.0910619555637484;990.1907781274873;34.72203290520013;6.871543074032559;20.705017667661842
79;1180.5169984914153;0.5192418315150574;1112.609690070925;0.4800085318930563;0.4486255469507184;1.1600303431744023;2002.1008547514823;918.7726340761807;77.24498396650958;191.89326887204138;7.093524669667153;92.15103565474669;0.4074205967448748;46.57187949864299;0.8398644727632676;1.352411373209419;1695.7755091473207;41.655578292533484;5.323982918759016;38.3564208959596
80;964.5434238775412;0.5064435222665548;630.4626031661228;0.49324094826389747;0.3589061384987393;1.1798408630470192;1615.4340061557468;717.4227523030098;79.16565198906282;139.06645268840535;8.051429206196607;72.29094916546529;0.4048712932012862;44.10121179010479;0.774177539784311;1.3151729860062036;1395.807211843914;40.272038706841265;5.9321399113263205;33.51305188985274
81;416.8177446919967;0.4789437176867315;191.9567862343208;0.5151998110994462;0.22933167244735272;1.2813665475263116;475.1391933904279;291.880469683473;83.14067839062996;78.69603089914511;8.85452390128968;45.26599996741309;0.4151681316661502;41.371510662573655;0.7335191714531097;1.2421564261664468;391.869951091644;39.64809758374901;5.966164132130992;22.5306781245696
82;937.5529966002856;0.504757781687267;610.0368687646971;0.4902485305282052;0.3507599436357712;1.1231063864591786;1447.3520859038683;671.5133713425142;81.63735179533174;136.356353975494;7.415329764559925;76.89505335481148;0.4121641267086554;48.02029444827885;0.6239227155023039;1.2082220338895417;1260.9634820850206;38.17952574103026;6.567332153060614;29.37491597887441
83;767.9831727396838;0.5864636221891004;371.74668409942444;0.41760631381752983;0.32861754069204924;0.9107880391738238;832.5058208406269;537.0502330428518;80.27727658750565;121.79429320942195;7.771769000047635;62.84335564752993;0.4613544720545049;48.65608507408093;0.7571930524134426;1.0407176689343567;749.4224953561974;38.369529175468635;6.953902256704132;26.352303249944963
84;1163.7492205126841;0.5607696576542176;716.191356600312;0.4414977157049118;0.4133054568169952;0.9392861951218057;1777.4135153083316;929.2864230787011;76.34464015558397;145.35813599595275;7.838595388004911;74.6339610393749;0.4127632822439802;49.48640869072235;0.40351233887500737;1.0924634223524532;1549.2816699542432;31.909021762770486;6.025040050564102;37.229379952466346
85;812.5796634023606;0.47031554471225295;422.8475620117833;0.5241341832746346;0.3226026744020722;1.2252534690740786;893.3598035597255;600.4168986971703;81.15370403583066;99.5062720603192;8.588232691807255;56.003529588493386;0.3940013122552302;40.1831805484667;1.0297210374972126;1.261563794419734;816.3358745046044;44.20836775872385;5.516610589160585;32.83312591698559
86;345.704406876694;0.5055292274284239;146.043476119673;0.4964936067826329;0.18307133886559487;1.0835499023922177;365.08114697441243;234.48266779474724;82.36020723794756;54.494609382881265;8.27849763722781;45.34136414166999;0.4869038118509483;48.114701603853696;0.812624258231482;0.9893040760888429;299.47221894072055;37.76666873066619;7.333950022656837;19.428659316858287
87;1101.3909555613093;0.5309383956510887;842.6971680211687;0.46925719421442796;0.4099001810713221;1.0137748998424967;1454.5816576427276;818.9227881348164;80.73493541962145;133.27192835645016;8.071508990165764;69.70986656111405;0.41547180647274;42.86014752710455;0.8109793110917972;1.1512189646857207;1332.1568332188103;42.39731514311284;5.532581191163424;30.532445902073217
88;827.3725735960952;0.5626523465898282;621.7690968740142;0.435046193151991;0.33406997389706233;0.9826448668183504;1177.086936262913;628.3705634393364;80.93549619599456;120.97016231931805;8.583617500120436;65.99449447815378;0.44585090666576405;51.1639103995095;0.31216461302594706;0.9253393054078968;997.0787696679492;30.29223276374933;6.728364852658752;22.15135459033342
89;869.0069444475356;0.49466918879129546;880.4563341606649;0.5008440220129282;0.32998288462105047;1.2119222231797764;1315.18859658731;667.5976061446205;82.32836105934759;139.47883349782725;7.7937386947689395;71.8374271665729;0.41899880351175006;47.046219000816684;0.4517865315630381;1.1295856390918877;1047.7927378496945;34.27037660051906;6.838715971389213;21.62066572806408
90;711.9027557807552;0.6101509035181577;431.08218144924393;0.4039667688478583;0.27179738875736165;0.8393487251424955;785.61982041053;480.6608430116353;79.74355576116491;115.1352332170153;7.6695272114461295;61.65116698651863;0.4593105929947916;39.20737569965567;0.824524181875009;0.9816970228659486;679.0182010028401;40.327016650940635;6.052903393508809;25.226030792295493
91;1051.6515636033348;0.5363734722973968;813.7200330573222;0.46970206573768475;0.3583693371101942;1.1123640296771473;1505.765151602757;778.7357587682513;79.79927609675529;148.481127889717;7.539760443554155;71.09007385786909;0.42687589163580536;42.902302040559725;0.9731950535589764;1.0905397113419533;1284.9827419821809;42.76781635752581;5.495652267791026;28.698817353967062
92;1037.3863634322252;0.5324021415935274;728.6660705306335;0.4665417021383836;0.4108050368588179;1.1100852225031559;1805.4928061524577;814.8810587919447;78.78707805588427;132.13839703906478;7.879211852169559;72.7216337485258;0.4251169373219749;39.9259712462678;1.1189614448539855;1.0589709890858945;1520.734918277267;43.75074079422578;5.502305484784379;29.851096474514545
93;555.0499802069038;0.6066131520516225;295.33158858724187;0.4019627767444174;0.24785348806601637;0.7367184095819899;723.291394141889;413.62276711060167;82.34138238704222;83.56873853566466;8.723955592852855;46.598063098605486;0.4242743511305491;38.79493889727797;0.8993544052179012;1.100436219817038;625.7593138978917;42.736600091668144;6.38175067146753;23.012977196975093
94;773.4911526349947;0.5535855552022535;533.2769018163049;0.44894582872840105;0.4298294585935469;1.0687239836025577;835.0987849859905;578.17587381849;74.81396410136651;135.01479222428713;8.236597732343755;61.72048445732527;0.435457127212653;47.51528662653386;1.025102802683987;1.0731376512881954;698.5518818323253;41.215159486152;5.97026147768474;43.997827309915024
95;782.6271677593326;0.5107065340705472;613.6010643651905;0.488910698278958;0.3163766042037612;1.1771986880601173;1277.2877957772778;556.3955246816719;81.59057771763375;141.36681135614225;7.832775811670924;64.8914814088681;0.405773881504953;45.67862596877337;0.5629466994821443;1.2147543045970706;1017.0985625115592;35.58642753376815;5.8859734273188415;22.00407210635846
96;763.4243268061009;0.5093200649431902;435.98144603075616;0.48221478673497664;0.38149094886955986;1.1621830140540776;1291.3009106169714;609.3361879004493;81.03156784343064;136.51525526864245;8.48746607080791;62.14333225612043;0.42418955807638503;44.22372570923188;0.5261634346911849;1.1926082825359625;1078.0503369722212;36.734272336438046;5.808224739206833;24.972486631012156
97;696.0137467815476;0.5061789363557953;672.3974569747195;0.49413672157602484;0.3367395751826355;1.1855923859900612;1392.1541076236117;512.5464522791002;82.04111227526393;122.1568247588969;8.239448424937297;62.42352932866104;0.4052742630531383;47.84420320430743;0.5112724083478872;1.2350256767921934;1121.066944352215;35.77202105658845;6.240215835716824;22.28024789878477
98;719.2607648931231;0.5317532639321082;459.6976071582743;0.4714658710475871;0.32094690296233197;1.0831018817848534;904.4216551452623;525.8894564280562;78.38175489726119;110.50022214854302;8.359251282800251;62.15698364867339;0.43943535807435535;41.73438158882921;1.0547448411855471;1.0436046046522287;790.7505682721396;42.66649833347932;6.209077610791314;28.78561875128995
99;471.5973396132463;0.4859435829448309;302.80353311810126;0.5113462890357366;0.31033137288667256;1.2335091277133021;842.9924212841632;374.4452859726919;78.59369129009612;72.73620673866543;9.649426357143438;39.8789952716844;0.39015309445975316;38.438662781509656;1.0146398440522928;1.3853632282050692;725.0022687651623;43.96714801040873;5.494777019775685;34.58923455795159
100;869.0579821084021;0.5190392132110194;638.7153603568097;0.47676878309661214;0.40596855800985493;1.079966661783787;1524.4840797759618;614.9199475459549;79.27831581368906;128.37477476514323;8.920428391694053;73.42013757868419;0.4337087463790692;40.42408640432493;0.652849931097122;1.1247961467414942;1313.6026523648786;37.79586734844499;5.6167453129170966;27.4450007248826
101;896.9896170551884;0.5293311420577613;780.7642091973664;0.4678180271601467;0.3776980508417853;1.0753629586209361;1398.1092053345403;669.3812492747269;79.73182263915949;136.56715912795275;8.09896184470907;66.75131284821245;0.41667476934428377;50.39137892940257;0.42735487147843404;1.1754571560994647;1237.682104606753;31.929441526213267;6.567094499197727;33.18124489367203
102;777.2789384856619;0.5103109101356957;382.8608860969759;0.486368053968347;0.32049492527524953;1.1984105122411521;1058.986420427864;539.7442696501097;80.41924406882451;120.98340314697441;8.242062530458169;63.75682185738034;0.438358656349853;42.868064871727995;0.5520023122434137;1.1676554981974456;915.0265591505431;35.01363796455836;5.923057537992538;20.231137855988077
103;1049.8231824221193;0.5416077952862148;762.2162637399701;0.4526256567726276;0.3960003762664508;1.0423764244201301;1570.065645534355;811.7687231653392;81.18529994591722;168.2061643973641;7.4854033666394475;82.25557473299185;0.44402494025920397;47.08737209102678;0.6624128870110595;1.0899534012166154;1288.1266582583446;39.604327180007076;6.50217349500289;24.532240899885213
104;392.12421829540955;0.5105094311898102;316.6702732305803;0.49226447171330284;0.2928772698548131;1.107112487436709;461.1528835784946;264.7010263229148;80.08911816321478;86.19339156351424;8.082951212253159;45.804571948792514;0.4421685409399399;42.60842876870278;0.9149749598666099;1.0618288006196426;386.41390920929484;42.85539253189109;6.828740874803446;29.345603933969063
105;518.3145471907444;0.5128099838324837;291.7827670600189;0.4843591747101666;0.25479283398911584;1.1029981297039282;639.1535307697341;373.52687846373686;79.76964227652142;71.36045362612298;8.893440988224393;43.99792345573672;0.43903950106580236;38.569131370095874;1.032114442756613;1.1248726769642157;559.5530827790053;43.33031308422116;6.2018355259924265;22.06700516612638
106;599.1754607093072;0.5337443402840422;346.0037035213261;0.46751982466140296;0.2524346353525378;1.0792453739628638;933.1014603835337;453.07351239217564;81.89282823700314;93.72726150835466;8.074871002192786;54.372999124570036;0.4478275086532744;44.85225241851123;0.9361467458972247;1.14593443935253;763.1505860095604;42.42120085613906;6.738994834782566;20.06062158805946
107;339.36469234728935;0.5347312995204468;191.17879403995923;0.46401862192751736;0.2309923993310514;0.9516985834062881;474.3851697619197;246.64273345255867;81.52484918621859;62.429011759296465;8.717918838773135;33.78117888950604;0.44948226445702716;44.33901067415369;0.8723202362788357;1.019668624290763;388.4364302724285;43.57268268522457;6.636812541755757;26.293755856162964
108;1123.6498197490525;0.5337432702685262;878.273379545456;0.4693167626345667;0.3921167836013999;1.0716613274117497;1447.8030843745726;867.3572528653475;78.61608147083825;153.04287407825274;7.715052262234599;75.6898682416257;0.4073451193875988;46.75519474961202;0.6793785344652755;1.060914211787891;1248.344557639755;37.738082653169194;5.7951994807646425;34.40988044962304
109;952.7794512875886;0.5405896525690312;652.9851495914542;0.465043705252383;0.3357033043285423;1.0847142169360215;1303.99681600269;717.820549655151;81.36733372244494;133.25691080481417;8.040363771236233;68.1724403035316;0.43383163474890774;50.85255360209426;0.38353093561011964;0.9502546326813698;1061.010293120775;32.469180837222375;6.638821046828482;21.77346446108724
110;955.8555854468432;0.507840981487788;505.7461223554088;0.488746896924133;0.3388211455137375;1.1684337845771728;1473.3330503693446;718.5315343137472;83.00829465930762;151.7961389908772;7.606373954285858;76.07227670573154;0.4278382444329288;48.26821982537564;0.5026185996729785;1.1232546664890237;1205.478848569242;34.69422379254882;6.131828042149778;21.825421476490828
111;414.33600795950025;0.5390271236107953;196.16161997376634;0.46574637908168626;0.2259426000532189;1.02923963064511;509.18454348288157;263.51775512662283;82.31256293634749;72.40784644584015;8.074427266496011;42.62766297589878;0.48076890488926594;49.74890258140984;0.579535681945533;0.9646403453200055;417.62388900521273;33.714947273433296;7.601915837680098;20.767611123431774
112;676.2644158438202;0.5505418826189307;539.1960230835051;0.45374641527031384;0.27065514391709405;1.0057031276539121;775.4759360924494;498.84194461088447;81.93953138156394;114.11528960945168;7.9783711676654505;56.045447940683886;0.45942504629259867;47.203225479855206;0.8720408187169463;1.0322287262983745;649.7382913794471;41.332680531353695;7.146941369847958;19.747130643839526
113;691.5467151508328;0.5131363543397237;462.16216072109665;0.4799340934130207;0.29341853716489724;1.0929153326641714;758.4266729813086;552.8840432736624;81.43447322622663;106.76294745156942;7.980568980441163;62.04359689370705;0.4499393530941296;49.55635345314266;0.4234688464391508;1.0962134592740238;644.6252248830871;33.960707235802914;6.910069947883486;22.58236085240654
114;1003.7398238666516;0.5168993732397185;661.3184349552461;0.4845223533958195;0.3479320207834635;1.1576754860772394;1626.0186324346746;768.2801839982712;80.47371211902377;171.0309896073101;7.540005390670989;72.83354388770577;0.423936118490443;50.97907609170356;0.39483859360779616;1.0205627323800852;1364.5817055361715;31.77184619702726;7.016242981457287;26.717014823917907
115;838.165490968247;0.522339604484468;551.821823106144;0.47306692608990253;0.33113818634473163;1.0727858894804037;1289.0683497608193;632.7285332979401;79.87454895192016;130.92658871646745;8.19170724619951;67.7371909648096;0.43240625661394855;49.47779741812901;0.5713827922031192;1.0943811866928552;1075.5480464163234;35.05353222033857;7.252493179598525;22.524242547109644
116;858.096431253732;0.536118780378782;686.3228971259082;0.4606812461837833;0.35401723806658736;1.0884406856336177;1378.4877799806648;590.7963709636402;81.50343775063284;146.43127611244088;8.124975210478176;76.8893273719342;0.4540139651366381;46.33992871223962;0.7369716069032131;1.0463274074921995;1125.6778751309178;37.82411122441891;7.539531082289735;20.471642559427767
117;698.1531135420718;0.5597472382489367;286.2600897144184;0.43977404422846944;0.2735762918416286;0.9414031167971109;966.9237796303206;496.83191412477373;81.33995447812954;102.59798002533428;8.327086459821814;60.62903546127669;0.4696005949744296;46.23504687610569;0.5352808220160071;0.991045956964037;818.125115343009;37.72294608428759;6.559387875555053;20.53307232735767
118;490.54145849861925;0.572837410882606;232.6046656817039;0.4279806428068722;0.22697306850149235;0.8452898008812092;639.1873657563466;358.62372210451525;82.8367110085751;64.87742589483652;8.84244520993857;45.59305318275093;0.46482274403155693;47.62418243738173;0.6441483235328669;0.9977548647870284;539.8112888965178;36.742415528897986;8.333868541958639;19.728202814439012
119;681.1503705758022;0.5579548704570518;456.4670290152573;0.4460465472153021;0.2629356660835667;1.0353081629496974;1050.5132007208208;491.4542353477518;82.13266788704162;110.50514467952786;8.398381657440565;57.77595332803008;0.4654331876184424;46.80038746303982;0.5319926375122457;1.0125000317440007;885.2096839314722;35.41418794724207;7.355989636692384;20.193245403941425
120;661.1821036825089;0.5681822956678731;373.55458626959893;0.42796243599555034;0.2664356210063727;0.8693806684331561;935.5244795367774;537.7989400251498;82.22406990193565;95.5195524583936;8.564261956368748;49.84069005594361;0.4714938316332266;51.01954982441368;0.32979730082879904;0.939169355760697;804.7424020493054;30.64720860148581;6.7092297015105755;22.820189242646304
121;287.6677768976177;0.47998387804593273;178.55504333136545;0.5210476475136782;0.3124655734366775;1.2605801026501477;421.2300312042788;210.5326386441306;78.23291837175046;55.36045257357233;9.132621103518796;28.3024095633016;0.4128915284194476;50.83018838032924;0.33510862669796576;1.316269926924552;358.3148492437144;29.689203101455096;6.4242513885248655;36.489141264958334
122;248.21166766260987;0.5065035317758338;118.78336980367375;0.4916672467791377;0.19125136635265694;1.2427716116540783;317.7741345733897;165.73521856848677;83.1262238942364;34.71955719363176;10.05819694123654;25.105048569531334;0.4344858519901895;48.1339968615932;0.4901029019582568;1.3120363809572877;273.16452672635415;32.942372766781844;5.848035637074411;18.37104140921224
123;479.2447834432788;0.4493604787569196;275.1810548129294;0.5442201608609677;0.29701792118819104;1.2987997009023131;614.9075669630482;343.4381768635685;83.19402993828425;80.1259382867241;8.99435103781199;36.638397317685474;0.37261172611169346;38.38518939621989;0.7044563399219591;1.3350215297373305;513.8726605927118;38.34282361882901;5.336688491483868;30.83173845388924
124;256.46508351187543;0.481015919205531;148.8831666633499;0.5089552815253701;0.20062918193611598;1.15924365683887;383.0484979142796;172.23614684611206;83.5161081868522;44.57169142673609;9.562911946214081;25.528454409373737;0.4392609895385909;38.89654354861317;0.7779142580999507;1.137962416007398;325.1761178090292;35.721480517331536;5.654361282674195;17.935275255685234
125;1090.7692018101939;0.5279396589860729;698.5441551603859;0.4772682949637727;0.3925218594074102;1.0845915595946072;1078.3518967072926;852.7520308654631;78.46606244270659;158.77852118130772;7.931499711092205;73.5789147384678;0.4104175716373799;49.99515137214639;0.4124472681647086;1.1367052731869773;930.9898287035916;31.203407325739477;5.565732405894327;35.531477417357785
126;379.90913545339197;0.533947481415874;195.2697992670466;0.4743298076515668;0.22584221409245778;1.016943872219938;482.8564950036163;260.18947200102673;83.2617064430095;52.43624714654389;9.264945987297626;34.62424023300066;0.4417714997273226;37.82292638093883;0.643317934018547;1.0388046038040497;418.81082389281147;36.85462197281005;6.028946192508439;17.70091724743042
127;666.1704317829088;0.5889724967177561;425.8605253191834;0.4183419775956154;0.27324224038987094;0.8375571113938999;979.8801312961764;501.26629400798674;82.81343420160063;98.04760499405693;8.582034604189433;50.117662330865095;0.4587382755649887;49.49977516597372;0.4430959060780976;0.9703869896780274;809.5914315916385;32.3347888820385;6.117512293909114;20.04504588593186
128;904.5806855072519;0.5558535668343395;765.5467107746748;0.45047702014688723;0.3611039556603133;0.9817566598589836;1576.0226351161573;684.8512091345692;81.91135565489175;144.82143796666966;7.722670454700214;70.26909831449909;0.4496122872972442;39.43248998224416;0.4939734227403318;0.9915579124821772;1318.9941310450147;32.80008998285578;5.497677300880916;24.301118806130177
129;610.1836105967254;0.5499953528350675;453.62546447128915;0.4500626034242408;0.29600123483000423;0.9161815077030969;863.3833190668903;443.22304929817227;82.69741315077373;105.80572522131236;8.412581295422084;46.69966583700036;0.42346940515218273;39.13068381512678;0.6453481247993783;1.0718250545404142;693.1000448842483;38.379847630241784;5.6257662215231905;24.99309824390795
130;762.1863781500106;0.5075155291056236;560.8907015584153;0.49381556629737644;0.27650352299841713;1.1304224837483694;1059.1368963765908;574.6461752047975;81.31843440799724;110.46000458891614;8.457306431561289;52.087111249179834;0.40839257379881305;47.70531661583564;0.4383411683005514;1.1994237047175675;924.1293757241415;32.08552726756287;5.994683911322526;27.401505254194788
131;539.6001652202549;0.5345836309451599;355.916946354995;0.4650337698619779;0.2273609063707731;1.0304611028105712;723.2189079324294;420.45530041721196;82.96526050689465;72.70252204488973;9.183529992791499;37.43214081639339;0.44029050053905466;50.01348660536062;0.4906837938617696;1.093970921916532;646.5209429788846;33.08407375162313;6.071734953502131;20.383398030633856
132;552.6993011481104;0.5585791630512893;257.544218118655;0.44268398782692736;0.2635144331577193;0.9008845975574223;701.8791286753357;418.45912671477345;82.66621157965731;81.86959432478436;8.291177249180539;43.797685178089345;0.4388750512934516;47.3136147713077;0.40549588943156506;1.102325148020629;585.4236993132231;31.97800421996042;6.036431533248397;21.92486118324898
133;661.5095565449511;0.5502259263270773;494.3157402834427;0.4503025335766738;0.3047070881561397;0.9855629907178186;983.3249640020085;514.8683319176082;82.36071090919805;110.69921268789341;8.173865770150089;52.68963910760563;0.4407115945881118;50.52161565966778;0.3609541797486933;0.9924507747716435;867.7337783255415;30.13928494433333;6.772807378906141;25.708407226652497
134;844.1122284189307;0.5695811729817983;535.9143186044399;0.43136707284807085;0.3010243818460988;0.9071789895168105;1177.702580683532;622.4111024733631;83.22766801248717;111.68630010263487;8.571393419314806;59.11087512798819;0.4127033293666664;42.97579586040486;0.5219337417192899;1.1157532796461513;1034.433175425597;32.41916117733337;6.004222397902469;19.771717221005993
135;316.41809631872013;0.5271682268180774;165.81310090995504;0.4717690842555234;0.21935787057306183;1.0169811077765343;435.31215951168616;226.86009282890035;83.36021307553774;47.58501415142038;9.250915608377653;26.673090496391502;0.4395726632669431;40.62491844784719;0.7078643052579598;1.0742873319808945;370.9544227717108;35.767699669828275;5.565354727607577;19.352835864443904
136;802.8416186015758;0.5833044265891627;456.13413067383385;0.4275983816800581;0.3461131178917208;0.8086842531329345;1130.08671070394;680.679966500786;81.51059392206714;110.06485672065395;8.56194547369728;48.53375027549952;0.4076582485212307;50.54046758638041;0.39940013498265464;1.1667187459582256;991.0984326027223;30.700800102852075;6.0596715069914;32.58181116944379
137;800.8732197540406;0.5816065941125821;547.7925055681003;0.4266274584043208;0.29973498600865706;0.8968237305360648;1324.4714386090955;612.1218141697021;83.08318477976327;127.60635437616247;8.318238813231597;56.80858657259875;0.44045625019266293;50.87480829551554;0.31340187080161286;1.0725991018045518;1139.0890964699759;30.26612978987131;6.400430229205882;23.760940262331925
138;365.3125628122522;0.5678840286160476;196.46264285263933;0.4391243690999807;0.19477109049772082;0.8805272979663353;489.61025594316783;259.3514687788049;82.76827698209293;55.1736476995842;8.71225441902891;36.41287923215422;0.46619734786699213;46.24921352822218;0.43820781364635447;0.9808385542840047;422.2155351490492;32.539408482093165;6.075344818400873;19.860920004624017
139;687.3160405217217;0.5261328857921557;383.56942999745326;0.4777779323445263;0.25968644565807625;1.0856369677363873;945.7490687564342;513.2124325568218;83.13090557882519;111.38721531480762;8.243760652675034;54.13041617485306;0.3790128231648213;47.38723142065779;0.5767150441321998;1.2749646324453192;788.269912335608;33.03942957999129;5.851389785625254;21.96338709159275
140;514.3758449969611;0.5718677640676318;331.1606925091137;0.432051897201741;0.24657184651488545;0.9164481551386231;893.1200695736155;397.65842945680663;82.68727627869823;53.93473362539671;9.272705130377545;34.190298712034384;0.4236627569510888;40.07972644191203;0.8280785353884312;1.0577706344208992;752.8847850445615;40.876499516351814;6.100220481081381;22.38183759711312
141;495.50871943266475;0.4896260449951077;272.33412042255645;0.5074264702280032;0.332710197968671;1.1736959374602685;638.7694624383972;368.0907685668801;75.15121010072116;55.76709551246968;9.542218944556607;31.43467855742199;0.38115181666464776;41.096801155442996;0.7889709232799497;1.4169155407778544;545.1725515463455;41.574631370197;5.2105298522213195;39.83706525113723
142;219.9755676556505;0.543308474469295;108.55357697048017;0.4571804095482316;0.2454449603809322;0.9844311412364855;332.7469034890197;159.82577524629906;81.27506914737906;40.09095583470548;9.976863576193272;22.308035025586214;0.4059310229785716;45.07263173642609;0.767095663035744;1.3947056346230071;301.7286580097567;40.45041256366363;5.298037500455861;32.91956328845244
143;628.5780888989736;0.4415952731478311;441.2806892766389;0.5555353403335812;0.3083031634720227;1.3705185773174149;1316.7650062376981;490.30196660752136;83.45162561489596;99.09134190665496;9.307194571395808;48.181250279309566;0.3718590268438248;43.6328126435678;0.673766565696979;1.4112646005846279;1110.0492848496724;39.083645387712586;5.35212319406554;29.331426133287255
144;939.6876523243599;0.531805767086366;1048.9065686192976;0.4693330337624297;0.35939419618236546;1.1145455430224402;1973.5713649663874;704.3592355681809;81.76153234427025;125.92581607141055;8.73356791342745;76.48871611442304;0.43247712001883526;40.79852437192352;0.8796715396978353;1.0938900244803018;1694.7330189563256;41.70106554617193;5.848400676515834;32.77845277137495
145;308.77983587904345;0.503312183343631;205.21395795845902;0.4837823445712383;0.31352294242712425;1.0959757430966894;433.2386175395679;236.09528326741247;77.09776987320849;46.144960708122234;9.97634478528285;21.32782870720972;0.37678741713035074;44.46334874357816;0.8420537976368475;1.4961385252049582;380.97509742852975;40.38640928265505;5.267579410440374;42.14628651941114
146;246.86345668301695;0.5192088419866595;157.01326642661866;0.4723253170255683;0.23697999386705726;0.9959905454846467;486.2308717383078;189.5720205436418;83.97419675374123;27.468446353751087;9.9135215155158;14.789090864174012;0.3678118410875449;40.06588047860591;0.7707555380939994;1.490605242754017;427.7022230746404;42.43027315095525;5.78349720595088;27.081950978419666
147;724.18296963645;0.5280724083489605;828.6297125481569;0.47575028631903554;0.36873654911469955;1.1680823645214065;1784.616990477844;543.119518797808;82.44618752809286;135.17226192312313;8.427961737876965;77.74511162681429;0.42878957021228625;42.04309665507176;0.6845843080408577;1.1300948247661406;1601.697988905443;38.51062721219137;5.470066921047568;30.960899715839787
148;571.2304648960652;0.60574024209573;288.1047866254451;0.39588099436872853;0.28091857343474613;0.7076578308417892;893.8261924822576;430.535006670167;81.2715262859356;51.198803323026176;9.904344046001151;30.423465970132725;0.37398378585162667;38.9947862262845;1.0067369625008717;1.385202260394509;791.6838385204447;44.03155304750161;5.510208271664351;32.306063197660905
149;250.03475253675524;0.582753922863318;115.23955741926589;0.41828672175926274;0.1933077282123398;0.8323502721156556;349.38597800768844;210.6429989498463;84.26028299941059;24.02646372770082;10.171720470402095;15.803516319932092;0.35379035745066334;40.31778721028514;0.7423986799866027;1.6152232663967532;313.1990365633931;40.51148371533819;5.82305847276263;23.290070890142317
150;737.0729549459815;0.5714471099617378;378.79177505087415;0.4234722372228939;0.3039428958160519;0.8234224999508761;1276.4928436790403;583.9588574787081;82.76892853532392;63.42572565898603;9.743051907774054;40.851976012962346;0.3564858681098906;43.3122397048495;0.6028863562335915;1.4788639132836519;1128.9126627265275;37.48065515199762;6.195400686282228;28.28495850582884
151;899.9804205416925;0.5304631159851442;1020.0675830281863;0.470512524111329;0.34917593174270795;1.0703668000096402;1572.1196199964572;718.4784590351629;82.36953874694598;132.02467916248835;8.720605397263643;55.466260970688104;0.3866761750057493;41.8355758568515;0.7121720376026174;1.1008518359278239;1335.8418197237152;40.226858903961805;5.52396529935843;29.874530103401487
152;883.256614493328;0.47806295530071913;918.7871716428837;0.5177456254400141;0.32891693956863366;1.2610278538827324;1712.8378419249802;654.3801493090865;83.7737470258749;114.29859877246508;8.474827784281963;60.08747155916033;0.388515194145848;42.150641745618636;0.7330192773699857;1.1759715344524742;1507.8178493602575;40.856071539528806;5.7446138338118615;25.865455647820642
153;193.97323569792127;0.5213109241111294;114.25950481295945;0.48167512097720505;0.2828974337969606;1.0417670870633724;339.3061983158347;154.7365264950956;81.95818971584676;28.169149899026536;9.574789714857113;19.325336235078424;0.38515611520749254;38.93244521859066;1.0220914830702643;1.2422279591349772;303.7572497567374;43.39924278717607;5.25883596581174;31.40516399092968
154;927.2627575334468;0.4360933357813875;986.2998604665539;0.5589696277318448;0.34747068009472665;1.4215017031774035;1853.3615170823969;724.469751116133;83.75681689673368;124.27643256728436;8.822081340363672;61.45515665239467;0.34243886972944715;41.202467123454056;0.7692440646706024;1.4246007459940324;1609.538463488863;41.56605819091064;5.738685630344005;30.25100321606482
155;407.462085567926;0.42583087971806516;357.225401301591;0.5692455972187658;0.31446053340270214;1.4259011112110422;695.5614824526695;290.13604783991894;82.83001657447099;72.15338703178854;8.745126454119703;29.294278817176178;0.3735217162700614;40.879859735076295;0.8503729980047254;1.15824236667529;631.0847183795964;42.087968385451155;5.451083459688084;32.201342821208904
156;352.2497630290448;0.5162650830220289;280.3651608673216;0.4807158974180162;0.24461420013559598;1.087207009421239;584.3538440613921;281.1440719351079;83.36352534802002;48.01274304834556;9.260021605487744;27.61276727534023;0.38503817098602156;45.74756748765437;0.6157133349784127;1.2526857155886855;515.5386075890534;38.493842222424576;6.002790348081966;27.780461463306963
157;919.5128552093729;0.4568160684301323;938.1041236977813;0.5414300680824772;0.3511232269609068;1.3812725635313037;1761.2912254059502;703.0635425050823;79.94037756875788;128.7608726070938;8.462217342185044;86.95697009593924;0.38599921422186584;41.21051126109028;0.9133535655558956;1.2493557212032715;1535.5028496458617;42.810389159793324;5.388554022523466;34.59435049738392
158;479.86748595536574;0.5818760078834726;231.7512166840255;0.4217768465595754;0.25649808974808436;0.7879645151654225;780.8657702893911;371.241160004535;82.87129696582879;41.438438290625434;9.693817998678668;27.219304524545837;0.3935117759117566;39.70605304652734;0.8701308176315412;1.2504140148047664;705.7382308191603;42.58257625989835;5.987319091069171;25.052011696339136
159;374.1743141834606;0.6025608557324843;195.65749197436108;0.3980566217683766;0.25130436615775315;0.7417502448306016;617.1130438780154;281.67320578959374;83.85140019693675;41.83270977058426;9.339320840761756;21.89167818972989;0.3943633100604503;41.15739123428996;0.7111422144019804;1.2660713767568008;536.9356517249397;40.54075624983184;6.042961490201222;25.80374653759117
160;682.994423512156;0.5140378613727467;555.7290351183684;0.48519815364577795;0.2814202960848731;1.1219998332976686;992.7471291103687;531.1760110209277;81.8165891995438;76.02327292937578;9.356650970247172;43.93947381828943;0.38606905996220703;39.750000072809506;0.9662246117986552;1.1878235014392142;873.1246065170084;43.20005016150509;5.845672133929121;28.24198467183832
161;411.24185966448147;0.48441945550325927;305.7483991682554;0.5145113546024835;0.2933319486355161;1.2623064532539785;677.2184721006682;316.80460498502265;79.08655115123149;64.00408755190388;9.078951867602905;26.88337100831972;0.3693177663180294;40.53427553235658;0.8925229290530585;1.2676838599038989;601.4756766295415;41.1915174469153;5.591265283083672;36.7377987064553
162;542.1894912400638;0.5026792908637318;523.3939311366881;0.49760316290489204;0.2599844371024029;1.1152448257781578;977.0481508595708;400.1981517365488;83.46200245347629;84.13938332803211;9.197661971854389;35.268944448845915;0.38815241935495925;41.523087174197265;0.5748531729294273;1.1467191093508868;853.4461308408746;38.82985631678336;5.820055525339125;24.934906013284387
163;277.3607891365197;0.510427667410207;121.67667327422754;0.4837511492928374;0.27307085769571615;1.118733928037045;355.2566727623919;214.27491372627694;81.63549227344818;29.548680832881022;9.105114813404825;20.558329466304205;0.3902672818671275;38.74912865604279;1.0610940716366661;1.50012701146919;309.4594665718621;44.756728274707974;5.837213142276627;35.45080869949818
164;640.3076694587909;0.522939362565077;395.0274002647205;0.4780239813299523;0.31328783907853247;1.0634414555264302;898.3962177225194;512.5947861839808;82.47875730690039;62.115401288484215;9.633590049717652;29.63498896472447;0.3593607621435126;41.73291368347049;0.7548182824846741;1.47577181359089;812.5608365921694;41.37924172123828;5.659508601584012;34.183957427724316
165;1260.0916513208808;0.5876535439927998;947.9844402842793;0.4072670468402283;0.45891484557775347;0.8326377314472115;2177.093311765711;1086.0875707397972;73.44618720678768;153.31674193659907;8.729160211130107;52.11425584335294;0.3555725037877739;42.90728551448365;0.9615458122748866;1.3644477894404632;1950.309885098714;41.4473265486402;4.938277853029106;50.07571504193738
166;683.706578727044;0.46553466219622397;672.7908846613012;0.5314214393887462;0.3409800590560521;1.336655763062853;1349.9087938678015;534.2300491352446;83.3296245079545;97.75327480122901;8.626411922602692;43.681290766054786;0.3759709164015779;40.146366346643;0.8680802826525019;1.3070272327113461;1175.531448830332;43.77093095065865;5.377754915834312;31.700178724296123
167;596.087071037442;0.4906529183024666;591.2998417663615;0.5116827370265828;0.3455655613319033;1.212187560069628;1167.1714898967714;456.4510030731985;81.72873417279295;91.05013887627138;8.811949398441845;38.40627393218845;0.4155749037051417;41.78177012957902;0.8122912096103511;0.9513934993396352;1024.3308668272045;41.184872651038354;5.5028152857937505;32.918261656033174
168;583.114208264233;0.480072134055317;546.2448244365129;0.5106657178044715;0.27281417945243974;1.2233047341960464;990.9022378955644;448.1546313496825;84.12211950416642;85.83275343076537;9.025228423003135;36.785125551115414;0.39431037284243076;41.0531555127498;0.791359459877053;1.2168177286297397;900.7526575398285;42.55608643558226;5.662443253078822;25.210827275543796
169;900.8561075793657;0.6007964514761658;456.47397524104815;0.3975096753534711;0.4102708692269558;0.7270921221232234;1375.1096538338004;762.9667560933048;74.6110571253428;89.98511389383637;9.179953105884564;38.13101069522188;0.35654692194139864;44.298551612879315;0.9031745557627563;1.4263286658923053;1188.0818810751728;41.317374092234104;5.337240358119942;48.0272514096198
170;737.3249991380204;0.5167956912682631;845.9214267716255;0.48129960483076895;0.3449874243566782;1.1808715675761916;1383.8899050255916;588.2976709692826;80.43303575076021;123.4209858481906;8.545449164439107;50.15183712991995;0.41464361653412785;42.06168589422439;0.7317556345642652;1.0886042636402384;1255.3074278566844;39.91687460924861;5.593576410465981;34.30622716652502
171;284.4658931341732;0.5574322430237159;170.54011745726135;0.44793426103988687;0.24497526462035313;0.8788314695137363;536.9835177321338;236.8451762046639;82.94698847083016;28.836751519807304;10.009569693116932;16.37082460445937;0.39765356301003424;40.21305388285743;0.7217582590865897;1.1769594498732519;494.5527221590839;40.514655004453225;5.352719571995375;29.383973689405167
172;253.22055175440198;0.5327775402791924;211.73369286142392;0.46218528672608367;0.2877599200234096;0.9692259078437964;494.13492939341785;209.25676727642565;82.18989546166732;30.407912866116174;10.005690090955023;17.142201711334895;0.3684602401742218;39.844712804655764;0.7680164272250143;1.3182998447258774;460.3305817455151;40.58341707424804;5.297462609674615;33.75699302387312
173;235.10092459577555;0.5763478499994283;120.95574410200409;0.42606316214654816;0.19557907144707504;0.7995696026048051;334.8796598918403;182.19158015054558;84.15816125700778;24.67419160468304;10.169240776255274;14.572163623910777;0.37020270756075224;41.89514807176788;0.7269606477418739;1.487284615087072;302.22238065639647;41.63718674320803;5.141648393794984;25.44963474372564
174;616.2179519615838;0.5773900190466754;337.6991363593027;0.42058366258063407;0.32628415519050225;0.8042346299443843;951.7618427021081;515.4782816245238;75.64412574103888;76.688621958471;9.27125755990945;31.90886768198763;0.3707581904677091;41.78783739494772;1.017910199670114;1.2869905072103702;826.1599230889161;42.29180510993476;5.212785059922168;39.57721634148365
175;584.8873542400966;0.550822645268213;349.02539119967696;0.442099611688613;0.32691999029086294;0.8945878847211098;942.123902346873;473.38677668278854;79.32871163481221;72.64684344987626;9.783746798235267;29.7415170487151;0.3785160635428849;42.51164718885842;0.7451198979895488;1.3803701301936573;842.2622768392099;39.08394190057289;5.114701882142308;37.87363540528764
176;1068.5710228033379;0.5192401659567948;882.8542430949327;0.4804051727977863;0.38834044386783545;1.164232335034735;1879.3498108579242;852.8501998046103;75.64109286301527;141.03735475402559;8.32901568233565;57.506293963193194;0.39784688799213724;43.53088794339831;0.7308747584736003;0.9741996125005673;1594.4698430804856;38.20786210324513;5.077224625985189;39.84747166304259
177;1090.961778692537;0.5202160482258427;1100.104064843682;0.4786857746713673;0.3915134833097651;1.1218953892915027;2001.2778455810894;899.5535413316793;77.76189379446653;138.24125530906528;8.079447022791095;60.51072161456229;0.34657248490164555;40.783869960226745;0.7790114217701415;1.4083926079243512;1721.1954492083332;40.85186667856683;5.25147319925603;37.742888399696184
178;1114.7435277447566;0.5943123040293092;605.0659469138669;0.40793600826825976;0.46656918335831005;0.802491275569012;1602.5118503035737;1004.4596320814193;71.81005394400569;84.15642844142873;9.744547766923658;48.139252397561584;0.34578553965492076;43.20146388973263;0.8570954895871029;1.5703442209577514;1461.5453436617497;39.81053375636901;4.729200587238841;61.51833515686149
179;844.1214530736817;0.5553336309675436;604.8875635995565;0.4495026874923169;0.3983555122794311;0.9729429162777934;1186.1584840456896;730.191071961379;72.34578440545454;90.90655823511467;9.195672786089917;35.268257197071684;0.3448469669148239;42.92555327009623;0.853493027930278;1.2927859228750869;1129.6762412536202;40.70427309132189;5.093474636355569;54.613332153208006
180;855.7345922363702;0.4495335032107715;829.3781869716366;0.5507873630752425;0.36053299508848347;1.345804170638287;1787.082243408637;708.4255533393363;78.86502721207661;116.42449073738162;8.06593398312816;50.77853920771355;0.3652667394436382;42.34182252938285;0.7025859848759629;1.2133158141435543;1576.7828819600027;39.59536184225373;5.199551253317918;37.24730296183417
181;409.2556318525055;0.4953449848300653;273.4383527731573;0.5027214173501763;0.26177117328077354;1.1489720353179207;622.9967660718138;302.63637653293404;83.27047337835329;67.52352443385537;9.080731241218787;30.42835594963664;0.3935925407775556;44.499446105740184;0.657766192241139;1.3348293604310033;517.9679304727707;39.561138432379245;5.4474469006528485;26.883653978683416
182;1071.9484041932328;0.5125678256974486;988.6536126969949;0.48437995134022627;0.3653781309921483;1.1127724229840037;1958.0118436226855;863.8493479781628;79.01989295608949;143.106728026914;8.530830953490367;71.54213800308973;0.35124647658136227;41.176139644145714;0.9340747135295171;1.4485322942708665;1728.646017802327;43.43812132402115;5.421175818639292;33.09972460941117
183;1204.4534247786912;0.4723195158229168;1092.871815723396;0.5255637114373696;0.39833956637559714;1.305969067930515;2120.8853690842548;952.6708986867634;80.26337549712785;146.07477488726752;8.237545990666503;92.47945381998632;0.36206803971717133;43.497463398236306;0.7319547772810308;1.4105281170487973;1886.450268506357;40.48922839697426;5.3520963176076775;38.120123523806484
184;522.5145194877383;0.6515836240294989;213.47874382026058;0.35050415924403966;0.38783673431440785;0.5757743732571529;584.0144453089796;436.3041640658932;72.81569771388966;37.59358619152327;9.630866589336987;34.26097624140198;0.36989520052873986;42.46210628639382;0.846231207362076;1.5503540159492974;546.0718939976676;40.34202684493237;5.918435332604659;57.069999678222324
185;334.56758356274196;0.5439064581116821;198.43996840605962;0.4521838060509861;0.1949797226708546;0.9791372782062778;508.414749775954;272.61504866622937;84.04784951871905;33.54715597856379;9.710577321607788;19.249379508821903;0.3729498763750924;42.50308610020524;0.7432514795402337;1.3110229244739806;448.46761711380327;39.81699536994505;6.090997571238849;22.501747670760242
186;393.96743174854146;0.5271880012181615;241.70994281649277;0.47455828774321646;0.3545794222949941;1.0493164870654006;643.2033806953598;321.05056097405964;75.15220011603391;45.27839258062708;9.135309036508188;25.07718117156301;0.3892811523176065;43.56851407708686;0.8105996760419537;1.2871909597576454;558.271977492871;40.44809985373566;5.511410738170284;47.00330419056262
187;401.1182182192694;0.44173359718923516;322.98037582454407;0.5502314711233129;0.3187892138408551;1.4002318259878608;858.1553723298344;305.4629166348222;80.88845703256769;60.880104634120734;9.028474054095382;22.857539222892665;0.37239546555411696;44.19929099812267;0.7476153658600749;1.4387597445151972;736.8795001703047;41.059666084999336;5.8209464550383645;36.875452330288574
188;689.7256411140119;0.5126893427733464;770.0469402387895;0.4859468459686158;0.32039322866519004;1.1783014971248125;1244.8304751159108;565.4938206406702;82.32891846155779;97.73586366055186;9.063133804589203;37.64152536132264;0.38487337034954555;40.91399795791075;1.0674406601434872;1.1406163866570533;1087.421595143849;43.95174706204235;5.648819792258773;32.299355949024154
189;327.85069263171505;0.6373320559253748;139.4166914254209;0.3660411690731508;0.26317294546014686;0.6402109559994313;444.824497679737;305.5977657183033;80.31075347211059;34.218965322451574;10.244373890360569;20.816425331965043;0.40801672301472597;42.2226161277846;0.8108054746338739;1.2668123856975309;393.27664171990506;40.30496329450464;6.341928881841216;36.667707140007735
190;536.9584003299454;0.6478863232504607;247.45338953994755;0.3523510191699865;0.3201008158615477;0.6057202513150571;735.5772423738646;443.5252310191852;78.83127798732954;49.63938493417425;9.325586560057946;27.379592780702506;0.40157030619704875;44.79169988858103;0.6856890546785145;1.306536134141327;633.6785556460662;39.1758390303199;5.969885681839057;35.257165516472234
191;447.6095923967112;0.45345127678098524;356.61131990559943;0.538344622021332;0.29400288349075093;1.2874430607324445;707.8338568169858;331.6112140422205;81.86836836305731;69.20649125006497;8.99639710572626;25.12039390855034;0.3818147915504057;43.927105833631806;0.5905876073126279;1.3434714958143628;630.116321121325;39.07341571562686;5.531909203712676;31.360641469592366
192;191.2153643668507;0.5401821953405996;99.48564951019199;0.4556414517595978;0.2872415565582277;0.9404881706648757;321.87317549599874;150.14518329770814;82.48427776441596;25.637163546673342;9.852159866843742;13.683664007507193;0.40473156679112776;37.162667393163574;1.101110566525482;1.2002695766219087;292.06201363617845;45.47347437056768;5.141457560997779;31.473347639872834
193;797.7493986826018;0.5648411954994298;472.9498644862797;0.43383948629146574;0.33072065968843994;0.8846199093224282;1567.7454818257959;678.4799352501137;80.74242714523542;76.03915157998871;9.34684068854032;42.04195917871039;0.3788774158994367;39.913037124600876;0.9050271533383093;1.403765413320535;1416.1767746080372;42.81898679101677;5.519779384972332;34.559520275579075
194;805.4168013160461;0.4749130689893592;894.6271942653188;0.5206143219525617;0.3293577395100081;1.3084271261309308;1668.43735154922;631.1053611459164;84.0280318421773;132.50025032900714;8.592413214549055;60.42733443294673;0.39498998074980135;43.99349365966648;0.6305677333532717;1.20880499059837;1396.4715228735847;40.03437251099381;5.771961675481601;27.250389850300717
195;188.50817861064743;0.5259568598685823;120.71227764804507;0.4728078081543859;0.27454112973123923;0.9947977655299063;340.68673607845955;155.68502463903744;82.35833467067165;26.093440244019533;9.277915237245441;11.84807492961165;0.37961363642044366;41.482820951329366;0.7148946172378216;1.3795130182894102;316.47450575974466;40.589744168420175;5.170048784203124;33.86496156971808
196;587.1422331630397;0.5194173237412382;321.5839084341569;0.4820497349026545;0.44164165483580925;1.1287385314074678;516.0727710477013;443.2030759132292;64.37994190821023;79.17274392315238;8.968465252305386;40.38193679986512;0.40837837202622973;45.77841873385583;0.8807090556952025;1.3460336374971478;461.567604408594;40.495324030115015;5.473523628780115;69.53666243131214
197;467.24396511475203;0.6319271631661846;284.2588334279061;0.3717785689358866;0.28787642933841256;0.6634815193846827;741.7162341659417;378.60503645539137;79.77768294006766;47.174741039911765;9.920997931492648;20.90646039040645;0.37382133724094846;39.87776795845022;0.9449073068439873;1.255417950453657;684.5910050297549;42.850098284091864;5.238812675032567;37.03122140231078
198;421.3588255261743;0.5776669061657594;174.18504892356896;0.4223127471213896;0.39170356887553454;0.8689759759447234;463.144352367701;334.970764151891;72.34479012833326;43.17305062692705;9.090614042010506;19.813485145051917;0.41056445825579807;41.82259278708579;0.9327227054725804;1.4611003829249871;420.4931552853437;42.97500804666905;4.820111507655539;59.656663665158824
199;336.82161449558663;0.5600645783731119;210.84997364485983;0.44757484121815505;0.3228137292984246;0.8948814797157164;485.0667819114305;231.23278604898772;82.09223153118948;55.60166657528941;9.492084720492997;20.4380041677117;0.4265395779673818;39.898656173363364;0.9835955050947053;1.155747922712455;451.38793031102887;44.38446599944536;5.6010699864406215;32.381378516357316
200;648.0043598373401;0.5162609115661645;522.0391435165063;0.47894188772444185;0.27719450392729766;1.0804102244988127;1176.937873662348;498.72266826522923;82.62474483741353;70.95947956653218;9.53228360645972;33.02448523884662;0.37740241921281825;43.602646155314886;0.6104742042352441;1.2744006485764998;1061.8987579014915;37.84675613169018;5.891840322709416;26.96601658069555
201;470.87449029776207;0.642993445739357;230.64828945816325;0.3608052410970544;0.31595557296120796;0.6648505076730511;629.2961305561787;382.6543592817199;76.71110709603833;63.88402184437454;9.669149633196957;30.71683235329104;0.4002376836028046;39.43949574507454;0.9032945015477835;1.0872901519820093;574.351732621518;41.664018341043075;5.738380567071214;37.964999123313696
202;785.7479533314303;0.5986442543130296;399.4866584903675;0.39800755016816264;0.3679069782308184;0.821087706423433;1055.4302729219687;685.0837377849275;73.35380951909485;66.84244054925152;9.550512805914494;36.5213338761643;0.35307058929989116;42.030225469336536;0.8918566981418238;1.1858931988334571;960.0314872942936;39.588997031811196;5.925645651273236;45.24187352460769
203;248.5247212729859;0.4693538950658685;168.933562044133;0.517495857587469;0.3091981152503534;1.2392812229572459;385.1261834948994;179.53749320299485;81.69545491957146;36.624662381106134;9.738853431846684;17.091309694860342;0.3712615778099076;40.12737939640659;0.7205332148509319;1.267080208297904;334.48846810463635;39.903021015689816;5.24794746271531;32.78597656625998
204;424.22412913252776;0.5374445489637523;240.194437119134;0.46500655659914303;0.3168076212406218;1.0005577880070646;588.4320603201822;361.41425718867487;78.65396239475582;49.42178276474091;9.533233618713949;21.813475352698923;0.35384870638217836;43.18094396555911;0.8249906760446931;1.341543341526311;541.0491536853439;40.033410347615565;5.6000879765044855;36.60799871144622
205;426.7734047281057;0.5782547892987767;192.1960910924409;0.4169210239584124;0.2590674065242281;0.7992316966787903;572.132720295003;353.28247585343524;82.27723662990286;37.04558116687059;9.817788351436604;22.365352132347862;0.3759680265378988;44.11863048295659;0.6527618807386368;1.2837385070407292;517.3229149660248;38.93747088260176;6.086590182319895;31.924466193738414
206;436.26920572839174;0.6554923508473423;175.14033702965318;0.34582554804489013;0.3211339695314778;0.5738419569432641;470.0686405428713;337.31999693886604;76.03566079601129;47.96220508991621;9.375896822017449;27.900018795602573;0.39151523432293184;40.09741016166514;0.8432690034296222;1.2578160278703217;433.4203378119281;40.95548534033062;5.741032425873159;43.63323739372829
207;1081.737698673646;0.5699390870130948;742.044747045123;0.4402187595858642;0.4169724489070176;0.9571541500743806;1737.4511952423518;872.7887894714058;75.42520822668638;146.17578382641622;8.664946039802649;51.327697975085975;0.362246956796888;41.76546632843674;0.99418070971917;1.1986250388633106;1580.555023797271;42.427648034219516;5.34172862899243;40.0751910002437
208;611.5263617652237;0.5004392686534259;313.1571285992729;0.4961825089658287;0.32204312116350287;1.1435207903141371;673.7363440415849;479.2971116452741;78.75422656987648;76.47139450150594;9.40576203433283;38.40065066766862;0.3959047072687059;39.65157482870805;0.9278466176816914;1.1430875471978976;605.1780618450483;43.35278374396504;5.848083685052824;35.79745120931169
209;491.2766798289345;0.4563607074694767;340.8750688114239;0.5468955777976342;0.2971881145596604;1.3282179825688012;827.7572854195674;375.8958648805267;83.69654696248121;62.349852536795204;9.132492246920732;29.050611201703067;0.38298122210811986;44.05919125182451;0.5536407745125108;1.2148597468617095;721.2921782410796;36.99245833120316;6.030433274121919;27.32357051359803
210;1036.3948979822671;0.584285545521312;590.5015155010736;0.41709805314945997;0.41758070384435847;0.8940233510222337;1436.4211214794805;927.9209513701367;74.93632729205966;124.32368800194892;8.549481011465522;52.129390984345854;0.3589604659790146;39.74127640808476;0.9430418265179702;1.4653319931930116;1340.6020825233447;42.41022301143799;5.451992852943196;48.50555632494129
211;417.62550576812464;0.5062658276060533;299.4613575236374;0.48922125731529303;0.31004798318312843;1.1784920420885263;548.8326157698336;320.3894576267751;79.45828438266817;52.34269223866634;9.49539766883897;26.284023505529223;0.4173655042625974;39.496836505929885;0.6824440895080653;1.1274507192672771;495.54617600144735;39.139454938817394;5.584289194968505;34.896556316040765
212;385.06411047979145;0.6135605996734262;169.83163649953016;0.3927984519154873;0.23006264151515932;0.7091978317291673;478.24986192462666;300.6159008952468;83.5265964319144;33.348206086623954;10.398085724593093;21.79461225605581;0.3869252967642183;41.59595630448782;0.6363679116627815;1.3284779319447813;439.8260580389299;38.82300259052416;5.94659580966088;26.035843054229176
213;230.33150353540245;0.5164743928072146;129.53074087997928;0.4768226711249172;0.26078233494767705;1.030503527940996;384.47649035728364;177.0112782256862;83.65518953416058;28.128621168592424;9.433580766198826;16.816553942170966;0.373653516433992;41.719237674072026;0.5818334656255616;1.3763540220434025;339.4574406100654;39.20089756063073;5.545115248346329;29.68403917357948
214;527.0736389214962;0.5155338785000335;373.0696833330001;0.48357484951663204;0.3617638703113169;1.029822972839472;754.9624567254424;422.9726818146851;75.71919226486864;68.92521541389978;9.196126665179504;30.281851636480464;0.35944500316298694;41.53670277621276;0.9339635858244172;1.4591710695206703;683.7123002825932;42.3161838651282;5.093760780089409;45.29322487865975
215;758.2498756426289;0.5721031797999316;495.26178937512043;0.42966252900626883;0.35871824295972093;0.8684945829092958;1280.1653189780511;628.9102999992912;78.4721102984977;84.22411061054578;9.311998868992456;40.473356193891824;0.37803132098042724;40.703138702886996;0.9074398269004651;1.2893699629731294;1164.1702501961474;41.72392744120856;5.549870133602287;39.27948219935448
216;395.84890465565695;0.47532196455761794;261.24987102415736;0.5207762647635578;0.23485263116100155;1.2012270483383365;608.7094569993257;304.17179016879163;84.20902721033924;53.40229850565159;9.232326721523703;23.91846165826944;0.35778862828074876;41.51640941088682;0.6011762588878206;1.376439262264747;543.5725625297059;38.57188174307503;5.622174278441892;24.788167403677658
217;593.969042489012;0.5495910815752592;418.67588652727505;0.4505824642758302;0.29284483338010336;0.9259269868475973;899.6781946716246;462.76475972806014;80.31425195687773;77.66087418571695;9.580378652167894;35.103008348380236;0.36866622026604;42.987849446910815;0.6200986588476699;1.4527649903781905;793.7749852822329;37.119515748574045;6.0609258846056955;26.278270004386233
218;565.0242927993007;0.6304250452746692;230.77953091398663;0.36925941414069513;0.4100785322165283;0.673491770886984;614.5550394504096;460.6816037014613;68.91670009609362;55.29458295475773;9.70080872879207;33.25785940945675;0.39217718952635566;42.75471405129712;0.8714012018734577;1.3508539809857458;565.0912575139029;40.825161499062126;6.047483925079642;62.81333206922214
219;300.7485602445695;0.5552022864380366;179.88423572204078;0.4395216459818562;0.23313678766910637;0.8544262135253898;537.6441088362009;225.27994044794673;83.99168752241074;40.23430279836548;9.376688625714248;26.641987408001356;0.4220174952814583;44.194016937501864;0.6437399902707616;1.3187771564156876;459.90395383787296;36.83476352260503;5.910420563437671;20.398258018007134
220;529.1529019998635;0.5657939785553879;284.4447013875532;0.43184779758554065;0.24016197647302875;0.8595063098108904;837.2628938324743;421.4441308684243;83.98338095167243;41.032206784762046;10.134937206867413;26.57212314122174;0.39004087918788305;42.50126687029525;0.5380483329433515;1.356781353964165;749.7490216345947;35.37059530968599;6.027349915386775;23.532006806214962
221;493.13393741588044;0.5851079709003273;262.42349876415534;0.41207086905808993;0.32905421437891463;0.8164291614068864;665.437140999829;380.01609203170716;76.53430312923149;52.64394845931816;9.859895757293087;32.26457676586547;0.39595673283593874;38.44827836058451;1.0130181900326278;1.319815103108444;577.1396230323684;44.97175532349104;5.21532769415188;42.500294543598365
222;331.6416184653811;0.4663270558169021;173.30403178913448;0.5226597053502201;0.31018338568677106;1.2896122620684498;571.9676503547739;254.5655368733259;83.06818622757146;48.086622347749596;9.623788598447524;30.232238551947194;0.3892489665285757;42.478880105108374;0.771254892775243;1.4954623083401317;505.15650133337766;41.817789081967675;5.908692679174368;33.772806393275076
223;1129.5563629886317;0.5493883663587699;1080.7119692755887;0.45347034209431236;0.38717079520099834;1.0391509410512942;2023.7121766943499;878.4224821624049;80.65125592092411;156.99262195944877;8.73615440994854;75.72403825492789;0.42316702661776634;43.81090047818823;0.8022907194693033;1.1552142640689178;1763.1963328916709;40.089051180800894;6.540225131366153;32.39551574292429
224;404.9996366900002;0.614713074176538;230.9094522450272;0.38223949265994245;0.2998235047763415;0.7084570311697683;656.1589252877927;310.686634036564;79.7596488757307;73.7745048979854;8.467168925348135;34.80585832747938;0.39233366192309854;45.26239318422511;0.8802052626868458;1.1955593527828132;536.127282344022;42.9716281808869;6.215313004195359;37.2078549875368
225;843.7612823332197;0.6057162642171058;560.9038757140984;0.39355225859845633;0.35019981475691414;0.8113732804730773;1511.6332692670755;668.3808385470767;81.56341414690336;128.3477848552662;8.332601054458754;54.83799639219004;0.39414536240140485;46.34266109334441;0.5863532723056976;1.133316402314412;1336.2445584424088;35.069593319233135;6.952765695957066;27.836806238948814
226;388.9550337221237;0.5142435783659096;209.7026167989148;0.47781379436569543;0.27363982529477504;1.0450576547130037;620.231792471564;299.57095660767493;82.12666216505295;52.84708370452059;9.184068919485998;29.55848723871211;0.38566294778619553;43.16167823424974;0.8584144548086917;1.2775091370749196;521.9405246045947;43.76070003583608;5.948610977626791;31.58026848667885
227;311.0147573464141;0.4767473496534483;148.9452053049301;0.515162448930036;0.21304006609916987;1.233468991565362;438.96739330469427;247.264667255908;84.09369298164358;38.48214119840299;9.312995624574151;23.337770962280768;0.3700927279061047;43.34004849024778;0.7616337872066102;1.3724225283396516;381.78354768704764;42.671136438101264;5.853923350533786;23.166461041106636
228;478.8175253619871;0.5440300385794927;267.6280553408655;0.4531028581731051;0.2339553706674448;0.98013440862726;799.4628689012387;386.6144971114441;83.93889847880914;59.81024450423813;8.974609665858193;33.717974986308796;0.36670163282780344;43.889906481841514;0.877493505731537;1.363494838245026;694.7884026611764;41.632957049195085;5.872861438039998;23.480711908025846
229;547.3996098846095;0.545269471682636;285.84493216552346;0.45825961722934777;0.26742470177062583;1.009338741523206;946.4122937942195;439.6312839363992;83.39101413702932;81.36488911686557;9.49389674941507;43.48491637934037;0.3971937250182768;41.662764597516706;0.9874954903105747;1.1915888877071572;805.9670279714404;43.22029918381863;6.136091954061924;19.619778317640304
230;819.4863929290349;0.5109584147863958;709.3950482463878;0.4860068106962987;0.3189840502150189;1.154340000617087;1181.0046621030258;637.1923519571995;80.81844630259901;109.53778751346019;9.14336069493979;51.19563825213237;0.40263655426904854;46.50322674082657;0.5727346039721919;1.2498740337931857;1070.862302010618;34.81991867516284;6.113161095629161;26.606987174223104
231;394.065025552844;0.5700510690165157;253.283917699667;0.4358985741282978;0.2650870682404905;0.8956206888968197;597.4540969277998;330.3429552017562;79.41656209509905;56.73303797930714;9.357571793466004;37.06021978513758;0.39436876626696815;43.37941453022563;0.7813812840111863;1.2482662525547945;523.7728949138478;39.82977554878147;5.721010273487386;32.29634268999717
232;465.43221928011127;0.5604939947182256;426.40172732114127;0.4468660564276279;0.25828865167722526;0.9690623290220558;615.5694450518886;347.50460886616685;82.76903639768886;62.72543267081022;8.955430438411494;37.13180160568255;0.4471014683621372;44.99554413357561;0.6045033908183621;1.0811686975870625;533.7840542474065;36.056289316432434;6.385865773159715;23.81416938808266
233;772.3408972479821;0.4901610142470314;614.3818001299876;0.5043498910018741;0.33377753995557535;1.1716163830372395;1637.2903881046072;691.0099157304279;82.44407442886764;108.51268849217249;8.604249220271623;49.19829509806786;0.3922638899016976;46.139407190879176;0.4130349485694905;1.1965284148975812;1476.6341992851867;32.323971596400995;6.167430910657585;24.40357371367609
234;493.09703850005235;0.5793904083358401;265.53072141981477;0.42146026071080206;0.26556870949932454;0.8891348889859696;668.7804133806211;370.4390723559379;83.84180332676078;63.04761775900337;9.385660428724826;31.967982965346422;0.4097539170131709;44.617066186400166;0.5918985249263742;1.090697648233102;596.996184181388;36.764508048576324;6.45380471070398;25.5113412806448
235;625.2368493009177;0.5251404112290311;583.4009410296336;0.4703763811921228;0.2859227967576528;1.0480943221317818;1038.916100313001;470.25937477798044;84.06829733310109;88.71253856633979;9.130080175075937;38.44193503623996;0.3892098838057279;46.78584673393834;0.38836811580219505;1.069268231854008;923.2342231258712;32.36106119801521;6.308406559560755;21.380969644183676
236;727.7857744746452;0.5614523238065673;733.929714188242;0.43512055736224126;0.31438607674359664;0.8608953447496278;1368.1888015338202;606.6690444129848;81.06594163462135;100.62010693468551;9.25778603312302;39.14659178877138;0.375244634002041;44.962113824429366;0.4882399287212429;1.1078972995673961;1197.3659594235241;35.32749607780381;5.961965249517147;30.479665122379867
237;597.0165516056862;0.5268269877164333;386.61155345645074;0.46642886526574245;0.26437355083633823;1.0571846908205427;916.0797907054729;469.9272256476673;83.54433353175462;88.40766871969116;9.000085552873506;31.490199940897664;0.40314229408237057;45.861964085378425;0.6085787857583181;1.0033315802434775;831.7991777417792;37.33347732986302;6.3622973524262605;25.190124647062294
238;518.9870410055855;0.5454130821523662;385.79741872388144;0.45273303775841933;0.23618882538241925;0.978963821656436;754.1676884323032;384.58711589852226;83.82523031119591;82.99181579060084;9.168201463099567;29.847743241021575;0.3845957842667669;42.83079797691351;0.6426850539453601;1.08653329211958;671.7271534138016;40.47666492698238;5.941543588315988;23.59551012564572
239;324.875716450489;0.5687453666505028;169.85522904504197;0.42892440219201483;0.22140993568654738;0.8479289268337945;459.32676353011743;259.9333792794197;83.96809224623235;44.61436190158847;9.12104112252632;23.698785872680933;0.42356068121069385;44.55133605440532;0.6351694707798414;1.0612468194435383;391.6554054767111;36.5231480815427;6.705957262586682;22.199070743810807
240;868.1273588991806;0.4724195023753498;1016.5297622313672;0.5280080972770977;0.3209142819585038;1.2903710710889167;1557.18350800094;677.668313555734;83.9393397396708;125.46604426398653;9.093477049575684;52.529000654193524;0.35536383329283083;45.08333134291414;0.5562922631210601;1.2243065356238927;1337.7715137411471;34.24076593813824;5.828493049213612;23.365987057858625
241;1012.7047594079183;0.4752995346522661;939.3753310240711;0.5211412963013232;0.3777873963876222;1.306612565739873;1940.2137068395612;810.3366658413862;79.87775106716506;142.57345412061824;8.472346109558213;65.62537963822894;0.392414636521719;44.40182267492716;0.6691258442349693;1.0735387381910606;1678.2110503162842;37.0893994918101;6.058963552357399;32.728438749053
242;709.8312300547507;0.45301786534198957;654.1907718555182;0.5436632902118899;0.3441168467985224;1.3674297385574232;1218.5863102102765;569.9581289467473;80.31045378831655;123.82326967189292;8.273048779571237;46.93636106157873;0.39007682436052166;47.112588658889834;0.4627635888295392;1.262035972567673;1049.5118581273819;32.49874409622073;6.76038483700902;33.08575304020842
243;447.36404416907857;0.5107412286547778;370.74960514446644;0.4872700770544202;0.2633275162952818;1.1498369682231757;826.9452564892085;345.97589952737866;82.90495033969374;85.27914445882583;8.856662435737137;40.37393056298695;0.4159984770909915;44.88620291523852;0.6879463494098603;1.1785310113924614;708.8538785341229;39.4519195319536;6.329785876055702;24.40899107404608
244;429.2051822744106;0.46926557738355484;250.95770045871382;0.5267775248077892;0.3509032541216968;1.357786500430886;646.7622173332423;324.312995314459;76.43065541563409;65.1054283990476;8.652179665625608;31.965259739805777;0.40162060382209647;44.11653849414481;0.5333207453806753;1.4583308811949094;549.0773133438926;35.669344698272916;6.61196639307569;45.12048518570523
245;349.3130969732038;0.47269296624556545;297.2658803307806;0.5211315317324502;0.2684674041133188;1.2362563271355511;653.2428034726424;261.59130270794003;82.77353283407771;60.4208483248277;8.936828034604229;32.08807173616109;0.40859024346080147;44.45147308941396;0.8485806234658732;1.186997232472464;576.1896811257118;41.48895915849745;6.146128775351045;26.433500428151213
246;347.5595989232406;0.4241842267072843;316.8646293113399;0.5642861050661184;0.2457703779242205;1.456629761596788;640.8501633820525;258.0985033750107;84.22268932010986;53.92058417823823;9.337028445435541;29.37472568475953;0.3721964769303804;41.78044380827984;0.7265433093551048;1.3805144809851533;569.1559981636228;41.18761230012883;6.4001397326720255;24.355415403100057
247;949.6999404138345;0.5484511031416118;724.8524536089477;0.4472963417034942;0.40619921235647194;1.0077769030868384;1784.8625882294075;811.7061195412417;75.87689030260785;97.37425157092;8.848702130260524;55.272650183529414;0.35270555184860347;43.669474891806246;0.8324206564992257;1.447912224248419;1539.1131589284987;40.39067515829727;5.745819592160944;42.01296842443457
248;1035.8680175648083;0.46345663156016254;843.5316192585129;0.5374012681901911;0.37446693538133907;1.3405624006212187;2056.9349044525684;792.9197932622171;81.1057266683293;143.49363941631344;7.710327426976002;78.05196365519676;0.3794954252620478;46.77387514258492;0.7110927842470736;1.308973810529204;1767.2907903139296;38.10363008076697;6.402870241194798;32.62930217195019
249;237.7341471545379;0.5742854630636768;118.23504202174819;0.42476008223901635;0.18146002043793777;0.9113249725526599;374.8641467986963;181.57500208468045;84.07297422759557;32.95240899945234;9.407505404159146;27.569958012920424;0.43139504766167464;43.37699895172944;0.5970228092725228;1.3765801567063052;308.72302134921995;37.45873994182126;6.101631485126127;19.29854823517702
250;332.0408624527631;0.6401752504351527;156.38213994219424;0.3577335585656181;0.28487967781218687;0.6231983583700261;447.6933176927002;284.9661467601927;80.25564449399974;34.10461013027959;9.725811156316;24.086816690490632;0.3881308375499315;45.22012388834742;0.8020193881455799;1.4275575857968155;395.2073490543675;40.0846851787425;6.645681711140475;34.87438567905654
251;297.75582791533117;0.5588452509304387;136.719001691943;0.4402989295605272;0.30446892565579653;0.9377973738743239;435.22690411214944;233.79361508012917;77.81302800605079;30.932360459455186;9.791427588947508;22.32883900689003;0.4028204283337514;42.68435541062014;0.9036612170271706;1.3659685823270966;379.71985645671896;43.633322782227076;6.127133735315839;42.1462686745694
252;524.2057617489066;0.6104435249773319;253.69087401524766;0.3892334545976707;0.28060844555415326;0.7164366472483154;699.4559618256422;447.1182530564447;81.71119104665128;46.07972023977849;9.754954171736355;24.30371752161511;0.37046526419730963;41.90857113370923;0.861694888128822;1.4121211243206695;607.770592572035;43.94288874674664;5.859531921454208;30.714928520041585
253;433.8019318599301;0.5195440850878429;278.27703820044565;0.4773395934519513;0.26932262889444314;1.0124250709951248;785.3308574816926;358.3282804801504;83.62491330209238;38.47101923798828;9.571602701186734;27.396706762263157;0.3418578295374483;43.51388696389287;0.6963235272611551;1.4336455417533913;741.0349071130929;39.13234198427382;6.025048535540868;24.655123607179085
254;344.66884598149085;0.4467758833861525;322.4421394885884;0.5380192841591253;0.26909255029909174;1.3900923274809227;592.1369157171083;258.0089681014996;83.55346480113037;62.82210931849728;9.097324441678122;26.90120611417726;0.3699857862661004;47.037397026691714;0.5531661731561595;1.308922845136348;515.0336754938368;34.64329352729363;5.826590734042049;26.682766975619646
255;226.08989065512057;0.4946356928959003;142.03310624043533;0.49789247905952433;0.2687694156119021;1.141479623641691;355.7264282111927;184.9124445847176;81.96039083683772;29.888448303708834;9.545637155503961;20.696761367530506;0.36687617637935777;45.2456833150099;0.5202392656604147;1.3308651207091664;324.1795242038272;36.32475395654498;5.905794067663851;31.584020577371454
256;367.1372431456228;0.42910628058574785;274.3282631572525;0.5584764052872285;0.24167279995724109;1.455909089974616;633.9831966578668;303.12178013266464;83.9648723407923;39.117082209253454;9.35870799958972;22.516548361943475;0.3103512694112666;44.91964862582342;0.5932261448801504;1.5188075380306967;573.0489949867493;35.80867011990607;5.981409999047167;23.955364856667664
257;646.5732120800474;0.46803271812652886;592.4325102002084;0.5336826515396161;0.3270453024076209;1.3274684853076706;1384.9306447761885;488.8686063668132;81.80260580968486;86.56610042827815;8.63919442943459;38.33165821804514;0.3489667771563821;42.51650334838748;0.642105784482527;1.3873193269696666;1269.0565773060691;36.64955407736786;5.6003233238393175;31.615214240871865
258;567.3976182421958;0.609752979520768;311.5271610583499;0.38884831303868356;0.34225271287241493;0.6914699439049267;779.8452074450245;492.3268683902781;79.10222420016342;59.53106794531622;9.453158410970968;31.109043275662223;0.36099591753156574;42.20556429193625;0.787739058279007;1.3998217647618516;715.6101036842427;41.098148878316174;6.0514815880344175;36.867488083877014
259;946.1800965956057;0.48317084580234304;883.6172275860359;0.5134297968012962;0.35175659826739236;1.2910707716824628;1734.793671343541;749.7192282382696;77.84009673097543;110.2655243488196;9.009036707814282;43.962416204508735;0.3564320459433419;42.18481691366023;0.9048893171191186;1.2846734418863652;1532.011127531473;40.62743722360112;5.572479218498207;35.09442789832736
260;701.9155518366682;0.5314556063056894;501.4837864086675;0.4619396507668338;0.3419372354510845;1.0287235773691266;1263.9612207852667;578.7958600440022;79.00598730022598;94.42384972300411;8.982692204484566;36.777366714829114;0.3490055803108268;44.519150421749075;0.6674382635720565;1.3692553765919755;1134.7659200443807;38.47012993964245;5.908151882977013;34.59152296752047
261;240.31861475584705;0.479037293534892;145.44573535503085;0.5126831403020186;0.2660370562575312;1.1700215859548444;396.98749244275257;203.71542785479195;82.34301321019225;33.981226099974954;9.088946091865198;21.34671176405673;0.38583475311884413;42.853882112176684;0.7615785184291417;1.2858297963310215;347.16986783415217;41.24422099707353;5.956999875989915;31.99738850788325
262;404.6576532815181;0.4350396883430208;317.0842137413728;0.5545300967117157;0.23809706963526314;1.405239818446944;700.9869058681717;308.9036271304085;83.26726237711965;66.67139038593061;9.412398391869601;26.518040804401362;0.3566009869668895;44.60049382954745;0.5490005288503614;1.2645025095964704;608.3744120046861;36.47744611763085;5.834712091627095;25.122012758391445
263;653.2982942478294;0.5758657636710347;420.4915971270609;0.4269382667530053;0.29586420557731197;0.8272918783487039;1206.4021711700263;516.2358589213949;83.88216504347287;77.03513664265402;9.13092073407658;37.54141438739398;0.3816636910678635;41.999932927509725;0.7532519735164209;1.2322789716730584;1049.8495144683377;40.43302831510662;5.68098285427125;24.28427793224841
264;892.4697901278995;0.49212258970533257;894.9901363296791;0.5041375709878978;0.3577391559812109;1.2883461666109353;1824.3948212171138;684.1514286932085;82.23350181726197;128.62695332859923;8.299448781222532;57.4651291542427;0.38778593174651194;44.51245134655863;0.5634560875840381;1.054831255259865;1617.2919013458759;37.17812516730532;5.738337803282101;25.608455286266842
265;847.7726578957038;0.5257170964326352;746.6812745307715;0.47730899656433046;0.34869392707848235;1.1338108082633123;1472.065400124177;692.9025600391459;79.52667059775877;109.13290838509594;9.101456686198246;40.89212340102309;0.35168579533970146;44.678448558837815;0.6263677914051237;1.2640554024365878;1353.629893227198;38.013744604910656;5.7904093513491635;35.426323081376104
266;892.7417750981915;0.468009204275015;967.4991084509614;0.5300624393962343;0.3631387634701572;1.348863930323165;1821.7656463337194;680.4808653318889;78.30859139572635;135.77319901651364;8.425613901256474;53.64992881572679;0.38040472081542454;42.48738772266887;0.665592020922993;1.165758868423204;1561.6198454922462;39.47445533766672;5.63244239687249;33.28165063557809
267;862.2233658277049;0.501800463318974;788.4144066923012;0.4900762966954269;0.3147293048824737;1.184622644435524;1562.5673614020795;668.7217093530834;82.18327311496856;114.87901891622876;8.61906945735223;48.048356489032166;0.39468040020446155;46.16535950271996;0.5515464392413286;1.042097444108202;1411.3745347380243;37.87226392921373;5.767406411308932;24.283636976607585
268;934.4364593343827;0.5047498757437869;988.8072517658538;0.48983448269006663;0.35785689135236004;1.2054597040733555;1927.0816971519437;750.5211508721187;82.2780097571094;127.89290860276007;8.336532706702632;53.641469449584406;0.392729309890896;44.890497282234634;0.7012926468419508;1.0463230077715455;1690.885252925759;38.84039813692966;5.9614390303611655;24.693232293022803
269;691.2847304934991;0.5767301728010615;433.89528505176537;0.42649429867693733;0.34862742270225383;0.9450808957694777;1051.7791325870662;578.7006999543663;77.29213097509192;75.79601662850122;9.172475794391618;35.80349901727777;0.33596659551448954;41.972465273224124;1.0616597144689448;1.3038188066542076;963.188797041835;43.50291216761559;5.6909536929643645;43.469636670219515
270;869.2099867351183;0.5192042796291917;897.1734520521825;0.48539328578344076;0.35127396794386156;1.144939585527667;1723.1682097854962;677.0040909232129;81.7066906852535;124.74260572671945;8.23847388715398;53.61740988013782;0.39587098960813316;42.98566664733931;0.6909588471346165;1.1337134515360574;1528.7033954577141;37.83413188943606;6.18055046632525;28.18420911296349
271;430.8032945126729;0.6095097599624664;191.26930094691014;0.38509401756046685;0.2784856097215411;0.6989077852692809;583.9770494087875;366.9925234866558;80.59588283745127;41.88634937112719;9.800615292673621;26.608318007730436;0.37963046974521814;45.42061274542531;0.887359969950755;1.298613832178459;521.2672921342802;41.637858385218344;6.452346022369763;32.35634554269796
272;651.7515377038718;0.5016692622080507;412.6618537457396;0.4882586597752735;0.2468038957989175;1.156156411578876;1175.7184079532806;518.6925558577464;83.72237233565468;77.49419090381414;8.980121313787333;40.83931143231392;0.3482708744126811;45.69108937644607;0.6951103144430488;1.3183471407734852;1013.0869922961217;39.393040126073174;6.216175397768136;20.76886697708282
273;738.777791446659;0.5341257512015112;532.3252000341337;0.4676164857499976;0.3693223038938341;1.0952456783094981;1241.1628608811118;629.5073543956939;75.77838657934527;95.30674552033119;8.858184303803444;46.22225398429239;0.3799475970985218;44.19778735365752;0.8027416947347664;1.2535156267253338;1100.9356924108563;38.90831923057642;6.075078165639703;41.74214252495111
274;282.9642835971855;0.4681486351759968;251.93039424764874;0.5315526171510891;0.27807061028415264;1.2716879114740423;510.6737584468339;205.5455921226504;82.60016255184034;51.66263109514023;9.28748247567317;32.195378358255404;0.38674323308284836;44.791138953628725;0.9049507456513325;1.2850493717794986;448.9136045769089;41.396019178251606;6.584090875528358;27.974273891421223
275;614.2313470669299;0.5690732027435738;368.7645358799036;0.4263479458250871;0.33064948439194275;0.9110936609844131;1156.7289962721086;522.392675424979;79.53037832325738;72.17948063017312;9.281301926691977;38.57994236434537;0.39016072748342084;44.59623084334204;0.5032838668944847;1.2795305070949496;1051.9438690176298;32.58784512022947;7.5335849958520615;33.778829357390684
276;975.159259864147;0.6111955899508082;744.0632128463587;0.39024423347579046;0.43074477681965645;0.7736710914080378;1563.544472793712;742.9443657498535;75.17175709234621;144.94425246389355;9.093413816856375;59.66681602360351;0.4056372186863542;43.80569716778221;0.5700575214781145;1.187726483309958;1321.7608389448608;35.250454305830516;6.434301687118093;47.06750056456843
277;752.3131546466417;0.4762131917916;428.84079704801485;0.5249237343760446;0.3071407301668927;1.2959287733080775;1393.4658290803916;629.0644053786978;83.76910920947451;105.49073253135987;8.545276350589235;46.659166228175565;0.3597958673290838;41.67921210716887;0.8805223135901072;1.3124716631009825;1206.539663738123;43.15432437836207;6.023523668694608;23.293028015350597
278;431.625887507973;0.6144612774322544;218.2354140286674;0.38724937094795375;0.3105530449496206;0.7230203209947516;646.6205858816016;367.6032500423554;78.02155987811052;39.87024384408117;9.188492196351595;26.825375128658283;0.39685248603611906;45.06615609057214;0.7158107956048531;1.2525497345752952;573.3013163050991;39.45716279191212;7.091600642065077;36.780329891944724
279;622.5184860866233;0.4882066323216496;298.565025003157;0.5083404203865699;0.2777380768500868;1.2302044192541604;882.6575136792318;504.95353459829965;82.34809516890572;80.83406690805789;8.899864865924126;41.94206584670432;0.35623723965355497;43.78010429745081;0.8071083655797683;1.5493416580085995;782.33084337111;42.59624648455964;6.3897836333884;29.48651303501349
280;695.7276064117888;0.5141107749392321;471.85254272294725;0.48227100887512553;0.3402826498226829;1.118606991295562;1206.0822242471038;579.9910794803816;76.89839368728649;96.07109820829454;9.183865939089534;43.296534514948;0.3684470149700478;42.758394987076294;0.9296346074326464;1.3357203117009335;1043.9632429781707;41.738447663364795;6.272290438264358;38.10142730322159
281;509.5919631740004;0.4626002816922162;367.6062217561176;0.5338481790651659;0.311160401861836;1.3366243798562747;772.683205818284;419.8835738525616;81.64079527368452;71.07779304676266;9.06280928181239;31.02716416293915;0.3511884472609797;44.23747180925622;0.8865590661355072;1.3501204752182618;663.1920783485025;40.09240221383938;6.270296369088384;34.078972738277784
282;433.5808989417213;0.5954070707071114;240.9138653839675;0.40274875470954835;0.32341407465796806;0.765981262413069;618.9288092446396;372.86109587454143;74.13994669834095;62.343230770956495;9.310317515714656;35.16812083350141;0.3639878512140226;43.52776316804114;0.9329190645315282;1.2629242357569004;575.4860465950977;43.174356498023;6.515056970763998;44.16694346300022
283;564.3089551429769;0.5025709743420977;575.4976394463325;0.49837473616180183;0.3064319012249599;1.2285866229744762;969.8397553639458;465.4951169192539;80.17401462722952;78.25162523902308;9.511127307832856;33.37671871455471;0.3796676590391276;45.50724481400054;0.8204155886413138;1.2299211252438256;853.4683566423995;37.655940795281;6.220111624672261;30.979718725919195
284;666.3054148645051;0.49763696207996083;738.4741791198112;0.4964222179760916;0.326056974352736;1.2666354598006244;1303.383246254607;554.9524416579992;79.66212094715901;96.18769010573682;9.002436589202974;40.83205638873505;0.36448206295423136;42.66132640619751;0.6143426074687186;1.2240102102401593;1174.0661295334912;37.37542714829492;6.178451069432146;35.246818244395065
285;483.8019594526501;0.45810261409998737;374.4966161291775;0.5313191017066538;0.24620868781493863;1.3253613887957216;873.11960400216;383.26899963895386;81.55857677831168;72.11981102847977;8.748507400765932;33.82729004208253;0.32779307542450803;43.806280586000575;0.8189998686457018;1.5073996780672523;760.7062480823535;42.38066204049984;6.044964481576429;25.85407821171883
286;607.4255599165095;0.46477631772878353;679.8621760744163;0.5313281144669131;0.24610188177651407;1.3337291241278264;1078.5460044753775;482.643606624856;82.7578237623677;75.6638821170471;9.301242648166133;42.66224752866108;0.35205436813883495;45.66405069986506;0.9009401378317793;1.3027434807461205;935.8254367299841;39.29735764206488;6.352144762242361;20.29751527833147
287;554.8351494421125;0.6203313877370727;313.70928728356495;0.3854161242065582;0.31234881610338217;0.6884198135964414;900.0999096100059;458.11831751628523;77.47110274562094;48.01626333805162;9.502701698459665;29.015397483284342;0.3737663263604605;38.76678502400712;1.0873671545702834;1.28794878469921;832.9746602431766;44.684296844991174;5.425014388287933;38.06388481929887
288;478.5492340055912;0.6258315022271774;207.78208270589246;0.3762200899300132;0.25668796791603404;0.668589802671446;606.474276621312;419.7615338960611;83.56404301288761;41.173546343670644;10.165799808096166;27.422812365368305;0.3882643800113108;44.5843909662365;0.6931870037382225;1.3595840135754447;540.6058406971378;40.72930390276143;5.70593021483047;26.673407496339305
289;818.209813818627;0.514181399549887;669.8092323677155;0.48845185851967693;0.35302987059855695;1.1201474892282173;1238.4607122402276;642.4158504298688;79.43276735630772;96.26419542774963;9.020908595064384;50.66539932355207;0.33649245542289496;43.215637578375734;0.7783753683143628;1.514572096859011;1077.980626427986;41.00391975232805;5.334296511437904;37.86683481282827
290;600.1995472006839;0.6012863802066226;405.2491415899648;0.40277997522244907;0.36695599558536623;0.7482418655968824;967.4405088517335;551.4550916712014;74.94229454966356;71.96216250295625;9.579171019572108;42.121619334932916;0.3549480646134822;42.7964609319862;0.8676110727649752;1.602887472643261;850.4524193118195;42.23275843523187;5.097869245849606;46.82800149586798
291;403.6239326460692;0.5173338796055897;218.45786790286687;0.4799976166949559;0.2659940645634915;1.0446881409221904;606.0069060815358;322.64979981728567;83.44861889971544;37.35140314980252;9.988587822797063;28.502015536154072;0.34737478380486797;42.22199062620849;0.7020376441471867;1.4250166173198588;548.8816077674618;40.271990142293944;5.7382853158619245;29.61927725613973
292;684.8918736899569;0.5166554653746787;366.5973931867932;0.4836855492226134;0.27420704185301414;1.066366507330576;1102.974363046459;520.184727584634;82.48843915463574;83.46345498281876;9.198726676320227;54.00466494239403;0.3939693195257243;44.908777080792;0.6636025848141182;1.2434712912693546;939.8579386590363;38.26435125341277;5.651199865461664;24.887256748666815
293;653.9745527640869;0.5418840863782293;350.79930718700354;0.45873323223298107;0.26202625953428366;0.9713467261273294;923.3053134313432;514.0623511874004;83.78660292674587;61.8861019872493;10.06120048718386;44.122371363922085;0.3728978569870075;41.720936857027084;0.7114205481163325;1.2819996322654807;837.2096458669268;40.81769017047024;5.5851587377251;24.645712089330736
294;620.9081353957721;0.5361180246701893;420.74052868866085;0.46420033886368184;0.2529791002071026;1.0628359546990775;934.0273967340479;473.0611433763712;81.46050593935564;69.5146649695653;9.729606455326486;38.12622637678486;0.39847493348384566;43.175186984934;0.8488547545143806;1.1033510557615482;822.5084060214929;42.37064931399829;5.841962707958626;25.91464175803855
295;409.5330670224666;0.5961204864454689;223.93759334824935;0.40200633679990083;0.295563346126416;0.7398849393403241;640.7665093952402;336.8528975794601;79.53965504601354;41.37384026131018;9.406351624518251;35.769962660313794;0.37056174481162785;43.788604821860794;0.7184336242099991;1.2926842195660293;578.6844289823873;39.3722309406855;5.958448514290315;33.50004113005169
296;330.38520367900264;0.5654472336069876;177.6823723533322;0.4323137184742291;0.2525638655257616;0.8588553024061784;616.5104270912987;292.8767477384251;81.93583575323791;32.67094692474817;9.618067952903008;26.1465284790459;0.3565630477347769;43.69658044585211;0.6658628908412426;1.4618248542050154;542.1130150410288;40.254817928649636;6.101555054819979;30.92210143765833
297;672.400795204608;0.4891842898107289;569.6176941813778;0.5081413014753282;0.26487068529187097;1.2217482998639733;992.1810960063943;539.6406143339079;83.84564910106236;75.12546949547183;9.481429951881829;39.832614217703586;0.3376983180608801;46.11544201692828;0.5572419003749128;1.427420798691026;906.2116587657922;36.52771677100145;5.9649404721597525;22.269692547634534
298;373.5695404898326;0.5309588321435693;219.21116087563374;0.4717849905034223;0.21482696509850813;1.0073267340107068;627.9217232601364;289.1101265185299;84.5237079003406;53.10302509539921;9.453041308712272;25.974932551875696;0.41754141896123775;43.60165800638338;0.7731709936775796;1.1422095421121405;568.1587766415938;39.93508322784021;5.946579309514314;20.50973041153313
299;755.7418203538482;0.5435120603288233;439.82360213971174;0.45427824274182965;0.33372789357173155;0.9896417202043287;1436.8421367992844;649.7072935510572;78.56696569710172;86.68513962882247;9.060480055573736;42.99031289118812;0.3582277332921267;41.634063990314935;0.9067396638473463;1.2995517430371273;1264.573941725428;41.951750880979745;5.363985070991266;36.35009705766884
300;540.8131917677753;0.5427449714230423;332.46320109807124;0.45763786355188846;0.28820596654311875;0.9646184088407933;867.6412610744329;434.69946837712746;80.57592698347189;65.33560145162438;9.2892740636482;34.35738326412925;0.3864884483884283;44.280372250255596;0.7804903737256194;1.2421528032545845;796.1924475839537;38.13156183070384;5.680736455363107;27.645624343809065
301;774.9021111027178;0.6096430817679864;414.889069054526;0.3908530983478414;0.38018928206244146;0.720430805929026;1255.9326500065758;690.9502321609406;76.78573322945769;75.13161595199308;9.061228897938772;34.32463778763063;0.35341725380284966;42.32799329159193;0.9707932839724831;1.3276315859415495;1122.9875509984736;42.32293850281262;5.211094009164941;43.767526693658645
302;233.40461478800762;0.524284157917123;117.08117951509811;0.46997103035267596;0.29694817957862263;1.097896266203254;340.3691535227118;162.98391801118;79.51772623829359;26.57813993428067;10.441989376661201;17.930357546688434;0.37579573252194387;40.22551214994843;0.7728975851815998;1.3850549077498227;307.69970382426544;40.777771682024664;5.351945790093659;39.15016497400006
303;515.5045363675241;0.616894521428762;270.9730687084756;0.37604733515798766;0.3259503916967455;0.68221210450231;774.8573296890054;462.8890499946825;79.43261566800513;39.58138456676093;10.362502151336896;24.153959851057362;0.39575644800751186;43.87896172934024;0.7888973414277959;1.3862379575521735;734.8279007337203;40.21636836620655;5.994488631851604;39.821646007278545
304;380.1685484594952;0.47486120259394543;287.94949085820775;0.5225150531112093;0.2700814411626922;1.1994589014392179;810.6562431439718;298.90478575231276;83.9300796492441;47.73720441406413;9.60738709081245;25.207084985687345;0.37376558083080874;41.973710073300346;0.6843223014660688;1.3320609131683927;741.3556975637142;40.10693701058665;5.839958107528186;25.267634369114006
305;653.6984812119396;0.5552801277995048;369.8080827149635;0.44674677519221734;0.3147467773400443;0.9139285110193694;875.182557747089;557.0771051952295;81.87097411555321;75.23138609915155;9.29905009492317;33.01256415155119;0.3810825978247346;43.854160690968165;0.7859857376633411;1.262246275883344;799.9984664139579;40.6687079616569;5.700111196732666;29.726155636386782
306;257.9036833895673;0.637012469420478;105.20867524644196;0.3648580074009648;0.2541503491924388;0.6249455898161158;337.9173955407073;210.17461950964616;82.30683958289848;24.795804382219288;10.283267825684936;17.20878638244706;0.39361767321924535;41.574995960119246;0.8726387736723253;1.1852488516211621;302.9745074671308;42.375411124477296;5.979000557920062;34.18249934878606
